2026-09-25 22:47:40.744 | WARNING  | plugrl_env_client.envs:_load_env_modules:27 - Skip loading env module plugrl_env_client.envs.classic.classic_env: pygame is not installed. Please install it with pip install "plugrl-env-client[classic]".
2026-09-25 22:47:40.750 | WARNING  | plugrl_env_client.envs:_load_env_modules:27 - Skip loading env module plugrl_env_client.envs.robomimic.robomimic_env: Robomimic is not installed. Please install it with the 'robomimic' extra, e.g. 'pip install plugrl-env-client[robomimic]'
Gym has been unmaintained since 2022 and does not support NumPy 2.0 amongst other critical functionality.
Please upgrade to Gymnasium, the maintained drop-in replacement of Gym, or contact the authors of your software and request that they upgrade.
Users of this version of Gym should be able to simply replace 'import gym' with 'import gymnasium as gym' in the vast majority of cases.
See the migration guide at https://gymnasium.farama.org/introduction/migration_guide/ for additional information.
2026-09-25 22:47:40.843 | WARNING  | plugrl_env_client.envs:_load_env_modules:27 - Skip loading env module plugrl_env_client.envs.d4rl.d4rl_env: d4rl is not installed. Please install it with pip install "plugrl-env-client[d4rl]".
[robosuite WARNING] No private macro file found! (macros.py:53)
[robosuite WARNING] It is recommended to use a private macro file (macros.py:54)
[robosuite WARNING] To setup, run: python /home/gotham/tmp/plugrl/venv-libero/lib/python3.11/site-packages/robosuite/scripts/setup_macros.py (macros.py:55)
2026-09-25 22:47:44.244 | WARNING  | plugrl_env_client.envs:_load_env_modules:27 - Skip loading env module plugrl_env_client.envs.atari.atari_env: Atari is not installed. Please install it with the 'atari' extra, e.g. 'pip install plugrl-env-client[atari]'
2026-09-25 22:47:44.380 | INFO     | __main__:main:83 - Starting env client exp_name=dppo-libero output_dir=runs/dppo-libero recorder={'episode_freq': 0, 'thread0_only': True, 'record_video': False, 'video_fps': 30.0, 'record_full_rollout': False, 'record_obs_stats': True, 'record_episode_metrics': True, 'metric_window': 100}
2026-09-25 22:47:44.974 | WARNING  | plugrl_env_client.envs:_load_env_modules:27 - Skip loading env module plugrl_env_client.envs.classic.classic_env: pygame is not installed. Please install it with pip install "plugrl-env-client[classic]".
2026-09-25 22:47:44.979 | WARNING  | plugrl_env_client.envs:_load_env_modules:27 - Skip loading env module plugrl_env_client.envs.classic.classic_env: pygame is not installed. Please install it with pip install "plugrl-env-client[classic]".
2026-09-25 22:47:44.980 | WARNING  | plugrl_env_client.envs:_load_env_modules:27 - Skip loading env module plugrl_env_client.envs.robomimic.robomimic_env: Robomimic is not installed. Please install it with the 'robomimic' extra, e.g. 'pip install plugrl-env-client[robomimic]'
2026-09-25 22:47:44.985 | WARNING  | plugrl_env_client.envs:_load_env_modules:27 - Skip loading env module plugrl_env_client.envs.robomimic.robomimic_env: Robomimic is not installed. Please install it with the 'robomimic' extra, e.g. 'pip install plugrl-env-client[robomimic]'
2026-09-25 22:47:44.989 | WARNING  | plugrl_env_client.envs:_load_env_modules:27 - Skip loading env module plugrl_env_client.envs.classic.classic_env: pygame is not installed. Please install it with pip install "plugrl-env-client[classic]".
2026-09-25 22:47:44.995 | WARNING  | plugrl_env_client.envs:_load_env_modules:27 - Skip loading env module plugrl_env_client.envs.robomimic.robomimic_env: Robomimic is not installed. Please install it with the 'robomimic' extra, e.g. 'pip install plugrl-env-client[robomimic]'
2026-09-25 22:47:44.997 | WARNING  | plugrl_env_client.envs:_load_env_modules:27 - Skip loading env module plugrl_env_client.envs.classic.classic_env: pygame is not installed. Please install it with pip install "plugrl-env-client[classic]".
2026-09-25 22:47:45.003 | WARNING  | plugrl_env_client.envs:_load_env_modules:27 - Skip loading env module plugrl_env_client.envs.robomimic.robomimic_env: Robomimic is not installed. Please install it with the 'robomimic' extra, e.g. 'pip install plugrl-env-client[robomimic]'
2026-09-25 22:47:45.016 | WARNING  | plugrl_env_client.envs:_load_env_modules:27 - Skip loading env module plugrl_env_client.envs.classic.classic_env: pygame is not installed. Please install it with pip install "plugrl-env-client[classic]".
2026-09-25 22:47:45.019 | WARNING  | plugrl_env_client.envs:_load_env_modules:27 - Skip loading env module plugrl_env_client.envs.classic.classic_env: pygame is not installed. Please install it with pip install "plugrl-env-client[classic]".
2026-09-25 22:47:45.022 | WARNING  | plugrl_env_client.envs:_load_env_modules:27 - Skip loading env module plugrl_env_client.envs.robomimic.robomimic_env: Robomimic is not installed. Please install it with the 'robomimic' extra, e.g. 'pip install plugrl-env-client[robomimic]'
2026-09-25 22:47:45.024 | WARNING  | plugrl_env_client.envs:_load_env_modules:27 - Skip loading env module plugrl_env_client.envs.robomimic.robomimic_env: Robomimic is not installed. Please install it with the 'robomimic' extra, e.g. 'pip install plugrl-env-client[robomimic]'
2026-09-25 22:47:45.034 | WARNING  | plugrl_env_client.envs:_load_env_modules:27 - Skip loading env module plugrl_env_client.envs.classic.classic_env: pygame is not installed. Please install it with pip install "plugrl-env-client[classic]".
2026-09-25 22:47:45.039 | WARNING  | plugrl_env_client.envs:_load_env_modules:27 - Skip loading env module plugrl_env_client.envs.robomimic.robomimic_env: Robomimic is not installed. Please install it with the 'robomimic' extra, e.g. 'pip install plugrl-env-client[robomimic]'
2026-09-25 22:47:45.047 | WARNING  | plugrl_env_client.envs:_load_env_modules:27 - Skip loading env module plugrl_env_client.envs.classic.classic_env: pygame is not installed. Please install it with pip install "plugrl-env-client[classic]".
2026-09-25 22:47:45.049 | WARNING  | plugrl_env_client.envs:_load_env_modules:27 - Skip loading env module plugrl_env_client.envs.classic.classic_env: pygame is not installed. Please install it with pip install "plugrl-env-client[classic]".
2026-09-25 22:47:45.053 | WARNING  | plugrl_env_client.envs:_load_env_modules:27 - Skip loading env module plugrl_env_client.envs.robomimic.robomimic_env: Robomimic is not installed. Please install it with the 'robomimic' extra, e.g. 'pip install plugrl-env-client[robomimic]'
2026-09-25 22:47:45.054 | WARNING  | plugrl_env_client.envs:_load_env_modules:27 - Skip loading env module plugrl_env_client.envs.robomimic.robomimic_env: Robomimic is not installed. Please install it with the 'robomimic' extra, e.g. 'pip install plugrl-env-client[robomimic]'
2026-09-25 22:47:45.079 | WARNING  | plugrl_env_client.envs:_load_env_modules:27 - Skip loading env module plugrl_env_client.envs.classic.classic_env: pygame is not installed. Please install it with pip install "plugrl-env-client[classic]".
2026-09-25 22:47:45.083 | WARNING  | plugrl_env_client.envs:_load_env_modules:27 - Skip loading env module plugrl_env_client.envs.robomimic.robomimic_env: Robomimic is not installed. Please install it with the 'robomimic' extra, e.g. 'pip install plugrl-env-client[robomimic]'
Gym has been unmaintained since 2022 and does not support NumPy 2.0 amongst other critical functionality.
Please upgrade to Gymnasium, the maintained drop-in replacement of Gym, or contact the authors of your software and request that they upgrade.
Users of this version of Gym should be able to simply replace 'import gym' with 'import gymnasium as gym' in the vast majority of cases.
See the migration guide at https://gymnasium.farama.org/introduction/migration_guide/ for additional information.
2026-09-25 22:47:45.099 | WARNING  | plugrl_env_client.envs:_load_env_modules:27 - Skip loading env module plugrl_env_client.envs.d4rl.d4rl_env: d4rl is not installed. Please install it with pip install "plugrl-env-client[d4rl]".
Gym has been unmaintained since 2022 and does not support NumPy 2.0 amongst other critical functionality.
Please upgrade to Gymnasium, the maintained drop-in replacement of Gym, or contact the authors of your software and request that they upgrade.
Users of this version of Gym should be able to simply replace 'import gym' with 'import gymnasium as gym' in the vast majority of cases.
See the migration guide at https://gymnasium.farama.org/introduction/migration_guide/ for additional information.
2026-09-25 22:47:45.113 | WARNING  | plugrl_env_client.envs:_load_env_modules:27 - Skip loading env module plugrl_env_client.envs.d4rl.d4rl_env: d4rl is not installed. Please install it with pip install "plugrl-env-client[d4rl]".
Gym has been unmaintained since 2022 and does not support NumPy 2.0 amongst other critical functionality.
Please upgrade to Gymnasium, the maintained drop-in replacement of Gym, or contact the authors of your software and request that they upgrade.
Users of this version of Gym should be able to simply replace 'import gym' with 'import gymnasium as gym' in the vast majority of cases.
See the migration guide at https://gymnasium.farama.org/introduction/migration_guide/ for additional information.
2026-09-25 22:47:45.114 | WARNING  | plugrl_env_client.envs:_load_env_modules:27 - Skip loading env module plugrl_env_client.envs.d4rl.d4rl_env: d4rl is not installed. Please install it with pip install "plugrl-env-client[d4rl]".
Gym has been unmaintained since 2022 and does not support NumPy 2.0 amongst other critical functionality.
Please upgrade to Gymnasium, the maintained drop-in replacement of Gym, or contact the authors of your software and request that they upgrade.
Users of this version of Gym should be able to simply replace 'import gym' with 'import gymnasium as gym' in the vast majority of cases.
See the migration guide at https://gymnasium.farama.org/introduction/migration_guide/ for additional information.
2026-09-25 22:47:45.125 | WARNING  | plugrl_env_client.envs:_load_env_modules:27 - Skip loading env module plugrl_env_client.envs.d4rl.d4rl_env: d4rl is not installed. Please install it with pip install "plugrl-env-client[d4rl]".
Gym has been unmaintained since 2022 and does not support NumPy 2.0 amongst other critical functionality.
Please upgrade to Gymnasium, the maintained drop-in replacement of Gym, or contact the authors of your software and request that they upgrade.
Users of this version of Gym should be able to simply replace 'import gym' with 'import gymnasium as gym' in the vast majority of cases.
See the migration guide at https://gymnasium.farama.org/introduction/migration_guide/ for additional information.
2026-09-25 22:47:45.128 | WARNING  | plugrl_env_client.envs:_load_env_modules:27 - Skip loading env module plugrl_env_client.envs.d4rl.d4rl_env: d4rl is not installed. Please install it with pip install "plugrl-env-client[d4rl]".
Gym has been unmaintained since 2022 and does not support NumPy 2.0 amongst other critical functionality.
Please upgrade to Gymnasium, the maintained drop-in replacement of Gym, or contact the authors of your software and request that they upgrade.
Users of this version of Gym should be able to simply replace 'import gym' with 'import gymnasium as gym' in the vast majority of cases.
See the migration guide at https://gymnasium.farama.org/introduction/migration_guide/ for additional information.
2026-09-25 22:47:45.130 | WARNING  | plugrl_env_client.envs:_load_env_modules:27 - Skip loading env module plugrl_env_client.envs.d4rl.d4rl_env: d4rl is not installed. Please install it with pip install "plugrl-env-client[d4rl]".
Gym has been unmaintained since 2022 and does not support NumPy 2.0 amongst other critical functionality.
Please upgrade to Gymnasium, the maintained drop-in replacement of Gym, or contact the authors of your software and request that they upgrade.
Users of this version of Gym should be able to simply replace 'import gym' with 'import gymnasium as gym' in the vast majority of cases.
See the migration guide at https://gymnasium.farama.org/introduction/migration_guide/ for additional information.
2026-09-25 22:47:45.151 | WARNING  | plugrl_env_client.envs:_load_env_modules:27 - Skip loading env module plugrl_env_client.envs.d4rl.d4rl_env: d4rl is not installed. Please install it with pip install "plugrl-env-client[d4rl]".
Gym has been unmaintained since 2022 and does not support NumPy 2.0 amongst other critical functionality.
Please upgrade to Gymnasium, the maintained drop-in replacement of Gym, or contact the authors of your software and request that they upgrade.
Users of this version of Gym should be able to simply replace 'import gym' with 'import gymnasium as gym' in the vast majority of cases.
See the migration guide at https://gymnasium.farama.org/introduction/migration_guide/ for additional information.
2026-09-25 22:47:45.171 | WARNING  | plugrl_env_client.envs:_load_env_modules:27 - Skip loading env module plugrl_env_client.envs.d4rl.d4rl_env: d4rl is not installed. Please install it with pip install "plugrl-env-client[d4rl]".
Gym has been unmaintained since 2022 and does not support NumPy 2.0 amongst other critical functionality.
Please upgrade to Gymnasium, the maintained drop-in replacement of Gym, or contact the authors of your software and request that they upgrade.
Users of this version of Gym should be able to simply replace 'import gym' with 'import gymnasium as gym' in the vast majority of cases.
See the migration guide at https://gymnasium.farama.org/introduction/migration_guide/ for additional information.
2026-09-25 22:47:45.173 | WARNING  | plugrl_env_client.envs:_load_env_modules:27 - Skip loading env module plugrl_env_client.envs.d4rl.d4rl_env: d4rl is not installed. Please install it with pip install "plugrl-env-client[d4rl]".
Gym has been unmaintained since 2022 and does not support NumPy 2.0 amongst other critical functionality.
Please upgrade to Gymnasium, the maintained drop-in replacement of Gym, or contact the authors of your software and request that they upgrade.
Users of this version of Gym should be able to simply replace 'import gym' with 'import gymnasium as gym' in the vast majority of cases.
See the migration guide at https://gymnasium.farama.org/introduction/migration_guide/ for additional information.
2026-09-25 22:47:45.175 | WARNING  | plugrl_env_client.envs:_load_env_modules:27 - Skip loading env module plugrl_env_client.envs.d4rl.d4rl_env: d4rl is not installed. Please install it with pip install "plugrl-env-client[d4rl]".
[robosuite WARNING] No private macro file found! (macros.py:53)
[robosuite WARNING] It is recommended to use a private macro file (macros.py:54)
[robosuite WARNING] To setup, run: python /home/gotham/tmp/plugrl/venv-libero/lib/python3.11/site-packages/robosuite/scripts/setup_macros.py (macros.py:55)
[robosuite WARNING] No private macro file found! (macros.py:53)
[robosuite WARNING] It is recommended to use a private macro file (macros.py:54)
[robosuite WARNING] To setup, run: python /home/gotham/tmp/plugrl/venv-libero/lib/python3.11/site-packages/robosuite/scripts/setup_macros.py (macros.py:55)
[robosuite WARNING] No private macro file found! (macros.py:53)
[robosuite WARNING] It is recommended to use a private macro file (macros.py:54)
[robosuite WARNING] To setup, run: python /home/gotham/tmp/plugrl/venv-libero/lib/python3.11/site-packages/robosuite/scripts/setup_macros.py (macros.py:55)
[robosuite WARNING] No private macro file found! (macros.py:53)
[robosuite WARNING] It is recommended to use a private macro file (macros.py:54)
[robosuite WARNING] To setup, run: python /home/gotham/tmp/plugrl/venv-libero/lib/python3.11/site-packages/robosuite/scripts/setup_macros.py (macros.py:55)
[robosuite WARNING] No private macro file found! (macros.py:53)
[robosuite WARNING] It is recommended to use a private macro file (macros.py:54)
[robosuite WARNING] To setup, run: python /home/gotham/tmp/plugrl/venv-libero/lib/python3.11/site-packages/robosuite/scripts/setup_macros.py (macros.py:55)
[robosuite WARNING] No private macro file found! (macros.py:53)
[robosuite WARNING] It is recommended to use a private macro file (macros.py:54)
[robosuite WARNING] To setup, run: python /home/gotham/tmp/plugrl/venv-libero/lib/python3.11/site-packages/robosuite/scripts/setup_macros.py (macros.py:55)
[robosuite WARNING] No private macro file found! (macros.py:53)
[robosuite WARNING] It is recommended to use a private macro file (macros.py:54)
[robosuite WARNING] To setup, run: python /home/gotham/tmp/plugrl/venv-libero/lib/python3.11/site-packages/robosuite/scripts/setup_macros.py (macros.py:55)
[robosuite WARNING] No private macro file found! (macros.py:53)
[robosuite WARNING] It is recommended to use a private macro file (macros.py:54)
[robosuite WARNING] To setup, run: python /home/gotham/tmp/plugrl/venv-libero/lib/python3.11/site-packages/robosuite/scripts/setup_macros.py (macros.py:55)
[robosuite WARNING] No private macro file found! (macros.py:53)
[robosuite WARNING] It is recommended to use a private macro file (macros.py:54)
[robosuite WARNING] To setup, run: python /home/gotham/tmp/plugrl/venv-libero/lib/python3.11/site-packages/robosuite/scripts/setup_macros.py (macros.py:55)
[robosuite WARNING] No private macro file found! (macros.py:53)
[robosuite WARNING] It is recommended to use a private macro file (macros.py:54)
[robosuite WARNING] To setup, run: python /home/gotham/tmp/plugrl/venv-libero/lib/python3.11/site-packages/robosuite/scripts/setup_macros.py (macros.py:55)
2026-09-25 22:47:48.717 | WARNING  | plugrl_env_client.envs:_load_env_modules:27 - Skip loading env module plugrl_env_client.envs.atari.atari_env: Atari is not installed. Please install it with the 'atari' extra, e.g. 'pip install plugrl-env-client[atari]'
2026-09-25 22:47:48.740 | WARNING  | plugrl_env_client.envs:_load_env_modules:27 - Skip loading env module plugrl_env_client.envs.atari.atari_env: Atari is not installed. Please install it with the 'atari' extra, e.g. 'pip install plugrl-env-client[atari]'
2026-09-25 22:47:48.748 | WARNING  | plugrl_env_client.envs:_load_env_modules:27 - Skip loading env module plugrl_env_client.envs.atari.atari_env: Atari is not installed. Please install it with the 'atari' extra, e.g. 'pip install plugrl-env-client[atari]'
2026-09-25 22:47:48.941 | WARNING  | plugrl_env_client.envs:_load_env_modules:27 - Skip loading env module plugrl_env_client.envs.atari.atari_env: Atari is not installed. Please install it with the 'atari' extra, e.g. 'pip install plugrl-env-client[atari]'
2026-09-25 22:47:48.950 | WARNING  | plugrl_env_client.envs:_load_env_modules:27 - Skip loading env module plugrl_env_client.envs.atari.atari_env: Atari is not installed. Please install it with the 'atari' extra, e.g. 'pip install plugrl-env-client[atari]'
2026-09-25 22:47:49.023 | WARNING  | plugrl_env_client.envs:_load_env_modules:27 - Skip loading env module plugrl_env_client.envs.atari.atari_env: Atari is not installed. Please install it with the 'atari' extra, e.g. 'pip install plugrl-env-client[atari]'
2026-09-25 22:47:49.193 | WARNING  | plugrl_env_client.envs:_load_env_modules:27 - Skip loading env module plugrl_env_client.envs.atari.atari_env: Atari is not installed. Please install it with the 'atari' extra, e.g. 'pip install plugrl-env-client[atari]'
2026-09-25 22:47:49.243 | WARNING  | plugrl_env_client.envs:_load_env_modules:27 - Skip loading env module plugrl_env_client.envs.atari.atari_env: Atari is not installed. Please install it with the 'atari' extra, e.g. 'pip install plugrl-env-client[atari]'
2026-09-25 22:47:49.365 | WARNING  | plugrl_env_client.envs:_load_env_modules:27 - Skip loading env module plugrl_env_client.envs.atari.atari_env: Atari is not installed. Please install it with the 'atari' extra, e.g. 'pip install plugrl-env-client[atari]'
2026-09-25 22:47:49.413 | WARNING  | plugrl_env_client.envs:_load_env_modules:27 - Skip loading env module plugrl_env_client.envs.atari.atari_env: Atari is not installed. Please install it with the 'atari' extra, e.g. 'pip install plugrl-env-client[atari]'
2026-09-25 22:47:53.019 | INFO     | plugrl_env_client.agent.websocket_env_client_agent:_wait_for_server:67 - Waiting for server at ws://127.0.0.1:8590...
/home/gotham/tmp/plugrl/plugrl-env-client/src/plugrl_env_client/agent/websocket_env_client_agent.py:83: DeprecationWarning: connect() must be used as a context manager: with connect(...) as websocket: ...; alternatively, use websocket = connect(..., legacy=True) to connect directly
  metadata_msg = msgpack_numpy.unpackb(conn.recv())
2026-09-25 22:47:53.059 | INFO     | plugrl_env_client.runner.run:report_server_metadata:56 - Server metadata: {'protocol_version': 1, 'server': 'plugrl-server', 'server_version': '0.1.0', 'algorithm': 'DPPOAlgorithm', 'policy': 'Pi0Policy', 'action_dim': 32, 'action_horizon': 10}
2026-09-25 22:47:53.568 | INFO     | plugrl_env_client.agent.websocket_env_client_agent:_wait_for_server:67 - Waiting for server at ws://127.0.0.1:8590...
/home/gotham/tmp/plugrl/plugrl-env-client/src/plugrl_env_client/agent/websocket_env_client_agent.py:83: DeprecationWarning: connect() must be used as a context manager: with connect(...) as websocket: ...; alternatively, use websocket = connect(..., legacy=True) to connect directly
  metadata_msg = msgpack_numpy.unpackb(conn.recv())
2026-09-25 22:47:53.572 | INFO     | plugrl_env_client.runner.run:report_server_metadata:56 - Server metadata: {'protocol_version': 1, 'server': 'plugrl-server', 'server_version': '0.1.0', 'algorithm': 'DPPOAlgorithm', 'policy': 'Pi0Policy', 'action_dim': 32, 'action_horizon': 10}
2026-09-25 22:47:53.603 | INFO     | plugrl_env_client.agent.websocket_env_client_agent:_wait_for_server:67 - Waiting for server at ws://127.0.0.1:8590...
/home/gotham/tmp/plugrl/plugrl-env-client/src/plugrl_env_client/agent/websocket_env_client_agent.py:83: DeprecationWarning: connect() must be used as a context manager: with connect(...) as websocket: ...; alternatively, use websocket = connect(..., legacy=True) to connect directly
  metadata_msg = msgpack_numpy.unpackb(conn.recv())
2026-09-25 22:47:53.608 | INFO     | plugrl_env_client.runner.run:report_server_metadata:56 - Server metadata: {'protocol_version': 1, 'server': 'plugrl-server', 'server_version': '0.1.0', 'algorithm': 'DPPOAlgorithm', 'policy': 'Pi0Policy', 'action_dim': 32, 'action_horizon': 10}
2026-09-25 22:47:53.711 | INFO     | plugrl_env_client.agent.websocket_env_client_agent:_wait_for_server:67 - Waiting for server at ws://127.0.0.1:8590...
/home/gotham/tmp/plugrl/plugrl-env-client/src/plugrl_env_client/agent/websocket_env_client_agent.py:83: DeprecationWarning: connect() must be used as a context manager: with connect(...) as websocket: ...; alternatively, use websocket = connect(..., legacy=True) to connect directly
  metadata_msg = msgpack_numpy.unpackb(conn.recv())
2026-09-25 22:47:53.721 | INFO     | plugrl_env_client.runner.run:report_server_metadata:56 - Server metadata: {'protocol_version': 1, 'server': 'plugrl-server', 'server_version': '0.1.0', 'algorithm': 'DPPOAlgorithm', 'policy': 'Pi0Policy', 'action_dim': 32, 'action_horizon': 10}
2026-09-25 22:47:53.834 | INFO     | plugrl_env_client.agent.websocket_env_client_agent:_wait_for_server:67 - Waiting for server at ws://127.0.0.1:8590...
/home/gotham/tmp/plugrl/plugrl-env-client/src/plugrl_env_client/agent/websocket_env_client_agent.py:83: DeprecationWarning: connect() must be used as a context manager: with connect(...) as websocket: ...; alternatively, use websocket = connect(..., legacy=True) to connect directly
  metadata_msg = msgpack_numpy.unpackb(conn.recv())
2026-09-25 22:47:53.838 | INFO     | plugrl_env_client.runner.run:report_server_metadata:56 - Server metadata: {'protocol_version': 1, 'server': 'plugrl-server', 'server_version': '0.1.0', 'algorithm': 'DPPOAlgorithm', 'policy': 'Pi0Policy', 'action_dim': 32, 'action_horizon': 10}
2026-09-25 22:47:54.428 | INFO     | plugrl_env_client.agent.websocket_env_client_agent:_wait_for_server:67 - Waiting for server at ws://127.0.0.1:8590...
/home/gotham/tmp/plugrl/plugrl-env-client/src/plugrl_env_client/agent/websocket_env_client_agent.py:83: DeprecationWarning: connect() must be used as a context manager: with connect(...) as websocket: ...; alternatively, use websocket = connect(..., legacy=True) to connect directly
  metadata_msg = msgpack_numpy.unpackb(conn.recv())
2026-09-25 22:47:54.433 | INFO     | plugrl_env_client.runner.run:report_server_metadata:56 - Server metadata: {'protocol_version': 1, 'server': 'plugrl-server', 'server_version': '0.1.0', 'algorithm': 'DPPOAlgorithm', 'policy': 'Pi0Policy', 'action_dim': 32, 'action_horizon': 10}
2026-09-25 22:47:54.546 | INFO     | plugrl_env_client.agent.websocket_env_client_agent:_wait_for_server:67 - Waiting for server at ws://127.0.0.1:8590...
/home/gotham/tmp/plugrl/plugrl-env-client/src/plugrl_env_client/agent/websocket_env_client_agent.py:83: DeprecationWarning: connect() must be used as a context manager: with connect(...) as websocket: ...; alternatively, use websocket = connect(..., legacy=True) to connect directly
  metadata_msg = msgpack_numpy.unpackb(conn.recv())
2026-09-25 22:47:54.585 | INFO     | plugrl_env_client.runner.run:report_server_metadata:56 - Server metadata: {'protocol_version': 1, 'server': 'plugrl-server', 'server_version': '0.1.0', 'algorithm': 'DPPOAlgorithm', 'policy': 'Pi0Policy', 'action_dim': 32, 'action_horizon': 10}
2026-09-25 22:47:54.738 | INFO     | plugrl_env_client.agent.websocket_env_client_agent:_wait_for_server:67 - Waiting for server at ws://127.0.0.1:8590...
/home/gotham/tmp/plugrl/plugrl-env-client/src/plugrl_env_client/agent/websocket_env_client_agent.py:83: DeprecationWarning: connect() must be used as a context manager: with connect(...) as websocket: ...; alternatively, use websocket = connect(..., legacy=True) to connect directly
  metadata_msg = msgpack_numpy.unpackb(conn.recv())
2026-09-25 22:47:54.744 | INFO     | plugrl_env_client.runner.run:report_server_metadata:56 - Server metadata: {'protocol_version': 1, 'server': 'plugrl-server', 'server_version': '0.1.0', 'algorithm': 'DPPOAlgorithm', 'policy': 'Pi0Policy', 'action_dim': 32, 'action_horizon': 10}
2026-09-25 22:47:54.915 | INFO     | plugrl_env_client.agent.websocket_env_client_agent:_wait_for_server:67 - Waiting for server at ws://127.0.0.1:8590...
/home/gotham/tmp/plugrl/plugrl-env-client/src/plugrl_env_client/agent/websocket_env_client_agent.py:83: DeprecationWarning: connect() must be used as a context manager: with connect(...) as websocket: ...; alternatively, use websocket = connect(..., legacy=True) to connect directly
  metadata_msg = msgpack_numpy.unpackb(conn.recv())
2026-09-25 22:47:54.921 | INFO     | plugrl_env_client.runner.run:report_server_metadata:56 - Server metadata: {'protocol_version': 1, 'server': 'plugrl-server', 'server_version': '0.1.0', 'algorithm': 'DPPOAlgorithm', 'policy': 'Pi0Policy', 'action_dim': 32, 'action_horizon': 10}
2026-09-25 22:47:55.201 | INFO     | plugrl_env_client.agent.websocket_env_client_agent:_wait_for_server:67 - Waiting for server at ws://127.0.0.1:8590...
/home/gotham/tmp/plugrl/plugrl-env-client/src/plugrl_env_client/agent/websocket_env_client_agent.py:83: DeprecationWarning: connect() must be used as a context manager: with connect(...) as websocket: ...; alternatively, use websocket = connect(..., legacy=True) to connect directly
  metadata_msg = msgpack_numpy.unpackb(conn.recv())
2026-09-25 22:47:55.217 | INFO     | plugrl_env_client.runner.run:report_server_metadata:56 - Server metadata: {'protocol_version': 1, 'server': 'plugrl-server', 'server_version': '0.1.0', 'algorithm': 'DPPOAlgorithm', 'policy': 'Pi0Policy', 'action_dim': 32, 'action_horizon': 10}
2026-09-25 22:48:26.516 | INFO     | plugrl_env_client.runner.rollout:log_timing_summary:98 - Intermediate rollout timing summary: env_steps=103 infer_calls=21 feedback_calls=20 infer_wait=26.826s infer_obs_pack=0.003s env_step=3.154s feedback_total=0.014s feedback_obs_pack=0.003s feedback_info_pack=0.000s effective_fps=3.43
2026-09-25 22:48:27.707 | INFO     | plugrl_env_client.runner.rollout:log_timing_summary:98 - Intermediate rollout timing summary: env_steps=106 infer_calls=22 feedback_calls=21 infer_wait=27.960s infer_obs_pack=0.003s env_step=3.124s feedback_total=0.015s feedback_obs_pack=0.003s feedback_info_pack=0.000s effective_fps=3.41
2026-09-25 22:48:27.710 | INFO     | plugrl_env_client.runner.rollout:log_timing_summary:98 - Intermediate rollout timing summary: env_steps=106 infer_calls=22 feedback_calls=21 infer_wait=27.983s infer_obs_pack=0.003s env_step=2.996s feedback_total=0.014s feedback_obs_pack=0.003s feedback_info_pack=0.000s effective_fps=3.42
2026-09-25 22:48:27.710 | INFO     | plugrl_env_client.runner.rollout:log_timing_summary:98 - Intermediate rollout timing summary: env_steps=106 infer_calls=22 feedback_calls=21 infer_wait=27.113s infer_obs_pack=0.003s env_step=3.346s feedback_total=0.016s feedback_obs_pack=0.004s feedback_info_pack=0.000s effective_fps=3.48
2026-09-25 22:48:27.714 | INFO     | plugrl_env_client.runner.rollout:log_timing_summary:98 - Intermediate rollout timing summary: env_steps=106 infer_calls=22 feedback_calls=21 infer_wait=27.539s infer_obs_pack=0.003s env_step=3.384s feedback_total=0.014s feedback_obs_pack=0.003s feedback_info_pack=0.000s effective_fps=3.43
2026-09-25 22:48:27.714 | INFO     | plugrl_env_client.runner.rollout:log_timing_summary:98 - Intermediate rollout timing summary: env_steps=106 infer_calls=22 feedback_calls=21 infer_wait=27.169s infer_obs_pack=0.003s env_step=3.242s feedback_total=0.017s feedback_obs_pack=0.004s feedback_info_pack=0.000s effective_fps=3.48
2026-09-25 22:48:27.807 | INFO     | plugrl_env_client.runner.rollout:log_timing_summary:98 - Intermediate rollout timing summary: env_steps=109 infer_calls=22 feedback_calls=21 infer_wait=26.734s infer_obs_pack=0.003s env_step=3.243s feedback_total=0.015s feedback_obs_pack=0.003s feedback_info_pack=0.000s effective_fps=3.63
2026-09-25 22:48:27.807 | INFO     | plugrl_env_client.runner.rollout:log_timing_summary:98 - Intermediate rollout timing summary: env_steps=109 infer_calls=22 feedback_calls=21 infer_wait=26.675s infer_obs_pack=0.003s env_step=3.326s feedback_total=0.014s feedback_obs_pack=0.004s feedback_info_pack=0.000s effective_fps=3.63
2026-09-25 22:48:28.994 | INFO     | plugrl_env_client.runner.rollout:log_timing_summary:98 - Intermediate rollout timing summary: env_steps=111 infer_calls=23 feedback_calls=22 infer_wait=27.495s infer_obs_pack=0.004s env_step=3.367s feedback_total=0.018s feedback_obs_pack=0.004s feedback_info_pack=0.000s effective_fps=3.59
2026-09-25 22:48:28.997 | INFO     | plugrl_env_client.runner.rollout:log_timing_summary:98 - Intermediate rollout timing summary: env_steps=111 infer_calls=23 feedback_calls=22 infer_wait=27.115s infer_obs_pack=0.003s env_step=3.289s feedback_total=0.017s feedback_obs_pack=0.004s feedback_info_pack=0.000s effective_fps=3.65
2026-09-25 22:48:56.848 | INFO     | plugrl_env_client.runner.rollout:log_timing_summary:98 - Intermediate rollout timing summary: env_steps=221 infer_calls=45 feedback_calls=44 infer_wait=53.530s infer_obs_pack=0.006s env_step=6.750s feedback_total=0.032s feedback_obs_pack=0.008s feedback_info_pack=0.000s effective_fps=3.66
2026-09-25 22:48:58.102 | INFO     | plugrl_env_client.runner.rollout:log_timing_summary:98 - Intermediate rollout timing summary: env_steps=226 infer_calls=46 feedback_calls=45 infer_wait=53.921s infer_obs_pack=0.007s env_step=6.843s feedback_total=0.037s feedback_obs_pack=0.009s feedback_info_pack=0.000s effective_fps=3.72
2026-09-25 22:48:58.109 | INFO     | plugrl_env_client.runner.rollout:log_timing_summary:98 - Intermediate rollout timing summary: env_steps=226 infer_calls=46 feedback_calls=45 infer_wait=53.897s infer_obs_pack=0.007s env_step=6.928s feedback_total=0.035s feedback_obs_pack=0.009s feedback_info_pack=0.000s effective_fps=3.71
2026-09-25 22:48:58.110 | INFO     | plugrl_env_client.runner.rollout:log_timing_summary:98 - Intermediate rollout timing summary: env_steps=226 infer_calls=46 feedback_calls=45 infer_wait=54.247s infer_obs_pack=0.007s env_step=7.039s feedback_total=0.034s feedback_obs_pack=0.008s feedback_info_pack=0.000s effective_fps=3.69
2026-09-25 22:48:58.110 | INFO     | plugrl_env_client.runner.rollout:log_timing_summary:98 - Intermediate rollout timing summary: env_steps=226 infer_calls=46 feedback_calls=45 infer_wait=53.235s infer_obs_pack=0.007s env_step=7.012s feedback_total=0.034s feedback_obs_pack=0.008s feedback_info_pack=0.000s effective_fps=3.75
2026-09-25 22:48:58.110 | INFO     | plugrl_env_client.runner.rollout:log_timing_summary:98 - Intermediate rollout timing summary: env_steps=226 infer_calls=46 feedback_calls=45 infer_wait=53.425s infer_obs_pack=0.006s env_step=6.849s feedback_total=0.031s feedback_obs_pack=0.008s feedback_info_pack=0.000s effective_fps=3.75
2026-09-25 22:48:58.115 | INFO     | plugrl_env_client.runner.rollout:log_timing_summary:98 - Intermediate rollout timing summary: env_steps=226 infer_calls=46 feedback_calls=45 infer_wait=54.551s infer_obs_pack=0.007s env_step=6.906s feedback_total=0.036s feedback_obs_pack=0.009s feedback_info_pack=0.000s effective_fps=3.67
2026-09-25 22:48:58.115 | INFO     | plugrl_env_client.runner.rollout:log_timing_summary:98 - Intermediate rollout timing summary: env_steps=226 infer_calls=46 feedback_calls=45 infer_wait=54.486s infer_obs_pack=0.007s env_step=6.860s feedback_total=0.036s feedback_obs_pack=0.008s feedback_info_pack=0.000s effective_fps=3.68
2026-09-25 22:48:59.361 | INFO     | plugrl_env_client.runner.rollout:log_timing_summary:98 - Intermediate rollout timing summary: env_steps=231 infer_calls=47 feedback_calls=46 infer_wait=53.512s infer_obs_pack=0.007s env_step=7.216s feedback_total=0.040s feedback_obs_pack=0.009s feedback_info_pack=0.001s effective_fps=3.80
2026-09-25 22:48:59.363 | INFO     | plugrl_env_client.runner.rollout:log_timing_summary:98 - Intermediate rollout timing summary: env_steps=231 infer_calls=47 feedback_calls=46 infer_wait=54.078s infer_obs_pack=0.008s env_step=7.114s feedback_total=0.040s feedback_obs_pack=0.009s feedback_info_pack=0.000s effective_fps=3.77
2026-09-25 22:49:26.922 | INFO     | plugrl_env_client.runner.rollout:log_timing_summary:98 - Intermediate rollout timing summary: env_steps=341 infer_calls=69 feedback_calls=68 infer_wait=79.824s infer_obs_pack=0.009s env_step=10.500s feedback_total=0.049s feedback_obs_pack=0.012s feedback_info_pack=0.001s effective_fps=3.77
2026-09-25 22:49:28.209 | INFO     | plugrl_env_client.runner.rollout:log_timing_summary:98 - Intermediate rollout timing summary: env_steps=346 infer_calls=70 feedback_calls=69 infer_wait=80.305s infer_obs_pack=0.010s env_step=10.587s feedback_total=0.054s feedback_obs_pack=0.014s feedback_info_pack=0.001s effective_fps=3.80
2026-09-25 22:49:28.211 | INFO     | plugrl_env_client.runner.rollout:log_timing_summary:98 - Intermediate rollout timing summary: env_steps=346 infer_calls=70 feedback_calls=69 infer_wait=80.503s infer_obs_pack=0.012s env_step=11.005s feedback_total=0.062s feedback_obs_pack=0.014s feedback_info_pack=0.001s effective_fps=3.78
2026-09-25 22:49:28.219 | INFO     | plugrl_env_client.runner.rollout:log_timing_summary:98 - Intermediate rollout timing summary: env_steps=346 infer_calls=70 feedback_calls=69 infer_wait=79.521s infer_obs_pack=0.010s env_step=10.804s feedback_total=0.051s feedback_obs_pack=0.012s feedback_info_pack=0.001s effective_fps=3.83
2026-09-25 22:49:28.219 | INFO     | plugrl_env_client.runner.rollout:log_timing_summary:98 - Intermediate rollout timing summary: env_steps=346 infer_calls=70 feedback_calls=69 infer_wait=80.359s infer_obs_pack=0.010s env_step=10.490s feedback_total=0.056s feedback_obs_pack=0.013s feedback_info_pack=0.001s effective_fps=3.81
2026-09-25 22:49:28.220 | INFO     | plugrl_env_client.runner.rollout:log_timing_summary:98 - Intermediate rollout timing summary: env_steps=346 infer_calls=70 feedback_calls=69 infer_wait=80.729s infer_obs_pack=0.010s env_step=10.639s feedback_total=0.050s feedback_obs_pack=0.011s feedback_info_pack=0.001s effective_fps=3.78
2026-09-25 22:49:28.222 | INFO     | plugrl_env_client.runner.rollout:log_timing_summary:98 - Intermediate rollout timing summary: env_steps=346 infer_calls=70 feedback_calls=69 infer_wait=79.730s infer_obs_pack=0.010s env_step=10.625s feedback_total=0.047s feedback_obs_pack=0.012s feedback_info_pack=0.001s effective_fps=3.83
2026-09-25 22:49:28.225 | INFO     | plugrl_env_client.runner.rollout:log_timing_summary:98 - Intermediate rollout timing summary: env_steps=346 infer_calls=70 feedback_calls=69 infer_wait=80.528s infer_obs_pack=0.010s env_step=10.889s feedback_total=0.058s feedback_obs_pack=0.013s feedback_info_pack=0.001s effective_fps=3.78
2026-09-25 22:49:29.508 | INFO     | plugrl_env_client.runner.rollout:log_timing_summary:98 - Intermediate rollout timing summary: env_steps=351 infer_calls=71 feedback_calls=70 infer_wait=79.679s infer_obs_pack=0.012s env_step=11.159s feedback_total=0.061s feedback_obs_pack=0.014s feedback_info_pack=0.001s effective_fps=3.86
2026-09-25 22:49:29.509 | INFO     | plugrl_env_client.runner.rollout:log_timing_summary:98 - Intermediate rollout timing summary: env_steps=351 infer_calls=71 feedback_calls=70 infer_wait=80.124s infer_obs_pack=0.012s env_step=11.177s feedback_total=0.061s feedback_obs_pack=0.014s feedback_info_pack=0.001s effective_fps=3.84
2026-09-25 22:49:58.127 | INFO     | plugrl_env_client.runner.rollout:log_timing_summary:98 - Intermediate rollout timing summary: env_steps=431 infer_calls=87 feedback_calls=86 infer_wait=108.131s infer_obs_pack=0.011s env_step=13.375s feedback_total=0.061s feedback_obs_pack=0.015s feedback_info_pack=0.001s effective_fps=3.55
2026-09-25 22:49:58.222 | INFO     | plugrl_env_client.runner.rollout:log_timing_summary:98 - Intermediate rollout timing summary: env_steps=434 infer_calls=87 feedback_calls=86 infer_wait=106.839s infer_obs_pack=0.012s env_step=13.466s feedback_total=0.063s feedback_obs_pack=0.014s feedback_info_pack=0.001s effective_fps=3.61
2026-09-25 22:49:58.222 | INFO     | plugrl_env_client.runner.rollout:log_timing_summary:98 - Intermediate rollout timing summary: env_steps=434 infer_calls=87 feedback_calls=86 infer_wait=107.948s infer_obs_pack=0.015s env_step=13.543s feedback_total=0.078s feedback_obs_pack=0.017s feedback_info_pack=0.001s effective_fps=3.57
2026-09-25 22:49:58.224 | INFO     | plugrl_env_client.runner.rollout:log_timing_summary:98 - Intermediate rollout timing summary: env_steps=434 infer_calls=87 feedback_calls=86 infer_wait=107.807s infer_obs_pack=0.012s env_step=13.079s feedback_total=0.065s feedback_obs_pack=0.016s feedback_info_pack=0.001s effective_fps=3.59
2026-09-25 22:49:58.224 | INFO     | plugrl_env_client.runner.rollout:log_timing_summary:98 - Intermediate rollout timing summary: env_steps=434 infer_calls=87 feedback_calls=86 infer_wait=107.649s infer_obs_pack=0.013s env_step=13.181s feedback_total=0.068s feedback_obs_pack=0.016s feedback_info_pack=0.001s effective_fps=3.59
2026-09-25 22:49:58.249 | INFO     | plugrl_env_client.runner.rollout:log_timing_summary:98 - Intermediate rollout timing summary: env_steps=431 infer_calls=87 feedback_calls=87 infer_wait=104.535s infer_obs_pack=0.012s env_step=13.274s feedback_total=0.059s feedback_obs_pack=0.015s feedback_info_pack=0.001s effective_fps=3.66
2026-09-25 22:49:58.255 | INFO     | plugrl_env_client.runner.rollout:log_timing_summary:98 - Intermediate rollout timing summary: env_steps=431 infer_calls=87 feedback_calls=87 infer_wait=105.511s infer_obs_pack=0.012s env_step=13.206s feedback_total=0.062s feedback_obs_pack=0.014s feedback_info_pack=0.001s effective_fps=3.63
2026-09-25 22:49:59.337 | INFO     | plugrl_env_client.runner.rollout:log_timing_summary:98 - Intermediate rollout timing summary: env_steps=436 infer_calls=88 feedback_calls=87 infer_wait=105.193s infer_obs_pack=0.013s env_step=13.897s feedback_total=0.074s feedback_obs_pack=0.016s feedback_info_pack=0.001s effective_fps=3.66
2026-09-25 22:50:00.556 | INFO     | plugrl_env_client.runner.rollout:log_timing_summary:98 - Intermediate rollout timing summary: env_steps=441 infer_calls=89 feedback_calls=88 infer_wait=107.773s infer_obs_pack=0.015s env_step=14.084s feedback_total=0.078s feedback_obs_pack=0.017s feedback_info_pack=0.001s effective_fps=3.62
2026-09-25 22:50:00.557 | INFO     | plugrl_env_client.runner.rollout:log_timing_summary:98 - Intermediate rollout timing summary: env_steps=441 infer_calls=89 feedback_calls=88 infer_wait=108.237s infer_obs_pack=0.015s env_step=14.083s feedback_total=0.077s feedback_obs_pack=0.017s feedback_info_pack=0.001s effective_fps=3.60
2026-09-25 22:50:28.225 | INFO     | plugrl_env_client.runner.rollout:log_timing_summary:98 - Intermediate rollout timing summary: env_steps=515 infer_calls=104 feedback_calls=103 infer_wait=132.739s infer_obs_pack=0.014s env_step=15.907s feedback_total=0.074s feedback_obs_pack=0.018s feedback_info_pack=0.001s effective_fps=3.46
2026-09-25 22:50:28.232 | INFO     | plugrl_env_client.runner.rollout:log_timing_summary:98 - Intermediate rollout timing summary: env_steps=516 infer_calls=104 feedback_calls=103 infer_wait=134.982s infer_obs_pack=0.015s env_step=15.833s feedback_total=0.082s feedback_obs_pack=0.019s feedback_info_pack=0.001s effective_fps=3.42
2026-09-25 22:50:28.234 | INFO     | plugrl_env_client.runner.rollout:log_timing_summary:98 - Intermediate rollout timing summary: env_steps=516 infer_calls=104 feedback_calls=103 infer_wait=135.246s infer_obs_pack=0.014s env_step=15.629s feedback_total=0.078s feedback_obs_pack=0.019s feedback_info_pack=0.001s effective_fps=3.42
2026-09-25 22:50:28.235 | INFO     | plugrl_env_client.runner.rollout:log_timing_summary:98 - Intermediate rollout timing summary: env_steps=515 infer_calls=104 feedback_calls=103 infer_wait=131.465s infer_obs_pack=0.015s env_step=15.882s feedback_total=0.075s feedback_obs_pack=0.017s feedback_info_pack=0.001s effective_fps=3.49
2026-09-25 22:50:28.238 | INFO     | plugrl_env_client.runner.rollout:log_timing_summary:98 - Intermediate rollout timing summary: env_steps=516 infer_calls=104 feedback_calls=103 infer_wait=135.141s infer_obs_pack=0.019s env_step=16.335s feedback_total=0.098s feedback_obs_pack=0.021s feedback_info_pack=0.001s effective_fps=3.40
2026-09-25 22:50:28.264 | INFO     | plugrl_env_client.runner.rollout:log_timing_summary:98 - Intermediate rollout timing summary: env_steps=513 infer_calls=104 feedback_calls=103 infer_wait=132.988s infer_obs_pack=0.015s env_step=15.715s feedback_total=0.075s feedback_obs_pack=0.017s feedback_info_pack=0.001s effective_fps=3.45
2026-09-25 22:50:28.267 | INFO     | plugrl_env_client.runner.rollout:log_timing_summary:98 - Intermediate rollout timing summary: env_steps=513 infer_calls=104 feedback_calls=103 infer_wait=131.929s infer_obs_pack=0.014s env_step=15.875s feedback_total=0.072s feedback_obs_pack=0.018s feedback_info_pack=0.001s effective_fps=3.47
2026-09-25 22:50:31.314 | INFO     | plugrl_env_client.runner.rollout:log_timing_summary:98 - Intermediate rollout timing summary: env_steps=520 infer_calls=104 feedback_calls=104 infer_wait=133.353s infer_obs_pack=0.017s env_step=16.763s feedback_total=0.091s feedback_obs_pack=0.020s feedback_info_pack=0.001s effective_fps=3.46
2026-09-25 22:50:33.155 | INFO     | plugrl_env_client.runner.rollout:log_timing_summary:98 - Intermediate rollout timing summary: env_steps=518 infer_calls=105 feedback_calls=104 infer_wait=134.671s infer_obs_pack=0.018s env_step=16.674s feedback_total=0.094s feedback_obs_pack=0.021s feedback_info_pack=0.001s effective_fps=3.42
2026-09-25 22:50:33.157 | INFO     | plugrl_env_client.runner.rollout:log_timing_summary:98 - Intermediate rollout timing summary: env_steps=521 infer_calls=105 feedback_calls=104 infer_wait=136.125s infer_obs_pack=0.016s env_step=16.756s feedback_total=0.091s feedback_obs_pack=0.021s feedback_info_pack=0.001s effective_fps=3.41
2026-09-25 22:50:58.324 | INFO     | plugrl_env_client.runner.rollout:log_timing_summary:98 - Intermediate rollout timing summary: env_steps=617 infer_calls=125 feedback_calls=124 infer_wait=158.858s infer_obs_pack=0.017s env_step=18.974s feedback_total=0.089s feedback_obs_pack=0.022s feedback_info_pack=0.001s effective_fps=3.47
2026-09-25 22:50:58.327 | INFO     | plugrl_env_client.runner.rollout:log_timing_summary:98 - Intermediate rollout timing summary: env_steps=617 infer_calls=125 feedback_calls=124 infer_wait=159.835s infer_obs_pack=0.018s env_step=18.903s feedback_total=0.091s feedback_obs_pack=0.021s feedback_info_pack=0.001s effective_fps=3.45
2026-09-25 22:50:58.328 | INFO     | plugrl_env_client.runner.rollout:log_timing_summary:98 - Intermediate rollout timing summary: env_steps=620 infer_calls=125 feedback_calls=124 infer_wait=159.616s infer_obs_pack=0.017s env_step=19.104s feedback_total=0.090s feedback_obs_pack=0.022s feedback_info_pack=0.001s effective_fps=3.47
2026-09-25 22:50:58.328 | INFO     | plugrl_env_client.runner.rollout:log_timing_summary:98 - Intermediate rollout timing summary: env_steps=621 infer_calls=125 feedback_calls=124 infer_wait=158.891s infer_obs_pack=0.017s env_step=18.802s feedback_total=0.094s feedback_obs_pack=0.023s feedback_info_pack=0.001s effective_fps=3.49
2026-09-25 22:50:58.331 | INFO     | plugrl_env_client.runner.rollout:log_timing_summary:98 - Intermediate rollout timing summary: env_steps=620 infer_calls=125 feedback_calls=124 infer_wait=158.213s infer_obs_pack=0.018s env_step=19.201s feedback_total=0.092s feedback_obs_pack=0.021s feedback_info_pack=0.001s effective_fps=3.49
2026-09-25 22:50:58.332 | INFO     | plugrl_env_client.runner.rollout:log_timing_summary:98 - Intermediate rollout timing summary: env_steps=621 infer_calls=125 feedback_calls=124 infer_wait=158.650s infer_obs_pack=0.018s env_step=19.087s feedback_total=0.098s feedback_obs_pack=0.023s feedback_info_pack=0.001s effective_fps=3.49
2026-09-25 22:50:58.333 | INFO     | plugrl_env_client.runner.rollout:log_timing_summary:98 - Intermediate rollout timing summary: env_steps=621 infer_calls=125 feedback_calls=124 infer_wait=158.281s infer_obs_pack=0.023s env_step=19.590s feedback_total=0.118s feedback_obs_pack=0.026s feedback_info_pack=0.002s effective_fps=3.49
2026-09-25 22:51:02.192 | INFO     | plugrl_env_client.runner.rollout:log_timing_summary:98 - Intermediate rollout timing summary: env_steps=636 infer_calls=128 feedback_calls=127 infer_wait=160.399s infer_obs_pack=0.021s env_step=20.559s feedback_total=0.111s feedback_obs_pack=0.025s feedback_info_pack=0.001s effective_fps=3.51
2026-09-25 22:51:03.451 | INFO     | plugrl_env_client.runner.rollout:log_timing_summary:98 - Intermediate rollout timing summary: env_steps=638 infer_calls=129 feedback_calls=128 infer_wait=161.018s infer_obs_pack=0.022s env_step=20.583s feedback_total=0.117s feedback_obs_pack=0.027s feedback_info_pack=0.001s effective_fps=3.51
2026-09-25 22:51:03.461 | INFO     | plugrl_env_client.runner.rollout:log_timing_summary:98 - Intermediate rollout timing summary: env_steps=641 infer_calls=129 feedback_calls=128 infer_wait=162.314s infer_obs_pack=0.020s env_step=20.828s feedback_total=0.118s feedback_obs_pack=0.026s feedback_info_pack=0.001s effective_fps=3.50
2026-09-25 22:51:29.128 | INFO     | plugrl_env_client.runner.rollout:log_timing_summary:98 - Intermediate rollout timing summary: env_steps=741 infer_calls=149 feedback_calls=148 infer_wait=185.033s infer_obs_pack=0.026s env_step=23.595s feedback_total=0.141s feedback_obs_pack=0.032s feedback_info_pack=0.002s effective_fps=3.55
2026-09-25 22:51:29.131 | INFO     | plugrl_env_client.runner.rollout:log_timing_summary:98 - Intermediate rollout timing summary: env_steps=737 infer_calls=149 feedback_calls=148 infer_wait=185.844s infer_obs_pack=0.020s env_step=22.760s feedback_total=0.110s feedback_obs_pack=0.026s feedback_info_pack=0.001s effective_fps=3.53
2026-09-25 22:51:29.132 | INFO     | plugrl_env_client.runner.rollout:log_timing_summary:98 - Intermediate rollout timing summary: env_steps=737 infer_calls=149 feedback_calls=148 infer_wait=186.961s infer_obs_pack=0.021s env_step=22.548s feedback_total=0.111s feedback_obs_pack=0.026s feedback_info_pack=0.001s effective_fps=3.52
2026-09-25 22:51:29.133 | INFO     | plugrl_env_client.runner.rollout:log_timing_summary:98 - Intermediate rollout timing summary: env_steps=741 infer_calls=149 feedback_calls=148 infer_wait=185.813s infer_obs_pack=0.022s env_step=22.682s feedback_total=0.128s feedback_obs_pack=0.027s feedback_info_pack=0.001s effective_fps=3.55
2026-09-25 22:51:29.134 | INFO     | plugrl_env_client.runner.rollout:log_timing_summary:98 - Intermediate rollout timing summary: env_steps=740 infer_calls=149 feedback_calls=148 infer_wait=185.111s infer_obs_pack=0.021s env_step=23.069s feedback_total=0.114s feedback_obs_pack=0.026s feedback_info_pack=0.001s effective_fps=3.55
2026-09-25 22:51:29.134 | INFO     | plugrl_env_client.runner.rollout:log_timing_summary:98 - Intermediate rollout timing summary: env_steps=740 infer_calls=149 feedback_calls=148 infer_wait=186.677s infer_obs_pack=0.020s env_step=22.815s feedback_total=0.110s feedback_obs_pack=0.027s feedback_info_pack=0.001s effective_fps=3.53
2026-09-25 22:51:29.135 | INFO     | plugrl_env_client.runner.rollout:log_timing_summary:98 - Intermediate rollout timing summary: env_steps=741 infer_calls=149 feedback_calls=148 infer_wait=185.974s infer_obs_pack=0.021s env_step=22.492s feedback_total=0.114s feedback_obs_pack=0.028s feedback_info_pack=0.001s effective_fps=3.55
2026-09-25 22:51:32.987 | INFO     | plugrl_env_client.runner.rollout:log_timing_summary:98 - Intermediate rollout timing summary: env_steps=756 infer_calls=152 feedback_calls=151 infer_wait=187.373s infer_obs_pack=0.025s env_step=24.343s feedback_total=0.132s feedback_obs_pack=0.031s feedback_info_pack=0.002s effective_fps=3.57
2026-09-25 22:51:34.303 | INFO     | plugrl_env_client.runner.rollout:log_timing_summary:98 - Intermediate rollout timing summary: env_steps=761 infer_calls=153 feedback_calls=152 infer_wait=189.318s infer_obs_pack=0.025s env_step=24.621s feedback_total=0.144s feedback_obs_pack=0.033s feedback_info_pack=0.002s effective_fps=3.55
2026-09-25 22:51:34.305 | INFO     | plugrl_env_client.runner.rollout:log_timing_summary:98 - Intermediate rollout timing summary: env_steps=758 infer_calls=153 feedback_calls=152 infer_wait=187.710s infer_obs_pack=0.026s env_step=24.705s feedback_total=0.141s feedback_obs_pack=0.032s feedback_info_pack=0.002s effective_fps=3.57
2026-09-25 22:51:59.956 | INFO     | plugrl_env_client.runner.rollout:log_timing_summary:98 - Intermediate rollout timing summary: env_steps=844 infer_calls=169 feedback_calls=169 infer_wait=209.972s infer_obs_pack=0.024s env_step=26.273s feedback_total=0.131s feedback_obs_pack=0.030s feedback_info_pack=0.002s effective_fps=3.57
2026-09-25 22:52:01.114 | INFO     | plugrl_env_client.runner.rollout:log_timing_summary:98 - Intermediate rollout timing summary: env_steps=845 infer_calls=170 feedback_calls=169 infer_wait=215.427s infer_obs_pack=0.023s env_step=26.016s feedback_total=0.126s feedback_obs_pack=0.031s feedback_info_pack=0.002s effective_fps=3.50
2026-09-25 22:52:01.117 | INFO     | plugrl_env_client.runner.rollout:log_timing_summary:98 - Intermediate rollout timing summary: env_steps=846 infer_calls=170 feedback_calls=169 infer_wait=214.591s infer_obs_pack=0.025s env_step=25.856s feedback_total=0.145s feedback_obs_pack=0.032s feedback_info_pack=0.002s effective_fps=3.52
2026-09-25 22:52:01.118 | INFO     | plugrl_env_client.runner.rollout:log_timing_summary:98 - Intermediate rollout timing summary: env_steps=842 infer_calls=170 feedback_calls=169 infer_wait=214.668s infer_obs_pack=0.024s env_step=25.884s feedback_total=0.133s feedback_obs_pack=0.031s feedback_info_pack=0.002s effective_fps=3.50
2026-09-25 22:52:01.120 | INFO     | plugrl_env_client.runner.rollout:log_timing_summary:98 - Intermediate rollout timing summary: env_steps=846 infer_calls=170 feedback_calls=169 infer_wait=214.666s infer_obs_pack=0.023s env_step=25.755s feedback_total=0.131s feedback_obs_pack=0.032s feedback_info_pack=0.002s effective_fps=3.52
2026-09-25 22:52:01.123 | INFO     | plugrl_env_client.runner.rollout:log_timing_summary:98 - Intermediate rollout timing summary: env_steps=839 infer_calls=170 feedback_calls=169 infer_wait=213.139s infer_obs_pack=0.026s env_step=25.770s feedback_total=0.133s feedback_obs_pack=0.031s feedback_info_pack=0.002s effective_fps=3.51
2026-09-25 22:52:01.126 | INFO     | plugrl_env_client.runner.rollout:log_timing_summary:98 - Intermediate rollout timing summary: env_steps=846 infer_calls=170 feedback_calls=169 infer_wait=213.400s infer_obs_pack=0.030s env_step=27.193s feedback_total=0.160s feedback_obs_pack=0.037s feedback_info_pack=0.002s effective_fps=3.51
2026-09-25 22:52:04.861 | INFO     | plugrl_env_client.runner.rollout:log_timing_summary:98 - Intermediate rollout timing summary: env_steps=851 infer_calls=171 feedback_calls=170 infer_wait=217.014s infer_obs_pack=0.028s env_step=27.455s feedback_total=0.161s feedback_obs_pack=0.037s feedback_info_pack=0.002s effective_fps=3.48
2026-09-25 22:52:04.862 | INFO     | plugrl_env_client.runner.rollout:log_timing_summary:98 - Intermediate rollout timing summary: env_steps=851 infer_calls=171 feedback_calls=170 infer_wait=215.939s infer_obs_pack=0.028s env_step=27.622s feedback_total=0.149s feedback_obs_pack=0.035s feedback_info_pack=0.002s effective_fps=3.49
2026-09-25 22:52:04.863 | INFO     | plugrl_env_client.runner.rollout:log_timing_summary:98 - Intermediate rollout timing summary: env_steps=844 infer_calls=171 feedback_calls=170 infer_wait=212.978s infer_obs_pack=0.029s env_step=27.377s feedback_total=0.156s feedback_obs_pack=0.036s feedback_info_pack=0.002s effective_fps=3.51
2026-09-25 22:52:31.855 | INFO     | plugrl_env_client.runner.rollout:log_timing_summary:98 - Intermediate rollout timing summary: env_steps=923 infer_calls=185 feedback_calls=185 infer_wait=239.566s infer_obs_pack=0.028s env_step=28.286s feedback_total=0.163s feedback_obs_pack=0.036s feedback_info_pack=0.002s effective_fps=3.44
2026-09-25 22:52:32.946 | INFO     | plugrl_env_client.runner.rollout:log_timing_summary:98 - Intermediate rollout timing summary: env_steps=926 infer_calls=186 feedback_calls=185 infer_wait=242.772s infer_obs_pack=0.032s env_step=29.618s feedback_total=0.172s feedback_obs_pack=0.040s feedback_info_pack=0.002s effective_fps=3.40
2026-09-25 22:52:32.953 | INFO     | plugrl_env_client.runner.rollout:log_timing_summary:98 - Intermediate rollout timing summary: env_steps=922 infer_calls=186 feedback_calls=185 infer_wait=244.075s infer_obs_pack=0.026s env_step=28.288s feedback_total=0.148s feedback_obs_pack=0.034s feedback_info_pack=0.002s effective_fps=3.38
2026-09-25 22:52:32.955 | INFO     | plugrl_env_client.runner.rollout:log_timing_summary:98 - Intermediate rollout timing summary: env_steps=925 infer_calls=186 feedback_calls=185 infer_wait=240.487s infer_obs_pack=0.027s env_step=28.731s feedback_total=0.148s feedback_obs_pack=0.033s feedback_info_pack=0.002s effective_fps=3.43
2026-09-25 22:52:32.956 | INFO     | plugrl_env_client.runner.rollout:log_timing_summary:98 - Intermediate rollout timing summary: env_steps=919 infer_calls=186 feedback_calls=185 infer_wait=242.454s infer_obs_pack=0.029s env_step=28.257s feedback_total=0.152s feedback_obs_pack=0.035s feedback_info_pack=0.002s effective_fps=3.39
2026-09-25 22:52:32.957 | INFO     | plugrl_env_client.runner.rollout:log_timing_summary:98 - Intermediate rollout timing summary: env_steps=925 infer_calls=186 feedback_calls=185 infer_wait=244.618s infer_obs_pack=0.026s env_step=28.637s feedback_total=0.144s feedback_obs_pack=0.035s feedback_info_pack=0.002s effective_fps=3.38
2026-09-25 22:52:32.961 | INFO     | plugrl_env_client.runner.rollout:log_timing_summary:98 - Intermediate rollout timing summary: env_steps=924 infer_calls=186 feedback_calls=185 infer_wait=240.602s infer_obs_pack=0.026s env_step=28.133s feedback_total=0.144s feedback_obs_pack=0.035s feedback_info_pack=0.002s effective_fps=3.44
2026-09-25 22:52:35.407 | INFO     | plugrl_env_client.runner.rollout:log_timing_summary:98 - Intermediate rollout timing summary: env_steps=936 infer_calls=188 feedback_calls=187 infer_wait=245.038s infer_obs_pack=0.030s env_step=29.953s feedback_total=0.175s feedback_obs_pack=0.040s feedback_info_pack=0.002s effective_fps=3.40
2026-09-25 22:52:35.411 | INFO     | plugrl_env_client.runner.rollout:log_timing_summary:98 - Intermediate rollout timing summary: env_steps=929 infer_calls=188 feedback_calls=187 infer_wait=240.838s infer_obs_pack=0.031s env_step=30.041s feedback_total=0.171s feedback_obs_pack=0.039s feedback_info_pack=0.002s effective_fps=3.43
2026-09-25 22:52:35.412 | INFO     | plugrl_env_client.runner.rollout:log_timing_summary:98 - Intermediate rollout timing summary: env_steps=934 infer_calls=188 feedback_calls=187 infer_wait=241.061s infer_obs_pack=0.031s env_step=30.325s feedback_total=0.164s feedback_obs_pack=0.039s feedback_info_pack=0.002s effective_fps=3.44
2026-09-25 22:53:03.011 | INFO     | plugrl_env_client.runner.rollout:log_timing_summary:98 - Intermediate rollout timing summary: env_steps=1014 infer_calls=203 feedback_calls=203 infer_wait=268.847s infer_obs_pack=0.029s env_step=31.405s feedback_total=0.159s feedback_obs_pack=0.039s feedback_info_pack=0.002s effective_fps=3.38
2026-09-25 22:53:04.120 | INFO     | plugrl_env_client.runner.rollout:log_timing_summary:98 - Intermediate rollout timing summary: env_steps=1012 infer_calls=204 feedback_calls=203 infer_wait=269.483s infer_obs_pack=0.029s env_step=30.960s feedback_total=0.162s feedback_obs_pack=0.037s feedback_info_pack=0.002s effective_fps=3.37
2026-09-25 22:53:04.129 | INFO     | plugrl_env_client.runner.rollout:log_timing_summary:98 - Intermediate rollout timing summary: env_steps=1015 infer_calls=204 feedback_calls=203 infer_wait=268.653s infer_obs_pack=0.029s env_step=31.710s feedback_total=0.165s feedback_obs_pack=0.037s feedback_info_pack=0.002s effective_fps=3.38
2026-09-25 22:53:04.129 | INFO     | plugrl_env_client.runner.rollout:log_timing_summary:98 - Intermediate rollout timing summary: env_steps=1014 infer_calls=204 feedback_calls=203 infer_wait=269.145s infer_obs_pack=0.029s env_step=30.728s feedback_total=0.162s feedback_obs_pack=0.040s feedback_info_pack=0.002s effective_fps=3.38
2026-09-25 22:53:04.134 | INFO     | plugrl_env_client.runner.rollout:log_timing_summary:98 - Intermediate rollout timing summary: env_steps=1009 infer_calls=204 feedback_calls=203 infer_wait=270.691s infer_obs_pack=0.033s env_step=31.167s feedback_total=0.171s feedback_obs_pack=0.040s feedback_info_pack=0.002s effective_fps=3.34
2026-09-25 22:53:04.135 | INFO     | plugrl_env_client.runner.rollout:log_timing_summary:98 - Intermediate rollout timing summary: env_steps=1015 infer_calls=204 feedback_calls=203 infer_wait=268.783s infer_obs_pack=0.035s env_step=32.081s feedback_total=0.185s feedback_obs_pack=0.043s feedback_info_pack=0.002s effective_fps=3.37
2026-09-25 22:53:04.137 | INFO     | plugrl_env_client.runner.rollout:log_timing_summary:98 - Intermediate rollout timing summary: env_steps=1014 infer_calls=204 feedback_calls=203 infer_wait=268.897s infer_obs_pack=0.032s env_step=31.204s feedback_total=0.182s feedback_obs_pack=0.041s feedback_info_pack=0.002s effective_fps=3.38
2026-09-25 22:53:05.430 | INFO     | plugrl_env_client.runner.rollout:log_timing_summary:98 - Intermediate rollout timing summary: env_steps=1016 infer_calls=205 feedback_calls=204 infer_wait=268.417s infer_obs_pack=0.033s env_step=32.458s feedback_total=0.184s feedback_obs_pack=0.042s feedback_info_pack=0.002s effective_fps=3.37
2026-09-25 22:53:05.446 | INFO     | plugrl_env_client.runner.rollout:log_timing_summary:98 - Intermediate rollout timing summary: env_steps=1022 infer_calls=205 feedback_calls=204 infer_wait=269.899s infer_obs_pack=0.033s env_step=32.416s feedback_total=0.188s feedback_obs_pack=0.043s feedback_info_pack=0.002s effective_fps=3.38
2026-09-25 22:53:05.452 | INFO     | plugrl_env_client.runner.rollout:log_timing_summary:98 - Intermediate rollout timing summary: env_steps=1020 infer_calls=205 feedback_calls=204 infer_wait=268.644s infer_obs_pack=0.033s env_step=32.760s feedback_total=0.176s feedback_obs_pack=0.041s feedback_info_pack=0.002s effective_fps=3.38
2026-09-25 22:53:33.971 | INFO     | plugrl_env_client.runner.rollout:log_timing_summary:98 - Intermediate rollout timing summary: env_steps=1135 infer_calls=228 feedback_calls=227 infer_wait=296.284s infer_obs_pack=0.033s env_step=34.893s feedback_total=0.177s feedback_obs_pack=0.043s feedback_info_pack=0.002s effective_fps=3.42
2026-09-25 22:53:35.226 | INFO     | plugrl_env_client.runner.rollout:log_timing_summary:98 - Intermediate rollout timing summary: env_steps=1139 infer_calls=229 feedback_calls=228 infer_wait=295.967s infer_obs_pack=0.033s env_step=34.956s feedback_total=0.190s feedback_obs_pack=0.045s feedback_info_pack=0.002s effective_fps=3.44
2026-09-25 22:53:35.227 | INFO     | plugrl_env_client.runner.rollout:log_timing_summary:98 - Intermediate rollout timing summary: env_steps=1139 infer_calls=229 feedback_calls=228 infer_wait=295.780s infer_obs_pack=0.036s env_step=35.371s feedback_total=0.205s feedback_obs_pack=0.046s feedback_info_pack=0.002s effective_fps=3.44
2026-09-25 22:53:35.235 | INFO     | plugrl_env_client.runner.rollout:log_timing_summary:98 - Intermediate rollout timing summary: env_steps=1140 infer_calls=229 feedback_calls=228 infer_wait=296.218s infer_obs_pack=0.038s env_step=35.713s feedback_total=0.203s feedback_obs_pack=0.047s feedback_info_pack=0.003s effective_fps=3.43
2026-09-25 22:53:35.237 | INFO     | plugrl_env_client.runner.rollout:log_timing_summary:98 - Intermediate rollout timing summary: env_steps=1134 infer_calls=229 feedback_calls=228 infer_wait=297.718s infer_obs_pack=0.037s env_step=35.201s feedback_total=0.195s feedback_obs_pack=0.045s feedback_info_pack=0.002s effective_fps=3.40
2026-09-25 22:53:35.237 | INFO     | plugrl_env_client.runner.rollout:log_timing_summary:98 - Intermediate rollout timing summary: env_steps=1137 infer_calls=229 feedback_calls=228 infer_wait=296.992s infer_obs_pack=0.032s env_step=34.536s feedback_total=0.179s feedback_obs_pack=0.041s feedback_info_pack=0.002s effective_fps=3.43
2026-09-25 22:53:35.237 | INFO     | plugrl_env_client.runner.rollout:log_timing_summary:98 - Intermediate rollout timing summary: env_steps=1140 infer_calls=229 feedback_calls=228 infer_wait=295.553s infer_obs_pack=0.033s env_step=35.868s feedback_total=0.198s feedback_obs_pack=0.051s feedback_info_pack=0.002s effective_fps=3.44
2026-09-25 22:53:36.493 | INFO     | plugrl_env_client.runner.rollout:log_timing_summary:98 - Intermediate rollout timing summary: env_steps=1139 infer_calls=230 feedback_calls=229 infer_wait=295.731s infer_obs_pack=0.037s env_step=36.173s feedback_total=0.203s feedback_obs_pack=0.047s feedback_info_pack=0.002s effective_fps=3.43
2026-09-25 22:53:36.494 | INFO     | plugrl_env_client.runner.rollout:log_timing_summary:98 - Intermediate rollout timing summary: env_steps=1144 infer_calls=230 feedback_calls=229 infer_wait=296.158s infer_obs_pack=0.036s env_step=36.249s feedback_total=0.198s feedback_obs_pack=0.046s feedback_info_pack=0.002s effective_fps=3.44
2026-09-25 22:53:36.494 | INFO     | plugrl_env_client.runner.rollout:log_timing_summary:98 - Intermediate rollout timing summary: env_steps=1146 infer_calls=230 feedback_calls=229 infer_wait=297.526s infer_obs_pack=0.036s env_step=35.804s feedback_total=0.207s feedback_obs_pack=0.047s feedback_info_pack=0.002s effective_fps=3.44
2026-09-25 22:54:03.982 | INFO     | plugrl_env_client.runner.rollout:log_timing_summary:98 - Intermediate rollout timing summary: env_steps=1258 infer_calls=252 feedback_calls=251 infer_wait=322.660s infer_obs_pack=0.038s env_step=38.491s feedback_total=0.196s feedback_obs_pack=0.047s feedback_info_pack=0.003s effective_fps=3.48
2026-09-25 22:54:05.234 | INFO     | plugrl_env_client.runner.rollout:log_timing_summary:98 - Intermediate rollout timing summary: env_steps=1261 infer_calls=253 feedback_calls=252 infer_wait=322.434s infer_obs_pack=0.037s env_step=38.458s feedback_total=0.215s feedback_obs_pack=0.050s feedback_info_pack=0.003s effective_fps=3.49
2026-09-25 22:54:05.237 | INFO     | plugrl_env_client.runner.rollout:log_timing_summary:98 - Intermediate rollout timing summary: env_steps=1261 infer_calls=253 feedback_calls=252 infer_wait=321.231s infer_obs_pack=0.037s env_step=40.152s feedback_total=0.221s feedback_obs_pack=0.056s feedback_info_pack=0.002s effective_fps=3.49
2026-09-25 22:54:05.250 | INFO     | plugrl_env_client.runner.rollout:log_timing_summary:98 - Intermediate rollout timing summary: env_steps=1257 infer_calls=253 feedback_calls=252 infer_wait=323.986s infer_obs_pack=0.041s env_step=38.908s feedback_total=0.218s feedback_obs_pack=0.050s feedback_info_pack=0.003s effective_fps=3.46
2026-09-25 22:54:05.254 | INFO     | plugrl_env_client.runner.rollout:log_timing_summary:98 - Intermediate rollout timing summary: env_steps=1263 infer_calls=253 feedback_calls=252 infer_wait=322.726s infer_obs_pack=0.040s env_step=39.193s feedback_total=0.221s feedback_obs_pack=0.051s feedback_info_pack=0.003s effective_fps=3.49
2026-09-25 22:54:05.254 | INFO     | plugrl_env_client.runner.rollout:log_timing_summary:98 - Intermediate rollout timing summary: env_steps=1260 infer_calls=253 feedback_calls=252 infer_wait=323.354s infer_obs_pack=0.035s env_step=38.161s feedback_total=0.197s feedback_obs_pack=0.045s feedback_info_pack=0.002s effective_fps=3.48
2026-09-25 22:54:05.258 | INFO     | plugrl_env_client.runner.rollout:log_timing_summary:98 - Intermediate rollout timing summary: env_steps=1261 infer_calls=253 feedback_calls=252 infer_wait=321.988s infer_obs_pack=0.039s env_step=39.152s feedback_total=0.229s feedback_obs_pack=0.051s feedback_info_pack=0.003s effective_fps=3.49
2026-09-25 22:54:06.507 | INFO     | plugrl_env_client.runner.rollout:log_timing_summary:98 - Intermediate rollout timing summary: env_steps=1262 infer_calls=254 feedback_calls=253 infer_wait=322.035s infer_obs_pack=0.040s env_step=39.852s feedback_total=0.221s feedback_obs_pack=0.051s feedback_info_pack=0.003s effective_fps=3.48
2026-09-25 22:54:06.508 | INFO     | plugrl_env_client.runner.rollout:log_timing_summary:98 - Intermediate rollout timing summary: env_steps=1269 infer_calls=254 feedback_calls=253 infer_wait=324.185s infer_obs_pack=0.039s env_step=39.128s feedback_total=0.224s feedback_obs_pack=0.051s feedback_info_pack=0.003s effective_fps=3.49
2026-09-25 22:54:06.508 | INFO     | plugrl_env_client.runner.rollout:log_timing_summary:98 - Intermediate rollout timing summary: env_steps=1267 infer_calls=254 feedback_calls=253 infer_wait=322.550s infer_obs_pack=0.039s env_step=39.837s feedback_total=0.218s feedback_obs_pack=0.052s feedback_info_pack=0.003s effective_fps=3.49
2026-09-25 22:54:36.042 | INFO     | plugrl_env_client.runner.rollout:log_timing_summary:98 - Intermediate rollout timing summary: env_steps=1332 infer_calls=268 feedback_calls=267 infer_wait=352.038s infer_obs_pack=0.037s env_step=40.245s feedback_total=0.207s feedback_obs_pack=0.048s feedback_info_pack=0.003s effective_fps=3.39
2026-09-25 22:54:36.044 | INFO     | plugrl_env_client.runner.rollout:log_timing_summary:98 - Intermediate rollout timing summary: env_steps=1329 infer_calls=268 feedback_calls=267 infer_wait=349.690s infer_obs_pack=0.043s env_step=40.830s feedback_total=0.228s feedback_obs_pack=0.053s feedback_info_pack=0.003s effective_fps=3.40
2026-09-25 22:54:36.051 | INFO     | plugrl_env_client.runner.rollout:log_timing_summary:98 - Intermediate rollout timing summary: env_steps=1330 infer_calls=268 feedback_calls=267 infer_wait=348.081s infer_obs_pack=0.039s env_step=40.378s feedback_total=0.226s feedback_obs_pack=0.053s feedback_info_pack=0.003s effective_fps=3.42
2026-09-25 22:54:36.053 | INFO     | plugrl_env_client.runner.rollout:log_timing_summary:98 - Intermediate rollout timing summary: env_steps=1335 infer_calls=268 feedback_calls=267 infer_wait=351.527s infer_obs_pack=0.042s env_step=41.173s feedback_total=0.231s feedback_obs_pack=0.053s feedback_info_pack=0.003s effective_fps=3.40
2026-09-25 22:54:36.055 | INFO     | plugrl_env_client.runner.rollout:log_timing_summary:98 - Intermediate rollout timing summary: env_steps=1335 infer_calls=268 feedback_calls=267 infer_wait=352.605s infer_obs_pack=0.041s env_step=40.599s feedback_total=0.207s feedback_obs_pack=0.050s feedback_info_pack=0.003s effective_fps=3.39
2026-09-25 22:54:36.055 | INFO     | plugrl_env_client.runner.rollout:log_timing_summary:98 - Intermediate rollout timing summary: env_steps=1335 infer_calls=268 feedback_calls=267 infer_wait=349.386s infer_obs_pack=0.039s env_step=42.791s feedback_total=0.236s feedback_obs_pack=0.059s feedback_info_pack=0.003s effective_fps=3.40
2026-09-25 22:54:36.059 | INFO     | plugrl_env_client.runner.rollout:log_timing_summary:98 - Intermediate rollout timing summary: env_steps=1331 infer_calls=268 feedback_calls=267 infer_wait=347.027s infer_obs_pack=0.042s env_step=41.401s feedback_total=0.243s feedback_obs_pack=0.055s feedback_info_pack=0.003s effective_fps=3.42
2026-09-25 22:54:37.315 | INFO     | plugrl_env_client.runner.rollout:log_timing_summary:98 - Intermediate rollout timing summary: env_steps=1341 infer_calls=269 feedback_calls=268 infer_wait=352.938s infer_obs_pack=0.041s env_step=41.163s feedback_total=0.235s feedback_obs_pack=0.054s feedback_info_pack=0.003s effective_fps=3.40
2026-09-25 22:54:37.322 | INFO     | plugrl_env_client.runner.rollout:log_timing_summary:98 - Intermediate rollout timing summary: env_steps=1330 infer_calls=269 feedback_calls=268 infer_wait=348.195s infer_obs_pack=0.042s env_step=41.895s feedback_total=0.231s feedback_obs_pack=0.053s feedback_info_pack=0.003s effective_fps=3.41
2026-09-25 22:54:37.325 | INFO     | plugrl_env_client.runner.rollout:log_timing_summary:98 - Intermediate rollout timing summary: env_steps=1339 infer_calls=269 feedback_calls=268 infer_wait=351.070s infer_obs_pack=0.046s env_step=42.108s feedback_total=0.230s feedback_obs_pack=0.055s feedback_info_pack=0.003s effective_fps=3.40
2026-09-25 22:55:07.689 | INFO     | plugrl_env_client.runner.rollout:log_timing_summary:98 - Intermediate rollout timing summary: env_steps=1423 infer_calls=285 feedback_calls=285 infer_wait=376.517s infer_obs_pack=0.048s env_step=44.590s feedback_total=0.243s feedback_obs_pack=0.058s feedback_info_pack=0.003s effective_fps=3.38
2026-09-25 22:55:08.795 | INFO     | plugrl_env_client.runner.rollout:log_timing_summary:98 - Intermediate rollout timing summary: env_steps=1422 infer_calls=286 feedback_calls=285 infer_wait=379.456s infer_obs_pack=0.044s env_step=43.501s feedback_total=0.248s feedback_obs_pack=0.057s feedback_info_pack=0.003s effective_fps=3.36
2026-09-25 22:55:08.804 | INFO     | plugrl_env_client.runner.rollout:log_timing_summary:98 - Intermediate rollout timing summary: env_steps=1425 infer_calls=286 feedback_calls=285 infer_wait=376.421s infer_obs_pack=0.042s env_step=45.618s feedback_total=0.254s feedback_obs_pack=0.064s feedback_info_pack=0.003s effective_fps=3.37
2026-09-25 22:55:08.805 | INFO     | plugrl_env_client.runner.rollout:log_timing_summary:98 - Intermediate rollout timing summary: env_steps=1420 infer_calls=286 feedback_calls=285 infer_wait=378.181s infer_obs_pack=0.042s env_step=43.009s feedback_total=0.239s feedback_obs_pack=0.056s feedback_info_pack=0.003s effective_fps=3.37
2026-09-25 22:55:08.805 | INFO     | plugrl_env_client.runner.rollout:log_timing_summary:98 - Intermediate rollout timing summary: env_steps=1419 infer_calls=286 feedback_calls=285 infer_wait=379.970s infer_obs_pack=0.045s env_step=43.289s feedback_total=0.241s feedback_obs_pack=0.056s feedback_info_pack=0.003s effective_fps=3.35
2026-09-25 22:55:08.805 | INFO     | plugrl_env_client.runner.rollout:log_timing_summary:98 - Intermediate rollout timing summary: env_steps=1419 infer_calls=286 feedback_calls=285 infer_wait=379.668s infer_obs_pack=0.040s env_step=42.648s feedback_total=0.221s feedback_obs_pack=0.051s feedback_info_pack=0.003s effective_fps=3.36
2026-09-25 22:55:08.805 | INFO     | plugrl_env_client.runner.rollout:log_timing_summary:98 - Intermediate rollout timing summary: env_steps=1425 infer_calls=286 feedback_calls=285 infer_wait=381.617s infer_obs_pack=0.044s env_step=43.812s feedback_total=0.244s feedback_obs_pack=0.056s feedback_info_pack=0.003s effective_fps=3.35
2026-09-25 22:55:08.805 | INFO     | plugrl_env_client.runner.rollout:log_timing_summary:98 - Intermediate rollout timing summary: env_steps=1425 infer_calls=286 feedback_calls=285 infer_wait=382.870s infer_obs_pack=0.043s env_step=43.061s feedback_total=0.220s feedback_obs_pack=0.053s feedback_info_pack=0.003s effective_fps=3.34
2026-09-25 22:55:08.807 | INFO     | plugrl_env_client.runner.rollout:log_timing_summary:98 - Intermediate rollout timing summary: env_steps=1421 infer_calls=286 feedback_calls=285 infer_wait=376.854s infer_obs_pack=0.046s env_step=44.291s feedback_total=0.262s feedback_obs_pack=0.060s feedback_info_pack=0.003s effective_fps=3.37
2026-09-25 22:55:08.811 | INFO     | plugrl_env_client.runner.rollout:log_timing_summary:98 - Intermediate rollout timing summary: env_steps=1415 infer_calls=286 feedback_calls=285 infer_wait=377.213s infer_obs_pack=0.044s env_step=44.345s feedback_total=0.243s feedback_obs_pack=0.056s feedback_info_pack=0.003s effective_fps=3.35
2026-09-25 22:55:38.051 | INFO     | plugrl_env_client.runner.rollout:log_timing_summary:98 - Intermediate rollout timing summary: env_steps=1524 infer_calls=306 feedback_calls=305 infer_wait=404.253s infer_obs_pack=0.051s env_step=47.189s feedback_total=0.257s feedback_obs_pack=0.061s feedback_info_pack=0.003s effective_fps=3.37
2026-09-25 22:55:39.282 | INFO     | plugrl_env_client.runner.rollout:log_timing_summary:98 - Intermediate rollout timing summary: env_steps=1520 infer_calls=307 feedback_calls=306 infer_wait=404.903s infer_obs_pack=0.046s env_step=47.101s feedback_total=0.256s feedback_obs_pack=0.060s feedback_info_pack=0.003s effective_fps=3.36
2026-09-25 22:55:39.282 | INFO     | plugrl_env_client.runner.rollout:log_timing_summary:98 - Intermediate rollout timing summary: env_steps=1524 infer_calls=307 feedback_calls=306 infer_wait=407.520s infer_obs_pack=0.043s env_step=45.248s feedback_total=0.235s feedback_obs_pack=0.054s feedback_info_pack=0.003s effective_fps=3.36
2026-09-25 22:55:39.282 | INFO     | plugrl_env_client.runner.rollout:log_timing_summary:98 - Intermediate rollout timing summary: env_steps=1524 infer_calls=307 feedback_calls=306 infer_wait=407.635s infer_obs_pack=0.050s env_step=46.074s feedback_total=0.255s feedback_obs_pack=0.059s feedback_info_pack=0.003s effective_fps=3.36
2026-09-25 22:55:39.283 | INFO     | plugrl_env_client.runner.rollout:log_timing_summary:98 - Intermediate rollout timing summary: env_steps=1525 infer_calls=307 feedback_calls=306 infer_wait=405.891s infer_obs_pack=0.044s env_step=45.751s feedback_total=0.253s feedback_obs_pack=0.059s feedback_info_pack=0.003s effective_fps=3.37
2026-09-25 22:55:39.282 | INFO     | plugrl_env_client.runner.rollout:log_timing_summary:98 - Intermediate rollout timing summary: env_steps=1530 infer_calls=307 feedback_calls=306 infer_wait=404.050s infer_obs_pack=0.045s env_step=48.436s feedback_total=0.273s feedback_obs_pack=0.068s feedback_info_pack=0.003s effective_fps=3.38
2026-09-25 22:55:39.285 | INFO     | plugrl_env_client.runner.rollout:log_timing_summary:98 - Intermediate rollout timing summary: env_steps=1530 infer_calls=307 feedback_calls=306 infer_wait=407.899s infer_obs_pack=0.046s env_step=45.822s feedback_total=0.235s feedback_obs_pack=0.056s feedback_info_pack=0.003s effective_fps=3.37
2026-09-25 22:55:39.287 | INFO     | plugrl_env_client.runner.rollout:log_timing_summary:98 - Intermediate rollout timing summary: env_steps=1530 infer_calls=307 feedback_calls=306 infer_wait=406.881s infer_obs_pack=0.047s env_step=46.545s feedback_total=0.258s feedback_obs_pack=0.059s feedback_info_pack=0.003s effective_fps=3.37
2026-09-25 22:55:39.293 | INFO     | plugrl_env_client.runner.rollout:log_timing_summary:98 - Intermediate rollout timing summary: env_steps=1527 infer_calls=307 feedback_calls=306 infer_wait=406.979s infer_obs_pack=0.046s env_step=46.448s feedback_total=0.263s feedback_obs_pack=0.060s feedback_info_pack=0.003s effective_fps=3.37
2026-09-25 22:55:39.294 | INFO     | plugrl_env_client.runner.rollout:log_timing_summary:98 - Intermediate rollout timing summary: env_steps=1526 infer_calls=307 feedback_calls=306 infer_wait=404.056s infer_obs_pack=0.050s env_step=47.537s feedback_total=0.284s feedback_obs_pack=0.066s feedback_info_pack=0.003s effective_fps=3.38
2026-09-25 22:56:08.489 | INFO     | plugrl_env_client.runner.rollout:log_timing_summary:98 - Intermediate rollout timing summary: env_steps=1649 infer_calls=331 feedback_calls=330 infer_wait=431.516s infer_obs_pack=0.067s env_step=50.320s feedback_total=0.275s feedback_obs_pack=0.065s feedback_info_pack=0.003s effective_fps=3.42
2026-09-25 22:56:09.690 | INFO     | plugrl_env_client.runner.rollout:log_timing_summary:98 - Intermediate rollout timing summary: env_steps=1649 infer_calls=332 feedback_calls=331 infer_wait=434.792s infer_obs_pack=0.053s env_step=49.295s feedback_total=0.272s feedback_obs_pack=0.063s feedback_info_pack=0.003s effective_fps=3.40
2026-09-25 22:56:09.692 | INFO     | plugrl_env_client.runner.rollout:log_timing_summary:98 - Intermediate rollout timing summary: env_steps=1655 infer_calls=332 feedback_calls=331 infer_wait=431.064s infer_obs_pack=0.050s env_step=51.793s feedback_total=0.295s feedback_obs_pack=0.074s feedback_info_pack=0.003s effective_fps=3.43
2026-09-25 22:56:09.697 | INFO     | plugrl_env_client.runner.rollout:log_timing_summary:98 - Intermediate rollout timing summary: env_steps=1649 infer_calls=332 feedback_calls=331 infer_wait=434.712s infer_obs_pack=0.046s env_step=48.440s feedback_total=0.253s feedback_obs_pack=0.058s feedback_info_pack=0.003s effective_fps=3.41
2026-09-25 22:56:09.699 | INFO     | plugrl_env_client.runner.rollout:log_timing_summary:98 - Intermediate rollout timing summary: env_steps=1645 infer_calls=332 feedback_calls=331 infer_wait=432.118s infer_obs_pack=0.049s env_step=50.276s feedback_total=0.271s feedback_obs_pack=0.064s feedback_info_pack=0.003s effective_fps=3.41
2026-09-25 22:56:09.699 | INFO     | plugrl_env_client.runner.rollout:log_timing_summary:98 - Intermediate rollout timing summary: env_steps=1655 infer_calls=332 feedback_calls=331 infer_wait=434.178s infer_obs_pack=0.050s env_step=49.632s feedback_total=0.274s feedback_obs_pack=0.063s feedback_info_pack=0.004s effective_fps=3.42
2026-09-25 22:56:09.701 | INFO     | plugrl_env_client.runner.rollout:log_timing_summary:98 - Intermediate rollout timing summary: env_steps=1650 infer_calls=332 feedback_calls=331 infer_wait=432.929s infer_obs_pack=0.047s env_step=49.101s feedback_total=0.270s feedback_obs_pack=0.063s feedback_info_pack=0.003s effective_fps=3.42
2026-09-25 22:56:09.701 | INFO     | plugrl_env_client.runner.rollout:log_timing_summary:98 - Intermediate rollout timing summary: env_steps=1655 infer_calls=332 feedback_calls=331 infer_wait=434.997s infer_obs_pack=0.049s env_step=49.109s feedback_total=0.252s feedback_obs_pack=0.061s feedback_info_pack=0.003s effective_fps=3.42
2026-09-25 22:56:09.702 | INFO     | plugrl_env_client.runner.rollout:log_timing_summary:98 - Intermediate rollout timing summary: env_steps=1651 infer_calls=332 feedback_calls=331 infer_wait=430.438s infer_obs_pack=0.054s env_step=51.523s feedback_total=0.308s feedback_obs_pack=0.072s feedback_info_pack=0.004s effective_fps=3.42
2026-09-25 22:56:09.704 | INFO     | plugrl_env_client.runner.rollout:log_timing_summary:98 - Intermediate rollout timing summary: env_steps=1652 infer_calls=332 feedback_calls=331 infer_wait=433.972s infer_obs_pack=0.049s env_step=49.836s feedback_total=0.280s feedback_obs_pack=0.064s feedback_info_pack=0.003s effective_fps=3.41
2026-09-25 22:56:38.548 | INFO     | plugrl_env_client.runner.rollout:log_timing_summary:98 - Intermediate rollout timing summary: env_steps=1754 infer_calls=352 feedback_calls=351 infer_wait=458.806s infer_obs_pack=0.069s env_step=53.063s feedback_total=0.290s feedback_obs_pack=0.069s feedback_info_pack=0.003s effective_fps=3.42
2026-09-25 22:56:39.777 | INFO     | plugrl_env_client.runner.rollout:log_timing_summary:98 - Intermediate rollout timing summary: env_steps=1750 infer_calls=353 feedback_calls=352 infer_wait=459.481s infer_obs_pack=0.051s env_step=52.968s feedback_total=0.284s feedback_obs_pack=0.067s feedback_info_pack=0.003s effective_fps=3.41
2026-09-25 22:56:39.777 | INFO     | plugrl_env_client.runner.rollout:log_timing_summary:98 - Intermediate rollout timing summary: env_steps=1760 infer_calls=353 feedback_calls=352 infer_wait=458.574s infer_obs_pack=0.053s env_step=54.344s feedback_total=0.308s feedback_obs_pack=0.077s feedback_info_pack=0.003s effective_fps=3.43
2026-09-25 22:56:39.778 | INFO     | plugrl_env_client.runner.rollout:log_timing_summary:98 - Intermediate rollout timing summary: env_steps=1750 infer_calls=353 feedback_calls=352 infer_wait=459.918s infer_obs_pack=0.056s env_step=51.806s feedback_total=0.292s feedback_obs_pack=0.067s feedback_info_pack=0.003s effective_fps=3.42
2026-09-25 22:56:39.779 | INFO     | plugrl_env_client.runner.rollout:log_timing_summary:98 - Intermediate rollout timing summary: env_steps=1757 infer_calls=353 feedback_calls=352 infer_wait=461.402s infer_obs_pack=0.051s env_step=52.456s feedback_total=0.294s feedback_obs_pack=0.067s feedback_info_pack=0.003s effective_fps=3.42
2026-09-25 22:56:39.785 | INFO     | plugrl_env_client.runner.rollout:log_timing_summary:98 - Intermediate rollout timing summary: env_steps=1754 infer_calls=353 feedback_calls=352 infer_wait=462.135s infer_obs_pack=0.049s env_step=51.079s feedback_total=0.267s feedback_obs_pack=0.062s feedback_info_pack=0.003s effective_fps=3.42
2026-09-25 22:56:39.786 | INFO     | plugrl_env_client.runner.rollout:log_timing_summary:98 - Intermediate rollout timing summary: env_steps=1752 infer_calls=353 feedback_calls=352 infer_wait=457.838s infer_obs_pack=0.050s env_step=51.769s feedback_total=0.284s feedback_obs_pack=0.066s feedback_info_pack=0.004s effective_fps=3.44
2026-09-25 22:56:39.788 | INFO     | plugrl_env_client.runner.rollout:log_timing_summary:98 - Intermediate rollout timing summary: env_steps=1760 infer_calls=353 feedback_calls=352 infer_wait=461.433s infer_obs_pack=0.053s env_step=52.440s feedback_total=0.289s feedback_obs_pack=0.067s feedback_info_pack=0.004s effective_fps=3.42
2026-09-25 22:56:39.789 | INFO     | plugrl_env_client.runner.rollout:log_timing_summary:98 - Intermediate rollout timing summary: env_steps=1760 infer_calls=353 feedback_calls=352 infer_wait=462.233s infer_obs_pack=0.052s env_step=51.935s feedback_total=0.265s feedback_obs_pack=0.065s feedback_info_pack=0.003s effective_fps=3.42
2026-09-25 22:56:39.791 | INFO     | plugrl_env_client.runner.rollout:log_timing_summary:98 - Intermediate rollout timing summary: env_steps=1756 infer_calls=353 feedback_calls=352 infer_wait=457.166s infer_obs_pack=0.057s env_step=54.850s feedback_total=0.327s feedback_obs_pack=0.077s feedback_info_pack=0.004s effective_fps=3.43
2026-09-25 22:57:08.873 | INFO     | plugrl_env_client.runner.rollout:log_timing_summary:98 - Intermediate rollout timing summary: env_steps=1841 infer_calls=370 feedback_calls=369 infer_wait=483.966s infer_obs_pack=0.073s env_step=55.661s feedback_total=0.304s feedback_obs_pack=0.072s feedback_info_pack=0.003s effective_fps=3.41
2026-09-25 22:57:10.090 | INFO     | plugrl_env_client.runner.rollout:log_timing_summary:98 - Intermediate rollout timing summary: env_steps=1850 infer_calls=371 feedback_calls=370 infer_wait=489.144s infer_obs_pack=0.055s env_step=55.006s feedback_total=0.304s feedback_obs_pack=0.071s feedback_info_pack=0.004s effective_fps=3.40
2026-09-25 22:57:10.094 | INFO     | plugrl_env_client.runner.rollout:log_timing_summary:98 - Intermediate rollout timing summary: env_steps=1848 infer_calls=371 feedback_calls=370 infer_wait=483.328s infer_obs_pack=0.056s env_step=57.070s feedback_total=0.324s feedback_obs_pack=0.080s feedback_info_pack=0.004s effective_fps=3.42
2026-09-25 22:57:10.099 | INFO     | plugrl_env_client.runner.rollout:log_timing_summary:98 - Intermediate rollout timing summary: env_steps=1844 infer_calls=371 feedback_calls=370 infer_wait=489.770s infer_obs_pack=0.052s env_step=53.729s feedback_total=0.283s feedback_obs_pack=0.066s feedback_info_pack=0.003s effective_fps=3.39
2026-09-25 22:57:10.100 | INFO     | plugrl_env_client.runner.rollout:log_timing_summary:98 - Intermediate rollout timing summary: env_steps=1846 infer_calls=371 feedback_calls=370 infer_wait=484.829s infer_obs_pack=0.061s env_step=57.464s feedback_total=0.346s feedback_obs_pack=0.082s feedback_info_pack=0.004s effective_fps=3.40
2026-09-25 22:57:10.102 | INFO     | plugrl_env_client.runner.rollout:log_timing_summary:98 - Intermediate rollout timing summary: env_steps=1838 infer_calls=371 feedback_calls=370 infer_wait=484.328s infer_obs_pack=0.054s env_step=55.782s feedback_total=0.299s feedback_obs_pack=0.071s feedback_info_pack=0.004s effective_fps=3.40
2026-09-25 22:57:10.102 | INFO     | plugrl_env_client.runner.rollout:log_timing_summary:98 - Intermediate rollout timing summary: env_steps=1842 infer_calls=371 feedback_calls=370 infer_wait=485.323s infer_obs_pack=0.052s env_step=54.574s feedback_total=0.299s feedback_obs_pack=0.070s feedback_info_pack=0.004s effective_fps=3.41
2026-09-25 22:57:10.102 | INFO     | plugrl_env_client.runner.rollout:log_timing_summary:98 - Intermediate rollout timing summary: env_steps=1840 infer_calls=371 feedback_calls=370 infer_wait=487.484s infer_obs_pack=0.058s env_step=54.539s feedback_total=0.306s feedback_obs_pack=0.070s feedback_info_pack=0.004s effective_fps=3.39
2026-09-25 22:57:10.105 | INFO     | plugrl_env_client.runner.rollout:log_timing_summary:98 - Intermediate rollout timing summary: env_steps=1847 infer_calls=371 feedback_calls=370 infer_wait=488.920s infer_obs_pack=0.054s env_step=55.239s feedback_total=0.308s feedback_obs_pack=0.070s feedback_info_pack=0.004s effective_fps=3.39
2026-09-25 22:57:10.106 | INFO     | plugrl_env_client.runner.rollout:log_timing_summary:98 - Intermediate rollout timing summary: env_steps=1850 infer_calls=371 feedback_calls=370 infer_wait=489.762s infer_obs_pack=0.055s env_step=54.698s feedback_total=0.279s feedback_obs_pack=0.068s feedback_info_pack=0.004s effective_fps=3.40
2026-09-25 22:57:39.143 | INFO     | plugrl_env_client.runner.rollout:log_timing_summary:98 - Intermediate rollout timing summary: env_steps=1926 infer_calls=387 feedback_calls=386 infer_wait=511.574s infer_obs_pack=0.075s env_step=58.297s feedback_total=0.319s feedback_obs_pack=0.076s feedback_info_pack=0.004s effective_fps=3.38
2026-09-25 22:57:40.352 | INFO     | plugrl_env_client.runner.rollout:log_timing_summary:98 - Intermediate rollout timing summary: env_steps=1925 infer_calls=388 feedback_calls=387 infer_wait=514.979s infer_obs_pack=0.061s env_step=57.269s feedback_total=0.321s feedback_obs_pack=0.074s feedback_info_pack=0.004s effective_fps=3.36
2026-09-25 22:57:40.354 | INFO     | plugrl_env_client.runner.rollout:log_timing_summary:98 - Intermediate rollout timing summary: env_steps=1933 infer_calls=388 feedback_calls=387 infer_wait=510.871s infer_obs_pack=0.059s env_step=59.756s feedback_total=0.343s feedback_obs_pack=0.084s feedback_info_pack=0.004s effective_fps=3.39
2026-09-25 22:57:40.359 | INFO     | plugrl_env_client.runner.rollout:log_timing_summary:98 - Intermediate rollout timing summary: env_steps=1931 infer_calls=388 feedback_calls=387 infer_wait=508.882s infer_obs_pack=0.064s env_step=60.031s feedback_total=0.362s feedback_obs_pack=0.086s feedback_info_pack=0.004s effective_fps=3.39
2026-09-25 22:57:40.361 | INFO     | plugrl_env_client.runner.rollout:log_timing_summary:98 - Intermediate rollout timing summary: env_steps=1927 infer_calls=388 feedback_calls=387 infer_wait=513.164s infer_obs_pack=0.055s env_step=56.966s feedback_total=0.314s feedback_obs_pack=0.073s feedback_info_pack=0.004s effective_fps=3.38
2026-09-25 22:57:40.361 | INFO     | plugrl_env_client.runner.rollout:log_timing_summary:98 - Intermediate rollout timing summary: env_steps=1929 infer_calls=388 feedback_calls=387 infer_wait=514.352s infer_obs_pack=0.055s env_step=56.446s feedback_total=0.299s feedback_obs_pack=0.070s feedback_info_pack=0.004s effective_fps=3.38
2026-09-25 22:57:40.361 | INFO     | plugrl_env_client.runner.rollout:log_timing_summary:98 - Intermediate rollout timing summary: env_steps=1935 infer_calls=388 feedback_calls=387 infer_wait=517.214s infer_obs_pack=0.057s env_step=57.475s feedback_total=0.294s feedback_obs_pack=0.072s feedback_info_pack=0.004s effective_fps=3.36
2026-09-25 22:57:40.362 | INFO     | plugrl_env_client.runner.rollout:log_timing_summary:98 - Intermediate rollout timing summary: env_steps=1935 infer_calls=388 feedback_calls=387 infer_wait=516.908s infer_obs_pack=0.058s env_step=57.489s feedback_total=0.317s feedback_obs_pack=0.074s feedback_info_pack=0.004s effective_fps=3.37
2026-09-25 22:57:40.362 | INFO     | plugrl_env_client.runner.rollout:log_timing_summary:98 - Intermediate rollout timing summary: env_steps=1930 infer_calls=388 feedback_calls=387 infer_wait=514.162s infer_obs_pack=0.056s env_step=57.649s feedback_total=0.322s feedback_obs_pack=0.073s feedback_info_pack=0.004s effective_fps=3.37
2026-09-25 22:57:40.365 | INFO     | plugrl_env_client.runner.rollout:log_timing_summary:98 - Intermediate rollout timing summary: env_steps=1923 infer_calls=388 feedback_calls=387 infer_wait=511.952s infer_obs_pack=0.057s env_step=58.397s feedback_total=0.312s feedback_obs_pack=0.074s feedback_info_pack=0.004s effective_fps=3.37
2026-09-25 22:58:10.272 | INFO     | plugrl_env_client.runner.rollout:log_timing_summary:98 - Intermediate rollout timing summary: env_steps=2031 infer_calls=408 feedback_calls=407 infer_wait=539.422s infer_obs_pack=0.078s env_step=61.546s feedback_total=0.338s feedback_obs_pack=0.080s feedback_info_pack=0.004s effective_fps=3.38
2026-09-25 22:58:10.369 | INFO     | plugrl_env_client.runner.rollout:log_timing_summary:98 - Intermediate rollout timing summary: env_steps=2034 infer_calls=408 feedback_calls=407 infer_wait=535.686s infer_obs_pack=0.067s env_step=63.204s feedback_total=0.381s feedback_obs_pack=0.090s feedback_info_pack=0.004s effective_fps=3.39
2026-09-25 22:58:10.372 | INFO     | plugrl_env_client.runner.rollout:log_timing_summary:98 - Intermediate rollout timing summary: env_steps=2031 infer_calls=408 feedback_calls=408 infer_wait=539.937s infer_obs_pack=0.058s env_step=60.172s feedback_total=0.333s feedback_obs_pack=0.078s feedback_info_pack=0.004s effective_fps=3.38
2026-09-25 22:58:10.376 | INFO     | plugrl_env_client.runner.rollout:log_timing_summary:98 - Intermediate rollout timing summary: env_steps=2035 infer_calls=408 feedback_calls=407 infer_wait=541.521s infer_obs_pack=0.061s env_step=60.613s feedback_total=0.312s feedback_obs_pack=0.077s feedback_info_pack=0.004s effective_fps=3.38
2026-09-25 22:58:10.379 | INFO     | plugrl_env_client.runner.rollout:log_timing_summary:98 - Intermediate rollout timing summary: env_steps=2038 infer_calls=408 feedback_calls=407 infer_wait=541.385s infer_obs_pack=0.061s env_step=60.510s feedback_total=0.334s feedback_obs_pack=0.078s feedback_info_pack=0.004s effective_fps=3.38
2026-09-25 22:58:10.383 | INFO     | plugrl_env_client.runner.rollout:log_timing_summary:98 - Intermediate rollout timing summary: env_steps=2028 infer_calls=408 feedback_calls=407 infer_wait=541.882s infer_obs_pack=0.064s env_step=60.368s feedback_total=0.337s feedback_obs_pack=0.078s feedback_info_pack=0.004s effective_fps=3.37
2026-09-25 22:58:10.385 | INFO     | plugrl_env_client.runner.rollout:log_timing_summary:98 - Intermediate rollout timing summary: env_steps=2036 infer_calls=408 feedback_calls=407 infer_wait=537.431s infer_obs_pack=0.062s env_step=63.190s feedback_total=0.365s feedback_obs_pack=0.090s feedback_info_pack=0.004s effective_fps=3.39
2026-09-25 22:58:10.388 | INFO     | plugrl_env_client.runner.rollout:log_timing_summary:98 - Intermediate rollout timing summary: env_steps=2026 infer_calls=408 feedback_calls=407 infer_wait=538.852s infer_obs_pack=0.060s env_step=61.490s feedback_total=0.329s feedback_obs_pack=0.077s feedback_info_pack=0.004s effective_fps=3.37
2026-09-25 22:58:10.389 | INFO     | plugrl_env_client.runner.rollout:log_timing_summary:98 - Intermediate rollout timing summary: env_steps=2033 infer_calls=408 feedback_calls=407 infer_wait=540.857s infer_obs_pack=0.059s env_step=60.951s feedback_total=0.340s feedback_obs_pack=0.077s feedback_info_pack=0.004s effective_fps=3.38
2026-09-25 22:58:10.390 | INFO     | plugrl_env_client.runner.rollout:log_timing_summary:98 - Intermediate rollout timing summary: env_steps=2032 infer_calls=408 feedback_calls=407 infer_wait=541.110s infer_obs_pack=0.058s env_step=59.684s feedback_total=0.317s feedback_obs_pack=0.074s feedback_info_pack=0.004s effective_fps=3.38
2026-09-25 23:51:47.110 | INFO     | plugrl_env_client.runner.rollout:log_timing_summary:98 - Intermediate rollout timing summary: env_steps=2044 infer_calls=411 feedback_calls=410 infer_wait=3757.487s infer_obs_pack=0.058s env_step=60.021s feedback_total=0.320s feedback_obs_pack=0.075s feedback_info_pack=0.004s effective_fps=0.54
2026-09-25 23:51:47.111 | INFO     | plugrl_env_client.runner.rollout:log_timing_summary:98 - Intermediate rollout timing summary: env_steps=2050 infer_calls=411 feedback_calls=410 infer_wait=3757.746s infer_obs_pack=0.062s env_step=60.877s feedback_total=0.337s feedback_obs_pack=0.079s feedback_info_pack=0.004s effective_fps=0.54
2026-09-25 23:51:47.113 | INFO     | plugrl_env_client.runner.rollout:log_timing_summary:98 - Intermediate rollout timing summary: env_steps=2046 infer_calls=411 feedback_calls=410 infer_wait=3752.058s infer_obs_pack=0.068s env_step=63.572s feedback_total=0.384s feedback_obs_pack=0.091s feedback_info_pack=0.004s effective_fps=0.54
2026-09-25 23:51:47.118 | INFO     | plugrl_env_client.runner.rollout:log_timing_summary:98 - Intermediate rollout timing summary: env_steps=2040 infer_calls=411 feedback_calls=410 infer_wait=3758.197s infer_obs_pack=0.065s env_step=60.782s feedback_total=0.340s feedback_obs_pack=0.079s feedback_info_pack=0.004s effective_fps=0.53
2026-09-25 23:51:47.120 | INFO     | plugrl_env_client.runner.rollout:log_timing_summary:98 - Intermediate rollout timing summary: env_steps=2048 infer_calls=411 feedback_calls=410 infer_wait=3753.765s infer_obs_pack=0.063s env_step=63.586s feedback_total=0.368s feedback_obs_pack=0.090s feedback_info_pack=0.004s effective_fps=0.54
2026-09-25 23:51:47.122 | INFO     | plugrl_env_client.runner.rollout:log_timing_summary:98 - Intermediate rollout timing summary: env_steps=2047 infer_calls=411 feedback_calls=410 infer_wait=3757.892s infer_obs_pack=0.061s env_step=60.983s feedback_total=0.314s feedback_obs_pack=0.077s feedback_info_pack=0.004s effective_fps=0.54
2026-09-25 23:51:47.123 | INFO     | plugrl_env_client.runner.rollout:log_timing_summary:98 - Intermediate rollout timing summary: env_steps=2038 infer_calls=411 feedback_calls=410 infer_wait=3755.179s infer_obs_pack=0.060s env_step=61.892s feedback_total=0.333s feedback_obs_pack=0.078s feedback_info_pack=0.004s effective_fps=0.53
2026-09-25 23:51:47.123 | INFO     | plugrl_env_client.runner.rollout:log_timing_summary:98 - Intermediate rollout timing summary: env_steps=2045 infer_calls=411 feedback_calls=410 infer_wait=3757.223s infer_obs_pack=0.060s env_step=61.313s feedback_total=0.343s feedback_obs_pack=0.078s feedback_info_pack=0.004s effective_fps=0.54
2026-09-25 23:51:47.124 | INFO     | plugrl_env_client.runner.rollout:log_timing_summary:98 - Intermediate rollout timing summary: env_steps=2042 infer_calls=411 feedback_calls=410 infer_wait=3756.304s infer_obs_pack=0.058s env_step=60.554s feedback_total=0.335s feedback_obs_pack=0.078s feedback_info_pack=0.004s effective_fps=0.53
2026-09-25 23:51:47.125 | INFO     | plugrl_env_client.runner.rollout:log_timing_summary:98 - Intermediate rollout timing summary: env_steps=2046 infer_calls=411 feedback_calls=410 infer_wait=3755.781s infer_obs_pack=0.078s env_step=62.035s feedback_total=0.340s feedback_obs_pack=0.080s feedback_info_pack=0.004s effective_fps=0.54
2026-09-25 23:52:17.967 | INFO     | plugrl_env_client.runner.rollout:log_timing_summary:98 - Intermediate rollout timing summary: env_steps=2175 infer_calls=436 feedback_calls=435 infer_wait=3784.501s infer_obs_pack=0.066s env_step=64.937s feedback_total=0.359s feedback_obs_pack=0.084s feedback_info_pack=0.005s effective_fps=0.56
2026-09-25 23:52:17.968 | INFO     | plugrl_env_client.runner.rollout:log_timing_summary:98 - Intermediate rollout timing summary: env_steps=2165 infer_calls=436 feedback_calls=435 infer_wait=3785.063s infer_obs_pack=0.069s env_step=64.728s feedback_total=0.362s feedback_obs_pack=0.085s feedback_info_pack=0.004s effective_fps=0.56
2026-09-25 23:52:17.969 | INFO     | plugrl_env_client.runner.rollout:log_timing_summary:98 - Intermediate rollout timing summary: env_steps=2171 infer_calls=436 feedback_calls=435 infer_wait=3779.009s infer_obs_pack=0.072s env_step=67.435s feedback_total=0.409s feedback_obs_pack=0.097s feedback_info_pack=0.005s effective_fps=0.56
2026-09-25 23:52:17.969 | INFO     | plugrl_env_client.runner.rollout:log_timing_summary:98 - Intermediate rollout timing summary: env_steps=2169 infer_calls=436 feedback_calls=435 infer_wait=3784.163s infer_obs_pack=0.063s env_step=64.166s feedback_total=0.341s feedback_obs_pack=0.080s feedback_info_pack=0.004s effective_fps=0.56
2026-09-25 23:52:17.969 | INFO     | plugrl_env_client.runner.rollout:log_timing_summary:98 - Intermediate rollout timing summary: env_steps=2171 infer_calls=436 feedback_calls=435 infer_wait=3782.271s infer_obs_pack=0.082s env_step=66.351s feedback_total=0.362s feedback_obs_pack=0.086s feedback_info_pack=0.004s effective_fps=0.56
2026-09-25 23:52:17.969 | INFO     | plugrl_env_client.runner.rollout:log_timing_summary:98 - Intermediate rollout timing summary: env_steps=2172 infer_calls=436 feedback_calls=435 infer_wait=3784.841s infer_obs_pack=0.066s env_step=64.843s feedback_total=0.336s feedback_obs_pack=0.082s feedback_info_pack=0.004s effective_fps=0.56
2026-09-25 23:52:17.969 | INFO     | plugrl_env_client.runner.rollout:log_timing_summary:98 - Intermediate rollout timing summary: env_steps=2170 infer_calls=436 feedback_calls=435 infer_wait=3784.022s infer_obs_pack=0.063s env_step=65.324s feedback_total=0.364s feedback_obs_pack=0.083s feedback_info_pack=0.004s effective_fps=0.56
2026-09-25 23:52:17.970 | INFO     | plugrl_env_client.runner.rollout:log_timing_summary:98 - Intermediate rollout timing summary: env_steps=2173 infer_calls=436 feedback_calls=435 infer_wait=3780.590s infer_obs_pack=0.066s env_step=67.573s feedback_total=0.390s feedback_obs_pack=0.095s feedback_info_pack=0.004s effective_fps=0.56
2026-09-25 23:52:17.972 | INFO     | plugrl_env_client.runner.rollout:log_timing_summary:98 - Intermediate rollout timing summary: env_steps=2163 infer_calls=436 feedback_calls=435 infer_wait=3782.016s infer_obs_pack=0.064s env_step=65.867s feedback_total=0.354s feedback_obs_pack=0.083s feedback_info_pack=0.004s effective_fps=0.56
2026-09-25 23:52:17.973 | INFO     | plugrl_env_client.runner.rollout:log_timing_summary:98 - Intermediate rollout timing summary: env_steps=2167 infer_calls=436 feedback_calls=435 infer_wait=3783.035s infer_obs_pack=0.062s env_step=64.633s feedback_total=0.357s feedback_obs_pack=0.084s feedback_info_pack=0.004s effective_fps=0.56
2026-09-25 23:52:47.978 | INFO     | plugrl_env_client.runner.rollout:log_timing_summary:98 - Intermediate rollout timing summary: env_steps=2256 infer_calls=453 feedback_calls=453 infer_wait=3807.860s infer_obs_pack=0.065s env_step=67.420s feedback_total=0.372s feedback_obs_pack=0.087s feedback_info_pack=0.005s effective_fps=0.58
2026-09-25 23:52:47.978 | INFO     | plugrl_env_client.runner.rollout:log_timing_summary:98 - Intermediate rollout timing summary: env_steps=2252 infer_calls=453 feedback_calls=453 infer_wait=3809.151s infer_obs_pack=0.067s env_step=68.711s feedback_total=0.370s feedback_obs_pack=0.087s feedback_info_pack=0.005s effective_fps=0.58
2026-09-25 23:52:47.979 | INFO     | plugrl_env_client.runner.rollout:log_timing_summary:98 - Intermediate rollout timing summary: env_steps=2254 infer_calls=453 feedback_calls=453 infer_wait=3808.498s infer_obs_pack=0.072s env_step=67.602s feedback_total=0.378s feedback_obs_pack=0.089s feedback_info_pack=0.004s effective_fps=0.58
2026-09-25 23:52:47.980 | INFO     | plugrl_env_client.runner.rollout:log_timing_summary:98 - Intermediate rollout timing summary: env_steps=2261 infer_calls=453 feedback_calls=453 infer_wait=3811.853s infer_obs_pack=0.068s env_step=67.814s feedback_total=0.352s feedback_obs_pack=0.086s feedback_info_pack=0.005s effective_fps=0.58
2026-09-25 23:52:47.981 | INFO     | plugrl_env_client.runner.rollout:log_timing_summary:98 - Intermediate rollout timing summary: env_steps=2258 infer_calls=453 feedback_calls=453 infer_wait=3805.099s infer_obs_pack=0.069s env_step=70.251s feedback_total=0.406s feedback_obs_pack=0.099s feedback_info_pack=0.005s effective_fps=0.58
2026-09-25 23:52:47.982 | INFO     | plugrl_env_client.runner.rollout:log_timing_summary:98 - Intermediate rollout timing summary: env_steps=2260 infer_calls=453 feedback_calls=453 infer_wait=3809.554s infer_obs_pack=0.085s env_step=69.055s feedback_total=0.378s feedback_obs_pack=0.089s feedback_info_pack=0.004s effective_fps=0.58
2026-09-25 23:52:47.991 | INFO     | plugrl_env_client.runner.rollout:log_timing_summary:98 - Intermediate rollout timing summary: env_steps=2259 infer_calls=453 feedback_calls=453 infer_wait=3811.060s infer_obs_pack=0.066s env_step=68.280s feedback_total=0.380s feedback_obs_pack=0.086s feedback_info_pack=0.004s effective_fps=0.58
2026-09-25 23:52:47.994 | INFO     | plugrl_env_client.runner.rollout:log_timing_summary:98 - Intermediate rollout timing summary: env_steps=2258 infer_calls=453 feedback_calls=453 infer_wait=3811.547s infer_obs_pack=0.066s env_step=66.782s feedback_total=0.355s feedback_obs_pack=0.084s feedback_info_pack=0.004s effective_fps=0.58
2026-09-25 23:52:51.609 | INFO     | plugrl_env_client.runner.rollout:log_timing_summary:98 - Intermediate rollout timing summary: env_steps=2258 infer_calls=453 feedback_calls=453 infer_wait=3806.077s infer_obs_pack=0.075s env_step=70.280s feedback_total=0.425s feedback_obs_pack=0.100s feedback_info_pack=0.005s effective_fps=0.58
2026-09-25 23:52:52.727 | INFO     | plugrl_env_client.runner.rollout:log_timing_summary:98 - Intermediate rollout timing summary: env_steps=2265 infer_calls=454 feedback_calls=453 infer_wait=3816.416s infer_obs_pack=0.069s env_step=67.755s feedback_total=0.374s feedback_obs_pack=0.088s feedback_info_pack=0.005s effective_fps=0.58
2026-09-25 23:53:18.214 | INFO     | plugrl_env_client.runner.rollout:log_timing_summary:98 - Intermediate rollout timing summary: env_steps=2333 infer_calls=470 feedback_calls=469 infer_wait=3834.049s infer_obs_pack=0.070s env_step=71.381s feedback_total=0.384s feedback_obs_pack=0.091s feedback_info_pack=0.005s effective_fps=0.60
2026-09-25 23:53:18.214 | INFO     | plugrl_env_client.runner.rollout:log_timing_summary:98 - Intermediate rollout timing summary: env_steps=2339 infer_calls=470 feedback_calls=469 infer_wait=3835.831s infer_obs_pack=0.069s env_step=71.023s feedback_total=0.395s feedback_obs_pack=0.090s feedback_info_pack=0.005s effective_fps=0.60
2026-09-25 23:53:18.214 | INFO     | plugrl_env_client.runner.rollout:log_timing_summary:98 - Intermediate rollout timing summary: env_steps=2341 infer_calls=470 feedback_calls=469 infer_wait=3834.040s infer_obs_pack=0.088s env_step=71.873s feedback_total=0.393s feedback_obs_pack=0.093s feedback_info_pack=0.004s effective_fps=0.60
2026-09-25 23:53:18.215 | INFO     | plugrl_env_client.runner.rollout:log_timing_summary:98 - Intermediate rollout timing summary: env_steps=2339 infer_calls=470 feedback_calls=469 infer_wait=3832.514s infer_obs_pack=0.072s env_step=73.044s feedback_total=0.420s feedback_obs_pack=0.102s feedback_info_pack=0.005s effective_fps=0.60
2026-09-25 23:53:18.215 | INFO     | plugrl_env_client.runner.rollout:log_timing_summary:98 - Intermediate rollout timing summary: env_steps=2337 infer_calls=470 feedback_calls=469 infer_wait=3835.449s infer_obs_pack=0.068s env_step=70.043s feedback_total=0.386s feedback_obs_pack=0.090s feedback_info_pack=0.005s effective_fps=0.60
2026-09-25 23:53:18.215 | INFO     | plugrl_env_client.runner.rollout:log_timing_summary:98 - Intermediate rollout timing summary: env_steps=2342 infer_calls=470 feedback_calls=469 infer_wait=3839.224s infer_obs_pack=0.071s env_step=70.653s feedback_total=0.367s feedback_obs_pack=0.090s feedback_info_pack=0.005s effective_fps=0.60
2026-09-25 23:53:18.217 | INFO     | plugrl_env_client.runner.rollout:log_timing_summary:98 - Intermediate rollout timing summary: env_steps=2335 infer_calls=470 feedback_calls=469 infer_wait=3835.984s infer_obs_pack=0.075s env_step=70.328s feedback_total=0.392s feedback_obs_pack=0.092s feedback_info_pack=0.004s effective_fps=0.60
2026-09-25 23:53:18.217 | INFO     | plugrl_env_client.runner.rollout:log_timing_summary:98 - Intermediate rollout timing summary: env_steps=2339 infer_calls=470 feedback_calls=469 infer_wait=3838.943s infer_obs_pack=0.069s env_step=69.584s feedback_total=0.369s feedback_obs_pack=0.087s feedback_info_pack=0.004s effective_fps=0.60
2026-09-25 23:53:21.904 | INFO     | plugrl_env_client.runner.rollout:log_timing_summary:98 - Intermediate rollout timing summary: env_steps=2354 infer_calls=473 feedback_calls=472 infer_wait=3833.364s infer_obs_pack=0.078s env_step=73.257s feedback_total=0.442s feedback_obs_pack=0.105s feedback_info_pack=0.005s effective_fps=0.60
2026-09-25 23:53:23.150 | INFO     | plugrl_env_client.runner.rollout:log_timing_summary:98 - Intermediate rollout timing summary: env_steps=2365 infer_calls=474 feedback_calls=473 infer_wait=3843.484s infer_obs_pack=0.072s env_step=71.080s feedback_total=0.392s feedback_obs_pack=0.093s feedback_info_pack=0.005s effective_fps=0.60
2026-09-25 23:53:48.216 | INFO     | plugrl_env_client.runner.rollout:log_timing_summary:98 - Intermediate rollout timing summary: env_steps=2440 infer_calls=490 feedback_calls=489 infer_wait=3859.129s infer_obs_pack=0.075s env_step=76.400s feedback_total=0.437s feedback_obs_pack=0.107s feedback_info_pack=0.005s effective_fps=0.62
2026-09-25 23:53:48.216 | INFO     | plugrl_env_client.runner.rollout:log_timing_summary:98 - Intermediate rollout timing summary: env_steps=2442 infer_calls=490 feedback_calls=489 infer_wait=3863.383s infer_obs_pack=0.075s env_step=73.962s feedback_total=0.385s feedback_obs_pack=0.094s feedback_info_pack=0.005s effective_fps=0.62
2026-09-25 23:53:48.218 | INFO     | plugrl_env_client.runner.rollout:log_timing_summary:98 - Intermediate rollout timing summary: env_steps=2441 infer_calls=490 feedback_calls=489 infer_wait=3862.610s infer_obs_pack=0.072s env_step=74.218s feedback_total=0.412s feedback_obs_pack=0.094s feedback_info_pack=0.005s effective_fps=0.62
2026-09-25 23:53:48.219 | INFO     | plugrl_env_client.runner.rollout:log_timing_summary:98 - Intermediate rollout timing summary: env_steps=2437 infer_calls=490 feedback_calls=489 infer_wait=3862.737s infer_obs_pack=0.078s env_step=73.547s feedback_total=0.410s feedback_obs_pack=0.096s feedback_info_pack=0.005s effective_fps=0.62
2026-09-25 23:53:48.220 | INFO     | plugrl_env_client.runner.rollout:log_timing_summary:98 - Intermediate rollout timing summary: env_steps=2434 infer_calls=490 feedback_calls=489 infer_wait=3860.743s infer_obs_pack=0.074s env_step=74.665s feedback_total=0.400s feedback_obs_pack=0.095s feedback_info_pack=0.005s effective_fps=0.62
2026-09-25 23:53:48.221 | INFO     | plugrl_env_client.runner.rollout:log_timing_summary:98 - Intermediate rollout timing summary: env_steps=2442 infer_calls=490 feedback_calls=489 infer_wait=3860.674s infer_obs_pack=0.091s env_step=75.215s feedback_total=0.410s feedback_obs_pack=0.097s feedback_info_pack=0.005s effective_fps=0.62
2026-09-25 23:53:48.247 | INFO     | plugrl_env_client.runner.rollout:log_timing_summary:98 - Intermediate rollout timing summary: env_steps=2439 infer_calls=490 feedback_calls=489 infer_wait=3861.981s infer_obs_pack=0.071s env_step=73.512s feedback_total=0.404s feedback_obs_pack=0.095s feedback_info_pack=0.005s effective_fps=0.62
2026-09-25 23:53:48.247 | INFO     | plugrl_env_client.runner.rollout:log_timing_summary:98 - Intermediate rollout timing summary: env_steps=2441 infer_calls=490 feedback_calls=489 infer_wait=3862.739s infer_obs_pack=0.072s env_step=73.071s feedback_total=0.388s feedback_obs_pack=0.092s feedback_info_pack=0.005s effective_fps=0.62
2026-09-25 23:53:51.931 | INFO     | plugrl_env_client.runner.rollout:log_timing_summary:98 - Intermediate rollout timing summary: env_steps=2455 infer_calls=493 feedback_calls=492 infer_wait=3860.559s infer_obs_pack=0.081s env_step=76.064s feedback_total=0.457s feedback_obs_pack=0.108s feedback_info_pack=0.005s effective_fps=0.62
2026-09-25 23:53:53.183 | INFO     | plugrl_env_client.runner.rollout:log_timing_summary:98 - Intermediate rollout timing summary: env_steps=2466 infer_calls=494 feedback_calls=493 infer_wait=3870.079s infer_obs_pack=0.076s env_step=74.486s feedback_total=0.410s feedback_obs_pack=0.097s feedback_info_pack=0.005s effective_fps=0.63
2026-09-25 23:54:18.222 | INFO     | plugrl_env_client.runner.rollout:log_timing_summary:98 - Intermediate rollout timing summary: env_steps=2548 infer_calls=513 feedback_calls=512 infer_wait=3887.244s infer_obs_pack=0.077s env_step=78.133s feedback_total=0.418s feedback_obs_pack=0.099s feedback_info_pack=0.005s effective_fps=0.64
2026-09-25 23:54:18.223 | INFO     | plugrl_env_client.runner.rollout:log_timing_summary:98 - Intermediate rollout timing summary: env_steps=2556 infer_calls=513 feedback_calls=512 infer_wait=3887.227s infer_obs_pack=0.094s env_step=78.633s feedback_total=0.428s feedback_obs_pack=0.101s feedback_info_pack=0.005s effective_fps=0.64
2026-09-25 23:54:18.224 | INFO     | plugrl_env_client.runner.rollout:log_timing_summary:98 - Intermediate rollout timing summary: env_steps=2556 infer_calls=513 feedback_calls=512 infer_wait=3890.134s infer_obs_pack=0.078s env_step=77.186s feedback_total=0.404s feedback_obs_pack=0.099s feedback_info_pack=0.005s effective_fps=0.64
2026-09-25 23:54:18.224 | INFO     | plugrl_env_client.runner.rollout:log_timing_summary:98 - Intermediate rollout timing summary: env_steps=2550 infer_calls=513 feedback_calls=512 infer_wait=3889.362s infer_obs_pack=0.081s env_step=76.896s feedback_total=0.428s feedback_obs_pack=0.100s feedback_info_pack=0.005s effective_fps=0.64
2026-09-25 23:54:18.224 | INFO     | plugrl_env_client.runner.rollout:log_timing_summary:98 - Intermediate rollout timing summary: env_steps=2554 infer_calls=513 feedback_calls=512 infer_wait=3885.986s infer_obs_pack=0.079s env_step=79.518s feedback_total=0.455s feedback_obs_pack=0.111s feedback_info_pack=0.005s effective_fps=0.64
2026-09-25 23:54:18.226 | INFO     | plugrl_env_client.runner.rollout:log_timing_summary:98 - Intermediate rollout timing summary: env_steps=2554 infer_calls=513 feedback_calls=512 infer_wait=3889.282s infer_obs_pack=0.076s env_step=77.523s feedback_total=0.429s feedback_obs_pack=0.098s feedback_info_pack=0.005s effective_fps=0.64
2026-09-25 23:54:18.258 | INFO     | plugrl_env_client.runner.rollout:log_timing_summary:98 - Intermediate rollout timing summary: env_steps=2555 infer_calls=513 feedback_calls=512 infer_wait=3889.407s infer_obs_pack=0.075s env_step=76.384s feedback_total=0.405s feedback_obs_pack=0.095s feedback_info_pack=0.005s effective_fps=0.64
2026-09-25 23:54:18.264 | INFO     | plugrl_env_client.runner.rollout:log_timing_summary:98 - Intermediate rollout timing summary: env_steps=2554 infer_calls=513 feedback_calls=512 infer_wait=3888.591s infer_obs_pack=0.074s env_step=76.887s feedback_total=0.421s feedback_obs_pack=0.099s feedback_info_pack=0.005s effective_fps=0.64
2026-09-25 23:54:22.068 | INFO     | plugrl_env_client.runner.rollout:log_timing_summary:98 - Intermediate rollout timing summary: env_steps=2569 infer_calls=516 feedback_calls=515 infer_wait=3887.283s infer_obs_pack=0.085s env_step=79.442s feedback_total=0.477s feedback_obs_pack=0.113s feedback_info_pack=0.006s effective_fps=0.65
2026-09-25 23:54:23.337 | INFO     | plugrl_env_client.runner.rollout:log_timing_summary:98 - Intermediate rollout timing summary: env_steps=2579 infer_calls=517 feedback_calls=516 infer_wait=3894.763s infer_obs_pack=0.079s env_step=77.672s feedback_total=0.428s feedback_obs_pack=0.102s feedback_info_pack=0.006s effective_fps=0.65
2026-09-25 23:54:48.349 | INFO     | plugrl_env_client.runner.rollout:log_timing_summary:98 - Intermediate rollout timing summary: env_steps=2674 infer_calls=537 feedback_calls=536 infer_wait=3915.563s infer_obs_pack=0.079s env_step=80.278s feedback_total=0.427s feedback_obs_pack=0.101s feedback_info_pack=0.005s effective_fps=0.67
2026-09-25 23:54:48.351 | INFO     | plugrl_env_client.runner.rollout:log_timing_summary:98 - Intermediate rollout timing summary: env_steps=2676 infer_calls=537 feedback_calls=536 infer_wait=3913.414s infer_obs_pack=0.097s env_step=82.538s feedback_total=0.448s feedback_obs_pack=0.106s feedback_info_pack=0.005s effective_fps=0.67
2026-09-25 23:54:48.351 | INFO     | plugrl_env_client.runner.rollout:log_timing_summary:98 - Intermediate rollout timing summary: env_steps=2672 infer_calls=537 feedback_calls=536 infer_wait=3914.850s infer_obs_pack=0.078s env_step=80.682s feedback_total=0.441s feedback_obs_pack=0.104s feedback_info_pack=0.005s effective_fps=0.67
2026-09-25 23:54:48.353 | INFO     | plugrl_env_client.runner.rollout:log_timing_summary:98 - Intermediate rollout timing summary: env_steps=2668 infer_calls=537 feedback_calls=536 infer_wait=3913.425s infer_obs_pack=0.081s env_step=82.047s feedback_total=0.438s feedback_obs_pack=0.103s feedback_info_pack=0.005s effective_fps=0.67
2026-09-25 23:54:48.353 | INFO     | plugrl_env_client.runner.rollout:log_timing_summary:98 - Intermediate rollout timing summary: env_steps=2674 infer_calls=537 feedback_calls=536 infer_wait=3915.223s infer_obs_pack=0.080s env_step=81.671s feedback_total=0.451s feedback_obs_pack=0.103s feedback_info_pack=0.005s effective_fps=0.67
2026-09-25 23:54:48.353 | INFO     | plugrl_env_client.runner.rollout:log_timing_summary:98 - Intermediate rollout timing summary: env_steps=2676 infer_calls=537 feedback_calls=536 infer_wait=3916.204s infer_obs_pack=0.082s env_step=81.210s feedback_total=0.425s feedback_obs_pack=0.104s feedback_info_pack=0.005s effective_fps=0.67
2026-09-25 23:54:48.353 | INFO     | plugrl_env_client.runner.rollout:log_timing_summary:98 - Intermediate rollout timing summary: env_steps=2670 infer_calls=537 feedback_calls=536 infer_wait=3915.703s infer_obs_pack=0.085s env_step=80.648s feedback_total=0.448s feedback_obs_pack=0.104s feedback_info_pack=0.005s effective_fps=0.67
2026-09-25 23:54:48.354 | INFO     | plugrl_env_client.runner.rollout:log_timing_summary:98 - Intermediate rollout timing summary: env_steps=2674 infer_calls=537 feedback_calls=536 infer_wait=3912.211s infer_obs_pack=0.083s env_step=83.386s feedback_total=0.476s feedback_obs_pack=0.116s feedback_info_pack=0.005s effective_fps=0.67
2026-09-25 23:54:53.152 | INFO     | plugrl_env_client.runner.rollout:log_timing_summary:98 - Intermediate rollout timing summary: env_steps=2679 infer_calls=538 feedback_calls=537 infer_wait=3915.063s infer_obs_pack=0.088s env_step=82.715s feedback_total=0.496s feedback_obs_pack=0.117s feedback_info_pack=0.006s effective_fps=0.67
2026-09-25 23:54:54.431 | INFO     | plugrl_env_client.runner.rollout:log_timing_summary:98 - Intermediate rollout timing summary: env_steps=2689 infer_calls=539 feedback_calls=538 infer_wait=3922.250s infer_obs_pack=0.083s env_step=81.246s feedback_total=0.446s feedback_obs_pack=0.106s feedback_info_pack=0.006s effective_fps=0.67
2026-09-25 23:55:20.354 | INFO     | plugrl_env_client.runner.rollout:log_timing_summary:98 - Intermediate rollout timing summary: env_steps=2746 infer_calls=551 feedback_calls=551 infer_wait=3940.824s infer_obs_pack=0.080s env_step=83.091s feedback_total=0.455s feedback_obs_pack=0.107s feedback_info_pack=0.006s effective_fps=0.68
2026-09-25 23:55:21.471 | INFO     | plugrl_env_client.runner.rollout:log_timing_summary:98 - Intermediate rollout timing summary: env_steps=2751 infer_calls=552 feedback_calls=551 infer_wait=3944.043s infer_obs_pack=0.100s env_step=85.005s feedback_total=0.461s feedback_obs_pack=0.109s feedback_info_pack=0.005s effective_fps=0.68
2026-09-25 23:55:21.477 | INFO     | plugrl_env_client.runner.rollout:log_timing_summary:98 - Intermediate rollout timing summary: env_steps=2751 infer_calls=552 feedback_calls=551 infer_wait=3946.820s infer_obs_pack=0.084s env_step=83.694s feedback_total=0.439s feedback_obs_pack=0.107s feedback_info_pack=0.006s effective_fps=0.68
2026-09-25 23:55:21.479 | INFO     | plugrl_env_client.runner.rollout:log_timing_summary:98 - Intermediate rollout timing summary: env_steps=2745 infer_calls=552 feedback_calls=551 infer_wait=3942.703s infer_obs_pack=0.088s env_step=83.175s feedback_total=0.461s feedback_obs_pack=0.108s feedback_info_pack=0.005s effective_fps=0.68
2026-09-25 23:55:21.479 | INFO     | plugrl_env_client.runner.rollout:log_timing_summary:98 - Intermediate rollout timing summary: env_steps=2746 infer_calls=552 feedback_calls=551 infer_wait=3942.325s infer_obs_pack=0.082s env_step=84.061s feedback_total=0.464s feedback_obs_pack=0.106s feedback_info_pack=0.005s effective_fps=0.68
2026-09-25 23:55:21.480 | INFO     | plugrl_env_client.runner.rollout:log_timing_summary:98 - Intermediate rollout timing summary: env_steps=2743 infer_calls=552 feedback_calls=551 infer_wait=3944.059s infer_obs_pack=0.083s env_step=84.517s feedback_total=0.451s feedback_obs_pack=0.107s feedback_info_pack=0.005s effective_fps=0.68
2026-09-25 23:55:21.481 | INFO     | plugrl_env_client.runner.rollout:log_timing_summary:98 - Intermediate rollout timing summary: env_steps=2749 infer_calls=552 feedback_calls=551 infer_wait=3946.256s infer_obs_pack=0.082s env_step=82.692s feedback_total=0.442s feedback_obs_pack=0.104s feedback_info_pack=0.005s effective_fps=0.68
2026-09-25 23:55:21.481 | INFO     | plugrl_env_client.runner.rollout:log_timing_summary:98 - Intermediate rollout timing summary: env_steps=2749 infer_calls=552 feedback_calls=551 infer_wait=3939.477s infer_obs_pack=0.086s env_step=85.777s feedback_total=0.488s feedback_obs_pack=0.119s feedback_info_pack=0.006s effective_fps=0.68
2026-09-25 23:55:27.492 | INFO     | plugrl_env_client.runner.rollout:log_timing_summary:98 - Intermediate rollout timing summary: env_steps=2756 infer_calls=554 feedback_calls=553 infer_wait=3944.449s infer_obs_pack=0.091s env_step=84.981s feedback_total=0.509s feedback_obs_pack=0.120s feedback_info_pack=0.006s effective_fps=0.68
2026-09-25 23:55:27.497 | INFO     | plugrl_env_client.runner.rollout:log_timing_summary:98 - Intermediate rollout timing summary: env_steps=2764 infer_calls=554 feedback_calls=553 infer_wait=3952.736s infer_obs_pack=0.085s env_step=83.803s feedback_total=0.459s feedback_obs_pack=0.110s feedback_info_pack=0.006s effective_fps=0.68
2026-09-25 23:55:51.024 | INFO     | plugrl_env_client.runner.rollout:log_timing_summary:98 - Intermediate rollout timing summary: env_steps=2832 infer_calls=569 feedback_calls=568 infer_wait=3968.712s infer_obs_pack=0.083s env_step=85.845s feedback_total=0.470s feedback_obs_pack=0.110s feedback_info_pack=0.006s effective_fps=0.70
2026-09-25 23:55:52.237 | INFO     | plugrl_env_client.runner.rollout:log_timing_summary:98 - Intermediate rollout timing summary: env_steps=2839 infer_calls=570 feedback_calls=569 infer_wait=3974.056s infer_obs_pack=0.085s env_step=85.621s feedback_total=0.457s feedback_obs_pack=0.108s feedback_info_pack=0.005s effective_fps=0.70
2026-09-25 23:55:52.239 | INFO     | plugrl_env_client.runner.rollout:log_timing_summary:98 - Intermediate rollout timing summary: env_steps=2833 infer_calls=570 feedback_calls=569 infer_wait=3969.353s infer_obs_pack=0.086s env_step=87.394s feedback_total=0.465s feedback_obs_pack=0.110s feedback_info_pack=0.006s effective_fps=0.70
2026-09-25 23:55:52.240 | INFO     | plugrl_env_client.runner.rollout:log_timing_summary:98 - Intermediate rollout timing summary: env_steps=2835 infer_calls=570 feedback_calls=569 infer_wait=3970.455s infer_obs_pack=0.090s env_step=86.157s feedback_total=0.476s feedback_obs_pack=0.111s feedback_info_pack=0.005s effective_fps=0.70
2026-09-25 23:55:52.240 | INFO     | plugrl_env_client.runner.rollout:log_timing_summary:98 - Intermediate rollout timing summary: env_steps=2836 infer_calls=570 feedback_calls=569 infer_wait=3970.405s infer_obs_pack=0.085s env_step=86.717s feedback_total=0.478s feedback_obs_pack=0.109s feedback_info_pack=0.006s effective_fps=0.70
2026-09-25 23:55:52.241 | INFO     | plugrl_env_client.runner.rollout:log_timing_summary:98 - Intermediate rollout timing summary: env_steps=2841 infer_calls=570 feedback_calls=569 infer_wait=3969.474s infer_obs_pack=0.103s env_step=87.788s feedback_total=0.475s feedback_obs_pack=0.112s feedback_info_pack=0.005s effective_fps=0.70
2026-09-25 23:55:52.241 | INFO     | plugrl_env_client.runner.rollout:log_timing_summary:98 - Intermediate rollout timing summary: env_steps=2839 infer_calls=570 feedback_calls=569 infer_wait=3967.228s infer_obs_pack=0.088s env_step=88.758s feedback_total=0.503s feedback_obs_pack=0.123s feedback_info_pack=0.006s effective_fps=0.70
2026-09-25 23:55:52.245 | INFO     | plugrl_env_client.runner.rollout:log_timing_summary:98 - Intermediate rollout timing summary: env_steps=2841 infer_calls=570 feedback_calls=569 infer_wait=3971.248s infer_obs_pack=0.087s env_step=86.458s feedback_total=0.454s feedback_obs_pack=0.110s feedback_info_pack=0.006s effective_fps=0.70
2026-09-25 23:55:58.401 | INFO     | plugrl_env_client.runner.rollout:log_timing_summary:98 - Intermediate rollout timing summary: env_steps=2861 infer_calls=575 feedback_calls=574 infer_wait=3972.200s infer_obs_pack=0.094s env_step=88.107s feedback_total=0.528s feedback_obs_pack=0.124s feedback_info_pack=0.006s effective_fps=0.70
2026-09-25 23:55:58.406 | INFO     | plugrl_env_client.runner.rollout:log_timing_summary:98 - Intermediate rollout timing summary: env_steps=2869 infer_calls=575 feedback_calls=574 infer_wait=3980.101s infer_obs_pack=0.088s env_step=87.316s feedback_total=0.476s feedback_obs_pack=0.114s feedback_info_pack=0.006s effective_fps=0.71
2026-09-25 23:56:21.432 | INFO     | plugrl_env_client.runner.rollout:log_timing_summary:98 - Intermediate rollout timing summary: env_steps=2932 infer_calls=589 feedback_calls=588 infer_wait=3995.902s infer_obs_pack=0.086s env_step=89.035s feedback_total=0.485s feedback_obs_pack=0.114s feedback_info_pack=0.006s effective_fps=0.72
2026-09-25 23:56:22.651 | INFO     | plugrl_env_client.runner.rollout:log_timing_summary:98 - Intermediate rollout timing summary: env_steps=2939 infer_calls=590 feedback_calls=589 infer_wait=3997.976s infer_obs_pack=0.088s env_step=88.494s feedback_total=0.474s feedback_obs_pack=0.112s feedback_info_pack=0.006s effective_fps=0.72
2026-09-25 23:56:22.652 | INFO     | plugrl_env_client.runner.rollout:log_timing_summary:98 - Intermediate rollout timing summary: env_steps=2941 infer_calls=590 feedback_calls=589 infer_wait=3998.652s infer_obs_pack=0.090s env_step=89.433s feedback_total=0.470s feedback_obs_pack=0.114s feedback_info_pack=0.006s effective_fps=0.72
2026-09-25 23:56:22.652 | INFO     | plugrl_env_client.runner.rollout:log_timing_summary:98 - Intermediate rollout timing summary: env_steps=2939 infer_calls=590 feedback_calls=589 infer_wait=3994.498s infer_obs_pack=0.092s env_step=91.869s feedback_total=0.520s feedback_obs_pack=0.127s feedback_info_pack=0.006s effective_fps=0.72
2026-09-25 23:56:22.652 | INFO     | plugrl_env_client.runner.rollout:log_timing_summary:98 - Intermediate rollout timing summary: env_steps=2941 infer_calls=590 feedback_calls=589 infer_wait=3996.863s infer_obs_pack=0.106s env_step=90.782s feedback_total=0.490s feedback_obs_pack=0.116s feedback_info_pack=0.006s effective_fps=0.72
2026-09-25 23:56:22.655 | INFO     | plugrl_env_client.runner.rollout:log_timing_summary:98 - Intermediate rollout timing summary: env_steps=2935 infer_calls=590 feedback_calls=589 infer_wait=3997.844s infer_obs_pack=0.093s env_step=89.157s feedback_total=0.492s feedback_obs_pack=0.115s feedback_info_pack=0.006s effective_fps=0.72
2026-09-25 23:56:22.664 | INFO     | plugrl_env_client.runner.rollout:log_timing_summary:98 - Intermediate rollout timing summary: env_steps=2933 infer_calls=590 feedback_calls=589 infer_wait=3996.598s infer_obs_pack=0.089s env_step=90.544s feedback_total=0.482s feedback_obs_pack=0.114s feedback_info_pack=0.006s effective_fps=0.72
2026-09-25 23:56:22.665 | INFO     | plugrl_env_client.runner.rollout:log_timing_summary:98 - Intermediate rollout timing summary: env_steps=2936 infer_calls=590 feedback_calls=589 infer_wait=3997.545s infer_obs_pack=0.088s env_step=89.973s feedback_total=0.495s feedback_obs_pack=0.114s feedback_info_pack=0.006s effective_fps=0.72
2026-09-25 23:56:28.840 | INFO     | plugrl_env_client.runner.rollout:log_timing_summary:98 - Intermediate rollout timing summary: env_steps=2965 infer_calls=595 feedback_calls=594 infer_wait=4005.068s infer_obs_pack=0.092s env_step=90.479s feedback_total=0.492s feedback_obs_pack=0.118s feedback_info_pack=0.006s effective_fps=0.72
2026-09-25 23:56:28.841 | INFO     | plugrl_env_client.runner.rollout:log_timing_summary:98 - Intermediate rollout timing summary: env_steps=2961 infer_calls=595 feedback_calls=594 infer_wait=3999.500s infer_obs_pack=0.098s env_step=91.216s feedback_total=0.545s feedback_obs_pack=0.129s feedback_info_pack=0.006s effective_fps=0.72
2026-09-25 23:56:51.444 | INFO     | plugrl_env_client.runner.rollout:log_timing_summary:98 - Intermediate rollout timing summary: env_steps=3056 infer_calls=613 feedback_calls=613 infer_wait=4021.796s infer_obs_pack=0.090s env_step=93.115s feedback_total=0.507s feedback_obs_pack=0.119s feedback_info_pack=0.006s effective_fps=0.74
2026-09-25 23:56:52.657 | INFO     | plugrl_env_client.runner.rollout:log_timing_summary:98 - Intermediate rollout timing summary: env_steps=3062 infer_calls=614 feedback_calls=613 infer_wait=4020.765s infer_obs_pack=0.096s env_step=95.573s feedback_total=0.538s feedback_obs_pack=0.131s feedback_info_pack=0.006s effective_fps=0.74
2026-09-25 23:56:52.659 | INFO     | plugrl_env_client.runner.rollout:log_timing_summary:98 - Intermediate rollout timing summary: env_steps=3058 infer_calls=614 feedback_calls=613 infer_wait=4023.536s infer_obs_pack=0.096s env_step=93.434s feedback_total=0.511s feedback_obs_pack=0.119s feedback_info_pack=0.006s effective_fps=0.74
2026-09-25 23:56:52.669 | INFO     | plugrl_env_client.runner.rollout:log_timing_summary:98 - Intermediate rollout timing summary: env_steps=3060 infer_calls=614 feedback_calls=614 infer_wait=4023.370s infer_obs_pack=0.091s env_step=94.117s feedback_total=0.514s feedback_obs_pack=0.118s feedback_info_pack=0.006s effective_fps=0.74
2026-09-25 23:56:52.672 | INFO     | plugrl_env_client.runner.rollout:log_timing_summary:98 - Intermediate rollout timing summary: env_steps=3063 infer_calls=614 feedback_calls=614 infer_wait=4023.970s infer_obs_pack=0.092s env_step=92.486s feedback_total=0.495s feedback_obs_pack=0.117s feedback_info_pack=0.006s effective_fps=0.74
2026-09-25 23:56:52.672 | INFO     | plugrl_env_client.runner.rollout:log_timing_summary:98 - Intermediate rollout timing summary: env_steps=3065 infer_calls=614 feedback_calls=614 infer_wait=4024.285s infer_obs_pack=0.094s env_step=93.783s feedback_total=0.491s feedback_obs_pack=0.119s feedback_info_pack=0.006s effective_fps=0.74
2026-09-25 23:56:52.680 | INFO     | plugrl_env_client.runner.rollout:log_timing_summary:98 - Intermediate rollout timing summary: env_steps=3065 infer_calls=614 feedback_calls=614 infer_wait=4022.797s infer_obs_pack=0.110s env_step=94.837s feedback_total=0.512s feedback_obs_pack=0.121s feedback_info_pack=0.006s effective_fps=0.74
2026-09-25 23:56:53.775 | INFO     | plugrl_env_client.runner.rollout:log_timing_summary:98 - Intermediate rollout timing summary: env_steps=3058 infer_calls=615 feedback_calls=614 infer_wait=4023.589s infer_obs_pack=0.093s env_step=94.626s feedback_total=0.503s feedback_obs_pack=0.119s feedback_info_pack=0.006s effective_fps=0.74
2026-09-25 23:56:58.855 | INFO     | plugrl_env_client.runner.rollout:log_timing_summary:98 - Intermediate rollout timing summary: env_steps=3085 infer_calls=619 feedback_calls=619 infer_wait=4025.709s infer_obs_pack=0.101s env_step=94.987s feedback_total=0.567s feedback_obs_pack=0.133s feedback_info_pack=0.007s effective_fps=0.75
2026-09-25 23:56:58.874 | INFO     | plugrl_env_client.runner.rollout:log_timing_summary:98 - Intermediate rollout timing summary: env_steps=3089 infer_calls=619 feedback_calls=619 infer_wait=4030.744s infer_obs_pack=0.096s env_step=94.797s feedback_total=0.515s feedback_obs_pack=0.124s feedback_info_pack=0.007s effective_fps=0.75
2026-09-25 23:57:22.645 | INFO     | plugrl_env_client.runner.rollout:log_timing_summary:98 - Intermediate rollout timing summary: env_steps=3147 infer_calls=632 feedback_calls=631 infer_wait=4049.996s infer_obs_pack=0.093s env_step=96.088s feedback_total=0.523s feedback_obs_pack=0.123s feedback_info_pack=0.006s effective_fps=0.76
2026-09-25 23:57:22.675 | INFO     | plugrl_env_client.runner.rollout:log_timing_summary:98 - Intermediate rollout timing summary: env_steps=3152 infer_calls=632 feedback_calls=631 infer_wait=4051.414s infer_obs_pack=0.097s env_step=96.631s feedback_total=0.506s feedback_obs_pack=0.123s feedback_info_pack=0.006s effective_fps=0.76
2026-09-25 23:57:22.678 | INFO     | plugrl_env_client.runner.rollout:log_timing_summary:98 - Intermediate rollout timing summary: env_steps=3143 infer_calls=632 feedback_calls=631 infer_wait=4048.038s infer_obs_pack=0.094s env_step=96.825s feedback_total=0.529s feedback_obs_pack=0.122s feedback_info_pack=0.006s effective_fps=0.76
2026-09-25 23:57:22.680 | INFO     | plugrl_env_client.runner.rollout:log_timing_summary:98 - Intermediate rollout timing summary: env_steps=3150 infer_calls=632 feedback_calls=631 infer_wait=4051.073s infer_obs_pack=0.094s env_step=95.365s feedback_total=0.510s feedback_obs_pack=0.120s feedback_info_pack=0.006s effective_fps=0.76
2026-09-25 23:57:22.680 | INFO     | plugrl_env_client.runner.rollout:log_timing_summary:98 - Intermediate rollout timing summary: env_steps=3152 infer_calls=632 feedback_calls=631 infer_wait=4049.757s infer_obs_pack=0.112s env_step=97.851s feedback_total=0.527s feedback_obs_pack=0.124s feedback_info_pack=0.006s effective_fps=0.76
2026-09-25 23:57:22.685 | INFO     | plugrl_env_client.runner.rollout:log_timing_summary:98 - Intermediate rollout timing summary: env_steps=3144 infer_calls=632 feedback_calls=631 infer_wait=4047.918s infer_obs_pack=0.099s env_step=96.402s feedback_total=0.527s feedback_obs_pack=0.123s feedback_info_pack=0.006s effective_fps=0.76
2026-09-25 23:57:22.685 | INFO     | plugrl_env_client.runner.rollout:log_timing_summary:98 - Intermediate rollout timing summary: env_steps=3150 infer_calls=632 feedback_calls=631 infer_wait=4047.781s infer_obs_pack=0.098s env_step=98.560s feedback_total=0.553s feedback_obs_pack=0.135s feedback_info_pack=0.006s effective_fps=0.76
2026-09-25 23:57:26.443 | INFO     | plugrl_env_client.runner.rollout:log_timing_summary:98 - Intermediate rollout timing summary: env_steps=3148 infer_calls=633 feedback_calls=632 infer_wait=4053.419s infer_obs_pack=0.096s env_step=97.438s feedback_total=0.517s feedback_obs_pack=0.122s feedback_info_pack=0.006s effective_fps=0.76
2026-09-25 23:57:28.882 | INFO     | plugrl_env_client.runner.rollout:log_timing_summary:98 - Intermediate rollout timing summary: env_steps=3157 infer_calls=635 feedback_calls=634 infer_wait=4050.900s infer_obs_pack=0.104s env_step=97.106s feedback_total=0.578s feedback_obs_pack=0.136s feedback_info_pack=0.007s effective_fps=0.76
2026-09-25 23:57:28.887 | INFO     | plugrl_env_client.runner.rollout:log_timing_summary:98 - Intermediate rollout timing summary: env_steps=3165 infer_calls=635 feedback_calls=634 infer_wait=4058.128s infer_obs_pack=0.099s env_step=97.402s feedback_total=0.529s feedback_obs_pack=0.127s feedback_info_pack=0.007s effective_fps=0.76
2026-09-25 23:57:53.564 | INFO     | plugrl_env_client.runner.rollout:log_timing_summary:98 - Intermediate rollout timing summary: env_steps=3236 infer_calls=650 feedback_calls=649 infer_wait=4075.516s infer_obs_pack=0.096s env_step=98.882s feedback_total=0.538s feedback_obs_pack=0.127s feedback_info_pack=0.007s effective_fps=0.78
2026-09-25 23:57:53.566 | INFO     | plugrl_env_client.runner.rollout:log_timing_summary:98 - Intermediate rollout timing summary: env_steps=3239 infer_calls=650 feedback_calls=649 infer_wait=4079.007s infer_obs_pack=0.097s env_step=98.291s feedback_total=0.525s feedback_obs_pack=0.123s feedback_info_pack=0.006s effective_fps=0.78
2026-09-25 23:57:53.570 | INFO     | plugrl_env_client.runner.rollout:log_timing_summary:98 - Intermediate rollout timing summary: env_steps=3232 infer_calls=650 feedback_calls=649 infer_wait=4076.138s infer_obs_pack=0.097s env_step=99.591s feedback_total=0.544s feedback_obs_pack=0.125s feedback_info_pack=0.006s effective_fps=0.77
2026-09-25 23:57:53.571 | INFO     | plugrl_env_client.runner.rollout:log_timing_summary:98 - Intermediate rollout timing summary: env_steps=3239 infer_calls=650 feedback_calls=649 infer_wait=4073.353s infer_obs_pack=0.101s env_step=101.572s feedback_total=0.568s feedback_obs_pack=0.139s feedback_info_pack=0.006s effective_fps=0.78
2026-09-25 23:57:53.572 | INFO     | plugrl_env_client.runner.rollout:log_timing_summary:98 - Intermediate rollout timing summary: env_steps=3241 infer_calls=650 feedback_calls=649 infer_wait=4077.633s infer_obs_pack=0.115s env_step=100.837s feedback_total=0.543s feedback_obs_pack=0.128s feedback_info_pack=0.006s effective_fps=0.78
2026-09-25 23:57:53.574 | INFO     | plugrl_env_client.runner.rollout:log_timing_summary:98 - Intermediate rollout timing summary: env_steps=3241 infer_calls=650 feedback_calls=649 infer_wait=4079.533s infer_obs_pack=0.100s env_step=99.383s feedback_total=0.521s feedback_obs_pack=0.126s feedback_info_pack=0.006s effective_fps=0.78
2026-09-25 23:57:53.578 | INFO     | plugrl_env_client.runner.rollout:log_timing_summary:98 - Intermediate rollout timing summary: env_steps=3233 infer_calls=650 feedback_calls=649 infer_wait=4076.123s infer_obs_pack=0.102s env_step=99.065s feedback_total=0.542s feedback_obs_pack=0.127s feedback_info_pack=0.006s effective_fps=0.77
2026-09-25 23:57:59.564 | INFO     | plugrl_env_client.runner.rollout:log_timing_summary:98 - Intermediate rollout timing summary: env_steps=3245 infer_calls=653 feedback_calls=652 infer_wait=4079.976s infer_obs_pack=0.099s env_step=100.406s feedback_total=0.540s feedback_obs_pack=0.126s feedback_info_pack=0.006s effective_fps=0.78
2026-09-25 23:57:59.567 | INFO     | plugrl_env_client.runner.rollout:log_timing_summary:98 - Intermediate rollout timing summary: env_steps=3247 infer_calls=653 feedback_calls=652 infer_wait=4078.777s infer_obs_pack=0.106s env_step=99.887s feedback_total=0.595s feedback_obs_pack=0.140s feedback_info_pack=0.007s effective_fps=0.78
2026-09-25 23:57:59.576 | INFO     | plugrl_env_client.runner.rollout:log_timing_summary:98 - Intermediate rollout timing summary: env_steps=3255 infer_calls=653 feedback_calls=652 infer_wait=4086.010s infer_obs_pack=0.102s env_step=100.182s feedback_total=0.544s feedback_obs_pack=0.131s feedback_info_pack=0.007s effective_fps=0.78
2026-09-25 23:58:24.567 | INFO     | plugrl_env_client.runner.rollout:log_timing_summary:98 - Intermediate rollout timing summary: env_steps=3333 infer_calls=670 feedback_calls=669 infer_wait=4104.268s infer_obs_pack=0.105s env_step=101.882s feedback_total=0.557s feedback_obs_pack=0.130s feedback_info_pack=0.006s effective_fps=0.79
2026-09-25 23:58:24.567 | INFO     | plugrl_env_client.runner.rollout:log_timing_summary:98 - Intermediate rollout timing summary: env_steps=3332 infer_calls=670 feedback_calls=669 infer_wait=4104.175s infer_obs_pack=0.099s env_step=102.526s feedback_total=0.558s feedback_obs_pack=0.128s feedback_info_pack=0.006s effective_fps=0.79
2026-09-25 23:58:24.568 | INFO     | plugrl_env_client.runner.rollout:log_timing_summary:98 - Intermediate rollout timing summary: env_steps=3339 infer_calls=670 feedback_calls=669 infer_wait=4101.704s infer_obs_pack=0.104s env_step=104.190s feedback_total=0.582s feedback_obs_pack=0.142s feedback_info_pack=0.007s effective_fps=0.79
2026-09-25 23:58:24.576 | INFO     | plugrl_env_client.runner.rollout:log_timing_summary:98 - Intermediate rollout timing summary: env_steps=3336 infer_calls=670 feedback_calls=669 infer_wait=4105.272s infer_obs_pack=0.100s env_step=100.613s feedback_total=0.538s feedback_obs_pack=0.126s feedback_info_pack=0.006s effective_fps=0.79
2026-09-25 23:58:24.576 | INFO     | plugrl_env_client.runner.rollout:log_timing_summary:98 - Intermediate rollout timing summary: env_steps=3341 infer_calls=670 feedback_calls=669 infer_wait=4105.828s infer_obs_pack=0.102s env_step=101.834s feedback_total=0.535s feedback_obs_pack=0.129s feedback_info_pack=0.007s effective_fps=0.79
2026-09-25 23:58:24.578 | INFO     | plugrl_env_client.runner.rollout:log_timing_summary:98 - Intermediate rollout timing summary: env_steps=3338 infer_calls=670 feedback_calls=669 infer_wait=4103.268s infer_obs_pack=0.118s env_step=103.699s feedback_total=0.557s feedback_obs_pack=0.132s feedback_info_pack=0.006s effective_fps=0.79
2026-09-25 23:58:24.579 | INFO     | plugrl_env_client.runner.rollout:log_timing_summary:98 - Intermediate rollout timing summary: env_steps=3336 infer_calls=670 feedback_calls=669 infer_wait=4103.883s infer_obs_pack=0.099s env_step=101.506s feedback_total=0.551s feedback_obs_pack=0.130s feedback_info_pack=0.007s effective_fps=0.79
2026-09-25 23:58:29.571 | INFO     | plugrl_env_client.runner.rollout:log_timing_summary:98 - Intermediate rollout timing summary: env_steps=3356 infer_calls=674 feedback_calls=674 infer_wait=4105.488s infer_obs_pack=0.110s env_step=103.140s feedback_total=0.618s feedback_obs_pack=0.145s feedback_info_pack=0.007s effective_fps=0.80
2026-09-25 23:58:30.658 | INFO     | plugrl_env_client.runner.rollout:log_timing_summary:98 - Intermediate rollout timing summary: env_steps=3355 infer_calls=675 feedback_calls=674 infer_wait=4108.250s infer_obs_pack=0.102s env_step=103.200s feedback_total=0.554s feedback_obs_pack=0.129s feedback_info_pack=0.007s effective_fps=0.80
2026-09-25 23:58:30.667 | INFO     | plugrl_env_client.runner.rollout:log_timing_summary:98 - Intermediate rollout timing summary: env_steps=3365 infer_calls=675 feedback_calls=674 infer_wait=4113.737s infer_obs_pack=0.104s env_step=103.517s feedback_total=0.560s feedback_obs_pack=0.135s feedback_info_pack=0.007s effective_fps=0.80
2026-09-25 23:58:55.138 | INFO     | plugrl_env_client.runner.rollout:log_timing_summary:98 - Intermediate rollout timing summary: env_steps=3453 infer_calls=693 feedback_calls=692 infer_wait=4130.648s infer_obs_pack=0.121s env_step=106.851s feedback_total=0.573s feedback_obs_pack=0.135s feedback_info_pack=0.006s effective_fps=0.81
2026-09-25 23:58:55.139 | INFO     | plugrl_env_client.runner.rollout:log_timing_summary:98 - Intermediate rollout timing summary: env_steps=3448 infer_calls=693 feedback_calls=692 infer_wait=4131.485s infer_obs_pack=0.108s env_step=105.205s feedback_total=0.575s feedback_obs_pack=0.134s feedback_info_pack=0.006s effective_fps=0.81
2026-09-25 23:58:55.141 | INFO     | plugrl_env_client.runner.rollout:log_timing_summary:98 - Intermediate rollout timing summary: env_steps=3451 infer_calls=693 feedback_calls=692 infer_wait=4131.071s infer_obs_pack=0.102s env_step=104.848s feedback_total=0.569s feedback_obs_pack=0.134s feedback_info_pack=0.007s effective_fps=0.81
2026-09-25 23:58:55.149 | INFO     | plugrl_env_client.runner.rollout:log_timing_summary:98 - Intermediate rollout timing summary: env_steps=3451 infer_calls=693 feedback_calls=692 infer_wait=4132.351s infer_obs_pack=0.103s env_step=104.075s feedback_total=0.557s feedback_obs_pack=0.131s feedback_info_pack=0.007s effective_fps=0.81
2026-09-25 23:58:55.151 | INFO     | plugrl_env_client.runner.rollout:log_timing_summary:98 - Intermediate rollout timing summary: env_steps=3454 infer_calls=693 feedback_calls=692 infer_wait=4128.681s infer_obs_pack=0.108s env_step=107.763s feedback_total=0.600s feedback_obs_pack=0.147s feedback_info_pack=0.007s effective_fps=0.82
2026-09-25 23:58:55.154 | INFO     | plugrl_env_client.runner.rollout:log_timing_summary:98 - Intermediate rollout timing summary: env_steps=3447 infer_calls=693 feedback_calls=692 infer_wait=4131.153s infer_obs_pack=0.102s env_step=106.102s feedback_total=0.576s feedback_obs_pack=0.133s feedback_info_pack=0.007s effective_fps=0.81
2026-09-25 23:58:55.156 | INFO     | plugrl_env_client.runner.rollout:log_timing_summary:98 - Intermediate rollout timing summary: env_steps=3456 infer_calls=693 feedback_calls=692 infer_wait=4132.979s infer_obs_pack=0.106s env_step=105.230s feedback_total=0.552s feedback_obs_pack=0.133s feedback_info_pack=0.007s effective_fps=0.82
2026-09-25 23:59:00.049 | INFO     | plugrl_env_client.runner.rollout:log_timing_summary:98 - Intermediate rollout timing summary: env_steps=3467 infer_calls=697 feedback_calls=696 infer_wait=4132.312s infer_obs_pack=0.114s env_step=106.758s feedback_total=0.640s feedback_obs_pack=0.150s feedback_info_pack=0.007s effective_fps=0.82
2026-09-25 23:59:01.291 | INFO     | plugrl_env_client.runner.rollout:log_timing_summary:98 - Intermediate rollout timing summary: env_steps=3480 infer_calls=698 feedback_calls=697 infer_wait=4138.313s infer_obs_pack=0.108s env_step=107.089s feedback_total=0.578s feedback_obs_pack=0.139s feedback_info_pack=0.007s effective_fps=0.82
2026-09-25 23:59:01.294 | INFO     | plugrl_env_client.runner.rollout:log_timing_summary:98 - Intermediate rollout timing summary: env_steps=3470 infer_calls=698 feedback_calls=697 infer_wait=4135.611s infer_obs_pack=0.105s env_step=106.445s feedback_total=0.571s feedback_obs_pack=0.133s feedback_info_pack=0.007s effective_fps=0.82
2026-09-25 23:59:25.152 | INFO     | plugrl_env_client.runner.rollout:log_timing_summary:98 - Intermediate rollout timing summary: env_steps=3553 infer_calls=713 feedback_calls=712 infer_wait=4158.975s infer_obs_pack=0.106s env_step=107.425s feedback_total=0.573s feedback_obs_pack=0.135s feedback_info_pack=0.007s effective_fps=0.83
2026-09-25 23:59:25.153 | INFO     | plugrl_env_client.runner.rollout:log_timing_summary:98 - Intermediate rollout timing summary: env_steps=3553 infer_calls=713 feedback_calls=712 infer_wait=4157.845s infer_obs_pack=0.104s env_step=108.060s feedback_total=0.583s feedback_obs_pack=0.138s feedback_info_pack=0.007s effective_fps=0.83
2026-09-25 23:59:25.154 | INFO     | plugrl_env_client.runner.rollout:log_timing_summary:98 - Intermediate rollout timing summary: env_steps=3550 infer_calls=713 feedback_calls=712 infer_wait=4155.438s infer_obs_pack=0.105s env_step=109.302s feedback_total=0.591s feedback_obs_pack=0.136s feedback_info_pack=0.007s effective_fps=0.83
2026-09-25 23:59:25.157 | INFO     | plugrl_env_client.runner.rollout:log_timing_summary:98 - Intermediate rollout timing summary: env_steps=3551 infer_calls=713 feedback_calls=712 infer_wait=4158.288s infer_obs_pack=0.111s env_step=108.392s feedback_total=0.591s feedback_obs_pack=0.138s feedback_info_pack=0.007s effective_fps=0.83
2026-09-25 23:59:25.161 | INFO     | plugrl_env_client.runner.rollout:log_timing_summary:98 - Intermediate rollout timing summary: env_steps=3556 infer_calls=713 feedback_calls=712 infer_wait=4155.233s infer_obs_pack=0.111s env_step=111.194s feedback_total=0.615s feedback_obs_pack=0.151s feedback_info_pack=0.007s effective_fps=0.83
2026-09-25 23:59:25.163 | INFO     | plugrl_env_client.runner.rollout:log_timing_summary:98 - Intermediate rollout timing summary: env_steps=3556 infer_calls=713 feedback_calls=712 infer_wait=4157.419s infer_obs_pack=0.124s env_step=110.078s feedback_total=0.588s feedback_obs_pack=0.139s feedback_info_pack=0.007s effective_fps=0.83
2026-09-25 23:59:25.188 | INFO     | plugrl_env_client.runner.rollout:log_timing_summary:98 - Intermediate rollout timing summary: env_steps=3559 infer_calls=713 feedback_calls=712 infer_wait=4159.669s infer_obs_pack=0.109s env_step=108.543s feedback_total=0.568s feedback_obs_pack=0.137s feedback_info_pack=0.007s effective_fps=0.83
2026-09-25 23:59:31.276 | INFO     | plugrl_env_client.runner.rollout:log_timing_summary:98 - Intermediate rollout timing summary: env_steps=3561 infer_calls=716 feedback_calls=715 infer_wait=4157.893s infer_obs_pack=0.117s env_step=109.460s feedback_total=0.656s feedback_obs_pack=0.153s feedback_info_pack=0.008s effective_fps=0.83
2026-09-25 23:59:31.308 | INFO     | plugrl_env_client.runner.rollout:log_timing_summary:98 - Intermediate rollout timing summary: env_steps=3571 infer_calls=716 feedback_calls=715 infer_wait=4165.490s infer_obs_pack=0.111s env_step=109.902s feedback_total=0.593s feedback_obs_pack=0.143s feedback_info_pack=0.008s effective_fps=0.84
2026-09-25 23:59:31.310 | INFO     | plugrl_env_client.runner.rollout:log_timing_summary:98 - Intermediate rollout timing summary: env_steps=3560 infer_calls=716 feedback_calls=715 infer_wait=4160.154s infer_obs_pack=0.108s env_step=109.393s feedback_total=0.584s feedback_obs_pack=0.137s feedback_info_pack=0.007s effective_fps=0.83
2026-09-25 23:59:55.161 | INFO     | plugrl_env_client.runner.rollout:log_timing_summary:98 - Intermediate rollout timing summary: env_steps=3631 infer_calls=729 feedback_calls=729 infer_wait=4182.780s infer_obs_pack=0.108s env_step=111.935s feedback_total=0.605s feedback_obs_pack=0.140s feedback_info_pack=0.007s effective_fps=0.85
2026-09-25 23:59:55.167 | INFO     | plugrl_env_client.runner.rollout:log_timing_summary:98 - Intermediate rollout timing summary: env_steps=3635 infer_calls=729 feedback_calls=729 infer_wait=4182.632s infer_obs_pack=0.107s env_step=110.695s feedback_total=0.598s feedback_obs_pack=0.141s feedback_info_pack=0.007s effective_fps=0.85
2026-09-25 23:59:55.167 | INFO     | plugrl_env_client.runner.rollout:log_timing_summary:98 - Intermediate rollout timing summary: env_steps=3634 infer_calls=729 feedback_calls=729 infer_wait=4180.098s infer_obs_pack=0.114s env_step=113.751s feedback_total=0.629s feedback_obs_pack=0.154s feedback_info_pack=0.007s effective_fps=0.85
2026-09-25 23:59:55.167 | INFO     | plugrl_env_client.runner.rollout:log_timing_summary:98 - Intermediate rollout timing summary: env_steps=3629 infer_calls=729 feedback_calls=729 infer_wait=4183.233s infer_obs_pack=0.114s env_step=110.924s feedback_total=0.605s feedback_obs_pack=0.142s feedback_info_pack=0.007s effective_fps=0.84
2026-09-25 23:59:55.173 | INFO     | plugrl_env_client.runner.rollout:log_timing_summary:98 - Intermediate rollout timing summary: env_steps=3637 infer_calls=729 feedback_calls=729 infer_wait=4184.727s infer_obs_pack=0.126s env_step=112.756s feedback_total=0.601s feedback_obs_pack=0.142s feedback_info_pack=0.007s effective_fps=0.85
2026-09-25 23:59:56.261 | INFO     | plugrl_env_client.runner.rollout:log_timing_summary:98 - Intermediate rollout timing summary: env_steps=3641 infer_calls=730 feedback_calls=729 infer_wait=4187.976s infer_obs_pack=0.111s env_step=111.285s feedback_total=0.581s feedback_obs_pack=0.140s feedback_info_pack=0.007s effective_fps=0.85
2026-09-25 23:59:56.262 | INFO     | plugrl_env_client.runner.rollout:log_timing_summary:98 - Intermediate rollout timing summary: env_steps=3636 infer_calls=730 feedback_calls=729 infer_wait=4187.482s infer_obs_pack=0.109s env_step=110.002s feedback_total=0.587s feedback_obs_pack=0.138s feedback_info_pack=0.007s effective_fps=0.85
2026-09-26 00:00:02.343 | INFO     | plugrl_env_client.runner.rollout:log_timing_summary:98 - Intermediate rollout timing summary: env_steps=3644 infer_calls=733 feedback_calls=732 infer_wait=4188.452s infer_obs_pack=0.111s env_step=112.102s feedback_total=0.598s feedback_obs_pack=0.140s feedback_info_pack=0.007s effective_fps=0.85
2026-09-26 00:00:02.353 | INFO     | plugrl_env_client.runner.rollout:log_timing_summary:98 - Intermediate rollout timing summary: env_steps=3646 infer_calls=733 feedback_calls=732 infer_wait=4186.075s infer_obs_pack=0.120s env_step=112.327s feedback_total=0.672s feedback_obs_pack=0.157s feedback_info_pack=0.008s effective_fps=0.85
2026-09-26 00:00:02.357 | INFO     | plugrl_env_client.runner.rollout:log_timing_summary:98 - Intermediate rollout timing summary: env_steps=3655 infer_calls=733 feedback_calls=732 infer_wait=4193.564s infer_obs_pack=0.113s env_step=112.853s feedback_total=0.607s feedback_obs_pack=0.146s feedback_info_pack=0.008s effective_fps=0.85
2026-09-26 00:00:25.904 | INFO     | plugrl_env_client.runner.rollout:log_timing_summary:98 - Intermediate rollout timing summary: env_steps=3727 infer_calls=749 feedback_calls=748 infer_wait=4210.009s infer_obs_pack=0.111s env_step=115.417s feedback_total=0.623s feedback_obs_pack=0.144s feedback_info_pack=0.007s effective_fps=0.86
2026-09-26 00:00:25.905 | INFO     | plugrl_env_client.runner.rollout:log_timing_summary:98 - Intermediate rollout timing summary: env_steps=3729 infer_calls=749 feedback_calls=748 infer_wait=4209.788s infer_obs_pack=0.130s env_step=115.921s feedback_total=0.618s feedback_obs_pack=0.147s feedback_info_pack=0.007s effective_fps=0.86
2026-09-26 00:00:25.907 | INFO     | plugrl_env_client.runner.rollout:log_timing_summary:98 - Intermediate rollout timing summary: env_steps=3730 infer_calls=749 feedback_calls=748 infer_wait=4207.555s infer_obs_pack=0.117s env_step=117.001s feedback_total=0.647s feedback_obs_pack=0.158s feedback_info_pack=0.007s effective_fps=0.86
2026-09-26 00:00:25.915 | INFO     | plugrl_env_client.runner.rollout:log_timing_summary:98 - Intermediate rollout timing summary: env_steps=3725 infer_calls=749 feedback_calls=748 infer_wait=4210.568s infer_obs_pack=0.117s env_step=114.304s feedback_total=0.622s feedback_obs_pack=0.145s feedback_info_pack=0.007s effective_fps=0.86
2026-09-26 00:00:25.915 | INFO     | plugrl_env_client.runner.rollout:log_timing_summary:98 - Intermediate rollout timing summary: env_steps=3731 infer_calls=749 feedback_calls=748 infer_wait=4209.953s infer_obs_pack=0.111s env_step=114.087s feedback_total=0.618s feedback_obs_pack=0.146s feedback_info_pack=0.008s effective_fps=0.86
2026-09-26 00:00:27.149 | INFO     | plugrl_env_client.runner.rollout:log_timing_summary:98 - Intermediate rollout timing summary: env_steps=3741 infer_calls=750 feedback_calls=749 infer_wait=4215.297s infer_obs_pack=0.115s env_step=114.820s feedback_total=0.600s feedback_obs_pack=0.145s feedback_info_pack=0.007s effective_fps=0.86
2026-09-26 00:00:27.150 | INFO     | plugrl_env_client.runner.rollout:log_timing_summary:98 - Intermediate rollout timing summary: env_steps=3735 infer_calls=750 feedback_calls=749 infer_wait=4212.086s infer_obs_pack=0.113s env_step=113.436s feedback_total=0.604s feedback_obs_pack=0.143s feedback_info_pack=0.007s effective_fps=0.86
2026-09-26 00:00:33.199 | INFO     | plugrl_env_client.runner.rollout:log_timing_summary:98 - Intermediate rollout timing summary: env_steps=3739 infer_calls=752 feedback_calls=751 infer_wait=4215.976s infer_obs_pack=0.114s env_step=115.402s feedback_total=0.617s feedback_obs_pack=0.145s feedback_info_pack=0.007s effective_fps=0.86
2026-09-26 00:00:33.203 | INFO     | plugrl_env_client.runner.rollout:log_timing_summary:98 - Intermediate rollout timing summary: env_steps=3741 infer_calls=752 feedback_calls=751 infer_wait=4213.433s infer_obs_pack=0.123s env_step=115.785s feedback_total=0.691s feedback_obs_pack=0.162s feedback_info_pack=0.008s effective_fps=0.86
2026-09-26 00:00:33.206 | INFO     | plugrl_env_client.runner.rollout:log_timing_summary:98 - Intermediate rollout timing summary: env_steps=3750 infer_calls=752 feedback_calls=751 infer_wait=4220.820s infer_obs_pack=0.116s env_step=116.416s feedback_total=0.625s feedback_obs_pack=0.150s feedback_info_pack=0.008s effective_fps=0.86
2026-09-26 00:00:56.741 | INFO     | plugrl_env_client.runner.rollout:log_timing_summary:98 - Intermediate rollout timing summary: env_steps=3841 infer_calls=771 feedback_calls=770 infer_wait=4237.046s infer_obs_pack=0.115s env_step=117.781s feedback_total=0.640s feedback_obs_pack=0.151s feedback_info_pack=0.008s effective_fps=0.88
2026-09-26 00:00:56.742 | INFO     | plugrl_env_client.runner.rollout:log_timing_summary:98 - Intermediate rollout timing summary: env_steps=3837 infer_calls=771 feedback_calls=770 infer_wait=4237.381s infer_obs_pack=0.115s env_step=118.846s feedback_total=0.644s feedback_obs_pack=0.148s feedback_info_pack=0.007s effective_fps=0.88
2026-09-26 00:00:56.745 | INFO     | plugrl_env_client.runner.rollout:log_timing_summary:98 - Intermediate rollout timing summary: env_steps=3839 infer_calls=771 feedback_calls=770 infer_wait=4237.129s infer_obs_pack=0.133s env_step=119.386s feedback_total=0.637s feedback_obs_pack=0.151s feedback_info_pack=0.007s effective_fps=0.88
2026-09-26 00:00:56.749 | INFO     | plugrl_env_client.runner.rollout:log_timing_summary:98 - Intermediate rollout timing summary: env_steps=3835 infer_calls=771 feedback_calls=770 infer_wait=4237.609s infer_obs_pack=0.121s env_step=118.064s feedback_total=0.640s feedback_obs_pack=0.150s feedback_info_pack=0.007s effective_fps=0.88
2026-09-26 00:00:56.749 | INFO     | plugrl_env_client.runner.rollout:log_timing_summary:98 - Intermediate rollout timing summary: env_steps=3840 infer_calls=771 feedback_calls=770 infer_wait=4234.909s infer_obs_pack=0.120s env_step=120.455s feedback_total=0.667s feedback_obs_pack=0.163s feedback_info_pack=0.008s effective_fps=0.88
2026-09-26 00:00:58.008 | INFO     | plugrl_env_client.runner.rollout:log_timing_summary:98 - Intermediate rollout timing summary: env_steps=3848 infer_calls=772 feedback_calls=771 infer_wait=4238.975s infer_obs_pack=0.119s env_step=118.405s feedback_total=0.620s feedback_obs_pack=0.150s feedback_info_pack=0.008s effective_fps=0.88
2026-09-26 00:00:58.009 | INFO     | plugrl_env_client.runner.rollout:log_timing_summary:98 - Intermediate rollout timing summary: env_steps=3845 infer_calls=772 feedback_calls=771 infer_wait=4239.286s infer_obs_pack=0.117s env_step=117.060s feedback_total=0.624s feedback_obs_pack=0.147s feedback_info_pack=0.007s effective_fps=0.88
2026-09-26 00:01:03.209 | INFO     | plugrl_env_client.runner.rollout:log_timing_summary:98 - Intermediate rollout timing summary: env_steps=3863 infer_calls=776 feedback_calls=775 infer_wait=4239.488s infer_obs_pack=0.127s env_step=119.693s feedback_total=0.716s feedback_obs_pack=0.168s feedback_info_pack=0.008s effective_fps=0.89
2026-09-26 00:01:03.219 | INFO     | plugrl_env_client.runner.rollout:log_timing_summary:98 - Intermediate rollout timing summary: env_steps=3861 infer_calls=776 feedback_calls=775 infer_wait=4241.814s infer_obs_pack=0.119s env_step=119.543s feedback_total=0.640s feedback_obs_pack=0.150s feedback_info_pack=0.008s effective_fps=0.89
2026-09-26 00:01:03.221 | INFO     | plugrl_env_client.runner.rollout:log_timing_summary:98 - Intermediate rollout timing summary: env_steps=3873 infer_calls=776 feedback_calls=775 infer_wait=4246.973s infer_obs_pack=0.121s env_step=120.237s feedback_total=0.648s feedback_obs_pack=0.156s feedback_info_pack=0.008s effective_fps=0.89
2026-09-26 00:01:30.460 | INFO     | plugrl_env_client.runner.rollout:log_timing_summary:98 - Intermediate rollout timing summary: env_steps=3952 infer_calls=794 feedback_calls=793 infer_wait=4267.292s infer_obs_pack=0.118s env_step=122.615s feedback_total=0.666s feedback_obs_pack=0.153s feedback_info_pack=0.008s effective_fps=0.90
2026-09-26 00:01:30.461 | INFO     | plugrl_env_client.runner.rollout:log_timing_summary:98 - Intermediate rollout timing summary: env_steps=3950 infer_calls=794 feedback_calls=793 infer_wait=4267.159s infer_obs_pack=0.125s env_step=122.187s feedback_total=0.663s feedback_obs_pack=0.155s feedback_info_pack=0.007s effective_fps=0.90
2026-09-26 00:01:30.464 | INFO     | plugrl_env_client.runner.rollout:log_timing_summary:98 - Intermediate rollout timing summary: env_steps=3956 infer_calls=794 feedback_calls=793 infer_wait=4266.715s infer_obs_pack=0.119s env_step=121.793s feedback_total=0.665s feedback_obs_pack=0.157s feedback_info_pack=0.008s effective_fps=0.90
2026-09-26 00:01:30.465 | INFO     | plugrl_env_client.runner.rollout:log_timing_summary:98 - Intermediate rollout timing summary: env_steps=3955 infer_calls=794 feedback_calls=793 infer_wait=4267.965s infer_obs_pack=0.121s env_step=120.799s feedback_total=0.646s feedback_obs_pack=0.153s feedback_info_pack=0.008s effective_fps=0.90
2026-09-26 00:01:30.468 | INFO     | plugrl_env_client.runner.rollout:log_timing_summary:98 - Intermediate rollout timing summary: env_steps=3958 infer_calls=794 feedback_calls=793 infer_wait=4267.386s infer_obs_pack=0.123s env_step=122.415s feedback_total=0.642s feedback_obs_pack=0.155s feedback_info_pack=0.008s effective_fps=0.90
2026-09-26 00:01:30.471 | INFO     | plugrl_env_client.runner.rollout:log_timing_summary:98 - Intermediate rollout timing summary: env_steps=3954 infer_calls=794 feedback_calls=793 infer_wait=4266.846s infer_obs_pack=0.137s env_step=123.355s feedback_total=0.658s feedback_obs_pack=0.156s feedback_info_pack=0.007s effective_fps=0.90
2026-09-26 00:01:30.477 | INFO     | plugrl_env_client.runner.rollout:log_timing_summary:98 - Intermediate rollout timing summary: env_steps=3955 infer_calls=794 feedback_calls=793 infer_wait=4264.628s infer_obs_pack=0.124s env_step=124.425s feedback_total=0.689s feedback_obs_pack=0.168s feedback_info_pack=0.008s effective_fps=0.90
2026-09-26 00:01:33.217 | INFO     | plugrl_env_client.runner.rollout:log_timing_summary:98 - Intermediate rollout timing summary: env_steps=3965 infer_calls=796 feedback_calls=796 infer_wait=4265.721s infer_obs_pack=0.132s env_step=123.428s feedback_total=0.739s feedback_obs_pack=0.173s feedback_info_pack=0.009s effective_fps=0.90
2026-09-26 00:01:34.326 | INFO     | plugrl_env_client.runner.rollout:log_timing_summary:98 - Intermediate rollout timing summary: env_steps=3964 infer_calls=797 feedback_calls=796 infer_wait=4269.256s infer_obs_pack=0.122s env_step=123.171s feedback_total=0.660s feedback_obs_pack=0.155s feedback_info_pack=0.008s effective_fps=0.90
2026-09-26 00:01:34.335 | INFO     | plugrl_env_client.runner.rollout:log_timing_summary:98 - Intermediate rollout timing summary: env_steps=3975 infer_calls=797 feedback_calls=796 infer_wait=4270.801s infer_obs_pack=0.126s env_step=123.818s feedback_total=0.672s feedback_obs_pack=0.161s feedback_info_pack=0.009s effective_fps=0.90
2026-09-26 00:02:00.800 | INFO     | plugrl_env_client.runner.rollout:log_timing_summary:98 - Intermediate rollout timing summary: env_steps=4022 infer_calls=809 feedback_calls=808 infer_wait=4291.129s infer_obs_pack=0.128s env_step=124.674s feedback_total=0.678s feedback_obs_pack=0.159s feedback_info_pack=0.008s effective_fps=0.91
2026-09-26 00:02:00.800 | INFO     | plugrl_env_client.runner.rollout:log_timing_summary:98 - Intermediate rollout timing summary: env_steps=4030 infer_calls=809 feedback_calls=808 infer_wait=4295.597s infer_obs_pack=0.124s env_step=123.475s feedback_total=0.661s feedback_obs_pack=0.157s feedback_info_pack=0.008s effective_fps=0.91
2026-09-26 00:02:00.801 | INFO     | plugrl_env_client.runner.rollout:log_timing_summary:98 - Intermediate rollout timing summary: env_steps=4029 infer_calls=809 feedback_calls=808 infer_wait=4294.575s infer_obs_pack=0.140s env_step=125.928s feedback_total=0.674s feedback_obs_pack=0.160s feedback_info_pack=0.008s effective_fps=0.91
2026-09-26 00:02:00.802 | INFO     | plugrl_env_client.runner.rollout:log_timing_summary:98 - Intermediate rollout timing summary: env_steps=4031 infer_calls=809 feedback_calls=808 infer_wait=4294.494s infer_obs_pack=0.122s env_step=124.325s feedback_total=0.680s feedback_obs_pack=0.160s feedback_info_pack=0.008s effective_fps=0.91
2026-09-26 00:02:00.801 | INFO     | plugrl_env_client.runner.rollout:log_timing_summary:98 - Intermediate rollout timing summary: env_steps=4027 infer_calls=809 feedback_calls=808 infer_wait=4291.427s infer_obs_pack=0.121s env_step=125.091s feedback_total=0.684s feedback_obs_pack=0.159s feedback_info_pack=0.008s effective_fps=0.91
2026-09-26 00:02:00.803 | INFO     | plugrl_env_client.runner.rollout:log_timing_summary:98 - Intermediate rollout timing summary: env_steps=4030 infer_calls=809 feedback_calls=808 infer_wait=4292.123s infer_obs_pack=0.127s env_step=127.226s feedback_total=0.705s feedback_obs_pack=0.172s feedback_info_pack=0.008s effective_fps=0.91
2026-09-26 00:02:00.804 | INFO     | plugrl_env_client.runner.rollout:log_timing_summary:98 - Intermediate rollout timing summary: env_steps=4033 infer_calls=809 feedback_calls=808 infer_wait=4295.126s infer_obs_pack=0.126s env_step=124.985s feedback_total=0.657s feedback_obs_pack=0.159s feedback_info_pack=0.008s effective_fps=0.91
2026-09-26 00:02:03.602 | INFO     | plugrl_env_client.runner.rollout:log_timing_summary:98 - Intermediate rollout timing summary: env_steps=4027 infer_calls=809 feedback_calls=809 infer_wait=4291.323s infer_obs_pack=0.134s env_step=125.400s feedback_total=0.754s feedback_obs_pack=0.177s feedback_info_pack=0.009s effective_fps=0.91
2026-09-26 00:02:04.702 | INFO     | plugrl_env_client.runner.rollout:log_timing_summary:98 - Intermediate rollout timing summary: env_steps=4040 infer_calls=810 feedback_calls=809 infer_wait=4298.898s infer_obs_pack=0.128s env_step=126.061s feedback_total=0.687s feedback_obs_pack=0.166s feedback_info_pack=0.009s effective_fps=0.91
2026-09-26 00:02:04.706 | INFO     | plugrl_env_client.runner.rollout:log_timing_summary:98 - Intermediate rollout timing summary: env_steps=4028 infer_calls=810 feedback_calls=809 infer_wait=4293.763s infer_obs_pack=0.125s env_step=125.242s feedback_total=0.673s feedback_obs_pack=0.158s feedback_info_pack=0.008s effective_fps=0.91
2026-09-26 00:55:32.457 | INFO     | plugrl_env_client.runner.rollout:log_timing_summary:98 - Final rollout timing summary: env_steps=4092 infer_calls=820 feedback_calls=820 infer_wait=4309.628s infer_obs_pack=0.128s env_step=126.919s feedback_total=0.668s feedback_obs_pack=0.162s feedback_info_pack=0.008s effective_fps=0.92
2026-09-26 00:55:32.457 | INFO     | plugrl_env_client.runner.rollout:log_timing_summary:98 - Final rollout timing summary: env_steps=4081 infer_calls=820 feedback_calls=820 infer_wait=4305.727s infer_obs_pack=0.130s env_step=126.553s feedback_total=0.689s feedback_obs_pack=0.162s feedback_info_pack=0.008s effective_fps=0.92
2026-09-26 00:55:32.457 | INFO     | plugrl_env_client.runner.rollout:log_timing_summary:98 - Final rollout timing summary: env_steps=4088 infer_calls=820 feedback_calls=820 infer_wait=4309.163s infer_obs_pack=0.142s env_step=127.811s feedback_total=0.686s feedback_obs_pack=0.163s feedback_info_pack=0.008s effective_fps=0.92
2026-09-26 00:55:32.457 | INFO     | plugrl_env_client.runner.run:run:156 - Server signalled the end of the run; collection stopped after 8/1000000000 episodes.
2026-09-26 00:55:32.457 | INFO     | plugrl_env_client.runner.run:run:156 - Server signalled the end of the run; collection stopped after 9/1000000000 episodes.
2026-09-26 00:55:32.457 | INFO     | plugrl_env_client.runner.run:run:156 - Server signalled the end of the run; collection stopped after 8/1000000000 episodes.
2026-09-26 00:55:32.457 | INFO     | plugrl_env_client.runner.rollout:log_timing_summary:98 - Final rollout timing summary: env_steps=4082 infer_calls=820 feedback_calls=820 infer_wait=4303.292s infer_obs_pack=0.137s env_step=127.098s feedback_total=0.767s feedback_obs_pack=0.180s feedback_info_pack=0.009s effective_fps=0.92
2026-09-26 00:55:32.457 | INFO     | plugrl_env_client.runner.run:run:156 - Server signalled the end of the run; collection stopped after 9/1000000000 episodes.
2026-09-26 00:55:32.457 | INFO     | plugrl_env_client.runner.rollout:log_timing_summary:98 - Final rollout timing summary: env_steps=4090 infer_calls=820 feedback_calls=820 infer_wait=4309.141s infer_obs_pack=0.125s env_step=126.143s feedback_total=0.697s feedback_obs_pack=0.164s feedback_info_pack=0.009s effective_fps=0.92
2026-09-26 00:55:32.458 | INFO     | plugrl_env_client.runner.run:run:156 - Server signalled the end of the run; collection stopped after 8/1000000000 episodes.
2026-09-26 00:55:32.457 | INFO     | plugrl_env_client.runner.rollout:log_timing_summary:98 - Final rollout timing summary: env_steps=4094 infer_calls=820 feedback_calls=820 infer_wait=4309.671s infer_obs_pack=0.130s env_step=127.874s feedback_total=0.698s feedback_obs_pack=0.169s feedback_info_pack=0.009s effective_fps=0.92
2026-09-26 00:55:32.457 | INFO     | plugrl_env_client.runner.rollout:log_timing_summary:98 - Final rollout timing summary: env_steps=4086 infer_calls=820 feedback_calls=820 infer_wait=4306.105s infer_obs_pack=0.123s env_step=126.890s feedback_total=0.695s feedback_obs_pack=0.162s feedback_info_pack=0.008s effective_fps=0.92
2026-09-26 00:55:32.458 | INFO     | plugrl_env_client.runner.rollout:log_timing_summary:98 - Final rollout timing summary: env_steps=4082 infer_calls=820 feedback_calls=820 infer_wait=4304.768s infer_obs_pack=0.127s env_step=126.823s feedback_total=0.683s feedback_obs_pack=0.160s feedback_info_pack=0.008s effective_fps=0.92
2026-09-26 00:55:32.458 | INFO     | plugrl_env_client.runner.rollout:log_timing_summary:98 - Final rollout timing summary: env_steps=4089 infer_calls=820 feedback_calls=820 infer_wait=4306.559s infer_obs_pack=0.129s env_step=129.275s feedback_total=0.716s feedback_obs_pack=0.174s feedback_info_pack=0.008s effective_fps=0.92
2026-09-26 00:55:32.458 | INFO     | plugrl_env_client.runner.run:run:156 - Server signalled the end of the run; collection stopped after 8/1000000000 episodes.
2026-09-26 00:55:32.458 | INFO     | plugrl_env_client.runner.run:run:156 - Server signalled the end of the run; collection stopped after 9/1000000000 episodes.
2026-09-26 00:55:32.458 | INFO     | plugrl_env_client.runner.run:run:156 - Server signalled the end of the run; collection stopped after 8/1000000000 episodes.
2026-09-26 00:55:32.458 | INFO     | plugrl_env_client.runner.run:run:156 - Server signalled the end of the run; collection stopped after 9/1000000000 episodes.
2026-09-26 00:55:32.458 | INFO     | plugrl_env_client.runner.rollout:log_timing_summary:98 - Final rollout timing summary: env_steps=4089 infer_calls=820 feedback_calls=820 infer_wait=4310.197s infer_obs_pack=0.127s env_step=125.347s feedback_total=0.676s feedback_obs_pack=0.160s feedback_info_pack=0.008s effective_fps=0.92
2026-09-26 00:55:32.459 | INFO     | plugrl_env_client.runner.run:run:156 - Server signalled the end of the run; collection stopped after 8/1000000000 episodes.
[info] using task orders [0, 1, 2, 3, 4, 5, 6, 7, 8, 9]
[info] using task orders [0, 1, 2, 3, 4, 5, 6, 7, 8, 9]
[info] using task orders [0, 1, 2, 3, 4, 5, 6, 7, 8, 9]
[info] using task orders [0, 1, 2, 3, 4, 5, 6, 7, 8, 9]
[info] using task orders [0, 1, 2, 3, 4, 5, 6, 7, 8, 9]
[info] using task orders [0, 1, 2, 3, 4, 5, 6, 7, 8, 9]
[info] using task orders [0, 1, 2, 3, 4, 5, 6, 7, 8, 9]
[info] using task orders [0, 1, 2, 3, 4, 5, 6, 7, 8, 9]
[info] using task orders [0, 1, 2, 3, 4, 5, 6, 7, 8, 9]
[info] using task orders [0, 1, 2, 3, 4, 5, 6, 7, 8, 9]
