
╭──────────────────────────────────────────────────────────────────────────────────────────────────────────────────────╮
├──────────────────────────────────────────────────── Metric Table ────────────────────────────────────────────────────┤
│ Global Step:    1/100 │ Progress: ░░░░░░░░░░░░░░░░░░░░░░░░░░░░░░░░░░░░░░░░ │   1.0%                                  │
│ Elapsed: 00:44 │ ETA: 01:13:24 │ Step Time: 44.489s                                                                  │
├──────────────────────────────────────────────────────── Time ────────────────────────────────────────────────────────┤
│                                                                                                                      │
│actor/actor/compute_adv=0.316          │actor/actor/recv_traj=41.289           │actor/actor/sync_model_to_rollout=0.3…│
│actor/run_training=1.878               │actor_training=1.903                   │cal_adv_and_returns=0.329             │
│env/env/bootstrap_step=0.011           │env/env_interact_step=19.462           │env/interact=41.117                   │
│env/run_interact_once=41.117           │generate_rollouts=41.339               │rollout/generate_one_epoch=41.104     │
│rollout/predict=1.330                  │rollout/rollout/generate=41.127        │rollout/sync_model_from_actor=0.825   │
│step=44.400                            │sync_weights=0.829                     │                                      │
│                                                                                                                      │
├──────────────────────────────────────────────────── Environment ─────────────────────────────────────────────────────┤
│                                                                                                                      │
│num_trajectories=0                     │                                       │                                      │
│                                                                                                                      │
├────────────────────────────────────────────────────── Rollout ───────────────────────────────────────────────────────┤
│                                                                                                                      │
│advantages_max=3.816                   │advantages_mean=1.12e-07               │advantages_min=-3.598                 │
│returns_max=13.683                     │returns_mean=-4.023                    │returns_min=-20.660                   │
│rewards=-0.254                         │                                       │                                      │
│                                                                                                                      │
├─────────────────────────────────────────────────── Training/Actor ───────────────────────────────────────────────────┤
│                                                                                                                      │
│actor/approx_kl=0.010                  │actor/clip_fraction=0.075              │actor/clipped_ratio=0.997             │
│actor/dual_cliped_ratio=0.0000         │actor/entropy_loss=0.0000              │actor/grad_norm=3.272                 │
│actor/lr=3.00e-04                      │actor/policy_loss=-0.018               │actor/policy_loss_abs=0.752           │
│actor/ratio=0.998                      │actor/ratio_abs=0.099                  │actor/total_loss=4.423                │
│                                                                                                                      │
├────────────────────────────────────────────────── Training/Critic ───────────────────────────────────────────────────┤
│                                                                                                                      │
│critic/explained_variance=0.017        │critic/lr=3.00e-04                     │critic/value_clip_ratio=0.0037        │
│critic/value_loss=17.710               │                                       │                                      │
│                                                                                                                      │
╰──────────────────────────────────────────────────────────────────────────────────────────────────────────────────────╯


╭──────────────────────────────────────────────────────────────────────────────────────────────────────────────────────╮
├──────────────────────────────────────────────────── Metric Table ────────────────────────────────────────────────────┤
│ Global Step:    2/100 │ Progress: ░░░░░░░░░░░░░░░░░░░░░░░░░░░░░░░░░░░░░░░░ │   2.0%                                  │
│ Elapsed: 01:26 │ ETA: 01:10:21 │ Step Time: 43.073s                                                                  │
├──────────────────────────────────────────────────────── Time ────────────────────────────────────────────────────────┤
│                                                                                                                      │
│actor/actor/compute_adv=0.058          │actor/actor/recv_traj=36.849           │actor/actor/sync_model_to_rollout=0.2…│
│actor/run_training=3.857               │actor_training=3.899                   │cal_adv_and_returns=0.069             │
│env/env/bootstrap_step=2.65e-04        │env/env_interact_step=18.306           │env/interact=36.790                   │
│env/run_interact_once=36.790           │generate_rollouts=36.889               │rollout/generate_one_epoch=36.804     │
│rollout/predict=0.564                  │rollout/rollout/generate=36.805        │rollout/sync_model_from_actor=0.761   │
│step=41.621                            │sync_weights=0.764                     │                                      │
│                                                                                                                      │
├──────────────────────────────────────────────────── Environment ─────────────────────────────────────────────────────┤
│                                                                                                                      │
│num_trajectories=0                     │                                       │                                      │
│                                                                                                                      │
├────────────────────────────────────────────────────── Rollout ───────────────────────────────────────────────────────┤
│                                                                                                                      │
│advantages_max=4.234                   │advantages_mean=9.69e-08               │advantages_min=-3.436                 │
│returns_max=14.068                     │returns_mean=-5.069                    │returns_min=-20.776                   │
│rewards=-0.300                         │                                       │                                      │
│                                                                                                                      │
├─────────────────────────────────────────────────── Training/Actor ───────────────────────────────────────────────────┤
│                                                                                                                      │
│actor/approx_kl=0.0056                 │actor/clip_fraction=0.052              │actor/clipped_ratio=0.999             │
│actor/dual_cliped_ratio=0.0000         │actor/entropy_loss=0.0000              │actor/grad_norm=7.595                 │
│actor/lr=3.00e-04                      │actor/policy_loss=-0.013               │actor/policy_loss_abs=0.793           │
│actor/ratio=1.000                      │actor/ratio_abs=0.079                  │actor/total_loss=4.902                │
│                                                                                                                      │
├────────────────────────────────────────────────── Training/Critic ───────────────────────────────────────────────────┤
│                                                                                                                      │
│critic/explained_variance=0.063        │critic/lr=3.00e-04                     │critic/value_clip_ratio=0.150         │
│critic/value_loss=19.621               │                                       │                                      │
│                                                                                                                      │
╰──────────────────────────────────────────────────────────────────────────────────────────────────────────────────────╯


╭──────────────────────────────────────────────────────────────────────────────────────────────────────────────────────╮
├──────────────────────────────────────────────────── Metric Table ────────────────────────────────────────────────────┤
│ Global Step:    3/100 │ Progress: █░░░░░░░░░░░░░░░░░░░░░░░░░░░░░░░░░░░░░░░ │   3.0%                                  │
│ Elapsed: 02:07 │ ETA: 01:08:26 │ Step Time: 42.334s                                                                  │
├──────────────────────────────────────────────────────── Time ────────────────────────────────────────────────────────┤
│                                                                                                                      │
│actor/actor/compute_adv=0.048          │actor/actor/recv_traj=37.971           │actor/actor/sync_model_to_rollout=0.0…│
│actor/run_training=2.540               │actor_training=2.544                   │cal_adv_and_returns=0.049             │
│env/env/bootstrap_step=2.45e-04        │env/env_interact_step=18.596           │env/interact=37.910                   │
│env/run_interact_once=37.910           │generate_rollouts=37.991               │rollout/generate_one_epoch=37.925     │
│rollout/predict=0.612                  │rollout/rollout/generate=37.925        │rollout/sync_model_from_actor=0.238   │
│step=40.827                            │sync_weights=0.243                     │                                      │
│                                                                                                                      │
├──────────────────────────────────────────────────── Environment ─────────────────────────────────────────────────────┤
│                                                                                                                      │
│num_trajectories=0                     │                                       │                                      │
│                                                                                                                      │
├────────────────────────────────────────────────────── Rollout ───────────────────────────────────────────────────────┤
│                                                                                                                      │
│advantages_max=3.192                   │advantages_mean=-7.45e-08              │advantages_min=-2.853                 │
│returns_max=10.787                     │returns_mean=-4.355                    │returns_min=-16.891                   │
│rewards=-0.204                         │                                       │                                      │
│                                                                                                                      │
├─────────────────────────────────────────────────── Training/Actor ───────────────────────────────────────────────────┤
│                                                                                                                      │
│actor/approx_kl=0.0092                 │actor/clip_fraction=0.050              │actor/clipped_ratio=0.996             │
│actor/dual_cliped_ratio=0.0000         │actor/entropy_loss=0.0000              │actor/grad_norm=8.852                 │
│actor/lr=3.00e-04                      │actor/policy_loss=-0.013               │actor/policy_loss_abs=0.801           │
│actor/ratio=0.997                      │actor/ratio_abs=0.075                  │actor/total_loss=3.195                │
│                                                                                                                      │
├────────────────────────────────────────────────── Training/Critic ───────────────────────────────────────────────────┤
│                                                                                                                      │
│critic/explained_variance=0.150        │critic/lr=3.00e-04                     │critic/value_clip_ratio=0.355         │
│critic/value_loss=12.792               │                                       │                                      │
│                                                                                                                      │
╰──────────────────────────────────────────────────────────────────────────────────────────────────────────────────────╯


╭──────────────────────────────────────────────────────────────────────────────────────────────────────────────────────╮
├──────────────────────────────────────────────────── Metric Table ────────────────────────────────────────────────────┤
│ Global Step:    4/100 │ Progress: █░░░░░░░░░░░░░░░░░░░░░░░░░░░░░░░░░░░░░░░ │   4.0%                                  │
│ Elapsed: 02:44 │ ETA: 01:05:59 │ Step Time: 41.245s                                                                  │
├──────────────────────────────────────────────────────── Time ────────────────────────────────────────────────────────┤
│                                                                                                                      │
│actor/actor/compute_adv=0.075          │actor/actor/recv_traj=36.183           │actor/actor/sync_model_to_rollout=0.0…│
│actor/run_training=1.369               │actor_training=1.384                   │cal_adv_and_returns=0.084             │
│env/env/bootstrap_step=2.27e-04        │env/env_interact_step=17.975           │env/interact=36.101                   │
│env/run_interact_once=36.101           │generate_rollouts=36.199               │rollout/generate_one_epoch=36.140     │
│rollout/predict=0.522                  │rollout/rollout/generate=36.143        │rollout/sync_model_from_actor=0.261   │
│step=37.930                            │sync_weights=0.263                     │                                      │
│                                                                                                                      │
├──────────────────────────────────────────────────── Environment ─────────────────────────────────────────────────────┤
│                                                                                                                      │
│episode_len=1000.0                     │num_trajectories=16                    │return=-243.74962                     │
│reward=-0.2437496                      │                                       │                                      │
│                                                                                                                      │
├────────────────────────────────────────────────────── Rollout ───────────────────────────────────────────────────────┤
│                                                                                                                      │
│advantages_max=3.443                   │advantages_mean=5.03e-08               │advantages_min=-3.654                 │
│returns_max=11.408                     │returns_mean=-5.395                    │returns_min=-19.343                   │
│rewards=-0.222                         │                                       │                                      │
│                                                                                                                      │
├─────────────────────────────────────────────────── Training/Actor ───────────────────────────────────────────────────┤
│                                                                                                                      │
│actor/approx_kl=0.0073                 │actor/clip_fraction=0.054              │actor/clipped_ratio=0.997             │
│actor/dual_cliped_ratio=0.0000         │actor/entropy_loss=0.0000              │actor/grad_norm=13.174                │
│actor/lr=3.00e-04                      │actor/policy_loss=-0.013               │actor/policy_loss_abs=0.781           │
│actor/ratio=0.999                      │actor/ratio_abs=0.080                  │actor/total_loss=2.603                │
│                                                                                                                      │
├────────────────────────────────────────────────── Training/Critic ───────────────────────────────────────────────────┤
│                                                                                                                      │
│critic/explained_variance=0.290        │critic/lr=3.00e-04                     │critic/value_clip_ratio=0.310         │
│critic/value_loss=10.424               │                                       │                                      │
│                                                                                                                      │
╰──────────────────────────────────────────────────────────────────────────────────────────────────────────────────────╯


╭──────────────────────────────────────────────────────────────────────────────────────────────────────────────────────╮
├──────────────────────────────────────────────────── Metric Table ────────────────────────────────────────────────────┤
│ Global Step:    5/100 │ Progress: ██░░░░░░░░░░░░░░░░░░░░░░░░░░░░░░░░░░░░░░ │   5.0%                                  │
│ Elapsed: 03:22 │ ETA: 01:04:08 │ Step Time: 40.512s                                                                  │
├──────────────────────────────────────────────────────── Time ────────────────────────────────────────────────────────┤
│                                                                                                                      │
│actor/actor/compute_adv=0.085          │actor/actor/recv_traj=35.512           │actor/actor/sync_model_to_rollout=0.0…│
│actor/run_training=1.125               │actor_training=1.131                   │cal_adv_and_returns=0.098             │
│env/env/bootstrap_step=2.36e-04        │env/env_interact_step=18.122           │env/interact=35.440                   │
│env/run_interact_once=35.440           │generate_rollouts=35.542               │rollout/generate_one_epoch=35.483     │
│rollout/predict=0.611                  │rollout/rollout/generate=35.501        │rollout/sync_model_from_actor=0.770   │
│step=37.547                            │sync_weights=0.776                     │                                      │
│                                                                                                                      │
├──────────────────────────────────────────────────── Environment ─────────────────────────────────────────────────────┤
│                                                                                                                      │
│num_trajectories=0                     │                                       │                                      │
│                                                                                                                      │
├────────────────────────────────────────────────────── Rollout ───────────────────────────────────────────────────────┤
│                                                                                                                      │
│advantages_max=3.042                   │advantages_mean=1.49e-08               │advantages_min=-3.832                 │
│returns_max=10.662                     │returns_mean=-5.226                    │returns_min=-21.728                   │
│rewards=-0.142                         │                                       │                                      │
│                                                                                                                      │
├─────────────────────────────────────────────────── Training/Actor ───────────────────────────────────────────────────┤
│                                                                                                                      │
│actor/approx_kl=0.0065                 │actor/clip_fraction=0.050              │actor/clipped_ratio=0.997             │
│actor/dual_cliped_ratio=0.0000         │actor/entropy_loss=0.0000              │actor/grad_norm=12.898                │
│actor/lr=3.00e-04                      │actor/policy_loss=-0.014               │actor/policy_loss_abs=0.774           │
│actor/ratio=1.000                      │actor/ratio_abs=0.078                  │actor/total_loss=2.717                │
│                                                                                                                      │
├────────────────────────────────────────────────── Training/Critic ───────────────────────────────────────────────────┤
│                                                                                                                      │
│critic/explained_variance=0.308        │critic/lr=3.00e-04                     │critic/value_clip_ratio=0.299         │
│critic/value_loss=10.883               │                                       │                                      │
│                                                                                                                      │
╰──────────────────────────────────────────────────────────────────────────────────────────────────────────────────────╯


╭──────────────────────────────────────────────────────────────────────────────────────────────────────────────────────╮
├──────────────────────────────────────────────────── Metric Table ────────────────────────────────────────────────────┤
│ Global Step:    6/100 │ Progress: ██░░░░░░░░░░░░░░░░░░░░░░░░░░░░░░░░░░░░░░ │   6.0%                                  │
│ Elapsed: 04:05 │ ETA: 01:04:03 │ Step Time: 40.889s                                                                  │
├──────────────────────────────────────────────────────── Time ────────────────────────────────────────────────────────┤
│                                                                                                                      │
│actor/actor/compute_adv=0.077          │actor/actor/recv_traj=37.488           │actor/actor/sync_model_to_rollout=0.0…│
│actor/run_training=4.579               │actor_training=4.584                   │cal_adv_and_returns=0.090             │
│env/env/bootstrap_step=2.34e-04        │env/env_interact_step=18.870           │env/interact=37.450                   │
│env/run_interact_once=37.450           │generate_rollouts=37.508               │rollout/generate_one_epoch=37.455     │
│rollout/predict=0.531                  │rollout/rollout/generate=37.471        │rollout/sync_model_from_actor=0.561   │
│step=42.749                            │sync_weights=0.567                     │                                      │
│                                                                                                                      │
├──────────────────────────────────────────────────── Environment ─────────────────────────────────────────────────────┤
│                                                                                                                      │
│num_trajectories=0                     │                                       │                                      │
│                                                                                                                      │
├────────────────────────────────────────────────────── Rollout ───────────────────────────────────────────────────────┤
│                                                                                                                      │
│advantages_max=3.079                   │advantages_mean=-2.98e-08              │advantages_min=-3.666                 │
│returns_max=12.512                     │returns_mean=-7.729                    │returns_min=-28.837                   │
│rewards=-0.239                         │                                       │                                      │
│                                                                                                                      │
├─────────────────────────────────────────────────── Training/Actor ───────────────────────────────────────────────────┤
│                                                                                                                      │
│actor/approx_kl=0.0038                 │actor/clip_fraction=0.042              │actor/clipped_ratio=1.000             │
│actor/dual_cliped_ratio=0.0000         │actor/entropy_loss=0.0000              │actor/grad_norm=20.166                │
│actor/lr=3.00e-04                      │actor/policy_loss=-0.011               │actor/policy_loss_abs=0.756           │
│actor/ratio=1.002                      │actor/ratio_abs=0.076                  │actor/total_loss=4.108                │
│                                                                                                                      │
├────────────────────────────────────────────────── Training/Critic ───────────────────────────────────────────────────┤
│                                                                                                                      │
│critic/explained_variance=0.370        │critic/lr=3.00e-04                     │critic/value_clip_ratio=0.333         │
│critic/value_loss=16.443               │                                       │                                      │
│                                                                                                                      │
╰──────────────────────────────────────────────────────────────────────────────────────────────────────────────────────╯


╭──────────────────────────────────────────────────────────────────────────────────────────────────────────────────────╮
├──────────────────────────────────────────────────── Metric Table ────────────────────────────────────────────────────┤
│ Global Step:    7/100 │ Progress: ██░░░░░░░░░░░░░░░░░░░░░░░░░░░░░░░░░░░░░░ │   7.0%                                  │
│ Elapsed: 04:44 │ ETA: 01:03:00 │ Step Time: 40.647s                                                                  │
├──────────────────────────────────────────────────────── Time ────────────────────────────────────────────────────────┤
│                                                                                                                      │
│actor/actor/compute_adv=0.023          │actor/actor/recv_traj=37.428           │actor/actor/sync_model_to_rollout=0.0…│
│actor/run_training=1.484               │actor_training=1.489                   │cal_adv_and_returns=0.025             │
│env/env/bootstrap_step=2.54e-04        │env/env_interact_step=18.525           │env/interact=37.339                   │
│env/run_interact_once=37.339           │generate_rollouts=37.459               │rollout/generate_one_epoch=37.362     │
│rollout/predict=0.544                  │rollout/rollout/generate=37.376        │rollout/sync_model_from_actor=0.183   │
│step=39.162                            │sync_weights=0.188                     │                                      │
│                                                                                                                      │
├──────────────────────────────────────────────────── Environment ─────────────────────────────────────────────────────┤
│                                                                                                                      │
│num_trajectories=0                     │                                       │                                      │
│                                                                                                                      │
├────────────────────────────────────────────────────── Rollout ───────────────────────────────────────────────────────┤
│                                                                                                                      │
│advantages_max=4.082                   │advantages_mean=-1.86e-08              │advantages_min=-4.955                 │
│returns_max=11.123                     │returns_mean=-8.319                    │returns_min=-29.376                   │
│rewards=-0.205                         │                                       │                                      │
│                                                                                                                      │
├─────────────────────────────────────────────────── Training/Actor ───────────────────────────────────────────────────┤
│                                                                                                                      │
│actor/approx_kl=0.0070                 │actor/clip_fraction=0.059              │actor/clipped_ratio=0.997             │
│actor/dual_cliped_ratio=0.0000         │actor/entropy_loss=0.0000              │actor/grad_norm=17.957                │
│actor/lr=3.00e-04                      │actor/policy_loss=-0.014               │actor/policy_loss_abs=0.744           │
│actor/ratio=1.000                      │actor/ratio_abs=0.082                  │actor/total_loss=2.453                │
│                                                                                                                      │
├────────────────────────────────────────────────── Training/Critic ───────────────────────────────────────────────────┤
│                                                                                                                      │
│critic/explained_variance=0.400        │critic/lr=3.00e-04                     │critic/value_clip_ratio=0.346         │
│critic/value_loss=9.826                │                                       │                                      │
│                                                                                                                      │
╰──────────────────────────────────────────────────────────────────────────────────────────────────────────────────────╯


╭──────────────────────────────────────────────────────────────────────────────────────────────────────────────────────╮
├──────────────────────────────────────────────────── Metric Table ────────────────────────────────────────────────────┤
│ Global Step:    8/100 │ Progress: ███░░░░░░░░░░░░░░░░░░░░░░░░░░░░░░░░░░░░░ │   8.0%                                  │
│ Elapsed: 05:24 │ ETA: 01:02:13 │ Step Time: 40.586s                                                                  │
├──────────────────────────────────────────────────────── Time ────────────────────────────────────────────────────────┤
│                                                                                                                      │
│actor/actor/compute_adv=0.023          │actor/actor/recv_traj=38.029           │actor/actor/sync_model_to_rollout=0.0…│
│actor/run_training=1.849               │actor_training=1.862                   │cal_adv_and_returns=0.032             │
│env/env/bootstrap_step=2.92e-04        │env/env_interact_step=18.701           │env/interact=37.952                   │
│env/run_interact_once=37.952           │generate_rollouts=38.046               │rollout/generate_one_epoch=37.965     │
│rollout/predict=0.609                  │rollout/rollout/generate=37.965        │rollout/sync_model_from_actor=0.180   │
│step=40.125                            │sync_weights=0.185                     │                                      │
│                                                                                                                      │
├──────────────────────────────────────────────────── Environment ─────────────────────────────────────────────────────┤
│                                                                                                                      │
│episode_len=1000.0                     │num_trajectories=16                    │return=-201.83841                     │
│reward=-0.20183842                     │                                       │                                      │
│                                                                                                                      │
├────────────────────────────────────────────────────── Rollout ───────────────────────────────────────────────────────┤
│                                                                                                                      │
│advantages_max=3.789                   │advantages_mean=-5.03e-08              │advantages_min=-3.520                 │
│returns_max=11.368                     │returns_mean=-8.746                    │returns_min=-21.843                   │
│rewards=-0.229                         │                                       │                                      │
│                                                                                                                      │
├─────────────────────────────────────────────────── Training/Actor ───────────────────────────────────────────────────┤
│                                                                                                                      │
│actor/approx_kl=0.0052                 │actor/clip_fraction=0.056              │actor/clipped_ratio=0.999             │
│actor/dual_cliped_ratio=0.0000         │actor/entropy_loss=0.0000              │actor/grad_norm=18.276                │
│actor/lr=3.00e-04                      │actor/policy_loss=-0.015               │actor/policy_loss_abs=0.777           │
│actor/ratio=1.001                      │actor/ratio_abs=0.082                  │actor/total_loss=2.629                │
│                                                                                                                      │
├────────────────────────────────────────────────── Training/Critic ───────────────────────────────────────────────────┤
│                                                                                                                      │
│critic/explained_variance=0.430        │critic/lr=3.00e-04                     │critic/value_clip_ratio=0.285         │
│critic/value_loss=10.529               │                                       │                                      │
│                                                                                                                      │
╰──────────────────────────────────────────────────────────────────────────────────────────────────────────────────────╯


╭──────────────────────────────────────────────────────────────────────────────────────────────────────────────────────╮
├──────────────────────────────────────────────────── Metric Table ────────────────────────────────────────────────────┤
│ Global Step:    9/100 │ Progress: ███░░░░░░░░░░░░░░░░░░░░░░░░░░░░░░░░░░░░░ │   9.0%                                  │
│ Elapsed: 06:01 │ ETA: 01:00:53 │ Step Time: 40.144s                                                                  │
├──────────────────────────────────────────────────────── Time ────────────────────────────────────────────────────────┤
│                                                                                                                      │
│actor/actor/compute_adv=0.011          │actor/actor/recv_traj=34.664           │actor/actor/sync_model_to_rollout=0.0…│
│actor/run_training=1.676               │actor_training=1.682                   │cal_adv_and_returns=0.013             │
│env/env/bootstrap_step=2.42e-04        │env/env_interact_step=16.744           │env/interact=34.660                   │
│env/run_interact_once=34.660           │generate_rollouts=34.697               │rollout/generate_one_epoch=34.671     │
│rollout/predict=0.511                  │rollout/rollout/generate=34.676        │rollout/sync_model_from_actor=0.162   │
│step=36.560                            │sync_weights=0.167                     │                                      │
│                                                                                                                      │
├──────────────────────────────────────────────────── Environment ─────────────────────────────────────────────────────┤
│                                                                                                                      │
│num_trajectories=0                     │                                       │                                      │
│                                                                                                                      │
├────────────────────────────────────────────────────── Rollout ───────────────────────────────────────────────────────┤
│                                                                                                                      │
│advantages_max=3.275                   │advantages_mean=-1.12e-08              │advantages_min=-3.630                 │
│returns_max=12.519                     │returns_mean=-7.645                    │returns_min=-26.521                   │
│rewards=-0.113                         │                                       │                                      │
│                                                                                                                      │
├─────────────────────────────────────────────────── Training/Actor ───────────────────────────────────────────────────┤
│                                                                                                                      │
│actor/approx_kl=0.0067                 │actor/clip_fraction=0.063              │actor/clipped_ratio=0.998             │
│actor/dual_cliped_ratio=0.0000         │actor/entropy_loss=0.0000              │actor/grad_norm=15.960                │
│actor/lr=3.00e-04                      │actor/policy_loss=-0.019               │actor/policy_loss_abs=0.774           │
│actor/ratio=1.000                      │actor/ratio_abs=0.085                  │actor/total_loss=2.793                │
│                                                                                                                      │
├────────────────────────────────────────────────── Training/Critic ───────────────────────────────────────────────────┤
│                                                                                                                      │
│critic/explained_variance=0.445        │critic/lr=3.00e-04                     │critic/value_clip_ratio=0.084         │
│critic/value_loss=11.193               │                                       │                                      │
│                                                                                                                      │
╰──────────────────────────────────────────────────────────────────────────────────────────────────────────────────────╯


╭──────────────────────────────────────────────────────────────────────────────────────────────────────────────────────╮
├──────────────────────────────────────────────────── Metric Table ────────────────────────────────────────────────────┤
│ Global Step:   10/100 │ Progress: ████░░░░░░░░░░░░░░░░░░░░░░░░░░░░░░░░░░░░ │  10.0%                                  │
│ Elapsed: 06:40 │ ETA: 01:00:00 │ Step Time: 40.009s                                                                  │
├──────────────────────────────────────────────────────── Time ────────────────────────────────────────────────────────┤
│                                                                                                                      │
│actor/actor/compute_adv=0.065          │actor/actor/recv_traj=32.280           │actor/actor/sync_model_to_rollout=0.0…│
│actor/run_training=5.529               │actor_training=5.534                   │cal_adv_and_returns=0.081             │
│env/env/bootstrap_step=2.69e-04        │env/env_interact_step=16.084           │env/interact=32.235                   │
│env/run_interact_once=32.235           │generate_rollouts=32.308               │rollout/generate_one_epoch=32.245     │
│rollout/predict=0.498                  │rollout/rollout/generate=32.246        │rollout/sync_model_from_actor=0.823   │
│step=38.750                            │sync_weights=0.824                     │                                      │
│                                                                                                                      │
├──────────────────────────────────────────────────── Environment ─────────────────────────────────────────────────────┤
│                                                                                                                      │
│num_trajectories=0                     │                                       │                                      │
│                                                                                                                      │
├────────────────────────────────────────────────────── Rollout ───────────────────────────────────────────────────────┤
│                                                                                                                      │
│advantages_max=3.362                   │advantages_mean=-4.47e-08              │advantages_min=-3.843                 │
│returns_max=8.381                      │returns_mean=-10.070                   │returns_min=-24.956                   │
│rewards=-0.169                         │                                       │                                      │
│                                                                                                                      │
├─────────────────────────────────────────────────── Training/Actor ───────────────────────────────────────────────────┤
│                                                                                                                      │
│actor/approx_kl=0.0087                 │actor/clip_fraction=0.077              │actor/clipped_ratio=0.997             │
│actor/dual_cliped_ratio=0.0000         │actor/entropy_loss=0.0000              │actor/grad_norm=17.425                │
│actor/lr=3.00e-04                      │actor/policy_loss=-0.020               │actor/policy_loss_abs=0.768           │
│actor/ratio=0.999                      │actor/ratio_abs=0.092                  │actor/total_loss=2.225                │
│                                                                                                                      │
├────────────────────────────────────────────────── Training/Critic ───────────────────────────────────────────────────┤
│                                                                                                                      │
│critic/explained_variance=0.413        │critic/lr=3.00e-04                     │critic/value_clip_ratio=0.138         │
│critic/value_loss=8.921                │                                       │                                      │
│                                                                                                                      │
╰──────────────────────────────────────────────────────────────────────────────────────────────────────────────────────╯


╭──────────────────────────────────────────────────────────────────────────────────────────────────────────────────────╮
├──────────────────────────────────────────────────── Metric Table ────────────────────────────────────────────────────┤
│ Global Step:   11/100 │ Progress: ████░░░░░░░░░░░░░░░░░░░░░░░░░░░░░░░░░░░░ │  11.0%                                  │
│ Elapsed: 07:19 │ ETA: 59:15 │ Step Time: 39.946s                                                                     │
├──────────────────────────────────────────────────────── Time ────────────────────────────────────────────────────────┤
│                                                                                                                      │
│actor/actor/compute_adv=0.047          │actor/actor/recv_traj=36.917           │actor/actor/sync_model_to_rollout=0.1…│
│actor/run_training=2.020               │actor_training=2.027                   │cal_adv_and_returns=0.058             │
│env/env/bootstrap_step=2.37e-04        │env/env_interact_step=17.590           │env/interact=36.843                   │
│env/run_interact_once=36.843           │generate_rollouts=36.956               │rollout/generate_one_epoch=36.880     │
│rollout/predict=0.688                  │rollout/rollout/generate=36.889        │rollout/sync_model_from_actor=0.230   │
│step=39.272                            │sync_weights=0.231                     │                                      │
│                                                                                                                      │
├──────────────────────────────────────────────────── Environment ─────────────────────────────────────────────────────┤
│                                                                                                                      │
│num_trajectories=0                     │                                       │                                      │
│                                                                                                                      │
├────────────────────────────────────────────────────── Rollout ───────────────────────────────────────────────────────┤
│                                                                                                                      │
│advantages_max=4.895                   │advantages_mean=-1.12e-08              │advantages_min=-3.403                 │
│returns_max=13.242                     │returns_mean=-10.621                   │returns_min=-24.102                   │
│rewards=-0.154                         │                                       │                                      │
│                                                                                                                      │
├─────────────────────────────────────────────────── Training/Actor ───────────────────────────────────────────────────┤
│                                                                                                                      │
│actor/approx_kl=0.012                  │actor/clip_fraction=0.072              │actor/clipped_ratio=0.994             │
│actor/dual_cliped_ratio=0.0000         │actor/entropy_loss=0.0000              │actor/grad_norm=14.698                │
│actor/lr=3.00e-04                      │actor/policy_loss=-0.020               │actor/policy_loss_abs=0.760           │
│actor/ratio=0.996                      │actor/ratio_abs=0.093                  │actor/total_loss=1.937                │
│                                                                                                                      │
├────────────────────────────────────────────────── Training/Critic ───────────────────────────────────────────────────┤
│                                                                                                                      │
│critic/explained_variance=0.591        │critic/lr=3.00e-04                     │critic/value_clip_ratio=0.174         │
│critic/value_loss=7.767                │                                       │                                      │
│                                                                                                                      │
╰──────────────────────────────────────────────────────────────────────────────────────────────────────────────────────╯


╭──────────────────────────────────────────────────────────────────────────────────────────────────────────────────────╮
├──────────────────────────────────────────────────── Metric Table ────────────────────────────────────────────────────┤
│ Global Step:   12/100 │ Progress: ████░░░░░░░░░░░░░░░░░░░░░░░░░░░░░░░░░░░░ │  12.0%                                  │
│ Elapsed: 08:36 │ ETA: 01:03:06 │ Step Time: 43.030s                                                                  │
├──────────────────────────────────────────────────────── Time ────────────────────────────────────────────────────────┤
│                                                                                                                      │
│actor/actor/compute_adv=0.078          │actor/actor/recv_traj=63.749           │actor/actor/sync_model_to_rollout=0.0…│
│actor/run_training=11.847              │actor_training=11.875                  │cal_adv_and_returns=0.098             │
│env/env/bootstrap_step=2.58e-04        │env/env_interact_step=20.978           │env/interact=63.568                   │
│env/run_interact_once=63.568           │generate_rollouts=63.781               │rollout/generate_one_epoch=63.602     │
│rollout/predict=1.114                  │rollout/rollout/generate=63.603        │rollout/sync_model_from_actor=1.124   │
│step=76.882                            │sync_weights=1.129                     │                                      │
│                                                                                                                      │
├──────────────────────────────────────────────────── Environment ─────────────────────────────────────────────────────┤
│                                                                                                                      │
│episode_len=1000.0                     │num_trajectories=16                    │return=-158.16284                     │
│reward=-0.15816283                     │                                       │                                      │
│                                                                                                                      │
├────────────────────────────────────────────────────── Rollout ───────────────────────────────────────────────────────┤
│                                                                                                                      │
│advantages_max=3.973                   │advantages_mean=1.49e-08               │advantages_min=-3.809                 │
│returns_max=11.337                     │returns_mean=-12.165                   │returns_min=-26.592                   │
│rewards=-0.264                         │                                       │                                      │
│                                                                                                                      │
├─────────────────────────────────────────────────── Training/Actor ───────────────────────────────────────────────────┤
│                                                                                                                      │
│actor/approx_kl=0.0073                 │actor/clip_fraction=0.068              │actor/clipped_ratio=0.998             │
│actor/dual_cliped_ratio=0.0000         │actor/entropy_loss=0.0000              │actor/grad_norm=19.755                │
│actor/lr=3.00e-04                      │actor/policy_loss=-0.019               │actor/policy_loss_abs=0.750           │
│actor/ratio=1.000                      │actor/ratio_abs=0.087                  │actor/total_loss=2.556                │
│                                                                                                                      │
├────────────────────────────────────────────────── Training/Critic ───────────────────────────────────────────────────┤
│                                                                                                                      │
│critic/explained_variance=0.494        │critic/lr=3.00e-04                     │critic/value_clip_ratio=0.231         │
│critic/value_loss=10.241               │                                       │                                      │
│                                                                                                                      │
╰──────────────────────────────────────────────────────────────────────────────────────────────────────────────────────╯


╭──────────────────────────────────────────────────────────────────────────────────────────────────────────────────────╮
├──────────────────────────────────────────────────── Metric Table ────────────────────────────────────────────────────┤
│ Global Step:   13/100 │ Progress: █████░░░░░░░░░░░░░░░░░░░░░░░░░░░░░░░░░░░ │  13.0%                                  │
│ Elapsed: 09:49 │ ETA: 01:05:48 │ Step Time: 45.381s                                                                  │
├──────────────────────────────────────────────────────── Time ────────────────────────────────────────────────────────┤
│                                                                                                                      │
│actor/actor/compute_adv=0.109          │actor/actor/recv_traj=65.350           │actor/actor/sync_model_to_rollout=0.2…│
│actor/run_training=7.030               │actor_training=7.038                   │cal_adv_and_returns=0.130             │
│env/env/bootstrap_step=2.43e-04        │env/env_interact_step=21.202           │env/interact=65.180                   │
│env/run_interact_once=65.180           │generate_rollouts=65.404               │rollout/generate_one_epoch=65.257     │
│rollout/predict=1.072                  │rollout/rollout/generate=65.285        │rollout/sync_model_from_actor=0.874   │
│step=73.466                            │sync_weights=0.892                     │                                      │
│                                                                                                                      │
├──────────────────────────────────────────────────── Environment ─────────────────────────────────────────────────────┤
│                                                                                                                      │
│num_trajectories=0                     │                                       │                                      │
│                                                                                                                      │
├────────────────────────────────────────────────────── Rollout ───────────────────────────────────────────────────────┤
│                                                                                                                      │
│advantages_max=3.898                   │advantages_mean=7.45e-09               │advantages_min=-2.999                 │
│returns_max=16.319                     │returns_mean=-11.347                   │returns_min=-29.962                   │
│rewards=-0.187                         │                                       │                                      │
│                                                                                                                      │
├─────────────────────────────────────────────────── Training/Actor ───────────────────────────────────────────────────┤
│                                                                                                                      │
│actor/approx_kl=0.0095                 │actor/clip_fraction=0.064              │actor/clipped_ratio=0.996             │
│actor/dual_cliped_ratio=0.0000         │actor/entropy_loss=0.0000              │actor/grad_norm=21.488                │
│actor/lr=3.00e-04                      │actor/policy_loss=-0.019               │actor/policy_loss_abs=0.802           │
│actor/ratio=0.998                      │actor/ratio_abs=0.086                  │actor/total_loss=3.516                │
│                                                                                                                      │
├────────────────────────────────────────────────── Training/Critic ───────────────────────────────────────────────────┤
│                                                                                                                      │
│critic/explained_variance=0.452        │critic/lr=3.00e-04                     │critic/value_clip_ratio=0.182         │
│critic/value_loss=14.085               │                                       │                                      │
│                                                                                                                      │
╰──────────────────────────────────────────────────────────────────────────────────────────────────────────────────────╯


╭──────────────────────────────────────────────────────────────────────────────────────────────────────────────────────╮
├──────────────────────────────────────────────────── Metric Table ────────────────────────────────────────────────────┤
│ Global Step:   14/100 │ Progress: █████░░░░░░░░░░░░░░░░░░░░░░░░░░░░░░░░░░░ │  14.0%                                  │
│ Elapsed: 10:55 │ ETA: 01:07:07 │ Step Time: 46.837s                                                                  │
├──────────────────────────────────────────────────────── Time ────────────────────────────────────────────────────────┤
│                                                                                                                      │
│actor/actor/compute_adv=0.097          │actor/actor/recv_traj=57.567           │actor/actor/sync_model_to_rollout=0.1…│
│actor/run_training=6.897               │actor_training=6.917                   │cal_adv_and_returns=0.116             │
│env/env/bootstrap_step=2.92e-04        │env/env_interact_step=20.913           │env/interact=57.423                   │
│env/run_interact_once=57.423           │generate_rollouts=57.634               │rollout/generate_one_epoch=57.466     │
│rollout/predict=1.132                  │rollout/rollout/generate=57.467        │rollout/sync_model_from_actor=0.973   │
│step=65.663                            │sync_weights=0.996                     │                                      │
│                                                                                                                      │
├──────────────────────────────────────────────────── Environment ─────────────────────────────────────────────────────┤
│                                                                                                                      │
│num_trajectories=0                     │                                       │                                      │
│                                                                                                                      │
├────────────────────────────────────────────────────── Rollout ───────────────────────────────────────────────────────┤
│                                                                                                                      │
│advantages_max=4.544                   │advantages_mean=7.45e-09               │advantages_min=-4.181                 │
│returns_max=12.017                     │returns_mean=-11.110                   │returns_min=-26.669                   │
│rewards=-0.115                         │                                       │                                      │
│                                                                                                                      │
├─────────────────────────────────────────────────── Training/Actor ───────────────────────────────────────────────────┤
│                                                                                                                      │
│actor/approx_kl=0.011                  │actor/clip_fraction=0.080              │actor/clipped_ratio=0.995             │
│actor/dual_cliped_ratio=0.0000         │actor/entropy_loss=0.0000              │actor/grad_norm=13.574                │
│actor/lr=3.00e-04                      │actor/policy_loss=-0.022               │actor/policy_loss_abs=0.758           │
│actor/ratio=0.998                      │actor/ratio_abs=0.093                  │actor/total_loss=1.904                │
│                                                                                                                      │
├────────────────────────────────────────────────── Training/Critic ───────────────────────────────────────────────────┤
│                                                                                                                      │
│critic/explained_variance=0.487        │critic/lr=3.00e-04                     │critic/value_clip_ratio=0.068         │
│critic/value_loss=7.638                │                                       │                                      │
│                                                                                                                      │
╰──────────────────────────────────────────────────────────────────────────────────────────────────────────────────────╯


╭──────────────────────────────────────────────────────────────────────────────────────────────────────────────────────╮
├──────────────────────────────────────────────────── Metric Table ────────────────────────────────────────────────────┤
│ Global Step:   15/100 │ Progress: ██████░░░░░░░░░░░░░░░░░░░░░░░░░░░░░░░░░░ │  15.0%                                  │
│ Elapsed: 12:04 │ ETA: 01:08:27 │ Step Time: 48.320s                                                                  │
├──────────────────────────────────────────────────────── Time ────────────────────────────────────────────────────────┤
│                                                                                                                      │
│actor/actor/compute_adv=0.148          │actor/actor/recv_traj=58.999           │actor/actor/sync_model_to_rollout=0.2…│
│actor/run_training=8.925               │actor_training=8.960                   │cal_adv_and_returns=0.161             │
│env/env/bootstrap_step=2.94e-04        │env/env_interact_step=19.994           │env/interact=58.893                   │
│env/run_interact_once=58.893           │generate_rollouts=59.065               │rollout/generate_one_epoch=58.912     │
│rollout/predict=0.994                  │rollout/rollout/generate=58.912        │rollout/sync_model_from_actor=0.742   │
│step=68.934                            │sync_weights=0.748                     │                                      │
│                                                                                                                      │
├──────────────────────────────────────────────────── Environment ─────────────────────────────────────────────────────┤
│                                                                                                                      │
│num_trajectories=0                     │                                       │                                      │
│                                                                                                                      │
├────────────────────────────────────────────────────── Rollout ───────────────────────────────────────────────────────┤
│                                                                                                                      │
│advantages_max=3.248                   │advantages_mean=-2.24e-08              │advantages_min=-3.891                 │
│returns_max=11.967                     │returns_mean=-11.063                   │returns_min=-26.642                   │
│rewards=-0.132                         │                                       │                                      │
│                                                                                                                      │
├─────────────────────────────────────────────────── Training/Actor ───────────────────────────────────────────────────┤
│                                                                                                                      │
│actor/approx_kl=0.0089                 │actor/clip_fraction=0.078              │actor/clipped_ratio=0.997             │
│actor/dual_cliped_ratio=0.0000         │actor/entropy_loss=0.0000              │actor/grad_norm=14.784                │
│actor/lr=3.00e-04                      │actor/policy_loss=-0.022               │actor/policy_loss_abs=0.776           │
│actor/ratio=0.999                      │actor/ratio_abs=0.094                  │actor/total_loss=2.320                │
│                                                                                                                      │
├────────────────────────────────────────────────── Training/Critic ───────────────────────────────────────────────────┤
│                                                                                                                      │
│critic/explained_variance=0.552        │critic/lr=3.00e-04                     │critic/value_clip_ratio=0.028         │
│critic/value_loss=9.300                │                                       │                                      │
│                                                                                                                      │
╰──────────────────────────────────────────────────────────────────────────────────────────────────────────────────────╯


╭──────────────────────────────────────────────────────────────────────────────────────────────────────────────────────╮
├──────────────────────────────────────────────────── Metric Table ────────────────────────────────────────────────────┤
│ Global Step:   16/100 │ Progress: ██████░░░░░░░░░░░░░░░░░░░░░░░░░░░░░░░░░░ │  16.0%                                  │
│ Elapsed: 13:15 │ ETA: 01:09:38 │ Step Time: 49.746s                                                                  │
├──────────────────────────────────────────────────────── Time ────────────────────────────────────────────────────────┤
│                                                                                                                      │
│actor/actor/compute_adv=0.061          │actor/actor/recv_traj=63.160           │actor/actor/sync_model_to_rollout=0.1…│
│actor/run_training=6.534               │actor_training=6.546                   │cal_adv_and_returns=0.085             │
│env/env/bootstrap_step=2.76e-04        │env/env_interact_step=20.928           │env/interact=62.985                   │
│env/run_interact_once=62.985           │generate_rollouts=63.208               │rollout/generate_one_epoch=63.029     │
│rollout/predict=1.194                  │rollout/rollout/generate=63.030        │rollout/sync_model_from_actor=1.214   │
│step=71.063                            │sync_weights=1.224                     │                                      │
│                                                                                                                      │
├──────────────────────────────────────────────────── Environment ─────────────────────────────────────────────────────┤
│                                                                                                                      │
│episode_len=1000.0                     │num_trajectories=16                    │return=-141.2356                      │
│reward=-0.14123559                     │                                       │                                      │
│                                                                                                                      │
├────────────────────────────────────────────────────── Rollout ───────────────────────────────────────────────────────┤
│                                                                                                                      │
│advantages_max=5.086                   │advantages_mean=1.49e-08               │advantages_min=-3.602                 │
│returns_max=17.379                     │returns_mean=-8.737                    │returns_min=-22.466                   │
│rewards=-0.070                         │                                       │                                      │
│                                                                                                                      │
├─────────────────────────────────────────────────── Training/Actor ───────────────────────────────────────────────────┤
│                                                                                                                      │
│actor/approx_kl=0.0099                 │actor/clip_fraction=0.074              │actor/clipped_ratio=0.996             │
│actor/dual_cliped_ratio=0.0000         │actor/entropy_loss=0.0000              │actor/grad_norm=17.961                │
│actor/lr=3.00e-04                      │actor/policy_loss=-0.021               │actor/policy_loss_abs=0.760           │
│actor/ratio=0.998                      │actor/ratio_abs=0.093                  │actor/total_loss=2.310                │
│                                                                                                                      │
├────────────────────────────────────────────────── Training/Critic ───────────────────────────────────────────────────┤
│                                                                                                                      │
│critic/explained_variance=0.691        │critic/lr=3.00e-04                     │critic/value_clip_ratio=0.082         │
│critic/value_loss=9.263                │                                       │                                      │
│                                                                                                                      │
╰──────────────────────────────────────────────────────────────────────────────────────────────────────────────────────╯


╭──────────────────────────────────────────────────────────────────────────────────────────────────────────────────────╮
├──────────────────────────────────────────────────── Metric Table ────────────────────────────────────────────────────┤
│ Global Step:   17/100 │ Progress: ██████░░░░░░░░░░░░░░░░░░░░░░░░░░░░░░░░░░ │  17.0%                                  │
│ Elapsed: 14:19 │ ETA: 01:09:56 │ Step Time: 50.563s                                                                  │
├──────────────────────────────────────────────────────── Time ────────────────────────────────────────────────────────┤
│                                                                                                                      │
│actor/actor/compute_adv=0.143          │actor/actor/recv_traj=56.664           │actor/actor/sync_model_to_rollout=0.2…│
│actor/run_training=5.619               │actor_training=5.621                   │cal_adv_and_returns=0.159             │
│env/env/bootstrap_step=2.56e-04        │env/env_interact_step=20.051           │env/interact=56.607                   │
│env/run_interact_once=56.607           │generate_rollouts=56.696               │rollout/generate_one_epoch=56.600     │
│rollout/predict=0.893                  │rollout/rollout/generate=56.600        │rollout/sync_model_from_actor=1.072   │
│step=63.549                            │sync_weights=1.073                     │                                      │
│                                                                                                                      │
├──────────────────────────────────────────────────── Environment ─────────────────────────────────────────────────────┤
│                                                                                                                      │
│num_trajectories=0                     │                                       │                                      │
│                                                                                                                      │
├────────────────────────────────────────────────────── Rollout ───────────────────────────────────────────────────────┤
│                                                                                                                      │
│advantages_max=3.731                   │advantages_mean=-3.73e-09              │advantages_min=-4.166                 │
│returns_max=18.428                     │returns_mean=-10.581                   │returns_min=-36.949                   │
│rewards=-0.116                         │                                       │                                      │
│                                                                                                                      │
├─────────────────────────────────────────────────── Training/Actor ───────────────────────────────────────────────────┤
│                                                                                                                      │
│actor/approx_kl=0.011                  │actor/clip_fraction=0.093              │actor/clipped_ratio=0.995             │
│actor/dual_cliped_ratio=0.0000         │actor/entropy_loss=0.0000              │actor/grad_norm=13.583                │
│actor/lr=3.00e-04                      │actor/policy_loss=-0.025               │actor/policy_loss_abs=0.725           │
│actor/ratio=0.999                      │actor/ratio_abs=0.101                  │actor/total_loss=3.128                │
│                                                                                                                      │
├────────────────────────────────────────────────── Training/Critic ───────────────────────────────────────────────────┤
│                                                                                                                      │
│critic/explained_variance=0.518        │critic/lr=3.00e-04                     │critic/value_clip_ratio=0.050         │
│critic/value_loss=12.536               │                                       │                                      │
│                                                                                                                      │
╰──────────────────────────────────────────────────────────────────────────────────────────────────────────────────────╯


╭──────────────────────────────────────────────────────────────────────────────────────────────────────────────────────╮
├──────────────────────────────────────────────────── Metric Table ────────────────────────────────────────────────────┤
│ Global Step:   18/100 │ Progress: ███████░░░░░░░░░░░░░░░░░░░░░░░░░░░░░░░░░ │  18.0%                                  │
│ Elapsed: 15:13 │ ETA: 01:09:20 │ Step Time: 50.733s                                                                  │
├──────────────────────────────────────────────────────── Time ────────────────────────────────────────────────────────┤
│                                                                                                                      │
│actor/actor/compute_adv=0.188          │actor/actor/recv_traj=44.835           │actor/actor/sync_model_to_rollout=0.0…│
│actor/run_training=8.320               │actor_training=8.342                   │cal_adv_and_returns=0.208             │
│env/env/bootstrap_step=2.67e-04        │env/env_interact_step=18.713           │env/interact=44.704                   │
│env/run_interact_once=44.704           │generate_rollouts=44.873               │rollout/generate_one_epoch=44.754     │
│rollout/predict=0.834                  │rollout/rollout/generate=44.764        │rollout/sync_model_from_actor=0.130   │
│step=53.556                            │sync_weights=0.132                     │                                      │
│                                                                                                                      │
├──────────────────────────────────────────────────── Environment ─────────────────────────────────────────────────────┤
│                                                                                                                      │
│num_trajectories=0                     │                                       │                                      │
│                                                                                                                      │
├────────────────────────────────────────────────────── Rollout ───────────────────────────────────────────────────────┤
│                                                                                                                      │
│advantages_max=4.548                   │advantages_mean=-9.31e-09              │advantages_min=-4.586                 │
│returns_max=16.756                     │returns_mean=-9.696                    │returns_min=-26.148                   │
│rewards=-0.080                         │                                       │                                      │
│                                                                                                                      │
├─────────────────────────────────────────────────── Training/Actor ───────────────────────────────────────────────────┤
│                                                                                                                      │
│actor/approx_kl=0.011                  │actor/clip_fraction=0.083              │actor/clipped_ratio=0.995             │
│actor/dual_cliped_ratio=0.0000         │actor/entropy_loss=0.0000              │actor/grad_norm=15.136                │
│actor/lr=3.00e-04                      │actor/policy_loss=-0.023               │actor/policy_loss_abs=0.747           │
│actor/ratio=0.998                      │actor/ratio_abs=0.097                  │actor/total_loss=1.971                │
│                                                                                                                      │
├────────────────────────────────────────────────── Training/Critic ───────────────────────────────────────────────────┤
│                                                                                                                      │
│critic/explained_variance=0.637        │critic/lr=3.00e-04                     │critic/value_clip_ratio=0.051         │
│critic/value_loss=7.905                │                                       │                                      │
│                                                                                                                      │
╰──────────────────────────────────────────────────────────────────────────────────────────────────────────────────────╯


╭──────────────────────────────────────────────────────────────────────────────────────────────────────────────────────╮
├──────────────────────────────────────────────────── Metric Table ────────────────────────────────────────────────────┤
│ Global Step:   19/100 │ Progress: ███████░░░░░░░░░░░░░░░░░░░░░░░░░░░░░░░░░ │  19.0%                                  │
│ Elapsed: 16:20 │ ETA: 01:09:40 │ Step Time: 51.615s                                                                  │
├──────────────────────────────────────────────────────── Time ────────────────────────────────────────────────────────┤
│                                                                                                                      │
│actor/actor/compute_adv=0.122          │actor/actor/recv_traj=60.316           │actor/actor/sync_model_to_rollout=0.1…│
│actor/run_training=4.960               │actor_training=4.971                   │cal_adv_and_returns=0.135             │
│env/env/bootstrap_step=0.0041          │env/env_interact_step=20.857           │env/interact=60.171                   │
│env/run_interact_once=60.171           │generate_rollouts=60.366               │rollout/generate_one_epoch=60.160     │
│rollout/predict=0.967                  │rollout/rollout/generate=60.170        │rollout/sync_model_from_actor=1.900   │
│step=67.383                            │sync_weights=1.911                     │                                      │
│                                                                                                                      │
├──────────────────────────────────────────────────── Environment ─────────────────────────────────────────────────────┤
│                                                                                                                      │
│num_trajectories=0                     │                                       │                                      │
│                                                                                                                      │
├────────────────────────────────────────────────────── Rollout ───────────────────────────────────────────────────────┤
│                                                                                                                      │
│advantages_max=3.636                   │advantages_mean=1.12e-08               │advantages_min=-4.602                 │
│returns_max=20.547                     │returns_mean=-8.889                    │returns_min=-26.558                   │
│rewards=-0.029                         │                                       │                                      │
│                                                                                                                      │
├─────────────────────────────────────────────────── Training/Actor ───────────────────────────────────────────────────┤
│                                                                                                                      │
│actor/approx_kl=0.0077                 │actor/clip_fraction=0.086              │actor/clipped_ratio=0.998             │
│actor/dual_cliped_ratio=0.0000         │actor/entropy_loss=0.0000              │actor/grad_norm=19.388                │
│actor/lr=3.00e-04                      │actor/policy_loss=-0.023               │actor/policy_loss_abs=0.759           │
│actor/ratio=1.001                      │actor/ratio_abs=0.098                  │actor/total_loss=2.429                │
│                                                                                                                      │
├────────────────────────────────────────────────── Training/Critic ───────────────────────────────────────────────────┤
│                                                                                                                      │
│critic/explained_variance=0.667        │critic/lr=3.00e-04                     │critic/value_clip_ratio=0.191         │
│critic/value_loss=9.740                │                                       │                                      │
│                                                                                                                      │
╰──────────────────────────────────────────────────────────────────────────────────────────────────────────────────────╯


╭──────────────────────────────────────────────────────────────────────────────────────────────────────────────────────╮
├──────────────────────────────────────────────────── Metric Table ────────────────────────────────────────────────────┤
│ Global Step:   20/100 │ Progress: ████████░░░░░░░░░░░░░░░░░░░░░░░░░░░░░░░░ │  20.0%                                  │
│ Elapsed: 17:31 │ ETA: 01:10:05 │ Step Time: 52.572s                                                                  │
├──────────────────────────────────────────────────────── Time ────────────────────────────────────────────────────────┤
│                                                                                                                      │
│actor/actor/compute_adv=0.051          │actor/actor/recv_traj=62.608           │actor/actor/sync_model_to_rollout=0.0…│
│actor/run_training=7.279               │actor_training=7.286                   │cal_adv_and_returns=0.058             │
│env/env/bootstrap_step=2.73e-04        │env/env_interact_step=21.944           │env/interact=62.422                   │
│env/run_interact_once=62.422           │generate_rollouts=62.671               │rollout/generate_one_epoch=62.487     │
│rollout/predict=1.087                  │rollout/rollout/generate=62.487        │rollout/sync_model_from_actor=0.401   │
│step=70.638                            │sync_weights=0.418                     │                                      │
│                                                                                                                      │
├──────────────────────────────────────────────────── Environment ─────────────────────────────────────────────────────┤
│                                                                                                                      │
│episode_len=1000.0                     │num_trajectories=16                    │return=-72.176346                     │
│reward=-0.07217635                     │                                       │                                      │
│                                                                                                                      │
├────────────────────────────────────────────────────── Rollout ───────────────────────────────────────────────────────┤
│                                                                                                                      │
│advantages_max=3.367                   │advantages_mean=2.98e-08               │advantages_min=-4.440                 │
│returns_max=12.725                     │returns_mean=-9.636                    │returns_min=-25.341                   │
│rewards=-0.140                         │                                       │                                      │
│                                                                                                                      │
├─────────────────────────────────────────────────── Training/Actor ───────────────────────────────────────────────────┤
│                                                                                                                      │
│actor/approx_kl=0.013                  │actor/clip_fraction=0.105              │actor/clipped_ratio=0.994             │
│actor/dual_cliped_ratio=0.0000         │actor/entropy_loss=0.0000              │actor/grad_norm=15.768                │
│actor/lr=3.00e-04                      │actor/policy_loss=-0.024               │actor/policy_loss_abs=0.763           │
│actor/ratio=0.998                      │actor/ratio_abs=0.109                  │actor/total_loss=1.991                │
│                                                                                                                      │
├────────────────────────────────────────────────── Training/Critic ───────────────────────────────────────────────────┤
│                                                                                                                      │
│critic/explained_variance=0.608        │critic/lr=3.00e-04                     │critic/value_clip_ratio=0.033         │
│critic/value_loss=7.987                │                                       │                                      │
│                                                                                                                      │
╰──────────────────────────────────────────────────────────────────────────────────────────────────────────────────────╯


╭──────────────────────────────────────────────────────────────────────────────────────────────────────────────────────╮
├──────────────────────────────────────────────────── Metric Table ────────────────────────────────────────────────────┤
│ Global Step:   21/100 │ Progress: ████████░░░░░░░░░░░░░░░░░░░░░░░░░░░░░░░░ │  21.0%                                  │
│ Elapsed: 18:40 │ ETA: 01:10:13 │ Step Time: 53.337s                                                                  │
├──────────────────────────────────────────────────────── Time ────────────────────────────────────────────────────────┤
│                                                                                                                      │
│actor/actor/compute_adv=0.184          │actor/actor/recv_traj=60.407           │actor/actor/sync_model_to_rollout=0.1…│
│actor/run_training=7.141               │actor_training=7.165                   │cal_adv_and_returns=0.219             │
│env/env/bootstrap_step=3.03e-04        │env/env_interact_step=21.539           │env/interact=60.316                   │
│env/run_interact_once=60.316           │generate_rollouts=60.459               │rollout/generate_one_epoch=60.296     │
│rollout/predict=0.950                  │rollout/rollout/generate=60.297        │rollout/sync_model_from_actor=0.753   │
│step=68.611                            │sync_weights=0.767                     │                                      │
│                                                                                                                      │
├──────────────────────────────────────────────────── Environment ─────────────────────────────────────────────────────┤
│                                                                                                                      │
│num_trajectories=0                     │                                       │                                      │
│                                                                                                                      │
├────────────────────────────────────────────────────── Rollout ───────────────────────────────────────────────────────┤
│                                                                                                                      │
│advantages_max=4.627                   │advantages_mean=-9.31e-09              │advantages_min=-3.524                 │
│returns_max=18.889                     │returns_mean=-8.711                    │returns_min=-22.732                   │
│rewards=-0.030                         │                                       │                                      │
│                                                                                                                      │
├─────────────────────────────────────────────────── Training/Actor ───────────────────────────────────────────────────┤
│                                                                                                                      │
│actor/approx_kl=0.010                  │actor/clip_fraction=0.084              │actor/clipped_ratio=0.996             │
│actor/dual_cliped_ratio=0.0000         │actor/entropy_loss=0.0000              │actor/grad_norm=15.892                │
│actor/lr=3.00e-04                      │actor/policy_loss=-0.024               │actor/policy_loss_abs=0.758           │
│actor/ratio=0.999                      │actor/ratio_abs=0.098                  │actor/total_loss=1.808                │
│                                                                                                                      │
├────────────────────────────────────────────────── Training/Critic ───────────────────────────────────────────────────┤
│                                                                                                                      │
│critic/explained_variance=0.690        │critic/lr=3.00e-04                     │critic/value_clip_ratio=0.154         │
│critic/value_loss=7.257                │                                       │                                      │
│                                                                                                                      │
╰──────────────────────────────────────────────────────────────────────────────────────────────────────────────────────╯


╭──────────────────────────────────────────────────────────────────────────────────────────────────────────────────────╮
├──────────────────────────────────────────────────── Metric Table ────────────────────────────────────────────────────┤
│ Global Step:   22/100 │ Progress: ████████░░░░░░░░░░░░░░░░░░░░░░░░░░░░░░░░ │  22.0%                                  │
│ Elapsed: 19:50 │ ETA: 01:10:21 │ Step Time: 54.122s                                                                  │
├──────────────────────────────────────────────────────── Time ────────────────────────────────────────────────────────┤
│                                                                                                                      │
│actor/actor/compute_adv=0.022          │actor/actor/recv_traj=62.915           │actor/actor/sync_model_to_rollout=0.1…│
│actor/run_training=7.048               │actor_training=7.063                   │cal_adv_and_returns=0.043             │
│env/env/bootstrap_step=2.46e-04        │env/env_interact_step=21.972           │env/interact=62.771                   │
│env/run_interact_once=62.771           │generate_rollouts=62.993               │rollout/generate_one_epoch=62.823     │
│rollout/predict=0.869                  │rollout/rollout/generate=62.824        │rollout/sync_model_from_actor=0.389   │
│step=70.493                            │sync_weights=0.394                     │                                      │
│                                                                                                                      │
├──────────────────────────────────────────────────── Environment ─────────────────────────────────────────────────────┤
│                                                                                                                      │
│num_trajectories=0                     │                                       │                                      │
│                                                                                                                      │
├────────────────────────────────────────────────────── Rollout ───────────────────────────────────────────────────────┤
│                                                                                                                      │
│advantages_max=5.815                   │advantages_mean=-3.73e-09              │advantages_min=-3.866                 │
│returns_max=24.691                     │returns_mean=-11.442                   │returns_min=-25.796                   │
│rewards=-0.109                         │                                       │                                      │
│                                                                                                                      │
├─────────────────────────────────────────────────── Training/Actor ───────────────────────────────────────────────────┤
│                                                                                                                      │
│actor/approx_kl=0.016                  │actor/clip_fraction=0.107              │actor/clipped_ratio=0.992             │
│actor/dual_cliped_ratio=0.0000         │actor/entropy_loss=0.0000              │actor/grad_norm=10.482                │
│actor/lr=3.00e-04                      │actor/policy_loss=-0.030               │actor/policy_loss_abs=0.746           │
│actor/ratio=0.995                      │actor/ratio_abs=0.107                  │actor/total_loss=1.491                │
│                                                                                                                      │
├────────────────────────────────────────────────── Training/Critic ───────────────────────────────────────────────────┤
│                                                                                                                      │
│critic/explained_variance=0.787        │critic/lr=3.00e-04                     │critic/value_clip_ratio=0.055         │
│critic/value_loss=5.994                │                                       │                                      │
│                                                                                                                      │
╰──────────────────────────────────────────────────────────────────────────────────────────────────────────────────────╯


╭──────────────────────────────────────────────────────────────────────────────────────────────────────────────────────╮
├──────────────────────────────────────────────────── Metric Table ────────────────────────────────────────────────────┤
│ Global Step:   23/100 │ Progress: █████████░░░░░░░░░░░░░░░░░░░░░░░░░░░░░░░ │  23.0%                                  │
│ Elapsed: 20:58 │ ETA: 01:10:13 │ Step Time: 54.720s                                                                  │
├──────────────────────────────────────────────────────── Time ────────────────────────────────────────────────────────┤
│                                                                                                                      │
│actor/actor/compute_adv=0.103          │actor/actor/recv_traj=60.272           │actor/actor/sync_model_to_rollout=0.2…│
│actor/run_training=6.411               │actor_training=6.421                   │cal_adv_and_returns=0.124             │
│env/env/bootstrap_step=2.62e-04        │env/env_interact_step=21.636           │env/interact=60.149                   │
│env/run_interact_once=60.149           │generate_rollouts=60.321               │rollout/generate_one_epoch=60.245     │
│rollout/predict=0.746                  │rollout/rollout/generate=60.246        │rollout/sync_model_from_actor=0.923   │
│step=67.796                            │sync_weights=0.930                     │                                      │
│                                                                                                                      │
├──────────────────────────────────────────────────── Environment ─────────────────────────────────────────────────────┤
│                                                                                                                      │
│num_trajectories=0                     │                                       │                                      │
│                                                                                                                      │
├────────────────────────────────────────────────────── Rollout ───────────────────────────────────────────────────────┤
│                                                                                                                      │
│advantages_max=3.990                   │advantages_mean=1.86e-09               │advantages_min=-4.016                 │
│returns_max=10.514                     │returns_mean=-12.336                   │returns_min=-27.083                   │
│rewards=-0.120                         │                                       │                                      │
│                                                                                                                      │
├─────────────────────────────────────────────────── Training/Actor ───────────────────────────────────────────────────┤
│                                                                                                                      │
│actor/approx_kl=0.013                  │actor/clip_fraction=0.113              │actor/clipped_ratio=0.995             │
│actor/dual_cliped_ratio=0.0000         │actor/entropy_loss=0.0000              │actor/grad_norm=10.745                │
│actor/lr=3.00e-04                      │actor/policy_loss=-0.031               │actor/policy_loss_abs=0.782           │
│actor/ratio=0.998                      │actor/ratio_abs=0.109                  │actor/total_loss=1.239                │
│                                                                                                                      │
├────────────────────────────────────────────────── Training/Critic ───────────────────────────────────────────────────┤
│                                                                                                                      │
│critic/explained_variance=0.826        │critic/lr=3.00e-04                     │critic/value_clip_ratio=0.155         │
│critic/value_loss=4.988                │                                       │                                      │
│                                                                                                                      │
╰──────────────────────────────────────────────────────────────────────────────────────────────────────────────────────╯


╭──────────────────────────────────────────────────────────────────────────────────────────────────────────────────────╮
├──────────────────────────────────────────────────── Metric Table ────────────────────────────────────────────────────┤
│ Global Step:   24/100 │ Progress: █████████░░░░░░░░░░░░░░░░░░░░░░░░░░░░░░░ │  24.0%                                  │
│ Elapsed: 22:10 │ ETA: 01:10:14 │ Step Time: 55.450s                                                                  │
├──────────────────────────────────────────────────────── Time ────────────────────────────────────────────────────────┤
│                                                                                                                      │
│actor/actor/compute_adv=0.116          │actor/actor/recv_traj=61.457           │actor/actor/sync_model_to_rollout=0.0…│
│actor/run_training=9.218               │actor_training=9.274                   │cal_adv_and_returns=0.139             │
│env/env/bootstrap_step=2.65e-04        │env/env_interact_step=21.607           │env/interact=61.361                   │
│env/run_interact_once=61.361           │generate_rollouts=61.501               │rollout/generate_one_epoch=61.411     │
│rollout/predict=0.855                  │rollout/rollout/generate=61.412        │rollout/sync_model_from_actor=1.249   │
│step=72.171                            │sync_weights=1.257                     │                                      │
│                                                                                                                      │
├──────────────────────────────────────────────────── Environment ─────────────────────────────────────────────────────┤
│                                                                                                                      │
│episode_len=1000.0                     │num_trajectories=16                    │return=-89.58261                      │
│reward=-0.08958262                     │                                       │                                      │
│                                                                                                                      │
├────────────────────────────────────────────────────── Rollout ───────────────────────────────────────────────────────┤
│                                                                                                                      │
│advantages_max=4.382                   │advantages_mean=2.24e-08               │advantages_min=-3.547                 │
│returns_max=20.027                     │returns_mean=-7.920                    │returns_min=-24.889                   │
│rewards=-0.086                         │                                       │                                      │
│                                                                                                                      │
├─────────────────────────────────────────────────── Training/Actor ───────────────────────────────────────────────────┤
│                                                                                                                      │
│actor/approx_kl=0.011                  │actor/clip_fraction=0.093              │actor/clipped_ratio=0.996             │
│actor/dual_cliped_ratio=0.0000         │actor/entropy_loss=0.0000              │actor/grad_norm=16.647                │
│actor/lr=3.00e-04                      │actor/policy_loss=-0.024               │actor/policy_loss_abs=0.730           │
│actor/ratio=0.999                      │actor/ratio_abs=0.103                  │actor/total_loss=2.131                │
│                                                                                                                      │
├────────────────────────────────────────────────── Training/Critic ───────────────────────────────────────────────────┤
│                                                                                                                      │
│critic/explained_variance=0.781        │critic/lr=3.00e-04                     │critic/value_clip_ratio=0.071         │
│critic/value_loss=8.548                │                                       │                                      │
│                                                                                                                      │
╰──────────────────────────────────────────────────────────────────────────────────────────────────────────────────────╯


╭──────────────────────────────────────────────────────────────────────────────────────────────────────────────────────╮
├──────────────────────────────────────────────────── Metric Table ────────────────────────────────────────────────────┤
│ Global Step:   25/100 │ Progress: ██████████░░░░░░░░░░░░░░░░░░░░░░░░░░░░░░ │  25.0%                                  │
│ Elapsed: 23:19 │ ETA: 01:09:57 │ Step Time: 55.963s                                                                  │
├──────────────────────────────────────────────────────── Time ────────────────────────────────────────────────────────┤
│                                                                                                                      │
│actor/actor/compute_adv=0.177          │actor/actor/recv_traj=61.908           │actor/actor/sync_model_to_rollout=0.1…│
│actor/run_training=5.170               │actor_training=5.194                   │cal_adv_and_returns=0.205             │
│env/env/bootstrap_step=2.53e-04        │env/env_interact_step=22.910           │env/interact=61.721                   │
│env/run_interact_once=61.721           │generate_rollouts=61.978               │rollout/generate_one_epoch=61.745     │
│rollout/predict=0.894                  │rollout/rollout/generate=61.753        │rollout/sync_model_from_actor=0.801   │
│step=68.204                            │sync_weights=0.827                     │                                      │
│                                                                                                                      │
├──────────────────────────────────────────────────── Environment ─────────────────────────────────────────────────────┤
│                                                                                                                      │
│num_trajectories=0                     │                                       │                                      │
│                                                                                                                      │
├────────────────────────────────────────────────────── Rollout ───────────────────────────────────────────────────────┤
│                                                                                                                      │
│advantages_max=4.007                   │advantages_mean=-9.31e-09              │advantages_min=-4.290                 │
│returns_max=13.562                     │returns_mean=-6.394                    │returns_min=-29.735                   │
│rewards=-0.0076                        │                                       │                                      │
│                                                                                                                      │
├─────────────────────────────────────────────────── Training/Actor ───────────────────────────────────────────────────┤
│                                                                                                                      │
│actor/approx_kl=0.011                  │actor/clip_fraction=0.096              │actor/clipped_ratio=0.996             │
│actor/dual_cliped_ratio=0.0000         │actor/entropy_loss=0.0000              │actor/grad_norm=20.737                │
│actor/lr=3.00e-04                      │actor/policy_loss=-0.025               │actor/policy_loss_abs=0.768           │
│actor/ratio=0.999                      │actor/ratio_abs=0.103                  │actor/total_loss=2.011                │
│                                                                                                                      │
├────────────────────────────────────────────────── Training/Critic ───────────────────────────────────────────────────┤
│                                                                                                                      │
│critic/explained_variance=0.717        │critic/lr=3.00e-04                     │critic/value_clip_ratio=0.210         │
│critic/value_loss=8.068                │                                       │                                      │
│                                                                                                                      │
╰──────────────────────────────────────────────────────────────────────────────────────────────────────────────────────╯


╭──────────────────────────────────────────────────────────────────────────────────────────────────────────────────────╮
├──────────────────────────────────────────────────── Metric Table ────────────────────────────────────────────────────┤
│ Global Step:   26/100 │ Progress: ██████████░░░░░░░░░░░░░░░░░░░░░░░░░░░░░░ │  26.0%                                  │
│ Elapsed: 24:09 │ ETA: 01:08:46 │ Step Time: 55.766s                                                                  │
├──────────────────────────────────────────────────────── Time ────────────────────────────────────────────────────────┤
│                                                                                                                      │
│actor/actor/compute_adv=0.054          │actor/actor/recv_traj=47.238           │actor/actor/sync_model_to_rollout=0.0…│
│actor/run_training=3.193               │actor_training=3.226                   │cal_adv_and_returns=0.061             │
│env/env/bootstrap_step=2.86e-04        │env/env_interact_step=19.113           │env/interact=47.131                   │
│env/run_interact_once=47.131           │generate_rollouts=47.257               │rollout/generate_one_epoch=47.191     │
│rollout/predict=0.721                  │rollout/rollout/generate=47.202        │rollout/sync_model_from_actor=0.238   │
│step=50.787                            │sync_weights=0.243                     │                                      │
│                                                                                                                      │
├──────────────────────────────────────────────────── Environment ─────────────────────────────────────────────────────┤
│                                                                                                                      │
│num_trajectories=0                     │                                       │                                      │
│                                                                                                                      │
├────────────────────────────────────────────────────── Rollout ───────────────────────────────────────────────────────┤
│                                                                                                                      │
│advantages_max=4.721                   │advantages_mean=-1.49e-08              │advantages_min=-4.323                 │
│returns_max=26.130                     │returns_mean=-7.676                    │returns_min=-27.548                   │
│rewards=-0.023                         │                                       │                                      │
│                                                                                                                      │
├─────────────────────────────────────────────────── Training/Actor ───────────────────────────────────────────────────┤
│                                                                                                                      │
│actor/approx_kl=0.0075                 │actor/clip_fraction=0.089              │actor/clipped_ratio=0.998             │
│actor/dual_cliped_ratio=0.0000         │actor/entropy_loss=0.0000              │actor/grad_norm=17.185                │
│actor/lr=3.00e-04                      │actor/policy_loss=-0.026               │actor/policy_loss_abs=0.748           │
│actor/ratio=1.001                      │actor/ratio_abs=0.098                  │actor/total_loss=2.062                │
│                                                                                                                      │
├────────────────────────────────────────────────── Training/Critic ───────────────────────────────────────────────────┤
│                                                                                                                      │
│critic/explained_variance=0.775        │critic/lr=3.00e-04                     │critic/value_clip_ratio=0.100         │
│critic/value_loss=8.274                │                                       │                                      │
│                                                                                                                      │
╰──────────────────────────────────────────────────────────────────────────────────────────────────────────────────────╯


╭──────────────────────────────────────────────────────────────────────────────────────────────────────────────────────╮
├──────────────────────────────────────────────────── Metric Table ────────────────────────────────────────────────────┤
│ Global Step:   27/100 │ Progress: ██████████░░░░░░░░░░░░░░░░░░░░░░░░░░░░░░ │  27.0%                                  │
│ Elapsed: 24:52 │ ETA: 01:07:16 │ Step Time: 55.292s                                                                  │
├──────────────────────────────────────────────────────── Time ────────────────────────────────────────────────────────┤
│                                                                                                                      │
│actor/actor/compute_adv=0.0072         │actor/actor/recv_traj=42.051           │actor/actor/sync_model_to_rollout=0.0…│
│actor/run_training=0.679               │actor_training=0.681                   │cal_adv_and_returns=0.010             │
│env/env/bootstrap_step=2.74e-04        │env/env_interact_step=18.567           │env/interact=42.046                   │
│env/run_interact_once=42.046           │generate_rollouts=42.077               │rollout/generate_one_epoch=42.039     │
│rollout/predict=0.671                  │rollout/rollout/generate=42.039        │rollout/sync_model_from_actor=0.173   │
│step=42.944                            │sync_weights=0.176                     │                                      │
│                                                                                                                      │
├──────────────────────────────────────────────────── Environment ─────────────────────────────────────────────────────┤
│                                                                                                                      │
│num_trajectories=0                     │                                       │                                      │
│                                                                                                                      │
├────────────────────────────────────────────────────── Rollout ───────────────────────────────────────────────────────┤
│                                                                                                                      │
│advantages_max=4.244                   │advantages_mean=7.45e-09               │advantages_min=-4.348                 │
│returns_max=15.609                     │returns_mean=-10.119                   │returns_min=-28.202                   │
│rewards=-0.110                         │                                       │                                      │
│                                                                                                                      │
├─────────────────────────────────────────────────── Training/Actor ───────────────────────────────────────────────────┤
│                                                                                                                      │
│actor/approx_kl=0.010                  │actor/clip_fraction=0.098              │actor/clipped_ratio=0.997             │
│actor/dual_cliped_ratio=0.0000         │actor/entropy_loss=0.0000              │actor/grad_norm=16.193                │
│actor/lr=3.00e-04                      │actor/policy_loss=-0.027               │actor/policy_loss_abs=0.752           │
│actor/ratio=0.999                      │actor/ratio_abs=0.104                  │actor/total_loss=1.713                │
│                                                                                                                      │
├────────────────────────────────────────────────── Training/Critic ───────────────────────────────────────────────────┤
│                                                                                                                      │
│critic/explained_variance=0.829        │critic/lr=3.00e-04                     │critic/value_clip_ratio=0.069         │
│critic/value_loss=6.878                │                                       │                                      │
│                                                                                                                      │
╰──────────────────────────────────────────────────────────────────────────────────────────────────────────────────────╯


╭──────────────────────────────────────────────────────────────────────────────────────────────────────────────────────╮
├──────────────────────────────────────────────────── Metric Table ────────────────────────────────────────────────────┤
│ Global Step:   28/100 │ Progress: ███████████░░░░░░░░░░░░░░░░░░░░░░░░░░░░░ │  28.0%                                  │
│ Elapsed: 25:29 │ ETA: 01:05:32 │ Step Time: 54.625s                                                                  │
├──────────────────────────────────────────────────────── Time ────────────────────────────────────────────────────────┤
│                                                                                                                      │
│actor/actor/compute_adv=0.0064         │actor/actor/recv_traj=35.430           │actor/actor/sync_model_to_rollout=0.0…│
│actor/run_training=1.006               │actor_training=1.013                   │cal_adv_and_returns=0.0085            │
│env/env/bootstrap_step=2.51e-04        │env/env_interact_step=18.605           │env/interact=35.395                   │
│env/run_interact_once=35.395           │generate_rollouts=35.441               │rollout/generate_one_epoch=35.418     │
│rollout/predict=0.603                  │rollout/rollout/generate=35.418        │rollout/sync_model_from_actor=0.126   │
│step=36.596                            │sync_weights=0.133                     │                                      │
│                                                                                                                      │
├──────────────────────────────────────────────────── Environment ─────────────────────────────────────────────────────┤
│                                                                                                                      │
│episode_len=1000.0                     │num_trajectories=16                    │return=-33.193188                     │
│reward=-0.033193186                    │                                       │                                      │
│                                                                                                                      │
├────────────────────────────────────────────────────── Rollout ───────────────────────────────────────────────────────┤
│                                                                                                                      │
│advantages_max=4.670                   │advantages_mean=-2.24e-08              │advantages_min=-4.148                 │
│returns_max=21.486                     │returns_mean=-3.970                    │returns_min=-25.721                   │
│rewards=0.013                          │                                       │                                      │
│                                                                                                                      │
├─────────────────────────────────────────────────── Training/Actor ───────────────────────────────────────────────────┤
│                                                                                                                      │
│actor/approx_kl=0.0081                 │actor/clip_fraction=0.079              │actor/clipped_ratio=0.998             │
│actor/dual_cliped_ratio=0.0000         │actor/entropy_loss=0.0000              │actor/grad_norm=23.503                │
│actor/lr=3.00e-04                      │actor/policy_loss=-0.024               │actor/policy_loss_abs=0.760           │
│actor/ratio=1.000                      │actor/ratio_abs=0.096                  │actor/total_loss=2.391                │
│                                                                                                                      │
├────────────────────────────────────────────────── Training/Critic ───────────────────────────────────────────────────┤
│                                                                                                                      │
│critic/explained_variance=0.752        │critic/lr=3.00e-04                     │critic/value_clip_ratio=0.259         │
│critic/value_loss=9.588                │                                       │                                      │
│                                                                                                                      │
╰──────────────────────────────────────────────────────────────────────────────────────────────────────────────────────╯


╭──────────────────────────────────────────────────────────────────────────────────────────────────────────────────────╮
├──────────────────────────────────────────────────── Metric Table ────────────────────────────────────────────────────┤
│ Global Step:   29/100 │ Progress: ███████████░░░░░░░░░░░░░░░░░░░░░░░░░░░░░ │  29.0%                                  │
│ Elapsed: 26:06 │ ETA: 01:03:56 │ Step Time: 54.033s                                                                  │
├──────────────────────────────────────────────────────── Time ────────────────────────────────────────────────────────┤
│                                                                                                                      │
│actor/actor/compute_adv=0.100          │actor/actor/recv_traj=35.929           │actor/actor/sync_model_to_rollout=0.0…│
│actor/run_training=1.122               │actor_training=1.131                   │cal_adv_and_returns=0.113             │
│env/env/bootstrap_step=2.39e-04        │env/env_interact_step=20.005           │env/interact=35.881                   │
│env/run_interact_once=35.881           │generate_rollouts=35.943               │rollout/generate_one_epoch=35.891     │
│rollout/predict=0.471                  │rollout/rollout/generate=35.904        │rollout/sync_model_from_actor=0.239   │
│step=37.433                            │sync_weights=0.246                     │                                      │
│                                                                                                                      │
├──────────────────────────────────────────────────── Environment ─────────────────────────────────────────────────────┤
│                                                                                                                      │
│num_trajectories=0                     │                                       │                                      │
│                                                                                                                      │
├────────────────────────────────────────────────────── Rollout ───────────────────────────────────────────────────────┤
│                                                                                                                      │
│advantages_max=4.273                   │advantages_mean=3.73e-09               │advantages_min=-4.377                 │
│returns_max=18.785                     │returns_mean=-3.018                    │returns_min=-29.715                   │
│rewards=0.0073                         │                                       │                                      │
│                                                                                                                      │
├─────────────────────────────────────────────────── Training/Actor ───────────────────────────────────────────────────┤
│                                                                                                                      │
│actor/approx_kl=0.0087                 │actor/clip_fraction=0.089              │actor/clipped_ratio=0.997             │
│actor/dual_cliped_ratio=0.0000         │actor/entropy_loss=0.0000              │actor/grad_norm=19.777                │
│actor/lr=3.00e-04                      │actor/policy_loss=-0.026               │actor/policy_loss_abs=0.754           │
│actor/ratio=1.000                      │actor/ratio_abs=0.098                  │actor/total_loss=2.348                │
│                                                                                                                      │
├────────────────────────────────────────────────── Training/Critic ───────────────────────────────────────────────────┤
│                                                                                                                      │
│critic/explained_variance=0.523        │critic/lr=3.00e-04                     │critic/value_clip_ratio=0.148         │
│critic/value_loss=9.418                │                                       │                                      │
│                                                                                                                      │
╰──────────────────────────────────────────────────────────────────────────────────────────────────────────────────────╯


╭──────────────────────────────────────────────────────────────────────────────────────────────────────────────────────╮
├──────────────────────────────────────────────────── Metric Table ────────────────────────────────────────────────────┤
│ Global Step:   30/100 │ Progress: ████████████░░░░░░░░░░░░░░░░░░░░░░░░░░░░ │  30.0%                                  │
│ Elapsed: 26:44 │ ETA: 01:02:23 │ Step Time: 53.485s                                                                  │
├──────────────────────────────────────────────────────── Time ────────────────────────────────────────────────────────┤
│                                                                                                                      │
│actor/actor/compute_adv=0.068          │actor/actor/recv_traj=33.301           │actor/actor/sync_model_to_rollout=0.0…│
│actor/run_training=4.012               │actor_training=4.031                   │cal_adv_and_returns=0.078             │
│env/env/bootstrap_step=2.55e-04        │env/env_interact_step=17.328           │env/interact=33.179                   │
│env/run_interact_once=33.179           │generate_rollouts=33.319               │rollout/generate_one_epoch=33.212     │
│rollout/predict=0.629                  │rollout/rollout/generate=33.215        │rollout/sync_model_from_actor=0.144   │
│step=37.575                            │sync_weights=0.146                     │                                      │
│                                                                                                                      │
├──────────────────────────────────────────────────── Environment ─────────────────────────────────────────────────────┤
│                                                                                                                      │
│num_trajectories=0                     │                                       │                                      │
│                                                                                                                      │
├────────────────────────────────────────────────────── Rollout ───────────────────────────────────────────────────────┤
│                                                                                                                      │
│advantages_max=3.279                   │advantages_mean=-7.45e-09              │advantages_min=-4.274                 │
│returns_max=16.801                     │returns_mean=-0.808                    │returns_min=-14.791                   │
│rewards=0.107                          │                                       │                                      │
│                                                                                                                      │
├─────────────────────────────────────────────────── Training/Actor ───────────────────────────────────────────────────┤
│                                                                                                                      │
│actor/approx_kl=0.0093                 │actor/clip_fraction=0.098              │actor/clipped_ratio=0.997             │
│actor/dual_cliped_ratio=0.0000         │actor/entropy_loss=0.0000              │actor/grad_norm=21.595                │
│actor/lr=3.00e-04                      │actor/policy_loss=-0.027               │actor/policy_loss_abs=0.762           │
│actor/ratio=1.000                      │actor/ratio_abs=0.103                  │actor/total_loss=2.303                │
│                                                                                                                      │
├────────────────────────────────────────────────── Training/Critic ───────────────────────────────────────────────────┤
│                                                                                                                      │
│critic/explained_variance=0.420        │critic/lr=3.00e-04                     │critic/value_clip_ratio=0.467         │
│critic/value_loss=9.237                │                                       │                                      │
│                                                                                                                      │
╰──────────────────────────────────────────────────────────────────────────────────────────────────────────────────────╯


╭──────────────────────────────────────────────────────────────────────────────────────────────────────────────────────╮
├──────────────────────────────────────────────────── Metric Table ────────────────────────────────────────────────────┤
│ Global Step:   31/100 │ Progress: ████████████░░░░░░░░░░░░░░░░░░░░░░░░░░░░ │  31.0%                                  │
│ Elapsed: 27:21 │ ETA: 01:00:53 │ Step Time: 52.955s                                                                  │
├──────────────────────────────────────────────────────── Time ────────────────────────────────────────────────────────┤
│                                                                                                                      │
│actor/actor/compute_adv=0.065          │actor/actor/recv_traj=34.751           │actor/actor/sync_model_to_rollout=0.0…│
│actor/run_training=1.892               │actor_training=1.900                   │cal_adv_and_returns=0.072             │
│env/env/bootstrap_step=2.58e-04        │env/env_interact_step=17.829           │env/interact=34.728                   │
│env/run_interact_once=34.728           │generate_rollouts=34.783               │rollout/generate_one_epoch=34.726     │
│rollout/predict=0.607                  │rollout/rollout/generate=34.738        │rollout/sync_model_from_actor=0.258   │
│step=37.020                            │sync_weights=0.265                     │                                      │
│                                                                                                                      │
├──────────────────────────────────────────────────── Environment ─────────────────────────────────────────────────────┤
│                                                                                                                      │
│num_trajectories=0                     │                                       │                                      │
│                                                                                                                      │
├────────────────────────────────────────────────────── Rollout ───────────────────────────────────────────────────────┤
│                                                                                                                      │
│advantages_max=3.919                   │advantages_mean=2.24e-08               │advantages_min=-4.500                 │
│returns_max=22.066                     │returns_mean=-2.520                    │returns_min=-23.637                   │
│rewards=0.069                          │                                       │                                      │
│                                                                                                                      │
├─────────────────────────────────────────────────── Training/Actor ───────────────────────────────────────────────────┤
│                                                                                                                      │
│actor/approx_kl=0.014                  │actor/clip_fraction=0.100              │actor/clipped_ratio=0.994             │
│actor/dual_cliped_ratio=0.0000         │actor/entropy_loss=0.0000              │actor/grad_norm=21.938                │
│actor/lr=3.00e-04                      │actor/policy_loss=-0.026               │actor/policy_loss_abs=0.753           │
│actor/ratio=0.997                      │actor/ratio_abs=0.106                  │actor/total_loss=2.359                │
│                                                                                                                      │
├────────────────────────────────────────────────── Training/Critic ───────────────────────────────────────────────────┤
│                                                                                                                      │
│critic/explained_variance=0.657        │critic/lr=3.00e-04                     │critic/value_clip_ratio=0.270         │
│critic/value_loss=9.461                │                                       │                                      │
│                                                                                                                      │
╰──────────────────────────────────────────────────────────────────────────────────────────────────────────────────────╯


╭──────────────────────────────────────────────────────────────────────────────────────────────────────────────────────╮
├──────────────────────────────────────────────────── Metric Table ────────────────────────────────────────────────────┤
│ Global Step:   32/100 │ Progress: ████████████░░░░░░░░░░░░░░░░░░░░░░░░░░░░ │  32.0%                                  │
│ Elapsed: 27:55 │ ETA: 59:21 │ Step Time: 52.373s                                                                     │
├──────────────────────────────────────────────────────── Time ────────────────────────────────────────────────────────┤
│                                                                                                                      │
│actor/actor/compute_adv=0.014          │actor/actor/recv_traj=33.507           │actor/actor/sync_model_to_rollout=0.0…│
│actor/run_training=0.644               │actor_training=0.646                   │cal_adv_and_returns=0.016             │
│env/env/bootstrap_step=2.39e-04        │env/env_interact_step=17.632           │env/interact=33.494                   │
│env/run_interact_once=33.494           │generate_rollouts=33.517               │rollout/generate_one_epoch=33.494     │
│rollout/predict=0.572                  │rollout/rollout/generate=33.494        │rollout/sync_model_from_actor=0.131   │
│step=34.313                            │sync_weights=0.133                     │                                      │
│                                                                                                                      │
├──────────────────────────────────────────────────── Environment ─────────────────────────────────────────────────────┤
│                                                                                                                      │
│episode_len=1000.0                     │num_trajectories=16                    │return=69.03612                       │
│reward=0.06903612                      │                                       │                                      │
│                                                                                                                      │
├────────────────────────────────────────────────────── Rollout ───────────────────────────────────────────────────────┤
│                                                                                                                      │
│advantages_max=4.215                   │advantages_mean=0.0000                 │advantages_min=-4.849                 │
│returns_max=26.983                     │returns_mean=-0.558                    │returns_min=-25.651                   │
│rewards=0.079                          │                                       │                                      │
│                                                                                                                      │
├─────────────────────────────────────────────────── Training/Actor ───────────────────────────────────────────────────┤
│                                                                                                                      │
│actor/approx_kl=0.0099                 │actor/clip_fraction=0.101              │actor/clipped_ratio=0.996             │
│actor/dual_cliped_ratio=0.0000         │actor/entropy_loss=0.0000              │actor/grad_norm=21.203                │
│actor/lr=3.00e-04                      │actor/policy_loss=-0.028               │actor/policy_loss_abs=0.745           │
│actor/ratio=1.000                      │actor/ratio_abs=0.104                  │actor/total_loss=2.944                │
│                                                                                                                      │
├────────────────────────────────────────────────── Training/Critic ───────────────────────────────────────────────────┤
│                                                                                                                      │
│critic/explained_variance=0.706        │critic/lr=3.00e-04                     │critic/value_clip_ratio=0.249         │
│critic/value_loss=11.803               │                                       │                                      │
│                                                                                                                      │
╰──────────────────────────────────────────────────────────────────────────────────────────────────────────────────────╯


╭──────────────────────────────────────────────────────────────────────────────────────────────────────────────────────╮
├──────────────────────────────────────────────────── Metric Table ────────────────────────────────────────────────────┤
│ Global Step:   33/100 │ Progress: █████████████░░░░░░░░░░░░░░░░░░░░░░░░░░░ │  33.0%                                  │
│ Elapsed: 28:35 │ ETA: 58:02 │ Step Time: 51.971s                                                                     │
├──────────────────────────────────────────────────────── Time ────────────────────────────────────────────────────────┤
│                                                                                                                      │
│actor/actor/compute_adv=0.064          │actor/actor/recv_traj=37.197           │actor/actor/sync_model_to_rollout=0.0…│
│actor/run_training=1.693               │actor_training=1.702                   │cal_adv_and_returns=0.076             │
│env/env/bootstrap_step=3.60e-04        │env/env_interact_step=18.608           │env/interact=37.152                   │
│env/run_interact_once=37.152           │generate_rollouts=37.211               │rollout/generate_one_epoch=37.158     │
│rollout/predict=0.621                  │rollout/rollout/generate=37.173        │rollout/sync_model_from_actor=0.129   │
│step=39.122                            │sync_weights=0.132                     │                                      │
│                                                                                                                      │
├──────────────────────────────────────────────────── Environment ─────────────────────────────────────────────────────┤
│                                                                                                                      │
│num_trajectories=0                     │                                       │                                      │
│                                                                                                                      │
├────────────────────────────────────────────────────── Rollout ───────────────────────────────────────────────────────┤
│                                                                                                                      │
│advantages_max=3.778                   │advantages_mean=0.0000                 │advantages_min=-3.921                 │
│returns_max=27.914                     │returns_mean=-1.414                    │returns_min=-28.185                   │
│rewards=0.055                          │                                       │                                      │
│                                                                                                                      │
├─────────────────────────────────────────────────── Training/Actor ───────────────────────────────────────────────────┤
│                                                                                                                      │
│actor/approx_kl=0.0087                 │actor/clip_fraction=0.109              │actor/clipped_ratio=0.997             │
│actor/dual_cliped_ratio=0.0000         │actor/entropy_loss=0.0000              │actor/grad_norm=26.223                │
│actor/lr=3.00e-04                      │actor/policy_loss=-0.025               │actor/policy_loss_abs=0.762           │
│actor/ratio=1.002                      │actor/ratio_abs=0.108                  │actor/total_loss=2.706                │
│                                                                                                                      │
├────────────────────────────────────────────────── Training/Critic ───────────────────────────────────────────────────┤
│                                                                                                                      │
│critic/explained_variance=0.756        │critic/lr=3.00e-04                     │critic/value_clip_ratio=0.236         │
│critic/value_loss=10.849               │                                       │                                      │
│                                                                                                                      │
╰──────────────────────────────────────────────────────────────────────────────────────────────────────────────────────╯


╭──────────────────────────────────────────────────────────────────────────────────────────────────────────────────────╮
├──────────────────────────────────────────────────── Metric Table ────────────────────────────────────────────────────┤
│ Global Step:   34/100 │ Progress: █████████████░░░░░░░░░░░░░░░░░░░░░░░░░░░ │  34.0%                                  │
│ Elapsed: 29:13 │ ETA: 56:44 │ Step Time: 51.579s                                                                     │
├──────────────────────────────────────────────────────── Time ────────────────────────────────────────────────────────┤
│                                                                                                                      │
│actor/actor/compute_adv=0.029          │actor/actor/recv_traj=33.473           │actor/actor/sync_model_to_rollout=0.0…│
│actor/run_training=4.970               │actor_training=4.974                   │cal_adv_and_returns=0.039             │
│env/env/bootstrap_step=2.51e-04        │env/env_interact_step=17.505           │env/interact=33.375                   │
│env/run_interact_once=33.375           │generate_rollouts=33.485               │rollout/generate_one_epoch=33.396     │
│rollout/predict=0.582                  │rollout/rollout/generate=33.396        │rollout/sync_model_from_actor=0.111   │
│step=38.611                            │sync_weights=0.112                     │                                      │
│                                                                                                                      │
├──────────────────────────────────────────────────── Environment ─────────────────────────────────────────────────────┤
│                                                                                                                      │
│num_trajectories=0                     │                                       │                                      │
│                                                                                                                      │
├────────────────────────────────────────────────────── Rollout ───────────────────────────────────────────────────────┤
│                                                                                                                      │
│advantages_max=3.439                   │advantages_mean=-5.59e-09              │advantages_min=-4.476                 │
│returns_max=21.618                     │returns_mean=-1.115                    │returns_min=-26.415                   │
│rewards=0.049                          │                                       │                                      │
│                                                                                                                      │
├─────────────────────────────────────────────────── Training/Actor ───────────────────────────────────────────────────┤
│                                                                                                                      │
│actor/approx_kl=0.0072                 │actor/clip_fraction=0.095              │actor/clipped_ratio=0.998             │
│actor/dual_cliped_ratio=0.0000         │actor/entropy_loss=0.0000              │actor/grad_norm=23.161                │
│actor/lr=3.00e-04                      │actor/policy_loss=-0.027               │actor/policy_loss_abs=0.774           │
│actor/ratio=1.002                      │actor/ratio_abs=0.101                  │actor/total_loss=2.402                │
│                                                                                                                      │
├────────────────────────────────────────────────── Training/Critic ───────────────────────────────────────────────────┤
│                                                                                                                      │
│critic/explained_variance=0.750        │critic/lr=3.00e-04                     │critic/value_clip_ratio=0.219         │
│critic/value_loss=9.635                │                                       │                                      │
│                                                                                                                      │
╰──────────────────────────────────────────────────────────────────────────────────────────────────────────────────────╯


╭──────────────────────────────────────────────────────────────────────────────────────────────────────────────────────╮
├──────────────────────────────────────────────────── Metric Table ────────────────────────────────────────────────────┤
│ Global Step:   35/100 │ Progress: ██████████████░░░░░░░░░░░░░░░░░░░░░░░░░░ │  35.0%                                  │
│ Elapsed: 29:49 │ ETA: 55:24 │ Step Time: 51.140s                                                                     │
├──────────────────────────────────────────────────────── Time ────────────────────────────────────────────────────────┤
│                                                                                                                      │
│actor/actor/compute_adv=0.095          │actor/actor/recv_traj=33.503           │actor/actor/sync_model_to_rollout=0.0…│
│actor/run_training=2.151               │actor_training=2.168                   │cal_adv_and_returns=0.104             │
│env/env/bootstrap_step=2.66e-04        │env/env_interact_step=17.230           │env/interact=33.455                   │
│env/run_interact_once=33.455           │generate_rollouts=33.534               │rollout/generate_one_epoch=33.491     │
│rollout/predict=0.557                  │rollout/rollout/generate=33.492        │rollout/sync_model_from_actor=0.364   │
│step=36.175                            │sync_weights=0.369                     │                                      │
│                                                                                                                      │
├──────────────────────────────────────────────────── Environment ─────────────────────────────────────────────────────┤
│                                                                                                                      │
│num_trajectories=0                     │                                       │                                      │
│                                                                                                                      │
├────────────────────────────────────────────────────── Rollout ───────────────────────────────────────────────────────┤
│                                                                                                                      │
│advantages_max=3.762                   │advantages_mean=1.68e-08               │advantages_min=-3.566                 │
│returns_max=24.663                     │returns_mean=-0.033                    │returns_min=-27.415                   │
│rewards=0.062                          │                                       │                                      │
│                                                                                                                      │
├─────────────────────────────────────────────────── Training/Actor ───────────────────────────────────────────────────┤
│                                                                                                                      │
│actor/approx_kl=0.012                  │actor/clip_fraction=0.092              │actor/clipped_ratio=0.995             │
│actor/dual_cliped_ratio=0.0000         │actor/entropy_loss=0.0000              │actor/grad_norm=20.541                │
│actor/lr=3.00e-04                      │actor/policy_loss=-0.026               │actor/policy_loss_abs=0.781           │
│actor/ratio=0.998                      │actor/ratio_abs=0.100                  │actor/total_loss=2.331                │
│                                                                                                                      │
├────────────────────────────────────────────────── Training/Critic ───────────────────────────────────────────────────┤
│                                                                                                                      │
│critic/explained_variance=0.802        │critic/lr=3.00e-04                     │critic/value_clip_ratio=0.260         │
│critic/value_loss=9.350                │                                       │                                      │
│                                                                                                                      │
╰──────────────────────────────────────────────────────────────────────────────────────────────────────────────────────╯


╭──────────────────────────────────────────────────────────────────────────────────────────────────────────────────────╮
├──────────────────────────────────────────────────── Metric Table ────────────────────────────────────────────────────┤
│ Global Step:   36/100 │ Progress: ██████████████░░░░░░░░░░░░░░░░░░░░░░░░░░ │  36.0%                                  │
│ Elapsed: 30:24 │ ETA: 54:04 │ Step Time: 50.694s                                                                     │
├──────────────────────────────────────────────────────── Time ────────────────────────────────────────────────────────┤
│                                                                                                                      │
│actor/actor/compute_adv=0.0087         │actor/actor/recv_traj=34.200           │actor/actor/sync_model_to_rollout=0.1…│
│actor/run_training=0.592               │actor_training=0.597                   │cal_adv_and_returns=0.011             │
│env/env/bootstrap_step=2.69e-04        │env/env_interact_step=17.659           │env/interact=34.195                   │
│env/run_interact_once=34.195           │generate_rollouts=34.226               │rollout/generate_one_epoch=34.181     │
│rollout/predict=0.561                  │rollout/rollout/generate=34.181        │rollout/sync_model_from_actor=0.198   │
│step=35.036                            │sync_weights=0.203                     │                                      │
│                                                                                                                      │
├──────────────────────────────────────────────────── Environment ─────────────────────────────────────────────────────┤
│                                                                                                                      │
│episode_len=1000.0                     │num_trajectories=16                    │return=64.99975                       │
│reward=0.06499975                      │                                       │                                      │
│                                                                                                                      │
├────────────────────────────────────────────────────── Rollout ───────────────────────────────────────────────────────┤
│                                                                                                                      │
│advantages_max=3.707                   │advantages_mean=-1.12e-08              │advantages_min=-3.756                 │
│returns_max=24.015                     │returns_mean=2.792                     │returns_min=-25.406                   │
│rewards=0.083                          │                                       │                                      │
│                                                                                                                      │
├─────────────────────────────────────────────────── Training/Actor ───────────────────────────────────────────────────┤
│                                                                                                                      │
│actor/approx_kl=0.0085                 │actor/clip_fraction=0.084              │actor/clipped_ratio=0.998             │
│actor/dual_cliped_ratio=0.0000         │actor/entropy_loss=0.0000              │actor/grad_norm=21.157                │
│actor/lr=3.00e-04                      │actor/policy_loss=-0.026               │actor/policy_loss_abs=0.779           │
│actor/ratio=1.000                      │actor/ratio_abs=0.094                  │actor/total_loss=2.872                │
│                                                                                                                      │
├────────────────────────────────────────────────── Training/Critic ───────────────────────────────────────────────────┤
│                                                                                                                      │
│critic/explained_variance=0.483        │critic/lr=3.00e-04                     │critic/value_clip_ratio=0.191         │
│critic/value_loss=11.512               │                                       │                                      │
│                                                                                                                      │
╰──────────────────────────────────────────────────────────────────────────────────────────────────────────────────────╯


╭──────────────────────────────────────────────────────────────────────────────────────────────────────────────────────╮
├──────────────────────────────────────────────────── Metric Table ────────────────────────────────────────────────────┤
│ Global Step:   37/100 │ Progress: ██████████████░░░░░░░░░░░░░░░░░░░░░░░░░░ │  37.0%                                  │
│ Elapsed: 31:01 │ ETA: 52:49 │ Step Time: 50.313s                                                                     │
├──────────────────────────────────────────────────────── Time ────────────────────────────────────────────────────────┤
│                                                                                                                      │
│actor/actor/compute_adv=0.049          │actor/actor/recv_traj=32.789           │actor/actor/sync_model_to_rollout=0.0…│
│actor/run_training=3.370               │actor_training=3.371                   │cal_adv_and_returns=0.061             │
│env/env/bootstrap_step=2.35e-04        │env/env_interact_step=17.617           │env/interact=32.734                   │
│env/run_interact_once=32.734           │generate_rollouts=32.800               │rollout/generate_one_epoch=32.737     │
│rollout/predict=0.555                  │rollout/rollout/generate=32.737        │rollout/sync_model_from_actor=0.316   │
│step=36.551                            │sync_weights=0.318                     │                                      │
│                                                                                                                      │
├──────────────────────────────────────────────────── Environment ─────────────────────────────────────────────────────┤
│                                                                                                                      │
│num_trajectories=0                     │                                       │                                      │
│                                                                                                                      │
├────────────────────────────────────────────────────── Rollout ───────────────────────────────────────────────────────┤
│                                                                                                                      │
│advantages_max=3.085                   │advantages_mean=-2.24e-08              │advantages_min=-4.773                 │
│returns_max=22.167                     │returns_mean=4.034                     │returns_min=-23.892                   │
│rewards=0.137                          │                                       │                                      │
│                                                                                                                      │
├─────────────────────────────────────────────────── Training/Actor ───────────────────────────────────────────────────┤
│                                                                                                                      │
│actor/approx_kl=0.0092                 │actor/clip_fraction=0.088              │actor/clipped_ratio=0.997             │
│actor/dual_cliped_ratio=0.0000         │actor/entropy_loss=0.0000              │actor/grad_norm=24.672                │
│actor/lr=3.00e-04                      │actor/policy_loss=-0.026               │actor/policy_loss_abs=0.748           │
│actor/ratio=0.999                      │actor/ratio_abs=0.097                  │actor/total_loss=2.797                │
│                                                                                                                      │
├────────────────────────────────────────────────── Training/Critic ───────────────────────────────────────────────────┤
│                                                                                                                      │
│critic/explained_variance=0.364        │critic/lr=3.00e-04                     │critic/value_clip_ratio=0.350         │
│critic/value_loss=11.213               │                                       │                                      │
│                                                                                                                      │
╰──────────────────────────────────────────────────────────────────────────────────────────────────────────────────────╯


╭──────────────────────────────────────────────────────────────────────────────────────────────────────────────────────╮
├──────────────────────────────────────────────────── Metric Table ────────────────────────────────────────────────────┤
│ Global Step:   38/100 │ Progress: ███████████████░░░░░░░░░░░░░░░░░░░░░░░░░ │  38.0%                                  │
│ Elapsed: 31:39 │ ETA: 51:39 │ Step Time: 49.998s                                                                     │
├──────────────────────────────────────────────────────── Time ────────────────────────────────────────────────────────┤
│                                                                                                                      │
│actor/actor/compute_adv=0.055          │actor/actor/recv_traj=34.488           │actor/actor/sync_model_to_rollout=0.0…│
│actor/run_training=3.620               │actor_training=3.627                   │cal_adv_and_returns=0.065             │
│env/env/bootstrap_step=2.40e-04        │env/env_interact_step=18.054           │env/interact=34.416                   │
│env/run_interact_once=34.415           │generate_rollouts=34.510               │rollout/generate_one_epoch=34.425     │
│rollout/predict=0.473                  │rollout/rollout/generate=34.430        │rollout/sync_model_from_actor=0.111   │
│step=38.318                            │sync_weights=0.115                     │                                      │
│                                                                                                                      │
├──────────────────────────────────────────────────── Environment ─────────────────────────────────────────────────────┤
│                                                                                                                      │
│num_trajectories=0                     │                                       │                                      │
│                                                                                                                      │
├────────────────────────────────────────────────────── Rollout ───────────────────────────────────────────────────────┤
│                                                                                                                      │
│advantages_max=3.583                   │advantages_mean=0.0000                 │advantages_min=-4.228                 │
│returns_max=23.956                     │returns_mean=3.991                     │returns_min=-20.913                   │
│rewards=0.089                          │                                       │                                      │
│                                                                                                                      │
├─────────────────────────────────────────────────── Training/Actor ───────────────────────────────────────────────────┤
│                                                                                                                      │
│actor/approx_kl=0.0100                 │actor/clip_fraction=0.094              │actor/clipped_ratio=0.996             │
│actor/dual_cliped_ratio=0.0000         │actor/entropy_loss=0.0000              │actor/grad_norm=21.942                │
│actor/lr=3.00e-04                      │actor/policy_loss=-0.028               │actor/policy_loss_abs=0.782           │
│actor/ratio=0.999                      │actor/ratio_abs=0.099                  │actor/total_loss=3.709                │
│                                                                                                                      │
├────────────────────────────────────────────────── Training/Critic ───────────────────────────────────────────────────┤
│                                                                                                                      │
│critic/explained_variance=0.362        │critic/lr=3.00e-04                     │critic/value_clip_ratio=0.145         │
│critic/value_loss=14.864               │                                       │                                      │
│                                                                                                                      │
╰──────────────────────────────────────────────────────────────────────────────────────────────────────────────────────╯


╭──────────────────────────────────────────────────────────────────────────────────────────────────────────────────────╮
├──────────────────────────────────────────────────── Metric Table ────────────────────────────────────────────────────┤
│ Global Step:   39/100 │ Progress: ███████████████░░░░░░░░░░░░░░░░░░░░░░░░░ │  39.0%                                  │
│ Elapsed: 32:17 │ ETA: 50:29 │ Step Time: 49.671s                                                                     │
├──────────────────────────────────────────────────────── Time ────────────────────────────────────────────────────────┤
│                                                                                                                      │
│actor/actor/compute_adv=0.036          │actor/actor/recv_traj=35.021           │actor/actor/sync_model_to_rollout=0.0…│
│actor/run_training=1.454               │actor_training=1.456                   │cal_adv_and_returns=0.048             │
│env/env/bootstrap_step=2.31e-04        │env/env_interact_step=17.964           │env/interact=34.988                   │
│env/run_interact_once=34.988           │generate_rollouts=35.055               │rollout/generate_one_epoch=34.997     │
│rollout/predict=0.588                  │rollout/rollout/generate=35.000        │rollout/sync_model_from_actor=0.660   │
│step=37.221                            │sync_weights=0.662                     │                                      │
│                                                                                                                      │
├──────────────────────────────────────────────────── Environment ─────────────────────────────────────────────────────┤
│                                                                                                                      │
│num_trajectories=0                     │                                       │                                      │
│                                                                                                                      │
├────────────────────────────────────────────────────── Rollout ───────────────────────────────────────────────────────┤
│                                                                                                                      │
│advantages_max=3.530                   │advantages_mean=-2.24e-08              │advantages_min=-3.849                 │
│returns_max=22.082                     │returns_mean=5.022                     │returns_min=-17.969                   │
│rewards=0.119                          │                                       │                                      │
│                                                                                                                      │
├─────────────────────────────────────────────────── Training/Actor ───────────────────────────────────────────────────┤
│                                                                                                                      │
│actor/approx_kl=0.011                  │actor/clip_fraction=0.109              │actor/clipped_ratio=0.996             │
│actor/dual_cliped_ratio=0.0000         │actor/entropy_loss=0.0000              │actor/grad_norm=20.248                │
│actor/lr=3.00e-04                      │actor/policy_loss=-0.028               │actor/policy_loss_abs=0.769           │
│actor/ratio=1.000                      │actor/ratio_abs=0.107                  │actor/total_loss=2.602                │
│                                                                                                                      │
├────────────────────────────────────────────────── Training/Critic ───────────────────────────────────────────────────┤
│                                                                                                                      │
│critic/explained_variance=0.427        │critic/lr=3.00e-04                     │critic/value_clip_ratio=0.235         │
│critic/value_loss=10.436               │                                       │                                      │
│                                                                                                                      │
╰──────────────────────────────────────────────────────────────────────────────────────────────────────────────────────╯


╭──────────────────────────────────────────────────────────────────────────────────────────────────────────────────────╮
├──────────────────────────────────────────────────── Metric Table ────────────────────────────────────────────────────┤
│ Global Step:   40/100 │ Progress: ████████████████░░░░░░░░░░░░░░░░░░░░░░░░ │  40.0%                                  │
│ Elapsed: 32:51 │ ETA: 49:16 │ Step Time: 49.280s                                                                     │
├──────────────────────────────────────────────────────── Time ────────────────────────────────────────────────────────┤
│                                                                                                                      │
│actor/actor/compute_adv=0.010          │actor/actor/recv_traj=31.902           │actor/actor/sync_model_to_rollout=0.0…│
│actor/run_training=1.698               │actor_training=1.702                   │cal_adv_and_returns=0.015             │
│env/env/bootstrap_step=2.65e-04        │env/env_interact_step=17.018           │env/interact=31.839                   │
│env/run_interact_once=31.839           │generate_rollouts=31.934               │rollout/generate_one_epoch=31.844     │
│rollout/predict=0.514                  │rollout/rollout/generate=31.848        │rollout/sync_model_from_actor=0.199   │
│step=33.974                            │sync_weights=0.205                     │                                      │
│                                                                                                                      │
├──────────────────────────────────────────────────── Environment ─────────────────────────────────────────────────────┤
│                                                                                                                      │
│episode_len=1000.0                     │num_trajectories=16                    │return=111.73761                      │
│reward=0.11173761                      │                                       │                                      │
│                                                                                                                      │
├────────────────────────────────────────────────────── Rollout ───────────────────────────────────────────────────────┤
│                                                                                                                      │
│advantages_max=3.377                   │advantages_mean=-2.24e-08              │advantages_min=-4.636                 │
│returns_max=26.273                     │returns_mean=5.419                     │returns_min=-27.710                   │
│rewards=0.184                          │                                       │                                      │
│                                                                                                                      │
├─────────────────────────────────────────────────── Training/Actor ───────────────────────────────────────────────────┤
│                                                                                                                      │
│actor/approx_kl=0.011                  │actor/clip_fraction=0.111              │actor/clipped_ratio=0.997             │
│actor/dual_cliped_ratio=0.0000         │actor/entropy_loss=0.0000              │actor/grad_norm=23.324                │
│actor/lr=3.00e-04                      │actor/policy_loss=-0.027               │actor/policy_loss_abs=0.756           │
│actor/ratio=1.001                      │actor/ratio_abs=0.111                  │actor/total_loss=3.280                │
│                                                                                                                      │
├────────────────────────────────────────────────── Training/Critic ───────────────────────────────────────────────────┤
│                                                                                                                      │
│critic/explained_variance=0.616        │critic/lr=3.00e-04                     │critic/value_clip_ratio=0.352         │
│critic/value_loss=13.146               │                                       │                                      │
│                                                                                                                      │
╰──────────────────────────────────────────────────────────────────────────────────────────────────────────────────────╯


╭──────────────────────────────────────────────────────────────────────────────────────────────────────────────────────╮
├──────────────────────────────────────────────────── Metric Table ────────────────────────────────────────────────────┤
│ Global Step:   41/100 │ Progress: ████████████████░░░░░░░░░░░░░░░░░░░░░░░░ │  41.0%                                  │
│ Elapsed: 33:29 │ ETA: 48:11 │ Step Time: 49.013s                                                                     │
├──────────────────────────────────────────────────────── Time ────────────────────────────────────────────────────────┤
│                                                                                                                      │
│actor/actor/compute_adv=0.046          │actor/actor/recv_traj=31.551           │actor/actor/sync_model_to_rollout=0.0…│
│actor/run_training=6.363               │actor_training=6.367                   │cal_adv_and_returns=0.057             │
│env/env/bootstrap_step=2.51e-04        │env/env_interact_step=17.041           │env/interact=31.467                   │
│env/run_interact_once=31.467           │generate_rollouts=31.588               │rollout/generate_one_epoch=31.466     │
│rollout/predict=0.573                  │rollout/rollout/generate=31.482        │rollout/sync_model_from_actor=0.324   │
│step=38.338                            │sync_weights=0.325                     │                                      │
│                                                                                                                      │
├──────────────────────────────────────────────────── Environment ─────────────────────────────────────────────────────┤
│                                                                                                                      │
│num_trajectories=0                     │                                       │                                      │
│                                                                                                                      │
├────────────────────────────────────────────────────── Rollout ───────────────────────────────────────────────────────┤
│                                                                                                                      │
│advantages_max=2.863                   │advantages_mean=3.17e-08               │advantages_min=-4.243                 │
│returns_max=26.158                     │returns_mean=5.302                     │returns_min=-26.693                   │
│rewards=0.141                          │                                       │                                      │
│                                                                                                                      │
├─────────────────────────────────────────────────── Training/Actor ───────────────────────────────────────────────────┤
│                                                                                                                      │
│actor/approx_kl=0.0095                 │actor/clip_fraction=0.098              │actor/clipped_ratio=0.997             │
│actor/dual_cliped_ratio=0.0000         │actor/entropy_loss=0.0000              │actor/grad_norm=26.975                │
│actor/lr=3.00e-04                      │actor/policy_loss=-0.028               │actor/policy_loss_abs=0.777           │
│actor/ratio=1.000                      │actor/ratio_abs=0.102                  │actor/total_loss=3.698                │
│                                                                                                                      │
├────────────────────────────────────────────────── Training/Critic ───────────────────────────────────────────────────┤
│                                                                                                                      │
│critic/explained_variance=0.682        │critic/lr=3.00e-04                     │critic/value_clip_ratio=0.274         │
│critic/value_loss=14.819               │                                       │                                      │
│                                                                                                                      │
╰──────────────────────────────────────────────────────────────────────────────────────────────────────────────────────╯


╭──────────────────────────────────────────────────────────────────────────────────────────────────────────────────────╮
├──────────────────────────────────────────────────── Metric Table ────────────────────────────────────────────────────┤
│ Global Step:   42/100 │ Progress: ████████████████░░░░░░░░░░░░░░░░░░░░░░░░ │  42.0%                                  │
│ Elapsed: 34:07 │ ETA: 47:07 │ Step Time: 48.750s                                                                     │
├──────────────────────────────────────────────────────── Time ────────────────────────────────────────────────────────┤
│                                                                                                                      │
│actor/actor/compute_adv=0.0099         │actor/actor/recv_traj=34.796           │actor/actor/sync_model_to_rollout=0.0…│
│actor/run_training=2.780               │actor_training=2.781                   │cal_adv_and_returns=0.011             │
│env/env/bootstrap_step=2.61e-04        │env/env_interact_step=18.927           │env/interact=34.717                   │
│env/run_interact_once=34.717           │generate_rollouts=34.806               │rollout/generate_one_epoch=34.747     │
│rollout/predict=0.497                  │rollout/rollout/generate=34.747        │rollout/sync_model_from_actor=0.312   │
│step=37.913                            │sync_weights=0.315                     │                                      │
│                                                                                                                      │
├──────────────────────────────────────────────────── Environment ─────────────────────────────────────────────────────┤
│                                                                                                                      │
│num_trajectories=0                     │                                       │                                      │
│                                                                                                                      │
├────────────────────────────────────────────────────── Rollout ───────────────────────────────────────────────────────┤
│                                                                                                                      │
│advantages_max=3.979                   │advantages_mean=-3.73e-09              │advantages_min=-4.558                 │
│returns_max=33.594                     │returns_mean=3.237                     │returns_min=-27.124                   │
│rewards=0.073                          │                                       │                                      │
│                                                                                                                      │
├─────────────────────────────────────────────────── Training/Actor ───────────────────────────────────────────────────┤
│                                                                                                                      │
│actor/approx_kl=0.012                  │actor/clip_fraction=0.093              │actor/clipped_ratio=0.995             │
│actor/dual_cliped_ratio=0.0000         │actor/entropy_loss=0.0000              │actor/grad_norm=28.195                │
│actor/lr=3.00e-04                      │actor/policy_loss=-0.028               │actor/policy_loss_abs=0.765           │
│actor/ratio=0.997                      │actor/ratio_abs=0.100                  │actor/total_loss=3.229                │
│                                                                                                                      │
├────────────────────────────────────────────────── Training/Critic ───────────────────────────────────────────────────┤
│                                                                                                                      │
│critic/explained_variance=0.813        │critic/lr=3.00e-04                     │critic/value_clip_ratio=0.239         │
│critic/value_loss=12.943               │                                       │                                      │
│                                                                                                                      │
╰──────────────────────────────────────────────────────────────────────────────────────────────────────────────────────╯


╭──────────────────────────────────────────────────────────────────────────────────────────────────────────────────────╮
├──────────────────────────────────────────────────── Metric Table ────────────────────────────────────────────────────┤
│ Global Step:   43/100 │ Progress: █████████████████░░░░░░░░░░░░░░░░░░░░░░░ │  43.0%                                  │
│ Elapsed: 34:40 │ ETA: 45:57 │ Step Time: 48.381s                                                                     │
├──────────────────────────────────────────────────────── Time ────────────────────────────────────────────────────────┤
│                                                                                                                      │
│actor/actor/compute_adv=0.0064         │actor/actor/recv_traj=31.872           │actor/actor/sync_model_to_rollout=0.0…│
│actor/run_training=0.626               │actor_training=0.628                   │cal_adv_and_returns=0.0081            │
│env/env/bootstrap_step=0.0027          │env/env_interact_step=17.470           │env/interact=31.868                   │
│env/run_interact_once=31.868           │generate_rollouts=31.902               │rollout/generate_one_epoch=31.862     │
│rollout/predict=0.533                  │rollout/rollout/generate=31.869        │rollout/sync_model_from_actor=0.307   │
│step=32.850                            │sync_weights=0.311                     │                                      │
│                                                                                                                      │
├──────────────────────────────────────────────────── Environment ─────────────────────────────────────────────────────┤
│                                                                                                                      │
│episode_len=1000.0                     │num_trajectories=16                    │return=125.89543                      │
│reward=0.12589544                      │                                       │                                      │
│                                                                                                                      │
├────────────────────────────────────────────────────── Rollout ───────────────────────────────────────────────────────┤
│                                                                                                                      │
│advantages_max=4.068                   │advantages_mean=3.73e-09               │advantages_min=-4.348                 │
│returns_max=29.383                     │returns_mean=4.511                     │returns_min=-26.114                   │
│rewards=0.133                          │                                       │                                      │
│                                                                                                                      │
├─────────────────────────────────────────────────── Training/Actor ───────────────────────────────────────────────────┤
│                                                                                                                      │
│actor/approx_kl=0.0092                 │actor/clip_fraction=0.107              │actor/clipped_ratio=0.997             │
│actor/dual_cliped_ratio=0.0000         │actor/entropy_loss=0.0000              │actor/grad_norm=27.077                │
│actor/lr=3.00e-04                      │actor/policy_loss=-0.029               │actor/policy_loss_abs=0.767           │
│actor/ratio=1.001                      │actor/ratio_abs=0.106                  │actor/total_loss=3.184                │
│                                                                                                                      │
├────────────────────────────────────────────────── Training/Critic ───────────────────────────────────────────────────┤
│                                                                                                                      │
│critic/explained_variance=0.845        │critic/lr=3.00e-04                     │critic/value_clip_ratio=0.371         │
│critic/value_loss=12.764               │                                       │                                      │
│                                                                                                                      │
╰──────────────────────────────────────────────────────────────────────────────────────────────────────────────────────╯


╭──────────────────────────────────────────────────────────────────────────────────────────────────────────────────────╮
├──────────────────────────────────────────────────── Metric Table ────────────────────────────────────────────────────┤
│ Global Step:   44/100 │ Progress: █████████████████░░░░░░░░░░░░░░░░░░░░░░░ │  44.0%                                  │
│ Elapsed: 35:16 │ ETA: 44:53 │ Step Time: 48.099s                                                                     │
├──────────────────────────────────────────────────────── Time ────────────────────────────────────────────────────────┤
│                                                                                                                      │
│actor/actor/compute_adv=0.012          │actor/actor/recv_traj=33.155           │actor/actor/sync_model_to_rollout=0.0…│
│actor/run_training=2.588               │actor_training=2.592                   │cal_adv_and_returns=0.015             │
│env/env/bootstrap_step=2.38e-04        │env/env_interact_step=17.398           │env/interact=33.103                   │
│env/run_interact_once=33.103           │generate_rollouts=33.189               │rollout/generate_one_epoch=33.106     │
│rollout/predict=0.519                  │rollout/rollout/generate=33.121        │rollout/sync_model_from_actor=0.125   │
│step=35.922                            │sync_weights=0.126                     │                                      │
│                                                                                                                      │
├──────────────────────────────────────────────────── Environment ─────────────────────────────────────────────────────┤
│                                                                                                                      │
│num_trajectories=0                     │                                       │                                      │
│                                                                                                                      │
├────────────────────────────────────────────────────── Rollout ───────────────────────────────────────────────────────┤
│                                                                                                                      │
│advantages_max=3.487                   │advantages_mean=3.26e-09               │advantages_min=-3.928                 │
│returns_max=30.570                     │returns_mean=9.143                     │returns_min=-22.483                   │
│rewards=0.184                          │                                       │                                      │
│                                                                                                                      │
├─────────────────────────────────────────────────── Training/Actor ───────────────────────────────────────────────────┤
│                                                                                                                      │
│actor/approx_kl=0.013                  │actor/clip_fraction=0.109              │actor/clipped_ratio=0.994             │
│actor/dual_cliped_ratio=0.0000         │actor/entropy_loss=0.0000              │actor/grad_norm=28.535                │
│actor/lr=3.00e-04                      │actor/policy_loss=-0.029               │actor/policy_loss_abs=0.783           │
│actor/ratio=0.998                      │actor/ratio_abs=0.108                  │actor/total_loss=3.798                │
│                                                                                                                      │
├────────────────────────────────────────────────── Training/Critic ───────────────────────────────────────────────────┤
│                                                                                                                      │
│critic/explained_variance=0.580        │critic/lr=3.00e-04                     │critic/value_clip_ratio=0.238         │
│critic/value_loss=15.222               │                                       │                                      │
│                                                                                                                      │
╰──────────────────────────────────────────────────────────────────────────────────────────────────────────────────────╯


╭──────────────────────────────────────────────────────────────────────────────────────────────────────────────────────╮
├──────────────────────────────────────────────────── Metric Table ────────────────────────────────────────────────────┤
│ Global Step:   45/100 │ Progress: ██████████████████░░░░░░░░░░░░░░░░░░░░░░ │  45.0%                                  │
│ Elapsed: 35:51 │ ETA: 43:49 │ Step Time: 47.810s                                                                     │
├──────────────────────────────────────────────────────── Time ────────────────────────────────────────────────────────┤
│                                                                                                                      │
│actor/actor/compute_adv=0.010          │actor/actor/recv_traj=33.755           │actor/actor/sync_model_to_rollout=0.0…│
│actor/run_training=0.632               │actor_training=0.633                   │cal_adv_and_returns=0.012             │
│env/env/bootstrap_step=2.37e-04        │env/env_interact_step=17.927           │env/interact=33.735                   │
│env/run_interact_once=33.735           │generate_rollouts=33.768               │rollout/generate_one_epoch=33.739     │
│rollout/predict=0.490                  │rollout/rollout/generate=33.740        │rollout/sync_model_from_actor=0.638   │
│step=35.056                            │sync_weights=0.642                     │                                      │
│                                                                                                                      │
├──────────────────────────────────────────────────── Environment ─────────────────────────────────────────────────────┤
│                                                                                                                      │
│num_trajectories=0                     │                                       │                                      │
│                                                                                                                      │
├────────────────────────────────────────────────────── Rollout ───────────────────────────────────────────────────────┤
│                                                                                                                      │
│advantages_max=2.990                   │advantages_mean=2.24e-08               │advantages_min=-4.924                 │
│returns_max=29.576                     │returns_mean=7.524                     │returns_min=-27.184                   │
│rewards=0.098                          │                                       │                                      │
│                                                                                                                      │
├─────────────────────────────────────────────────── Training/Actor ───────────────────────────────────────────────────┤
│                                                                                                                      │
│actor/approx_kl=0.0099                 │actor/clip_fraction=0.108              │actor/clipped_ratio=0.997             │
│actor/dual_cliped_ratio=0.0000         │actor/entropy_loss=0.0000              │actor/grad_norm=26.434                │
│actor/lr=3.00e-04                      │actor/policy_loss=-0.028               │actor/policy_loss_abs=0.769           │
│actor/ratio=1.000                      │actor/ratio_abs=0.107                  │actor/total_loss=3.603                │
│                                                                                                                      │
├────────────────────────────────────────────────── Training/Critic ───────────────────────────────────────────────────┤
│                                                                                                                      │
│critic/explained_variance=0.697        │critic/lr=3.00e-04                     │critic/value_clip_ratio=0.114         │
│critic/value_loss=14.440               │                                       │                                      │
│                                                                                                                      │
╰──────────────────────────────────────────────────────────────────────────────────────────────────────────────────────╯


╭──────────────────────────────────────────────────────────────────────────────────────────────────────────────────────╮
├──────────────────────────────────────────────────── Metric Table ────────────────────────────────────────────────────┤
│ Global Step:   46/100 │ Progress: ██████████████████░░░░░░░░░░░░░░░░░░░░░░ │  46.0%                                  │
│ Elapsed: 36:25 │ ETA: 42:45 │ Step Time: 47.515s                                                                     │
├──────────────────────────────────────────────────────── Time ────────────────────────────────────────────────────────┤
│                                                                                                                      │
│actor/actor/compute_adv=0.0081         │actor/actor/recv_traj=33.401           │actor/actor/sync_model_to_rollout=0.0…│
│actor/run_training=0.631               │actor_training=0.634                   │cal_adv_and_returns=0.0096            │
│env/env/bootstrap_step=2.39e-04        │env/env_interact_step=18.877           │env/interact=33.393                   │
│env/run_interact_once=33.393           │generate_rollouts=33.414               │rollout/generate_one_epoch=33.395     │
│rollout/predict=0.492                  │rollout/rollout/generate=33.395        │rollout/sync_model_from_actor=0.139   │
│step=34.198                            │sync_weights=0.140                     │                                      │
│                                                                                                                      │
├──────────────────────────────────────────────────── Environment ─────────────────────────────────────────────────────┤
│                                                                                                                      │
│num_trajectories=0                     │                                       │                                      │
│                                                                                                                      │
├────────────────────────────────────────────────────── Rollout ───────────────────────────────────────────────────────┤
│                                                                                                                      │
│advantages_max=3.481                   │advantages_mean=1.30e-08               │advantages_min=-3.758                 │
│returns_max=31.971                     │returns_mean=8.360                     │returns_min=-25.823                   │
│rewards=0.189                          │                                       │                                      │
│                                                                                                                      │
├─────────────────────────────────────────────────── Training/Actor ───────────────────────────────────────────────────┤
│                                                                                                                      │
│actor/approx_kl=0.0082                 │actor/clip_fraction=0.090              │actor/clipped_ratio=0.998             │
│actor/dual_cliped_ratio=0.0000         │actor/entropy_loss=0.0000              │actor/grad_norm=34.288                │
│actor/lr=3.00e-04                      │actor/policy_loss=-0.026               │actor/policy_loss_abs=0.783           │
│actor/ratio=1.001                      │actor/ratio_abs=0.097                  │actor/total_loss=3.443                │
│                                                                                                                      │
├────────────────────────────────────────────────── Training/Critic ───────────────────────────────────────────────────┤
│                                                                                                                      │
│critic/explained_variance=0.821        │critic/lr=3.00e-04                     │critic/value_clip_ratio=0.350         │
│critic/value_loss=13.800               │                                       │                                      │
│                                                                                                                      │
╰──────────────────────────────────────────────────────────────────────────────────────────────────────────────────────╯


╭──────────────────────────────────────────────────────────────────────────────────────────────────────────────────────╮
├──────────────────────────────────────────────────── Metric Table ────────────────────────────────────────────────────┤
│ Global Step:   47/100 │ Progress: ██████████████████░░░░░░░░░░░░░░░░░░░░░░ │  47.0%                                  │
│ Elapsed: 36:48 │ ETA: 41:29 │ Step Time: 46.981s                                                                     │
├──────────────────────────────────────────────────────── Time ────────────────────────────────────────────────────────┤
│                                                                                                                      │
│actor/actor/compute_adv=0.0062         │actor/actor/recv_traj=21.661           │actor/actor/sync_model_to_rollout=0.0…│
│actor/run_training=0.609               │actor_training=0.611                   │cal_adv_and_returns=0.0079            │
│env/env/bootstrap_step=2.60e-04        │env/env_interact_step=16.681           │env/interact=21.651                   │
│env/run_interact_once=21.651           │generate_rollouts=21.676               │rollout/generate_one_epoch=21.654     │
│rollout/predict=0.306                  │rollout/rollout/generate=21.654        │rollout/sync_model_from_actor=0.125   │
│step=22.422                            │sync_weights=0.127                     │                                      │
│                                                                                                                      │
├──────────────────────────────────────────────────── Environment ─────────────────────────────────────────────────────┤
│                                                                                                                      │
│episode_len=1000.0                     │num_trajectories=16                    │return=145.38701                      │
│reward=0.14538698                      │                                       │                                      │
│                                                                                                                      │
├────────────────────────────────────────────────────── Rollout ───────────────────────────────────────────────────────┤
│                                                                                                                      │
│advantages_max=4.058                   │advantages_mean=-7.45e-09              │advantages_min=-4.788                 │
│returns_max=35.376                     │returns_mean=4.737                     │returns_min=-28.589                   │
│rewards=0.117                          │                                       │                                      │
│                                                                                                                      │
├─────────────────────────────────────────────────── Training/Actor ───────────────────────────────────────────────────┤
│                                                                                                                      │
│actor/approx_kl=0.011                  │actor/clip_fraction=0.110              │actor/clipped_ratio=0.995             │
│actor/dual_cliped_ratio=0.0000         │actor/entropy_loss=0.0000              │actor/grad_norm=25.468                │
│actor/lr=3.00e-04                      │actor/policy_loss=-0.031               │actor/policy_loss_abs=0.785           │
│actor/ratio=0.999                      │actor/ratio_abs=0.107                  │actor/total_loss=2.964                │
│                                                                                                                      │
├────────────────────────────────────────────────── Training/Critic ───────────────────────────────────────────────────┤
│                                                                                                                      │
│critic/explained_variance=0.905        │critic/lr=3.00e-04                     │critic/value_clip_ratio=0.351         │
│critic/value_loss=11.889               │                                       │                                      │
│                                                                                                                      │
╰──────────────────────────────────────────────────────────────────────────────────────────────────────────────────────╯


╭──────────────────────────────────────────────────────────────────────────────────────────────────────────────────────╮
├──────────────────────────────────────────────────── Metric Table ────────────────────────────────────────────────────┤
│ Global Step:   48/100 │ Progress: ███████████████████░░░░░░░░░░░░░░░░░░░░░ │  48.0%                                  │
│ Elapsed: 37:08 │ ETA: 40:14 │ Step Time: 46.437s                                                                     │
├──────────────────────────────────────────────────────── Time ────────────────────────────────────────────────────────┤
│                                                                                                                      │
│actor/actor/compute_adv=0.0081         │actor/actor/recv_traj=20.085           │actor/actor/sync_model_to_rollout=0.0…│
│actor/run_training=0.593               │actor_training=0.595                   │cal_adv_and_returns=0.0098            │
│env/env/bootstrap_step=2.87e-04        │env/env_interact_step=15.175           │env/interact=20.079                   │
│env/run_interact_once=20.079           │generate_rollouts=20.100               │rollout/generate_one_epoch=20.076     │
│rollout/predict=0.260                  │rollout/rollout/generate=20.076        │rollout/sync_model_from_actor=0.125   │
│step=20.833                            │sync_weights=0.128                     │                                      │
│                                                                                                                      │
├──────────────────────────────────────────────────── Environment ─────────────────────────────────────────────────────┤
│                                                                                                                      │
│num_trajectories=0                     │                                       │                                      │
│                                                                                                                      │
├────────────────────────────────────────────────────── Rollout ───────────────────────────────────────────────────────┤
│                                                                                                                      │
│advantages_max=3.659                   │advantages_mean=-1.86e-08              │advantages_min=-4.356                 │
│returns_max=31.965                     │returns_mean=13.403                    │returns_min=-16.836                   │
│rewards=0.221                          │                                       │                                      │
│                                                                                                                      │
├─────────────────────────────────────────────────── Training/Actor ───────────────────────────────────────────────────┤
│                                                                                                                      │
│actor/approx_kl=0.0099                 │actor/clip_fraction=0.095              │actor/clipped_ratio=0.996             │
│actor/dual_cliped_ratio=0.0000         │actor/entropy_loss=0.0000              │actor/grad_norm=32.719                │
│actor/lr=3.00e-04                      │actor/policy_loss=-0.026               │actor/policy_loss_abs=0.761           │
│actor/ratio=0.999                      │actor/ratio_abs=0.101                  │actor/total_loss=4.782                │
│                                                                                                                      │
├────────────────────────────────────────────────── Training/Critic ───────────────────────────────────────────────────┤
│                                                                                                                      │
│critic/explained_variance=0.388        │critic/lr=3.00e-04                     │critic/value_clip_ratio=0.267         │
│critic/value_loss=19.156               │                                       │                                      │
│                                                                                                                      │
╰──────────────────────────────────────────────────────────────────────────────────────────────────────────────────────╯


╭──────────────────────────────────────────────────────────────────────────────────────────────────────────────────────╮
├──────────────────────────────────────────────────── Metric Table ────────────────────────────────────────────────────┤
│ Global Step:   49/100 │ Progress: ███████████████████░░░░░░░░░░░░░░░░░░░░░ │  49.0%                                  │
│ Elapsed: 37:29 │ ETA: 39:01 │ Step Time: 45.917s                                                                     │
├──────────────────────────────────────────────────────── Time ────────────────────────────────────────────────────────┤
│                                                                                                                      │
│actor/actor/compute_adv=0.0078         │actor/actor/recv_traj=20.158           │actor/actor/sync_model_to_rollout=0.0…│
│actor/run_training=0.642               │actor_training=0.644                   │cal_adv_and_returns=0.0097            │
│env/env/bootstrap_step=2.33e-04        │env/env_interact_step=15.427           │env/interact=20.150                   │
│env/run_interact_once=20.150           │generate_rollouts=20.173               │rollout/generate_one_epoch=20.154     │
│rollout/predict=0.264                  │rollout/rollout/generate=20.155        │rollout/sync_model_from_actor=0.128   │
│step=20.956                            │sync_weights=0.129                     │                                      │
│                                                                                                                      │
├──────────────────────────────────────────────────── Environment ─────────────────────────────────────────────────────┤
│                                                                                                                      │
│num_trajectories=0                     │                                       │                                      │
│                                                                                                                      │
├────────────────────────────────────────────────────── Rollout ───────────────────────────────────────────────────────┤
│                                                                                                                      │
│advantages_max=3.729                   │advantages_mean=-2.98e-08              │advantages_min=-5.373                 │
│returns_max=32.033                     │returns_mean=15.401                    │returns_min=-11.932                   │
│rewards=0.273                          │                                       │                                      │
│                                                                                                                      │
├─────────────────────────────────────────────────── Training/Actor ───────────────────────────────────────────────────┤
│                                                                                                                      │
│actor/approx_kl=0.0082                 │actor/clip_fraction=0.091              │actor/clipped_ratio=0.998             │
│actor/dual_cliped_ratio=0.0000         │actor/entropy_loss=0.0000              │actor/grad_norm=31.280                │
│actor/lr=3.00e-04                      │actor/policy_loss=-0.027               │actor/policy_loss_abs=0.767           │
│actor/ratio=1.001                      │actor/ratio_abs=0.097                  │actor/total_loss=3.804                │
│                                                                                                                      │
├────────────────────────────────────────────────── Training/Critic ───────────────────────────────────────────────────┤
│                                                                                                                      │
│critic/explained_variance=0.342        │critic/lr=3.00e-04                     │critic/value_clip_ratio=0.420         │
│critic/value_loss=15.242               │                                       │                                      │
│                                                                                                                      │
╰──────────────────────────────────────────────────────────────────────────────────────────────────────────────────────╯


╭──────────────────────────────────────────────────────────────────────────────────────────────────────────────────────╮
├──────────────────────────────────────────────────── Metric Table ────────────────────────────────────────────────────┤
│ Global Step:   50/100 │ Progress: ████████████████████░░░░░░░░░░░░░░░░░░░░ │  50.0%                                  │
│ Elapsed: 37:51 │ ETA: 37:51 │ Step Time: 45.421s                                                                     │
├──────────────────────────────────────────────────────── Time ────────────────────────────────────────────────────────┤
│                                                                                                                      │
│actor/actor/compute_adv=0.0069         │actor/actor/recv_traj=20.293           │actor/actor/sync_model_to_rollout=0.0…│
│actor/run_training=0.648               │actor_training=0.650                   │cal_adv_and_returns=0.0090            │
│env/env/bootstrap_step=2.33e-04        │env/env_interact_step=15.745           │env/interact=20.274                   │
│env/run_interact_once=20.274           │generate_rollouts=20.310               │rollout/generate_one_epoch=20.276     │
│rollout/predict=0.254                  │rollout/rollout/generate=20.277        │rollout/sync_model_from_actor=0.132   │
│step=21.103                            │sync_weights=0.133                     │                                      │
│                                                                                                                      │
├──────────────────────────────────────────────────── Environment ─────────────────────────────────────────────────────┤
│                                                                                                                      │
│num_trajectories=0                     │                                       │                                      │
│                                                                                                                      │
├────────────────────────────────────────────────────── Rollout ───────────────────────────────────────────────────────┤
│                                                                                                                      │
│advantages_max=3.303                   │advantages_mean=-7.45e-09              │advantages_min=-3.786                 │
│returns_max=39.758                     │returns_mean=14.640                    │returns_min=-4.549                    │
│rewards=0.237                          │                                       │                                      │
│                                                                                                                      │
├─────────────────────────────────────────────────── Training/Actor ───────────────────────────────────────────────────┤
│                                                                                                                      │
│actor/approx_kl=0.0077                 │actor/clip_fraction=0.099              │actor/clipped_ratio=0.998             │
│actor/dual_cliped_ratio=0.0000         │actor/entropy_loss=0.0000              │actor/grad_norm=30.418                │
│actor/lr=3.00e-04                      │actor/policy_loss=-0.029               │actor/policy_loss_abs=0.774           │
│actor/ratio=1.002                      │actor/ratio_abs=0.101                  │actor/total_loss=3.721                │
│                                                                                                                      │
├────────────────────────────────────────────────── Training/Critic ───────────────────────────────────────────────────┤
│                                                                                                                      │
│critic/explained_variance=0.351        │critic/lr=3.00e-04                     │critic/value_clip_ratio=0.225         │
│critic/value_loss=14.913               │                                       │                                      │
│                                                                                                                      │
╰──────────────────────────────────────────────────────────────────────────────────────────────────────────────────────╯


╭──────────────────────────────────────────────────────────────────────────────────────────────────────────────────────╮
├──────────────────────────────────────────────────── Metric Table ────────────────────────────────────────────────────┤
│ Global Step:   51/100 │ Progress: ████████████████████░░░░░░░░░░░░░░░░░░░░ │  51.0%                                  │
│ Elapsed: 38:12 │ ETA: 36:42 │ Step Time: 44.955s                                                                     │
├──────────────────────────────────────────────────────── Time ────────────────────────────────────────────────────────┤
│                                                                                                                      │
│actor/actor/compute_adv=0.0068         │actor/actor/recv_traj=20.883           │actor/actor/sync_model_to_rollout=0.0…│
│actor/run_training=0.632               │actor_training=0.634                   │cal_adv_and_returns=0.0083            │
│env/env/bootstrap_step=2.35e-04        │env/env_interact_step=15.638           │env/interact=20.869                   │
│env/run_interact_once=20.869           │generate_rollouts=20.897               │rollout/generate_one_epoch=20.871     │
│rollout/predict=0.262                  │rollout/rollout/generate=20.871        │rollout/sync_model_from_actor=0.125   │
│step=21.666                            │sync_weights=0.127                     │                                      │
│                                                                                                                      │
├──────────────────────────────────────────────────── Environment ─────────────────────────────────────────────────────┤
│                                                                                                                      │
│episode_len=1000.0                     │num_trajectories=16                    │return=250.83096                      │
│reward=0.25083095                      │                                       │                                      │
│                                                                                                                      │
├────────────────────────────────────────────────────── Rollout ───────────────────────────────────────────────────────┤
│                                                                                                                      │
│advantages_max=3.372                   │advantages_mean=1.86e-08               │advantages_min=-3.522                 │
│returns_max=35.124                     │returns_mean=15.777                    │returns_min=-20.568                   │
│rewards=0.319                          │                                       │                                      │
│                                                                                                                      │
├─────────────────────────────────────────────────── Training/Actor ───────────────────────────────────────────────────┤
│                                                                                                                      │
│actor/approx_kl=0.0077                 │actor/clip_fraction=0.077              │actor/clipped_ratio=0.998             │
│actor/dual_cliped_ratio=0.0000         │actor/entropy_loss=0.0000              │actor/grad_norm=35.423                │
│actor/lr=3.00e-04                      │actor/policy_loss=-0.025               │actor/policy_loss_abs=0.779           │
│actor/ratio=1.000                      │actor/ratio_abs=0.091                  │actor/total_loss=4.365                │
│                                                                                                                      │
├────────────────────────────────────────────────── Training/Critic ───────────────────────────────────────────────────┤
│                                                                                                                      │
│critic/explained_variance=0.547        │critic/lr=3.00e-04                     │critic/value_clip_ratio=0.330         │
│critic/value_loss=17.485               │                                       │                                      │
│                                                                                                                      │
╰──────────────────────────────────────────────────────────────────────────────────────────────────────────────────────╯


╭──────────────────────────────────────────────────────────────────────────────────────────────────────────────────────╮
├──────────────────────────────────────────────────── Metric Table ────────────────────────────────────────────────────┤
│ Global Step:   52/100 │ Progress: ████████████████████░░░░░░░░░░░░░░░░░░░░ │  52.0%                                  │
│ Elapsed: 38:34 │ ETA: 35:36 │ Step Time: 44.501s                                                                     │
├──────────────────────────────────────────────────────── Time ────────────────────────────────────────────────────────┤
│                                                                                                                      │
│actor/actor/compute_adv=0.0077         │actor/actor/recv_traj=20.503           │actor/actor/sync_model_to_rollout=0.0…│
│actor/run_training=0.668               │actor_training=0.670                   │cal_adv_and_returns=0.0092            │
│env/env/bootstrap_step=2.41e-04        │env/env_interact_step=15.769           │env/interact=20.495                   │
│env/run_interact_once=20.495           │generate_rollouts=20.518               │rollout/generate_one_epoch=20.494     │
│rollout/predict=0.272                  │rollout/rollout/generate=20.495        │rollout/sync_model_from_actor=0.123   │
│step=21.323                            │sync_weights=0.125                     │                                      │
│                                                                                                                      │
├──────────────────────────────────────────────────── Environment ─────────────────────────────────────────────────────┤
│                                                                                                                      │
│num_trajectories=0                     │                                       │                                      │
│                                                                                                                      │
├────────────────────────────────────────────────────── Rollout ───────────────────────────────────────────────────────┤
│                                                                                                                      │
│advantages_max=3.934                   │advantages_mean=-1.86e-09              │advantages_min=-4.878                 │
│returns_max=36.729                     │returns_mean=15.191                    │returns_min=-26.531                   │
│rewards=0.257                          │                                       │                                      │
│                                                                                                                      │
├─────────────────────────────────────────────────── Training/Actor ───────────────────────────────────────────────────┤
│                                                                                                                      │
│actor/approx_kl=0.011                  │actor/clip_fraction=0.118              │actor/clipped_ratio=0.996             │
│actor/dual_cliped_ratio=0.0000         │actor/entropy_loss=0.0000              │actor/grad_norm=33.526                │
│actor/lr=3.00e-04                      │actor/policy_loss=-0.030               │actor/policy_loss_abs=0.764           │
│actor/ratio=1.000                      │actor/ratio_abs=0.112                  │actor/total_loss=4.428                │
│                                                                                                                      │
├────────────────────────────────────────────────── Training/Critic ───────────────────────────────────────────────────┤
│                                                                                                                      │
│critic/explained_variance=0.713        │critic/lr=3.00e-04                     │critic/value_clip_ratio=0.329         │
│critic/value_loss=17.743               │                                       │                                      │
│                                                                                                                      │
╰──────────────────────────────────────────────────────────────────────────────────────────────────────────────────────╯


╭──────────────────────────────────────────────────────────────────────────────────────────────────────────────────────╮
├──────────────────────────────────────────────────── Metric Table ────────────────────────────────────────────────────┤
│ Global Step:   53/100 │ Progress: █████████████████████░░░░░░░░░░░░░░░░░░░ │  53.0%                                  │
│ Elapsed: 38:54 │ ETA: 34:30 │ Step Time: 44.055s                                                                     │
├──────────────────────────────────────────────────────── Time ────────────────────────────────────────────────────────┤
│                                                                                                                      │
│actor/actor/compute_adv=0.0069         │actor/actor/recv_traj=20.116           │actor/actor/sync_model_to_rollout=0.0…│
│actor/run_training=0.606               │actor_training=0.608                   │cal_adv_and_returns=0.0082            │
│env/env/bootstrap_step=2.42e-04        │env/env_interact_step=15.601           │env/interact=20.090                   │
│env/run_interact_once=20.090           │generate_rollouts=20.124               │rollout/generate_one_epoch=20.092     │
│rollout/predict=0.258                  │rollout/rollout/generate=20.093        │rollout/sync_model_from_actor=0.135   │
│step=20.879                            │sync_weights=0.139                     │                                      │
│                                                                                                                      │
├──────────────────────────────────────────────────── Environment ─────────────────────────────────────────────────────┤
│                                                                                                                      │
│num_trajectories=0                     │                                       │                                      │
│                                                                                                                      │
├────────────────────────────────────────────────────── Rollout ───────────────────────────────────────────────────────┤
│                                                                                                                      │
│advantages_max=3.327                   │advantages_mean=-1.49e-08              │advantages_min=-4.853                 │
│returns_max=38.905                     │returns_mean=14.822                    │returns_min=-26.969                   │
│rewards=0.239                          │                                       │                                      │
│                                                                                                                      │
├─────────────────────────────────────────────────── Training/Actor ───────────────────────────────────────────────────┤
│                                                                                                                      │
│actor/approx_kl=0.0089                 │actor/clip_fraction=0.106              │actor/clipped_ratio=0.997             │
│actor/dual_cliped_ratio=0.0000         │actor/entropy_loss=0.0000              │actor/grad_norm=38.761                │
│actor/lr=3.00e-04                      │actor/policy_loss=-0.028               │actor/policy_loss_abs=0.758           │
│actor/ratio=1.001                      │actor/ratio_abs=0.104                  │actor/total_loss=4.294                │
│                                                                                                                      │
├────────────────────────────────────────────────── Training/Critic ───────────────────────────────────────────────────┤
│                                                                                                                      │
│critic/explained_variance=0.795        │critic/lr=3.00e-04                     │critic/value_clip_ratio=0.333         │
│critic/value_loss=17.203               │                                       │                                      │
│                                                                                                                      │
╰──────────────────────────────────────────────────────────────────────────────────────────────────────────────────────╯


╭──────────────────────────────────────────────────────────────────────────────────────────────────────────────────────╮
├──────────────────────────────────────────────────── Metric Table ────────────────────────────────────────────────────┤
│ Global Step:   54/100 │ Progress: █████████████████████░░░░░░░░░░░░░░░░░░░ │  54.0%                                  │
│ Elapsed: 39:16 │ ETA: 33:27 │ Step Time: 43.647s                                                                     │
├──────────────────────────────────────────────────────── Time ────────────────────────────────────────────────────────┤
│                                                                                                                      │
│actor/actor/compute_adv=0.0083         │actor/actor/recv_traj=21.212           │actor/actor/sync_model_to_rollout=0.0…│
│actor/run_training=0.615               │actor_training=0.619                   │cal_adv_and_returns=0.012             │
│env/env/bootstrap_step=3.29e-04        │env/env_interact_step=16.451           │env/interact=21.189                   │
│env/run_interact_once=21.189           │generate_rollouts=21.224               │rollout/generate_one_epoch=21.189     │
│rollout/predict=0.269                  │rollout/rollout/generate=21.190        │rollout/sync_model_from_actor=0.126   │
│step=21.983                            │sync_weights=0.128                     │                                      │
│                                                                                                                      │
├──────────────────────────────────────────────────── Environment ─────────────────────────────────────────────────────┤
│                                                                                                                      │
│num_trajectories=0                     │                                       │                                      │
│                                                                                                                      │
├────────────────────────────────────────────────────── Rollout ───────────────────────────────────────────────────────┤
│                                                                                                                      │
│advantages_max=3.643                   │advantages_mean=3.73e-08               │advantages_min=-3.464                 │
│returns_max=39.457                     │returns_mean=8.590                     │returns_min=-27.340                   │
│rewards=0.151                          │                                       │                                      │
│                                                                                                                      │
├─────────────────────────────────────────────────── Training/Actor ───────────────────────────────────────────────────┤
│                                                                                                                      │
│actor/approx_kl=0.0095                 │actor/clip_fraction=0.082              │actor/clipped_ratio=0.996             │
│actor/dual_cliped_ratio=0.0000         │actor/entropy_loss=0.0000              │actor/grad_norm=41.173                │
│actor/lr=3.00e-04                      │actor/policy_loss=-0.026               │actor/policy_loss_abs=0.764           │
│actor/ratio=0.999                      │actor/ratio_abs=0.093                  │actor/total_loss=4.499                │
│                                                                                                                      │
├────────────────────────────────────────────────── Training/Critic ───────────────────────────────────────────────────┤
│                                                                                                                      │
│critic/explained_variance=0.894        │critic/lr=3.00e-04                     │critic/value_clip_ratio=0.278         │
│critic/value_loss=18.023               │                                       │                                      │
│                                                                                                                      │
╰──────────────────────────────────────────────────────────────────────────────────────────────────────────────────────╯


╭──────────────────────────────────────────────────────────────────────────────────────────────────────────────────────╮
├──────────────────────────────────────────────────── Metric Table ────────────────────────────────────────────────────┤
│ Global Step:   55/100 │ Progress: ██████████████████████░░░░░░░░░░░░░░░░░░ │  55.0%                                  │
│ Elapsed: 39:40 │ ETA: 32:27 │ Step Time: 43.280s                                                                     │
├──────────────────────────────────────────────────────── Time ────────────────────────────────────────────────────────┤
│                                                                                                                      │
│actor/actor/compute_adv=0.0080         │actor/actor/recv_traj=22.701           │actor/actor/sync_model_to_rollout=0.0…│
│actor/run_training=0.614               │actor_training=0.616                   │cal_adv_and_returns=0.0093            │
│env/env/bootstrap_step=3.74e-04        │env/env_interact_step=17.899           │env/interact=22.692                   │
│env/run_interact_once=22.692           │generate_rollouts=22.712               │rollout/generate_one_epoch=22.695     │
│rollout/predict=0.270                  │rollout/rollout/generate=22.696        │rollout/sync_model_from_actor=0.127   │
│step=23.467                            │sync_weights=0.129                     │                                      │
│                                                                                                                      │
├──────────────────────────────────────────────────── Environment ─────────────────────────────────────────────────────┤
│                                                                                                                      │
│episode_len=1000.0                     │num_trajectories=16                    │return=198.67424                      │
│reward=0.19867423                      │                                       │                                      │
│                                                                                                                      │
├────────────────────────────────────────────────────── Rollout ───────────────────────────────────────────────────────┤
│                                                                                                                      │
│advantages_max=4.133                   │advantages_mean=3.73e-08               │advantages_min=-4.111                 │
│returns_max=39.408                     │returns_mean=9.921                     │returns_min=-29.001                   │
│rewards=0.156                          │                                       │                                      │
│                                                                                                                      │
├─────────────────────────────────────────────────── Training/Actor ───────────────────────────────────────────────────┤
│                                                                                                                      │
│actor/approx_kl=0.0079                 │actor/clip_fraction=0.102              │actor/clipped_ratio=0.998             │
│actor/dual_cliped_ratio=0.0000         │actor/entropy_loss=0.0000              │actor/grad_norm=39.800                │
│actor/lr=3.00e-04                      │actor/policy_loss=-0.030               │actor/policy_loss_abs=0.784           │
│actor/ratio=1.002                      │actor/ratio_abs=0.103                  │actor/total_loss=4.500                │
│                                                                                                                      │
├────────────────────────────────────────────────── Training/Critic ───────────────────────────────────────────────────┤
│                                                                                                                      │
│critic/explained_variance=0.903        │critic/lr=3.00e-04                     │critic/value_clip_ratio=0.326         │
│critic/value_loss=18.028               │                                       │                                      │
│                                                                                                                      │
╰──────────────────────────────────────────────────────────────────────────────────────────────────────────────────────╯


╭──────────────────────────────────────────────────────────────────────────────────────────────────────────────────────╮
├──────────────────────────────────────────────────── Metric Table ────────────────────────────────────────────────────┤
│ Global Step:   56/100 │ Progress: ██████████████████████░░░░░░░░░░░░░░░░░░ │  56.0%                                  │
│ Elapsed: 40:01 │ ETA: 31:27 │ Step Time: 42.889s                                                                     │
├──────────────────────────────────────────────────────── Time ────────────────────────────────────────────────────────┤
│                                                                                                                      │
│actor/actor/compute_adv=0.0065         │actor/actor/recv_traj=20.551           │actor/actor/sync_model_to_rollout=0.0…│
│actor/run_training=0.654               │actor_training=0.655                   │cal_adv_and_returns=0.0079            │
│env/env/bootstrap_step=2.33e-04        │env/env_interact_step=15.952           │env/interact=20.542                   │
│env/run_interact_once=20.542           │generate_rollouts=20.564               │rollout/generate_one_epoch=20.542     │
│rollout/predict=0.250                  │rollout/rollout/generate=20.543        │rollout/sync_model_from_actor=0.121   │
│step=21.351                            │sync_weights=0.123                     │                                      │
│                                                                                                                      │
├──────────────────────────────────────────────────── Environment ─────────────────────────────────────────────────────┤
│                                                                                                                      │
│num_trajectories=0                     │                                       │                                      │
│                                                                                                                      │
├────────────────────────────────────────────────────── Rollout ───────────────────────────────────────────────────────┤
│                                                                                                                      │
│advantages_max=2.868                   │advantages_mean=-8.38e-09              │advantages_min=-4.652                 │
│returns_max=41.015                     │returns_mean=19.498                    │returns_min=-26.656                   │
│rewards=0.319                          │                                       │                                      │
│                                                                                                                      │
├─────────────────────────────────────────────────── Training/Actor ───────────────────────────────────────────────────┤
│                                                                                                                      │
│actor/approx_kl=0.011                  │actor/clip_fraction=0.088              │actor/clipped_ratio=0.996             │
│actor/dual_cliped_ratio=0.0000         │actor/entropy_loss=0.0000              │actor/grad_norm=48.350                │
│actor/lr=3.00e-04                      │actor/policy_loss=-0.025               │actor/policy_loss_abs=0.787           │
│actor/ratio=0.998                      │actor/ratio_abs=0.097                  │actor/total_loss=5.014                │
│                                                                                                                      │
├────────────────────────────────────────────────── Training/Critic ───────────────────────────────────────────────────┤
│                                                                                                                      │
│critic/explained_variance=0.667        │critic/lr=3.00e-04                     │critic/value_clip_ratio=0.274         │
│critic/value_loss=20.081               │                                       │                                      │
│                                                                                                                      │
╰──────────────────────────────────────────────────────────────────────────────────────────────────────────────────────╯


╭──────────────────────────────────────────────────────────────────────────────────────────────────────────────────────╮
├──────────────────────────────────────────────────── Metric Table ────────────────────────────────────────────────────┤
│ Global Step:   57/100 │ Progress: ██████████████████████░░░░░░░░░░░░░░░░░░ │  57.0%                                  │
│ Elapsed: 40:23 │ ETA: 30:27 │ Step Time: 42.509s                                                                     │
├──────────────────────────────────────────────────────── Time ────────────────────────────────────────────────────────┤
│                                                                                                                      │
│actor/actor/compute_adv=0.0062         │actor/actor/recv_traj=20.470           │actor/actor/sync_model_to_rollout=0.0…│
│actor/run_training=0.609               │actor_training=0.612                   │cal_adv_and_returns=0.0078            │
│env/env/bootstrap_step=3.94e-04        │env/env_interact_step=15.819           │env/interact=20.452                   │
│env/run_interact_once=20.451           │generate_rollouts=20.478               │rollout/generate_one_epoch=20.455     │
│rollout/predict=0.238                  │rollout/rollout/generate=20.456        │rollout/sync_model_from_actor=0.128   │
│step=21.229                            │sync_weights=0.130                     │                                      │
│                                                                                                                      │
├──────────────────────────────────────────────────── Environment ─────────────────────────────────────────────────────┤
│                                                                                                                      │
│num_trajectories=0                     │                                       │                                      │
│                                                                                                                      │
├────────────────────────────────────────────────────── Rollout ───────────────────────────────────────────────────────┤
│                                                                                                                      │
│advantages_max=3.333                   │advantages_mean=-3.73e-09              │advantages_min=-4.518                 │
│returns_max=44.510                     │returns_mean=19.518                    │returns_min=-27.629                   │
│rewards=0.308                          │                                       │                                      │
│                                                                                                                      │
├─────────────────────────────────────────────────── Training/Actor ───────────────────────────────────────────────────┤
│                                                                                                                      │
│actor/approx_kl=0.010                  │actor/clip_fraction=0.092              │actor/clipped_ratio=0.996             │
│actor/dual_cliped_ratio=0.0000         │actor/entropy_loss=0.0000              │actor/grad_norm=45.123                │
│actor/lr=3.00e-04                      │actor/policy_loss=-0.025               │actor/policy_loss_abs=0.772           │
│actor/ratio=0.999                      │actor/ratio_abs=0.099                  │actor/total_loss=5.539                │
│                                                                                                                      │
├────────────────────────────────────────────────── Training/Critic ───────────────────────────────────────────────────┤
│                                                                                                                      │
│critic/explained_variance=0.769        │critic/lr=3.00e-04                     │critic/value_clip_ratio=0.319         │
│critic/value_loss=22.182               │                                       │                                      │
│                                                                                                                      │
╰──────────────────────────────────────────────────────────────────────────────────────────────────────────────────────╯


╭──────────────────────────────────────────────────────────────────────────────────────────────────────────────────────╮
├──────────────────────────────────────────────────── Metric Table ────────────────────────────────────────────────────┤
│ Global Step:   58/100 │ Progress: ███████████████████████░░░░░░░░░░░░░░░░░ │  58.0%                                  │
│ Elapsed: 40:44 │ ETA: 29:30 │ Step Time: 42.147s                                                                     │
├──────────────────────────────────────────────────────── Time ────────────────────────────────────────────────────────┤
│                                                                                                                      │
│actor/actor/compute_adv=0.0063         │actor/actor/recv_traj=20.694           │actor/actor/sync_model_to_rollout=0.0…│
│actor/run_training=0.628               │actor_training=0.630                   │cal_adv_and_returns=0.0082            │
│env/env/bootstrap_step=4.13e-04        │env/env_interact_step=16.207           │env/interact=20.682                   │
│env/run_interact_once=20.682           │generate_rollouts=20.709               │rollout/generate_one_epoch=20.685     │
│rollout/predict=0.244                  │rollout/rollout/generate=20.686        │rollout/sync_model_from_actor=0.127   │
│step=21.477                            │sync_weights=0.129                     │                                      │
│                                                                                                                      │
├──────────────────────────────────────────────────── Environment ─────────────────────────────────────────────────────┤
│                                                                                                                      │
│num_trajectories=0                     │                                       │                                      │
│                                                                                                                      │
├────────────────────────────────────────────────────── Rollout ───────────────────────────────────────────────────────┤
│                                                                                                                      │
│advantages_max=3.555                   │advantages_mean=-2.98e-08              │advantages_min=-4.476                 │
│returns_max=42.245                     │returns_mean=21.303                    │returns_min=-30.803                   │
│rewards=0.339                          │                                       │                                      │
│                                                                                                                      │
├─────────────────────────────────────────────────── Training/Actor ───────────────────────────────────────────────────┤
│                                                                                                                      │
│actor/approx_kl=0.0090                 │actor/clip_fraction=0.101              │actor/clipped_ratio=0.997             │
│actor/dual_cliped_ratio=0.0000         │actor/entropy_loss=0.0000              │actor/grad_norm=44.859                │
│actor/lr=3.00e-04                      │actor/policy_loss=-0.026               │actor/policy_loss_abs=0.790           │
│actor/ratio=1.001                      │actor/ratio_abs=0.106                  │actor/total_loss=4.546                │
│                                                                                                                      │
├────────────────────────────────────────────────── Training/Critic ───────────────────────────────────────────────────┤
│                                                                                                                      │
│critic/explained_variance=0.826        │critic/lr=3.00e-04                     │critic/value_clip_ratio=0.441         │
│critic/value_loss=18.209               │                                       │                                      │
│                                                                                                                      │
╰──────────────────────────────────────────────────────────────────────────────────────────────────────────────────────╯


╭──────────────────────────────────────────────────────────────────────────────────────────────────────────────────────╮
├──────────────────────────────────────────────────── Metric Table ────────────────────────────────────────────────────┤
│ Global Step:   59/100 │ Progress: ███████████████████████░░░░░░░░░░░░░░░░░ │  59.0%                                  │
│ Elapsed: 41:06 │ ETA: 28:34 │ Step Time: 41.807s                                                                     │
├──────────────────────────────────────────────────────── Time ────────────────────────────────────────────────────────┤
│                                                                                                                      │
│actor/actor/compute_adv=0.010          │actor/actor/recv_traj=21.330           │actor/actor/sync_model_to_rollout=0.0…│
│actor/run_training=0.617               │actor_training=0.619                   │cal_adv_and_returns=0.015             │
│env/env/bootstrap_step=2.42e-04        │env/env_interact_step=16.548           │env/interact=21.315                   │
│env/run_interact_once=21.315           │generate_rollouts=21.346               │rollout/generate_one_epoch=21.312     │
│rollout/predict=0.235                  │rollout/rollout/generate=21.313        │rollout/sync_model_from_actor=0.124   │
│step=22.106                            │sync_weights=0.126                     │                                      │
│                                                                                                                      │
├──────────────────────────────────────────────────── Environment ─────────────────────────────────────────────────────┤
│                                                                                                                      │
│episode_len=1000.0                     │num_trajectories=16                    │return=310.5287                       │
│reward=0.3105287                       │                                       │                                      │
│                                                                                                                      │
├────────────────────────────────────────────────────── Rollout ───────────────────────────────────────────────────────┤
│                                                                                                                      │
│advantages_max=3.116                   │advantages_mean=-2.61e-08              │advantages_min=-4.433                 │
│returns_max=43.073                     │returns_mean=20.923                    │returns_min=-29.586                   │
│rewards=0.353                          │                                       │                                      │
│                                                                                                                      │
├─────────────────────────────────────────────────── Training/Actor ───────────────────────────────────────────────────┤
│                                                                                                                      │
│actor/approx_kl=0.011                  │actor/clip_fraction=0.082              │actor/clipped_ratio=0.995             │
│actor/dual_cliped_ratio=0.0000         │actor/entropy_loss=0.0000              │actor/grad_norm=42.618                │
│actor/lr=3.00e-04                      │actor/policy_loss=-0.025               │actor/policy_loss_abs=0.751           │
│actor/ratio=0.997                      │actor/ratio_abs=0.093                  │actor/total_loss=5.051                │
│                                                                                                                      │
├────────────────────────────────────────────────── Training/Critic ───────────────────────────────────────────────────┤
│                                                                                                                      │
│critic/explained_variance=0.726        │critic/lr=3.00e-04                     │critic/value_clip_ratio=0.248         │
│critic/value_loss=20.229               │                                       │                                      │
│                                                                                                                      │
╰──────────────────────────────────────────────────────────────────────────────────────────────────────────────────────╯


╭──────────────────────────────────────────────────────────────────────────────────────────────────────────────────────╮
├──────────────────────────────────────────────────── Metric Table ────────────────────────────────────────────────────┤
│ Global Step:   60/100 │ Progress: ████████████████████████░░░░░░░░░░░░░░░░ │  60.0%                                  │
│ Elapsed: 41:28 │ ETA: 27:39 │ Step Time: 41.478s                                                                     │
├──────────────────────────────────────────────────────── Time ────────────────────────────────────────────────────────┤
│                                                                                                                      │
│actor/actor/compute_adv=0.0063         │actor/actor/recv_traj=21.070           │actor/actor/sync_model_to_rollout=0.0…│
│actor/run_training=0.665               │actor_training=0.667                   │cal_adv_and_returns=0.0090            │
│env/env/bootstrap_step=2.31e-04        │env/env_interact_step=16.554           │env/interact=21.055                   │
│env/run_interact_once=21.055           │generate_rollouts=21.081               │rollout/generate_one_epoch=21.060     │
│rollout/predict=0.252                  │rollout/rollout/generate=21.061        │rollout/sync_model_from_actor=0.115   │
│step=22.021                            │sync_weights=0.119                     │                                      │
│                                                                                                                      │
├──────────────────────────────────────────────────── Environment ─────────────────────────────────────────────────────┤
│                                                                                                                      │
│num_trajectories=0                     │                                       │                                      │
│                                                                                                                      │
├────────────────────────────────────────────────────── Rollout ───────────────────────────────────────────────────────┤
│                                                                                                                      │
│advantages_max=3.837                   │advantages_mean=1.86e-08               │advantages_min=-3.950                 │
│returns_max=43.665                     │returns_mean=24.098                    │returns_min=-6.918                    │
│rewards=0.346                          │                                       │                                      │
│                                                                                                                      │
├─────────────────────────────────────────────────── Training/Actor ───────────────────────────────────────────────────┤
│                                                                                                                      │
│actor/approx_kl=0.0085                 │actor/clip_fraction=0.089              │actor/clipped_ratio=0.997             │
│actor/dual_cliped_ratio=0.0000         │actor/entropy_loss=0.0000              │actor/grad_norm=40.841                │
│actor/lr=3.00e-04                      │actor/policy_loss=-0.027               │actor/policy_loss_abs=0.765           │
│actor/ratio=1.000                      │actor/ratio_abs=0.097                  │actor/total_loss=5.203                │
│                                                                                                                      │
├────────────────────────────────────────────────── Training/Critic ───────────────────────────────────────────────────┤
│                                                                                                                      │
│critic/explained_variance=0.462        │critic/lr=3.00e-04                     │critic/value_clip_ratio=0.296         │
│critic/value_loss=20.840               │                                       │                                      │
│                                                                                                                      │
╰──────────────────────────────────────────────────────────────────────────────────────────────────────────────────────╯


╭──────────────────────────────────────────────────────────────────────────────────────────────────────────────────────╮
├──────────────────────────────────────────────────── Metric Table ────────────────────────────────────────────────────┤
│ Global Step:   61/100 │ Progress: ████████████████████████░░░░░░░░░░░░░░░░ │  61.0%                                  │
│ Elapsed: 41:50 │ ETA: 26:45 │ Step Time: 41.161s                                                                     │
├──────────────────────────────────────────────────────── Time ────────────────────────────────────────────────────────┤
│                                                                                                                      │
│actor/actor/compute_adv=0.0087         │actor/actor/recv_traj=21.362           │actor/actor/sync_model_to_rollout=0.0…│
│actor/run_training=0.615               │actor_training=0.617                   │cal_adv_and_returns=0.011             │
│env/env/bootstrap_step=3.60e-04        │env/env_interact_step=16.532           │env/interact=21.356                   │
│env/run_interact_once=21.356           │generate_rollouts=21.381               │rollout/generate_one_epoch=21.358     │
│rollout/predict=0.282                  │rollout/rollout/generate=21.358        │rollout/sync_model_from_actor=0.125   │
│step=22.137                            │sync_weights=0.127                     │                                      │
│                                                                                                                      │
├──────────────────────────────────────────────────── Environment ─────────────────────────────────────────────────────┤
│                                                                                                                      │
│num_trajectories=0                     │                                       │                                      │
│                                                                                                                      │
├────────────────────────────────────────────────────── Rollout ───────────────────────────────────────────────────────┤
│                                                                                                                      │
│advantages_max=2.949                   │advantages_mean=5.59e-09               │advantages_min=-4.412                 │
│returns_max=44.644                     │returns_mean=24.576                    │returns_min=-9.865                    │
│rewards=0.335                          │                                       │                                      │
│                                                                                                                      │
├─────────────────────────────────────────────────── Training/Actor ───────────────────────────────────────────────────┤
│                                                                                                                      │
│actor/approx_kl=0.0067                 │actor/clip_fraction=0.089              │actor/clipped_ratio=0.999             │
│actor/dual_cliped_ratio=0.0000         │actor/entropy_loss=0.0000              │actor/grad_norm=36.745                │
│actor/lr=3.00e-04                      │actor/policy_loss=-0.030               │actor/policy_loss_abs=0.779           │
│actor/ratio=1.002                      │actor/ratio_abs=0.095                  │actor/total_loss=5.099                │
│                                                                                                                      │
├────────────────────────────────────────────────── Training/Critic ───────────────────────────────────────────────────┤
│                                                                                                                      │
│critic/explained_variance=0.402        │critic/lr=3.00e-04                     │critic/value_clip_ratio=0.238         │
│critic/value_loss=20.426               │                                       │                                      │
│                                                                                                                      │
╰──────────────────────────────────────────────────────────────────────────────────────────────────────────────────────╯


╭──────────────────────────────────────────────────────────────────────────────────────────────────────────────────────╮
├──────────────────────────────────────────────────── Metric Table ────────────────────────────────────────────────────┤
│ Global Step:   62/100 │ Progress: ████████████████████████░░░░░░░░░░░░░░░░ │  62.0%                                  │
│ Elapsed: 42:12 │ ETA: 25:51 │ Step Time: 40.842s                                                                     │
├──────────────────────────────────────────────────────── Time ────────────────────────────────────────────────────────┤
│                                                                                                                      │
│actor/actor/compute_adv=0.0068         │actor/actor/recv_traj=20.574           │actor/actor/sync_model_to_rollout=0.0…│
│actor/run_training=0.643               │actor_training=0.645                   │cal_adv_and_returns=0.0082            │
│env/env/bootstrap_step=3.38e-04        │env/env_interact_step=16.003           │env/interact=20.568                   │
│env/run_interact_once=20.568           │generate_rollouts=20.589               │rollout/generate_one_epoch=20.567     │
│rollout/predict=0.251                  │rollout/rollout/generate=20.567        │rollout/sync_model_from_actor=0.118   │
│step=21.363                            │sync_weights=0.120                     │                                      │
│                                                                                                                      │
├──────────────────────────────────────────────────── Environment ─────────────────────────────────────────────────────┤
│                                                                                                                      │
│num_trajectories=0                     │                                       │                                      │
│                                                                                                                      │
├────────────────────────────────────────────────────── Rollout ───────────────────────────────────────────────────────┤
│                                                                                                                      │
│advantages_max=3.367                   │advantages_mean=-1.86e-09              │advantages_min=-4.117                 │
│returns_max=44.094                     │returns_mean=21.604                    │returns_min=-26.832                   │
│rewards=0.266                          │                                       │                                      │
│                                                                                                                      │
├─────────────────────────────────────────────────── Training/Actor ───────────────────────────────────────────────────┤
│                                                                                                                      │
│actor/approx_kl=0.0098                 │actor/clip_fraction=0.100              │actor/clipped_ratio=0.996             │
│actor/dual_cliped_ratio=0.0000         │actor/entropy_loss=0.0000              │actor/grad_norm=36.444                │
│actor/lr=3.00e-04                      │actor/policy_loss=-0.029               │actor/policy_loss_abs=0.771           │
│actor/ratio=1.000                      │actor/ratio_abs=0.101                  │actor/total_loss=5.271                │
│                                                                                                                      │
├────────────────────────────────────────────────── Training/Critic ───────────────────────────────────────────────────┤
│                                                                                                                      │
│critic/explained_variance=0.768        │critic/lr=3.00e-04                     │critic/value_clip_ratio=0.164         │
│critic/value_loss=21.112               │                                       │                                      │
│                                                                                                                      │
╰──────────────────────────────────────────────────────────────────────────────────────────────────────────────────────╯


╭──────────────────────────────────────────────────────────────────────────────────────────────────────────────────────╮
├──────────────────────────────────────────────────── Metric Table ────────────────────────────────────────────────────┤
│ Global Step:   63/100 │ Progress: █████████████████████████░░░░░░░░░░░░░░░ │  63.0%                                  │
│ Elapsed: 42:33 │ ETA: 24:59 │ Step Time: 40.535s                                                                     │
├──────────────────────────────────────────────────────── Time ────────────────────────────────────────────────────────┤
│                                                                                                                      │
│actor/actor/compute_adv=0.0081         │actor/actor/recv_traj=20.730           │actor/actor/sync_model_to_rollout=0.0…│
│actor/run_training=0.644               │actor_training=0.645                   │cal_adv_and_returns=0.0093            │
│env/env/bootstrap_step=3.76e-04        │env/env_interact_step=15.859           │env/interact=20.717                   │
│env/run_interact_once=20.717           │generate_rollouts=20.743               │rollout/generate_one_epoch=20.721     │
│rollout/predict=0.267                  │rollout/rollout/generate=20.722        │rollout/sync_model_from_actor=0.120   │
│step=21.519                            │sync_weights=0.122                     │                                      │
│                                                                                                                      │
├──────────────────────────────────────────────────── Environment ─────────────────────────────────────────────────────┤
│                                                                                                                      │
│episode_len=1000.0                     │num_trajectories=16                    │return=316.4539                       │
│reward=0.31645387                      │                                       │                                      │
│                                                                                                                      │
├────────────────────────────────────────────────────── Rollout ───────────────────────────────────────────────────────┤
│                                                                                                                      │
│advantages_max=3.713                   │advantages_mean=-2.98e-08              │advantages_min=-4.204                 │
│returns_max=45.858                     │returns_mean=23.810                    │returns_min=-30.623                   │
│rewards=0.395                          │                                       │                                      │
│                                                                                                                      │
├─────────────────────────────────────────────────── Training/Actor ───────────────────────────────────────────────────┤
│                                                                                                                      │
│actor/approx_kl=0.011                  │actor/clip_fraction=0.095              │actor/clipped_ratio=0.996             │
│actor/dual_cliped_ratio=0.0000         │actor/entropy_loss=0.0000              │actor/grad_norm=38.777                │
│actor/lr=3.00e-04                      │actor/policy_loss=-0.027               │actor/policy_loss_abs=0.776           │
│actor/ratio=0.999                      │actor/ratio_abs=0.101                  │actor/total_loss=5.259                │
│                                                                                                                      │
├────────────────────────────────────────────────── Training/Critic ───────────────────────────────────────────────────┤
│                                                                                                                      │
│critic/explained_variance=0.727        │critic/lr=3.00e-04                     │critic/value_clip_ratio=0.208         │
│critic/value_loss=21.063               │                                       │                                      │
│                                                                                                                      │
╰──────────────────────────────────────────────────────────────────────────────────────────────────────────────────────╯


╭──────────────────────────────────────────────────────────────────────────────────────────────────────────────────────╮
├──────────────────────────────────────────────────── Metric Table ────────────────────────────────────────────────────┤
│ Global Step:   64/100 │ Progress: █████████████████████████░░░░░░░░░░░░░░░ │  64.0%                                  │
│ Elapsed: 42:55 │ ETA: 24:08 │ Step Time: 40.243s                                                                     │
├──────────────────────────────────────────────────────── Time ────────────────────────────────────────────────────────┤
│                                                                                                                      │
│actor/actor/compute_adv=0.0076         │actor/actor/recv_traj=21.022           │actor/actor/sync_model_to_rollout=0.0…│
│actor/run_training=0.657               │actor_training=0.659                   │cal_adv_and_returns=0.010             │
│env/env/bootstrap_step=6.55e-04        │env/env_interact_step=16.568           │env/interact=21.009                   │
│env/run_interact_once=21.009           │generate_rollouts=21.033               │rollout/generate_one_epoch=21.013     │
│rollout/predict=0.268                  │rollout/rollout/generate=21.014        │rollout/sync_model_from_actor=0.118   │
│step=21.822                            │sync_weights=0.119                     │                                      │
│                                                                                                                      │
├──────────────────────────────────────────────────── Environment ─────────────────────────────────────────────────────┤
│                                                                                                                      │
│num_trajectories=0                     │                                       │                                      │
│                                                                                                                      │
├────────────────────────────────────────────────────── Rollout ───────────────────────────────────────────────────────┤
│                                                                                                                      │
│advantages_max=3.434                   │advantages_mean=1.49e-08               │advantages_min=-3.990                 │
│returns_max=56.423                     │returns_mean=20.658                    │returns_min=-33.596                   │
│rewards=0.284                          │                                       │                                      │
│                                                                                                                      │
├─────────────────────────────────────────────────── Training/Actor ───────────────────────────────────────────────────┤
│                                                                                                                      │
│actor/approx_kl=0.0091                 │actor/clip_fraction=0.100              │actor/clipped_ratio=0.997             │
│actor/dual_cliped_ratio=0.0000         │actor/entropy_loss=0.0000              │actor/grad_norm=39.272                │
│actor/lr=3.00e-04                      │actor/policy_loss=-0.029               │actor/policy_loss_abs=0.775           │
│actor/ratio=1.000                      │actor/ratio_abs=0.102                  │actor/total_loss=5.281                │
│                                                                                                                      │
├────────────────────────────────────────────────── Training/Critic ───────────────────────────────────────────────────┤
│                                                                                                                      │
│critic/explained_variance=0.873        │critic/lr=3.00e-04                     │critic/value_clip_ratio=0.246         │
│critic/value_loss=21.154               │                                       │                                      │
│                                                                                                                      │
╰──────────────────────────────────────────────────────────────────────────────────────────────────────────────────────╯


╭──────────────────────────────────────────────────────────────────────────────────────────────────────────────────────╮
├──────────────────────────────────────────────────── Metric Table ────────────────────────────────────────────────────┤
│ Global Step:   65/100 │ Progress: ██████████████████████████░░░░░░░░░░░░░░ │  65.0%                                  │
│ Elapsed: 43:17 │ ETA: 23:18 │ Step Time: 39.960s                                                                     │
├──────────────────────────────────────────────────────── Time ────────────────────────────────────────────────────────┤
│                                                                                                                      │
│actor/actor/compute_adv=0.0064         │actor/actor/recv_traj=21.045           │actor/actor/sync_model_to_rollout=0.0…│
│actor/run_training=0.627               │actor_training=0.631                   │cal_adv_and_returns=0.0079            │
│env/env/bootstrap_step=3.56e-04        │env/env_interact_step=16.290           │env/interact=21.036                   │
│env/run_interact_once=21.036           │generate_rollouts=21.054               │rollout/generate_one_epoch=21.038     │
│rollout/predict=0.249                  │rollout/rollout/generate=21.038        │rollout/sync_model_from_actor=0.123   │
│step=21.821                            │sync_weights=0.127                     │                                      │
│                                                                                                                      │
├──────────────────────────────────────────────────── Environment ─────────────────────────────────────────────────────┤
│                                                                                                                      │
│num_trajectories=0                     │                                       │                                      │
│                                                                                                                      │
├────────────────────────────────────────────────────── Rollout ───────────────────────────────────────────────────────┤
│                                                                                                                      │
│advantages_max=3.478                   │advantages_mean=0.0000                 │advantages_min=-4.037                 │
│returns_max=49.241                     │returns_mean=18.418                    │returns_min=-34.317                   │
│rewards=0.270                          │                                       │                                      │
│                                                                                                                      │
├─────────────────────────────────────────────────── Training/Actor ───────────────────────────────────────────────────┤
│                                                                                                                      │
│actor/approx_kl=0.0070                 │actor/clip_fraction=0.112              │actor/clipped_ratio=0.998             │
│actor/dual_cliped_ratio=0.0000         │actor/entropy_loss=0.0000              │actor/grad_norm=40.754                │
│actor/lr=3.00e-04                      │actor/policy_loss=-0.031               │actor/policy_loss_abs=0.779           │
│actor/ratio=1.004                      │actor/ratio_abs=0.108                  │actor/total_loss=4.669                │
│                                                                                                                      │
├────────────────────────────────────────────────── Training/Critic ───────────────────────────────────────────────────┤
│                                                                                                                      │
│critic/explained_variance=0.923        │critic/lr=3.00e-04                     │critic/value_clip_ratio=0.295         │
│critic/value_loss=18.709               │                                       │                                      │
│                                                                                                                      │
╰──────────────────────────────────────────────────────────────────────────────────────────────────────────────────────╯


╭──────────────────────────────────────────────────────────────────────────────────────────────────────────────────────╮
├──────────────────────────────────────────────────── Metric Table ────────────────────────────────────────────────────┤
│ Global Step:   66/100 │ Progress: ██████████████████████████░░░░░░░░░░░░░░ │  66.0%                                  │
│ Elapsed: 43:39 │ ETA: 22:29 │ Step Time: 39.695s                                                                     │
├──────────────────────────────────────────────────────── Time ────────────────────────────────────────────────────────┤
│                                                                                                                      │
│actor/actor/compute_adv=0.0079         │actor/actor/recv_traj=21.617           │actor/actor/sync_model_to_rollout=0.0…│
│actor/run_training=0.649               │actor_training=0.651                   │cal_adv_and_returns=0.0099            │
│env/env/bootstrap_step=4.34e-04        │env/env_interact_step=17.181           │env/interact=21.608                   │
│env/run_interact_once=21.608           │generate_rollouts=21.632               │rollout/generate_one_epoch=21.608     │
│rollout/predict=0.246                  │rollout/rollout/generate=21.609        │rollout/sync_model_from_actor=0.124   │
│step=22.420                            │sync_weights=0.126                     │                                      │
│                                                                                                                      │
├──────────────────────────────────────────────────── Environment ─────────────────────────────────────────────────────┤
│                                                                                                                      │
│num_trajectories=0                     │                                       │                                      │
│                                                                                                                      │
├────────────────────────────────────────────────────── Rollout ───────────────────────────────────────────────────────┤
│                                                                                                                      │
│advantages_max=4.917                   │advantages_mean=1.86e-08               │advantages_min=-3.660                 │
│returns_max=48.796                     │returns_mean=16.129                    │returns_min=-35.877                   │
│rewards=0.157                          │                                       │                                      │
│                                                                                                                      │
├─────────────────────────────────────────────────── Training/Actor ───────────────────────────────────────────────────┤
│                                                                                                                      │
│actor/approx_kl=0.0073                 │actor/clip_fraction=0.121              │actor/clipped_ratio=0.999             │
│actor/dual_cliped_ratio=0.0000         │actor/entropy_loss=0.0000              │actor/grad_norm=35.371                │
│actor/lr=3.00e-04                      │actor/policy_loss=-0.033               │actor/policy_loss_abs=0.782           │
│actor/ratio=1.004                      │actor/ratio_abs=0.111                  │actor/total_loss=4.944                │
│                                                                                                                      │
├────────────────────────────────────────────────── Training/Critic ───────────────────────────────────────────────────┤
│                                                                                                                      │
│critic/explained_variance=0.921        │critic/lr=3.00e-04                     │critic/value_clip_ratio=0.162         │
│critic/value_loss=19.808               │                                       │                                      │
│                                                                                                                      │
╰──────────────────────────────────────────────────────────────────────────────────────────────────────────────────────╯


╭──────────────────────────────────────────────────────────────────────────────────────────────────────────────────────╮
├──────────────────────────────────────────────────── Metric Table ────────────────────────────────────────────────────┤
│ Global Step:   67/100 │ Progress: ██████████████████████████░░░░░░░░░░░░░░ │  67.0%                                  │
│ Elapsed: 44:00 │ ETA: 21:40 │ Step Time: 39.415s                                                                     │
├──────────────────────────────────────────────────────── Time ────────────────────────────────────────────────────────┤
│                                                                                                                      │
│actor/actor/compute_adv=0.0074         │actor/actor/recv_traj=20.155           │actor/actor/sync_model_to_rollout=0.0…│
│actor/run_training=0.592               │actor_training=0.593                   │cal_adv_and_returns=0.0091            │
│env/env/bootstrap_step=3.81e-04        │env/env_interact_step=15.453           │env/interact=20.140                   │
│env/run_interact_once=20.140           │generate_rollouts=20.168               │rollout/generate_one_epoch=20.147     │
│rollout/predict=0.247                  │rollout/rollout/generate=20.148        │rollout/sync_model_from_actor=0.135   │
│step=20.915                            │sync_weights=0.144                     │                                      │
│                                                                                                                      │
├──────────────────────────────────────────────────── Environment ─────────────────────────────────────────────────────┤
│                                                                                                                      │
│episode_len=1000.0                     │num_trajectories=16                    │return=243.86949                      │
│reward=0.24386948                      │                                       │                                      │
│                                                                                                                      │
├────────────────────────────────────────────────────── Rollout ───────────────────────────────────────────────────────┤
│                                                                                                                      │
│advantages_max=3.019                   │advantages_mean=0.0000                 │advantages_min=-4.798                 │
│returns_max=51.165                     │returns_mean=24.093                    │returns_min=-35.320                   │
│rewards=0.376                          │                                       │                                      │
│                                                                                                                      │
├─────────────────────────────────────────────────── Training/Actor ───────────────────────────────────────────────────┤
│                                                                                                                      │
│actor/approx_kl=0.010                  │actor/clip_fraction=0.100              │actor/clipped_ratio=0.996             │
│actor/dual_cliped_ratio=0.0000         │actor/entropy_loss=0.0000              │actor/grad_norm=37.590                │
│actor/lr=3.00e-04                      │actor/policy_loss=-0.030               │actor/policy_loss_abs=0.761           │
│actor/ratio=0.999                      │actor/ratio_abs=0.102                  │actor/total_loss=5.468                │
│                                                                                                                      │
├────────────────────────────────────────────────── Training/Critic ───────────────────────────────────────────────────┤
│                                                                                                                      │
│critic/explained_variance=0.866        │critic/lr=3.00e-04                     │critic/value_clip_ratio=0.343         │
│critic/value_loss=21.900               │                                       │                                      │
│                                                                                                                      │
╰──────────────────────────────────────────────────────────────────────────────────────────────────────────────────────╯


╭──────────────────────────────────────────────────────────────────────────────────────────────────────────────────────╮
├──────────────────────────────────────────────────── Metric Table ────────────────────────────────────────────────────┤
│ Global Step:   68/100 │ Progress: ███████████████████████████░░░░░░░░░░░░░ │  68.0%                                  │
│ Elapsed: 44:23 │ ETA: 20:53 │ Step Time: 39.166s                                                                     │
├──────────────────────────────────────────────────────── Time ────────────────────────────────────────────────────────┤
│                                                                                                                      │
│actor/actor/compute_adv=0.0065         │actor/actor/recv_traj=21.764           │actor/actor/sync_model_to_rollout=0.0…│
│actor/run_training=0.627               │actor_training=0.629                   │cal_adv_and_returns=0.0077            │
│env/env/bootstrap_step=2.16e-04        │env/env_interact_step=17.255           │env/interact=21.750                   │
│env/run_interact_once=21.750           │generate_rollouts=21.774               │rollout/generate_one_epoch=21.757     │
│rollout/predict=0.234                  │rollout/rollout/generate=21.758        │rollout/sync_model_from_actor=0.115   │
│step=22.527                            │sync_weights=0.117                     │                                      │
│                                                                                                                      │
├──────────────────────────────────────────────────── Environment ─────────────────────────────────────────────────────┤
│                                                                                                                      │
│num_trajectories=0                     │                                       │                                      │
│                                                                                                                      │
├────────────────────────────────────────────────────── Rollout ───────────────────────────────────────────────────────┤
│                                                                                                                      │
│advantages_max=3.100                   │advantages_mean=1.35e-08               │advantages_min=-4.142                 │
│returns_max=54.729                     │returns_mean=31.124                    │returns_min=0.358                     │
│rewards=0.444                          │                                       │                                      │
│                                                                                                                      │
├─────────────────────────────────────────────────── Training/Actor ───────────────────────────────────────────────────┤
│                                                                                                                      │
│actor/approx_kl=0.012                  │actor/clip_fraction=0.110              │actor/clipped_ratio=0.994             │
│actor/dual_cliped_ratio=0.0000         │actor/entropy_loss=0.0000              │actor/grad_norm=44.904                │
│actor/lr=3.00e-04                      │actor/policy_loss=-0.030               │actor/policy_loss_abs=0.786           │
│actor/ratio=0.998                      │actor/ratio_abs=0.105                  │actor/total_loss=5.567                │
│                                                                                                                      │
├────────────────────────────────────────────────── Training/Critic ───────────────────────────────────────────────────┤
│                                                                                                                      │
│critic/explained_variance=0.388        │critic/lr=3.00e-04                     │critic/value_clip_ratio=0.339         │
│critic/value_loss=22.297               │                                       │                                      │
│                                                                                                                      │
╰──────────────────────────────────────────────────────────────────────────────────────────────────────────────────────╯


╭──────────────────────────────────────────────────────────────────────────────────────────────────────────────────────╮
├──────────────────────────────────────────────────── Metric Table ────────────────────────────────────────────────────┤
│ Global Step:   69/100 │ Progress: ███████████████████████████░░░░░░░░░░░░░ │  69.0%                                  │
│ Elapsed: 44:45 │ ETA: 20:06 │ Step Time: 38.924s                                                                     │
├──────────────────────────────────────────────────────── Time ────────────────────────────────────────────────────────┤
│                                                                                                                      │
│actor/actor/compute_adv=0.0063         │actor/actor/recv_traj=21.657           │actor/actor/sync_model_to_rollout=0.0…│
│actor/run_training=0.624               │actor_training=0.626                   │cal_adv_and_returns=0.0076            │
│env/env/bootstrap_step=2.93e-04        │env/env_interact_step=16.828           │env/interact=21.634                   │
│env/run_interact_once=21.634           │generate_rollouts=21.668               │rollout/generate_one_epoch=21.630     │
│rollout/predict=0.265                  │rollout/rollout/generate=21.630        │rollout/sync_model_from_actor=0.118   │
│step=22.421                            │sync_weights=0.119                     │                                      │
│                                                                                                                      │
├──────────────────────────────────────────────────── Environment ─────────────────────────────────────────────────────┤
│                                                                                                                      │
│num_trajectories=0                     │                                       │                                      │
│                                                                                                                      │
├────────────────────────────────────────────────────── Rollout ───────────────────────────────────────────────────────┤
│                                                                                                                      │
│advantages_max=3.554                   │advantages_mean=1.49e-08               │advantages_min=-5.664                 │
│returns_max=56.874                     │returns_mean=29.959                    │returns_min=-34.170                   │
│rewards=0.486                          │                                       │                                      │
│                                                                                                                      │
├─────────────────────────────────────────────────── Training/Actor ───────────────────────────────────────────────────┤
│                                                                                                                      │
│actor/approx_kl=0.010                  │actor/clip_fraction=0.095              │actor/clipped_ratio=0.996             │
│actor/dual_cliped_ratio=0.0000         │actor/entropy_loss=0.0000              │actor/grad_norm=43.183                │
│actor/lr=3.00e-04                      │actor/policy_loss=-0.031               │actor/policy_loss_abs=0.774           │
│actor/ratio=0.999                      │actor/ratio_abs=0.100                  │actor/total_loss=6.436                │
│                                                                                                                      │
├────────────────────────────────────────────────── Training/Critic ───────────────────────────────────────────────────┤
│                                                                                                                      │
│critic/explained_variance=0.847        │critic/lr=3.00e-04                     │critic/value_clip_ratio=0.490         │
│critic/value_loss=25.774               │                                       │                                      │
│                                                                                                                      │
╰──────────────────────────────────────────────────────────────────────────────────────────────────────────────────────╯


╭──────────────────────────────────────────────────────────────────────────────────────────────────────────────────────╮
├──────────────────────────────────────────────────── Metric Table ────────────────────────────────────────────────────┤
│ Global Step:   70/100 │ Progress: ████████████████████████████░░░░░░░░░░░░ │  70.0%                                  │
│ Elapsed: 45:06 │ ETA: 19:20 │ Step Time: 38.668s                                                                     │
├──────────────────────────────────────────────────────── Time ────────────────────────────────────────────────────────┤
│                                                                                                                      │
│actor/actor/compute_adv=0.0075         │actor/actor/recv_traj=20.262           │actor/actor/sync_model_to_rollout=0.0…│
│actor/run_training=0.602               │actor_training=0.604                   │cal_adv_and_returns=0.0092            │
│env/env/bootstrap_step=2.28e-04        │env/env_interact_step=15.651           │env/interact=20.255                   │
│env/run_interact_once=20.255           │generate_rollouts=20.270               │rollout/generate_one_epoch=20.256     │
│rollout/predict=0.251                  │rollout/rollout/generate=20.256        │rollout/sync_model_from_actor=0.120   │
│step=21.005                            │sync_weights=0.121                     │                                      │
│                                                                                                                      │
├──────────────────────────────────────────────────── Environment ─────────────────────────────────────────────────────┤
│                                                                                                                      │
│num_trajectories=0                     │                                       │                                      │
│                                                                                                                      │
├────────────────────────────────────────────────────── Rollout ───────────────────────────────────────────────────────┤
│                                                                                                                      │
│advantages_max=4.473                   │advantages_mean=3.73e-09               │advantages_min=-4.262                 │
│returns_max=51.569                     │returns_mean=24.233                    │returns_min=-35.269                   │
│rewards=0.315                          │                                       │                                      │
│                                                                                                                      │
├─────────────────────────────────────────────────── Training/Actor ───────────────────────────────────────────────────┤
│                                                                                                                      │
│actor/approx_kl=0.0097                 │actor/clip_fraction=0.113              │actor/clipped_ratio=0.997             │
│actor/dual_cliped_ratio=0.0000         │actor/entropy_loss=0.0000              │actor/grad_norm=36.900                │
│actor/lr=3.00e-04                      │actor/policy_loss=-0.032               │actor/policy_loss_abs=0.775           │
│actor/ratio=1.001                      │actor/ratio_abs=0.106                  │actor/total_loss=4.939                │
│                                                                                                                      │
├────────────────────────────────────────────────── Training/Critic ───────────────────────────────────────────────────┤
│                                                                                                                      │
│critic/explained_variance=0.911        │critic/lr=3.00e-04                     │critic/value_clip_ratio=0.193         │
│critic/value_loss=19.787               │                                       │                                      │
│                                                                                                                      │
╰──────────────────────────────────────────────────────────────────────────────────────────────────────────────────────╯


╭──────────────────────────────────────────────────────────────────────────────────────────────────────────────────────╮
├──────────────────────────────────────────────────── Metric Table ────────────────────────────────────────────────────┤
│ Global Step:   71/100 │ Progress: ████████████████████████████░░░░░░░░░░░░ │  71.0%                                  │
│ Elapsed: 45:28 │ ETA: 18:34 │ Step Time: 38.428s                                                                     │
├──────────────────────────────────────────────────────── Time ────────────────────────────────────────────────────────┤
│                                                                                                                      │
│actor/actor/compute_adv=0.0087         │actor/actor/recv_traj=20.859           │actor/actor/sync_model_to_rollout=0.0…│
│actor/run_training=0.604               │actor_training=0.607                   │cal_adv_and_returns=0.011             │
│env/env/bootstrap_step=3.96e-04        │env/env_interact_step=16.004           │env/interact=20.843                   │
│env/run_interact_once=20.843           │generate_rollouts=20.867               │rollout/generate_one_epoch=20.840     │
│rollout/predict=0.252                  │rollout/rollout/generate=20.842        │rollout/sync_model_from_actor=0.116   │
│step=21.602                            │sync_weights=0.117                     │                                      │
│                                                                                                                      │
├──────────────────────────────────────────────────── Environment ─────────────────────────────────────────────────────┤
│                                                                                                                      │
│episode_len=1000.0                     │num_trajectories=16                    │return=394.58536                      │
│reward=0.39458534                      │                                       │                                      │
│                                                                                                                      │
├────────────────────────────────────────────────────── Rollout ───────────────────────────────────────────────────────┤
│                                                                                                                      │
│advantages_max=4.118                   │advantages_mean=-1.12e-08              │advantages_min=-3.387                 │
│returns_max=55.280                     │returns_mean=29.474                    │returns_min=-33.860                   │
│rewards=0.437                          │                                       │                                      │
│                                                                                                                      │
├─────────────────────────────────────────────────── Training/Actor ───────────────────────────────────────────────────┤
│                                                                                                                      │
│actor/approx_kl=0.013                  │actor/clip_fraction=0.108              │actor/clipped_ratio=0.995             │
│actor/dual_cliped_ratio=0.0000         │actor/entropy_loss=0.0000              │actor/grad_norm=45.256                │
│actor/lr=3.00e-04                      │actor/policy_loss=-0.031               │actor/policy_loss_abs=0.786           │
│actor/ratio=0.997                      │actor/ratio_abs=0.103                  │actor/total_loss=5.978                │
│                                                                                                                      │
├────────────────────────────────────────────────── Training/Critic ───────────────────────────────────────────────────┤
│                                                                                                                      │
│critic/explained_variance=0.789        │critic/lr=3.00e-04                     │critic/value_clip_ratio=0.201         │
│critic/value_loss=23.944               │                                       │                                      │
│                                                                                                                      │
╰──────────────────────────────────────────────────────────────────────────────────────────────────────────────────────╯


╭──────────────────────────────────────────────────────────────────────────────────────────────────────────────────────╮
├──────────────────────────────────────────────────── Metric Table ────────────────────────────────────────────────────┤
│ Global Step:   72/100 │ Progress: ████████████████████████████░░░░░░░░░░░░ │  72.0%                                  │
│ Elapsed: 45:49 │ ETA: 17:49 │ Step Time: 38.189s                                                                     │
├──────────────────────────────────────────────────────── Time ────────────────────────────────────────────────────────┤
│                                                                                                                      │
│actor/actor/compute_adv=0.011          │actor/actor/recv_traj=20.378           │actor/actor/sync_model_to_rollout=0.0…│
│actor/run_training=0.673               │actor_training=0.675                   │cal_adv_and_returns=0.013             │
│env/env/bootstrap_step=2.27e-04        │env/env_interact_step=15.805           │env/interact=20.362                   │
│env/run_interact_once=20.362           │generate_rollouts=20.391               │rollout/generate_one_epoch=20.365     │
│rollout/predict=0.247                  │rollout/rollout/generate=20.366        │rollout/sync_model_from_actor=0.122   │
│step=21.203                            │sync_weights=0.123                     │                                      │
│                                                                                                                      │
├──────────────────────────────────────────────────── Environment ─────────────────────────────────────────────────────┤
│                                                                                                                      │
│num_trajectories=0                     │                                       │                                      │
│                                                                                                                      │
├────────────────────────────────────────────────────── Rollout ───────────────────────────────────────────────────────┤
│                                                                                                                      │
│advantages_max=4.058                   │advantages_mean=-3.73e-08              │advantages_min=-3.657                 │
│returns_max=59.537                     │returns_mean=35.941                    │returns_min=5.965                     │
│rewards=0.550                          │                                       │                                      │
│                                                                                                                      │
├─────────────────────────────────────────────────── Training/Actor ───────────────────────────────────────────────────┤
│                                                                                                                      │
│actor/approx_kl=0.0090                 │actor/clip_fraction=0.099              │actor/clipped_ratio=0.997             │
│actor/dual_cliped_ratio=0.0000         │actor/entropy_loss=0.0000              │actor/grad_norm=52.075                │
│actor/lr=3.00e-04                      │actor/policy_loss=-0.029               │actor/policy_loss_abs=0.791           │
│actor/ratio=1.001                      │actor/ratio_abs=0.103                  │actor/total_loss=6.229                │
│                                                                                                                      │
├────────────────────────────────────────────────── Training/Critic ───────────────────────────────────────────────────┤
│                                                                                                                      │
│critic/explained_variance=0.445        │critic/lr=3.00e-04                     │critic/value_clip_ratio=0.431         │
│critic/value_loss=24.944               │                                       │                                      │
│                                                                                                                      │
╰──────────────────────────────────────────────────────────────────────────────────────────────────────────────────────╯


╭──────────────────────────────────────────────────────────────────────────────────────────────────────────────────────╮
├──────────────────────────────────────────────────── Metric Table ────────────────────────────────────────────────────┤
│ Global Step:   73/100 │ Progress: █████████████████████████████░░░░░░░░░░░ │  73.0%                                  │
│ Elapsed: 46:10 │ ETA: 17:04 │ Step Time: 37.956s                                                                     │
├──────────────────────────────────────────────────────── Time ────────────────────────────────────────────────────────┤
│                                                                                                                      │
│actor/actor/compute_adv=0.0098         │actor/actor/recv_traj=20.430           │actor/actor/sync_model_to_rollout=0.0…│
│actor/run_training=0.622               │actor_training=0.625                   │cal_adv_and_returns=0.011             │
│env/env/bootstrap_step=2.34e-04        │env/env_interact_step=15.963           │env/interact=20.413                   │
│env/run_interact_once=20.413           │generate_rollouts=20.443               │rollout/generate_one_epoch=20.415     │
│rollout/predict=0.278                  │rollout/rollout/generate=20.415        │rollout/sync_model_from_actor=0.127   │
│step=21.209                            │sync_weights=0.129                     │                                      │
│                                                                                                                      │
├──────────────────────────────────────────────────── Environment ─────────────────────────────────────────────────────┤
│                                                                                                                      │
│num_trajectories=0                     │                                       │                                      │
│                                                                                                                      │
├────────────────────────────────────────────────────── Rollout ───────────────────────────────────────────────────────┤
│                                                                                                                      │
│advantages_max=2.950                   │advantages_mean=-3.73e-08              │advantages_min=-4.467                 │
│returns_max=62.233                     │returns_mean=27.601                    │returns_min=-36.560                   │
│rewards=0.394                          │                                       │                                      │
│                                                                                                                      │
├─────────────────────────────────────────────────── Training/Actor ───────────────────────────────────────────────────┤
│                                                                                                                      │
│actor/approx_kl=0.0096                 │actor/clip_fraction=0.122              │actor/clipped_ratio=0.996             │
│actor/dual_cliped_ratio=0.0000         │actor/entropy_loss=0.0000              │actor/grad_norm=40.443                │
│actor/lr=3.00e-04                      │actor/policy_loss=-0.034               │actor/policy_loss_abs=0.779           │
│actor/ratio=1.002                      │actor/ratio_abs=0.111                  │actor/total_loss=6.199                │
│                                                                                                                      │
├────────────────────────────────────────────────── Training/Critic ───────────────────────────────────────────────────┤
│                                                                                                                      │
│critic/explained_variance=0.903        │critic/lr=3.00e-04                     │critic/value_clip_ratio=0.289         │
│critic/value_loss=24.830               │                                       │                                      │
│                                                                                                                      │
╰──────────────────────────────────────────────────────────────────────────────────────────────────────────────────────╯


╭──────────────────────────────────────────────────────────────────────────────────────────────────────────────────────╮
├──────────────────────────────────────────────────── Metric Table ────────────────────────────────────────────────────┤
│ Global Step:   74/100 │ Progress: █████████████████████████████░░░░░░░░░░░ │  74.0%                                  │
│ Elapsed: 46:31 │ ETA: 16:20 │ Step Time: 37.722s                                                                     │
├──────────────────────────────────────────────────────── Time ────────────────────────────────────────────────────────┤
│                                                                                                                      │
│actor/actor/compute_adv=0.0078         │actor/actor/recv_traj=19.809           │actor/actor/sync_model_to_rollout=0.0…│
│actor/run_training=0.616               │actor_training=0.618                   │cal_adv_and_returns=0.0093            │
│env/env/bootstrap_step=3.74e-04        │env/env_interact_step=15.200           │env/interact=19.797                   │
│env/run_interact_once=19.797           │generate_rollouts=19.819               │rollout/generate_one_epoch=19.798     │
│rollout/predict=0.257                  │rollout/rollout/generate=19.798        │rollout/sync_model_from_actor=0.126   │
│step=20.574                            │sync_weights=0.128                     │                                      │
│                                                                                                                      │
├──────────────────────────────────────────────────── Environment ─────────────────────────────────────────────────────┤
│                                                                                                                      │
│num_trajectories=0                     │                                       │                                      │
│                                                                                                                      │
├────────────────────────────────────────────────────── Rollout ───────────────────────────────────────────────────────┤
│                                                                                                                      │
│advantages_max=3.346                   │advantages_mean=2.98e-08               │advantages_min=-5.369                 │
│returns_max=60.273                     │returns_mean=26.436                    │returns_min=-39.290                   │
│rewards=0.366                          │                                       │                                      │
│                                                                                                                      │
├─────────────────────────────────────────────────── Training/Actor ───────────────────────────────────────────────────┤
│                                                                                                                      │
│actor/approx_kl=0.014                  │actor/clip_fraction=0.117              │actor/clipped_ratio=0.994             │
│actor/dual_cliped_ratio=0.0000         │actor/entropy_loss=0.0000              │actor/grad_norm=41.815                │
│actor/lr=3.00e-04                      │actor/policy_loss=-0.034               │actor/policy_loss_abs=0.760           │
│actor/ratio=0.997                      │actor/ratio_abs=0.108                  │actor/total_loss=5.596                │
│                                                                                                                      │
├────────────────────────────────────────────────── Training/Critic ───────────────────────────────────────────────────┤
│                                                                                                                      │
│critic/explained_variance=0.927        │critic/lr=3.00e-04                     │critic/value_clip_ratio=0.298         │
│critic/value_loss=22.418               │                                       │                                      │
│                                                                                                                      │
╰──────────────────────────────────────────────────────────────────────────────────────────────────────────────────────╯


╭──────────────────────────────────────────────────────────────────────────────────────────────────────────────────────╮
├──────────────────────────────────────────────────── Metric Table ────────────────────────────────────────────────────┤
│ Global Step:   75/100 │ Progress: ██████████████████████████████░░░░░░░░░░ │  75.0%                                  │
│ Elapsed: 46:52 │ ETA: 15:37 │ Step Time: 37.498s                                                                     │
├──────────────────────────────────────────────────────── Time ────────────────────────────────────────────────────────┤
│                                                                                                                      │
│actor/actor/compute_adv=0.0064         │actor/actor/recv_traj=20.136           │actor/actor/sync_model_to_rollout=0.0…│
│actor/run_training=0.631               │actor_training=0.632                   │cal_adv_and_returns=0.0076            │
│env/env/bootstrap_step=3.39e-04        │env/env_interact_step=15.528           │env/interact=20.125                   │
│env/run_interact_once=20.125           │generate_rollouts=20.145               │rollout/generate_one_epoch=20.127     │
│rollout/predict=0.248                  │rollout/rollout/generate=20.128        │rollout/sync_model_from_actor=0.117   │
│step=20.905                            │sync_weights=0.119                     │                                      │
│                                                                                                                      │
├──────────────────────────────────────────────────── Environment ─────────────────────────────────────────────────────┤
│                                                                                                                      │
│episode_len=1000.0                     │num_trajectories=16                    │return=416.2553                       │
│reward=0.4162553                       │                                       │                                      │
│                                                                                                                      │
├────────────────────────────────────────────────────── Rollout ───────────────────────────────────────────────────────┤
│                                                                                                                      │
│advantages_max=3.354                   │advantages_mean=1.12e-08               │advantages_min=-4.100                 │
│returns_max=59.559                     │returns_mean=33.493                    │returns_min=-37.447                   │
│rewards=0.483                          │                                       │                                      │
│                                                                                                                      │
├─────────────────────────────────────────────────── Training/Actor ───────────────────────────────────────────────────┤
│                                                                                                                      │
│actor/approx_kl=0.012                  │actor/clip_fraction=0.113              │actor/clipped_ratio=0.995             │
│actor/dual_cliped_ratio=0.0000         │actor/entropy_loss=0.0000              │actor/grad_norm=43.511                │
│actor/lr=3.00e-04                      │actor/policy_loss=-0.032               │actor/policy_loss_abs=0.783           │
│actor/ratio=0.998                      │actor/ratio_abs=0.106                  │actor/total_loss=5.570                │
│                                                                                                                      │
├────────────────────────────────────────────────── Training/Critic ───────────────────────────────────────────────────┤
│                                                                                                                      │
│critic/explained_variance=0.839        │critic/lr=3.00e-04                     │critic/value_clip_ratio=0.305         │
│critic/value_loss=22.311               │                                       │                                      │
│                                                                                                                      │
╰──────────────────────────────────────────────────────────────────────────────────────────────────────────────────────╯


╭──────────────────────────────────────────────────────────────────────────────────────────────────────────────────────╮
├──────────────────────────────────────────────────── Metric Table ────────────────────────────────────────────────────┤
│ Global Step:   76/100 │ Progress: ██████████████████████████████░░░░░░░░░░ │  76.0%                                  │
│ Elapsed: 47:13 │ ETA: 14:54 │ Step Time: 37.278s                                                                     │
├──────────────────────────────────────────────────────── Time ────────────────────────────────────────────────────────┤
│                                                                                                                      │
│actor/actor/compute_adv=0.0064         │actor/actor/recv_traj=20.051           │actor/actor/sync_model_to_rollout=0.0…│
│actor/run_training=0.621               │actor_training=0.624                   │cal_adv_and_returns=0.0097            │
│env/env/bootstrap_step=5.15e-04        │env/env_interact_step=15.379           │env/interact=20.034                   │
│env/run_interact_once=20.034           │generate_rollouts=20.062               │rollout/generate_one_epoch=20.038     │
│rollout/predict=0.256                  │rollout/rollout/generate=20.039        │rollout/sync_model_from_actor=0.124   │
│step=20.822                            │sync_weights=0.127                     │                                      │
│                                                                                                                      │
├──────────────────────────────────────────────────── Environment ─────────────────────────────────────────────────────┤
│                                                                                                                      │
│num_trajectories=0                     │                                       │                                      │
│                                                                                                                      │
├────────────────────────────────────────────────────── Rollout ───────────────────────────────────────────────────────┤
│                                                                                                                      │
│advantages_max=5.370                   │advantages_mean=4.47e-08               │advantages_min=-4.511                 │
│returns_max=61.223                     │returns_mean=38.398                    │returns_min=0.669                     │
│rewards=0.541                          │                                       │                                      │
│                                                                                                                      │
├─────────────────────────────────────────────────── Training/Actor ───────────────────────────────────────────────────┤
│                                                                                                                      │
│actor/approx_kl=0.0069                 │actor/clip_fraction=0.094              │actor/clipped_ratio=0.999             │
│actor/dual_cliped_ratio=0.0000         │actor/entropy_loss=0.0000              │actor/grad_norm=51.161                │
│actor/lr=3.00e-04                      │actor/policy_loss=-0.027               │actor/policy_loss_abs=0.778           │
│actor/ratio=1.002                      │actor/ratio_abs=0.099                  │actor/total_loss=6.735                │
│                                                                                                                      │
├────────────────────────────────────────────────── Training/Critic ───────────────────────────────────────────────────┤
│                                                                                                                      │
│critic/explained_variance=0.491        │critic/lr=3.00e-04                     │critic/value_clip_ratio=0.333         │
│critic/value_loss=26.967               │                                       │                                      │
│                                                                                                                      │
╰──────────────────────────────────────────────────────────────────────────────────────────────────────────────────────╯


╭──────────────────────────────────────────────────────────────────────────────────────────────────────────────────────╮
├──────────────────────────────────────────────────── Metric Table ────────────────────────────────────────────────────┤
│ Global Step:   77/100 │ Progress: ██████████████████████████████░░░░░░░░░░ │  77.0%                                  │
│ Elapsed: 47:33 │ ETA: 14:12 │ Step Time: 37.056s                                                                     │
├──────────────────────────────────────────────────────── Time ────────────────────────────────────────────────────────┤
│                                                                                                                      │
│actor/actor/compute_adv=0.0062         │actor/actor/recv_traj=19.366           │actor/actor/sync_model_to_rollout=0.0…│
│actor/run_training=0.622               │actor_training=0.625                   │cal_adv_and_returns=0.0079            │
│env/env/bootstrap_step=9.33e-04        │env/env_interact_step=15.162           │env/interact=19.351                   │
│env/run_interact_once=19.351           │generate_rollouts=19.375               │rollout/generate_one_epoch=19.355     │
│rollout/predict=0.280                  │rollout/rollout/generate=19.356        │rollout/sync_model_from_actor=0.122   │
│step=20.132                            │sync_weights=0.124                     │                                      │
│                                                                                                                      │
├──────────────────────────────────────────────────── Environment ─────────────────────────────────────────────────────┤
│                                                                                                                      │
│num_trajectories=0                     │                                       │                                      │
│                                                                                                                      │
├────────────────────────────────────────────────────── Rollout ───────────────────────────────────────────────────────┤
│                                                                                                                      │
│advantages_max=3.850                   │advantages_mean=7.45e-09               │advantages_min=-5.440                 │
│returns_max=60.986                     │returns_mean=30.377                    │returns_min=-38.503                   │
│rewards=0.414                          │                                       │                                      │
│                                                                                                                      │
├─────────────────────────────────────────────────── Training/Actor ───────────────────────────────────────────────────┤
│                                                                                                                      │
│actor/approx_kl=0.012                  │actor/clip_fraction=0.127              │actor/clipped_ratio=0.995             │
│actor/dual_cliped_ratio=0.0000         │actor/entropy_loss=0.0000              │actor/grad_norm=42.717                │
│actor/lr=3.00e-04                      │actor/policy_loss=-0.034               │actor/policy_loss_abs=0.750           │
│actor/ratio=0.999                      │actor/ratio_abs=0.113                  │actor/total_loss=5.261                │
│                                                                                                                      │
├────────────────────────────────────────────────── Training/Critic ───────────────────────────────────────────────────┤
│                                                                                                                      │
│critic/explained_variance=0.926        │critic/lr=3.00e-04                     │critic/value_clip_ratio=0.264         │
│critic/value_loss=21.078               │                                       │                                      │
│                                                                                                                      │
╰──────────────────────────────────────────────────────────────────────────────────────────────────────────────────────╯


╭──────────────────────────────────────────────────────────────────────────────────────────────────────────────────────╮
├──────────────────────────────────────────────────── Metric Table ────────────────────────────────────────────────────┤
│ Global Step:   78/100 │ Progress: ███████████████████████████████░░░░░░░░░ │  78.0%                                  │
│ Elapsed: 47:54 │ ETA: 13:30 │ Step Time: 36.848s                                                                     │
├──────────────────────────────────────────────────────── Time ────────────────────────────────────────────────────────┤
│                                                                                                                      │
│actor/actor/compute_adv=0.0064         │actor/actor/recv_traj=20.113           │actor/actor/sync_model_to_rollout=0.0…│
│actor/run_training=0.603               │actor_training=0.605                   │cal_adv_and_returns=0.0091            │
│env/env/bootstrap_step=3.40e-04        │env/env_interact_step=15.710           │env/interact=20.098                   │
│env/run_interact_once=20.098           │generate_rollouts=20.121               │rollout/generate_one_epoch=20.101     │
│rollout/predict=0.240                  │rollout/rollout/generate=20.101        │rollout/sync_model_from_actor=0.118   │
│step=20.857                            │sync_weights=0.120                     │                                      │
│                                                                                                                      │
├──────────────────────────────────────────────────── Environment ─────────────────────────────────────────────────────┤
│                                                                                                                      │
│num_trajectories=0                     │                                       │                                      │
│                                                                                                                      │
├────────────────────────────────────────────────────── Rollout ───────────────────────────────────────────────────────┤
│                                                                                                                      │
│advantages_max=3.395                   │advantages_mean=5.59e-09               │advantages_min=-3.551                 │
│returns_max=65.553                     │returns_mean=31.805                    │returns_min=-41.282                   │
│rewards=0.466                          │                                       │                                      │
│                                                                                                                      │
├─────────────────────────────────────────────────── Training/Actor ───────────────────────────────────────────────────┤
│                                                                                                                      │
│actor/approx_kl=0.013                  │actor/clip_fraction=0.132              │actor/clipped_ratio=0.995             │
│actor/dual_cliped_ratio=0.0000         │actor/entropy_loss=0.0000              │actor/grad_norm=40.705                │
│actor/lr=3.00e-04                      │actor/policy_loss=-0.034               │actor/policy_loss_abs=0.782           │
│actor/ratio=1.000                      │actor/ratio_abs=0.116                  │actor/total_loss=5.996                │
│                                                                                                                      │
├────────────────────────────────────────────────── Training/Critic ───────────────────────────────────────────────────┤
│                                                                                                                      │
│critic/explained_variance=0.936        │critic/lr=3.00e-04                     │critic/value_clip_ratio=0.390         │
│critic/value_loss=24.019               │                                       │                                      │
│                                                                                                                      │
╰──────────────────────────────────────────────────────────────────────────────────────────────────────────────────────╯


╭──────────────────────────────────────────────────────────────────────────────────────────────────────────────────────╮
├──────────────────────────────────────────────────── Metric Table ────────────────────────────────────────────────────┤
│ Global Step:   79/100 │ Progress: ███████████████████████████████░░░░░░░░░ │  79.0%                                  │
│ Elapsed: 48:15 │ ETA: 12:49 │ Step Time: 36.655s                                                                     │
├──────────────────────────────────────────────────────── Time ────────────────────────────────────────────────────────┤
│                                                                                                                      │
│actor/actor/compute_adv=0.0065         │actor/actor/recv_traj=20.852           │actor/actor/sync_model_to_rollout=0.0…│
│actor/run_training=0.598               │actor_training=0.601                   │cal_adv_and_returns=0.0083            │
│env/env/bootstrap_step=0.0017          │env/env_interact_step=15.770           │env/interact=20.831                   │
│env/run_interact_once=20.831           │generate_rollouts=20.862               │rollout/generate_one_epoch=20.835     │
│rollout/predict=0.246                  │rollout/rollout/generate=20.836        │rollout/sync_model_from_actor=0.121   │
│step=21.594                            │sync_weights=0.123                     │                                      │
│                                                                                                                      │
├──────────────────────────────────────────────────── Environment ─────────────────────────────────────────────────────┤
│                                                                                                                      │
│episode_len=1000.0                     │num_trajectories=16                    │return=460.39285                      │
│reward=0.4603928                       │                                       │                                      │
│                                                                                                                      │
├────────────────────────────────────────────────────── Rollout ───────────────────────────────────────────────────────┤
│                                                                                                                      │
│advantages_max=2.651                   │advantages_mean=3.73e-09               │advantages_min=-4.341                 │
│returns_max=60.206                     │returns_mean=36.185                    │returns_min=-38.167                   │
│rewards=0.487                          │                                       │                                      │
│                                                                                                                      │
├─────────────────────────────────────────────────── Training/Actor ───────────────────────────────────────────────────┤
│                                                                                                                      │
│actor/approx_kl=0.0097                 │actor/clip_fraction=0.118              │actor/clipped_ratio=0.997             │
│actor/dual_cliped_ratio=0.0000         │actor/entropy_loss=0.0000              │actor/grad_norm=52.234                │
│actor/lr=3.00e-04                      │actor/policy_loss=-0.030               │actor/policy_loss_abs=0.780           │
│actor/ratio=1.002                      │actor/ratio_abs=0.111                  │actor/total_loss=6.302                │
│                                                                                                                      │
├────────────────────────────────────────────────── Training/Critic ───────────────────────────────────────────────────┤
│                                                                                                                      │
│critic/explained_variance=0.735        │critic/lr=3.00e-04                     │critic/value_clip_ratio=0.161         │
│critic/value_loss=25.240               │                                       │                                      │
│                                                                                                                      │
╰──────────────────────────────────────────────────────────────────────────────────────────────────────────────────────╯


╭──────────────────────────────────────────────────────────────────────────────────────────────────────────────────────╮
├──────────────────────────────────────────────────── Metric Table ────────────────────────────────────────────────────┤
│ Global Step:   80/100 │ Progress: ████████████████████████████████░░░░░░░░ │  80.0%                                  │
│ Elapsed: 48:37 │ ETA: 12:09 │ Step Time: 36.469s                                                                     │
├──────────────────────────────────────────────────────── Time ────────────────────────────────────────────────────────┤
│                                                                                                                      │
│actor/actor/compute_adv=0.0072         │actor/actor/recv_traj=20.791           │actor/actor/sync_model_to_rollout=0.0…│
│actor/run_training=0.674               │actor_training=0.675                   │cal_adv_and_returns=0.0099            │
│env/env/bootstrap_step=3.47e-04        │env/env_interact_step=16.346           │env/interact=20.776                   │
│env/run_interact_once=20.776           │generate_rollouts=20.805               │rollout/generate_one_epoch=20.779     │
│rollout/predict=0.246                  │rollout/rollout/generate=20.780        │rollout/sync_model_from_actor=0.125   │
│step=21.769                            │sync_weights=0.127                     │                                      │
│                                                                                                                      │
├──────────────────────────────────────────────────── Environment ─────────────────────────────────────────────────────┤
│                                                                                                                      │
│num_trajectories=0                     │                                       │                                      │
│                                                                                                                      │
├────────────────────────────────────────────────────── Rollout ───────────────────────────────────────────────────────┤
│                                                                                                                      │
│advantages_max=3.165                   │advantages_mean=3.73e-08               │advantages_min=-4.354                 │
│returns_max=66.035                     │returns_mean=41.334                    │returns_min=-5.211                    │
│rewards=0.517                          │                                       │                                      │
│                                                                                                                      │
├─────────────────────────────────────────────────── Training/Actor ───────────────────────────────────────────────────┤
│                                                                                                                      │
│actor/approx_kl=0.012                  │actor/clip_fraction=0.111              │actor/clipped_ratio=0.995             │
│actor/dual_cliped_ratio=0.0000         │actor/entropy_loss=0.0000              │actor/grad_norm=47.521                │
│actor/lr=3.00e-04                      │actor/policy_loss=-0.030               │actor/policy_loss_abs=0.771           │
│actor/ratio=0.999                      │actor/ratio_abs=0.107                  │actor/total_loss=7.401                │
│                                                                                                                      │
├────────────────────────────────────────────────── Training/Critic ───────────────────────────────────────────────────┤
│                                                                                                                      │
│critic/explained_variance=0.540        │critic/lr=3.00e-04                     │critic/value_clip_ratio=0.356         │
│critic/value_loss=29.632               │                                       │                                      │
│                                                                                                                      │
╰──────────────────────────────────────────────────────────────────────────────────────────────────────────────────────╯


╭──────────────────────────────────────────────────────────────────────────────────────────────────────────────────────╮
├──────────────────────────────────────────────────── Metric Table ────────────────────────────────────────────────────┤
│ Global Step:   81/100 │ Progress: ████████████████████████████████░░░░░░░░ │  81.0%                                  │
│ Elapsed: 48:58 │ ETA: 11:29 │ Step Time: 36.280s                                                                     │
├──────────────────────────────────────────────────────── Time ────────────────────────────────────────────────────────┤
│                                                                                                                      │
│actor/actor/compute_adv=0.0062         │actor/actor/recv_traj=20.308           │actor/actor/sync_model_to_rollout=0.0…│
│actor/run_training=0.626               │actor_training=0.630                   │cal_adv_and_returns=0.0081            │
│env/env/bootstrap_step=2.34e-04        │env/env_interact_step=15.656           │env/interact=20.296                   │
│env/run_interact_once=20.296           │generate_rollouts=20.323               │rollout/generate_one_epoch=20.301     │
│rollout/predict=0.270                  │rollout/rollout/generate=20.301        │rollout/sync_model_from_actor=0.127   │
│step=21.088                            │sync_weights=0.128                     │                                      │
│                                                                                                                      │
├──────────────────────────────────────────────────── Environment ─────────────────────────────────────────────────────┤
│                                                                                                                      │
│num_trajectories=0                     │                                       │                                      │
│                                                                                                                      │
├────────────────────────────────────────────────────── Rollout ───────────────────────────────────────────────────────┤
│                                                                                                                      │
│advantages_max=3.255                   │advantages_mean=-3.73e-08              │advantages_min=-4.312                 │
│returns_max=62.746                     │returns_mean=41.447                    │returns_min=2.661                     │
│rewards=0.528                          │                                       │                                      │
│                                                                                                                      │
├─────────────────────────────────────────────────── Training/Actor ───────────────────────────────────────────────────┤
│                                                                                                                      │
│actor/approx_kl=0.011                  │actor/clip_fraction=0.115              │actor/clipped_ratio=0.996             │
│actor/dual_cliped_ratio=0.0000         │actor/entropy_loss=0.0000              │actor/grad_norm=45.183                │
│actor/lr=3.00e-04                      │actor/policy_loss=-0.032               │actor/policy_loss_abs=0.785           │
│actor/ratio=1.000                      │actor/ratio_abs=0.108                  │actor/total_loss=6.344                │
│                                                                                                                      │
├────────────────────────────────────────────────── Training/Critic ───────────────────────────────────────────────────┤
│                                                                                                                      │
│critic/explained_variance=0.492        │critic/lr=3.00e-04                     │critic/value_clip_ratio=0.243         │
│critic/value_loss=25.407               │                                       │                                      │
│                                                                                                                      │
╰──────────────────────────────────────────────────────────────────────────────────────────────────────────────────────╯


╭──────────────────────────────────────────────────────────────────────────────────────────────────────────────────────╮
├──────────────────────────────────────────────────── Metric Table ────────────────────────────────────────────────────┤
│ Global Step:   82/100 │ Progress: ████████████████████████████████░░░░░░░░ │  82.0%                                  │
│ Elapsed: 49:19 │ ETA: 10:49 │ Step Time: 36.093s                                                                     │
├──────────────────────────────────────────────────────── Time ────────────────────────────────────────────────────────┤
│                                                                                                                      │
│actor/actor/compute_adv=0.0062         │actor/actor/recv_traj=20.199           │actor/actor/sync_model_to_rollout=0.0…│
│actor/run_training=0.616               │actor_training=0.618                   │cal_adv_and_returns=0.0078            │
│env/env/bootstrap_step=2.92e-04        │env/env_interact_step=15.488           │env/interact=20.174                   │
│env/run_interact_once=20.174           │generate_rollouts=20.211               │rollout/generate_one_epoch=20.185     │
│rollout/predict=0.281                  │rollout/rollout/generate=20.186        │rollout/sync_model_from_actor=0.119   │
│step=20.959                            │sync_weights=0.121                     │                                      │
│                                                                                                                      │
├──────────────────────────────────────────────────── Environment ─────────────────────────────────────────────────────┤
│                                                                                                                      │
│num_trajectories=0                     │                                       │                                      │
│                                                                                                                      │
├────────────────────────────────────────────────────── Rollout ───────────────────────────────────────────────────────┤
│                                                                                                                      │
│advantages_max=3.091                   │advantages_mean=2.70e-08               │advantages_min=-5.744                 │
│returns_max=62.890                     │returns_mean=38.710                    │returns_min=-43.565                   │
│rewards=0.487                          │                                       │                                      │
│                                                                                                                      │
├─────────────────────────────────────────────────── Training/Actor ───────────────────────────────────────────────────┤
│                                                                                                                      │
│actor/approx_kl=0.011                  │actor/clip_fraction=0.109              │actor/clipped_ratio=0.996             │
│actor/dual_cliped_ratio=0.0000         │actor/entropy_loss=0.0000              │actor/grad_norm=56.583                │
│actor/lr=3.00e-04                      │actor/policy_loss=-0.030               │actor/policy_loss_abs=0.767           │
│actor/ratio=1.000                      │actor/ratio_abs=0.106                  │actor/total_loss=6.512                │
│                                                                                                                      │
├────────────────────────────────────────────────── Training/Critic ───────────────────────────────────────────────────┤
│                                                                                                                      │
│critic/explained_variance=0.842        │critic/lr=3.00e-04                     │critic/value_clip_ratio=0.253         │
│critic/value_loss=26.078               │                                       │                                      │
│                                                                                                                      │
╰──────────────────────────────────────────────────────────────────────────────────────────────────────────────────────╯


╭──────────────────────────────────────────────────────────────────────────────────────────────────────────────────────╮
├──────────────────────────────────────────────────── Metric Table ────────────────────────────────────────────────────┤
│ Global Step:   83/100 │ Progress: █████████████████████████████████░░░░░░░ │  83.0%                                  │
│ Elapsed: 49:40 │ ETA: 10:10 │ Step Time: 35.912s                                                                     │
├──────────────────────────────────────────────────────── Time ────────────────────────────────────────────────────────┤
│                                                                                                                      │
│actor/actor/compute_adv=0.0070         │actor/actor/recv_traj=20.256           │actor/actor/sync_model_to_rollout=0.0…│
│actor/run_training=0.614               │actor_training=0.615                   │cal_adv_and_returns=0.0095            │
│env/env/bootstrap_step=2.41e-04        │env/env_interact_step=15.533           │env/interact=20.252                   │
│env/run_interact_once=20.252           │generate_rollouts=20.269               │rollout/generate_one_epoch=20.249     │
│rollout/predict=0.262                  │rollout/rollout/generate=20.249        │rollout/sync_model_from_actor=0.126   │
│step=21.022                            │sync_weights=0.128                     │                                      │
│                                                                                                                      │
├──────────────────────────────────────────────────── Environment ─────────────────────────────────────────────────────┤
│                                                                                                                      │
│episode_len=1000.0                     │num_trajectories=16                    │return=481.86768                      │
│reward=0.48186773                      │                                       │                                      │
│                                                                                                                      │
├────────────────────────────────────────────────────── Rollout ───────────────────────────────────────────────────────┤
│                                                                                                                      │
│advantages_max=3.971                   │advantages_mean=1.30e-08               │advantages_min=-5.414                 │
│returns_max=68.509                     │returns_mean=40.984                    │returns_min=-43.906                   │
│rewards=0.661                          │                                       │                                      │
│                                                                                                                      │
├─────────────────────────────────────────────────── Training/Actor ───────────────────────────────────────────────────┤
│                                                                                                                      │
│actor/approx_kl=0.013                  │actor/clip_fraction=0.114              │actor/clipped_ratio=0.994             │
│actor/dual_cliped_ratio=0.0000         │actor/entropy_loss=0.0000              │actor/grad_norm=60.058                │
│actor/lr=3.00e-04                      │actor/policy_loss=-0.030               │actor/policy_loss_abs=0.771           │
│actor/ratio=0.998                      │actor/ratio_abs=0.109                  │actor/total_loss=7.204                │
│                                                                                                                      │
├────────────────────────────────────────────────── Training/Critic ───────────────────────────────────────────────────┤
│                                                                                                                      │
│critic/explained_variance=0.820        │critic/lr=3.00e-04                     │critic/value_clip_ratio=0.369         │
│critic/value_loss=28.844               │                                       │                                      │
│                                                                                                                      │
╰──────────────────────────────────────────────────────────────────────────────────────────────────────────────────────╯


╭──────────────────────────────────────────────────────────────────────────────────────────────────────────────────────╮
├──────────────────────────────────────────────────── Metric Table ────────────────────────────────────────────────────┤
│ Global Step:   84/100 │ Progress: █████████████████████████████████░░░░░░░ │  84.0%                                  │
│ Elapsed: 50:01 │ ETA: 09:31 │ Step Time: 35.733s                                                                     │
├──────────────────────────────────────────────────────── Time ────────────────────────────────────────────────────────┤
│                                                                                                                      │
│actor/actor/compute_adv=0.0063         │actor/actor/recv_traj=20.124           │actor/actor/sync_model_to_rollout=0.0…│
│actor/run_training=0.614               │actor_training=0.616                   │cal_adv_and_returns=0.0078            │
│env/env/bootstrap_step=2.31e-04        │env/env_interact_step=15.592           │env/interact=20.117                   │
│env/run_interact_once=20.117           │generate_rollouts=20.132               │rollout/generate_one_epoch=20.118     │
│rollout/predict=0.273                  │rollout/rollout/generate=20.118        │rollout/sync_model_from_actor=0.121   │
│step=20.879                            │sync_weights=0.123                     │                                      │
│                                                                                                                      │
├──────────────────────────────────────────────────── Environment ─────────────────────────────────────────────────────┤
│                                                                                                                      │
│num_trajectories=0                     │                                       │                                      │
│                                                                                                                      │
├────────────────────────────────────────────────────── Rollout ───────────────────────────────────────────────────────┤
│                                                                                                                      │
│advantages_max=2.983                   │advantages_mean=9.31e-10               │advantages_min=-5.366                 │
│returns_max=62.374                     │returns_mean=32.205                    │returns_min=-42.147                   │
│rewards=0.347                          │                                       │                                      │
│                                                                                                                      │
├─────────────────────────────────────────────────── Training/Actor ───────────────────────────────────────────────────┤
│                                                                                                                      │
│actor/approx_kl=0.010                  │actor/clip_fraction=0.118              │actor/clipped_ratio=0.997             │
│actor/dual_cliped_ratio=0.0000         │actor/entropy_loss=0.0000              │actor/grad_norm=45.577                │
│actor/lr=3.00e-04                      │actor/policy_loss=-0.033               │actor/policy_loss_abs=0.745           │
│actor/ratio=1.001                      │actor/ratio_abs=0.113                  │actor/total_loss=7.001                │
│                                                                                                                      │
├────────────────────────────────────────────────── Training/Critic ───────────────────────────────────────────────────┤
│                                                                                                                      │
│critic/explained_variance=0.910        │critic/lr=3.00e-04                     │critic/value_clip_ratio=0.096         │
│critic/value_loss=28.036               │                                       │                                      │
│                                                                                                                      │
╰──────────────────────────────────────────────────────────────────────────────────────────────────────────────────────╯


╭──────────────────────────────────────────────────────────────────────────────────────────────────────────────────────╮
├──────────────────────────────────────────────────── Metric Table ────────────────────────────────────────────────────┤
│ Global Step:   85/100 │ Progress: ██████████████████████████████████░░░░░░ │  85.0%                                  │
│ Elapsed: 50:22 │ ETA: 08:53 │ Step Time: 35.557s                                                                     │
├──────────────────────────────────────────────────────── Time ────────────────────────────────────────────────────────┤
│                                                                                                                      │
│actor/actor/compute_adv=0.0064         │actor/actor/recv_traj=19.997           │actor/actor/sync_model_to_rollout=0.0…│
│actor/run_training=0.615               │actor_training=0.617                   │cal_adv_and_returns=0.0078            │
│env/env/bootstrap_step=3.64e-04        │env/env_interact_step=15.454           │env/interact=19.981                   │
│env/run_interact_once=19.981           │generate_rollouts=20.010               │rollout/generate_one_epoch=19.983     │
│rollout/predict=0.247                  │rollout/rollout/generate=19.983        │rollout/sync_model_from_actor=0.128   │
│step=20.764                            │sync_weights=0.129                     │                                      │
│                                                                                                                      │
├──────────────────────────────────────────────────── Environment ─────────────────────────────────────────────────────┤
│                                                                                                                      │
│num_trajectories=0                     │                                       │                                      │
│                                                                                                                      │
├────────────────────────────────────────────────────── Rollout ───────────────────────────────────────────────────────┤
│                                                                                                                      │
│advantages_max=3.395                   │advantages_mean=-2.24e-08              │advantages_min=-5.953                 │
│returns_max=71.712                     │returns_mean=31.001                    │returns_min=-42.982                   │
│rewards=0.422                          │                                       │                                      │
│                                                                                                                      │
├─────────────────────────────────────────────────── Training/Actor ───────────────────────────────────────────────────┤
│                                                                                                                      │
│actor/approx_kl=0.013                  │actor/clip_fraction=0.127              │actor/clipped_ratio=0.995             │
│actor/dual_cliped_ratio=0.0000         │actor/entropy_loss=0.0000              │actor/grad_norm=42.946                │
│actor/lr=3.00e-04                      │actor/policy_loss=-0.034               │actor/policy_loss_abs=0.727           │
│actor/ratio=0.999                      │actor/ratio_abs=0.116                  │actor/total_loss=6.442                │
│                                                                                                                      │
├────────────────────────────────────────────────── Training/Critic ───────────────────────────────────────────────────┤
│                                                                                                                      │
│critic/explained_variance=0.947        │critic/lr=3.00e-04                     │critic/value_clip_ratio=0.286         │
│critic/value_loss=25.803               │                                       │                                      │
│                                                                                                                      │
╰──────────────────────────────────────────────────────────────────────────────────────────────────────────────────────╯


╭──────────────────────────────────────────────────────────────────────────────────────────────────────────────────────╮
├──────────────────────────────────────────────────── Metric Table ────────────────────────────────────────────────────┤
│ Global Step:   86/100 │ Progress: ██████████████████████████████████░░░░░░ │  86.0%                                  │
│ Elapsed: 50:42 │ ETA: 08:15 │ Step Time: 35.384s                                                                     │
├──────────────────────────────────────────────────────── Time ────────────────────────────────────────────────────────┤
│                                                                                                                      │
│actor/actor/compute_adv=0.0066         │actor/actor/recv_traj=19.916           │actor/actor/sync_model_to_rollout=0.0…│
│actor/run_training=0.597               │actor_training=0.599                   │cal_adv_and_returns=0.0081            │
│env/env/bootstrap_step=4.73e-04        │env/env_interact_step=15.429           │env/interact=19.902                   │
│env/run_interact_once=19.902           │generate_rollouts=19.924               │rollout/generate_one_epoch=19.902     │
│rollout/predict=0.272                  │rollout/rollout/generate=19.902        │rollout/sync_model_from_actor=0.121   │
│step=20.653                            │sync_weights=0.122                     │                                      │
│                                                                                                                      │
├──────────────────────────────────────────────────── Environment ─────────────────────────────────────────────────────┤
│                                                                                                                      │
│episode_len=1000.0                     │num_trajectories=16                    │return=419.54285                      │
│reward=0.41954282                      │                                       │                                      │
│                                                                                                                      │
├────────────────────────────────────────────────────── Rollout ───────────────────────────────────────────────────────┤
│                                                                                                                      │
│advantages_max=3.617                   │advantages_mean=1.68e-08               │advantages_min=-4.692                 │
│returns_max=71.250                     │returns_mean=30.179                    │returns_min=-44.525                   │
│rewards=0.469                          │                                       │                                      │
│                                                                                                                      │
├─────────────────────────────────────────────────── Training/Actor ───────────────────────────────────────────────────┤
│                                                                                                                      │
│actor/approx_kl=0.012                  │actor/clip_fraction=0.124              │actor/clipped_ratio=0.995             │
│actor/dual_cliped_ratio=0.0000         │actor/entropy_loss=0.0000              │actor/grad_norm=57.099                │
│actor/lr=3.00e-04                      │actor/policy_loss=-0.032               │actor/policy_loss_abs=0.768           │
│actor/ratio=1.000                      │actor/ratio_abs=0.113                  │actor/total_loss=5.918                │
│                                                                                                                      │
├────────────────────────────────────────────────── Training/Critic ───────────────────────────────────────────────────┤
│                                                                                                                      │
│critic/explained_variance=0.954        │critic/lr=3.00e-04                     │critic/value_clip_ratio=0.242         │
│critic/value_loss=23.705               │                                       │                                      │
│                                                                                                                      │
╰──────────────────────────────────────────────────────────────────────────────────────────────────────────────────────╯


╭──────────────────────────────────────────────────────────────────────────────────────────────────────────────────────╮
├──────────────────────────────────────────────────── Metric Table ────────────────────────────────────────────────────┤
│ Global Step:   87/100 │ Progress: ██████████████████████████████████░░░░░░ │  87.0%                                  │
│ Elapsed: 51:03 │ ETA: 07:37 │ Step Time: 35.214s                                                                     │
├──────────────────────────────────────────────────────── Time ────────────────────────────────────────────────────────┤
│                                                                                                                      │
│actor/actor/compute_adv=0.0063         │actor/actor/recv_traj=19.835           │actor/actor/sync_model_to_rollout=0.0…│
│actor/run_training=0.620               │actor_training=0.622                   │cal_adv_and_returns=0.0081            │
│env/env/bootstrap_step=2.33e-04        │env/env_interact_step=15.256           │env/interact=19.827                   │
│env/run_interact_once=19.827           │generate_rollouts=19.850               │rollout/generate_one_epoch=19.824     │
│rollout/predict=0.259                  │rollout/rollout/generate=19.825        │rollout/sync_model_from_actor=0.131   │
│step=20.613                            │sync_weights=0.133                     │                                      │
│                                                                                                                      │
├──────────────────────────────────────────────────── Environment ─────────────────────────────────────────────────────┤
│                                                                                                                      │
│num_trajectories=0                     │                                       │                                      │
│                                                                                                                      │
├────────────────────────────────────────────────────── Rollout ───────────────────────────────────────────────────────┤
│                                                                                                                      │
│advantages_max=3.262                   │advantages_mean=-1.86e-09              │advantages_min=-4.428                 │
│returns_max=69.886                     │returns_mean=45.493                    │returns_min=5.189                     │
│rewards=0.529                          │                                       │                                      │
│                                                                                                                      │
├─────────────────────────────────────────────────── Training/Actor ───────────────────────────────────────────────────┤
│                                                                                                                      │
│actor/approx_kl=0.0099                 │actor/clip_fraction=0.106              │actor/clipped_ratio=0.996             │
│actor/dual_cliped_ratio=0.0000         │actor/entropy_loss=0.0000              │actor/grad_norm=62.486                │
│actor/lr=3.00e-04                      │actor/policy_loss=-0.030               │actor/policy_loss_abs=0.770           │
│actor/ratio=1.000                      │actor/ratio_abs=0.104                  │actor/total_loss=7.186                │
│                                                                                                                      │
├────────────────────────────────────────────────── Training/Critic ───────────────────────────────────────────────────┤
│                                                                                                                      │
│critic/explained_variance=0.481        │critic/lr=3.00e-04                     │critic/value_clip_ratio=0.258         │
│critic/value_loss=28.773               │                                       │                                      │
│                                                                                                                      │
╰──────────────────────────────────────────────────────────────────────────────────────────────────────────────────────╯


╭──────────────────────────────────────────────────────────────────────────────────────────────────────────────────────╮
├──────────────────────────────────────────────────── Metric Table ────────────────────────────────────────────────────┤
│ Global Step:   88/100 │ Progress: ███████████████████████████████████░░░░░ │  88.0%                                  │
│ Elapsed: 51:24 │ ETA: 07:00 │ Step Time: 35.051s                                                                     │
├──────────────────────────────────────────────────────── Time ────────────────────────────────────────────────────────┤
│                                                                                                                      │
│actor/actor/compute_adv=0.0064         │actor/actor/recv_traj=20.057           │actor/actor/sync_model_to_rollout=0.0…│
│actor/run_training=0.642               │actor_training=0.645                   │cal_adv_and_returns=0.0078            │
│env/env/bootstrap_step=3.59e-04        │env/env_interact_step=15.668           │env/interact=20.046                   │
│env/run_interact_once=20.046           │generate_rollouts=20.070               │rollout/generate_one_epoch=20.048     │
│rollout/predict=0.256                  │rollout/rollout/generate=20.048        │rollout/sync_model_from_actor=0.123   │
│step=20.849                            │sync_weights=0.125                     │                                      │
│                                                                                                                      │
├──────────────────────────────────────────────────── Environment ─────────────────────────────────────────────────────┤
│                                                                                                                      │
│num_trajectories=0                     │                                       │                                      │
│                                                                                                                      │
├────────────────────────────────────────────────────── Rollout ───────────────────────────────────────────────────────┤
│                                                                                                                      │
│advantages_max=3.864                   │advantages_mean=7.45e-09               │advantages_min=-3.963                 │
│returns_max=76.656                     │returns_mean=47.291                    │returns_min=4.432                     │
│rewards=0.589                          │                                       │                                      │
│                                                                                                                      │
├─────────────────────────────────────────────────── Training/Actor ───────────────────────────────────────────────────┤
│                                                                                                                      │
│actor/approx_kl=0.010                  │actor/clip_fraction=0.123              │actor/clipped_ratio=0.997             │
│actor/dual_cliped_ratio=0.0000         │actor/entropy_loss=0.0000              │actor/grad_norm=49.936                │
│actor/lr=3.00e-04                      │actor/policy_loss=-0.033               │actor/policy_loss_abs=0.762           │
│actor/ratio=1.001                      │actor/ratio_abs=0.113                  │actor/total_loss=7.353                │
│                                                                                                                      │
├────────────────────────────────────────────────── Training/Critic ───────────────────────────────────────────────────┤
│                                                                                                                      │
│critic/explained_variance=0.523        │critic/lr=3.00e-04                     │critic/value_clip_ratio=0.265         │
│critic/value_loss=29.443               │                                       │                                      │
│                                                                                                                      │
╰──────────────────────────────────────────────────────────────────────────────────────────────────────────────────────╯


╭──────────────────────────────────────────────────────────────────────────────────────────────────────────────────────╮
├──────────────────────────────────────────────────── Metric Table ────────────────────────────────────────────────────┤
│ Global Step:   89/100 │ Progress: ███████████████████████████████████░░░░░ │  89.0%                                  │
│ Elapsed: 51:45 │ ETA: 06:23 │ Step Time: 34.890s                                                                     │
├──────────────────────────────────────────────────────── Time ────────────────────────────────────────────────────────┤
│                                                                                                                      │
│actor/actor/compute_adv=0.0061         │actor/actor/recv_traj=19.983           │actor/actor/sync_model_to_rollout=0.0…│
│actor/run_training=0.608               │actor_training=0.610                   │cal_adv_and_returns=0.0092            │
│env/env/bootstrap_step=2.32e-04        │env/env_interact_step=15.172           │env/interact=19.972                   │
│env/run_interact_once=19.972           │generate_rollouts=19.994               │rollout/generate_one_epoch=19.975     │
│rollout/predict=0.240                  │rollout/rollout/generate=19.975        │rollout/sync_model_from_actor=0.128   │
│step=20.744                            │sync_weights=0.130                     │                                      │
│                                                                                                                      │
├──────────────────────────────────────────────────── Environment ─────────────────────────────────────────────────────┤
│                                                                                                                      │
│num_trajectories=0                     │                                       │                                      │
│                                                                                                                      │
├────────────────────────────────────────────────────── Rollout ───────────────────────────────────────────────────────┤
│                                                                                                                      │
│advantages_max=2.694                   │advantages_mean=7.45e-09               │advantages_min=-5.574                 │
│returns_max=74.100                     │returns_mean=37.063                    │returns_min=-43.471                   │
│rewards=0.496                          │                                       │                                      │
│                                                                                                                      │
├─────────────────────────────────────────────────── Training/Actor ───────────────────────────────────────────────────┤
│                                                                                                                      │
│actor/approx_kl=0.013                  │actor/clip_fraction=0.115              │actor/clipped_ratio=0.995             │
│actor/dual_cliped_ratio=0.0000         │actor/entropy_loss=0.0000              │actor/grad_norm=58.370                │
│actor/lr=3.00e-04                      │actor/policy_loss=-0.031               │actor/policy_loss_abs=0.721           │
│actor/ratio=0.998                      │actor/ratio_abs=0.108                  │actor/total_loss=7.923                │
│                                                                                                                      │
├────────────────────────────────────────────────── Training/Critic ───────────────────────────────────────────────────┤
│                                                                                                                      │
│critic/explained_variance=0.915        │critic/lr=3.00e-04                     │critic/value_clip_ratio=0.250         │
│critic/value_loss=31.724               │                                       │                                      │
│                                                                                                                      │
╰──────────────────────────────────────────────────────────────────────────────────────────────────────────────────────╯


╭──────────────────────────────────────────────────────────────────────────────────────────────────────────────────────╮
├──────────────────────────────────────────────────── Metric Table ────────────────────────────────────────────────────┤
│ Global Step:   90/100 │ Progress: ████████████████████████████████████░░░░ │  90.0%                                  │
│ Elapsed: 52:05 │ ETA: 05:47 │ Step Time: 34.730s                                                                     │
├──────────────────────────────────────────────────────── Time ────────────────────────────────────────────────────────┤
│                                                                                                                      │
│actor/actor/compute_adv=0.010          │actor/actor/recv_traj=19.720           │actor/actor/sync_model_to_rollout=0.0…│
│actor/run_training=0.590               │actor_training=0.592                   │cal_adv_and_returns=0.012             │
│env/env/bootstrap_step=2.58e-04        │env/env_interact_step=15.189           │env/interact=19.709                   │
│env/run_interact_once=19.709           │generate_rollouts=19.733               │rollout/generate_one_epoch=19.714     │
│rollout/predict=0.261                  │rollout/rollout/generate=19.715        │rollout/sync_model_from_actor=0.122   │
│step=20.463                            │sync_weights=0.125                     │                                      │
│                                                                                                                      │
├──────────────────────────────────────────────────── Environment ─────────────────────────────────────────────────────┤
│                                                                                                                      │
│episode_len=1000.0                     │num_trajectories=16                    │return=495.2594                       │
│reward=0.49525937                      │                                       │                                      │
│                                                                                                                      │
├────────────────────────────────────────────────────── Rollout ───────────────────────────────────────────────────────┤
│                                                                                                                      │
│advantages_max=3.862                   │advantages_mean=1.49e-08               │advantages_min=-6.431                 │
│returns_max=72.432                     │returns_mean=29.911                    │returns_min=-46.553                   │
│rewards=0.455                          │                                       │                                      │
│                                                                                                                      │
├─────────────────────────────────────────────────── Training/Actor ───────────────────────────────────────────────────┤
│                                                                                                                      │
│actor/approx_kl=0.011                  │actor/clip_fraction=0.129              │actor/clipped_ratio=0.996             │
│actor/dual_cliped_ratio=0.0000         │actor/entropy_loss=0.0000              │actor/grad_norm=42.793                │
│actor/lr=3.00e-04                      │actor/policy_loss=-0.034               │actor/policy_loss_abs=0.738           │
│actor/ratio=1.001                      │actor/ratio_abs=0.113                  │actor/total_loss=5.209                │
│                                                                                                                      │
├────────────────────────────────────────────────── Training/Critic ───────────────────────────────────────────────────┤
│                                                                                                                      │
│critic/explained_variance=0.967        │critic/lr=3.00e-04                     │critic/value_clip_ratio=0.207         │
│critic/value_loss=20.872               │                                       │                                      │
│                                                                                                                      │
╰──────────────────────────────────────────────────────────────────────────────────────────────────────────────────────╯


╭──────────────────────────────────────────────────────────────────────────────────────────────────────────────────────╮
├──────────────────────────────────────────────────── Metric Table ────────────────────────────────────────────────────┤
│ Global Step:   91/100 │ Progress: ████████████████████████████████████░░░░ │  91.0%                                  │
│ Elapsed: 52:26 │ ETA: 05:11 │ Step Time: 34.573s                                                                     │
├──────────────────────────────────────────────────────── Time ────────────────────────────────────────────────────────┤
│                                                                                                                      │
│actor/actor/compute_adv=0.0074         │actor/actor/recv_traj=19.550           │actor/actor/sync_model_to_rollout=0.0…│
│actor/run_training=0.675               │actor_training=0.677                   │cal_adv_and_returns=0.0092            │
│env/env/bootstrap_step=3.23e-04        │env/env_interact_step=15.081           │env/interact=19.539                   │
│env/run_interact_once=19.539           │generate_rollouts=19.563               │rollout/generate_one_epoch=19.539     │
│rollout/predict=0.267                  │rollout/rollout/generate=19.539        │rollout/sync_model_from_actor=0.124   │
│step=20.377                            │sync_weights=0.126                     │                                      │
│                                                                                                                      │
├──────────────────────────────────────────────────── Environment ─────────────────────────────────────────────────────┤
│                                                                                                                      │
│num_trajectories=0                     │                                       │                                      │
│                                                                                                                      │
├────────────────────────────────────────────────────── Rollout ───────────────────────────────────────────────────────┤
│                                                                                                                      │
│advantages_max=3.827                   │advantages_mean=2.05e-08               │advantages_min=-6.083                 │
│returns_max=73.077                     │returns_mean=46.728                    │returns_min=-50.312                   │
│rewards=0.587                          │                                       │                                      │
│                                                                                                                      │
├─────────────────────────────────────────────────── Training/Actor ───────────────────────────────────────────────────┤
│                                                                                                                      │
│actor/approx_kl=0.012                  │actor/clip_fraction=0.116              │actor/clipped_ratio=0.995             │
│actor/dual_cliped_ratio=0.0000         │actor/entropy_loss=0.0000              │actor/grad_norm=59.520                │
│actor/lr=3.00e-04                      │actor/policy_loss=-0.031               │actor/policy_loss_abs=0.769           │
│actor/ratio=0.999                      │actor/ratio_abs=0.110                  │actor/total_loss=6.133                │
│                                                                                                                      │
├────────────────────────────────────────────────── Training/Critic ───────────────────────────────────────────────────┤
│                                                                                                                      │
│critic/explained_variance=0.880        │critic/lr=3.00e-04                     │critic/value_clip_ratio=0.347         │
│critic/value_loss=24.564               │                                       │                                      │
│                                                                                                                      │
╰──────────────────────────────────────────────────────────────────────────────────────────────────────────────────────╯


╭──────────────────────────────────────────────────────────────────────────────────────────────────────────────────────╮
├──────────────────────────────────────────────────── Metric Table ────────────────────────────────────────────────────┤
│ Global Step:   92/100 │ Progress: ████████████████████████████████████░░░░ │  92.0%                                  │
│ Elapsed: 52:46 │ ETA: 04:35 │ Step Time: 34.422s                                                                     │
├──────────────────────────────────────────────────────── Time ────────────────────────────────────────────────────────┤
│                                                                                                                      │
│actor/actor/compute_adv=0.010          │actor/actor/recv_traj=19.906           │actor/actor/sync_model_to_rollout=0.0…│
│actor/run_training=0.595               │actor_training=0.598                   │cal_adv_and_returns=0.013             │
│env/env/bootstrap_step=2.36e-04        │env/env_interact_step=15.767           │env/interact=19.898                   │
│env/run_interact_once=19.898           │generate_rollouts=19.919               │rollout/generate_one_epoch=19.898     │
│rollout/predict=0.235                  │rollout/rollout/generate=19.898        │rollout/sync_model_from_actor=0.136   │
│step=20.668                            │sync_weights=0.138                     │                                      │
│                                                                                                                      │
├──────────────────────────────────────────────────── Environment ─────────────────────────────────────────────────────┤
│                                                                                                                      │
│num_trajectories=0                     │                                       │                                      │
│                                                                                                                      │
├────────────────────────────────────────────────────── Rollout ───────────────────────────────────────────────────────┤
│                                                                                                                      │
│advantages_max=3.108                   │advantages_mean=-7.45e-09              │advantages_min=-5.080                 │
│returns_max=73.874                     │returns_mean=43.945                    │returns_min=-46.501                   │
│rewards=0.522                          │                                       │                                      │
│                                                                                                                      │
├─────────────────────────────────────────────────── Training/Actor ───────────────────────────────────────────────────┤
│                                                                                                                      │
│actor/approx_kl=0.0090                 │actor/clip_fraction=0.126              │actor/clipped_ratio=0.998             │
│actor/dual_cliped_ratio=0.0000         │actor/entropy_loss=0.0000              │actor/grad_norm=50.096                │
│actor/lr=3.00e-04                      │actor/policy_loss=-0.034               │actor/policy_loss_abs=0.766           │
│actor/ratio=1.003                      │actor/ratio_abs=0.112                  │actor/total_loss=6.727                │
│                                                                                                                      │
├────────────────────────────────────────────────── Training/Critic ───────────────────────────────────────────────────┤
│                                                                                                                      │
│critic/explained_variance=0.901        │critic/lr=3.00e-04                     │critic/value_clip_ratio=0.158         │
│critic/value_loss=26.942               │                                       │                                      │
│                                                                                                                      │
╰──────────────────────────────────────────────────────────────────────────────────────────────────────────────────────╯


╭──────────────────────────────────────────────────────────────────────────────────────────────────────────────────────╮
├──────────────────────────────────────────────────── Metric Table ────────────────────────────────────────────────────┤
│ Global Step:   93/100 │ Progress: █████████████████████████████████████░░░ │  93.0%                                  │
│ Elapsed: 53:07 │ ETA: 03:59 │ Step Time: 34.271s                                                                     │
├──────────────────────────────────────────────────────── Time ────────────────────────────────────────────────────────┤
│                                                                                                                      │
│actor/actor/compute_adv=0.0072         │actor/actor/recv_traj=19.682           │actor/actor/sync_model_to_rollout=0.0…│
│actor/run_training=0.587               │actor_training=0.590                   │cal_adv_and_returns=0.0090            │
│env/env/bootstrap_step=2.42e-04        │env/env_interact_step=15.036           │env/interact=19.671                   │
│env/run_interact_once=19.671           │generate_rollouts=19.697               │rollout/generate_one_epoch=19.673     │
│rollout/predict=0.271                  │rollout/rollout/generate=19.673        │rollout/sync_model_from_actor=0.106   │
│step=20.404                            │sync_weights=0.108                     │                                      │
│                                                                                                                      │
├──────────────────────────────────────────────────── Environment ─────────────────────────────────────────────────────┤
│                                                                                                                      │
│num_trajectories=0                     │                                       │                                      │
│                                                                                                                      │
├────────────────────────────────────────────────────── Rollout ───────────────────────────────────────────────────────┤
│                                                                                                                      │
│advantages_max=3.515                   │advantages_mean=2.24e-08               │advantages_min=-4.181                 │
│returns_max=76.570                     │returns_mean=45.385                    │returns_min=-42.492                   │
│rewards=0.553                          │                                       │                                      │
│                                                                                                                      │
├─────────────────────────────────────────────────── Training/Actor ───────────────────────────────────────────────────┤
│                                                                                                                      │
│actor/approx_kl=0.0091                 │actor/clip_fraction=0.117              │actor/clipped_ratio=0.998             │
│actor/dual_cliped_ratio=0.0000         │actor/entropy_loss=0.0000              │actor/grad_norm=51.643                │
│actor/lr=3.00e-04                      │actor/policy_loss=-0.035               │actor/policy_loss_abs=0.758           │
│actor/ratio=1.001                      │actor/ratio_abs=0.106                  │actor/total_loss=7.898                │
│                                                                                                                      │
├────────────────────────────────────────────────── Training/Critic ───────────────────────────────────────────────────┤
│                                                                                                                      │
│critic/explained_variance=0.892        │critic/lr=3.00e-04                     │critic/value_clip_ratio=0.288         │
│critic/value_loss=31.627               │                                       │                                      │
│                                                                                                                      │
╰──────────────────────────────────────────────────────────────────────────────────────────────────────────────────────╯


╭──────────────────────────────────────────────────────────────────────────────────────────────────────────────────────╮
├──────────────────────────────────────────────────── Metric Table ────────────────────────────────────────────────────┤
│ Global Step:   94/100 │ Progress: █████████████████████████████████████░░░ │  94.0%                                  │
│ Elapsed: 53:27 │ ETA: 03:24 │ Step Time: 34.128s                                                                     │
├──────────────────────────────────────────────────────── Time ────────────────────────────────────────────────────────┤
│                                                                                                                      │
│actor/actor/compute_adv=0.0093         │actor/actor/recv_traj=20.010           │actor/actor/sync_model_to_rollout=0.0…│
│actor/run_training=0.620               │actor_training=0.622                   │cal_adv_and_returns=0.011             │
│env/env/bootstrap_step=3.64e-04        │env/env_interact_step=15.119           │env/interact=19.998                   │
│env/run_interact_once=19.998           │generate_rollouts=20.022               │rollout/generate_one_epoch=20.002     │
│rollout/predict=0.279                  │rollout/rollout/generate=20.002        │rollout/sync_model_from_actor=0.108   │
│step=20.766                            │sync_weights=0.110                     │                                      │
│                                                                                                                      │
├──────────────────────────────────────────────────── Environment ─────────────────────────────────────────────────────┤
│                                                                                                                      │
│episode_len=1000.0                     │num_trajectories=16                    │return=539.5739                       │
│reward=0.5395739                       │                                       │                                      │
│                                                                                                                      │
├────────────────────────────────────────────────────── Rollout ───────────────────────────────────────────────────────┤
│                                                                                                                      │
│advantages_max=2.847                   │advantages_mean=-2.24e-08              │advantages_min=-4.385                 │
│returns_max=74.099                     │returns_mean=45.492                    │returns_min=-45.632                   │
│rewards=0.655                          │                                       │                                      │
│                                                                                                                      │
├─────────────────────────────────────────────────── Training/Actor ───────────────────────────────────────────────────┤
│                                                                                                                      │
│actor/approx_kl=0.0093                 │actor/clip_fraction=0.123              │actor/clipped_ratio=0.998             │
│actor/dual_cliped_ratio=0.0000         │actor/entropy_loss=0.0000              │actor/grad_norm=59.221                │
│actor/lr=3.00e-04                      │actor/policy_loss=-0.032               │actor/policy_loss_abs=0.768           │
│actor/ratio=1.002                      │actor/ratio_abs=0.111                  │actor/total_loss=7.421                │
│                                                                                                                      │
├────────────────────────────────────────────────── Training/Critic ───────────────────────────────────────────────────┤
│                                                                                                                      │
│critic/explained_variance=0.880        │critic/lr=3.00e-04                     │critic/value_clip_ratio=0.239         │
│critic/value_loss=29.716               │                                       │                                      │
│                                                                                                                      │
╰──────────────────────────────────────────────────────────────────────────────────────────────────────────────────────╯


╭──────────────────────────────────────────────────────────────────────────────────────────────────────────────────────╮
├──────────────────────────────────────────────────── Metric Table ────────────────────────────────────────────────────┤
│ Global Step:   95/100 │ Progress: ██████████████████████████████████████░░ │  95.0%                                  │
│ Elapsed: 53:48 │ ETA: 02:49 │ Step Time: 33.984s                                                                     │
├──────────────────────────────────────────────────────── Time ────────────────────────────────────────────────────────┤
│                                                                                                                      │
│actor/actor/compute_adv=0.011          │actor/actor/recv_traj=19.685           │actor/actor/sync_model_to_rollout=0.0…│
│actor/run_training=0.638               │actor_training=0.640                   │cal_adv_and_returns=0.013             │
│env/env/bootstrap_step=2.32e-04        │env/env_interact_step=14.898           │env/interact=19.672                   │
│env/run_interact_once=19.672           │generate_rollouts=19.699               │rollout/generate_one_epoch=19.669     │
│rollout/predict=0.259                  │rollout/rollout/generate=19.670        │rollout/sync_model_from_actor=0.130   │
│step=20.483                            │sync_weights=0.132                     │                                      │
│                                                                                                                      │
├──────────────────────────────────────────────────── Environment ─────────────────────────────────────────────────────┤
│                                                                                                                      │
│num_trajectories=0                     │                                       │                                      │
│                                                                                                                      │
├────────────────────────────────────────────────────── Rollout ───────────────────────────────────────────────────────┤
│                                                                                                                      │
│advantages_max=3.428                   │advantages_mean=0.0000                 │advantages_min=-4.509                 │
│returns_max=79.081                     │returns_mean=51.506                    │returns_min=-1.156                    │
│rewards=0.594                          │                                       │                                      │
│                                                                                                                      │
├─────────────────────────────────────────────────── Training/Actor ───────────────────────────────────────────────────┤
│                                                                                                                      │
│actor/approx_kl=0.013                  │actor/clip_fraction=0.125              │actor/clipped_ratio=0.995             │
│actor/dual_cliped_ratio=0.0000         │actor/entropy_loss=0.0000              │actor/grad_norm=63.316                │
│actor/lr=3.00e-04                      │actor/policy_loss=-0.033               │actor/policy_loss_abs=0.770           │
│actor/ratio=0.999                      │actor/ratio_abs=0.113                  │actor/total_loss=8.021                │
│                                                                                                                      │
├────────────────────────────────────────────────── Training/Critic ───────────────────────────────────────────────────┤
│                                                                                                                      │
│critic/explained_variance=0.571        │critic/lr=3.00e-04                     │critic/value_clip_ratio=0.194         │
│critic/value_loss=32.119               │                                       │                                      │
│                                                                                                                      │
╰──────────────────────────────────────────────────────────────────────────────────────────────────────────────────────╯


╭──────────────────────────────────────────────────────────────────────────────────────────────────────────────────────╮
├──────────────────────────────────────────────────── Metric Table ────────────────────────────────────────────────────┤
│ Global Step:   96/100 │ Progress: ██████████████████████████████████████░░ │  96.0%                                  │
│ Elapsed: 54:09 │ ETA: 02:15 │ Step Time: 33.846s                                                                     │
├──────────────────────────────────────────────────────── Time ────────────────────────────────────────────────────────┤
│                                                                                                                      │
│actor/actor/compute_adv=0.0098         │actor/actor/recv_traj=19.868           │actor/actor/sync_model_to_rollout=0.0…│
│actor/run_training=0.641               │actor_training=0.643                   │cal_adv_and_returns=0.012             │
│env/env/bootstrap_step=2.35e-04        │env/env_interact_step=15.070           │env/interact=19.862                   │
│env/run_interact_once=19.861           │generate_rollouts=19.882               │rollout/generate_one_epoch=19.856     │
│rollout/predict=0.262                  │rollout/rollout/generate=19.857        │rollout/sync_model_from_actor=0.128   │
│step=20.669                            │sync_weights=0.131                     │                                      │
│                                                                                                                      │
├──────────────────────────────────────────────────── Environment ─────────────────────────────────────────────────────┤
│                                                                                                                      │
│num_trajectories=0                     │                                       │                                      │
│                                                                                                                      │
├────────────────────────────────────────────────────── Rollout ───────────────────────────────────────────────────────┤
│                                                                                                                      │
│advantages_max=4.078                   │advantages_mean=-6.52e-09              │advantages_min=-5.509                 │
│returns_max=78.720                     │returns_mean=48.911                    │returns_min=-48.696                   │
│rewards=0.613                          │                                       │                                      │
│                                                                                                                      │
├─────────────────────────────────────────────────── Training/Actor ───────────────────────────────────────────────────┤
│                                                                                                                      │
│actor/approx_kl=0.011                  │actor/clip_fraction=0.105              │actor/clipped_ratio=0.996             │
│actor/dual_cliped_ratio=0.0000         │actor/entropy_loss=0.0000              │actor/grad_norm=70.688                │
│actor/lr=3.00e-04                      │actor/policy_loss=-0.030               │actor/policy_loss_abs=0.725           │
│actor/ratio=1.000                      │actor/ratio_abs=0.105                  │actor/total_loss=8.337                │
│                                                                                                                      │
├────────────────────────────────────────────────── Training/Critic ───────────────────────────────────────────────────┤
│                                                                                                                      │
│critic/explained_variance=0.856        │critic/lr=3.00e-04                     │critic/value_clip_ratio=0.268         │
│critic/value_loss=33.377               │                                       │                                      │
│                                                                                                                      │
╰──────────────────────────────────────────────────────────────────────────────────────────────────────────────────────╯


╭──────────────────────────────────────────────────────────────────────────────────────────────────────────────────────╮
├──────────────────────────────────────────────────── Metric Table ────────────────────────────────────────────────────┤
│ Global Step:   97/100 │ Progress: ██████████████████████████████████████░░ │  97.0%                                  │
│ Elapsed: 54:31 │ ETA: 01:41 │ Step Time: 33.722s                                                                     │
├──────────────────────────────────────────────────────── Time ────────────────────────────────────────────────────────┤
│                                                                                                                      │
│actor/actor/compute_adv=0.0062         │actor/actor/recv_traj=21.135           │actor/actor/sync_model_to_rollout=0.0…│
│actor/run_training=0.611               │actor_training=0.613                   │cal_adv_and_returns=0.0078            │
│env/env/bootstrap_step=4.09e-04        │env/env_interact_step=15.854           │env/interact=21.120                   │
│env/run_interact_once=21.120           │generate_rollouts=21.143               │rollout/generate_one_epoch=21.124     │
│rollout/predict=0.271                  │rollout/rollout/generate=21.125        │rollout/sync_model_from_actor=0.130   │
│step=21.896                            │sync_weights=0.132                     │                                      │
│                                                                                                                      │
├──────────────────────────────────────────────────── Environment ─────────────────────────────────────────────────────┤
│                                                                                                                      │
│num_trajectories=0                     │                                       │                                      │
│                                                                                                                      │
├────────────────────────────────────────────────────── Rollout ───────────────────────────────────────────────────────┤
│                                                                                                                      │
│advantages_max=3.958                   │advantages_mean=-1.86e-08              │advantages_min=-3.754                 │
│returns_max=78.329                     │returns_mean=41.561                    │returns_min=-47.286                   │
│rewards=0.465                          │                                       │                                      │
│                                                                                                                      │
├─────────────────────────────────────────────────── Training/Actor ───────────────────────────────────────────────────┤
│                                                                                                                      │
│actor/approx_kl=0.016                  │actor/clip_fraction=0.140              │actor/clipped_ratio=0.993             │
│actor/dual_cliped_ratio=0.0000         │actor/entropy_loss=0.0000              │actor/grad_norm=46.193                │
│actor/lr=3.00e-04                      │actor/policy_loss=-0.038               │actor/policy_loss_abs=0.760           │
│actor/ratio=0.996                      │actor/ratio_abs=0.116                  │actor/total_loss=5.562                │
│                                                                                                                      │
├────────────────────────────────────────────────── Training/Critic ───────────────────────────────────────────────────┤
│                                                                                                                      │
│critic/explained_variance=0.957        │critic/lr=3.00e-04                     │critic/value_clip_ratio=0.176         │
│critic/value_loss=22.285               │                                       │                                      │
│                                                                                                                      │
╰──────────────────────────────────────────────────────────────────────────────────────────────────────────────────────╯


╭──────────────────────────────────────────────────────────────────────────────────────────────────────────────────────╮
├──────────────────────────────────────────────────── Metric Table ────────────────────────────────────────────────────┤
│ Global Step:   98/100 │ Progress: ███████████████████████████████████████░ │  98.0%                                  │
│ Elapsed: 54:51 │ ETA: 01:07 │ Step Time: 33.588s                                                                     │
├──────────────────────────────────────────────────────── Time ────────────────────────────────────────────────────────┤
│                                                                                                                      │
│actor/actor/compute_adv=0.0064         │actor/actor/recv_traj=19.783           │actor/actor/sync_model_to_rollout=0.0…│
│actor/run_training=0.591               │actor_training=0.593                   │cal_adv_and_returns=0.0083            │
│env/env/bootstrap_step=2.37e-04        │env/env_interact_step=15.342           │env/interact=19.776                   │
│env/run_interact_once=19.776           │generate_rollouts=19.799               │rollout/generate_one_epoch=19.774     │
│rollout/predict=0.266                  │rollout/rollout/generate=19.776        │rollout/sync_model_from_actor=0.103   │
│step=20.507                            │sync_weights=0.106                     │                                      │
│                                                                                                                      │
├──────────────────────────────────────────────────── Environment ─────────────────────────────────────────────────────┤
│                                                                                                                      │
│episode_len=1000.0                     │num_trajectories=16                    │return=541.5989                       │
│reward=0.5415989                       │                                       │                                      │
│                                                                                                                      │
├────────────────────────────────────────────────────── Rollout ───────────────────────────────────────────────────────┤
│                                                                                                                      │
│advantages_max=3.512                   │advantages_mean=7.45e-09               │advantages_min=-3.782                 │
│returns_max=79.725                     │returns_mean=46.571                    │returns_min=-45.626                   │
│rewards=0.671                          │                                       │                                      │
│                                                                                                                      │
├─────────────────────────────────────────────────── Training/Actor ───────────────────────────────────────────────────┤
│                                                                                                                      │
│actor/approx_kl=0.011                  │actor/clip_fraction=0.131              │actor/clipped_ratio=0.997             │
│actor/dual_cliped_ratio=0.0000         │actor/entropy_loss=0.0000              │actor/grad_norm=48.002                │
│actor/lr=3.00e-04                      │actor/policy_loss=-0.038               │actor/policy_loss_abs=0.781           │
│actor/ratio=1.001                      │actor/ratio_abs=0.115                  │actor/total_loss=6.159                │
│                                                                                                                      │
├────────────────────────────────────────────────── Training/Critic ───────────────────────────────────────────────────┤
│                                                                                                                      │
│critic/explained_variance=0.935        │critic/lr=3.00e-04                     │critic/value_clip_ratio=0.203         │
│critic/value_loss=24.673               │                                       │                                      │
│                                                                                                                      │
╰──────────────────────────────────────────────────────────────────────────────────────────────────────────────────────╯


╭──────────────────────────────────────────────────────────────────────────────────────────────────────────────────────╮
├──────────────────────────────────────────────────── Metric Table ────────────────────────────────────────────────────┤
│ Global Step:   99/100 │ Progress: ███████████████████████████████████████░ │  99.0%                                  │
│ Elapsed: 55:12 │ ETA: 00:33 │ Step Time: 33.457s                                                                     │
├──────────────────────────────────────────────────────── Time ────────────────────────────────────────────────────────┤
│                                                                                                                      │
│actor/actor/compute_adv=0.0063         │actor/actor/recv_traj=19.899           │actor/actor/sync_model_to_rollout=0.0…│
│actor/run_training=0.593               │actor_training=0.595                   │cal_adv_and_returns=0.0080            │
│env/env/bootstrap_step=3.69e-04        │env/env_interact_step=15.463           │env/interact=19.882                   │
│env/run_interact_once=19.882           │generate_rollouts=19.909               │rollout/generate_one_epoch=19.889     │
│rollout/predict=0.266                  │rollout/rollout/generate=19.889        │rollout/sync_model_from_actor=0.104   │
│step=20.619                            │sync_weights=0.106                     │                                      │
│                                                                                                                      │
├──────────────────────────────────────────────────── Environment ─────────────────────────────────────────────────────┤
│                                                                                                                      │
│num_trajectories=0                     │                                       │                                      │
│                                                                                                                      │
├────────────────────────────────────────────────────── Rollout ───────────────────────────────────────────────────────┤
│                                                                                                                      │
│advantages_max=4.069                   │advantages_mean=-1.49e-08              │advantages_min=-3.974                 │
│returns_max=80.300                     │returns_mean=55.477                    │returns_min=8.361                     │
│rewards=0.644                          │                                       │                                      │
│                                                                                                                      │
├─────────────────────────────────────────────────── Training/Actor ───────────────────────────────────────────────────┤
│                                                                                                                      │
│actor/approx_kl=0.011                  │actor/clip_fraction=0.126              │actor/clipped_ratio=0.997             │
│actor/dual_cliped_ratio=0.0000         │actor/entropy_loss=0.0000              │actor/grad_norm=60.565                │
│actor/lr=3.00e-04                      │actor/policy_loss=-0.035               │actor/policy_loss_abs=0.785           │
│actor/ratio=1.001                      │actor/ratio_abs=0.111                  │actor/total_loss=6.712                │
│                                                                                                                      │
├────────────────────────────────────────────────── Training/Critic ───────────────────────────────────────────────────┤
│                                                                                                                      │
│critic/explained_variance=0.537        │critic/lr=3.00e-04                     │critic/value_clip_ratio=0.217         │
│critic/value_loss=26.882               │                                       │                                      │
│                                                                                                                      │
╰──────────────────────────────────────────────────────────────────────────────────────────────────────────────────────╯


╭──────────────────────────────────────────────────────────────────────────────────────────────────────────────────────╮
├──────────────────────────────────────────────────── Metric Table ────────────────────────────────────────────────────┤
│ Global Step:  100/100 │ Progress: ████████████████████████████████████████ │ 100.0%                                  │
│ Elapsed: 55:32 │ ETA: 00:00 │ Step Time: 33.328s                                                                     │
├──────────────────────────────────────────────────────── Time ────────────────────────────────────────────────────────┤
│                                                                                                                      │
│actor/actor/compute_adv=0.0089         │actor/actor/recv_traj=19.679           │actor/actor/sync_model_to_rollout=0.0…│
│actor/run_training=0.587               │actor_training=0.588                   │cal_adv_and_returns=0.011             │
│env/env/bootstrap_step=2.53e-04        │env/env_interact_step=15.288           │env/interact=19.663                   │
│env/run_interact_once=19.663           │generate_rollouts=19.691               │rollout/generate_one_epoch=19.666     │
│rollout/predict=0.266                  │rollout/rollout/generate=19.667        │rollout/sync_model_from_actor=0.105   │
│step=20.525                            │sync_weights=0.107                     │                                      │
│                                                                                                                      │
├──────────────────────────────────────────────────── Environment ─────────────────────────────────────────────────────┤
│                                                                                                                      │
│num_trajectories=0                     │                                       │                                      │
│                                                                                                                      │
├────────────────────────────────────────────────────── Rollout ───────────────────────────────────────────────────────┤
│                                                                                                                      │
│advantages_max=2.796                   │advantages_mean=-1.49e-08              │advantages_min=-5.644                 │
│returns_max=83.613                     │returns_mean=50.400                    │returns_min=-46.157                   │
│rewards=0.600                          │                                       │                                      │
│                                                                                                                      │
├─────────────────────────────────────────────────── Training/Actor ───────────────────────────────────────────────────┤
│                                                                                                                      │
│actor/approx_kl=0.011                  │actor/clip_fraction=0.134              │actor/clipped_ratio=0.996             │
│actor/dual_cliped_ratio=0.0000         │actor/entropy_loss=0.0000              │actor/grad_norm=56.323                │
│actor/lr=3.00e-04                      │actor/policy_loss=-0.034               │actor/policy_loss_abs=0.755           │
│actor/ratio=1.001                      │actor/ratio_abs=0.117                  │actor/total_loss=7.283                │
│                                                                                                                      │
├────────────────────────────────────────────────── Training/Critic ───────────────────────────────────────────────────┤
│                                                                                                                      │
│critic/explained_variance=0.898        │critic/lr=3.00e-04                     │critic/value_clip_ratio=0.192         │
│critic/value_loss=29.166               │                                       │                                      │
│                                                                                                                      │
╰──────────────────────────────────────────────────────────────────────────────────────────────────────────────────────╯

