2026-09-28 11:18:59.706 | WARNING  | plugrl_env_client.envs:_load_env_modules:27 - Skip loading env module plugrl_env_client.envs.classic.classic_env: pygame is not installed. Please install it with pip install "plugrl-env-client[classic]".
2026-09-28 11:18:59.706 | WARNING  | plugrl_env_client.envs:_load_env_modules:27 - Skip loading env module plugrl_env_client.envs.atari.atari_env: Atari is not installed. Please install it with the 'atari' extra, e.g. 'pip install plugrl-env-client[atari]'
2026-09-28 11:18:59.706 | WARNING  | plugrl_env_client.envs:_load_env_modules:27 - Skip loading env module plugrl_env_client.envs.d4rl.d4rl_env: d4rl is not installed. Please install it with pip install "plugrl-env-client[d4rl]".
2026-09-28 11:18:59.706 | WARNING  | plugrl_env_client.envs:_load_env_modules:27 - Skip loading env module plugrl_env_client.envs.libero.libero_env: libero is not installed. Please install it with pip install "plugrl-env-client[libero]".
[robosuite WARNING] No private macro file found! (macros.py:53)
[robosuite WARNING] It is recommended to use a private macro file (macros.py:54)
[robosuite WARNING] To setup, run: python /home/guangzhao/zuogou/plugrl/plugrl-env-client/.venv-robomimic/lib/python3.11/site-packages/robosuite/scripts/setup_macros.py (macros.py:55)
2026-09-28 11:19:00.381 | INFO     | __main__:main:83 - Starting env client exp_name=robomimic-v1-nenv1-20260928-111900-a2061250 output_dir=runs/robomimic-v1-nenv1-20260928-111900-a2061250 recorder={'episode_freq': 0, 'thread0_only': True, 'record_video': False, 'video_fps': 30.0, 'record_full_rollout': False, 'record_obs_stats': True, 'record_episode_metrics': True, 'metric_window': 100}
2026-09-28 11:19:00.486 | WARNING  | plugrl_env_client.envs:_load_env_modules:27 - Skip loading env module plugrl_env_client.envs.classic.classic_env: pygame is not installed. Please install it with pip install "plugrl-env-client[classic]".
2026-09-28 11:19:00.486 | WARNING  | plugrl_env_client.envs:_load_env_modules:27 - Skip loading env module plugrl_env_client.envs.atari.atari_env: Atari is not installed. Please install it with the 'atari' extra, e.g. 'pip install plugrl-env-client[atari]'
2026-09-28 11:19:00.486 | WARNING  | plugrl_env_client.envs:_load_env_modules:27 - Skip loading env module plugrl_env_client.envs.d4rl.d4rl_env: d4rl is not installed. Please install it with pip install "plugrl-env-client[d4rl]".
2026-09-28 11:19:00.486 | WARNING  | plugrl_env_client.envs:_load_env_modules:27 - Skip loading env module plugrl_env_client.envs.libero.libero_env: libero is not installed. Please install it with pip install "plugrl-env-client[libero]".
2026-09-28 11:19:00.492 | WARNING  | plugrl_env_client.envs:_load_env_modules:27 - Skip loading env module plugrl_env_client.envs.classic.classic_env: pygame is not installed. Please install it with pip install "plugrl-env-client[classic]".
2026-09-28 11:19:00.492 | WARNING  | plugrl_env_client.envs:_load_env_modules:27 - Skip loading env module plugrl_env_client.envs.atari.atari_env: Atari is not installed. Please install it with the 'atari' extra, e.g. 'pip install plugrl-env-client[atari]'
2026-09-28 11:19:00.493 | WARNING  | plugrl_env_client.envs:_load_env_modules:27 - Skip loading env module plugrl_env_client.envs.d4rl.d4rl_env: d4rl is not installed. Please install it with pip install "plugrl-env-client[d4rl]".
2026-09-28 11:19:00.493 | WARNING  | plugrl_env_client.envs:_load_env_modules:27 - Skip loading env module plugrl_env_client.envs.libero.libero_env: libero is not installed. Please install it with pip install "plugrl-env-client[libero]".
2026-09-28 11:19:00.498 | WARNING  | plugrl_env_client.envs:_load_env_modules:27 - Skip loading env module plugrl_env_client.envs.classic.classic_env: pygame is not installed. Please install it with pip install "plugrl-env-client[classic]".
2026-09-28 11:19:00.498 | WARNING  | plugrl_env_client.envs:_load_env_modules:27 - Skip loading env module plugrl_env_client.envs.atari.atari_env: Atari is not installed. Please install it with the 'atari' extra, e.g. 'pip install plugrl-env-client[atari]'
2026-09-28 11:19:00.498 | WARNING  | plugrl_env_client.envs:_load_env_modules:27 - Skip loading env module plugrl_env_client.envs.d4rl.d4rl_env: d4rl is not installed. Please install it with pip install "plugrl-env-client[d4rl]".
2026-09-28 11:19:00.498 | WARNING  | plugrl_env_client.envs:_load_env_modules:27 - Skip loading env module plugrl_env_client.envs.libero.libero_env: libero is not installed. Please install it with pip install "plugrl-env-client[libero]".
[robosuite WARNING] No private macro file found! (macros.py:53)
[robosuite WARNING] It is recommended to use a private macro file (macros.py:54)
[robosuite WARNING] To setup, run: python /home/guangzhao/zuogou/plugrl/plugrl-env-client/.venv-robomimic/lib/python3.11/site-packages/robosuite/scripts/setup_macros.py (macros.py:55)
[robosuite WARNING] No private macro file found! (macros.py:53)
[robosuite WARNING] It is recommended to use a private macro file (macros.py:54)
[robosuite WARNING] To setup, run: python /home/guangzhao/zuogou/plugrl/plugrl-env-client/.venv-robomimic/lib/python3.11/site-packages/robosuite/scripts/setup_macros.py (macros.py:55)
[robosuite WARNING] No private macro file found! (macros.py:53)
[robosuite WARNING] It is recommended to use a private macro file (macros.py:54)
[robosuite WARNING] To setup, run: python /home/guangzhao/zuogou/plugrl/plugrl-env-client/.venv-robomimic/lib/python3.11/site-packages/robosuite/scripts/setup_macros.py (macros.py:55)
2026-09-28 11:19:02.346 | INFO     | plugrl_env_client.agent.websocket_env_client_agent:_wait_for_server:67 - Waiting for server at ws://127.0.0.1:9702...
2026-09-28 11:19:02.349 | INFO     | plugrl_env_client.runner.run:report_server_metadata:56 - Server metadata: {'protocol_version': 1, 'server': 'plugrl-server', 'server_version': '0.1.0', 'algorithm': 'FPOAlgorithm', 'policy': 'FPOPolicy', 'action_dim': 7, 'action_horizon': 4}
2026-09-28 11:19:02.410 | INFO     | plugrl_env_client.agent.websocket_env_client_agent:_wait_for_server:67 - Waiting for server at ws://127.0.0.1:9702...
2026-09-28 11:19:02.413 | INFO     | plugrl_env_client.agent.websocket_env_client_agent:_wait_for_server:67 - Waiting for server at ws://127.0.0.1:9702...
2026-09-28 11:19:02.415 | INFO     | plugrl_env_client.runner.run:report_server_metadata:56 - Server metadata: {'protocol_version': 1, 'server': 'plugrl-server', 'server_version': '0.1.0', 'algorithm': 'FPOAlgorithm', 'policy': 'FPOPolicy', 'action_dim': 7, 'action_horizon': 4}
2026-09-28 11:19:02.415 | INFO     | plugrl_env_client.runner.run:report_server_metadata:56 - Server metadata: {'protocol_version': 1, 'server': 'plugrl-server', 'server_version': '0.1.0', 'algorithm': 'FPOAlgorithm', 'policy': 'FPOPolicy', 'action_dim': 7, 'action_horizon': 4}
2026-09-28 11:19:32.369 | INFO     | plugrl_env_client.runner.rollout:log_timing_summary:98 - Intermediate rollout timing summary: env_steps=3301 infer_calls=830 feedback_calls=829 infer_wait=8.241s infer_obs_pack=0.038s env_step=21.458s feedback_total=0.148s feedback_obs_pack=0.047s feedback_info_pack=0.003s effective_fps=110.46
2026-09-28 11:19:32.425 | INFO     | plugrl_env_client.runner.rollout:log_timing_summary:98 - Intermediate rollout timing summary: env_steps=3312 infer_calls=829 feedback_calls=829 infer_wait=8.621s infer_obs_pack=0.034s env_step=21.073s feedback_total=0.149s feedback_obs_pack=0.047s feedback_info_pack=0.002s effective_fps=110.85
2026-09-28 11:19:32.438 | INFO     | plugrl_env_client.runner.rollout:log_timing_summary:98 - Intermediate rollout timing summary: env_steps=3306 infer_calls=830 feedback_calls=829 infer_wait=8.529s infer_obs_pack=0.034s env_step=21.174s feedback_total=0.148s feedback_obs_pack=0.049s feedback_info_pack=0.003s effective_fps=110.62
2026-09-28 11:20:02.373 | INFO     | plugrl_env_client.runner.rollout:log_timing_summary:98 - Intermediate rollout timing summary: env_steps=6564 infer_calls=1647 feedback_calls=1646 infer_wait=16.640s infer_obs_pack=0.071s env_step=42.755s feedback_total=0.297s feedback_obs_pack=0.093s feedback_info_pack=0.005s effective_fps=109.83
2026-09-28 11:20:02.436 | INFO     | plugrl_env_client.runner.rollout:log_timing_summary:98 - Intermediate rollout timing summary: env_steps=6574 infer_calls=1647 feedback_calls=1646 infer_wait=17.040s infer_obs_pack=0.068s env_step=42.362s feedback_total=0.295s feedback_obs_pack=0.093s feedback_info_pack=0.007s effective_fps=110.00
2026-09-28 11:20:02.440 | INFO     | plugrl_env_client.runner.rollout:log_timing_summary:98 - Intermediate rollout timing summary: env_steps=6559 infer_calls=1647 feedback_calls=1646 infer_wait=17.136s infer_obs_pack=0.068s env_step=42.264s feedback_total=0.292s feedback_obs_pack=0.098s feedback_info_pack=0.005s effective_fps=109.75
2026-09-28 11:20:32.390 | INFO     | plugrl_env_client.runner.rollout:log_timing_summary:98 - Intermediate rollout timing summary: env_steps=9756 infer_calls=2448 feedback_calls=2447 infer_wait=25.482s infer_obs_pack=0.104s env_step=63.626s feedback_total=0.443s feedback_obs_pack=0.139s feedback_info_pack=0.008s effective_fps=108.82
2026-09-28 11:20:32.438 | INFO     | plugrl_env_client.runner.rollout:log_timing_summary:98 - Intermediate rollout timing summary: env_steps=9768 infer_calls=2447 feedback_calls=2446 infer_wait=25.519s infer_obs_pack=0.100s env_step=63.586s feedback_total=0.439s feedback_obs_pack=0.143s feedback_info_pack=0.009s effective_fps=108.96
2026-09-28 11:20:32.442 | INFO     | plugrl_env_client.runner.rollout:log_timing_summary:98 - Intermediate rollout timing summary: env_steps=9754 infer_calls=2447 feedback_calls=2446 infer_wait=25.523s infer_obs_pack=0.101s env_step=63.587s feedback_total=0.434s feedback_obs_pack=0.144s feedback_info_pack=0.008s effective_fps=108.81
2026-09-28 11:21:02.396 | INFO     | plugrl_env_client.runner.rollout:log_timing_summary:98 - Intermediate rollout timing summary: env_steps=12997 infer_calls=3260 feedback_calls=3259 infer_wait=34.045s infer_obs_pack=0.137s env_step=84.773s feedback_total=0.585s feedback_obs_pack=0.185s feedback_info_pack=0.011s effective_fps=108.73
2026-09-28 11:21:02.453 | INFO     | plugrl_env_client.runner.rollout:log_timing_summary:98 - Intermediate rollout timing summary: env_steps=13001 infer_calls=3260 feedback_calls=3259 infer_wait=34.065s infer_obs_pack=0.136s env_step=84.743s feedback_total=0.587s feedback_obs_pack=0.193s feedback_info_pack=0.012s effective_fps=108.77
2026-09-28 11:21:02.456 | INFO     | plugrl_env_client.runner.rollout:log_timing_summary:98 - Intermediate rollout timing summary: env_steps=12992 infer_calls=3260 feedback_calls=3259 infer_wait=33.775s infer_obs_pack=0.136s env_step=85.047s feedback_total=0.577s feedback_obs_pack=0.192s feedback_info_pack=0.010s effective_fps=108.69
2026-09-28 11:23:21.024 | INFO     | plugrl_env_client.runner.rollout:log_timing_summary:98 - Intermediate rollout timing summary: env_steps=15947 infer_calls=4001 feedback_calls=4000 infer_wait=153.592s infer_obs_pack=0.166s env_step=103.511s feedback_total=0.719s feedback_obs_pack=0.237s feedback_info_pack=0.014s effective_fps=61.81
2026-09-28 11:23:21.030 | INFO     | plugrl_env_client.runner.rollout:log_timing_summary:98 - Intermediate rollout timing summary: env_steps=15946 infer_calls=4001 feedback_calls=4000 infer_wait=153.144s infer_obs_pack=0.167s env_step=103.977s feedback_total=0.712s feedback_obs_pack=0.235s feedback_info_pack=0.012s effective_fps=61.81
2026-09-28 11:23:21.034 | INFO     | plugrl_env_client.runner.rollout:log_timing_summary:98 - Intermediate rollout timing summary: env_steps=15954 infer_calls=4003 feedback_calls=4002 infer_wait=153.609s infer_obs_pack=0.167s env_step=103.571s feedback_total=0.716s feedback_obs_pack=0.227s feedback_info_pack=0.013s effective_fps=61.82
2026-09-28 11:23:51.027 | INFO     | plugrl_env_client.runner.rollout:log_timing_summary:98 - Intermediate rollout timing summary: env_steps=19217 infer_calls=4823 feedback_calls=4822 infer_wait=162.132s infer_obs_pack=0.201s env_step=124.661s feedback_total=0.867s feedback_obs_pack=0.284s feedback_info_pack=0.016s effective_fps=66.76
2026-09-28 11:23:51.034 | INFO     | plugrl_env_client.runner.rollout:log_timing_summary:98 - Intermediate rollout timing summary: env_steps=19220 infer_calls=4823 feedback_calls=4822 infer_wait=161.472s infer_obs_pack=0.201s env_step=125.351s feedback_total=0.856s feedback_obs_pack=0.283s feedback_info_pack=0.016s effective_fps=66.76
2026-09-28 11:23:51.037 | INFO     | plugrl_env_client.runner.rollout:log_timing_summary:98 - Intermediate rollout timing summary: env_steps=19222 infer_calls=4825 feedback_calls=4824 infer_wait=162.338s infer_obs_pack=0.202s env_step=124.533s feedback_total=0.867s feedback_obs_pack=0.275s feedback_info_pack=0.016s effective_fps=66.76
2026-09-28 11:24:21.028 | INFO     | plugrl_env_client.runner.rollout:log_timing_summary:98 - Intermediate rollout timing summary: env_steps=22526 infer_calls=5651 feedback_calls=5650 infer_wait=170.254s infer_obs_pack=0.236s env_step=146.237s feedback_total=1.015s feedback_obs_pack=0.331s feedback_info_pack=0.019s effective_fps=70.89
2026-09-28 11:24:21.041 | INFO     | plugrl_env_client.runner.rollout:log_timing_summary:98 - Intermediate rollout timing summary: env_steps=22524 infer_calls=5651 feedback_calls=5651 infer_wait=169.835s infer_obs_pack=0.237s env_step=146.685s feedback_total=1.004s feedback_obs_pack=0.331s feedback_info_pack=0.018s effective_fps=70.88
2026-09-28 11:24:21.052 | INFO     | plugrl_env_client.runner.rollout:log_timing_summary:98 - Intermediate rollout timing summary: env_steps=22523 infer_calls=5654 feedback_calls=5653 infer_wait=171.106s infer_obs_pack=0.236s env_step=145.479s feedback_total=1.011s feedback_obs_pack=0.323s feedback_info_pack=0.019s effective_fps=70.86
2026-09-28 11:24:51.033 | INFO     | plugrl_env_client.runner.rollout:log_timing_summary:98 - Intermediate rollout timing summary: env_steps=25782 infer_calls=6468 feedback_calls=6467 infer_wait=178.791s infer_obs_pack=0.269s env_step=167.399s feedback_total=1.161s feedback_obs_pack=0.377s feedback_info_pack=0.021s effective_fps=74.17
2026-09-28 11:24:51.055 | INFO     | plugrl_env_client.runner.rollout:log_timing_summary:98 - Intermediate rollout timing summary: env_steps=25779 infer_calls=6469 feedback_calls=6468 infer_wait=178.389s infer_obs_pack=0.272s env_step=167.842s feedback_total=1.152s feedback_obs_pack=0.379s feedback_info_pack=0.021s effective_fps=74.15
2026-09-28 11:24:51.056 | INFO     | plugrl_env_client.runner.rollout:log_timing_summary:98 - Intermediate rollout timing summary: env_steps=25779 infer_calls=6471 feedback_calls=6470 infer_wait=179.605s infer_obs_pack=0.269s env_step=166.685s feedback_total=1.153s feedback_obs_pack=0.370s feedback_info_pack=0.021s effective_fps=74.14
2026-09-28 11:25:21.037 | INFO     | plugrl_env_client.runner.rollout:log_timing_summary:98 - Intermediate rollout timing summary: env_steps=29024 infer_calls=7282 feedback_calls=7282 infer_wait=187.428s infer_obs_pack=0.304s env_step=188.460s feedback_total=1.307s feedback_obs_pack=0.424s feedback_info_pack=0.024s effective_fps=76.89
2026-09-28 11:25:21.057 | INFO     | plugrl_env_client.runner.rollout:log_timing_summary:98 - Intermediate rollout timing summary: env_steps=29029 infer_calls=7285 feedback_calls=7284 infer_wait=187.929s infer_obs_pack=0.303s env_step=188.068s feedback_total=1.296s feedback_obs_pack=0.417s feedback_info_pack=0.024s effective_fps=76.88
2026-09-28 11:25:21.059 | INFO     | plugrl_env_client.runner.rollout:log_timing_summary:98 - Intermediate rollout timing summary: env_steps=29022 infer_calls=7283 feedback_calls=7282 infer_wait=187.029s infer_obs_pack=0.305s env_step=188.911s feedback_total=1.293s feedback_obs_pack=0.427s feedback_info_pack=0.023s effective_fps=76.87
2026-09-28 11:27:38.404 | INFO     | plugrl_env_client.runner.rollout:log_timing_summary:98 - Intermediate rollout timing summary: env_steps=31890 infer_calls=8003 feedback_calls=8002 infer_wait=306.844s infer_obs_pack=0.333s env_step=206.238s feedback_total=1.424s feedback_obs_pack=0.458s feedback_info_pack=0.026s effective_fps=61.94
2026-09-28 11:27:38.404 | INFO     | plugrl_env_client.runner.rollout:log_timing_summary:98 - Intermediate rollout timing summary: env_steps=31886 infer_calls=8001 feedback_calls=8000 infer_wait=306.113s infer_obs_pack=0.333s env_step=206.874s feedback_total=1.435s feedback_obs_pack=0.468s feedback_info_pack=0.026s effective_fps=61.94
2026-09-28 11:27:38.406 | INFO     | plugrl_env_client.runner.rollout:log_timing_summary:98 - Intermediate rollout timing summary: env_steps=31881 infer_calls=8001 feedback_calls=8000 infer_wait=306.138s infer_obs_pack=0.335s env_step=206.881s feedback_total=1.422s feedback_obs_pack=0.471s feedback_info_pack=0.026s effective_fps=61.93
2026-09-28 11:28:08.404 | INFO     | plugrl_env_client.runner.rollout:log_timing_summary:98 - Intermediate rollout timing summary: env_steps=35104 infer_calls=8808 feedback_calls=8807 infer_wait=315.085s infer_obs_pack=0.367s env_step=227.696s feedback_total=1.571s feedback_obs_pack=0.507s feedback_info_pack=0.029s effective_fps=64.44
2026-09-28 11:28:08.407 | INFO     | plugrl_env_client.runner.rollout:log_timing_summary:98 - Intermediate rollout timing summary: env_steps=35091 infer_calls=8806 feedback_calls=8805 infer_wait=315.001s infer_obs_pack=0.368s env_step=227.720s feedback_total=1.565s feedback_obs_pack=0.519s feedback_info_pack=0.028s effective_fps=64.43
2026-09-28 11:28:08.412 | INFO     | plugrl_env_client.runner.rollout:log_timing_summary:98 - Intermediate rollout timing summary: env_steps=35090 infer_calls=8806 feedback_calls=8805 infer_wait=314.887s infer_obs_pack=0.367s env_step=227.800s feedback_total=1.580s feedback_obs_pack=0.517s feedback_info_pack=0.028s effective_fps=64.43
2026-09-28 11:28:38.409 | INFO     | plugrl_env_client.runner.rollout:log_timing_summary:98 - Intermediate rollout timing summary: env_steps=38361 infer_calls=9626 feedback_calls=9625 infer_wait=323.585s infer_obs_pack=0.401s env_step=248.897s feedback_total=1.719s feedback_obs_pack=0.554s feedback_info_pack=0.032s effective_fps=66.76
2026-09-28 11:28:38.415 | INFO     | plugrl_env_client.runner.rollout:log_timing_summary:98 - Intermediate rollout timing summary: env_steps=38355 infer_calls=9624 feedback_calls=9623 infer_wait=323.328s infer_obs_pack=0.402s env_step=249.106s feedback_total=1.709s feedback_obs_pack=0.568s feedback_info_pack=0.031s effective_fps=66.76
2026-09-28 11:28:38.416 | INFO     | plugrl_env_client.runner.rollout:log_timing_summary:98 - Intermediate rollout timing summary: env_steps=38352 infer_calls=9624 feedback_calls=9623 infer_wait=323.374s infer_obs_pack=0.400s env_step=249.011s feedback_total=1.722s feedback_obs_pack=0.564s feedback_info_pack=0.031s effective_fps=66.76
2026-09-28 11:29:08.413 | INFO     | plugrl_env_client.runner.rollout:log_timing_summary:98 - Intermediate rollout timing summary: env_steps=41643 infer_calls=10450 feedback_calls=10449 infer_wait=332.005s infer_obs_pack=0.434s env_step=270.176s feedback_total=1.863s feedback_obs_pack=0.602s feedback_info_pack=0.035s effective_fps=68.89
2026-09-28 11:29:08.417 | INFO     | plugrl_env_client.runner.rollout:log_timing_summary:98 - Intermediate rollout timing summary: env_steps=41637 infer_calls=10448 feedback_calls=10447 infer_wait=332.259s infer_obs_pack=0.437s env_step=269.866s feedback_total=1.854s feedback_obs_pack=0.617s feedback_info_pack=0.033s effective_fps=68.89
2026-09-28 11:29:08.419 | INFO     | plugrl_env_client.runner.rollout:log_timing_summary:98 - Intermediate rollout timing summary: env_steps=41628 infer_calls=10448 feedback_calls=10447 infer_wait=331.989s infer_obs_pack=0.434s env_step=270.088s feedback_total=1.868s feedback_obs_pack=0.612s feedback_info_pack=0.033s effective_fps=68.88
2026-09-28 11:29:38.421 | INFO     | plugrl_env_client.runner.rollout:log_timing_summary:98 - Intermediate rollout timing summary: env_steps=44916 infer_calls=11273 feedback_calls=11272 infer_wait=340.471s infer_obs_pack=0.468s env_step=291.290s feedback_total=2.020s feedback_obs_pack=0.663s feedback_info_pack=0.036s effective_fps=70.82
2026-09-28 11:29:38.421 | INFO     | plugrl_env_client.runner.rollout:log_timing_summary:98 - Intermediate rollout timing summary: env_steps=44930 infer_calls=11275 feedback_calls=11274 infer_wait=340.309s infer_obs_pack=0.468s env_step=291.575s feedback_total=2.011s feedback_obs_pack=0.650s feedback_info_pack=0.038s effective_fps=70.83
2026-09-28 11:29:38.422 | INFO     | plugrl_env_client.runner.rollout:log_timing_summary:98 - Intermediate rollout timing summary: env_steps=44913 infer_calls=11273 feedback_calls=11272 infer_wait=341.064s infer_obs_pack=0.471s env_step=290.750s feedback_total=2.004s feedback_obs_pack=0.668s feedback_info_pack=0.036s effective_fps=70.81
2026-09-28 11:31:57.593 | INFO     | plugrl_env_client.runner.rollout:log_timing_summary:98 - Intermediate rollout timing summary: env_steps=47809 infer_calls=12001 feedback_calls=12000 infer_wait=461.677s infer_obs_pack=0.502s env_step=309.032s feedback_total=2.134s feedback_obs_pack=0.711s feedback_info_pack=0.038s effective_fps=61.82
2026-09-28 11:31:57.594 | INFO     | plugrl_env_client.runner.rollout:log_timing_summary:98 - Intermediate rollout timing summary: env_steps=47820 infer_calls=12001 feedback_calls=12000 infer_wait=460.585s infer_obs_pack=0.498s env_step=310.076s feedback_total=2.148s feedback_obs_pack=0.705s feedback_info_pack=0.038s effective_fps=61.84
2026-09-28 11:31:57.596 | INFO     | plugrl_env_client.runner.rollout:log_timing_summary:98 - Intermediate rollout timing summary: env_steps=47832 infer_calls=12003 feedback_calls=12002 infer_wait=460.865s infer_obs_pack=0.498s env_step=309.924s feedback_total=2.138s feedback_obs_pack=0.692s feedback_info_pack=0.040s effective_fps=61.84
2026-09-28 11:32:27.597 | INFO     | plugrl_env_client.runner.rollout:log_timing_summary:98 - Intermediate rollout timing summary: env_steps=51083 infer_calls=12822 feedback_calls=12821 infer_wait=469.165s infer_obs_pack=0.535s env_step=331.180s feedback_total=2.294s feedback_obs_pack=0.753s feedback_info_pack=0.041s effective_fps=63.60
2026-09-28 11:32:27.598 | INFO     | plugrl_env_client.runner.rollout:log_timing_summary:98 - Intermediate rollout timing summary: env_steps=51107 infer_calls=12824 feedback_calls=12823 infer_wait=469.029s infer_obs_pack=0.531s env_step=331.460s feedback_total=2.280s feedback_obs_pack=0.740s feedback_info_pack=0.043s effective_fps=63.62
2026-09-28 11:32:27.599 | INFO     | plugrl_env_client.runner.rollout:log_timing_summary:98 - Intermediate rollout timing summary: env_steps=51081 infer_calls=12822 feedback_calls=12821 infer_wait=470.523s infer_obs_pack=0.537s env_step=329.889s feedback_total=2.280s feedback_obs_pack=0.760s feedback_info_pack=0.040s effective_fps=63.59
2026-09-28 11:32:57.598 | INFO     | plugrl_env_client.runner.rollout:log_timing_summary:98 - Intermediate rollout timing summary: env_steps=54402 infer_calls=13649 feedback_calls=13649 infer_wait=477.640s infer_obs_pack=0.565s env_step=352.546s feedback_total=2.425s feedback_obs_pack=0.788s feedback_info_pack=0.046s effective_fps=65.29
2026-09-28 11:32:57.612 | INFO     | plugrl_env_client.runner.rollout:log_timing_summary:98 - Intermediate rollout timing summary: env_steps=54380 infer_calls=13648 feedback_calls=13647 infer_wait=478.570s infer_obs_pack=0.571s env_step=351.553s feedback_total=2.426s feedback_obs_pack=0.809s feedback_info_pack=0.043s effective_fps=65.27
2026-09-28 11:32:57.616 | INFO     | plugrl_env_client.runner.rollout:log_timing_summary:98 - Intermediate rollout timing summary: env_steps=54366 infer_calls=13648 feedback_calls=13647 infer_wait=477.894s infer_obs_pack=0.570s env_step=352.159s feedback_total=2.437s feedback_obs_pack=0.801s feedback_info_pack=0.043s effective_fps=65.26
2026-09-28 11:33:27.601 | INFO     | plugrl_env_client.runner.rollout:log_timing_summary:98 - Intermediate rollout timing summary: env_steps=57672 infer_calls=14469 feedback_calls=14469 infer_wait=486.201s infer_obs_pack=0.599s env_step=373.684s feedback_total=2.572s feedback_obs_pack=0.838s feedback_info_pack=0.049s effective_fps=66.82
2026-09-28 11:33:27.613 | INFO     | plugrl_env_client.runner.rollout:log_timing_summary:98 - Intermediate rollout timing summary: env_steps=57648 infer_calls=14468 feedback_calls=14467 infer_wait=487.102s infer_obs_pack=0.605s env_step=372.719s feedback_total=2.572s feedback_obs_pack=0.860s feedback_info_pack=0.046s effective_fps=66.80
2026-09-28 11:33:27.621 | INFO     | plugrl_env_client.runner.rollout:log_timing_summary:98 - Intermediate rollout timing summary: env_steps=57633 infer_calls=14468 feedback_calls=14467 infer_wait=486.629s infer_obs_pack=0.604s env_step=373.115s feedback_total=2.580s feedback_obs_pack=0.850s feedback_info_pack=0.046s effective_fps=66.79
2026-09-28 11:33:57.602 | INFO     | plugrl_env_client.runner.rollout:log_timing_summary:98 - Intermediate rollout timing summary: env_steps=60965 infer_calls=15296 feedback_calls=15296 infer_wait=494.574s infer_obs_pack=0.633s env_step=395.001s feedback_total=2.717s feedback_obs_pack=0.885s feedback_info_pack=0.051s effective_fps=68.28
2026-09-28 11:33:57.617 | INFO     | plugrl_env_client.runner.rollout:log_timing_summary:98 - Intermediate rollout timing summary: env_steps=60939 infer_calls=15295 feedback_calls=15294 infer_wait=495.598s infer_obs_pack=0.639s env_step=393.915s feedback_total=2.721s feedback_obs_pack=0.909s feedback_info_pack=0.048s effective_fps=68.25
2026-09-28 11:33:57.625 | INFO     | plugrl_env_client.runner.rollout:log_timing_summary:98 - Intermediate rollout timing summary: env_steps=60926 infer_calls=15295 feedback_calls=15294 infer_wait=495.249s infer_obs_pack=0.638s env_step=394.182s feedback_total=2.727s feedback_obs_pack=0.897s feedback_info_pack=0.048s effective_fps=68.24
2026-09-28 11:36:14.177 | INFO     | plugrl_env_client.runner.rollout:log_timing_summary:98 - Intermediate rollout timing summary: env_steps=63752 infer_calls=16001 feedback_calls=16000 infer_wait=614.486s infer_obs_pack=0.668s env_step=411.318s feedback_total=2.846s feedback_obs_pack=0.951s feedback_info_pack=0.050s effective_fps=61.94
2026-09-28 11:36:14.177 | INFO     | plugrl_env_client.runner.rollout:log_timing_summary:98 - Intermediate rollout timing summary: env_steps=63739 infer_calls=16001 feedback_calls=16000 infer_wait=613.692s infer_obs_pack=0.667s env_step=412.026s feedback_total=2.852s feedback_obs_pack=0.938s feedback_info_pack=0.050s effective_fps=61.93
2026-09-28 11:36:14.179 | INFO     | plugrl_env_client.runner.rollout:log_timing_summary:98 - Intermediate rollout timing summary: env_steps=63781 infer_calls=16003 feedback_calls=16002 infer_wait=613.245s infer_obs_pack=0.662s env_step=412.643s feedback_total=2.842s feedback_obs_pack=0.926s feedback_info_pack=0.054s effective_fps=61.96
2026-09-28 11:36:44.178 | INFO     | plugrl_env_client.runner.rollout:log_timing_summary:98 - Intermediate rollout timing summary: env_steps=67023 infer_calls=16822 feedback_calls=16821 infer_wait=623.191s infer_obs_pack=0.704s env_step=432.307s feedback_total=2.995s feedback_obs_pack=1.003s feedback_info_pack=0.053s effective_fps=63.28
2026-09-28 11:36:44.178 | INFO     | plugrl_env_client.runner.rollout:log_timing_summary:98 - Intermediate rollout timing summary: env_steps=67009 infer_calls=16822 feedback_calls=16821 infer_wait=622.069s infer_obs_pack=0.701s env_step=433.341s feedback_total=3.000s feedback_obs_pack=0.985s feedback_info_pack=0.053s effective_fps=63.27
2026-09-28 11:36:44.184 | INFO     | plugrl_env_client.runner.rollout:log_timing_summary:98 - Intermediate rollout timing summary: env_steps=67058 infer_calls=16824 feedback_calls=16823 infer_wait=621.570s infer_obs_pack=0.696s env_step=434.020s feedback_total=2.990s feedback_obs_pack=0.973s feedback_info_pack=0.056s effective_fps=63.31
2026-09-28 11:37:14.179 | INFO     | plugrl_env_client.runner.rollout:log_timing_summary:98 - Intermediate rollout timing summary: env_steps=70309 infer_calls=17650 feedback_calls=17649 infer_wait=630.642s infer_obs_pack=0.735s env_step=454.462s feedback_total=3.148s feedback_obs_pack=1.036s feedback_info_pack=0.055s effective_fps=64.56
2026-09-28 11:37:14.181 | INFO     | plugrl_env_client.runner.rollout:log_timing_summary:98 - Intermediate rollout timing summary: env_steps=70323 infer_calls=17650 feedback_calls=17649 infer_wait=631.578s infer_obs_pack=0.739s env_step=453.622s feedback_total=3.139s feedback_obs_pack=1.051s feedback_info_pack=0.055s effective_fps=64.57
2026-09-28 11:37:14.184 | INFO     | plugrl_env_client.runner.rollout:log_timing_summary:98 - Intermediate rollout timing summary: env_steps=70354 infer_calls=17652 feedback_calls=17651 infer_wait=629.836s infer_obs_pack=0.730s env_step=455.445s feedback_total=3.136s feedback_obs_pack=1.020s feedback_info_pack=0.059s effective_fps=64.60
2026-09-28 11:37:44.185 | INFO     | plugrl_env_client.runner.rollout:log_timing_summary:98 - Intermediate rollout timing summary: env_steps=73641 infer_calls=18487 feedback_calls=18486 infer_wait=638.895s infer_obs_pack=0.770s env_step=475.900s feedback_total=3.299s feedback_obs_pack=1.083s feedback_info_pack=0.058s effective_fps=65.82
2026-09-28 11:37:44.185 | INFO     | plugrl_env_client.runner.rollout:log_timing_summary:98 - Intermediate rollout timing summary: env_steps=73682 infer_calls=18489 feedback_calls=18488 infer_wait=638.445s infer_obs_pack=0.767s env_step=476.527s feedback_total=3.283s feedback_obs_pack=1.067s feedback_info_pack=0.062s effective_fps=65.85
2026-09-28 11:37:44.186 | INFO     | plugrl_env_client.runner.rollout:log_timing_summary:98 - Intermediate rollout timing summary: env_steps=73661 infer_calls=18487 feedback_calls=18486 infer_wait=639.813s infer_obs_pack=0.774s env_step=475.075s feedback_total=3.295s feedback_obs_pack=1.102s feedback_info_pack=0.058s effective_fps=65.83
2026-09-28 11:38:14.185 | INFO     | plugrl_env_client.runner.rollout:log_timing_summary:98 - Intermediate rollout timing summary: env_steps=76985 infer_calls=19319 feedback_calls=19319 infer_wait=647.223s infer_obs_pack=0.804s env_step=497.432s feedback_total=3.433s feedback_obs_pack=1.115s feedback_info_pack=0.065s effective_fps=67.01
2026-09-28 11:38:14.186 | INFO     | plugrl_env_client.runner.rollout:log_timing_summary:98 - Intermediate rollout timing summary: env_steps=76970 infer_calls=19317 feedback_calls=19317 infer_wait=647.939s infer_obs_pack=0.809s env_step=496.642s feedback_total=3.446s feedback_obs_pack=1.153s feedback_info_pack=0.061s effective_fps=67.00
2026-09-28 11:38:14.188 | INFO     | plugrl_env_client.runner.rollout:log_timing_summary:98 - Intermediate rollout timing summary: env_steps=76950 infer_calls=19317 feedback_calls=19317 infer_wait=647.276s infer_obs_pack=0.804s env_step=497.216s feedback_total=3.446s feedback_obs_pack=1.131s feedback_info_pack=0.060s effective_fps=66.99
2026-09-28 11:40:30.730 | INFO     | plugrl_env_client.runner.rollout:log_timing_summary:98 - Intermediate rollout timing summary: env_steps=79693 infer_calls=20001 feedback_calls=20000 infer_wait=766.827s infer_obs_pack=0.838s env_step=514.047s feedback_total=3.569s feedback_obs_pack=1.193s feedback_info_pack=0.063s effective_fps=62.00
2026-09-28 11:40:30.734 | INFO     | plugrl_env_client.runner.rollout:log_timing_summary:98 - Intermediate rollout timing summary: env_steps=79709 infer_calls=20003 feedback_calls=20002 infer_wait=766.285s infer_obs_pack=0.832s env_step=514.668s feedback_total=3.550s feedback_obs_pack=1.153s feedback_info_pack=0.067s effective_fps=62.01
2026-09-28 11:40:30.735 | INFO     | plugrl_env_client.runner.rollout:log_timing_summary:98 - Intermediate rollout timing summary: env_steps=79670 infer_calls=20001 feedback_calls=20000 infer_wait=766.607s infer_obs_pack=0.834s env_step=514.175s feedback_total=3.567s feedback_obs_pack=1.170s feedback_info_pack=0.062s effective_fps=61.99
2026-09-28 11:41:00.734 | INFO     | plugrl_env_client.runner.rollout:log_timing_summary:98 - Intermediate rollout timing summary: env_steps=82979 infer_calls=20826 feedback_calls=20825 infer_wait=775.423s infer_obs_pack=0.873s env_step=535.147s feedback_total=3.719s feedback_obs_pack=1.242s feedback_info_pack=0.065s effective_fps=63.09
2026-09-28 11:41:00.736 | INFO     | plugrl_env_client.runner.rollout:log_timing_summary:98 - Intermediate rollout timing summary: env_steps=82997 infer_calls=20828 feedback_calls=20827 infer_wait=774.637s infer_obs_pack=0.866s env_step=536.009s feedback_total=3.700s feedback_obs_pack=1.201s feedback_info_pack=0.070s effective_fps=63.11
2026-09-28 11:41:00.741 | INFO     | plugrl_env_client.runner.rollout:log_timing_summary:98 - Intermediate rollout timing summary: env_steps=82949 infer_calls=20826 feedback_calls=20825 infer_wait=775.393s infer_obs_pack=0.868s env_step=535.079s feedback_total=3.718s feedback_obs_pack=1.219s feedback_info_pack=0.065s effective_fps=63.08
2026-09-28 11:41:30.737 | INFO     | plugrl_env_client.runner.rollout:log_timing_summary:98 - Intermediate rollout timing summary: env_steps=86282 infer_calls=21650 feedback_calls=21649 infer_wait=782.966s infer_obs_pack=0.900s env_step=557.377s feedback_total=3.847s feedback_obs_pack=1.248s feedback_info_pack=0.072s effective_fps=64.15
2026-09-28 11:41:30.754 | INFO     | plugrl_env_client.runner.rollout:log_timing_summary:98 - Intermediate rollout timing summary: env_steps=86252 infer_calls=21649 feedback_calls=21648 infer_wait=784.079s infer_obs_pack=0.907s env_step=556.203s feedback_total=3.864s feedback_obs_pack=1.290s feedback_info_pack=0.068s effective_fps=64.13
2026-09-28 11:41:30.756 | INFO     | plugrl_env_client.runner.rollout:log_timing_summary:98 - Intermediate rollout timing summary: env_steps=86230 infer_calls=21649 feedback_calls=21648 infer_wait=783.880s infer_obs_pack=0.902s env_step=556.303s feedback_total=3.861s feedback_obs_pack=1.266s feedback_info_pack=0.067s effective_fps=64.11
2026-09-28 11:42:00.758 | INFO     | plugrl_env_client.runner.rollout:log_timing_summary:98 - Intermediate rollout timing summary: env_steps=89559 infer_calls=22484 feedback_calls=22483 infer_wait=792.620s infer_obs_pack=0.937s env_step=577.253s feedback_total=4.007s feedback_obs_pack=1.314s feedback_info_pack=0.070s effective_fps=65.14
2026-09-28 11:42:00.759 | INFO     | plugrl_env_client.runner.rollout:log_timing_summary:98 - Intermediate rollout timing summary: env_steps=89611 infer_calls=22486 feedback_calls=22485 infer_wait=791.187s infer_obs_pack=0.937s env_step=578.863s feedback_total=4.000s feedback_obs_pack=1.296s feedback_info_pack=0.075s effective_fps=65.17
2026-09-28 11:42:00.759 | INFO     | plugrl_env_client.runner.rollout:log_timing_summary:98 - Intermediate rollout timing summary: env_steps=89584 infer_calls=22484 feedback_calls=22483 infer_wait=792.526s infer_obs_pack=0.942s env_step=577.456s feedback_total=4.013s feedback_obs_pack=1.340s feedback_info_pack=0.070s effective_fps=65.15
2026-09-28 11:42:30.760 | INFO     | plugrl_env_client.runner.rollout:log_timing_summary:98 - Intermediate rollout timing summary: env_steps=92871 infer_calls=23316 feedback_calls=23315 infer_wait=801.125s infer_obs_pack=0.971s env_step=598.433s feedback_total=4.156s feedback_obs_pack=1.364s feedback_info_pack=0.072s effective_fps=66.12
2026-09-28 11:42:30.761 | INFO     | plugrl_env_client.runner.rollout:log_timing_summary:98 - Intermediate rollout timing summary: env_steps=92901 infer_calls=23316 feedback_calls=23315 infer_wait=800.791s infer_obs_pack=0.977s env_step=598.882s feedback_total=4.161s feedback_obs_pack=1.389s feedback_info_pack=0.073s effective_fps=66.13
2026-09-28 11:42:30.762 | INFO     | plugrl_env_client.runner.rollout:log_timing_summary:98 - Intermediate rollout timing summary: env_steps=92930 infer_calls=23318 feedback_calls=23317 infer_wait=799.711s infer_obs_pack=0.971s env_step=600.038s feedback_total=4.145s feedback_obs_pack=1.344s feedback_info_pack=0.078s effective_fps=66.15
2026-09-28 11:44:48.334 | INFO     | plugrl_env_client.runner.rollout:log_timing_summary:98 - Intermediate rollout timing summary: env_steps=95626 infer_calls=24001 feedback_calls=24000 infer_wait=920.711s infer_obs_pack=1.005s env_step=616.280s feedback_total=4.285s feedback_obs_pack=1.429s feedback_info_pack=0.075s effective_fps=62.00
2026-09-28 11:44:48.335 | INFO     | plugrl_env_client.runner.rollout:log_timing_summary:98 - Intermediate rollout timing summary: env_steps=95664 infer_calls=24003 feedback_calls=24002 infer_wait=919.619s infer_obs_pack=1.000s env_step=617.449s feedback_total=4.267s feedback_obs_pack=1.384s feedback_info_pack=0.080s effective_fps=62.03
2026-09-28 11:44:48.337 | INFO     | plugrl_env_client.runner.rollout:log_timing_summary:98 - Intermediate rollout timing summary: env_steps=95602 infer_calls=24001 feedback_calls=24000 infer_wait=920.957s infer_obs_pack=0.999s env_step=615.925s feedback_total=4.277s feedback_obs_pack=1.403s feedback_info_pack=0.074s effective_fps=61.99
2026-09-28 11:45:18.339 | INFO     | plugrl_env_client.runner.rollout:log_timing_summary:98 - Intermediate rollout timing summary: env_steps=98908 infer_calls=24817 feedback_calls=24816 infer_wait=928.001s infer_obs_pack=1.033s env_step=638.769s feedback_total=4.414s feedback_obs_pack=1.431s feedback_info_pack=0.083s effective_fps=62.91
2026-09-28 11:45:18.341 | INFO     | plugrl_env_client.runner.rollout:log_timing_summary:98 - Intermediate rollout timing summary: env_steps=98870 infer_calls=24815 feedback_calls=24814 infer_wait=929.379s infer_obs_pack=1.039s env_step=637.312s feedback_total=4.430s feedback_obs_pack=1.480s feedback_info_pack=0.077s effective_fps=62.89
2026-09-28 11:45:18.344 | INFO     | plugrl_env_client.runner.rollout:log_timing_summary:98 - Intermediate rollout timing summary: env_steps=98849 infer_calls=24815 feedback_calls=24814 infer_wait=928.940s infer_obs_pack=1.033s env_step=637.636s feedback_total=4.423s feedback_obs_pack=1.450s feedback_info_pack=0.077s effective_fps=62.88
2026-09-28 11:45:48.349 | INFO     | plugrl_env_client.runner.rollout:log_timing_summary:98 - Intermediate rollout timing summary: env_steps=102128 infer_calls=25639 feedback_calls=25638 infer_wait=937.626s infer_obs_pack=1.067s env_step=658.646s feedback_total=4.567s feedback_obs_pack=1.497s feedback_info_pack=0.079s effective_fps=63.75
2026-09-28 11:45:48.350 | INFO     | plugrl_env_client.runner.rollout:log_timing_summary:98 - Intermediate rollout timing summary: env_steps=102146 infer_calls=25639 feedback_calls=25638 infer_wait=938.171s infer_obs_pack=1.073s env_step=658.217s feedback_total=4.575s feedback_obs_pack=1.528s feedback_info_pack=0.080s effective_fps=63.76
2026-09-28 11:45:48.352 | INFO     | plugrl_env_client.runner.rollout:log_timing_summary:98 - Intermediate rollout timing summary: env_steps=102192 infer_calls=25641 feedback_calls=25640 infer_wait=936.608s infer_obs_pack=1.067s env_step=659.866s feedback_total=4.562s feedback_obs_pack=1.479s feedback_info_pack=0.085s effective_fps=63.79
2026-09-28 11:46:18.358 | INFO     | plugrl_env_client.runner.rollout:log_timing_summary:98 - Intermediate rollout timing summary: env_steps=105432 infer_calls=26465 feedback_calls=26464 infer_wait=946.826s infer_obs_pack=1.108s env_step=679.256s feedback_total=4.727s feedback_obs_pack=1.577s feedback_info_pack=0.082s effective_fps=64.61
2026-09-28 11:46:18.359 | INFO     | plugrl_env_client.runner.rollout:log_timing_summary:98 - Intermediate rollout timing summary: env_steps=105491 infer_calls=26467 feedback_calls=26466 infer_wait=945.151s infer_obs_pack=1.101s env_step=681.030s feedback_total=4.703s feedback_obs_pack=1.526s feedback_info_pack=0.088s effective_fps=64.64
2026-09-28 11:46:18.360 | INFO     | plugrl_env_client.runner.rollout:log_timing_summary:98 - Intermediate rollout timing summary: env_steps=105416 infer_calls=26465 feedback_calls=26464 infer_wait=946.183s infer_obs_pack=1.101s env_step=679.784s feedback_total=4.717s feedback_obs_pack=1.547s feedback_info_pack=0.082s effective_fps=64.60
2026-09-28 11:46:48.364 | INFO     | plugrl_env_client.runner.rollout:log_timing_summary:98 - Intermediate rollout timing summary: env_steps=108699 infer_calls=27288 feedback_calls=27287 infer_wait=954.721s infer_obs_pack=1.135s env_step=700.945s feedback_total=4.861s feedback_obs_pack=1.595s feedback_info_pack=0.084s effective_fps=65.42
2026-09-28 11:46:48.366 | INFO     | plugrl_env_client.runner.rollout:log_timing_summary:98 - Intermediate rollout timing summary: env_steps=108711 infer_calls=27288 feedback_calls=27287 infer_wait=955.176s infer_obs_pack=1.142s env_step=700.607s feedback_total=4.870s feedback_obs_pack=1.626s feedback_info_pack=0.085s effective_fps=65.42
2026-09-28 11:46:48.367 | INFO     | plugrl_env_client.runner.rollout:log_timing_summary:98 - Intermediate rollout timing summary: env_steps=108771 infer_calls=27290 feedback_calls=27289 infer_wait=953.531s infer_obs_pack=1.135s env_step=702.353s feedback_total=4.848s feedback_obs_pack=1.573s feedback_info_pack=0.091s effective_fps=65.45
2026-09-28 11:49:05.987 | INFO     | plugrl_env_client.runner.rollout:log_timing_summary:98 - Intermediate rollout timing summary: env_steps=111546 infer_calls=28001 feedback_calls=28000 infer_wait=1074.016s infer_obs_pack=1.164s env_step=719.008s feedback_total=4.987s feedback_obs_pack=1.635s feedback_info_pack=0.087s effective_fps=62.00
2026-09-28 11:49:05.994 | INFO     | plugrl_env_client.runner.rollout:log_timing_summary:98 - Intermediate rollout timing summary: env_steps=111542 infer_calls=28001 feedback_calls=28000 infer_wait=1074.834s infer_obs_pack=1.172s env_step=718.305s feedback_total=5.001s feedback_obs_pack=1.668s feedback_info_pack=0.087s effective_fps=61.99
2026-09-28 11:49:05.994 | INFO     | plugrl_env_client.runner.rollout:log_timing_summary:98 - Intermediate rollout timing summary: env_steps=111611 infer_calls=28003 feedback_calls=28002 infer_wait=1072.403s infer_obs_pack=1.164s env_step=720.845s feedback_total=4.974s feedback_obs_pack=1.614s feedback_info_pack=0.094s effective_fps=62.03
2026-09-28 11:49:35.988 | INFO     | plugrl_env_client.runner.rollout:log_timing_summary:98 - Intermediate rollout timing summary: env_steps=114826 infer_calls=28825 feedback_calls=28824 infer_wait=1082.632s infer_obs_pack=1.200s env_step=740.073s feedback_total=5.140s feedback_obs_pack=1.686s feedback_info_pack=0.089s effective_fps=62.78
2026-09-28 11:49:35.997 | INFO     | plugrl_env_client.runner.rollout:log_timing_summary:98 - Intermediate rollout timing summary: env_steps=114829 infer_calls=28825 feedback_calls=28825 infer_wait=1083.327s infer_obs_pack=1.207s env_step=739.501s feedback_total=5.151s feedback_obs_pack=1.718s feedback_info_pack=0.090s effective_fps=62.78
2026-09-28 11:49:36.010 | INFO     | plugrl_env_client.runner.rollout:log_timing_summary:98 - Intermediate rollout timing summary: env_steps=114898 infer_calls=28828 feedback_calls=28827 infer_wait=1080.844s infer_obs_pack=1.198s env_step=742.110s feedback_total=5.123s feedback_obs_pack=1.662s feedback_info_pack=0.096s effective_fps=62.81
2026-09-28 11:50:05.992 | INFO     | plugrl_env_client.runner.rollout:log_timing_summary:98 - Intermediate rollout timing summary: env_steps=118129 infer_calls=29653 feedback_calls=29653 infer_wait=1091.104s infer_obs_pack=1.234s env_step=761.300s feedback_total=5.283s feedback_obs_pack=1.734s feedback_info_pack=0.092s effective_fps=63.55
2026-09-28 11:50:06.011 | INFO     | plugrl_env_client.runner.rollout:log_timing_summary:98 - Intermediate rollout timing summary: env_steps=118136 infer_calls=29654 feedback_calls=29653 infer_wait=1091.861s infer_obs_pack=1.241s env_step=760.674s feedback_total=5.300s feedback_obs_pack=1.770s feedback_info_pack=0.092s effective_fps=63.55
2026-09-28 11:50:06.015 | INFO     | plugrl_env_client.runner.rollout:log_timing_summary:98 - Intermediate rollout timing summary: env_steps=118196 infer_calls=29656 feedback_calls=29655 infer_wait=1089.355s infer_obs_pack=1.233s env_step=763.299s feedback_total=5.267s feedback_obs_pack=1.709s feedback_info_pack=0.099s effective_fps=63.58
2026-09-28 11:50:36.005 | INFO     | plugrl_env_client.runner.rollout:log_timing_summary:98 - Intermediate rollout timing summary: env_steps=121378 infer_calls=30468 feedback_calls=30467 infer_wait=1099.365s infer_obs_pack=1.268s env_step=782.743s feedback_total=5.428s feedback_obs_pack=1.782s feedback_info_pack=0.095s effective_fps=64.26
2026-09-28 11:50:36.012 | INFO     | plugrl_env_client.runner.rollout:log_timing_summary:98 - Intermediate rollout timing summary: env_steps=121379 infer_calls=30468 feedback_calls=30467 infer_wait=1100.738s infer_obs_pack=1.275s env_step=781.492s feedback_total=5.444s feedback_obs_pack=1.819s feedback_info_pack=0.095s effective_fps=64.26
2026-09-28 11:50:36.022 | INFO     | plugrl_env_client.runner.rollout:log_timing_summary:98 - Intermediate rollout timing summary: env_steps=121437 infer_calls=30470 feedback_calls=30469 infer_wait=1098.043s infer_obs_pack=1.266s env_step=784.310s feedback_total=5.415s feedback_obs_pack=1.760s feedback_info_pack=0.102s effective_fps=64.29
2026-09-28 11:51:06.016 | INFO     | plugrl_env_client.runner.rollout:log_timing_summary:98 - Intermediate rollout timing summary: env_steps=124629 infer_calls=31284 feedback_calls=31283 infer_wait=1109.674s infer_obs_pack=1.309s env_step=802.255s feedback_total=5.590s feedback_obs_pack=1.870s feedback_info_pack=0.098s effective_fps=64.95
2026-09-28 11:51:06.017 | INFO     | plugrl_env_client.runner.rollout:log_timing_summary:98 - Intermediate rollout timing summary: env_steps=124628 infer_calls=31284 feedback_calls=31283 infer_wait=1107.523s infer_obs_pack=1.302s env_step=804.289s feedback_total=5.573s feedback_obs_pack=1.830s feedback_info_pack=0.097s effective_fps=64.95
2026-09-28 11:51:06.025 | INFO     | plugrl_env_client.runner.rollout:log_timing_summary:98 - Intermediate rollout timing summary: env_steps=124687 infer_calls=31286 feedback_calls=31285 infer_wait=1106.757s infer_obs_pack=1.300s env_step=805.291s feedback_total=5.559s feedback_obs_pack=1.808s feedback_info_pack=0.105s effective_fps=64.98
2026-09-28 11:53:25.239 | INFO     | plugrl_env_client.runner.rollout:log_timing_summary:98 - Intermediate rollout timing summary: env_steps=127490 infer_calls=32001 feedback_calls=32000 infer_wait=1227.799s infer_obs_pack=1.332s env_step=822.962s feedback_total=5.702s feedback_obs_pack=1.875s feedback_info_pack=0.099s effective_fps=61.95
2026-09-28 11:53:25.240 | INFO     | plugrl_env_client.runner.rollout:log_timing_summary:98 - Intermediate rollout timing summary: env_steps=127542 infer_calls=32003 feedback_calls=32002 infer_wait=1227.136s infer_obs_pack=1.329s env_step=823.858s feedback_total=5.687s feedback_obs_pack=1.852s feedback_info_pack=0.107s effective_fps=61.97
2026-09-28 11:53:25.244 | INFO     | plugrl_env_client.runner.rollout:log_timing_summary:98 - Intermediate rollout timing summary: env_steps=127489 infer_calls=32001 feedback_calls=32000 infer_wait=1230.376s infer_obs_pack=1.339s env_step=820.512s feedback_total=5.721s feedback_obs_pack=1.918s feedback_info_pack=0.100s effective_fps=61.95
2026-09-28 11:53:55.248 | INFO     | plugrl_env_client.runner.rollout:log_timing_summary:98 - Intermediate rollout timing summary: env_steps=130738 infer_calls=32815 feedback_calls=32814 infer_wait=1236.373s infer_obs_pack=1.367s env_step=844.089s feedback_total=5.851s feedback_obs_pack=1.925s feedback_info_pack=0.102s effective_fps=62.62
2026-09-28 11:53:55.248 | INFO     | plugrl_env_client.runner.rollout:log_timing_summary:98 - Intermediate rollout timing summary: env_steps=130777 infer_calls=32817 feedback_calls=32816 infer_wait=1235.541s infer_obs_pack=1.363s env_step=845.140s feedback_total=5.844s feedback_obs_pack=1.899s feedback_info_pack=0.110s effective_fps=62.64
2026-09-28 11:53:55.251 | INFO     | plugrl_env_client.runner.rollout:log_timing_summary:98 - Intermediate rollout timing summary: env_steps=130729 infer_calls=32815 feedback_calls=32814 infer_wait=1239.102s infer_obs_pack=1.376s env_step=841.476s feedback_total=5.871s feedback_obs_pack=1.967s feedback_info_pack=0.102s effective_fps=62.61
2026-09-28 11:54:25.248 | INFO     | plugrl_env_client.runner.rollout:log_timing_summary:98 - Intermediate rollout timing summary: env_steps=134052 infer_calls=33639 feedback_calls=33639 infer_wait=1243.849s infer_obs_pack=1.397s env_step=866.526s feedback_total=5.990s feedback_obs_pack=1.946s feedback_info_pack=0.112s effective_fps=63.30
2026-09-28 11:54:25.249 | INFO     | plugrl_env_client.runner.rollout:log_timing_summary:98 - Intermediate rollout timing summary: env_steps=134014 infer_calls=33637 feedback_calls=33637 infer_wait=1244.710s infer_obs_pack=1.403s env_step=865.441s feedback_total=5.995s feedback_obs_pack=1.974s feedback_info_pack=0.104s effective_fps=63.29
2026-09-28 11:54:25.253 | INFO     | plugrl_env_client.runner.rollout:log_timing_summary:98 - Intermediate rollout timing summary: env_steps=134010 infer_calls=33637 feedback_calls=33637 infer_wait=1247.627s infer_obs_pack=1.410s env_step=862.652s feedback_total=6.015s feedback_obs_pack=2.016s feedback_info_pack=0.105s effective_fps=63.28
2026-09-28 11:54:55.252 | INFO     | plugrl_env_client.runner.rollout:log_timing_summary:98 - Intermediate rollout timing summary: env_steps=137351 infer_calls=34468 feedback_calls=34467 infer_wait=1252.537s infer_obs_pack=1.430s env_step=887.535s feedback_total=6.136s feedback_obs_pack=1.993s feedback_info_pack=0.115s effective_fps=63.95
2026-09-28 11:54:55.253 | INFO     | plugrl_env_client.runner.rollout:log_timing_summary:98 - Intermediate rollout timing summary: env_steps=137319 infer_calls=34466 feedback_calls=34465 infer_wait=1253.123s infer_obs_pack=1.438s env_step=886.727s feedback_total=6.140s feedback_obs_pack=2.022s feedback_info_pack=0.107s effective_fps=63.95
2026-09-28 11:54:55.259 | INFO     | plugrl_env_client.runner.rollout:log_timing_summary:98 - Intermediate rollout timing summary: env_steps=137310 infer_calls=34466 feedback_calls=34465 infer_wait=1256.121s infer_obs_pack=1.444s env_step=883.845s feedback_total=6.170s feedback_obs_pack=2.071s feedback_info_pack=0.107s effective_fps=63.94
2026-09-28 11:55:25.253 | INFO     | plugrl_env_client.runner.rollout:log_timing_summary:98 - Intermediate rollout timing summary: env_steps=140661 infer_calls=35298 feedback_calls=35297 infer_wait=1261.116s infer_obs_pack=1.465s env_step=908.646s feedback_total=6.283s feedback_obs_pack=2.040s feedback_info_pack=0.118s effective_fps=64.60
2026-09-28 11:55:25.257 | INFO     | plugrl_env_client.runner.rollout:log_timing_summary:98 - Intermediate rollout timing summary: env_steps=140625 infer_calls=35296 feedback_calls=35296 infer_wait=1261.586s infer_obs_pack=1.473s env_step=907.953s feedback_total=6.283s feedback_obs_pack=2.069s feedback_info_pack=0.109s effective_fps=64.59
2026-09-28 11:55:25.271 | INFO     | plugrl_env_client.runner.rollout:log_timing_summary:98 - Intermediate rollout timing summary: env_steps=140620 infer_calls=35297 feedback_calls=35296 infer_wait=1264.310s infer_obs_pack=1.479s env_step=905.363s feedback_total=6.317s feedback_obs_pack=2.120s feedback_info_pack=0.110s effective_fps=64.58
2026-09-28 11:57:42.304 | INFO     | plugrl_env_client.runner.rollout:log_timing_summary:98 - Intermediate rollout timing summary: env_steps=143463 infer_calls=36003 feedback_calls=36002 infer_wait=1380.081s infer_obs_pack=1.496s env_step=926.458s feedback_total=6.414s feedback_obs_pack=2.081s feedback_info_pack=0.120s effective_fps=61.99
2026-09-28 11:57:42.306 | INFO     | plugrl_env_client.runner.rollout:log_timing_summary:98 - Intermediate rollout timing summary: env_steps=143426 infer_calls=36001 feedback_calls=36000 infer_wait=1383.393s infer_obs_pack=1.508s env_step=923.054s feedback_total=6.443s feedback_obs_pack=2.162s feedback_info_pack=0.112s effective_fps=61.97
2026-09-28 11:57:42.307 | INFO     | plugrl_env_client.runner.rollout:log_timing_summary:98 - Intermediate rollout timing summary: env_steps=143436 infer_calls=36001 feedback_calls=36000 infer_wait=1380.849s infer_obs_pack=1.502s env_step=925.479s feedback_total=6.409s feedback_obs_pack=2.110s feedback_info_pack=0.111s effective_fps=61.98
2026-09-28 11:58:12.307 | INFO     | plugrl_env_client.runner.rollout:log_timing_summary:98 - Intermediate rollout timing summary: env_steps=146672 infer_calls=36815 feedback_calls=36815 infer_wait=1392.154s infer_obs_pack=1.543s env_step=943.985s feedback_total=6.589s feedback_obs_pack=2.210s feedback_info_pack=0.115s effective_fps=62.57
2026-09-28 11:58:12.318 | INFO     | plugrl_env_client.runner.rollout:log_timing_summary:98 - Intermediate rollout timing summary: env_steps=146712 infer_calls=36818 feedback_calls=36817 infer_wait=1388.448s infer_obs_pack=1.531s env_step=947.804s feedback_total=6.561s feedback_obs_pack=2.128s feedback_info_pack=0.123s effective_fps=62.58
2026-09-28 11:58:12.320 | INFO     | plugrl_env_client.runner.rollout:log_timing_summary:98 - Intermediate rollout timing summary: env_steps=146686 infer_calls=36816 feedback_calls=36815 infer_wait=1389.569s infer_obs_pack=1.536s env_step=946.467s feedback_total=6.552s feedback_obs_pack=2.157s feedback_info_pack=0.114s effective_fps=62.58
2026-09-28 11:58:42.312 | INFO     | plugrl_env_client.runner.rollout:log_timing_summary:98 - Intermediate rollout timing summary: env_steps=149931 infer_calls=37634 feedback_calls=37633 infer_wait=1400.858s infer_obs_pack=1.577s env_step=964.979s feedback_total=6.735s feedback_obs_pack=2.258s feedback_info_pack=0.117s effective_fps=63.15
2026-09-28 11:58:42.324 | INFO     | plugrl_env_client.runner.rollout:log_timing_summary:98 - Intermediate rollout timing summary: env_steps=149950 infer_calls=37634 feedback_calls=37634 infer_wait=1397.894s infer_obs_pack=1.569s env_step=967.844s feedback_total=6.696s feedback_obs_pack=2.206s feedback_info_pack=0.116s effective_fps=63.16
2026-09-28 11:58:42.324 | INFO     | plugrl_env_client.runner.rollout:log_timing_summary:98 - Intermediate rollout timing summary: env_steps=149976 infer_calls=37636 feedback_calls=37636 infer_wait=1397.155s infer_obs_pack=1.564s env_step=968.798s feedback_total=6.707s feedback_obs_pack=2.177s feedback_info_pack=0.126s effective_fps=63.17
2026-09-28 11:59:12.325 | INFO     | plugrl_env_client.runner.rollout:log_timing_summary:98 - Intermediate rollout timing summary: env_steps=153260 infer_calls=38468 feedback_calls=38467 infer_wait=1409.027s infer_obs_pack=1.612s env_step=986.521s feedback_total=6.882s feedback_obs_pack=2.308s feedback_info_pack=0.120s effective_fps=63.75
2026-09-28 11:59:12.330 | INFO     | plugrl_env_client.runner.rollout:log_timing_summary:98 - Intermediate rollout timing summary: env_steps=153274 infer_calls=38468 feedback_calls=38467 infer_wait=1406.435s infer_obs_pack=1.604s env_step=988.996s feedback_total=6.846s feedback_obs_pack=2.254s feedback_info_pack=0.119s effective_fps=63.76
2026-09-28 11:59:12.331 | INFO     | plugrl_env_client.runner.rollout:log_timing_summary:98 - Intermediate rollout timing summary: env_steps=153303 infer_calls=38470 feedback_calls=38469 infer_wait=1405.457s infer_obs_pack=1.601s env_step=990.191s feedback_total=6.857s feedback_obs_pack=2.224s feedback_info_pack=0.128s effective_fps=63.77
2026-09-28 11:59:42.328 | INFO     | plugrl_env_client.runner.rollout:log_timing_summary:98 - Intermediate rollout timing summary: env_steps=156557 infer_calls=39295 feedback_calls=39294 infer_wait=1417.518s infer_obs_pack=1.646s env_step=1007.736s feedback_total=7.024s feedback_obs_pack=2.356s feedback_info_pack=0.122s effective_fps=64.32
2026-09-28 11:59:42.354 | INFO     | plugrl_env_client.runner.rollout:log_timing_summary:98 - Intermediate rollout timing summary: env_steps=156571 infer_calls=39296 feedback_calls=39295 infer_wait=1414.953s infer_obs_pack=1.638s env_step=1010.195s feedback_total=6.990s feedback_obs_pack=2.302s feedback_info_pack=0.121s effective_fps=64.33
2026-09-28 11:59:42.355 | INFO     | plugrl_env_client.runner.rollout:log_timing_summary:98 - Intermediate rollout timing summary: env_steps=156600 infer_calls=39298 feedback_calls=39297 infer_wait=1413.690s infer_obs_pack=1.636s env_step=1011.677s feedback_total=7.001s feedback_obs_pack=2.272s feedback_info_pack=0.131s effective_fps=64.34
2026-09-28 12:02:00.308 | INFO     | plugrl_env_client.runner.rollout:log_timing_summary:98 - Intermediate rollout timing summary: env_steps=159405 infer_calls=40003 feedback_calls=40002 infer_wait=1533.381s infer_obs_pack=1.665s env_step=1029.672s feedback_total=7.129s feedback_obs_pack=2.313s feedback_info_pack=0.133s effective_fps=61.98
2026-09-28 12:02:00.308 | INFO     | plugrl_env_client.runner.rollout:log_timing_summary:98 - Intermediate rollout timing summary: env_steps=159371 infer_calls=40001 feedback_calls=40000 infer_wait=1537.204s infer_obs_pack=1.675s env_step=1025.769s feedback_total=7.150s feedback_obs_pack=2.397s feedback_info_pack=0.125s effective_fps=61.97
2026-09-28 12:02:00.316 | INFO     | plugrl_env_client.runner.rollout:log_timing_summary:98 - Intermediate rollout timing summary: env_steps=159384 infer_calls=40001 feedback_calls=40000 infer_wait=1534.926s infer_obs_pack=1.667s env_step=1027.918s feedback_total=7.111s feedback_obs_pack=2.343s feedback_info_pack=0.124s effective_fps=61.98
2026-09-28 12:02:30.327 | INFO     | plugrl_env_client.runner.rollout:log_timing_summary:98 - Intermediate rollout timing summary: env_steps=162649 infer_calls=40823 feedback_calls=40822 infer_wait=1545.801s infer_obs_pack=1.709s env_step=1046.886s feedback_total=7.299s feedback_obs_pack=2.446s feedback_info_pack=0.127s effective_fps=62.52
2026-09-28 12:02:30.329 | INFO     | plugrl_env_client.runner.rollout:log_timing_summary:98 - Intermediate rollout timing summary: env_steps=162681 infer_calls=40825 feedback_calls=40824 infer_wait=1541.965s infer_obs_pack=1.699s env_step=1050.798s feedback_total=7.279s feedback_obs_pack=2.361s feedback_info_pack=0.136s effective_fps=62.53
2026-09-28 12:02:30.331 | INFO     | plugrl_env_client.runner.rollout:log_timing_summary:98 - Intermediate rollout timing summary: env_steps=162661 infer_calls=40823 feedback_calls=40822 infer_wait=1543.332s infer_obs_pack=1.701s env_step=1049.219s feedback_total=7.257s feedback_obs_pack=2.391s feedback_info_pack=0.126s effective_fps=62.53
2026-09-28 12:03:00.331 | INFO     | plugrl_env_client.runner.rollout:log_timing_summary:98 - Intermediate rollout timing summary: env_steps=165903 infer_calls=41638 feedback_calls=41638 infer_wait=1554.322s infer_obs_pack=1.743s env_step=1068.064s feedback_total=7.446s feedback_obs_pack=2.497s feedback_info_pack=0.130s effective_fps=63.04
2026-09-28 12:03:00.334 | INFO     | plugrl_env_client.runner.rollout:log_timing_summary:98 - Intermediate rollout timing summary: env_steps=165912 infer_calls=41638 feedback_calls=41638 infer_wait=1551.890s infer_obs_pack=1.735s env_step=1070.353s feedback_total=7.403s feedback_obs_pack=2.438s feedback_info_pack=0.129s effective_fps=63.05
2026-09-28 12:03:00.334 | INFO     | plugrl_env_client.runner.rollout:log_timing_summary:98 - Intermediate rollout timing summary: env_steps=165935 infer_calls=41640 feedback_calls=41640 infer_wait=1550.535s infer_obs_pack=1.733s env_step=1071.936s feedback_total=7.421s feedback_obs_pack=2.408s feedback_info_pack=0.139s effective_fps=63.05
2026-09-28 12:03:30.333 | INFO     | plugrl_env_client.runner.rollout:log_timing_summary:98 - Intermediate rollout timing summary: env_steps=169182 infer_calls=42461 feedback_calls=42461 infer_wait=1562.790s infer_obs_pack=1.777s env_step=1089.287s feedback_total=7.595s feedback_obs_pack=2.546s feedback_info_pack=0.132s effective_fps=63.57
2026-09-28 12:03:30.335 | INFO     | plugrl_env_client.runner.rollout:log_timing_summary:98 - Intermediate rollout timing summary: env_steps=169218 infer_calls=42463 feedback_calls=42463 infer_wait=1558.974s infer_obs_pack=1.767s env_step=1093.188s feedback_total=7.569s feedback_obs_pack=2.456s feedback_info_pack=0.142s effective_fps=63.58
2026-09-28 12:03:30.346 | INFO     | plugrl_env_client.runner.rollout:log_timing_summary:98 - Intermediate rollout timing summary: env_steps=169193 infer_calls=42462 feedback_calls=42461 infer_wait=1560.438s infer_obs_pack=1.769s env_step=1091.503s feedback_total=7.550s feedback_obs_pack=2.487s feedback_info_pack=0.131s effective_fps=63.58
2026-09-28 12:04:00.337 | INFO     | plugrl_env_client.runner.rollout:log_timing_summary:98 - Intermediate rollout timing summary: env_steps=172465 infer_calls=43288 feedback_calls=43287 infer_wait=1571.510s infer_obs_pack=1.811s env_step=1110.257s feedback_total=7.740s feedback_obs_pack=2.596s feedback_info_pack=0.135s effective_fps=64.08
2026-09-28 12:04:00.340 | INFO     | plugrl_env_client.runner.rollout:log_timing_summary:98 - Intermediate rollout timing summary: env_steps=172515 infer_calls=43290 feedback_calls=43289 infer_wait=1567.665s infer_obs_pack=1.801s env_step=1114.184s feedback_total=7.719s feedback_obs_pack=2.504s feedback_info_pack=0.144s effective_fps=64.10
2026-09-28 12:04:00.347 | INFO     | plugrl_env_client.runner.rollout:log_timing_summary:98 - Intermediate rollout timing summary: env_steps=172487 infer_calls=43288 feedback_calls=43287 infer_wait=1568.751s infer_obs_pack=1.804s env_step=1112.884s feedback_total=7.694s feedback_obs_pack=2.536s feedback_info_pack=0.134s effective_fps=64.09
2026-09-28 12:06:19.938 | INFO     | plugrl_env_client.runner.rollout:log_timing_summary:98 - Intermediate rollout timing summary: env_steps=175311 infer_calls=44001 feedback_calls=44000 infer_wait=1692.192s infer_obs_pack=1.841s env_step=1128.911s feedback_total=7.871s feedback_obs_pack=2.639s feedback_info_pack=0.137s effective_fps=61.93
2026-09-28 12:06:19.942 | INFO     | plugrl_env_client.runner.rollout:log_timing_summary:98 - Intermediate rollout timing summary: env_steps=175327 infer_calls=44001 feedback_calls=44000 infer_wait=1690.100s infer_obs_pack=1.833s env_step=1130.859s feedback_total=7.825s feedback_obs_pack=2.581s feedback_info_pack=0.136s effective_fps=61.94
2026-09-28 12:06:19.945 | INFO     | plugrl_env_client.runner.rollout:log_timing_summary:98 - Intermediate rollout timing summary: env_steps=175357 infer_calls=44003 feedback_calls=44002 infer_wait=1689.040s infer_obs_pack=1.831s env_step=1132.150s feedback_total=7.846s feedback_obs_pack=2.545s feedback_info_pack=0.147s effective_fps=61.94
2026-09-28 12:06:49.942 | INFO     | plugrl_env_client.runner.rollout:log_timing_summary:98 - Intermediate rollout timing summary: env_steps=178593 infer_calls=44825 feedback_calls=44824 infer_wait=1700.626s infer_obs_pack=1.876s env_step=1150.162s feedback_total=8.023s feedback_obs_pack=2.688s feedback_info_pack=0.140s effective_fps=62.43
2026-09-28 12:06:49.944 | INFO     | plugrl_env_client.runner.rollout:log_timing_summary:98 - Intermediate rollout timing summary: env_steps=178615 infer_calls=44825 feedback_calls=44824 infer_wait=1698.494s infer_obs_pack=1.867s env_step=1152.153s feedback_total=7.972s feedback_obs_pack=2.628s feedback_info_pack=0.138s effective_fps=62.44
2026-09-28 12:06:49.949 | INFO     | plugrl_env_client.runner.rollout:log_timing_summary:98 - Intermediate rollout timing summary: env_steps=178647 infer_calls=44827 feedback_calls=44826 infer_wait=1697.332s infer_obs_pack=1.865s env_step=1153.556s feedback_total=7.997s feedback_obs_pack=2.592s feedback_info_pack=0.149s effective_fps=62.45
2026-09-28 12:07:19.947 | INFO     | plugrl_env_client.runner.rollout:log_timing_summary:98 - Intermediate rollout timing summary: env_steps=181857 infer_calls=45644 feedback_calls=45643 infer_wait=1709.050s infer_obs_pack=1.910s env_step=1171.442s feedback_total=8.170s feedback_obs_pack=2.736s feedback_info_pack=0.142s effective_fps=62.91
2026-09-28 12:07:19.949 | INFO     | plugrl_env_client.runner.rollout:log_timing_summary:98 - Intermediate rollout timing summary: env_steps=181871 infer_calls=45644 feedback_calls=45643 infer_wait=1707.034s infer_obs_pack=1.901s env_step=1173.312s feedback_total=8.118s feedback_obs_pack=2.676s feedback_info_pack=0.141s effective_fps=62.92
2026-09-28 12:07:19.954 | INFO     | plugrl_env_client.runner.rollout:log_timing_summary:98 - Intermediate rollout timing summary: env_steps=181915 infer_calls=45646 feedback_calls=45646 infer_wait=1705.744s infer_obs_pack=1.900s env_step=1174.849s feedback_total=8.143s feedback_obs_pack=2.639s feedback_info_pack=0.152s effective_fps=62.93
2026-09-28 12:07:49.955 | INFO     | plugrl_env_client.runner.rollout:log_timing_summary:98 - Intermediate rollout timing summary: env_steps=185159 infer_calls=46462 feedback_calls=46461 infer_wait=1714.258s infer_obs_pack=1.934s env_step=1196.032s feedback_total=8.290s feedback_obs_pack=2.686s feedback_info_pack=0.155s effective_fps=63.40
2026-09-28 12:07:49.955 | INFO     | plugrl_env_client.runner.rollout:log_timing_summary:98 - Intermediate rollout timing summary: env_steps=185123 infer_calls=46460 feedback_calls=46459 infer_wait=1715.472s infer_obs_pack=1.935s env_step=1194.580s feedback_total=8.260s feedback_obs_pack=2.722s feedback_info_pack=0.143s effective_fps=63.39
2026-09-28 12:07:49.957 | INFO     | plugrl_env_client.runner.rollout:log_timing_summary:98 - Intermediate rollout timing summary: env_steps=185110 infer_calls=46460 feedback_calls=46459 infer_wait=1717.859s infer_obs_pack=1.944s env_step=1192.345s feedback_total=8.314s feedback_obs_pack=2.785s feedback_info_pack=0.145s effective_fps=63.38
2026-09-28 12:08:19.956 | INFO     | plugrl_env_client.runner.rollout:log_timing_summary:98 - Intermediate rollout timing summary: env_steps=188464 infer_calls=47291 feedback_calls=47290 infer_wait=1722.644s infer_obs_pack=1.968s env_step=1217.327s feedback_total=8.442s feedback_obs_pack=2.737s feedback_info_pack=0.158s effective_fps=63.88
2026-09-28 12:08:19.959 | INFO     | plugrl_env_client.runner.rollout:log_timing_summary:98 - Intermediate rollout timing summary: env_steps=188407 infer_calls=47289 feedback_calls=47288 infer_wait=1726.508s infer_obs_pack=1.978s env_step=1213.383s feedback_total=8.462s feedback_obs_pack=2.833s feedback_info_pack=0.147s effective_fps=63.86
2026-09-28 12:08:19.964 | INFO     | plugrl_env_client.runner.rollout:log_timing_summary:98 - Intermediate rollout timing summary: env_steps=188431 infer_calls=47289 feedback_calls=47288 infer_wait=1724.065s infer_obs_pack=1.969s env_step=1215.686s feedback_total=8.406s feedback_obs_pack=2.769s feedback_info_pack=0.146s effective_fps=63.87
2026-09-28 12:10:36.944 | INFO     | plugrl_env_client.runner.rollout:log_timing_summary:98 - Intermediate rollout timing summary: env_steps=191241 infer_calls=48001 feedback_calls=48000 infer_wait=1845.659s infer_obs_pack=2.007s env_step=1230.949s feedback_total=8.591s feedback_obs_pack=2.875s feedback_info_pack=0.149s effective_fps=61.95
2026-09-28 12:10:36.945 | INFO     | plugrl_env_client.runner.rollout:log_timing_summary:98 - Intermediate rollout timing summary: env_steps=191273 infer_calls=48001 feedback_calls=48000 infer_wait=1842.904s infer_obs_pack=1.998s env_step=1233.566s feedback_total=8.531s feedback_obs_pack=2.810s feedback_info_pack=0.148s effective_fps=61.96
2026-09-28 12:10:36.948 | INFO     | plugrl_env_client.runner.rollout:log_timing_summary:98 - Intermediate rollout timing summary: env_steps=191302 infer_calls=48003 feedback_calls=48002 infer_wait=1841.472s infer_obs_pack=1.997s env_step=1235.232s feedback_total=8.565s feedback_obs_pack=2.778s feedback_info_pack=0.160s effective_fps=61.96
2026-09-28 12:11:06.946 | INFO     | plugrl_env_client.runner.rollout:log_timing_summary:98 - Intermediate rollout timing summary: env_steps=194528 infer_calls=48826 feedback_calls=48825 infer_wait=1853.939s infer_obs_pack=2.043s env_step=1252.366s feedback_total=8.737s feedback_obs_pack=2.924s feedback_info_pack=0.152s effective_fps=62.41
2026-09-28 12:11:06.947 | INFO     | plugrl_env_client.runner.rollout:log_timing_summary:98 - Intermediate rollout timing summary: env_steps=194563 infer_calls=48826 feedback_calls=48826 infer_wait=1851.717s infer_obs_pack=2.033s env_step=1254.438s feedback_total=8.681s feedback_obs_pack=2.859s feedback_info_pack=0.151s effective_fps=62.42
2026-09-28 12:11:06.951 | INFO     | plugrl_env_client.runner.rollout:log_timing_summary:98 - Intermediate rollout timing summary: env_steps=194592 infer_calls=48828 feedback_calls=48827 infer_wait=1849.822s infer_obs_pack=2.031s env_step=1256.571s feedback_total=8.722s feedback_obs_pack=2.828s feedback_info_pack=0.163s effective_fps=62.43
2026-09-28 12:11:36.948 | INFO     | plugrl_env_client.runner.rollout:log_timing_summary:98 - Intermediate rollout timing summary: env_steps=197825 infer_calls=49654 feedback_calls=49654 infer_wait=1862.477s infer_obs_pack=2.078s env_step=1273.518s feedback_total=8.885s feedback_obs_pack=2.975s feedback_info_pack=0.154s effective_fps=62.86
2026-09-28 12:11:36.948 | INFO     | plugrl_env_client.runner.rollout:log_timing_summary:98 - Intermediate rollout timing summary: env_steps=197861 infer_calls=49654 feedback_calls=49653 infer_wait=1860.185s infer_obs_pack=2.068s env_step=1275.659s feedback_total=8.828s feedback_obs_pack=2.906s feedback_info_pack=0.153s effective_fps=62.88
2026-09-28 12:11:36.952 | INFO     | plugrl_env_client.runner.rollout:log_timing_summary:98 - Intermediate rollout timing summary: env_steps=197895 infer_calls=49656 feedback_calls=49655 infer_wait=1858.058s infer_obs_pack=2.067s env_step=1278.026s feedback_total=8.875s feedback_obs_pack=2.875s feedback_info_pack=0.166s effective_fps=62.88
2026-09-28 12:12:06.958 | INFO     | plugrl_env_client.runner.rollout:log_timing_summary:98 - Intermediate rollout timing summary: env_steps=201194 infer_calls=50483 feedback_calls=50482 infer_wait=1866.493s infer_obs_pack=2.101s env_step=1299.296s feedback_total=9.018s feedback_obs_pack=2.923s feedback_info_pack=0.168s effective_fps=63.33
2026-09-28 12:12:06.959 | INFO     | plugrl_env_client.runner.rollout:log_timing_summary:98 - Intermediate rollout timing summary: env_steps=201116 infer_calls=50481 feedback_calls=50480 infer_wait=1871.089s infer_obs_pack=2.113s env_step=1294.613s feedback_total=9.031s feedback_obs_pack=3.023s feedback_info_pack=0.157s effective_fps=63.31
2026-09-28 12:12:06.964 | INFO     | plugrl_env_client.runner.rollout:log_timing_summary:98 - Intermediate rollout timing summary: env_steps=201160 infer_calls=50481 feedback_calls=50480 infer_wait=1868.750s infer_obs_pack=2.102s env_step=1296.805s feedback_total=8.973s feedback_obs_pack=2.956s feedback_info_pack=0.156s effective_fps=63.32
2026-09-28 12:12:36.963 | INFO     | plugrl_env_client.runner.rollout:log_timing_summary:98 - Intermediate rollout timing summary: env_steps=204495 infer_calls=51311 feedback_calls=51310 infer_wait=1874.883s infer_obs_pack=2.135s env_step=1320.600s feedback_total=9.167s feedback_obs_pack=2.970s feedback_info_pack=0.171s effective_fps=63.77
2026-09-28 12:12:36.964 | INFO     | plugrl_env_client.runner.rollout:log_timing_summary:98 - Intermediate rollout timing summary: env_steps=204419 infer_calls=51309 feedback_calls=51308 infer_wait=1879.391s infer_obs_pack=2.147s env_step=1316.008s feedback_total=9.182s feedback_obs_pack=3.074s feedback_info_pack=0.159s effective_fps=63.75
2026-09-28 12:12:36.965 | INFO     | plugrl_env_client.runner.rollout:log_timing_summary:98 - Intermediate rollout timing summary: env_steps=204462 infer_calls=51309 feedback_calls=51309 infer_wait=1877.399s infer_obs_pack=2.136s env_step=1317.849s feedback_total=9.116s feedback_obs_pack=3.003s feedback_info_pack=0.158s effective_fps=63.76
2026-09-28 12:14:52.652 | INFO     | plugrl_env_client.runner.rollout:log_timing_summary:98 - Intermediate rollout timing summary: env_steps=207211 infer_calls=52001 feedback_calls=52000 infer_wait=1995.673s infer_obs_pack=2.165s env_step=1334.994s feedback_total=9.243s feedback_obs_pack=3.044s feedback_info_pack=0.160s effective_fps=62.00
2026-09-28 12:14:52.654 | INFO     | plugrl_env_client.runner.rollout:log_timing_summary:98 - Intermediate rollout timing summary: env_steps=207253 infer_calls=52003 feedback_calls=52002 infer_wait=1993.389s infer_obs_pack=2.163s env_step=1337.530s feedback_total=9.292s feedback_obs_pack=3.013s feedback_info_pack=0.173s effective_fps=62.01
2026-09-28 12:14:52.658 | INFO     | plugrl_env_client.runner.rollout:log_timing_summary:98 - Intermediate rollout timing summary: env_steps=207168 infer_calls=52001 feedback_calls=52000 infer_wait=1997.579s infer_obs_pack=2.175s env_step=1333.255s feedback_total=9.307s feedback_obs_pack=3.114s feedback_info_pack=0.162s effective_fps=61.98
2026-09-28 12:15:22.654 | INFO     | plugrl_env_client.runner.rollout:log_timing_summary:98 - Intermediate rollout timing summary: env_steps=210455 infer_calls=52816 feedback_calls=52815 infer_wait=2004.388s infer_obs_pack=2.199s env_step=1355.962s feedback_total=9.391s feedback_obs_pack=3.092s feedback_info_pack=0.163s effective_fps=62.41
2026-09-28 12:15:22.657 | INFO     | plugrl_env_client.runner.rollout:log_timing_summary:98 - Intermediate rollout timing summary: env_steps=210505 infer_calls=52818 feedback_calls=52817 infer_wait=2001.706s infer_obs_pack=2.199s env_step=1358.909s feedback_total=9.443s feedback_obs_pack=3.060s feedback_info_pack=0.176s effective_fps=62.42
2026-09-28 12:15:22.660 | INFO     | plugrl_env_client.runner.rollout:log_timing_summary:98 - Intermediate rollout timing summary: env_steps=210418 infer_calls=52816 feedback_calls=52815 infer_wait=2006.252s infer_obs_pack=2.209s env_step=1354.275s feedback_total=9.458s feedback_obs_pack=3.163s feedback_info_pack=0.164s effective_fps=62.40
2026-09-28 12:15:52.659 | INFO     | plugrl_env_client.runner.rollout:log_timing_summary:98 - Intermediate rollout timing summary: env_steps=213751 infer_calls=53632 feedback_calls=53631 infer_wait=2010.198s infer_obs_pack=2.233s env_step=1380.116s feedback_total=9.590s feedback_obs_pack=3.106s feedback_info_pack=0.179s effective_fps=62.83
2026-09-28 12:15:52.660 | INFO     | plugrl_env_client.runner.rollout:log_timing_summary:98 - Intermediate rollout timing summary: env_steps=213697 infer_calls=53630 feedback_calls=53629 infer_wait=2012.677s infer_obs_pack=2.232s env_step=1377.374s feedback_total=9.534s feedback_obs_pack=3.138s feedback_info_pack=0.165s effective_fps=62.82
2026-09-28 12:15:52.660 | INFO     | plugrl_env_client.runner.rollout:log_timing_summary:98 - Intermediate rollout timing summary: env_steps=213667 infer_calls=53630 feedback_calls=53629 infer_wait=2015.035s infer_obs_pack=2.243s env_step=1375.186s feedback_total=9.607s feedback_obs_pack=3.211s feedback_info_pack=0.167s effective_fps=62.80
2026-09-28 12:16:22.661 | INFO     | plugrl_env_client.runner.rollout:log_timing_summary:98 - Intermediate rollout timing summary: env_steps=216952 infer_calls=54456 feedback_calls=54456 infer_wait=2023.765s infer_obs_pack=2.278s env_step=1396.143s feedback_total=9.756s feedback_obs_pack=3.260s feedback_info_pack=0.172s effective_fps=63.22
2026-09-28 12:16:22.663 | INFO     | plugrl_env_client.runner.rollout:log_timing_summary:98 - Intermediate rollout timing summary: env_steps=217046 infer_calls=54458 feedback_calls=54458 infer_wait=2018.736s infer_obs_pack=2.270s env_step=1401.272s feedback_total=9.739s feedback_obs_pack=3.156s feedback_info_pack=0.181s effective_fps=63.24
2026-09-28 12:16:22.664 | INFO     | plugrl_env_client.runner.rollout:log_timing_summary:98 - Intermediate rollout timing summary: env_steps=216995 infer_calls=54456 feedback_calls=54455 infer_wait=2020.951s infer_obs_pack=2.267s env_step=1398.795s feedback_total=9.681s feedback_obs_pack=3.186s feedback_info_pack=0.168s effective_fps=63.23
2026-09-28 12:16:52.662 | INFO     | plugrl_env_client.runner.rollout:log_timing_summary:98 - Intermediate rollout timing summary: env_steps=220303 infer_calls=55295 feedback_calls=55295 infer_wait=2031.930s infer_obs_pack=2.313s env_step=1417.679s feedback_total=9.900s feedback_obs_pack=3.309s feedback_info_pack=0.175s effective_fps=63.64
2026-09-28 12:16:52.676 | INFO     | plugrl_env_client.runner.rollout:log_timing_summary:98 - Intermediate rollout timing summary: env_steps=220388 infer_calls=55298 feedback_calls=55297 infer_wait=2027.212s infer_obs_pack=2.305s env_step=1422.491s feedback_total=9.894s feedback_obs_pack=3.207s feedback_info_pack=0.184s effective_fps=63.66
2026-09-28 12:16:52.679 | INFO     | plugrl_env_client.runner.rollout:log_timing_summary:98 - Intermediate rollout timing summary: env_steps=220328 infer_calls=55296 feedback_calls=55295 infer_wait=2029.557s infer_obs_pack=2.301s env_step=1419.889s feedback_total=9.831s feedback_obs_pack=3.236s feedback_info_pack=0.170s effective_fps=63.65
2026-09-28 12:19:12.175 | INFO     | plugrl_env_client.runner.rollout:log_timing_summary:98 - Intermediate rollout timing summary: env_steps=223193 infer_calls=56003 feedback_calls=56002 infer_wait=2148.672s infer_obs_pack=2.334s env_step=1440.268s feedback_total=10.024s feedback_obs_pack=3.248s feedback_info_pack=0.187s effective_fps=61.98
2026-09-28 12:19:12.182 | INFO     | plugrl_env_client.runner.rollout:log_timing_summary:98 - Intermediate rollout timing summary: env_steps=223138 infer_calls=56001 feedback_calls=56000 infer_wait=2151.080s infer_obs_pack=2.330s env_step=1437.606s feedback_total=9.959s feedback_obs_pack=3.278s feedback_info_pack=0.172s effective_fps=61.97
2026-09-28 12:19:12.182 | INFO     | plugrl_env_client.runner.rollout:log_timing_summary:98 - Intermediate rollout timing summary: env_steps=223111 infer_calls=56001 feedback_calls=56000 infer_wait=2153.694s infer_obs_pack=2.343s env_step=1435.174s feedback_total=10.028s feedback_obs_pack=3.352s feedback_info_pack=0.177s effective_fps=61.95
2026-09-28 12:19:42.187 | INFO     | plugrl_env_client.runner.rollout:log_timing_summary:98 - Intermediate rollout timing summary: env_steps=226528 infer_calls=56839 feedback_calls=56838 infer_wait=2156.880s infer_obs_pack=2.368s env_step=1461.768s feedback_total=10.172s feedback_obs_pack=3.296s feedback_info_pack=0.189s effective_fps=62.38
2026-09-28 12:19:42.188 | INFO     | plugrl_env_client.runner.rollout:log_timing_summary:98 - Intermediate rollout timing summary: env_steps=226465 infer_calls=56837 feedback_calls=56836 infer_wait=2159.349s infer_obs_pack=2.364s env_step=1459.029s feedback_total=10.108s feedback_obs_pack=3.326s feedback_info_pack=0.175s effective_fps=62.37
2026-09-28 12:19:42.193 | INFO     | plugrl_env_client.runner.rollout:log_timing_summary:98 - Intermediate rollout timing summary: env_steps=226441 infer_calls=56837 feedback_calls=56836 infer_wait=2162.231s infer_obs_pack=2.378s env_step=1456.337s feedback_total=10.179s feedback_obs_pack=3.402s feedback_info_pack=0.179s effective_fps=62.36
2026-09-28 12:20:12.189 | INFO     | plugrl_env_client.runner.rollout:log_timing_summary:98 - Intermediate rollout timing summary: env_steps=229828 infer_calls=57668 feedback_calls=57667 infer_wait=2165.315s infer_obs_pack=2.402s env_step=1483.030s feedback_total=10.320s feedback_obs_pack=3.346s feedback_info_pack=0.192s effective_fps=62.78
2026-09-28 12:20:12.194 | INFO     | plugrl_env_client.runner.rollout:log_timing_summary:98 - Intermediate rollout timing summary: env_steps=229778 infer_calls=57666 feedback_calls=57665 infer_wait=2167.658s infer_obs_pack=2.399s env_step=1480.423s feedback_total=10.254s feedback_obs_pack=3.374s feedback_info_pack=0.177s effective_fps=62.77
2026-09-28 12:20:12.197 | INFO     | plugrl_env_client.runner.rollout:log_timing_summary:98 - Intermediate rollout timing summary: env_steps=229749 infer_calls=57666 feedback_calls=57665 infer_wait=2170.681s infer_obs_pack=2.412s env_step=1477.585s feedback_total=10.328s feedback_obs_pack=3.450s feedback_info_pack=0.182s effective_fps=62.76
2026-09-28 12:20:42.205 | INFO     | plugrl_env_client.runner.rollout:log_timing_summary:98 - Intermediate rollout timing summary: env_steps=233032 infer_calls=58490 feedback_calls=58489 infer_wait=2179.085s infer_obs_pack=2.447s env_step=1498.881s feedback_total=10.473s feedback_obs_pack=3.500s feedback_info_pack=0.185s effective_fps=63.14
2026-09-28 12:20:42.206 | INFO     | plugrl_env_client.runner.rollout:log_timing_summary:98 - Intermediate rollout timing summary: env_steps=233062 infer_calls=58490 feedback_calls=58489 infer_wait=2175.953s infer_obs_pack=2.433s env_step=1501.835s feedback_total=10.397s feedback_obs_pack=3.421s feedback_info_pack=0.180s effective_fps=63.15
2026-09-28 12:20:42.211 | INFO     | plugrl_env_client.runner.rollout:log_timing_summary:98 - Intermediate rollout timing summary: env_steps=233107 infer_calls=58492 feedback_calls=58491 infer_wait=2174.163s infer_obs_pack=2.436s env_step=1503.902s feedback_total=10.465s feedback_obs_pack=3.393s feedback_info_pack=0.195s effective_fps=63.16
2026-09-28 12:21:12.209 | INFO     | plugrl_env_client.runner.rollout:log_timing_summary:98 - Intermediate rollout timing summary: env_steps=236415 infer_calls=59331 feedback_calls=59330 infer_wait=2184.453s infer_obs_pack=2.468s env_step=1523.028s feedback_total=10.544s feedback_obs_pack=3.469s feedback_info_pack=0.182s effective_fps=63.54
2026-09-28 12:21:12.214 | INFO     | plugrl_env_client.runner.rollout:log_timing_summary:98 - Intermediate rollout timing summary: env_steps=236378 infer_calls=59331 feedback_calls=59330 infer_wait=2187.291s infer_obs_pack=2.482s env_step=1520.375s feedback_total=10.620s feedback_obs_pack=3.549s feedback_info_pack=0.187s effective_fps=63.53
2026-09-28 12:21:12.214 | INFO     | plugrl_env_client.runner.rollout:log_timing_summary:98 - Intermediate rollout timing summary: env_steps=236473 infer_calls=59333 feedback_calls=59332 infer_wait=2182.356s infer_obs_pack=2.470s env_step=1525.403s feedback_total=10.615s feedback_obs_pack=3.442s feedback_info_pack=0.198s effective_fps=63.55
2026-09-28 12:23:28.663 | INFO     | plugrl_env_client.runner.rollout:log_timing_summary:98 - Intermediate rollout timing summary: env_steps=239085 infer_calls=60001 feedback_calls=60000 infer_wait=2303.370s infer_obs_pack=2.496s env_step=1540.309s feedback_total=10.670s feedback_obs_pack=3.508s feedback_info_pack=0.184s effective_fps=61.99
2026-09-28 12:23:28.668 | INFO     | plugrl_env_client.runner.rollout:log_timing_summary:98 - Intermediate rollout timing summary: env_steps=239051 infer_calls=60001 feedback_calls=60000 infer_wait=2306.787s infer_obs_pack=2.510s env_step=1537.086s feedback_total=10.739s feedback_obs_pack=3.590s feedback_info_pack=0.189s effective_fps=61.98
2026-09-28 12:23:28.669 | INFO     | plugrl_env_client.runner.rollout:log_timing_summary:98 - Intermediate rollout timing summary: env_steps=239132 infer_calls=60003 feedback_calls=60002 infer_wait=2301.931s infer_obs_pack=2.497s env_step=1542.028s feedback_total=10.736s feedback_obs_pack=3.480s feedback_info_pack=0.200s effective_fps=62.00
2026-09-28 12:23:58.668 | INFO     | plugrl_env_client.runner.rollout:log_timing_summary:98 - Intermediate rollout timing summary: env_steps=242314 infer_calls=60819 feedback_calls=60819 infer_wait=2315.255s infer_obs_pack=2.545s env_step=1558.307s feedback_total=10.890s feedback_obs_pack=3.638s feedback_info_pack=0.192s effective_fps=62.34
2026-09-28 12:23:58.670 | INFO     | plugrl_env_client.runner.rollout:log_timing_summary:98 - Intermediate rollout timing summary: env_steps=242393 infer_calls=60821 feedback_calls=60821 infer_wait=2310.570s infer_obs_pack=2.533s env_step=1563.082s feedback_total=10.884s feedback_obs_pack=3.527s feedback_info_pack=0.203s effective_fps=62.36
2026-09-28 12:23:58.686 | INFO     | plugrl_env_client.runner.rollout:log_timing_summary:98 - Intermediate rollout timing summary: env_steps=242346 infer_calls=60820 feedback_calls=60819 infer_wait=2311.891s infer_obs_pack=2.531s env_step=1561.508s feedback_total=10.814s feedback_obs_pack=3.555s feedback_info_pack=0.187s effective_fps=62.35
2026-09-28 12:24:28.672 | INFO     | plugrl_env_client.runner.rollout:log_timing_summary:98 - Intermediate rollout timing summary: env_steps=245578 infer_calls=61639 feedback_calls=61638 infer_wait=2323.848s infer_obs_pack=2.580s env_step=1579.406s feedback_total=11.042s feedback_obs_pack=3.689s feedback_info_pack=0.194s effective_fps=62.70
2026-09-28 12:24:28.673 | INFO     | plugrl_env_client.runner.rollout:log_timing_summary:98 - Intermediate rollout timing summary: env_steps=245654 infer_calls=61641 feedback_calls=61640 infer_wait=2319.263s infer_obs_pack=2.570s env_step=1584.077s feedback_total=11.037s feedback_obs_pack=3.574s feedback_info_pack=0.205s effective_fps=62.72
2026-09-28 12:24:28.692 | INFO     | plugrl_env_client.runner.rollout:log_timing_summary:98 - Intermediate rollout timing summary: env_steps=245620 infer_calls=61640 feedback_calls=61639 infer_wait=2320.395s infer_obs_pack=2.564s env_step=1582.707s feedback_total=10.960s feedback_obs_pack=3.602s feedback_info_pack=0.189s effective_fps=62.71
2026-09-28 12:24:58.673 | INFO     | plugrl_env_client.runner.rollout:log_timing_summary:98 - Intermediate rollout timing summary: env_steps=248922 infer_calls=62461 feedback_calls=62460 infer_wait=2327.829s infer_obs_pack=2.603s env_step=1605.207s feedback_total=11.183s feedback_obs_pack=3.621s feedback_info_pack=0.208s effective_fps=63.07
2026-09-28 12:24:58.676 | INFO     | plugrl_env_client.runner.rollout:log_timing_summary:98 - Intermediate rollout timing summary: env_steps=248851 infer_calls=62459 feedback_calls=62458 infer_wait=2332.012s infer_obs_pack=2.614s env_step=1600.952s feedback_total=11.183s feedback_obs_pack=3.737s feedback_info_pack=0.197s effective_fps=63.05
2026-09-28 12:24:58.700 | INFO     | plugrl_env_client.runner.rollout:log_timing_summary:98 - Intermediate rollout timing summary: env_steps=248880 infer_calls=62460 feedback_calls=62459 infer_wait=2329.259s infer_obs_pack=2.601s env_step=1603.540s feedback_total=11.105s feedback_obs_pack=3.651s feedback_info_pack=0.192s effective_fps=63.06
2026-09-28 12:25:28.675 | INFO     | plugrl_env_client.runner.rollout:log_timing_summary:98 - Intermediate rollout timing summary: env_steps=252220 infer_calls=63290 feedback_calls=63289 infer_wait=2336.028s infer_obs_pack=2.637s env_step=1626.703s feedback_total=11.330s feedback_obs_pack=3.668s feedback_info_pack=0.211s effective_fps=63.42
2026-09-28 12:25:28.681 | INFO     | plugrl_env_client.runner.rollout:log_timing_summary:98 - Intermediate rollout timing summary: env_steps=252162 infer_calls=63288 feedback_calls=63287 infer_wait=2340.406s infer_obs_pack=2.649s env_step=1622.260s feedback_total=11.333s feedback_obs_pack=3.786s feedback_info_pack=0.199s effective_fps=63.41
2026-09-28 12:25:28.709 | INFO     | plugrl_env_client.runner.rollout:log_timing_summary:98 - Intermediate rollout timing summary: env_steps=252181 infer_calls=63289 feedback_calls=63288 infer_wait=2337.968s infer_obs_pack=2.636s env_step=1624.520s feedback_total=11.259s feedback_obs_pack=3.700s feedback_info_pack=0.194s effective_fps=63.42
2026-09-28 12:27:45.774 | INFO     | plugrl_env_client.runner.rollout:log_timing_summary:98 - Intermediate rollout timing summary: env_steps=255010 infer_calls=64001 feedback_calls=64000 infer_wait=2459.160s infer_obs_pack=2.678s env_step=1640.337s feedback_total=11.463s feedback_obs_pack=3.828s feedback_info_pack=0.202s effective_fps=61.99
2026-09-28 12:27:45.776 | INFO     | plugrl_env_client.runner.rollout:log_timing_summary:98 - Intermediate rollout timing summary: env_steps=255015 infer_calls=64001 feedback_calls=64000 infer_wait=2457.167s infer_obs_pack=2.665s env_step=1642.125s feedback_total=11.384s feedback_obs_pack=3.741s feedback_info_pack=0.196s effective_fps=62.00
2026-09-28 12:27:45.778 | INFO     | plugrl_env_client.runner.rollout:log_timing_summary:98 - Intermediate rollout timing summary: env_steps=255061 infer_calls=64003 feedback_calls=64002 infer_wait=2454.844s infer_obs_pack=2.666s env_step=1644.730s feedback_total=11.456s feedback_obs_pack=3.709s feedback_info_pack=0.213s effective_fps=62.00
2026-09-28 12:28:15.781 | INFO     | plugrl_env_client.runner.rollout:log_timing_summary:98 - Intermediate rollout timing summary: env_steps=258293 infer_calls=64813 feedback_calls=64813 infer_wait=2463.271s infer_obs_pack=2.699s env_step=1666.008s feedback_total=11.598s feedback_obs_pack=3.755s feedback_info_pack=0.216s effective_fps=62.34
2026-09-28 12:28:15.792 | INFO     | plugrl_env_client.runner.rollout:log_timing_summary:98 - Intermediate rollout timing summary: env_steps=258237 infer_calls=64812 feedback_calls=64811 infer_wait=2468.128s infer_obs_pack=2.713s env_step=1661.077s feedback_total=11.611s feedback_obs_pack=3.876s feedback_info_pack=0.204s effective_fps=62.32
2026-09-28 12:28:15.793 | INFO     | plugrl_env_client.runner.rollout:log_timing_summary:98 - Intermediate rollout timing summary: env_steps=258243 infer_calls=64812 feedback_calls=64811 infer_wait=2465.513s infer_obs_pack=2.698s env_step=1663.486s feedback_total=11.528s feedback_obs_pack=3.787s feedback_info_pack=0.199s effective_fps=62.33
2026-09-28 12:28:45.787 | INFO     | plugrl_env_client.runner.rollout:log_timing_summary:98 - Intermediate rollout timing summary: env_steps=261603 infer_calls=65644 feedback_calls=65643 infer_wait=2471.652s infer_obs_pack=2.734s env_step=1687.325s feedback_total=11.743s feedback_obs_pack=3.803s feedback_info_pack=0.219s effective_fps=62.68
2026-09-28 12:28:45.794 | INFO     | plugrl_env_client.runner.rollout:log_timing_summary:98 - Intermediate rollout timing summary: env_steps=261551 infer_calls=65642 feedback_calls=65642 infer_wait=2476.521s infer_obs_pack=2.748s env_step=1682.390s feedback_total=11.754s feedback_obs_pack=3.924s feedback_info_pack=0.207s effective_fps=62.67
2026-09-28 12:28:45.795 | INFO     | plugrl_env_client.runner.rollout:log_timing_summary:98 - Intermediate rollout timing summary: env_steps=261557 infer_calls=65642 feedback_calls=65642 infer_wait=2473.593s infer_obs_pack=2.733s env_step=1685.092s feedback_total=11.678s feedback_obs_pack=3.836s feedback_info_pack=0.201s effective_fps=62.68
2026-09-28 12:29:15.797 | INFO     | plugrl_env_client.runner.rollout:log_timing_summary:98 - Intermediate rollout timing summary: env_steps=264775 infer_calls=66450 feedback_calls=66449 infer_wait=2482.243s infer_obs_pack=2.766s env_step=1706.148s feedback_total=11.818s feedback_obs_pack=3.883s feedback_info_pack=0.204s effective_fps=63.00
2026-09-28 12:29:15.798 | INFO     | plugrl_env_client.runner.rollout:log_timing_summary:98 - Intermediate rollout timing summary: env_steps=264823 infer_calls=66452 feedback_calls=66451 infer_wait=2479.770s infer_obs_pack=2.767s env_step=1708.924s feedback_total=11.883s feedback_obs_pack=3.849s feedback_info_pack=0.222s effective_fps=63.00
2026-09-28 12:29:15.800 | INFO     | plugrl_env_client.runner.rollout:log_timing_summary:98 - Intermediate rollout timing summary: env_steps=264764 infer_calls=66450 feedback_calls=66449 infer_wait=2485.383s infer_obs_pack=2.781s env_step=1703.230s feedback_total=11.898s feedback_obs_pack=3.972s feedback_info_pack=0.209s effective_fps=62.99
2026-09-28 12:29:45.806 | INFO     | plugrl_env_client.runner.rollout:log_timing_summary:98 - Intermediate rollout timing summary: env_steps=268107 infer_calls=67275 feedback_calls=67274 infer_wait=2488.605s infer_obs_pack=2.800s env_step=1729.789s feedback_total=12.032s feedback_obs_pack=3.898s feedback_info_pack=0.224s effective_fps=63.33
2026-09-28 12:29:45.806 | INFO     | plugrl_env_client.runner.rollout:log_timing_summary:98 - Intermediate rollout timing summary: env_steps=268046 infer_calls=67273 feedback_calls=67272 infer_wait=2493.380s infer_obs_pack=2.815s env_step=1724.937s feedback_total=12.042s feedback_obs_pack=4.020s feedback_info_pack=0.212s effective_fps=63.32
2026-09-28 12:29:45.806 | INFO     | plugrl_env_client.runner.rollout:log_timing_summary:98 - Intermediate rollout timing summary: env_steps=268046 infer_calls=67273 feedback_calls=67272 infer_wait=2491.087s infer_obs_pack=2.800s env_step=1726.997s feedback_total=11.966s feedback_obs_pack=3.931s feedback_info_pack=0.206s effective_fps=63.33
2026-09-28 12:32:03.974 | INFO     | plugrl_env_client.runner.rollout:log_timing_summary:98 - Intermediate rollout timing summary: env_steps=271013 infer_calls=68003 feedback_calls=68002 infer_wait=2607.906s infer_obs_pack=2.830s env_step=1748.384s feedback_total=12.162s feedback_obs_pack=3.940s feedback_info_pack=0.227s effective_fps=62.00
2026-09-28 12:32:03.977 | INFO     | plugrl_env_client.runner.rollout:log_timing_summary:98 - Intermediate rollout timing summary: env_steps=270950 infer_calls=68001 feedback_calls=68000 infer_wait=2610.482s infer_obs_pack=2.831s env_step=1745.497s feedback_total=12.102s feedback_obs_pack=3.973s feedback_info_pack=0.211s effective_fps=61.99
2026-09-28 12:32:03.977 | INFO     | plugrl_env_client.runner.rollout:log_timing_summary:98 - Intermediate rollout timing summary: env_steps=270953 infer_calls=68001 feedback_calls=68000 infer_wait=2612.636s infer_obs_pack=2.846s env_step=1743.583s feedback_total=12.175s feedback_obs_pack=4.063s feedback_info_pack=0.214s effective_fps=61.99
2026-09-28 12:32:33.976 | INFO     | plugrl_env_client.runner.rollout:log_timing_summary:98 - Intermediate rollout timing summary: env_steps=274320 infer_calls=68833 feedback_calls=68832 infer_wait=2616.363s infer_obs_pack=2.865s env_step=1769.619s feedback_total=12.310s feedback_obs_pack=3.987s feedback_info_pack=0.229s effective_fps=62.33
2026-09-28 12:32:33.981 | INFO     | plugrl_env_client.runner.rollout:log_timing_summary:98 - Intermediate rollout timing summary: env_steps=274253 infer_calls=68831 feedback_calls=68830 infer_wait=2618.971s infer_obs_pack=2.866s env_step=1766.696s feedback_total=12.251s feedback_obs_pack=4.020s feedback_info_pack=0.213s effective_fps=62.32
2026-09-28 12:32:33.984 | INFO     | plugrl_env_client.runner.rollout:log_timing_summary:98 - Intermediate rollout timing summary: env_steps=274264 infer_calls=68831 feedback_calls=68830 infer_wait=2621.002s infer_obs_pack=2.881s env_step=1764.920s feedback_total=12.322s feedback_obs_pack=4.112s feedback_info_pack=0.216s effective_fps=62.32
2026-09-28 12:33:03.980 | INFO     | plugrl_env_client.runner.rollout:log_timing_summary:98 - Intermediate rollout timing summary: env_steps=277551 infer_calls=69643 feedback_calls=69643 infer_wait=2624.162s infer_obs_pack=2.898s env_step=1791.519s feedback_total=12.458s feedback_obs_pack=4.038s feedback_info_pack=0.235s effective_fps=62.64
2026-09-28 12:33:03.983 | INFO     | plugrl_env_client.runner.rollout:log_timing_summary:98 - Intermediate rollout timing summary: env_steps=277481 infer_calls=69641 feedback_calls=69641 infer_wait=2627.845s infer_obs_pack=2.903s env_step=1787.517s feedback_total=12.394s feedback_obs_pack=4.067s feedback_info_pack=0.216s effective_fps=62.63
2026-09-28 12:33:03.995 | INFO     | plugrl_env_client.runner.rollout:log_timing_summary:98 - Intermediate rollout timing summary: env_steps=277498 infer_calls=69642 feedback_calls=69641 infer_wait=2629.892s infer_obs_pack=2.915s env_step=1785.746s feedback_total=12.463s feedback_obs_pack=4.160s feedback_info_pack=0.219s effective_fps=62.63
2026-09-28 12:33:33.987 | INFO     | plugrl_env_client.runner.rollout:log_timing_summary:98 - Intermediate rollout timing summary: env_steps=280795 infer_calls=70473 feedback_calls=70472 infer_wait=2636.056s infer_obs_pack=2.941s env_step=1809.000s feedback_total=12.537s feedback_obs_pack=4.114s feedback_info_pack=0.218s effective_fps=62.95
2026-09-28 12:33:33.988 | INFO     | plugrl_env_client.runner.rollout:log_timing_summary:98 - Intermediate rollout timing summary: env_steps=280859 infer_calls=70475 feedback_calls=70474 infer_wait=2632.778s infer_obs_pack=2.932s env_step=1812.605s feedback_total=12.605s feedback_obs_pack=4.085s feedback_info_pack=0.238s effective_fps=62.96
2026-09-28 12:33:34.001 | INFO     | plugrl_env_client.runner.rollout:log_timing_summary:98 - Intermediate rollout timing summary: env_steps=280806 infer_calls=70473 feedback_calls=70472 infer_wait=2638.365s infer_obs_pack=2.950s env_step=1806.975s feedback_total=12.608s feedback_obs_pack=4.208s feedback_info_pack=0.221s effective_fps=62.95
2026-09-28 12:34:04.002 | INFO     | plugrl_env_client.runner.rollout:log_timing_summary:98 - Intermediate rollout timing summary: env_steps=284184 infer_calls=71321 feedback_calls=71320 infer_wait=2646.843s infer_obs_pack=2.985s env_step=1828.185s feedback_total=12.758s feedback_obs_pack=4.257s feedback_info_pack=0.224s effective_fps=63.28
2026-09-28 12:34:04.002 | INFO     | plugrl_env_client.runner.rollout:log_timing_summary:98 - Intermediate rollout timing summary: env_steps=284172 infer_calls=71321 feedback_calls=71320 infer_wait=2644.379s infer_obs_pack=2.977s env_step=1830.365s feedback_total=12.691s feedback_obs_pack=4.163s feedback_info_pack=0.221s effective_fps=63.28
2026-09-28 12:34:04.003 | INFO     | plugrl_env_client.runner.rollout:log_timing_summary:98 - Intermediate rollout timing summary: env_steps=284238 infer_calls=71323 feedback_calls=71322 infer_wait=2641.025s infer_obs_pack=2.967s env_step=1834.057s feedback_total=12.756s feedback_obs_pack=4.133s feedback_info_pack=0.241s effective_fps=63.29
2026-09-28 12:36:19.885 | INFO     | plugrl_env_client.runner.rollout:log_timing_summary:98 - Intermediate rollout timing summary: env_steps=286883 infer_calls=72002 feedback_calls=72001 infer_wait=2762.860s infer_obs_pack=3.006s env_step=1847.516s feedback_total=12.809s feedback_obs_pack=4.202s feedback_info_pack=0.223s effective_fps=62.01
2026-09-28 12:36:19.885 | INFO     | plugrl_env_client.runner.rollout:log_timing_summary:98 - Intermediate rollout timing summary: env_steps=286903 infer_calls=72002 feedback_calls=72001 infer_wait=2764.812s infer_obs_pack=3.014s env_step=1845.845s feedback_total=12.886s feedback_obs_pack=4.298s feedback_info_pack=0.226s effective_fps=62.01
2026-09-28 12:36:19.888 | INFO     | plugrl_env_client.runner.rollout:log_timing_summary:98 - Intermediate rollout timing summary: env_steps=286950 infer_calls=72004 feedback_calls=72003 infer_wait=2759.626s infer_obs_pack=2.995s env_step=1851.086s feedback_total=12.880s feedback_obs_pack=4.172s feedback_info_pack=0.243s effective_fps=62.02
2026-09-28 12:36:49.886 | INFO     | plugrl_env_client.runner.rollout:log_timing_summary:98 - Intermediate rollout timing summary: env_steps=290183 infer_calls=72824 feedback_calls=72824 infer_wait=2773.286s infer_obs_pack=3.048s env_step=1867.069s feedback_total=13.032s feedback_obs_pack=4.349s feedback_info_pack=0.229s effective_fps=62.32
2026-09-28 12:36:49.888 | INFO     | plugrl_env_client.runner.rollout:log_timing_summary:98 - Intermediate rollout timing summary: env_steps=290159 infer_calls=72824 feedback_calls=72823 infer_wait=2771.019s infer_obs_pack=3.040s env_step=1869.048s feedback_total=12.962s feedback_obs_pack=4.253s feedback_info_pack=0.226s effective_fps=62.32
2026-09-28 12:36:49.913 | INFO     | plugrl_env_client.runner.rollout:log_timing_summary:98 - Intermediate rollout timing summary: env_steps=290220 infer_calls=72827 feedback_calls=72826 infer_wait=2768.535s infer_obs_pack=3.029s env_step=1871.895s feedback_total=13.030s feedback_obs_pack=4.224s feedback_info_pack=0.246s effective_fps=62.33
2026-09-28 12:37:19.888 | INFO     | plugrl_env_client.runner.rollout:log_timing_summary:98 - Intermediate rollout timing summary: env_steps=293376 infer_calls=73625 feedback_calls=73624 infer_wait=2782.043s infer_obs_pack=3.084s env_step=1888.016s feedback_total=13.174s feedback_obs_pack=4.396s feedback_info_pack=0.231s effective_fps=62.60
2026-09-28 12:37:19.890 | INFO     | plugrl_env_client.runner.rollout:log_timing_summary:98 - Intermediate rollout timing summary: env_steps=293351 infer_calls=73625 feedback_calls=73624 infer_wait=2779.793s infer_obs_pack=3.074s env_step=1889.984s feedback_total=13.102s feedback_obs_pack=4.300s feedback_info_pack=0.228s effective_fps=62.60
2026-09-28 12:37:19.914 | INFO     | plugrl_env_client.runner.rollout:log_timing_summary:98 - Intermediate rollout timing summary: env_steps=293413 infer_calls=73628 feedback_calls=73627 infer_wait=2776.840s infer_obs_pack=3.063s env_step=1893.294s feedback_total=13.171s feedback_obs_pack=4.270s feedback_info_pack=0.248s effective_fps=62.61
2026-09-28 12:37:49.890 | INFO     | plugrl_env_client.runner.rollout:log_timing_summary:98 - Intermediate rollout timing summary: env_steps=296655 infer_calls=74447 feedback_calls=74446 infer_wait=2790.507s infer_obs_pack=3.119s env_step=1909.248s feedback_total=13.319s feedback_obs_pack=4.444s feedback_info_pack=0.234s effective_fps=62.90
2026-09-28 12:37:49.892 | INFO     | plugrl_env_client.runner.rollout:log_timing_summary:98 - Intermediate rollout timing summary: env_steps=296630 infer_calls=74447 feedback_calls=74446 infer_wait=2788.209s infer_obs_pack=3.108s env_step=1911.262s feedback_total=13.250s feedback_obs_pack=4.350s feedback_info_pack=0.230s effective_fps=62.90
2026-09-28 12:37:49.921 | INFO     | plugrl_env_client.runner.rollout:log_timing_summary:98 - Intermediate rollout timing summary: env_steps=296685 infer_calls=74450 feedback_calls=74449 infer_wait=2785.405s infer_obs_pack=3.097s env_step=1914.436s feedback_total=13.313s feedback_obs_pack=4.317s feedback_info_pack=0.251s effective_fps=62.91
2026-09-28 12:38:19.896 | INFO     | plugrl_env_client.runner.rollout:log_timing_summary:98 - Intermediate rollout timing summary: env_steps=299977 infer_calls=75288 feedback_calls=75287 infer_wait=2796.590s infer_obs_pack=3.143s env_step=1932.568s feedback_total=13.398s feedback_obs_pack=4.399s feedback_info_pack=0.233s effective_fps=63.21
2026-09-28 12:38:19.897 | INFO     | plugrl_env_client.runner.rollout:log_timing_summary:98 - Intermediate rollout timing summary: env_steps=300000 infer_calls=75288 feedback_calls=75287 infer_wait=2798.914s infer_obs_pack=3.154s env_step=1930.534s feedback_total=13.471s feedback_obs_pack=4.494s feedback_info_pack=0.236s effective_fps=63.21
2026-09-28 12:38:19.933 | INFO     | plugrl_env_client.runner.rollout:log_timing_summary:98 - Intermediate rollout timing summary: env_steps=300037 infer_calls=75291 feedback_calls=75290 infer_wait=2793.553s infer_obs_pack=3.132s env_step=1935.989s feedback_total=13.462s feedback_obs_pack=4.366s feedback_info_pack=0.254s effective_fps=63.22
2026-09-28 12:40:36.809 | INFO     | plugrl_env_client.runner.rollout:log_timing_summary:98 - Intermediate rollout timing summary: env_steps=302844 infer_calls=76002 feedback_calls=76001 infer_wait=2917.983s infer_obs_pack=3.184s env_step=1948.110s feedback_total=13.598s feedback_obs_pack=4.536s feedback_info_pack=0.238s effective_fps=62.02
2026-09-28 12:40:36.813 | INFO     | plugrl_env_client.runner.rollout:log_timing_summary:98 - Intermediate rollout timing summary: env_steps=302830 infer_calls=76002 feedback_calls=76001 infer_wait=2915.677s infer_obs_pack=3.172s env_step=1950.136s feedback_total=13.528s feedback_obs_pack=4.443s feedback_info_pack=0.235s effective_fps=62.02
2026-09-28 12:40:36.815 | INFO     | plugrl_env_client.runner.rollout:log_timing_summary:98 - Intermediate rollout timing summary: env_steps=302879 infer_calls=76004 feedback_calls=76003 infer_wait=2912.201s infer_obs_pack=3.161s env_step=1953.954s feedback_total=13.590s feedback_obs_pack=4.407s feedback_info_pack=0.256s effective_fps=62.03
2026-09-28 12:41:06.815 | INFO     | plugrl_env_client.runner.rollout:log_timing_summary:98 - Intermediate rollout timing summary: env_steps=306114 infer_calls=76825 feedback_calls=76825 infer_wait=2923.882s infer_obs_pack=3.205s env_step=1971.627s feedback_total=13.674s feedback_obs_pack=4.490s feedback_info_pack=0.238s effective_fps=62.31
2026-09-28 12:41:06.827 | INFO     | plugrl_env_client.runner.rollout:log_timing_summary:98 - Intermediate rollout timing summary: env_steps=306118 infer_calls=76826 feedback_calls=76825 infer_wait=2926.519s infer_obs_pack=3.218s env_step=1969.283s feedback_total=13.743s feedback_obs_pack=4.584s feedback_info_pack=0.241s effective_fps=62.31
2026-09-28 12:41:06.834 | INFO     | plugrl_env_client.runner.rollout:log_timing_summary:98 - Intermediate rollout timing summary: env_steps=306162 infer_calls=76828 feedback_calls=76827 infer_wait=2920.692s infer_obs_pack=3.196s env_step=1975.175s feedback_total=13.741s feedback_obs_pack=4.455s feedback_info_pack=0.259s effective_fps=62.32
2026-09-28 12:41:36.817 | INFO     | plugrl_env_client.runner.rollout:log_timing_summary:98 - Intermediate rollout timing summary: env_steps=309340 infer_calls=77635 feedback_calls=77634 infer_wait=2932.512s infer_obs_pack=3.238s env_step=1992.698s feedback_total=13.817s feedback_obs_pack=4.540s feedback_info_pack=0.240s effective_fps=62.59
2026-09-28 12:41:36.832 | INFO     | plugrl_env_client.runner.rollout:log_timing_summary:98 - Intermediate rollout timing summary: env_steps=309344 infer_calls=77635 feedback_calls=77634 infer_wait=2934.868s infer_obs_pack=3.252s env_step=1990.636s feedback_total=13.891s feedback_obs_pack=4.633s feedback_info_pack=0.243s effective_fps=62.59
2026-09-28 12:41:36.839 | INFO     | plugrl_env_client.runner.rollout:log_timing_summary:98 - Intermediate rollout timing summary: env_steps=309390 infer_calls=77637 feedback_calls=77636 infer_wait=2929.386s infer_obs_pack=3.229s env_step=1996.178s feedback_total=13.891s feedback_obs_pack=4.501s feedback_info_pack=0.262s effective_fps=62.60
2026-09-28 12:42:06.820 | INFO     | plugrl_env_client.runner.rollout:log_timing_summary:98 - Intermediate rollout timing summary: env_steps=312657 infer_calls=78467 feedback_calls=78466 infer_wait=2941.189s infer_obs_pack=3.273s env_step=2013.712s feedback_total=13.965s feedback_obs_pack=4.588s feedback_info_pack=0.243s effective_fps=62.88
2026-09-28 12:42:06.845 | INFO     | plugrl_env_client.runner.rollout:log_timing_summary:98 - Intermediate rollout timing summary: env_steps=312709 infer_calls=78470 feedback_calls=78469 infer_wait=2937.770s infer_obs_pack=3.264s env_step=2017.482s feedback_total=14.041s feedback_obs_pack=4.549s feedback_info_pack=0.264s effective_fps=62.89
2026-09-28 12:42:06.845 | INFO     | plugrl_env_client.runner.rollout:log_timing_summary:98 - Intermediate rollout timing summary: env_steps=312662 infer_calls=78468 feedback_calls=78467 infer_wait=2943.105s infer_obs_pack=3.287s env_step=2012.095s feedback_total=14.039s feedback_obs_pack=4.682s feedback_info_pack=0.246s effective_fps=62.88
2026-09-28 12:42:36.821 | INFO     | plugrl_env_client.runner.rollout:log_timing_summary:98 - Intermediate rollout timing summary: env_steps=316027 infer_calls=79312 feedback_calls=79311 infer_wait=2949.381s infer_obs_pack=3.308s env_step=2035.209s feedback_total=14.113s feedback_obs_pack=4.636s feedback_info_pack=0.245s effective_fps=63.18
2026-09-28 12:42:36.849 | INFO     | plugrl_env_client.runner.rollout:log_timing_summary:98 - Intermediate rollout timing summary: env_steps=316080 infer_calls=79315 feedback_calls=79314 infer_wait=2945.848s infer_obs_pack=3.299s env_step=2039.097s feedback_total=14.192s feedback_obs_pack=4.597s feedback_info_pack=0.267s effective_fps=63.19
2026-09-28 12:42:36.850 | INFO     | plugrl_env_client.runner.rollout:log_timing_summary:98 - Intermediate rollout timing summary: env_steps=316029 infer_calls=79313 feedback_calls=79312 infer_wait=2951.580s infer_obs_pack=3.322s env_step=2033.313s feedback_total=14.187s feedback_obs_pack=4.732s feedback_info_pack=0.249s effective_fps=63.18
2026-09-28 12:44:53.427 | INFO     | plugrl_env_client.runner.rollout:log_timing_summary:98 - Intermediate rollout timing summary: env_steps=318827 infer_calls=80004 feedback_calls=80003 infer_wait=3064.608s infer_obs_pack=3.327s env_step=2056.661s feedback_total=14.315s feedback_obs_pack=4.637s feedback_info_pack=0.270s effective_fps=62.04
2026-09-28 12:44:53.430 | INFO     | plugrl_env_client.runner.rollout:log_timing_summary:98 - Intermediate rollout timing summary: env_steps=318768 infer_calls=80002 feedback_calls=80001 infer_wait=3068.449s infer_obs_pack=3.336s env_step=2052.484s feedback_total=14.241s feedback_obs_pack=4.680s feedback_info_pack=0.247s effective_fps=62.04
2026-09-28 12:44:53.431 | INFO     | plugrl_env_client.runner.rollout:log_timing_summary:98 - Intermediate rollout timing summary: env_steps=318776 infer_calls=80002 feedback_calls=80001 infer_wait=3070.754s infer_obs_pack=3.351s env_step=2050.460s feedback_total=14.313s feedback_obs_pack=4.773s feedback_info_pack=0.251s effective_fps=62.03
2026-09-28 12:45:23.434 | INFO     | plugrl_env_client.runner.rollout:log_timing_summary:98 - Intermediate rollout timing summary: env_steps=322081 infer_calls=80821 feedback_calls=80820 infer_wait=3072.796s infer_obs_pack=3.361s env_step=2078.169s feedback_total=14.466s feedback_obs_pack=4.685s feedback_info_pack=0.272s effective_fps=62.31
2026-09-28 12:45:23.436 | INFO     | plugrl_env_client.runner.rollout:log_timing_summary:98 - Intermediate rollout timing summary: env_steps=322020 infer_calls=80819 feedback_calls=80818 infer_wait=3079.738s infer_obs_pack=3.385s env_step=2071.167s feedback_total=14.464s feedback_obs_pack=4.824s feedback_info_pack=0.253s effective_fps=62.30
2026-09-28 12:45:23.438 | INFO     | plugrl_env_client.runner.rollout:log_timing_summary:98 - Intermediate rollout timing summary: env_steps=322025 infer_calls=80819 feedback_calls=80818 infer_wait=3077.067s infer_obs_pack=3.372s env_step=2073.568s feedback_total=14.385s feedback_obs_pack=4.729s feedback_info_pack=0.250s effective_fps=62.31
2026-09-28 12:45:53.444 | INFO     | plugrl_env_client.runner.rollout:log_timing_summary:98 - Intermediate rollout timing summary: env_steps=325311 infer_calls=81645 feedback_calls=81644 infer_wait=3088.310s infer_obs_pack=3.420s env_step=2092.300s feedback_total=14.611s feedback_obs_pack=4.873s feedback_info_pack=0.256s effective_fps=62.58
2026-09-28 12:45:53.445 | INFO     | plugrl_env_client.runner.rollout:log_timing_summary:98 - Intermediate rollout timing summary: env_steps=325360 infer_calls=81647 feedback_calls=81646 infer_wait=3081.233s infer_obs_pack=3.395s env_step=2099.438s feedback_total=14.608s feedback_obs_pack=4.733s feedback_info_pack=0.275s effective_fps=62.59
2026-09-28 12:45:53.445 | INFO     | plugrl_env_client.runner.rollout:log_timing_summary:98 - Intermediate rollout timing summary: env_steps=325320 infer_calls=81645 feedback_calls=81644 infer_wait=3085.553s infer_obs_pack=3.406s env_step=2094.779s feedback_total=14.530s feedback_obs_pack=4.776s feedback_info_pack=0.252s effective_fps=62.58
2026-09-28 12:46:23.454 | INFO     | plugrl_env_client.runner.rollout:log_timing_summary:98 - Intermediate rollout timing summary: env_steps=328639 infer_calls=82478 feedback_calls=82477 infer_wait=3094.107s infer_obs_pack=3.441s env_step=2115.922s feedback_total=14.678s feedback_obs_pack=4.823s feedback_info_pack=0.255s effective_fps=62.86
2026-09-28 12:46:23.454 | INFO     | plugrl_env_client.runner.rollout:log_timing_summary:98 - Intermediate rollout timing summary: env_steps=328675 infer_calls=82480 feedback_calls=82479 infer_wait=3089.621s infer_obs_pack=3.429s env_step=2120.742s feedback_total=14.762s feedback_obs_pack=4.782s feedback_info_pack=0.278s effective_fps=62.86
2026-09-28 12:46:23.456 | INFO     | plugrl_env_client.runner.rollout:log_timing_summary:98 - Intermediate rollout timing summary: env_steps=328626 infer_calls=82478 feedback_calls=82477 infer_wait=3096.734s infer_obs_pack=3.455s env_step=2113.580s feedback_total=14.759s feedback_obs_pack=4.922s feedback_info_pack=0.258s effective_fps=62.85
2026-09-28 12:46:53.456 | INFO     | plugrl_env_client.runner.rollout:log_timing_summary:98 - Intermediate rollout timing summary: env_steps=331969 infer_calls=83317 feedback_calls=83316 infer_wait=3105.316s infer_obs_pack=3.490s env_step=2134.685s feedback_total=14.911s feedback_obs_pack=4.971s feedback_info_pack=0.261s effective_fps=63.13
2026-09-28 12:46:53.458 | INFO     | plugrl_env_client.runner.rollout:log_timing_summary:98 - Intermediate rollout timing summary: env_steps=331986 infer_calls=83317 feedback_calls=83316 infer_wait=3102.335s infer_obs_pack=3.476s env_step=2137.386s feedback_total=14.828s feedback_obs_pack=4.872s feedback_info_pack=0.257s effective_fps=63.14
2026-09-28 12:46:53.459 | INFO     | plugrl_env_client.runner.rollout:log_timing_summary:98 - Intermediate rollout timing summary: env_steps=332008 infer_calls=83319 feedback_calls=83318 infer_wait=3097.862s infer_obs_pack=3.464s env_step=2142.193s feedback_total=14.909s feedback_obs_pack=4.830s feedback_info_pack=0.281s effective_fps=63.14
2026-09-28 12:49:10.943 | INFO     | plugrl_env_client.runner.rollout:log_timing_summary:98 - Intermediate rollout timing summary: env_steps=334733 infer_calls=84004 feedback_calls=84003 infer_wait=3217.953s infer_obs_pack=3.492s env_step=2159.328s feedback_total=15.037s feedback_obs_pack=4.869s feedback_info_pack=0.283s effective_fps=62.04
2026-09-28 12:49:10.944 | INFO     | plugrl_env_client.runner.rollout:log_timing_summary:98 - Intermediate rollout timing summary: env_steps=334698 infer_calls=84002 feedback_calls=84001 infer_wait=3225.463s infer_obs_pack=3.525s env_step=2151.758s feedback_total=15.036s feedback_obs_pack=5.012s feedback_info_pack=0.263s effective_fps=62.03
2026-09-28 12:49:10.951 | INFO     | plugrl_env_client.runner.rollout:log_timing_summary:98 - Intermediate rollout timing summary: env_steps=334720 infer_calls=84002 feedback_calls=84001 infer_wait=3221.925s infer_obs_pack=3.504s env_step=2155.030s feedback_total=14.954s feedback_obs_pack=4.912s feedback_info_pack=0.259s effective_fps=62.04
2026-09-28 12:49:40.946 | INFO     | plugrl_env_client.runner.rollout:log_timing_summary:98 - Intermediate rollout timing summary: env_steps=337991 infer_calls=84827 feedback_calls=84826 infer_wait=3233.505s infer_obs_pack=3.559s env_step=2173.412s feedback_total=15.191s feedback_obs_pack=5.064s feedback_info_pack=0.266s effective_fps=62.29
2026-09-28 12:49:40.948 | INFO     | plugrl_env_client.runner.rollout:log_timing_summary:98 - Intermediate rollout timing summary: env_steps=338023 infer_calls=84829 feedback_calls=84828 infer_wait=3226.437s infer_obs_pack=3.526s env_step=2180.543s feedback_total=15.188s feedback_obs_pack=4.916s feedback_info_pack=0.286s effective_fps=62.30
2026-09-28 12:49:40.952 | INFO     | plugrl_env_client.runner.rollout:log_timing_summary:98 - Intermediate rollout timing summary: env_steps=338009 infer_calls=84827 feedback_calls=84826 infer_wait=3230.498s infer_obs_pack=3.538s env_step=2176.138s feedback_total=15.113s feedback_obs_pack=4.960s feedback_info_pack=0.262s effective_fps=62.30
2026-09-28 12:50:10.947 | INFO     | plugrl_env_client.runner.rollout:log_timing_summary:98 - Intermediate rollout timing summary: env_steps=341245 infer_calls=85642 feedback_calls=85642 infer_wait=3241.948s infer_obs_pack=3.593s env_step=2194.663s feedback_total=15.339s feedback_obs_pack=5.111s feedback_info_pack=0.268s effective_fps=62.55
2026-09-28 12:50:10.949 | INFO     | plugrl_env_client.runner.rollout:log_timing_summary:98 - Intermediate rollout timing summary: env_steps=341269 infer_calls=85644 feedback_calls=85644 infer_wait=3234.874s infer_obs_pack=3.560s env_step=2201.805s feedback_total=15.334s feedback_obs_pack=4.963s feedback_info_pack=0.288s effective_fps=62.55
2026-09-28 12:50:10.962 | INFO     | plugrl_env_client.runner.rollout:log_timing_summary:98 - Intermediate rollout timing summary: env_steps=341259 infer_calls=85643 feedback_calls=85642 infer_wait=3239.095s infer_obs_pack=3.572s env_step=2197.243s feedback_total=15.257s feedback_obs_pack=5.007s feedback_info_pack=0.264s effective_fps=62.56
2026-09-28 12:50:40.952 | INFO     | plugrl_env_client.runner.rollout:log_timing_summary:98 - Intermediate rollout timing summary: env_steps=344540 infer_calls=86465 feedback_calls=86464 infer_wait=3243.596s infer_obs_pack=3.594s env_step=2222.779s feedback_total=15.484s feedback_obs_pack=5.012s feedback_info_pack=0.291s effective_fps=62.81
2026-09-28 12:50:40.952 | INFO     | plugrl_env_client.runner.rollout:log_timing_summary:98 - Intermediate rollout timing summary: env_steps=344519 infer_calls=86463 feedback_calls=86462 infer_wait=3250.332s infer_obs_pack=3.627s env_step=2215.977s feedback_total=15.489s feedback_obs_pack=5.160s feedback_info_pack=0.271s effective_fps=62.81
2026-09-28 12:50:40.964 | INFO     | plugrl_env_client.runner.rollout:log_timing_summary:98 - Intermediate rollout timing summary: env_steps=344535 infer_calls=86463 feedback_calls=86462 infer_wait=3247.355s infer_obs_pack=3.607s env_step=2218.682s feedback_total=15.404s feedback_obs_pack=5.054s feedback_info_pack=0.267s effective_fps=62.81
2026-09-28 12:51:10.953 | INFO     | plugrl_env_client.runner.rollout:log_timing_summary:98 - Intermediate rollout timing summary: env_steps=347818 infer_calls=87290 feedback_calls=87289 infer_wait=3258.300s infer_obs_pack=3.662s env_step=2237.711s feedback_total=15.637s feedback_obs_pack=5.210s feedback_info_pack=0.273s effective_fps=63.06
2026-09-28 12:51:10.958 | INFO     | plugrl_env_client.runner.rollout:log_timing_summary:98 - Intermediate rollout timing summary: env_steps=347839 infer_calls=87292 feedback_calls=87292 infer_wait=3252.331s infer_obs_pack=3.628s env_step=2243.744s feedback_total=15.632s feedback_obs_pack=5.060s feedback_info_pack=0.294s effective_fps=63.07
2026-09-28 12:51:10.968 | INFO     | plugrl_env_client.runner.rollout:log_timing_summary:98 - Intermediate rollout timing summary: env_steps=347826 infer_calls=87290 feedback_calls=87289 infer_wait=3255.917s infer_obs_pack=3.641s env_step=2239.813s feedback_total=15.548s feedback_obs_pack=5.102s feedback_info_pack=0.269s effective_fps=63.07
2026-09-28 12:53:28.738 | INFO     | plugrl_env_client.runner.rollout:log_timing_summary:98 - Intermediate rollout timing summary: env_steps=350671 infer_calls=88004 feedback_calls=88003 infer_wait=3372.320s infer_obs_pack=3.657s env_step=2261.264s feedback_total=15.765s feedback_obs_pack=5.100s feedback_info_pack=0.296s effective_fps=62.03
2026-09-28 12:53:28.739 | INFO     | plugrl_env_client.runner.rollout:log_timing_summary:98 - Intermediate rollout timing summary: env_steps=350662 infer_calls=88002 feedback_calls=88001 infer_wait=3375.516s infer_obs_pack=3.670s env_step=2257.708s feedback_total=15.680s feedback_obs_pack=5.144s feedback_info_pack=0.271s effective_fps=62.04
2026-09-28 12:53:28.740 | INFO     | plugrl_env_client.runner.rollout:log_timing_summary:98 - Intermediate rollout timing summary: env_steps=350655 infer_calls=88002 feedback_calls=88001 infer_wait=3378.004s infer_obs_pack=3.692s env_step=2255.528s feedback_total=15.765s feedback_obs_pack=5.253s feedback_info_pack=0.275s effective_fps=62.03
2026-09-28 12:53:58.741 | INFO     | plugrl_env_client.runner.rollout:log_timing_summary:98 - Intermediate rollout timing summary: env_steps=353937 infer_calls=88823 feedback_calls=88823 infer_wait=3380.940s infer_obs_pack=3.691s env_step=2282.346s feedback_total=15.912s feedback_obs_pack=5.147s feedback_info_pack=0.299s effective_fps=62.28
2026-09-28 12:53:58.745 | INFO     | plugrl_env_client.runner.rollout:log_timing_summary:98 - Intermediate rollout timing summary: env_steps=353922 infer_calls=88821 feedback_calls=88820 infer_wait=3383.870s infer_obs_pack=3.704s env_step=2279.043s feedback_total=15.828s feedback_obs_pack=5.193s feedback_info_pack=0.274s effective_fps=62.28
2026-09-28 12:53:58.766 | INFO     | plugrl_env_client.runner.rollout:log_timing_summary:98 - Intermediate rollout timing summary: env_steps=353925 infer_calls=88822 feedback_calls=88821 infer_wait=3386.863s infer_obs_pack=3.726s env_step=2276.390s feedback_total=15.909s feedback_obs_pack=5.300s feedback_info_pack=0.278s effective_fps=62.28
2026-09-28 12:54:28.744 | INFO     | plugrl_env_client.runner.rollout:log_timing_summary:98 - Intermediate rollout timing summary: env_steps=357215 infer_calls=89646 feedback_calls=89646 infer_wait=3389.654s infer_obs_pack=3.724s env_step=2303.319s feedback_total=16.062s feedback_obs_pack=5.201s feedback_info_pack=0.302s effective_fps=62.53
2026-09-28 12:54:28.749 | INFO     | plugrl_env_client.runner.rollout:log_timing_summary:98 - Intermediate rollout timing summary: env_steps=357201 infer_calls=89644 feedback_calls=89644 infer_wait=3392.540s infer_obs_pack=3.738s env_step=2300.061s feedback_total=15.980s feedback_obs_pack=5.240s feedback_info_pack=0.276s effective_fps=62.53
2026-09-28 12:54:28.771 | INFO     | plugrl_env_client.runner.rollout:log_timing_summary:98 - Intermediate rollout timing summary: env_steps=357195 infer_calls=89645 feedback_calls=89644 infer_wait=3395.139s infer_obs_pack=3.761s env_step=2297.813s feedback_total=16.055s feedback_obs_pack=5.349s feedback_info_pack=0.281s effective_fps=62.53
2026-09-28 12:54:58.747 | INFO     | plugrl_env_client.runner.rollout:log_timing_summary:98 - Intermediate rollout timing summary: env_steps=360498 infer_calls=90470 feedback_calls=90469 infer_wait=3398.348s infer_obs_pack=3.758s env_step=2324.326s feedback_total=16.206s feedback_obs_pack=5.248s feedback_info_pack=0.304s effective_fps=62.78
2026-09-28 12:54:58.751 | INFO     | plugrl_env_client.runner.rollout:log_timing_summary:98 - Intermediate rollout timing summary: env_steps=360487 infer_calls=90468 feedback_calls=90467 infer_wait=3401.022s infer_obs_pack=3.776s env_step=2321.271s feedback_total=16.130s feedback_obs_pack=5.291s feedback_info_pack=0.279s effective_fps=62.78
2026-09-28 12:54:58.773 | INFO     | plugrl_env_client.runner.rollout:log_timing_summary:98 - Intermediate rollout timing summary: env_steps=360477 infer_calls=90469 feedback_calls=90468 infer_wait=3403.547s infer_obs_pack=3.795s env_step=2319.103s feedback_total=16.204s feedback_obs_pack=5.397s feedback_info_pack=0.283s effective_fps=62.77
2026-09-28 12:55:28.753 | INFO     | plugrl_env_client.runner.rollout:log_timing_summary:98 - Intermediate rollout timing summary: env_steps=363881 infer_calls=91321 feedback_calls=91320 infer_wait=3406.742s infer_obs_pack=3.793s env_step=2345.616s feedback_total=16.361s feedback_obs_pack=5.296s feedback_info_pack=0.307s effective_fps=63.04
2026-09-28 12:55:28.755 | INFO     | plugrl_env_client.runner.rollout:log_timing_summary:98 - Intermediate rollout timing summary: env_steps=363883 infer_calls=91319 feedback_calls=91318 infer_wait=3409.229s infer_obs_pack=3.812s env_step=2342.746s feedback_total=16.285s feedback_obs_pack=5.340s feedback_info_pack=0.281s effective_fps=63.04
2026-09-28 12:55:28.784 | INFO     | plugrl_env_client.runner.rollout:log_timing_summary:98 - Intermediate rollout timing summary: env_steps=363871 infer_calls=91320 feedback_calls=91319 infer_wait=3412.003s infer_obs_pack=3.830s env_step=2340.343s feedback_total=16.357s feedback_obs_pack=5.446s feedback_info_pack=0.286s effective_fps=63.03
2026-09-28 12:57:45.851 | INFO     | plugrl_env_client.runner.rollout:log_timing_summary:98 - Intermediate rollout timing summary: env_steps=366595 infer_calls=92001 feedback_calls=92000 infer_wait=3529.090s infer_obs_pack=3.839s env_step=2359.722s feedback_total=16.411s feedback_obs_pack=5.379s feedback_info_pack=0.284s effective_fps=62.04
2026-09-28 12:57:45.852 | INFO     | plugrl_env_client.runner.rollout:log_timing_summary:98 - Intermediate rollout timing summary: env_steps=366585 infer_calls=92001 feedback_calls=92000 infer_wait=3531.692s infer_obs_pack=3.862s env_step=2357.463s feedback_total=16.485s feedback_obs_pack=5.487s feedback_info_pack=0.288s effective_fps=62.03
2026-09-28 12:57:45.854 | INFO     | plugrl_env_client.runner.rollout:log_timing_summary:98 - Intermediate rollout timing summary: env_steps=366600 infer_calls=92003 feedback_calls=92002 infer_wait=3526.483s infer_obs_pack=3.822s env_step=2362.719s feedback_total=16.488s feedback_obs_pack=5.336s feedback_info_pack=0.310s effective_fps=62.04
2026-09-28 12:58:15.851 | INFO     | plugrl_env_client.runner.rollout:log_timing_summary:98 - Intermediate rollout timing summary: env_steps=369792 infer_calls=92802 feedback_calls=92801 infer_wait=3537.790s infer_obs_pack=3.873s env_step=2380.726s feedback_total=16.553s feedback_obs_pack=5.425s feedback_info_pack=0.286s effective_fps=62.27
2026-09-28 12:58:15.853 | INFO     | plugrl_env_client.runner.rollout:log_timing_summary:98 - Intermediate rollout timing summary: env_steps=369777 infer_calls=92802 feedback_calls=92802 infer_wait=3540.522s infer_obs_pack=3.895s env_step=2378.333s feedback_total=16.635s feedback_obs_pack=5.538s feedback_info_pack=0.290s effective_fps=62.26
2026-09-28 12:58:15.856 | INFO     | plugrl_env_client.runner.rollout:log_timing_summary:98 - Intermediate rollout timing summary: env_steps=369794 infer_calls=92804 feedback_calls=92804 infer_wait=3535.030s infer_obs_pack=3.855s env_step=2383.876s feedback_total=16.633s feedback_obs_pack=5.383s feedback_info_pack=0.312s effective_fps=62.26
2026-09-28 12:58:45.856 | INFO     | plugrl_env_client.runner.rollout:log_timing_summary:98 - Intermediate rollout timing summary: env_steps=373103 infer_calls=93633 feedback_calls=93632 infer_wait=3546.122s infer_obs_pack=3.907s env_step=2402.091s feedback_total=16.696s feedback_obs_pack=5.472s feedback_info_pack=0.289s effective_fps=62.51
2026-09-28 12:58:45.858 | INFO     | plugrl_env_client.runner.rollout:log_timing_summary:98 - Intermediate rollout timing summary: env_steps=373083 infer_calls=93633 feedback_calls=93633 infer_wait=3549.481s infer_obs_pack=3.932s env_step=2399.065s feedback_total=16.785s feedback_obs_pack=5.586s feedback_info_pack=0.293s effective_fps=62.50
2026-09-28 12:58:45.860 | INFO     | plugrl_env_client.runner.rollout:log_timing_summary:98 - Intermediate rollout timing summary: env_steps=373105 infer_calls=93635 feedback_calls=93635 infer_wait=3543.438s infer_obs_pack=3.889s env_step=2405.160s feedback_total=16.783s feedback_obs_pack=5.432s feedback_info_pack=0.315s effective_fps=62.50
2026-09-28 12:59:15.856 | INFO     | plugrl_env_client.runner.rollout:log_timing_summary:98 - Intermediate rollout timing summary: env_steps=376398 infer_calls=94461 feedback_calls=94460 infer_wait=3554.633s infer_obs_pack=3.942s env_step=2423.263s feedback_total=16.849s feedback_obs_pack=5.520s feedback_info_pack=0.294s effective_fps=62.75
2026-09-28 12:59:15.861 | INFO     | plugrl_env_client.runner.rollout:log_timing_summary:98 - Intermediate rollout timing summary: env_steps=376377 infer_calls=94461 feedback_calls=94461 infer_wait=3557.959s infer_obs_pack=3.967s env_step=2420.282s feedback_total=16.931s feedback_obs_pack=5.635s feedback_info_pack=0.295s effective_fps=62.74
2026-09-28 12:59:15.865 | INFO     | plugrl_env_client.runner.rollout:log_timing_summary:98 - Intermediate rollout timing summary: env_steps=376404 infer_calls=94463 feedback_calls=94463 infer_wait=3551.887s infer_obs_pack=3.923s env_step=2426.409s feedback_total=16.930s feedback_obs_pack=5.479s feedback_info_pack=0.318s effective_fps=62.74
2026-09-28 12:59:45.859 | INFO     | plugrl_env_client.runner.rollout:log_timing_summary:98 - Intermediate rollout timing summary: env_steps=379789 infer_calls=95311 feedback_calls=95310 infer_wait=3562.822s infer_obs_pack=3.978s env_step=2444.762s feedback_total=16.999s feedback_obs_pack=5.569s feedback_info_pack=0.297s effective_fps=63.00
2026-09-28 12:59:45.863 | INFO     | plugrl_env_client.runner.rollout:log_timing_summary:98 - Intermediate rollout timing summary: env_steps=379766 infer_calls=95311 feedback_calls=95310 infer_wait=3566.116s infer_obs_pack=4.003s env_step=2441.809s feedback_total=17.088s feedback_obs_pack=5.685s feedback_info_pack=0.298s effective_fps=62.99
2026-09-28 12:59:45.865 | INFO     | plugrl_env_client.runner.rollout:log_timing_summary:98 - Intermediate rollout timing summary: env_steps=379790 infer_calls=95313 feedback_calls=95312 infer_wait=3560.420s infer_obs_pack=3.958s env_step=2447.551s feedback_total=17.088s feedback_obs_pack=5.534s feedback_info_pack=0.321s effective_fps=62.99
2026-09-28 13:02:03.209 | INFO     | plugrl_env_client.runner.rollout:log_timing_summary:98 - Intermediate rollout timing summary: env_steps=382517 infer_calls=96002 feedback_calls=96001 infer_wait=3686.048s infer_obs_pack=4.031s env_step=2458.966s feedback_total=17.216s feedback_obs_pack=5.727s feedback_info_pack=0.300s effective_fps=62.03
2026-09-28 13:02:03.211 | INFO     | plugrl_env_client.runner.rollout:log_timing_summary:98 - Intermediate rollout timing summary: env_steps=382547 infer_calls=96004 feedback_calls=96003 infer_wait=3680.324s infer_obs_pack=3.989s env_step=2464.737s feedback_total=17.211s feedback_obs_pack=5.574s feedback_info_pack=0.323s effective_fps=62.04
2026-09-28 13:02:03.213 | INFO     | plugrl_env_client.runner.rollout:log_timing_summary:98 - Intermediate rollout timing summary: env_steps=382536 infer_calls=96002 feedback_calls=96001 infer_wait=3682.693s infer_obs_pack=4.006s env_step=2461.986s feedback_total=17.122s feedback_obs_pack=5.609s feedback_info_pack=0.299s effective_fps=62.04
2026-09-28 13:02:33.215 | INFO     | plugrl_env_client.runner.rollout:log_timing_summary:98 - Intermediate rollout timing summary: env_steps=385796 infer_calls=96825 feedback_calls=96824 infer_wait=3694.324s infer_obs_pack=4.067s env_step=2480.385s feedback_total=17.363s feedback_obs_pack=5.774s feedback_info_pack=0.303s effective_fps=62.26
2026-09-28 13:02:33.217 | INFO     | plugrl_env_client.runner.rollout:log_timing_summary:98 - Intermediate rollout timing summary: env_steps=385817 infer_calls=96827 feedback_calls=96826 infer_wait=3689.144s infer_obs_pack=4.023s env_step=2485.607s feedback_total=17.362s feedback_obs_pack=5.621s feedback_info_pack=0.326s effective_fps=62.27
2026-09-28 13:02:33.217 | INFO     | plugrl_env_client.runner.rollout:log_timing_summary:98 - Intermediate rollout timing summary: env_steps=385814 infer_calls=96825 feedback_calls=96824 infer_wait=3691.056s infer_obs_pack=4.040s env_step=2483.319s feedback_total=17.265s feedback_obs_pack=5.656s feedback_info_pack=0.301s effective_fps=62.27
2026-09-28 13:03:03.221 | INFO     | plugrl_env_client.runner.rollout:log_timing_summary:98 - Intermediate rollout timing summary: env_steps=389117 infer_calls=97654 feedback_calls=97653 infer_wait=3697.336s infer_obs_pack=4.057s env_step=2507.115s feedback_total=17.507s feedback_obs_pack=5.669s feedback_info_pack=0.329s effective_fps=62.50
2026-09-28 13:03:03.221 | INFO     | plugrl_env_client.runner.rollout:log_timing_summary:98 - Intermediate rollout timing summary: env_steps=389090 infer_calls=97652 feedback_calls=97651 infer_wait=3703.048s infer_obs_pack=4.102s env_step=2501.361s feedback_total=17.510s feedback_obs_pack=5.822s feedback_info_pack=0.305s effective_fps=62.49
2026-09-28 13:03:03.223 | INFO     | plugrl_env_client.runner.rollout:log_timing_summary:98 - Intermediate rollout timing summary: env_steps=389110 infer_calls=97652 feedback_calls=97651 infer_wait=3699.679s infer_obs_pack=4.075s env_step=2504.393s feedback_total=17.413s feedback_obs_pack=5.703s feedback_info_pack=0.304s effective_fps=62.50
2026-09-28 13:03:33.227 | INFO     | plugrl_env_client.runner.rollout:log_timing_summary:98 - Intermediate rollout timing summary: env_steps=392390 infer_calls=98481 feedback_calls=98480 infer_wait=3712.010s infer_obs_pack=4.137s env_step=2522.098s feedback_total=17.658s feedback_obs_pack=5.871s feedback_info_pack=0.308s effective_fps=62.72
2026-09-28 13:03:33.228 | INFO     | plugrl_env_client.runner.rollout:log_timing_summary:98 - Intermediate rollout timing summary: env_steps=392417 infer_calls=98483 feedback_calls=98482 infer_wait=3705.956s infer_obs_pack=4.091s env_step=2528.187s feedback_total=17.658s feedback_obs_pack=5.718s feedback_info_pack=0.331s effective_fps=62.73
2026-09-28 13:03:33.232 | INFO     | plugrl_env_client.runner.rollout:log_timing_summary:98 - Intermediate rollout timing summary: env_steps=392409 infer_calls=98481 feedback_calls=98480 infer_wait=3707.949s infer_obs_pack=4.110s env_step=2525.818s feedback_total=17.562s feedback_obs_pack=5.754s feedback_info_pack=0.307s effective_fps=62.73
2026-09-28 13:04:03.240 | INFO     | plugrl_env_client.runner.rollout:log_timing_summary:98 - Intermediate rollout timing summary: env_steps=395856 infer_calls=99344 feedback_calls=99343 infer_wait=3716.255s infer_obs_pack=4.148s env_step=2547.194s feedback_total=17.719s feedback_obs_pack=5.805s feedback_info_pack=0.309s effective_fps=62.98
2026-09-28 13:04:03.240 | INFO     | plugrl_env_client.runner.rollout:log_timing_summary:98 - Intermediate rollout timing summary: env_steps=395860 infer_calls=99346 feedback_calls=99345 infer_wait=3713.554s infer_obs_pack=4.127s env_step=2550.275s feedback_total=17.818s feedback_obs_pack=5.768s feedback_info_pack=0.334s effective_fps=62.98
2026-09-28 13:04:03.241 | INFO     | plugrl_env_client.runner.rollout:log_timing_summary:98 - Intermediate rollout timing summary: env_steps=395826 infer_calls=99344 feedback_calls=99343 infer_wait=3720.426s infer_obs_pack=4.173s env_step=2543.372s feedback_total=17.815s feedback_obs_pack=5.922s feedback_info_pack=0.310s effective_fps=62.97
2026-09-28 13:06:19.928 | INFO     | plugrl_env_client.runner.rollout:log_timing_summary:98 - Intermediate rollout timing summary: env_steps=398479 infer_calls=100002 feedback_calls=100001 infer_wait=3836.297s infer_obs_pack=4.175s env_step=2563.595s feedback_total=17.839s feedback_obs_pack=5.844s feedback_info_pack=0.311s effective_fps=62.05
2026-09-28 13:06:19.930 | INFO     | plugrl_env_client.runner.rollout:log_timing_summary:98 - Intermediate rollout timing summary: env_steps=398445 infer_calls=100002 feedback_calls=100001 infer_wait=3840.169s infer_obs_pack=4.200s env_step=2560.073s feedback_total=17.931s feedback_obs_pack=5.961s feedback_info_pack=0.312s effective_fps=62.04
2026-09-28 13:06:19.939 | INFO     | plugrl_env_client.runner.rollout:log_timing_summary:98 - Intermediate rollout timing summary: env_steps=398490 infer_calls=100004 feedback_calls=100003 infer_wait=3833.011s infer_obs_pack=4.154s env_step=2567.270s feedback_total=17.938s feedback_obs_pack=5.807s feedback_info_pack=0.337s effective_fps=62.05
2026-09-28 13:06:49.930 | INFO     | plugrl_env_client.runner.rollout:log_timing_summary:98 - Intermediate rollout timing summary: env_steps=401728 infer_calls=100825 feedback_calls=100824 infer_wait=3848.700s infer_obs_pack=4.234s env_step=2581.241s feedback_total=18.075s feedback_obs_pack=6.009s feedback_info_pack=0.315s effective_fps=62.26
2026-09-28 13:06:49.931 | INFO     | plugrl_env_client.runner.rollout:log_timing_summary:98 - Intermediate rollout timing summary: env_steps=401765 infer_calls=100825 feedback_calls=100824 infer_wait=3844.642s infer_obs_pack=4.209s env_step=2584.950s feedback_total=17.982s feedback_obs_pack=5.892s feedback_info_pack=0.314s effective_fps=62.27
2026-09-28 13:06:49.940 | INFO     | plugrl_env_client.runner.rollout:log_timing_summary:98 - Intermediate rollout timing summary: env_steps=401767 infer_calls=100827 feedback_calls=100826 infer_wait=3841.652s infer_obs_pack=4.188s env_step=2588.324s feedback_total=18.085s feedback_obs_pack=5.854s feedback_info_pack=0.339s effective_fps=62.27
2026-09-28 13:07:19.935 | INFO     | plugrl_env_client.runner.rollout:log_timing_summary:98 - Intermediate rollout timing summary: env_steps=405059 infer_calls=101661 feedback_calls=101660 infer_wait=3857.146s infer_obs_pack=4.269s env_step=2602.487s feedback_total=18.227s feedback_obs_pack=6.058s feedback_info_pack=0.318s effective_fps=62.49
2026-09-28 13:07:19.935 | INFO     | plugrl_env_client.runner.rollout:log_timing_summary:98 - Intermediate rollout timing summary: env_steps=405090 infer_calls=101661 feedback_calls=101660 infer_wait=3853.174s infer_obs_pack=4.243s env_step=2606.104s feedback_total=18.131s feedback_obs_pack=5.943s feedback_info_pack=0.316s effective_fps=62.50
2026-09-28 13:07:19.952 | INFO     | plugrl_env_client.runner.rollout:log_timing_summary:98 - Intermediate rollout timing summary: env_steps=405101 infer_calls=101664 feedback_calls=101663 infer_wait=3850.191s infer_obs_pack=4.223s env_step=2609.478s feedback_total=18.236s feedback_obs_pack=5.905s feedback_info_pack=0.342s effective_fps=62.50
2026-09-28 13:07:49.940 | INFO     | plugrl_env_client.runner.rollout:log_timing_summary:98 - Intermediate rollout timing summary: env_steps=408357 infer_calls=102488 feedback_calls=102487 infer_wait=3865.732s infer_obs_pack=4.310s env_step=2623.596s feedback_total=18.372s feedback_obs_pack=6.106s feedback_info_pack=0.320s effective_fps=62.71
2026-09-28 13:07:49.941 | INFO     | plugrl_env_client.runner.rollout:log_timing_summary:98 - Intermediate rollout timing summary: env_steps=408385 infer_calls=102488 feedback_calls=102487 infer_wait=3862.028s infer_obs_pack=4.278s env_step=2626.943s feedback_total=18.280s feedback_obs_pack=5.990s feedback_info_pack=0.319s effective_fps=62.72
2026-09-28 13:07:49.959 | INFO     | plugrl_env_client.runner.rollout:log_timing_summary:98 - Intermediate rollout timing summary: env_steps=408403 infer_calls=102491 feedback_calls=102490 infer_wait=3858.247s infer_obs_pack=4.259s env_step=2631.121s feedback_total=18.385s feedback_obs_pack=5.952s feedback_info_pack=0.345s effective_fps=62.72
2026-09-28 13:08:19.956 | INFO     | plugrl_env_client.runner.rollout:log_timing_summary:98 - Intermediate rollout timing summary: env_steps=411806 infer_calls=103350 feedback_calls=103349 infer_wait=3870.550s infer_obs_pack=4.313s env_step=2648.097s feedback_total=18.439s feedback_obs_pack=6.041s feedback_info_pack=0.322s effective_fps=62.95
2026-09-28 13:08:19.958 | INFO     | plugrl_env_client.runner.rollout:log_timing_summary:98 - Intermediate rollout timing summary: env_steps=411793 infer_calls=103350 feedback_calls=103349 infer_wait=3874.139s infer_obs_pack=4.345s env_step=2644.883s feedback_total=18.527s feedback_obs_pack=6.157s feedback_info_pack=0.323s effective_fps=62.95
2026-09-28 13:08:19.964 | INFO     | plugrl_env_client.runner.rollout:log_timing_summary:98 - Intermediate rollout timing summary: env_steps=411834 infer_calls=103352 feedback_calls=103351 infer_wait=3866.042s infer_obs_pack=4.294s env_step=2653.014s feedback_total=18.539s feedback_obs_pack=6.002s feedback_info_pack=0.348s effective_fps=62.95
2026-09-28 13:10:35.093 | INFO     | plugrl_env_client.runner.rollout:log_timing_summary:98 - Intermediate rollout timing summary: env_steps=414387 infer_calls=104002 feedback_calls=104001 infer_wait=3992.677s infer_obs_pack=4.373s env_step=2661.236s feedback_total=18.646s feedback_obs_pack=6.195s feedback_info_pack=0.325s effective_fps=62.06
2026-09-28 13:10:35.096 | INFO     | plugrl_env_client.runner.rollout:log_timing_summary:98 - Intermediate rollout timing summary: env_steps=414411 infer_calls=104002 feedback_calls=104001 infer_wait=3989.099s infer_obs_pack=4.341s env_step=2664.448s feedback_total=18.557s feedback_obs_pack=6.080s feedback_info_pack=0.323s effective_fps=62.07
2026-09-28 13:10:35.102 | INFO     | plugrl_env_client.runner.rollout:log_timing_summary:98 - Intermediate rollout timing summary: env_steps=414435 infer_calls=104004 feedback_calls=104003 infer_wait=3984.892s infer_obs_pack=4.320s env_step=2669.058s feedback_total=18.656s feedback_obs_pack=6.040s feedback_info_pack=0.350s effective_fps=62.07
2026-09-28 13:11:05.105 | INFO     | plugrl_env_client.runner.rollout:log_timing_summary:98 - Intermediate rollout timing summary: env_steps=417644 infer_calls=104813 feedback_calls=104812 infer_wait=3997.790s infer_obs_pack=4.375s env_step=2685.452s feedback_total=18.707s feedback_obs_pack=6.131s feedback_info_pack=0.326s effective_fps=62.28
2026-09-28 13:11:05.108 | INFO     | plugrl_env_client.runner.rollout:log_timing_summary:98 - Intermediate rollout timing summary: env_steps=417669 infer_calls=104815 feedback_calls=104814 infer_wait=3993.062s infer_obs_pack=4.356s env_step=2690.590s feedback_total=18.808s feedback_obs_pack=6.089s feedback_info_pack=0.352s effective_fps=62.28
2026-09-28 13:11:05.111 | INFO     | plugrl_env_client.runner.rollout:log_timing_summary:98 - Intermediate rollout timing summary: env_steps=417611 infer_calls=104813 feedback_calls=104812 infer_wait=4001.509s infer_obs_pack=4.407s env_step=2682.114s feedback_total=18.797s feedback_obs_pack=6.242s feedback_info_pack=0.327s effective_fps=62.27
2026-09-28 13:11:35.109 | INFO     | plugrl_env_client.runner.rollout:log_timing_summary:98 - Intermediate rollout timing summary: env_steps=420931 infer_calls=105638 feedback_calls=105638 infer_wait=4006.481s infer_obs_pack=4.410s env_step=2706.449s feedback_total=18.857s feedback_obs_pack=6.180s feedback_info_pack=0.328s effective_fps=62.49
2026-09-28 13:11:35.112 | INFO     | plugrl_env_client.runner.rollout:log_timing_summary:98 - Intermediate rollout timing summary: env_steps=420959 infer_calls=105640 feedback_calls=105640 infer_wait=4001.431s infer_obs_pack=4.389s env_step=2711.919s feedback_total=18.954s feedback_obs_pack=6.136s feedback_info_pack=0.355s effective_fps=62.49
2026-09-28 13:11:35.116 | INFO     | plugrl_env_client.runner.rollout:log_timing_summary:98 - Intermediate rollout timing summary: env_steps=420906 infer_calls=105638 feedback_calls=105638 infer_wait=4009.676s infer_obs_pack=4.441s env_step=2703.652s feedback_total=18.943s feedback_obs_pack=6.291s feedback_info_pack=0.330s effective_fps=62.48
2026-09-28 13:12:05.112 | INFO     | plugrl_env_client.runner.rollout:log_timing_summary:98 - Intermediate rollout timing summary: env_steps=424229 infer_calls=106466 feedback_calls=106466 infer_wait=4014.432s infer_obs_pack=4.444s env_step=2728.196s feedback_total=19.001s feedback_obs_pack=6.227s feedback_info_pack=0.331s effective_fps=62.70
2026-09-28 13:12:05.113 | INFO     | plugrl_env_client.runner.rollout:log_timing_summary:98 - Intermediate rollout timing summary: env_steps=424265 infer_calls=106468 feedback_calls=106468 infer_wait=4010.061s infer_obs_pack=4.423s env_step=2732.977s feedback_total=19.112s feedback_obs_pack=6.183s feedback_info_pack=0.358s effective_fps=62.70
2026-09-28 13:12:05.127 | INFO     | plugrl_env_client.runner.rollout:log_timing_summary:98 - Intermediate rollout timing summary: env_steps=424204 infer_calls=106467 feedback_calls=106466 infer_wait=4018.467s infer_obs_pack=4.476s env_step=2724.561s feedback_total=19.091s feedback_obs_pack=6.340s feedback_info_pack=0.332s effective_fps=62.69
2026-09-28 13:12:35.122 | INFO     | plugrl_env_client.runner.rollout:log_timing_summary:98 - Intermediate rollout timing summary: env_steps=427622 infer_calls=107318 feedback_calls=107317 infer_wait=4022.806s infer_obs_pack=4.479s env_step=2749.515s feedback_total=19.156s feedback_obs_pack=6.278s feedback_info_pack=0.333s effective_fps=62.92
2026-09-28 13:12:35.122 | INFO     | plugrl_env_client.runner.rollout:log_timing_summary:98 - Intermediate rollout timing summary: env_steps=427655 infer_calls=107320 feedback_calls=107319 infer_wait=4018.234s infer_obs_pack=4.459s env_step=2754.498s feedback_total=19.266s feedback_obs_pack=6.232s feedback_info_pack=0.361s effective_fps=62.92
2026-09-28 13:12:35.130 | INFO     | plugrl_env_client.runner.rollout:log_timing_summary:98 - Intermediate rollout timing summary: env_steps=427598 infer_calls=107318 feedback_calls=107317 infer_wait=4026.838s infer_obs_pack=4.512s env_step=2745.876s feedback_total=19.247s feedback_obs_pack=6.393s feedback_info_pack=0.335s effective_fps=62.91
2026-09-28 13:14:52.765 | INFO     | plugrl_env_client.runner.rollout:log_timing_summary:98 - Intermediate rollout timing summary: env_steps=430322 infer_calls=108002 feedback_calls=108001 infer_wait=4146.888s infer_obs_pack=4.541s env_step=2763.201s feedback_total=19.373s feedback_obs_pack=6.434s feedback_info_pack=0.337s effective_fps=62.06
2026-09-28 13:14:52.768 | INFO     | plugrl_env_client.runner.rollout:log_timing_summary:98 - Intermediate rollout timing summary: env_steps=430381 infer_calls=108004 feedback_calls=108003 infer_wait=4138.897s infer_obs_pack=4.487s env_step=2771.220s feedback_total=19.389s feedback_obs_pack=6.271s feedback_info_pack=0.363s effective_fps=62.07
2026-09-28 13:14:52.768 | INFO     | plugrl_env_client.runner.rollout:log_timing_summary:98 - Intermediate rollout timing summary: env_steps=430356 infer_calls=108002 feedback_calls=108001 infer_wait=4142.342s infer_obs_pack=4.507s env_step=2767.372s feedback_total=19.282s feedback_obs_pack=6.320s feedback_info_pack=0.335s effective_fps=62.07
2026-09-28 13:15:22.767 | INFO     | plugrl_env_client.runner.rollout:log_timing_summary:98 - Intermediate rollout timing summary: env_steps=433535 infer_calls=108809 feedback_calls=108808 infer_wait=4155.484s infer_obs_pack=4.575s env_step=2784.302s feedback_total=19.519s feedback_obs_pack=6.481s feedback_info_pack=0.340s effective_fps=62.25
2026-09-28 13:15:22.788 | INFO     | plugrl_env_client.runner.rollout:log_timing_summary:98 - Intermediate rollout timing summary: env_steps=433574 infer_calls=108810 feedback_calls=108809 infer_wait=4150.681s infer_obs_pack=4.540s env_step=2788.754s feedback_total=19.424s feedback_obs_pack=6.367s feedback_info_pack=0.338s effective_fps=62.26
2026-09-28 13:15:22.791 | INFO     | plugrl_env_client.runner.rollout:log_timing_summary:98 - Intermediate rollout timing summary: env_steps=433605 infer_calls=108812 feedback_calls=108811 infer_wait=4147.408s infer_obs_pack=4.520s env_step=2792.432s feedback_total=19.533s feedback_obs_pack=6.317s feedback_info_pack=0.366s effective_fps=62.26
2026-09-28 13:15:52.771 | INFO     | plugrl_env_client.runner.rollout:log_timing_summary:98 - Intermediate rollout timing summary: env_steps=436820 infer_calls=109634 feedback_calls=109633 infer_wait=4164.025s infer_obs_pack=4.609s env_step=2805.458s feedback_total=19.666s feedback_obs_pack=6.530s feedback_info_pack=0.342s effective_fps=62.46
2026-09-28 13:15:52.797 | INFO     | plugrl_env_client.runner.rollout:log_timing_summary:98 - Intermediate rollout timing summary: env_steps=436866 infer_calls=109635 feedback_calls=109634 infer_wait=4159.198s infer_obs_pack=4.575s env_step=2809.943s feedback_total=19.566s feedback_obs_pack=6.414s feedback_info_pack=0.340s effective_fps=62.47
2026-09-28 13:15:52.798 | INFO     | plugrl_env_client.runner.rollout:log_timing_summary:98 - Intermediate rollout timing summary: env_steps=436896 infer_calls=109637 feedback_calls=109636 infer_wait=4156.035s infer_obs_pack=4.554s env_step=2813.508s feedback_total=19.677s feedback_obs_pack=6.364s feedback_info_pack=0.368s effective_fps=62.47
2026-09-28 13:16:22.777 | INFO     | plugrl_env_client.runner.rollout:log_timing_summary:98 - Intermediate rollout timing summary: env_steps=440141 infer_calls=110468 feedback_calls=110468 infer_wait=4172.250s infer_obs_pack=4.644s env_step=2826.935s feedback_total=19.812s feedback_obs_pack=6.578s feedback_info_pack=0.345s effective_fps=62.67
2026-09-28 13:16:22.798 | INFO     | plugrl_env_client.runner.rollout:log_timing_summary:98 - Intermediate rollout timing summary: env_steps=440188 infer_calls=110469 feedback_calls=110468 infer_wait=4167.711s infer_obs_pack=4.611s env_step=2831.114s feedback_total=19.717s feedback_obs_pack=6.462s feedback_info_pack=0.343s effective_fps=62.68
2026-09-28 13:16:22.802 | INFO     | plugrl_env_client.runner.rollout:log_timing_summary:98 - Intermediate rollout timing summary: env_steps=440223 infer_calls=110471 feedback_calls=110470 infer_wait=4164.161s infer_obs_pack=4.589s env_step=2835.073s feedback_total=19.832s feedback_obs_pack=6.415s feedback_info_pack=0.371s effective_fps=62.68
2026-09-28 13:16:52.778 | INFO     | plugrl_env_client.runner.rollout:log_timing_summary:98 - Intermediate rollout timing summary: env_steps=443547 infer_calls=111323 feedback_calls=111323 infer_wait=4180.422s infer_obs_pack=4.679s env_step=2848.444s feedback_total=19.967s feedback_obs_pack=6.629s feedback_info_pack=0.347s effective_fps=62.88
2026-09-28 13:16:52.803 | INFO     | plugrl_env_client.runner.rollout:log_timing_summary:98 - Intermediate rollout timing summary: env_steps=443589 infer_calls=111324 feedback_calls=111323 infer_wait=4176.413s infer_obs_pack=4.647s env_step=2852.091s feedback_total=19.871s feedback_obs_pack=6.512s feedback_info_pack=0.346s effective_fps=62.89
2026-09-28 13:16:52.804 | INFO     | plugrl_env_client.runner.rollout:log_timing_summary:98 - Intermediate rollout timing summary: env_steps=443630 infer_calls=111326 feedback_calls=111325 infer_wait=4172.580s infer_obs_pack=4.624s env_step=2856.340s feedback_total=19.982s feedback_obs_pack=6.463s feedback_info_pack=0.374s effective_fps=62.89
2026-09-28 13:19:07.767 | INFO     | plugrl_env_client.runner.rollout:log_timing_summary:98 - Intermediate rollout timing summary: env_steps=446287 infer_calls=112002 feedback_calls=112001 infer_wait=4294.310s infer_obs_pack=4.675s env_step=2868.895s feedback_total=19.996s feedback_obs_pack=6.551s feedback_info_pack=0.348s effective_fps=62.09
2026-09-28 13:19:07.769 | INFO     | plugrl_env_client.runner.rollout:log_timing_summary:98 - Intermediate rollout timing summary: env_steps=446243 infer_calls=112002 feedback_calls=112001 infer_wait=4298.464s infer_obs_pack=4.708s env_step=2865.138s feedback_total=20.089s feedback_obs_pack=6.669s feedback_info_pack=0.349s effective_fps=62.08
2026-09-28 13:19:07.768 | INFO     | plugrl_env_client.runner.rollout:log_timing_summary:98 - Intermediate rollout timing summary: env_steps=446326 infer_calls=112004 feedback_calls=112003 infer_wait=4290.376s infer_obs_pack=4.652s env_step=2873.253s feedback_total=20.106s feedback_obs_pack=6.503s feedback_info_pack=0.376s effective_fps=62.09
2026-09-28 13:19:37.768 | INFO     | plugrl_env_client.runner.rollout:log_timing_summary:98 - Intermediate rollout timing summary: env_steps=449585 infer_calls=112830 feedback_calls=112829 infer_wait=4302.841s infer_obs_pack=4.710s env_step=2890.045s feedback_total=20.149s feedback_obs_pack=6.601s feedback_info_pack=0.351s effective_fps=62.29
2026-09-28 13:19:37.772 | INFO     | plugrl_env_client.runner.rollout:log_timing_summary:98 - Intermediate rollout timing summary: env_steps=449547 infer_calls=112830 feedback_calls=112830 infer_wait=4307.024s infer_obs_pack=4.743s env_step=2886.273s feedback_total=20.241s feedback_obs_pack=6.719s feedback_info_pack=0.352s effective_fps=62.28
2026-09-28 13:19:37.773 | INFO     | plugrl_env_client.runner.rollout:log_timing_summary:98 - Intermediate rollout timing summary: env_steps=449623 infer_calls=112832 feedback_calls=112832 infer_wait=4298.932s infer_obs_pack=4.686s env_step=2894.392s feedback_total=20.255s feedback_obs_pack=6.553s feedback_info_pack=0.379s effective_fps=62.29
2026-09-28 13:20:07.770 | INFO     | plugrl_env_client.runner.rollout:log_timing_summary:98 - Intermediate rollout timing summary: env_steps=452867 infer_calls=113654 feedback_calls=113653 infer_wait=4311.148s infer_obs_pack=4.744s env_step=2911.430s feedback_total=20.298s feedback_obs_pack=6.652s feedback_info_pack=0.353s effective_fps=62.48
2026-09-28 13:20:07.774 | INFO     | plugrl_env_client.runner.rollout:log_timing_summary:98 - Intermediate rollout timing summary: env_steps=452829 infer_calls=113654 feedback_calls=113654 infer_wait=4315.701s infer_obs_pack=4.778s env_step=2907.286s feedback_total=20.394s feedback_obs_pack=6.768s feedback_info_pack=0.355s effective_fps=62.48
2026-09-28 13:20:07.791 | INFO     | plugrl_env_client.runner.rollout:log_timing_summary:98 - Intermediate rollout timing summary: env_steps=452903 infer_calls=113657 feedback_calls=113656 infer_wait=4307.594s infer_obs_pack=4.720s env_step=2915.440s feedback_total=20.402s feedback_obs_pack=6.600s feedback_info_pack=0.382s effective_fps=62.49
2026-09-28 13:20:37.770 | INFO     | plugrl_env_client.runner.rollout:log_timing_summary:98 - Intermediate rollout timing summary: env_steps=456189 infer_calls=114488 feedback_calls=114487 infer_wait=4319.380s infer_obs_pack=4.778s env_step=2932.883s feedback_total=20.450s feedback_obs_pack=6.703s feedback_info_pack=0.356s effective_fps=62.68
2026-09-28 13:20:37.779 | INFO     | plugrl_env_client.runner.rollout:log_timing_summary:98 - Intermediate rollout timing summary: env_steps=456155 infer_calls=114488 feedback_calls=114487 infer_wait=4324.154s infer_obs_pack=4.812s env_step=2928.532s feedback_total=20.542s feedback_obs_pack=6.818s feedback_info_pack=0.357s effective_fps=62.68
2026-09-28 13:20:37.805 | INFO     | plugrl_env_client.runner.rollout:log_timing_summary:98 - Intermediate rollout timing summary: env_steps=456224 infer_calls=114491 feedback_calls=114490 infer_wait=4316.194s infer_obs_pack=4.755s env_step=2936.549s feedback_total=20.549s feedback_obs_pack=6.648s feedback_info_pack=0.385s effective_fps=62.68
2026-09-28 13:21:07.783 | INFO     | plugrl_env_client.runner.rollout:log_timing_summary:98 - Intermediate rollout timing summary: env_steps=459592 infer_calls=115341 feedback_calls=115340 infer_wait=4327.459s infer_obs_pack=4.814s env_step=2954.501s feedback_total=20.601s feedback_obs_pack=6.753s feedback_info_pack=0.358s effective_fps=62.89
2026-09-28 13:21:07.788 | INFO     | plugrl_env_client.runner.rollout:log_timing_summary:98 - Intermediate rollout timing summary: env_steps=459560 infer_calls=115341 feedback_calls=115340 infer_wait=4332.173s infer_obs_pack=4.848s env_step=2950.205s feedback_total=20.698s feedback_obs_pack=6.868s feedback_info_pack=0.360s effective_fps=62.89
2026-09-28 13:21:07.820 | INFO     | plugrl_env_client.runner.rollout:log_timing_summary:98 - Intermediate rollout timing summary: env_steps=459617 infer_calls=115344 feedback_calls=115343 infer_wait=4324.731s infer_obs_pack=4.790s env_step=2957.698s feedback_total=20.711s feedback_obs_pack=6.698s feedback_info_pack=0.387s effective_fps=62.89
2026-09-28 13:23:23.814 | INFO     | plugrl_env_client.runner.rollout:log_timing_summary:98 - Intermediate rollout timing summary: env_steps=462187 infer_calls=116002 feedback_calls=116001 infer_wait=4451.524s infer_obs_pack=4.876s env_step=2966.631s feedback_total=20.818s feedback_obs_pack=6.907s feedback_info_pack=0.362s effective_fps=62.09
2026-09-28 13:23:23.816 | INFO     | plugrl_env_client.runner.rollout:log_timing_summary:98 - Intermediate rollout timing summary: env_steps=462245 infer_calls=116004 feedback_calls=116003 infer_wait=4443.979s infer_obs_pack=4.817s env_step=2974.195s feedback_total=20.834s feedback_obs_pack=6.736s feedback_info_pack=0.390s effective_fps=62.10
2026-09-28 13:23:23.816 | INFO     | plugrl_env_client.runner.rollout:log_timing_summary:98 - Intermediate rollout timing summary: env_steps=462222 infer_calls=116002 feedback_calls=116001 infer_wait=4446.760s infer_obs_pack=4.841s env_step=2970.986s feedback_total=20.720s feedback_obs_pack=6.792s feedback_info_pack=0.360s effective_fps=62.10
2026-09-28 13:23:53.819 | INFO     | plugrl_env_client.runner.rollout:log_timing_summary:98 - Intermediate rollout timing summary: env_steps=465493 infer_calls=116821 feedback_calls=116820 infer_wait=4455.159s infer_obs_pack=4.874s env_step=2992.281s feedback_total=20.869s feedback_obs_pack=6.841s feedback_info_pack=0.363s effective_fps=62.29
2026-09-28 13:23:53.819 | INFO     | plugrl_env_client.runner.rollout:log_timing_summary:98 - Intermediate rollout timing summary: env_steps=465450 infer_calls=116821 feedback_calls=116820 infer_wait=4460.315s infer_obs_pack=4.910s env_step=2987.530s feedback_total=20.966s feedback_obs_pack=6.955s feedback_info_pack=0.364s effective_fps=62.28
2026-09-28 13:23:53.825 | INFO     | plugrl_env_client.runner.rollout:log_timing_summary:98 - Intermediate rollout timing summary: env_steps=465509 infer_calls=116823 feedback_calls=116822 infer_wait=4452.472s infer_obs_pack=4.852s env_step=2995.400s feedback_total=20.984s feedback_obs_pack=6.783s feedback_info_pack=0.392s effective_fps=62.29
2026-09-28 13:24:23.833 | INFO     | plugrl_env_client.runner.rollout:log_timing_summary:98 - Intermediate rollout timing summary: env_steps=468828 infer_calls=117657 feedback_calls=117656 infer_wait=4461.232s infer_obs_pack=4.887s env_step=3016.336s feedback_total=21.131s feedback_obs_pack=6.832s feedback_info_pack=0.395s effective_fps=62.48
2026-09-28 13:24:23.834 | INFO     | plugrl_env_client.runner.rollout:log_timing_summary:98 - Intermediate rollout timing summary: env_steps=468770 infer_calls=117655 feedback_calls=117654 infer_wait=4468.673s infer_obs_pack=4.944s env_step=3008.881s feedback_total=21.113s feedback_obs_pack=7.004s feedback_info_pack=0.367s effective_fps=62.47
2026-09-28 13:24:23.836 | INFO     | plugrl_env_client.runner.rollout:log_timing_summary:98 - Intermediate rollout timing summary: env_steps=468824 infer_calls=117655 feedback_calls=117654 infer_wait=4463.287s infer_obs_pack=4.909s env_step=3013.868s feedback_total=21.015s feedback_obs_pack=6.891s feedback_info_pack=0.365s effective_fps=62.48
2026-09-28 13:24:53.834 | INFO     | plugrl_env_client.runner.rollout:log_timing_summary:98 - Intermediate rollout timing summary: env_steps=472189 infer_calls=118500 feedback_calls=118499 infer_wait=4469.367s infer_obs_pack=4.922s env_step=3037.891s feedback_total=21.281s feedback_obs_pack=6.880s feedback_info_pack=0.398s effective_fps=62.68
2026-09-28 13:24:53.839 | INFO     | plugrl_env_client.runner.rollout:log_timing_summary:98 - Intermediate rollout timing summary: env_steps=472134 infer_calls=118498 feedback_calls=118497 infer_wait=4476.850s infer_obs_pack=4.980s env_step=3030.393s feedback_total=21.267s feedback_obs_pack=7.054s feedback_info_pack=0.370s effective_fps=62.67
2026-09-28 13:24:53.841 | INFO     | plugrl_env_client.runner.rollout:log_timing_summary:98 - Intermediate rollout timing summary: env_steps=472189 infer_calls=118498 feedback_calls=118497 infer_wait=4471.549s infer_obs_pack=4.943s env_step=3035.300s feedback_total=21.163s feedback_obs_pack=6.940s feedback_info_pack=0.368s effective_fps=62.68
2026-09-28 13:25:23.837 | INFO     | plugrl_env_client.runner.rollout:log_timing_summary:98 - Intermediate rollout timing summary: env_steps=475675 infer_calls=119374 feedback_calls=119374 infer_wait=4477.440s infer_obs_pack=4.958s env_step=3059.497s feedback_total=21.437s feedback_obs_pack=6.931s feedback_info_pack=0.401s effective_fps=62.89
2026-09-28 13:25:23.851 | INFO     | plugrl_env_client.runner.rollout:log_timing_summary:98 - Intermediate rollout timing summary: env_steps=475619 infer_calls=119373 feedback_calls=119372 infer_wait=4484.981s infer_obs_pack=5.017s env_step=3051.941s feedback_total=21.431s feedback_obs_pack=7.105s feedback_info_pack=0.372s effective_fps=62.88
2026-09-28 13:25:23.855 | INFO     | plugrl_env_client.runner.rollout:log_timing_summary:98 - Intermediate rollout timing summary: env_steps=475669 infer_calls=119373 feedback_calls=119372 infer_wait=4479.638s infer_obs_pack=4.980s env_step=3056.893s feedback_total=21.322s feedback_obs_pack=6.991s feedback_info_pack=0.370s effective_fps=62.90
2026-09-28 13:27:39.353 | INFO     | plugrl_env_client.runner.rollout:log_timing_summary:98 - Intermediate rollout timing summary: env_steps=478122 infer_calls=120002 feedback_calls=120001 infer_wait=4604.926s infer_obs_pack=5.043s env_step=3067.267s feedback_total=21.543s feedback_obs_pack=7.142s feedback_info_pack=0.374s effective_fps=62.10
2026-09-28 13:27:39.357 | INFO     | plugrl_env_client.runner.rollout:log_timing_summary:98 - Intermediate rollout timing summary: env_steps=478177 infer_calls=120002 feedback_calls=120001 infer_wait=4599.215s infer_obs_pack=5.005s env_step=3072.582s feedback_total=21.437s feedback_obs_pack=7.029s feedback_info_pack=0.372s effective_fps=62.12
2026-09-28 13:27:39.361 | INFO     | plugrl_env_client.runner.rollout:log_timing_summary:98 - Intermediate rollout timing summary: env_steps=478187 infer_calls=120004 feedback_calls=120003 infer_wait=4597.000s infer_obs_pack=4.983s env_step=3075.225s feedback_total=21.551s feedback_obs_pack=6.967s feedback_info_pack=0.404s effective_fps=62.11
2026-09-28 13:28:09.365 | INFO     | plugrl_env_client.runner.rollout:log_timing_summary:98 - Intermediate rollout timing summary: env_steps=481370 infer_calls=120819 feedback_calls=120818 infer_wait=4613.690s infer_obs_pack=5.077s env_step=3088.200s feedback_total=21.695s feedback_obs_pack=7.191s feedback_info_pack=0.377s effective_fps=62.28
2026-09-28 13:28:09.365 | INFO     | plugrl_env_client.runner.rollout:log_timing_summary:98 - Intermediate rollout timing summary: env_steps=481442 infer_calls=120821 feedback_calls=120820 infer_wait=4605.655s infer_obs_pack=5.018s env_step=3096.266s feedback_total=21.697s feedback_obs_pack=7.013s feedback_info_pack=0.406s effective_fps=62.29
2026-09-28 13:28:09.367 | INFO     | plugrl_env_client.runner.rollout:log_timing_summary:98 - Intermediate rollout timing summary: env_steps=481434 infer_calls=120819 feedback_calls=120818 infer_wait=4607.170s infer_obs_pack=5.039s env_step=3094.328s feedback_total=21.588s feedback_obs_pack=7.079s feedback_info_pack=0.375s effective_fps=62.30
2026-09-28 13:28:39.371 | INFO     | plugrl_env_client.runner.rollout:log_timing_summary:98 - Intermediate rollout timing summary: env_steps=484689 infer_calls=121653 feedback_calls=121653 infer_wait=4622.209s infer_obs_pack=5.111s env_step=3109.381s feedback_total=21.839s feedback_obs_pack=7.239s feedback_info_pack=0.379s effective_fps=62.47
2026-09-28 13:28:39.382 | INFO     | plugrl_env_client.runner.rollout:log_timing_summary:98 - Intermediate rollout timing summary: env_steps=484765 infer_calls=121656 feedback_calls=121655 infer_wait=4614.198s infer_obs_pack=5.052s env_step=3117.434s feedback_total=21.844s feedback_obs_pack=7.060s feedback_info_pack=0.409s effective_fps=62.48
2026-09-28 13:28:39.384 | INFO     | plugrl_env_client.runner.rollout:log_timing_summary:98 - Intermediate rollout timing summary: env_steps=484752 infer_calls=121654 feedback_calls=121653 infer_wait=4615.799s infer_obs_pack=5.073s env_step=3115.396s feedback_total=21.737s feedback_obs_pack=7.127s feedback_info_pack=0.377s effective_fps=62.48
2026-09-28 13:29:09.376 | INFO     | plugrl_env_client.runner.rollout:log_timing_summary:98 - Intermediate rollout timing summary: env_steps=488069 infer_calls=122504 feedback_calls=122503 infer_wait=4630.599s infer_obs_pack=5.147s env_step=3130.675s feedback_total=21.995s feedback_obs_pack=7.289s feedback_info_pack=0.382s effective_fps=62.67
2026-09-28 13:29:09.386 | INFO     | plugrl_env_client.runner.rollout:log_timing_summary:98 - Intermediate rollout timing summary: env_steps=488159 infer_calls=122506 feedback_calls=122505 infer_wait=4622.400s infer_obs_pack=5.087s env_step=3138.917s feedback_total=22.000s feedback_obs_pack=7.110s feedback_info_pack=0.412s effective_fps=62.68
2026-09-28 13:29:09.389 | INFO     | plugrl_env_client.runner.rollout:log_timing_summary:98 - Intermediate rollout timing summary: env_steps=488145 infer_calls=122504 feedback_calls=122503 infer_wait=4624.090s infer_obs_pack=5.109s env_step=3136.796s feedback_total=21.890s feedback_obs_pack=7.176s feedback_info_pack=0.380s effective_fps=62.68
2026-09-28 13:29:39.381 | INFO     | plugrl_env_client.runner.rollout:log_timing_summary:98 - Intermediate rollout timing summary: env_steps=491496 infer_calls=123364 feedback_calls=123363 infer_wait=4638.906s infer_obs_pack=5.182s env_step=3152.045s feedback_total=22.155s feedback_obs_pack=7.340s feedback_info_pack=0.385s effective_fps=62.86
2026-09-28 13:29:39.391 | INFO     | plugrl_env_client.runner.rollout:log_timing_summary:98 - Intermediate rollout timing summary: env_steps=491590 infer_calls=123366 feedback_calls=123365 infer_wait=4630.660s infer_obs_pack=5.122s env_step=3160.342s feedback_total=22.155s feedback_obs_pack=7.160s feedback_info_pack=0.415s effective_fps=62.88
2026-09-28 13:29:39.394 | INFO     | plugrl_env_client.runner.rollout:log_timing_summary:98 - Intermediate rollout timing summary: env_steps=491571 infer_calls=123364 feedback_calls=123364 infer_wait=4632.079s infer_obs_pack=5.145s env_step=3158.489s feedback_total=22.046s feedback_obs_pack=7.226s feedback_info_pack=0.382s effective_fps=62.88
2026-09-28 13:31:53.437 | INFO     | plugrl_env_client.runner.rollout:log_timing_summary:98 - Intermediate rollout timing summary: env_steps=494111 infer_calls=124002 feedback_calls=124001 infer_wait=4750.266s infer_obs_pack=5.171s env_step=3174.114s feedback_total=22.155s feedback_obs_pack=7.262s feedback_info_pack=0.384s effective_fps=62.14
2026-09-28 13:31:53.438 | INFO     | plugrl_env_client.runner.rollout:log_timing_summary:98 - Intermediate rollout timing summary: env_steps=494042 infer_calls=124002 feedback_calls=124001 infer_wait=4756.716s infer_obs_pack=5.209s env_step=3168.063s feedback_total=22.268s feedback_obs_pack=7.378s feedback_info_pack=0.387s effective_fps=62.13
2026-09-28 13:31:53.440 | INFO     | plugrl_env_client.runner.rollout:log_timing_summary:98 - Intermediate rollout timing summary: env_steps=494133 infer_calls=124004 feedback_calls=124003 infer_wait=4748.200s infer_obs_pack=5.149s env_step=3176.610s feedback_total=22.274s feedback_obs_pack=7.197s feedback_info_pack=0.417s effective_fps=62.14
2026-09-28 13:32:23.441 | INFO     | plugrl_env_client.runner.rollout:log_timing_summary:98 - Intermediate rollout timing summary: env_steps=497370 infer_calls=124821 feedback_calls=124820 infer_wait=4758.875s infer_obs_pack=5.208s env_step=3195.191s feedback_total=22.305s feedback_obs_pack=7.309s feedback_info_pack=0.387s effective_fps=62.31
2026-09-28 13:32:23.444 | INFO     | plugrl_env_client.runner.rollout:log_timing_summary:98 - Intermediate rollout timing summary: env_steps=497311 infer_calls=124821 feedback_calls=124820 infer_wait=4765.242s infer_obs_pack=5.243s env_step=3189.239s feedback_total=22.416s feedback_obs_pack=7.426s feedback_info_pack=0.389s effective_fps=62.30
2026-09-28 13:32:23.446 | INFO     | plugrl_env_client.runner.rollout:log_timing_summary:98 - Intermediate rollout timing summary: env_steps=497398 infer_calls=124823 feedback_calls=124822 infer_wait=4756.570s infer_obs_pack=5.182s env_step=3197.927s feedback_total=22.425s feedback_obs_pack=7.247s feedback_info_pack=0.420s effective_fps=62.31
2026-09-28 13:32:53.441 | INFO     | plugrl_env_client.runner.rollout:log_timing_summary:98 - Intermediate rollout timing summary: env_steps=500629 infer_calls=125638 feedback_calls=125637 infer_wait=4767.589s infer_obs_pack=5.242s env_step=3216.174s feedback_total=22.452s feedback_obs_pack=7.360s feedback_info_pack=0.389s effective_fps=62.49
2026-09-28 13:32:53.445 | INFO     | plugrl_env_client.runner.rollout:log_timing_summary:98 - Intermediate rollout timing summary: env_steps=500570 infer_calls=125638 feedback_calls=125637 infer_wait=4773.801s infer_obs_pack=5.276s env_step=3210.384s feedback_total=22.562s feedback_obs_pack=7.477s feedback_info_pack=0.392s effective_fps=62.48
2026-09-28 13:32:53.465 | INFO     | plugrl_env_client.runner.rollout:log_timing_summary:98 - Intermediate rollout timing summary: env_steps=500653 infer_calls=125641 feedback_calls=125640 infer_wait=4765.041s infer_obs_pack=5.216s env_step=3219.165s feedback_total=22.575s feedback_obs_pack=7.296s feedback_info_pack=0.422s effective_fps=62.49
2026-09-28 13:33:23.446 | INFO     | plugrl_env_client.runner.rollout:log_timing_summary:98 - Intermediate rollout timing summary: env_steps=504022 infer_calls=126491 feedback_calls=126490 infer_wait=4775.632s infer_obs_pack=5.276s env_step=3237.823s feedback_total=22.602s feedback_obs_pack=7.409s feedback_info_pack=0.392s effective_fps=62.68
2026-09-28 13:33:23.447 | INFO     | plugrl_env_client.runner.rollout:log_timing_summary:98 - Intermediate rollout timing summary: env_steps=503971 infer_calls=126491 feedback_calls=126490 infer_wait=4782.258s infer_obs_pack=5.312s env_step=3231.619s feedback_total=22.713s feedback_obs_pack=7.527s feedback_info_pack=0.394s effective_fps=62.67
2026-09-28 13:33:23.471 | INFO     | plugrl_env_client.runner.rollout:log_timing_summary:98 - Intermediate rollout timing summary: env_steps=504051 infer_calls=126494 feedback_calls=126493 infer_wait=4773.533s infer_obs_pack=5.251s env_step=3240.361s feedback_total=22.730s feedback_obs_pack=7.345s feedback_info_pack=0.425s effective_fps=62.68
2026-09-28 13:33:53.451 | INFO     | plugrl_env_client.runner.rollout:log_timing_summary:98 - Intermediate rollout timing summary: env_steps=507451 infer_calls=127363 feedback_calls=127362 infer_wait=4790.593s infer_obs_pack=5.348s env_step=3252.972s feedback_total=22.869s feedback_obs_pack=7.578s feedback_info_pack=0.397s effective_fps=62.87
2026-09-28 13:33:53.453 | INFO     | plugrl_env_client.runner.rollout:log_timing_summary:98 - Intermediate rollout timing summary: env_steps=507490 infer_calls=127363 feedback_calls=127362 infer_wait=4783.900s infer_obs_pack=5.312s env_step=3259.233s feedback_total=22.754s feedback_obs_pack=7.459s feedback_info_pack=0.394s effective_fps=62.88
2026-09-28 13:33:53.481 | INFO     | plugrl_env_client.runner.rollout:log_timing_summary:98 - Intermediate rollout timing summary: env_steps=507526 infer_calls=127366 feedback_calls=127365 infer_wait=4781.380s infer_obs_pack=5.287s env_step=3262.202s feedback_total=22.888s feedback_obs_pack=7.395s feedback_info_pack=0.428s effective_fps=62.88
2026-09-28 13:36:08.854 | INFO     | plugrl_env_client.runner.rollout:log_timing_summary:98 - Intermediate rollout timing summary: env_steps=510037 infer_calls=128002 feedback_calls=128001 infer_wait=4902.867s infer_obs_pack=5.339s env_step=3275.425s feedback_total=22.874s feedback_obs_pack=7.495s feedback_info_pack=0.396s effective_fps=62.15
2026-09-28 13:36:08.854 | INFO     | plugrl_env_client.runner.rollout:log_timing_summary:98 - Intermediate rollout timing summary: env_steps=510069 infer_calls=128004 feedback_calls=128003 infer_wait=4900.534s infer_obs_pack=5.313s env_step=3278.183s feedback_total=23.007s feedback_obs_pack=7.432s feedback_info_pack=0.431s effective_fps=62.15
2026-09-28 13:36:08.856 | INFO     | plugrl_env_client.runner.rollout:log_timing_summary:98 - Intermediate rollout timing summary: env_steps=509993 infer_calls=128002 feedback_calls=128001 infer_wait=4909.705s infer_obs_pack=5.374s env_step=3269.026s feedback_total=22.985s feedback_obs_pack=7.616s feedback_info_pack=0.399s effective_fps=62.14
2026-09-28 13:36:38.859 | INFO     | plugrl_env_client.runner.rollout:log_timing_summary:98 - Intermediate rollout timing summary: env_steps=513348 infer_calls=128826 feedback_calls=128825 infer_wait=4908.761s infer_obs_pack=5.350s env_step=3299.658s feedback_total=23.154s feedback_obs_pack=7.480s feedback_info_pack=0.433s effective_fps=62.32
2026-09-28 13:36:38.861 | INFO     | plugrl_env_client.runner.rollout:log_timing_summary:98 - Intermediate rollout timing summary: env_steps=513270 infer_calls=128824 feedback_calls=128823 infer_wait=4918.224s infer_obs_pack=5.408s env_step=3290.203s feedback_total=23.134s feedback_obs_pack=7.665s feedback_info_pack=0.401s effective_fps=62.31
2026-09-28 13:36:38.868 | INFO     | plugrl_env_client.runner.rollout:log_timing_summary:98 - Intermediate rollout timing summary: env_steps=513313 infer_calls=128824 feedback_calls=128823 infer_wait=4911.247s infer_obs_pack=5.373s env_step=3296.750s feedback_total=23.021s feedback_obs_pack=7.542s feedback_info_pack=0.399s effective_fps=62.32
2026-09-28 13:37:08.862 | INFO     | plugrl_env_client.runner.rollout:log_timing_summary:98 - Intermediate rollout timing summary: env_steps=516527 infer_calls=129642 feedback_calls=129641 infer_wait=4926.592s infer_obs_pack=5.442s env_step=3311.534s feedback_total=23.282s feedback_obs_pack=7.713s feedback_info_pack=0.404s effective_fps=62.48
2026-09-28 13:37:08.862 | INFO     | plugrl_env_client.runner.rollout:log_timing_summary:98 - Intermediate rollout timing summary: env_steps=516608 infer_calls=129644 feedback_calls=129643 infer_wait=4917.509s infer_obs_pack=5.383s env_step=3320.611s feedback_total=23.300s feedback_obs_pack=7.527s feedback_info_pack=0.436s effective_fps=62.49
2026-09-28 13:37:08.874 | INFO     | plugrl_env_client.runner.rollout:log_timing_summary:98 - Intermediate rollout timing summary: env_steps=516569 infer_calls=129642 feedback_calls=129641 infer_wait=4919.987s infer_obs_pack=5.407s env_step=3317.702s feedback_total=23.168s feedback_obs_pack=7.591s feedback_info_pack=0.401s effective_fps=62.49
2026-09-28 13:37:38.864 | INFO     | plugrl_env_client.runner.rollout:log_timing_summary:98 - Intermediate rollout timing summary: env_steps=519974 infer_calls=130506 feedback_calls=130505 infer_wait=4934.900s infer_obs_pack=5.478s env_step=3332.907s feedback_total=23.439s feedback_obs_pack=7.764s feedback_info_pack=0.406s effective_fps=62.67
2026-09-28 13:37:38.865 | INFO     | plugrl_env_client.runner.rollout:log_timing_summary:98 - Intermediate rollout timing summary: env_steps=520048 infer_calls=130508 feedback_calls=130507 infer_wait=4925.788s infer_obs_pack=5.419s env_step=3342.009s feedback_total=23.457s feedback_obs_pack=7.577s feedback_info_pack=0.439s effective_fps=62.68
2026-09-28 13:37:38.876 | INFO     | plugrl_env_client.runner.rollout:log_timing_summary:98 - Intermediate rollout timing summary: env_steps=520006 infer_calls=130506 feedback_calls=130505 infer_wait=4928.239s infer_obs_pack=5.443s env_step=3339.127s feedback_total=23.324s feedback_obs_pack=7.641s feedback_info_pack=0.404s effective_fps=62.68
2026-09-28 13:38:08.865 | INFO     | plugrl_env_client.runner.rollout:log_timing_summary:98 - Intermediate rollout timing summary: env_steps=523418 infer_calls=131371 feedback_calls=131370 infer_wait=4943.325s infer_obs_pack=5.514s env_step=3354.162s feedback_total=23.593s feedback_obs_pack=7.815s feedback_info_pack=0.409s effective_fps=62.86
2026-09-28 13:38:08.865 | INFO     | plugrl_env_client.runner.rollout:log_timing_summary:98 - Intermediate rollout timing summary: env_steps=523501 infer_calls=131373 feedback_calls=131372 infer_wait=4933.809s infer_obs_pack=5.455s env_step=3363.667s feedback_total=23.615s feedback_obs_pack=7.627s feedback_info_pack=0.442s effective_fps=62.87
2026-09-28 13:38:08.877 | INFO     | plugrl_env_client.runner.rollout:log_timing_summary:98 - Intermediate rollout timing summary: env_steps=523456 infer_calls=131371 feedback_calls=131371 infer_wait=4936.476s infer_obs_pack=5.479s env_step=3360.564s feedback_total=23.482s feedback_obs_pack=7.694s feedback_info_pack=0.407s effective_fps=62.87
2026-09-28 13:40:23.387 | INFO     | plugrl_env_client.runner.rollout:log_timing_summary:98 - Intermediate rollout timing summary: env_steps=525969 infer_calls=132002 feedback_calls=132001 infer_wait=5055.250s infer_obs_pack=5.505s env_step=3376.063s feedback_total=23.595s feedback_obs_pack=7.730s feedback_info_pack=0.409s effective_fps=62.17
2026-09-28 13:40:23.388 | INFO     | plugrl_env_client.runner.rollout:log_timing_summary:98 - Intermediate rollout timing summary: env_steps=525926 infer_calls=132002 feedback_calls=132001 infer_wait=5062.224s infer_obs_pack=5.541s env_step=3369.549s feedback_total=23.708s feedback_obs_pack=7.852s feedback_info_pack=0.411s effective_fps=62.16
2026-09-28 13:40:23.396 | INFO     | plugrl_env_client.runner.rollout:log_timing_summary:98 - Intermediate rollout timing summary: env_steps=526011 infer_calls=132004 feedback_calls=132003 infer_wait=5052.457s infer_obs_pack=5.482s env_step=3379.307s feedback_total=23.733s feedback_obs_pack=7.663s feedback_info_pack=0.444s effective_fps=62.17
2026-09-28 13:40:53.402 | INFO     | plugrl_env_client.runner.rollout:log_timing_summary:98 - Intermediate rollout timing summary: env_steps=529162 infer_calls=132813 feedback_calls=132812 infer_wait=5070.454s infer_obs_pack=5.575s env_step=3391.036s feedback_total=23.850s feedback_obs_pack=7.899s feedback_info_pack=0.414s effective_fps=62.32
2026-09-28 13:40:53.403 | INFO     | plugrl_env_client.runner.rollout:log_timing_summary:98 - Intermediate rollout timing summary: env_steps=529205 infer_calls=132813 feedback_calls=132812 infer_wait=5064.147s infer_obs_pack=5.539s env_step=3396.874s feedback_total=23.740s feedback_obs_pack=7.777s feedback_info_pack=0.411s effective_fps=62.33
2026-09-28 13:40:53.405 | INFO     | plugrl_env_client.runner.rollout:log_timing_summary:98 - Intermediate rollout timing summary: env_steps=529245 infer_calls=132815 feedback_calls=132814 infer_wait=5060.874s infer_obs_pack=5.515s env_step=3400.594s feedback_total=23.883s feedback_obs_pack=7.710s feedback_info_pack=0.447s effective_fps=62.33
2026-09-28 13:41:23.405 | INFO     | plugrl_env_client.runner.rollout:log_timing_summary:98 - Intermediate rollout timing summary: env_steps=532515 infer_calls=133643 feedback_calls=133642 infer_wait=5072.631s infer_obs_pack=5.573s env_step=3418.081s feedback_total=23.887s feedback_obs_pack=7.825s feedback_info_pack=0.413s effective_fps=62.50
2026-09-28 13:41:23.406 | INFO     | plugrl_env_client.runner.rollout:log_timing_summary:98 - Intermediate rollout timing summary: env_steps=532475 infer_calls=133643 feedback_calls=133642 infer_wait=5078.747s infer_obs_pack=5.609s env_step=3412.448s feedback_total=23.991s feedback_obs_pack=7.948s feedback_info_pack=0.416s effective_fps=62.49
2026-09-28 13:41:23.410 | INFO     | plugrl_env_client.runner.rollout:log_timing_summary:98 - Intermediate rollout timing summary: env_steps=532559 infer_calls=133645 feedback_calls=133644 infer_wait=5068.780s infer_obs_pack=5.549s env_step=3422.393s feedback_total=24.028s feedback_obs_pack=7.758s feedback_info_pack=0.449s effective_fps=62.50
2026-09-28 13:41:53.412 | INFO     | plugrl_env_client.runner.rollout:log_timing_summary:98 - Intermediate rollout timing summary: env_steps=535964 infer_calls=134498 feedback_calls=134497 infer_wait=5077.128s infer_obs_pack=5.584s env_step=3443.726s feedback_total=24.180s feedback_obs_pack=7.808s feedback_info_pack=0.452s effective_fps=62.68
2026-09-28 13:41:53.413 | INFO     | plugrl_env_client.runner.rollout:log_timing_summary:98 - Intermediate rollout timing summary: env_steps=535873 infer_calls=134496 feedback_calls=134495 infer_wait=5086.700s infer_obs_pack=5.645s env_step=3434.185s feedback_total=24.147s feedback_obs_pack=7.999s feedback_info_pack=0.419s effective_fps=62.67
2026-09-28 13:41:53.417 | INFO     | plugrl_env_client.runner.rollout:log_timing_summary:98 - Intermediate rollout timing summary: env_steps=535910 infer_calls=134496 feedback_calls=134495 infer_wait=5080.729s infer_obs_pack=5.608s env_step=3439.668s feedback_total=24.046s feedback_obs_pack=7.880s feedback_info_pack=0.416s effective_fps=62.68
2026-09-28 13:42:23.414 | INFO     | plugrl_env_client.runner.rollout:log_timing_summary:98 - Intermediate rollout timing summary: env_steps=539412 infer_calls=135361 feedback_calls=135361 infer_wait=5085.039s infer_obs_pack=5.619s env_step=3465.498s feedback_total=24.332s feedback_obs_pack=7.858s feedback_info_pack=0.455s effective_fps=62.86
2026-09-28 13:42:23.427 | INFO     | plugrl_env_client.runner.rollout:log_timing_summary:98 - Intermediate rollout timing summary: env_steps=539310 infer_calls=135360 feedback_calls=135359 infer_wait=5095.057s infer_obs_pack=5.684s env_step=3455.520s feedback_total=24.300s feedback_obs_pack=8.050s feedback_info_pack=0.421s effective_fps=62.85
2026-09-28 13:42:23.428 | INFO     | plugrl_env_client.runner.rollout:log_timing_summary:98 - Intermediate rollout timing summary: env_steps=539355 infer_calls=135360 feedback_calls=135359 infer_wait=5089.089s infer_obs_pack=5.644s env_step=3460.988s feedback_total=24.206s feedback_obs_pack=7.933s feedback_info_pack=0.419s effective_fps=62.86
2026-09-28 13:44:40.500 | INFO     | plugrl_env_client.runner.rollout:log_timing_summary:98 - Intermediate rollout timing summary: env_steps=541860 infer_calls=136002 feedback_calls=136001 infer_wait=5215.811s infer_obs_pack=5.711s env_step=3471.587s feedback_total=24.425s feedback_obs_pack=8.092s feedback_info_pack=0.423s effective_fps=62.16
2026-09-28 13:44:40.501 | INFO     | plugrl_env_client.runner.rollout:log_timing_summary:98 - Intermediate rollout timing summary: env_steps=541916 infer_calls=136002 feedback_calls=136001 infer_wait=5210.148s infer_obs_pack=5.670s env_step=3476.761s feedback_total=24.319s feedback_obs_pack=7.969s feedback_info_pack=0.421s effective_fps=62.17
2026-09-28 13:44:40.503 | INFO     | plugrl_env_client.runner.rollout:log_timing_summary:98 - Intermediate rollout timing summary: env_steps=541976 infer_calls=136004 feedback_calls=136003 infer_wait=5205.576s infer_obs_pack=5.646s env_step=3481.808s feedback_total=24.450s feedback_obs_pack=7.895s feedback_info_pack=0.457s effective_fps=62.17
2026-09-28 13:45:10.500 | INFO     | plugrl_env_client.runner.rollout:log_timing_summary:98 - Intermediate rollout timing summary: env_steps=545169 infer_calls=136833 feedback_calls=136833 infer_wait=5224.360s infer_obs_pack=5.746s env_step=3492.721s feedback_total=24.580s feedback_obs_pack=8.141s feedback_info_pack=0.426s effective_fps=62.32
2026-09-28 13:45:10.501 | INFO     | plugrl_env_client.runner.rollout:log_timing_summary:98 - Intermediate rollout timing summary: env_steps=545224 infer_calls=136833 feedback_calls=136833 infer_wait=5218.597s infer_obs_pack=5.705s env_step=3497.993s feedback_total=24.469s feedback_obs_pack=8.018s feedback_info_pack=0.423s effective_fps=62.33
2026-09-28 13:45:10.512 | INFO     | plugrl_env_client.runner.rollout:log_timing_summary:98 - Intermediate rollout timing summary: env_steps=545299 infer_calls=136836 feedback_calls=136835 infer_wait=5213.707s infer_obs_pack=5.680s env_step=3503.382s feedback_total=24.599s feedback_obs_pack=7.943s feedback_info_pack=0.460s effective_fps=62.34
2026-09-28 13:45:40.503 | INFO     | plugrl_env_client.runner.rollout:log_timing_summary:98 - Intermediate rollout timing summary: env_steps=548551 infer_calls=137668 feedback_calls=137667 infer_wait=5227.060s infer_obs_pack=5.739s env_step=3519.220s feedback_total=24.617s feedback_obs_pack=8.067s feedback_info_pack=0.426s effective_fps=62.50
2026-09-28 13:45:40.504 | INFO     | plugrl_env_client.runner.rollout:log_timing_summary:98 - Intermediate rollout timing summary: env_steps=548488 infer_calls=137668 feedback_calls=137667 infer_wait=5233.173s infer_obs_pack=5.781s env_step=3513.603s feedback_total=24.725s feedback_obs_pack=8.190s feedback_info_pack=0.429s effective_fps=62.49
2026-09-28 13:45:40.522 | INFO     | plugrl_env_client.runner.rollout:log_timing_summary:98 - Intermediate rollout timing summary: env_steps=548627 infer_calls=137671 feedback_calls=137670 infer_wait=5222.006s infer_obs_pack=5.715s env_step=3524.780s feedback_total=24.747s feedback_obs_pack=7.992s feedback_info_pack=0.463s effective_fps=62.51
2026-09-28 13:46:10.507 | INFO     | plugrl_env_client.runner.rollout:log_timing_summary:98 - Intermediate rollout timing summary: env_steps=551915 infer_calls=138528 feedback_calls=138527 infer_wait=5241.420s infer_obs_pack=5.817s env_step=3535.020s feedback_total=24.887s feedback_obs_pack=8.244s feedback_info_pack=0.431s effective_fps=62.67
2026-09-28 13:46:10.508 | INFO     | plugrl_env_client.runner.rollout:log_timing_summary:98 - Intermediate rollout timing summary: env_steps=551980 infer_calls=138528 feedback_calls=138527 infer_wait=5235.198s infer_obs_pack=5.775s env_step=3540.767s feedback_total=24.769s feedback_obs_pack=8.117s feedback_info_pack=0.428s effective_fps=62.68
2026-09-28 13:46:10.533 | INFO     | plugrl_env_client.runner.rollout:log_timing_summary:98 - Intermediate rollout timing summary: env_steps=552044 infer_calls=138531 feedback_calls=138530 infer_wait=5230.317s infer_obs_pack=5.750s env_step=3546.154s feedback_total=24.901s feedback_obs_pack=8.042s feedback_info_pack=0.466s effective_fps=62.68
2026-09-28 13:46:40.509 | INFO     | plugrl_env_client.runner.rollout:log_timing_summary:98 - Intermediate rollout timing summary: env_steps=555268 infer_calls=139369 feedback_calls=139368 infer_wait=5249.897s infer_obs_pack=5.852s env_step=3556.223s feedback_total=25.043s feedback_obs_pack=8.296s feedback_info_pack=0.434s effective_fps=62.83
2026-09-28 13:46:40.511 | INFO     | plugrl_env_client.runner.rollout:log_timing_summary:98 - Intermediate rollout timing summary: env_steps=555331 infer_calls=139369 feedback_calls=139368 infer_wait=5243.214s infer_obs_pack=5.813s env_step=3562.434s feedback_total=24.920s feedback_obs_pack=8.168s feedback_info_pack=0.431s effective_fps=62.85
2026-09-28 13:46:40.547 | INFO     | plugrl_env_client.runner.rollout:log_timing_summary:98 - Intermediate rollout timing summary: env_steps=555396 infer_calls=139372 feedback_calls=139371 infer_wait=5238.757s infer_obs_pack=5.785s env_step=3567.419s feedback_total=25.050s feedback_obs_pack=8.091s feedback_info_pack=0.468s effective_fps=62.85
2026-09-28 13:48:56.957 | INFO     | plugrl_env_client.runner.rollout:log_timing_summary:98 - Intermediate rollout timing summary: env_steps=557913 infer_calls=140004 feedback_calls=140003 infer_wait=5358.900s infer_obs_pack=5.810s env_step=3583.438s feedback_total=25.172s feedback_obs_pack=8.129s feedback_info_pack=0.470s effective_fps=62.17
2026-09-28 13:48:56.958 | INFO     | plugrl_env_client.runner.rollout:log_timing_summary:98 - Intermediate rollout timing summary: env_steps=557858 infer_calls=140002 feedback_calls=140001 infer_wait=5362.764s infer_obs_pack=5.839s env_step=3579.086s feedback_total=25.038s feedback_obs_pack=8.205s feedback_info_pack=0.433s effective_fps=62.17
2026-09-28 13:48:56.962 | INFO     | plugrl_env_client.runner.rollout:log_timing_summary:98 - Intermediate rollout timing summary: env_steps=557789 infer_calls=140002 feedback_calls=140001 infer_wait=5370.125s infer_obs_pack=5.880s env_step=3572.206s feedback_total=25.157s feedback_obs_pack=8.334s feedback_info_pack=0.436s effective_fps=62.16
2026-09-28 13:49:26.960 | INFO     | plugrl_env_client.runner.rollout:log_timing_summary:98 - Intermediate rollout timing summary: env_steps=561211 infer_calls=140831 feedback_calls=140830 infer_wait=5367.310s infer_obs_pack=5.845s env_step=3604.712s feedback_total=25.326s feedback_obs_pack=8.176s feedback_info_pack=0.473s effective_fps=62.33
2026-09-28 13:49:26.961 | INFO     | plugrl_env_client.runner.rollout:log_timing_summary:98 - Intermediate rollout timing summary: env_steps=561158 infer_calls=140829 feedback_calls=140828 infer_wait=5371.073s infer_obs_pack=5.874s env_step=3600.468s feedback_total=25.191s feedback_obs_pack=8.253s feedback_info_pack=0.435s effective_fps=62.33
2026-09-28 13:49:26.968 | INFO     | plugrl_env_client.runner.rollout:log_timing_summary:98 - Intermediate rollout timing summary: env_steps=561086 infer_calls=140829 feedback_calls=140828 infer_wait=5378.464s infer_obs_pack=5.919s env_step=3593.559s feedback_total=25.305s feedback_obs_pack=8.383s feedback_info_pack=0.439s effective_fps=62.32
2026-09-28 13:49:56.961 | INFO     | plugrl_env_client.runner.rollout:log_timing_summary:98 - Intermediate rollout timing summary: env_steps=564569 infer_calls=141675 feedback_calls=141674 infer_wait=5375.828s infer_obs_pack=5.879s env_step=3625.875s feedback_total=25.480s feedback_obs_pack=8.224s feedback_info_pack=0.476s effective_fps=62.50
2026-09-28 13:49:56.961 | INFO     | plugrl_env_client.runner.rollout:log_timing_summary:98 - Intermediate rollout timing summary: env_steps=564519 infer_calls=141673 feedback_calls=141672 infer_wait=5379.660s infer_obs_pack=5.909s env_step=3621.563s feedback_total=25.344s feedback_obs_pack=8.301s feedback_info_pack=0.438s effective_fps=62.50
2026-09-28 13:49:56.973 | INFO     | plugrl_env_client.runner.rollout:log_timing_summary:98 - Intermediate rollout timing summary: env_steps=564448 infer_calls=141673 feedback_calls=141672 infer_wait=5386.541s infer_obs_pack=5.954s env_step=3615.176s feedback_total=25.455s feedback_obs_pack=8.432s feedback_info_pack=0.441s effective_fps=62.49
2026-09-28 13:50:26.966 | INFO     | plugrl_env_client.runner.rollout:log_timing_summary:98 - Intermediate rollout timing summary: env_steps=567965 infer_calls=142528 feedback_calls=142527 infer_wait=5384.049s infer_obs_pack=5.915s env_step=3647.337s feedback_total=25.636s feedback_obs_pack=8.273s feedback_info_pack=0.479s effective_fps=62.67
2026-09-28 13:50:26.967 | INFO     | plugrl_env_client.runner.rollout:log_timing_summary:98 - Intermediate rollout timing summary: env_steps=567911 infer_calls=142526 feedback_calls=142525 infer_wait=5388.014s infer_obs_pack=5.944s env_step=3642.889s feedback_total=25.498s feedback_obs_pack=8.351s feedback_info_pack=0.440s effective_fps=62.67
2026-09-28 13:50:26.973 | INFO     | plugrl_env_client.runner.rollout:log_timing_summary:98 - Intermediate rollout timing summary: env_steps=567847 infer_calls=142526 feedback_calls=142525 infer_wait=5394.687s infer_obs_pack=5.992s env_step=3636.712s feedback_total=25.607s feedback_obs_pack=8.482s feedback_info_pack=0.444s effective_fps=62.66
2026-09-28 13:50:56.968 | INFO     | plugrl_env_client.runner.rollout:log_timing_summary:98 - Intermediate rollout timing summary: env_steps=571372 infer_calls=143394 feedback_calls=143393 infer_wait=5395.771s infer_obs_pack=5.980s env_step=3664.812s feedback_total=25.655s feedback_obs_pack=8.400s feedback_info_pack=0.443s effective_fps=62.84
2026-09-28 13:50:56.971 | INFO     | plugrl_env_client.runner.rollout:log_timing_summary:98 - Intermediate rollout timing summary: env_steps=571426 infer_calls=143396 feedback_calls=143395 infer_wait=5392.210s infer_obs_pack=5.950s env_step=3668.858s feedback_total=25.796s feedback_obs_pack=8.324s feedback_info_pack=0.482s effective_fps=62.84
2026-09-28 13:50:56.973 | INFO     | plugrl_env_client.runner.rollout:log_timing_summary:98 - Intermediate rollout timing summary: env_steps=571305 infer_calls=143394 feedback_calls=143393 infer_wait=5402.756s infer_obs_pack=6.028s env_step=3658.323s feedback_total=25.762s feedback_obs_pack=8.534s feedback_info_pack=0.446s effective_fps=62.83
2026-09-28 13:53:12.426 | INFO     | plugrl_env_client.runner.rollout:log_timing_summary:98 - Intermediate rollout timing summary: env_steps=573724 infer_calls=144002 feedback_calls=144001 infer_wait=5522.756s infer_obs_pack=6.053s env_step=3673.542s feedback_total=25.875s feedback_obs_pack=8.570s feedback_info_pack=0.452s effective_fps=62.17
2026-09-28 13:53:12.430 | INFO     | plugrl_env_client.runner.rollout:log_timing_summary:98 - Intermediate rollout timing summary: env_steps=573851 infer_calls=144004 feedback_calls=144003 infer_wait=5512.268s infer_obs_pack=5.976s env_step=3684.019s feedback_total=25.909s feedback_obs_pack=8.359s feedback_info_pack=0.484s effective_fps=62.18
2026-09-28 13:53:12.430 | INFO     | plugrl_env_client.runner.rollout:log_timing_summary:98 - Intermediate rollout timing summary: env_steps=573799 infer_calls=144002 feedback_calls=144001 infer_wait=5515.585s infer_obs_pack=6.004s env_step=3680.236s feedback_total=25.762s feedback_obs_pack=8.435s feedback_info_pack=0.445s effective_fps=62.18
2026-09-28 13:53:42.429 | INFO     | plugrl_env_client.runner.rollout:log_timing_summary:98 - Intermediate rollout timing summary: env_steps=577005 infer_calls=144826 feedback_calls=144825 infer_wait=5531.340s infer_obs_pack=6.087s env_step=3694.658s feedback_total=26.021s feedback_obs_pack=8.618s feedback_info_pack=0.454s effective_fps=62.32
2026-09-28 13:53:42.431 | INFO     | plugrl_env_client.runner.rollout:log_timing_summary:98 - Intermediate rollout timing summary: env_steps=577140 infer_calls=144828 feedback_calls=144828 infer_wait=5520.627s infer_obs_pack=6.010s env_step=3705.351s feedback_total=26.060s feedback_obs_pack=8.407s feedback_info_pack=0.486s effective_fps=62.34
2026-09-28 13:53:42.432 | INFO     | plugrl_env_client.runner.rollout:log_timing_summary:98 - Intermediate rollout timing summary: env_steps=577090 infer_calls=144826 feedback_calls=144825 infer_wait=5524.051s infer_obs_pack=6.039s env_step=3701.467s feedback_total=25.911s feedback_obs_pack=8.484s feedback_info_pack=0.447s effective_fps=62.34
2026-09-28 13:54:12.434 | INFO     | plugrl_env_client.runner.rollout:log_timing_summary:98 - Intermediate rollout timing summary: env_steps=580551 infer_calls=145685 feedback_calls=145684 infer_wait=5528.925s infer_obs_pack=6.045s env_step=3726.737s feedback_total=26.215s feedback_obs_pack=8.457s feedback_info_pack=0.489s effective_fps=62.51
2026-09-28 13:54:12.434 | INFO     | plugrl_env_client.runner.rollout:log_timing_summary:98 - Intermediate rollout timing summary: env_steps=580415 infer_calls=145683 feedback_calls=145682 infer_wait=5539.613s infer_obs_pack=6.123s env_step=3716.071s feedback_total=26.177s feedback_obs_pack=8.669s feedback_info_pack=0.457s effective_fps=62.49
2026-09-28 13:54:12.434 | INFO     | plugrl_env_client.runner.rollout:log_timing_summary:98 - Intermediate rollout timing summary: env_steps=580500 infer_calls=145683 feedback_calls=145682 infer_wait=5532.537s infer_obs_pack=6.074s env_step=3722.644s feedback_total=26.074s feedback_obs_pack=8.538s feedback_info_pack=0.450s effective_fps=62.50
2026-09-28 13:54:42.435 | INFO     | plugrl_env_client.runner.rollout:log_timing_summary:98 - Intermediate rollout timing summary: env_steps=583851 infer_calls=146545 feedback_calls=146544 infer_wait=5547.820s infer_obs_pack=6.159s env_step=3737.544s feedback_total=26.332s feedback_obs_pack=8.720s feedback_info_pack=0.460s effective_fps=62.66
2026-09-28 13:54:42.436 | INFO     | plugrl_env_client.runner.rollout:log_timing_summary:98 - Intermediate rollout timing summary: env_steps=583934 infer_calls=146545 feedback_calls=146545 infer_wait=5540.812s infer_obs_pack=6.113s env_step=3744.045s feedback_total=26.227s feedback_obs_pack=8.588s feedback_info_pack=0.453s effective_fps=62.67
2026-09-28 13:54:42.438 | INFO     | plugrl_env_client.runner.rollout:log_timing_summary:98 - Intermediate rollout timing summary: env_steps=583996 infer_calls=146547 feedback_calls=146547 infer_wait=5536.677s infer_obs_pack=6.081s env_step=3748.655s feedback_total=26.377s feedback_obs_pack=8.506s feedback_info_pack=0.492s effective_fps=62.68
2026-09-28 13:55:12.438 | INFO     | plugrl_env_client.runner.rollout:log_timing_summary:98 - Intermediate rollout timing summary: env_steps=587408 infer_calls=147402 feedback_calls=147401 infer_wait=5544.698s infer_obs_pack=6.116s env_step=3770.326s feedback_total=26.528s feedback_obs_pack=8.555s feedback_info_pack=0.495s effective_fps=62.84
2026-09-28 13:55:12.440 | INFO     | plugrl_env_client.runner.rollout:log_timing_summary:98 - Intermediate rollout timing summary: env_steps=587258 infer_calls=147400 feedback_calls=147399 infer_wait=5556.315s infer_obs_pack=6.194s env_step=3758.736s feedback_total=26.491s feedback_obs_pack=8.771s feedback_info_pack=0.462s effective_fps=62.82
2026-09-28 13:55:12.442 | INFO     | plugrl_env_client.runner.rollout:log_timing_summary:98 - Intermediate rollout timing summary: env_steps=587338 infer_calls=147400 feedback_calls=147399 infer_wait=5548.780s infer_obs_pack=6.149s env_step=3765.758s feedback_total=26.387s feedback_obs_pack=8.637s feedback_info_pack=0.455s effective_fps=62.84
2026-09-28 13:57:27.343 | INFO     | plugrl_env_client.runner.rollout:log_timing_summary:98 - Intermediate rollout timing summary: env_steps=589803 infer_calls=148004 feedback_calls=148003 infer_wait=5664.603s infer_obs_pack=6.141s env_step=3785.096s feedback_total=26.639s feedback_obs_pack=8.590s feedback_info_pack=0.497s effective_fps=62.20
2026-09-28 13:57:27.346 | INFO     | plugrl_env_client.runner.rollout:log_timing_summary:98 - Intermediate rollout timing summary: env_steps=589660 infer_calls=148002 feedback_calls=148001 infer_wait=5676.109s infer_obs_pack=6.219s env_step=3773.620s feedback_total=26.605s feedback_obs_pack=8.806s feedback_info_pack=0.464s effective_fps=62.18
2026-09-28 13:57:27.347 | INFO     | plugrl_env_client.runner.rollout:log_timing_summary:98 - Intermediate rollout timing summary: env_steps=589739 infer_calls=148002 feedback_calls=148001 infer_wait=5667.895s infer_obs_pack=6.174s env_step=3781.325s feedback_total=26.496s feedback_obs_pack=8.671s feedback_info_pack=0.457s effective_fps=62.20
2026-09-28 13:57:57.353 | INFO     | plugrl_env_client.runner.rollout:log_timing_summary:98 - Intermediate rollout timing summary: env_steps=593032 infer_calls=148814 feedback_calls=148813 infer_wait=5673.088s infer_obs_pack=6.175s env_step=3806.318s feedback_total=26.784s feedback_obs_pack=8.636s feedback_info_pack=0.500s effective_fps=62.34
2026-09-28 13:57:57.353 | INFO     | plugrl_env_client.runner.rollout:log_timing_summary:98 - Intermediate rollout timing summary: env_steps=592888 infer_calls=148812 feedback_calls=148811 infer_wait=5684.984s infer_obs_pack=6.254s env_step=3794.448s feedback_total=26.755s feedback_obs_pack=8.853s feedback_info_pack=0.467s effective_fps=62.33
2026-09-28 13:57:57.357 | INFO     | plugrl_env_client.runner.rollout:log_timing_summary:98 - Intermediate rollout timing summary: env_steps=592971 infer_calls=148812 feedback_calls=148811 infer_wait=5676.051s infer_obs_pack=6.207s env_step=3802.876s feedback_total=26.643s feedback_obs_pack=8.718s feedback_info_pack=0.460s effective_fps=62.34
2026-09-28 13:58:27.356 | INFO     | plugrl_env_client.runner.rollout:log_timing_summary:98 - Intermediate rollout timing summary: env_steps=596248 infer_calls=149656 feedback_calls=149655 infer_wait=5693.585s infer_obs_pack=6.289s env_step=3815.524s feedback_total=26.912s feedback_obs_pack=8.904s feedback_info_pack=0.469s effective_fps=62.48
2026-09-28 13:58:27.357 | INFO     | plugrl_env_client.runner.rollout:log_timing_summary:98 - Intermediate rollout timing summary: env_steps=596401 infer_calls=149658 feedback_calls=149657 infer_wait=5681.376s infer_obs_pack=6.210s env_step=3827.719s feedback_total=26.939s feedback_obs_pack=8.687s feedback_info_pack=0.503s effective_fps=62.50
2026-09-28 13:58:27.360 | INFO     | plugrl_env_client.runner.rollout:log_timing_summary:98 - Intermediate rollout timing summary: env_steps=596328 infer_calls=149656 feedback_calls=149655 infer_wait=5684.076s infer_obs_pack=6.242s env_step=3824.527s feedback_total=26.797s feedback_obs_pack=8.767s feedback_info_pack=0.462s effective_fps=62.50
2026-09-28 13:58:57.363 | INFO     | plugrl_env_client.runner.rollout:log_timing_summary:98 - Intermediate rollout timing summary: env_steps=599784 infer_calls=150506 feedback_calls=150506 infer_wait=5689.545s infer_obs_pack=6.244s env_step=3849.241s feedback_total=27.092s feedback_obs_pack=8.735s feedback_info_pack=0.505s effective_fps=62.66
2026-09-28 13:58:57.373 | INFO     | plugrl_env_client.runner.rollout:log_timing_summary:98 - Intermediate rollout timing summary: env_steps=599632 infer_calls=150505 feedback_calls=150504 infer_wait=5701.855s infer_obs_pack=6.324s env_step=3836.953s feedback_total=27.066s feedback_obs_pack=8.955s feedback_info_pack=0.472s effective_fps=62.64
2026-09-28 13:58:57.374 | INFO     | plugrl_env_client.runner.rollout:log_timing_summary:98 - Intermediate rollout timing summary: env_steps=599709 infer_calls=150505 feedback_calls=150504 infer_wait=5692.206s infer_obs_pack=6.277s env_step=3846.092s feedback_total=26.950s feedback_obs_pack=8.816s feedback_info_pack=0.465s effective_fps=62.66
2026-09-28 13:59:27.370 | INFO     | plugrl_env_client.runner.rollout:log_timing_summary:98 - Intermediate rollout timing summary: env_steps=603176 infer_calls=151357 feedback_calls=151356 infer_wait=5697.691s infer_obs_pack=6.280s env_step=3870.787s feedback_total=27.244s feedback_obs_pack=8.784s feedback_info_pack=0.508s effective_fps=62.82
2026-09-28 13:59:27.375 | INFO     | plugrl_env_client.runner.rollout:log_timing_summary:98 - Intermediate rollout timing summary: env_steps=603106 infer_calls=151355 feedback_calls=151354 infer_wait=5700.137s infer_obs_pack=6.312s env_step=3867.842s feedback_total=27.105s feedback_obs_pack=8.865s feedback_info_pack=0.467s effective_fps=62.81
2026-09-28 13:59:27.375 | INFO     | plugrl_env_client.runner.rollout:log_timing_summary:98 - Intermediate rollout timing summary: env_steps=603022 infer_calls=151355 feedback_calls=151354 infer_wait=5710.288s infer_obs_pack=6.364s env_step=3858.198s feedback_total=27.220s feedback_obs_pack=9.005s feedback_info_pack=0.475s effective_fps=62.80
2026-09-28 14:01:43.602 | INFO     | plugrl_env_client.runner.rollout:log_timing_summary:98 - Intermediate rollout timing summary: env_steps=605759 infer_calls=152004 feedback_calls=152003 infer_wait=5817.578s infer_obs_pack=6.306s env_step=3886.898s feedback_total=27.357s feedback_obs_pack=8.821s feedback_info_pack=0.510s effective_fps=62.20
2026-09-28 14:01:43.603 | INFO     | plugrl_env_client.runner.rollout:log_timing_summary:98 - Intermediate rollout timing summary: env_steps=605601 infer_calls=152002 feedback_calls=152001 infer_wait=5830.083s infer_obs_pack=6.391s env_step=3874.387s feedback_total=27.341s feedback_obs_pack=9.044s feedback_info_pack=0.477s effective_fps=62.19
2026-09-28 14:01:43.607 | INFO     | plugrl_env_client.runner.rollout:log_timing_summary:98 - Intermediate rollout timing summary: env_steps=605684 infer_calls=152002 feedback_calls=152001 infer_wait=5820.139s infer_obs_pack=6.339s env_step=3883.827s feedback_total=27.221s feedback_obs_pack=8.902s feedback_info_pack=0.469s effective_fps=62.20
2026-09-28 14:02:13.603 | INFO     | plugrl_env_client.runner.rollout:log_timing_summary:98 - Intermediate rollout timing summary: env_steps=609019 infer_calls=152822 feedback_calls=152821 infer_wait=5825.787s infer_obs_pack=6.340s env_step=3908.379s feedback_total=27.503s feedback_obs_pack=8.868s feedback_info_pack=0.513s effective_fps=62.35
2026-09-28 14:02:13.608 | INFO     | plugrl_env_client.runner.rollout:log_timing_summary:98 - Intermediate rollout timing summary: env_steps=608861 infer_calls=152820 feedback_calls=152819 infer_wait=5838.854s infer_obs_pack=6.430s env_step=3895.304s feedback_total=27.488s feedback_obs_pack=9.093s feedback_info_pack=0.479s effective_fps=62.33
2026-09-28 14:02:13.609 | INFO     | plugrl_env_client.runner.rollout:log_timing_summary:98 - Intermediate rollout timing summary: env_steps=608949 infer_calls=152820 feedback_calls=152819 infer_wait=5828.563s infer_obs_pack=6.373s env_step=3905.094s feedback_total=27.374s feedback_obs_pack=8.950s feedback_info_pack=0.472s effective_fps=62.35
2026-09-28 14:02:43.606 | INFO     | plugrl_env_client.runner.rollout:log_timing_summary:98 - Intermediate rollout timing summary: env_steps=612442 infer_calls=153684 feedback_calls=153683 infer_wait=5833.953s infer_obs_pack=6.376s env_step=3929.883s feedback_total=27.662s feedback_obs_pack=8.919s feedback_info_pack=0.516s effective_fps=62.51
2026-09-28 14:02:43.611 | INFO     | plugrl_env_client.runner.rollout:log_timing_summary:98 - Intermediate rollout timing summary: env_steps=612293 infer_calls=153682 feedback_calls=153682 infer_wait=5847.240s infer_obs_pack=6.466s env_step=3916.598s feedback_total=27.646s feedback_obs_pack=9.143s feedback_info_pack=0.482s effective_fps=62.49
2026-09-28 14:02:43.612 | INFO     | plugrl_env_client.runner.rollout:log_timing_summary:98 - Intermediate rollout timing summary: env_steps=612390 infer_calls=153682 feedback_calls=153681 infer_wait=5836.651s infer_obs_pack=6.408s env_step=3926.690s feedback_total=27.529s feedback_obs_pack=9.001s feedback_info_pack=0.474s effective_fps=62.51
2026-09-28 14:03:13.608 | INFO     | plugrl_env_client.runner.rollout:log_timing_summary:98 - Intermediate rollout timing summary: env_steps=615862 infer_calls=154543 feedback_calls=154542 infer_wait=5841.975s infer_obs_pack=6.411s env_step=3951.527s feedback_total=27.825s feedback_obs_pack=8.969s feedback_info_pack=0.519s effective_fps=62.67
2026-09-28 14:03:13.613 | INFO     | plugrl_env_client.runner.rollout:log_timing_summary:98 - Intermediate rollout timing summary: env_steps=615710 infer_calls=154541 feedback_calls=154540 infer_wait=5855.549s infer_obs_pack=6.503s env_step=3937.964s feedback_total=27.801s feedback_obs_pack=9.194s feedback_info_pack=0.485s effective_fps=62.65
2026-09-28 14:03:13.616 | INFO     | plugrl_env_client.runner.rollout:log_timing_summary:98 - Intermediate rollout timing summary: env_steps=615815 infer_calls=154541 feedback_calls=154541 infer_wait=5844.692s infer_obs_pack=6.444s env_step=3948.326s feedback_total=27.687s feedback_obs_pack=9.053s feedback_info_pack=0.477s effective_fps=62.66
2026-09-28 14:03:43.618 | INFO     | plugrl_env_client.runner.rollout:log_timing_summary:98 - Intermediate rollout timing summary: env_steps=619231 infer_calls=155389 feedback_calls=155388 infer_wait=5850.313s infer_obs_pack=6.446s env_step=3972.881s feedback_total=27.977s feedback_obs_pack=9.017s feedback_info_pack=0.522s effective_fps=62.82
2026-09-28 14:03:43.618 | INFO     | plugrl_env_client.runner.rollout:log_timing_summary:98 - Intermediate rollout timing summary: env_steps=619083 infer_calls=155387 feedback_calls=155386 infer_wait=5863.825s infer_obs_pack=6.539s env_step=3959.372s feedback_total=27.956s feedback_obs_pack=9.244s feedback_info_pack=0.487s effective_fps=62.80
2026-09-28 14:03:43.618 | INFO     | plugrl_env_client.runner.rollout:log_timing_summary:98 - Intermediate rollout timing summary: env_steps=619187 infer_calls=155387 feedback_calls=155386 infer_wait=5852.977s infer_obs_pack=6.478s env_step=3969.731s feedback_total=27.840s feedback_obs_pack=9.101s feedback_info_pack=0.480s effective_fps=62.82
2026-09-28 14:05:59.180 | INFO     | plugrl_env_client.runner.rollout:log_timing_summary:98 - Intermediate rollout timing summary: env_steps=621541 infer_calls=156002 feedback_calls=156001 infer_wait=5983.500s infer_obs_pack=6.564s env_step=3975.033s feedback_total=28.067s feedback_obs_pack=9.280s feedback_info_pack=0.489s effective_fps=62.20
2026-09-28 14:05:59.185 | INFO     | plugrl_env_client.runner.rollout:log_timing_summary:98 - Intermediate rollout timing summary: env_steps=621644 infer_calls=156002 feedback_calls=156001 infer_wait=5972.601s infer_obs_pack=6.504s env_step=3985.440s feedback_total=27.955s feedback_obs_pack=9.137s feedback_info_pack=0.481s effective_fps=62.21
2026-09-28 14:05:59.186 | INFO     | plugrl_env_client.runner.rollout:log_timing_summary:98 - Intermediate rollout timing summary: env_steps=621685 infer_calls=156004 feedback_calls=156003 infer_wait=5970.015s infer_obs_pack=6.472s env_step=3988.514s feedback_total=28.093s feedback_obs_pack=9.052s feedback_info_pack=0.524s effective_fps=62.21
2026-09-28 14:06:29.180 | INFO     | plugrl_env_client.runner.rollout:log_timing_summary:98 - Intermediate rollout timing summary: env_steps=624887 infer_calls=156841 feedback_calls=156841 infer_wait=5991.856s infer_obs_pack=6.600s env_step=3996.362s feedback_total=28.221s feedback_obs_pack=9.330s feedback_info_pack=0.492s effective_fps=62.35
2026-09-28 14:06:29.186 | INFO     | plugrl_env_client.runner.rollout:log_timing_summary:98 - Intermediate rollout timing summary: env_steps=625029 infer_calls=156843 feedback_calls=156843 infer_wait=5978.189s infer_obs_pack=6.506s env_step=4010.024s feedback_total=28.247s feedback_obs_pack=9.101s feedback_info_pack=0.526s effective_fps=62.36
2026-09-28 14:06:29.198 | INFO     | plugrl_env_client.runner.rollout:log_timing_summary:98 - Intermediate rollout timing summary: env_steps=624983 infer_calls=156842 feedback_calls=156841 infer_wait=5980.908s infer_obs_pack=6.538s env_step=4006.824s feedback_total=28.108s feedback_obs_pack=9.185s feedback_info_pack=0.484s effective_fps=62.36
2026-09-28 14:06:59.181 | INFO     | plugrl_env_client.runner.rollout:log_timing_summary:98 - Intermediate rollout timing summary: env_steps=628293 infer_calls=157697 feedback_calls=157696 infer_wait=5999.807s infer_obs_pack=6.635s env_step=4018.085s feedback_total=28.383s feedback_obs_pack=9.385s feedback_info_pack=0.495s effective_fps=62.50
2026-09-28 14:06:59.192 | INFO     | plugrl_env_client.runner.rollout:log_timing_summary:98 - Intermediate rollout timing summary: env_steps=628447 infer_calls=157699 feedback_calls=157699 infer_wait=5986.525s infer_obs_pack=6.542s env_step=4031.371s feedback_total=28.406s feedback_obs_pack=9.151s feedback_info_pack=0.529s effective_fps=62.51
2026-09-28 14:06:59.204 | INFO     | plugrl_env_client.runner.rollout:log_timing_summary:98 - Intermediate rollout timing summary: env_steps=628393 infer_calls=157698 feedback_calls=157697 infer_wait=5989.186s infer_obs_pack=6.577s env_step=4028.217s feedback_total=28.267s feedback_obs_pack=9.237s feedback_info_pack=0.487s effective_fps=62.51
2026-09-28 14:07:29.184 | INFO     | plugrl_env_client.runner.rollout:log_timing_summary:98 - Intermediate rollout timing summary: env_steps=631589 infer_calls=158524 feedback_calls=158523 infer_wait=6008.110s infer_obs_pack=6.670s env_step=4039.474s feedback_total=28.536s feedback_obs_pack=9.435s feedback_info_pack=0.497s effective_fps=62.64
2026-09-28 14:07:29.212 | INFO     | plugrl_env_client.runner.rollout:log_timing_summary:98 - Intermediate rollout timing summary: env_steps=631688 infer_calls=158525 feedback_calls=158524 infer_wait=5997.809s infer_obs_pack=6.612s env_step=4049.285s feedback_total=28.419s feedback_obs_pack=9.286s feedback_info_pack=0.489s effective_fps=62.65
2026-09-28 14:07:29.212 | INFO     | plugrl_env_client.runner.rollout:log_timing_summary:98 - Intermediate rollout timing summary: env_steps=631747 infer_calls=158527 feedback_calls=158526 infer_wait=5994.342s infer_obs_pack=6.577s env_step=4053.258s feedback_total=28.561s feedback_obs_pack=9.203s feedback_info_pack=0.532s effective_fps=62.66
2026-09-28 14:07:59.187 | INFO     | plugrl_env_client.runner.rollout:log_timing_summary:98 - Intermediate rollout timing summary: env_steps=634945 infer_calls=159366 feedback_calls=159365 infer_wait=6016.107s infer_obs_pack=6.705s env_step=4061.164s feedback_total=28.690s feedback_obs_pack=9.487s feedback_info_pack=0.500s effective_fps=62.79
2026-09-28 14:07:59.218 | INFO     | plugrl_env_client.runner.rollout:log_timing_summary:98 - Intermediate rollout timing summary: env_steps=635044 infer_calls=159367 feedback_calls=159366 infer_wait=6006.444s infer_obs_pack=6.650s env_step=4070.329s feedback_total=28.573s feedback_obs_pack=9.335s feedback_info_pack=0.492s effective_fps=62.80
2026-09-28 14:07:59.224 | INFO     | plugrl_env_client.runner.rollout:log_timing_summary:98 - Intermediate rollout timing summary: env_steps=635102 infer_calls=159369 feedback_calls=159368 infer_wait=6002.611s infer_obs_pack=6.612s env_step=4074.682s feedback_total=28.721s feedback_obs_pack=9.253s feedback_info_pack=0.535s effective_fps=62.80
2026-09-28 14:10:15.037 | INFO     | plugrl_env_client.runner.rollout:log_timing_summary:98 - Intermediate rollout timing summary: env_steps=637573 infer_calls=160002 feedback_calls=160001 infer_wait=6125.690s infer_obs_pack=6.676s env_step=4086.662s feedback_total=28.686s feedback_obs_pack=9.372s feedback_info_pack=0.494s effective_fps=62.22
2026-09-28 14:10:15.038 | INFO     | plugrl_env_client.runner.rollout:log_timing_summary:98 - Intermediate rollout timing summary: env_steps=637485 infer_calls=160002 feedback_calls=160001 infer_wait=6135.387s infer_obs_pack=6.732s env_step=4077.491s feedback_total=28.807s feedback_obs_pack=9.525s feedback_info_pack=0.502s effective_fps=62.20
2026-09-28 14:10:15.039 | INFO     | plugrl_env_client.runner.rollout:log_timing_summary:98 - Intermediate rollout timing summary: env_steps=637634 infer_calls=160004 feedback_calls=160003 infer_wait=6121.646s infer_obs_pack=6.638s env_step=4091.217s feedback_total=28.840s feedback_obs_pack=9.290s feedback_info_pack=0.537s effective_fps=62.22
2026-09-28 14:10:45.040 | INFO     | plugrl_env_client.runner.rollout:log_timing_summary:98 - Intermediate rollout timing summary: env_steps=641014 infer_calls=160852 feedback_calls=160851 infer_wait=6130.166s infer_obs_pack=6.674s env_step=4112.378s feedback_total=28.996s feedback_obs_pack=9.339s feedback_info_pack=0.540s effective_fps=62.37
2026-09-28 14:10:45.044 | INFO     | plugrl_env_client.runner.rollout:log_timing_summary:98 - Intermediate rollout timing summary: env_steps=640951 infer_calls=160850 feedback_calls=160849 infer_wait=6133.631s infer_obs_pack=6.712s env_step=4108.407s feedback_total=28.838s feedback_obs_pack=9.421s feedback_info_pack=0.496s effective_fps=62.36
2026-09-28 14:10:45.044 | INFO     | plugrl_env_client.runner.rollout:log_timing_summary:98 - Intermediate rollout timing summary: env_steps=640862 infer_calls=160850 feedback_calls=160850 infer_wait=6143.547s infer_obs_pack=6.768s env_step=4099.009s feedback_total=28.964s feedback_obs_pack=9.575s feedback_info_pack=0.505s effective_fps=62.35
2026-09-28 14:11:15.041 | INFO     | plugrl_env_client.runner.rollout:log_timing_summary:98 - Intermediate rollout timing summary: env_steps=644433 infer_calls=161709 feedback_calls=161708 infer_wait=6138.098s infer_obs_pack=6.709s env_step=4134.134s feedback_total=29.147s feedback_obs_pack=9.389s feedback_info_pack=0.543s effective_fps=62.52
2026-09-28 14:11:15.045 | INFO     | plugrl_env_client.runner.rollout:log_timing_summary:98 - Intermediate rollout timing summary: env_steps=644359 infer_calls=161707 feedback_calls=161706 infer_wait=6141.801s infer_obs_pack=6.747s env_step=4129.916s feedback_total=28.989s feedback_obs_pack=9.471s feedback_info_pack=0.499s effective_fps=62.51
2026-09-28 14:11:15.049 | INFO     | plugrl_env_client.runner.rollout:log_timing_summary:98 - Intermediate rollout timing summary: env_steps=644269 infer_calls=161707 feedback_calls=161706 infer_wait=6151.891s infer_obs_pack=6.806s env_step=4120.343s feedback_total=29.121s feedback_obs_pack=9.627s feedback_info_pack=0.507s effective_fps=62.50
2026-09-28 14:11:45.043 | INFO     | plugrl_env_client.runner.rollout:log_timing_summary:98 - Intermediate rollout timing summary: env_steps=647808 infer_calls=162556 feedback_calls=162555 infer_wait=6146.536s infer_obs_pack=6.744s env_step=4155.376s feedback_total=29.299s feedback_obs_pack=9.438s feedback_info_pack=0.546s effective_fps=62.66
2026-09-28 14:11:45.047 | INFO     | plugrl_env_client.runner.rollout:log_timing_summary:98 - Intermediate rollout timing summary: env_steps=647737 infer_calls=162554 feedback_calls=162553 infer_wait=6149.663s infer_obs_pack=6.782s env_step=4151.740s feedback_total=29.141s feedback_obs_pack=9.520s feedback_info_pack=0.502s effective_fps=62.66
2026-09-28 14:11:45.067 | INFO     | plugrl_env_client.runner.rollout:log_timing_summary:98 - Intermediate rollout timing summary: env_steps=647644 infer_calls=162555 feedback_calls=162554 infer_wait=6160.205s infer_obs_pack=6.842s env_step=4141.729s feedback_total=29.274s feedback_obs_pack=9.677s feedback_info_pack=0.510s effective_fps=62.65
2026-09-28 14:12:15.043 | INFO     | plugrl_env_client.runner.rollout:log_timing_summary:98 - Intermediate rollout timing summary: env_steps=651194 infer_calls=163405 feedback_calls=163404 infer_wait=6154.928s infer_obs_pack=6.779s env_step=4176.663s feedback_total=29.456s feedback_obs_pack=9.488s feedback_info_pack=0.549s effective_fps=62.81
2026-09-28 14:12:15.048 | INFO     | plugrl_env_client.runner.rollout:log_timing_summary:98 - Intermediate rollout timing summary: env_steps=651121 infer_calls=163403 feedback_calls=163403 infer_wait=6157.740s infer_obs_pack=6.816s env_step=4173.348s feedback_total=29.293s feedback_obs_pack=9.570s feedback_info_pack=0.504s effective_fps=62.81
2026-09-28 14:12:15.067 | INFO     | plugrl_env_client.runner.rollout:log_timing_summary:98 - Intermediate rollout timing summary: env_steps=651031 infer_calls=163404 feedback_calls=163403 infer_wait=6168.222s infer_obs_pack=6.877s env_step=4163.401s feedback_total=29.423s feedback_obs_pack=9.727s feedback_info_pack=0.513s effective_fps=62.79
2026-09-28 14:14:31.668 | INFO     | plugrl_env_client.runner.rollout:log_timing_summary:98 - Intermediate rollout timing summary: env_steps=653583 infer_calls=164004 feedback_calls=164003 infer_wait=6275.771s infer_obs_pack=6.804s env_step=4192.223s feedback_total=29.562s feedback_obs_pack=9.523s feedback_info_pack=0.551s effective_fps=62.22
2026-09-28 14:14:31.668 | INFO     | plugrl_env_client.runner.rollout:log_timing_summary:98 - Intermediate rollout timing summary: env_steps=653508 infer_calls=164002 feedback_calls=164001 infer_wait=6278.742s infer_obs_pack=6.841s env_step=4188.742s feedback_total=29.398s feedback_obs_pack=9.604s feedback_info_pack=0.506s effective_fps=62.22
2026-09-28 14:14:31.671 | INFO     | plugrl_env_client.runner.rollout:log_timing_summary:98 - Intermediate rollout timing summary: env_steps=653418 infer_calls=164002 feedback_calls=164001 infer_wait=6289.126s infer_obs_pack=6.902s env_step=4178.872s feedback_total=29.536s feedback_obs_pack=9.763s feedback_info_pack=0.515s effective_fps=62.20
2026-09-28 14:15:01.670 | INFO     | plugrl_env_client.runner.rollout:log_timing_summary:98 - Intermediate rollout timing summary: env_steps=656904 infer_calls=164836 feedback_calls=164835 infer_wait=6284.029s infer_obs_pack=6.837s env_step=4213.657s feedback_total=29.712s feedback_obs_pack=9.573s feedback_info_pack=0.553s effective_fps=62.36
2026-09-28 14:15:01.670 | INFO     | plugrl_env_client.runner.rollout:log_timing_summary:98 - Intermediate rollout timing summary: env_steps=656829 infer_calls=164834 feedback_calls=164833 infer_wait=6286.558s infer_obs_pack=6.876s env_step=4210.621s feedback_total=29.547s feedback_obs_pack=9.653s feedback_info_pack=0.509s effective_fps=62.36
2026-09-28 14:15:01.671 | INFO     | plugrl_env_client.runner.rollout:log_timing_summary:98 - Intermediate rollout timing summary: env_steps=656737 infer_calls=164834 feedback_calls=164833 infer_wait=6297.385s infer_obs_pack=6.938s env_step=4200.297s feedback_total=29.686s feedback_obs_pack=9.813s feedback_info_pack=0.517s effective_fps=62.34
2026-09-28 14:15:31.677 | INFO     | plugrl_env_client.runner.rollout:log_timing_summary:98 - Intermediate rollout timing summary: env_steps=660008 infer_calls=165654 feedback_calls=165653 infer_wait=6305.769s infer_obs_pack=6.973s env_step=4221.610s feedback_total=29.838s feedback_obs_pack=9.862s feedback_info_pack=0.520s effective_fps=62.48
2026-09-28 14:15:31.678 | INFO     | plugrl_env_client.runner.rollout:log_timing_summary:98 - Intermediate rollout timing summary: env_steps=660101 infer_calls=165654 feedback_calls=165653 infer_wait=6294.826s infer_obs_pack=6.910s env_step=4232.039s feedback_total=29.699s feedback_obs_pack=9.701s feedback_info_pack=0.511s effective_fps=62.49
2026-09-28 14:15:31.680 | INFO     | plugrl_env_client.runner.rollout:log_timing_summary:98 - Intermediate rollout timing summary: env_steps=660179 infer_calls=165656 feedback_calls=165655 infer_wait=6292.276s infer_obs_pack=6.871s env_step=4235.110s feedback_total=29.866s feedback_obs_pack=9.626s feedback_info_pack=0.556s effective_fps=62.49
2026-09-28 14:16:01.678 | INFO     | plugrl_env_client.runner.rollout:log_timing_summary:98 - Intermediate rollout timing summary: env_steps=662839 infer_calls=166363 feedback_calls=166363 infer_wait=6314.970s infer_obs_pack=7.006s env_step=4242.095s feedback_total=29.986s feedback_obs_pack=9.911s feedback_info_pack=0.522s effective_fps=62.57
2026-09-28 14:16:01.681 | INFO     | plugrl_env_client.runner.rollout:log_timing_summary:98 - Intermediate rollout timing summary: env_steps=662936 infer_calls=166363 feedback_calls=166363 infer_wait=6303.680s infer_obs_pack=6.942s env_step=4252.879s feedback_total=29.849s feedback_obs_pack=9.746s feedback_info_pack=0.514s effective_fps=62.58
2026-09-28 14:16:01.697 | INFO     | plugrl_env_client.runner.rollout:log_timing_summary:98 - Intermediate rollout timing summary: env_steps=662999 infer_calls=166366 feedback_calls=166365 infer_wait=6301.291s infer_obs_pack=6.904s env_step=4255.790s feedback_total=30.019s feedback_obs_pack=9.673s feedback_info_pack=0.559s effective_fps=62.58
2026-09-28 14:16:31.678 | INFO     | plugrl_env_client.runner.rollout:log_timing_summary:98 - Intermediate rollout timing summary: env_steps=665807 infer_calls=167108 feedback_calls=167107 infer_wait=6323.900s infer_obs_pack=7.039s env_step=4262.852s feedback_total=30.149s feedback_obs_pack=9.961s feedback_info_pack=0.525s effective_fps=62.67
2026-09-28 14:16:31.681 | INFO     | plugrl_env_client.runner.rollout:log_timing_summary:98 - Intermediate rollout timing summary: env_steps=665895 infer_calls=167108 feedback_calls=167107 infer_wait=6312.714s infer_obs_pack=6.976s env_step=4273.520s feedback_total=30.003s feedback_obs_pack=9.797s feedback_info_pack=0.516s effective_fps=62.68
2026-09-28 14:16:31.705 | INFO     | plugrl_env_client.runner.rollout:log_timing_summary:98 - Intermediate rollout timing summary: env_steps=665963 infer_calls=167110 feedback_calls=167110 infer_wait=6310.423s infer_obs_pack=6.937s env_step=4276.349s feedback_total=30.177s feedback_obs_pack=9.721s feedback_info_pack=0.562s effective_fps=62.69
2026-09-28 14:17:01.685 | INFO     | plugrl_env_client.runner.rollout:log_timing_summary:98 - Intermediate rollout timing summary: env_steps=668675 infer_calls=167827 feedback_calls=167826 infer_wait=6333.185s infer_obs_pack=7.072s env_step=4283.267s feedback_total=30.300s feedback_obs_pack=10.012s feedback_info_pack=0.527s effective_fps=62.76
2026-09-28 14:17:01.687 | INFO     | plugrl_env_client.runner.rollout:log_timing_summary:98 - Intermediate rollout timing summary: env_steps=668759 infer_calls=167827 feedback_calls=167826 infer_wait=6321.909s infer_obs_pack=7.010s env_step=4294.022s feedback_total=30.147s feedback_obs_pack=9.845s feedback_info_pack=0.518s effective_fps=62.78
2026-09-28 14:17:01.714 | INFO     | plugrl_env_client.runner.rollout:log_timing_summary:98 - Intermediate rollout timing summary: env_steps=668833 infer_calls=167830 feedback_calls=167829 infer_wait=6319.724s infer_obs_pack=6.972s env_step=4296.753s feedback_total=30.321s feedback_obs_pack=9.767s feedback_info_pack=0.564s effective_fps=62.78
2026-09-28 14:19:03.727 | INFO     | plugrl_env_client.runner.rollout:log_timing_summary:98 - Intermediate rollout timing summary: env_steps=669455 infer_calls=168002 feedback_calls=168001 infer_wait=6438.859s infer_obs_pack=7.018s env_step=4299.040s feedback_total=30.181s feedback_obs_pack=9.856s feedback_info_pack=0.519s effective_fps=62.13
2026-09-28 14:19:03.729 | INFO     | plugrl_env_client.runner.rollout:log_timing_summary:98 - Intermediate rollout timing summary: env_steps=669529 infer_calls=168004 feedback_calls=168003 infer_wait=6436.383s infer_obs_pack=6.980s env_step=4302.036s feedback_total=30.356s feedback_obs_pack=9.779s feedback_info_pack=0.565s effective_fps=62.13
2026-09-28 14:19:03.731 | INFO     | plugrl_env_client.runner.rollout:log_timing_summary:98 - Intermediate rollout timing summary: env_steps=669369 infer_calls=168002 feedback_calls=168001 infer_wait=6450.130s infer_obs_pack=7.080s env_step=4288.294s feedback_total=30.335s feedback_obs_pack=10.023s feedback_info_pack=0.528s effective_fps=62.12
2026-09-28 14:19:33.740 | INFO     | plugrl_env_client.runner.rollout:log_timing_summary:98 - Intermediate rollout timing summary: env_steps=672834 infer_calls=168850 feedback_calls=168849 infer_wait=6446.975s infer_obs_pack=7.052s env_step=4320.607s feedback_total=30.334s feedback_obs_pack=9.905s feedback_info_pack=0.522s effective_fps=62.27
2026-09-28 14:19:33.740 | INFO     | plugrl_env_client.runner.rollout:log_timing_summary:98 - Intermediate rollout timing summary: env_steps=672753 infer_calls=168850 feedback_calls=168849 infer_wait=6458.514s infer_obs_pack=7.115s env_step=4309.594s feedback_total=30.496s feedback_obs_pack=10.074s feedback_info_pack=0.531s effective_fps=62.26
2026-09-28 14:19:33.740 | INFO     | plugrl_env_client.runner.rollout:log_timing_summary:98 - Intermediate rollout timing summary: env_steps=672905 infer_calls=168852 feedback_calls=168851 infer_wait=6444.468s infer_obs_pack=7.015s env_step=4323.639s feedback_total=30.511s feedback_obs_pack=9.828s feedback_info_pack=0.568s effective_fps=62.27
2026-09-28 14:20:03.740 | INFO     | plugrl_env_client.runner.rollout:log_timing_summary:98 - Intermediate rollout timing summary: env_steps=676156 infer_calls=169703 feedback_calls=169702 infer_wait=6466.748s infer_obs_pack=7.151s env_step=4331.043s feedback_total=30.650s feedback_obs_pack=10.124s feedback_info_pack=0.533s effective_fps=62.40
2026-09-28 14:20:03.740 | INFO     | plugrl_env_client.runner.rollout:log_timing_summary:98 - Intermediate rollout timing summary: env_steps=676309 infer_calls=169705 feedback_calls=169704 infer_wait=6452.677s infer_obs_pack=7.051s env_step=4345.109s feedback_total=30.667s feedback_obs_pack=9.880s feedback_info_pack=0.570s effective_fps=62.42
2026-09-28 14:20:03.745 | INFO     | plugrl_env_client.runner.rollout:log_timing_summary:98 - Intermediate rollout timing summary: env_steps=676235 infer_calls=169703 feedback_calls=169702 infer_wait=6455.124s infer_obs_pack=7.088s env_step=4342.138s feedback_total=30.489s feedback_obs_pack=9.955s feedback_info_pack=0.524s effective_fps=62.41
2026-09-28 14:20:33.742 | INFO     | plugrl_env_client.runner.rollout:log_timing_summary:98 - Intermediate rollout timing summary: env_steps=679610 infer_calls=170534 feedback_calls=170534 infer_wait=6461.272s infer_obs_pack=7.086s env_step=4366.197s feedback_total=30.822s feedback_obs_pack=9.932s feedback_info_pack=0.573s effective_fps=62.55
2026-09-28 14:20:33.744 | INFO     | plugrl_env_client.runner.rollout:log_timing_summary:98 - Intermediate rollout timing summary: env_steps=679457 infer_calls=170532 feedback_calls=170532 infer_wait=6475.104s infer_obs_pack=7.186s env_step=4352.361s feedback_total=30.811s feedback_obs_pack=10.175s feedback_info_pack=0.536s effective_fps=62.53
2026-09-28 14:20:33.757 | INFO     | plugrl_env_client.runner.rollout:log_timing_summary:98 - Intermediate rollout timing summary: env_steps=679543 infer_calls=170533 feedback_calls=170532 infer_wait=6463.710s infer_obs_pack=7.123s env_step=4363.242s feedback_total=30.640s feedback_obs_pack=10.005s feedback_info_pack=0.527s effective_fps=62.55
2026-09-28 14:21:03.754 | INFO     | plugrl_env_client.runner.rollout:log_timing_summary:98 - Intermediate rollout timing summary: env_steps=682900 infer_calls=171360 feedback_calls=171359 infer_wait=6469.430s infer_obs_pack=7.120s env_step=4387.747s feedback_total=30.968s feedback_obs_pack=9.980s feedback_info_pack=0.576s effective_fps=62.68
2026-09-28 14:21:03.756 | INFO     | plugrl_env_client.runner.rollout:log_timing_summary:98 - Intermediate rollout timing summary: env_steps=682747 infer_calls=171358 feedback_calls=171357 infer_wait=6483.553s infer_obs_pack=7.220s env_step=4373.616s feedback_total=30.960s feedback_obs_pack=10.224s feedback_info_pack=0.538s effective_fps=62.66
2026-09-28 14:21:03.767 | INFO     | plugrl_env_client.runner.rollout:log_timing_summary:98 - Intermediate rollout timing summary: env_steps=682830 infer_calls=171358 feedback_calls=171357 infer_wait=6472.308s infer_obs_pack=7.157s env_step=4384.342s feedback_total=30.788s feedback_obs_pack=10.053s feedback_info_pack=0.529s effective_fps=62.68
2026-09-28 14:23:20.133 | INFO     | plugrl_env_client.runner.rollout:log_timing_summary:98 - Intermediate rollout timing summary: env_steps=685396 infer_calls=172002 feedback_calls=172001 infer_wait=6591.860s infer_obs_pack=7.184s env_step=4400.911s feedback_total=30.904s feedback_obs_pack=10.092s feedback_info_pack=0.531s effective_fps=62.13
2026-09-28 14:23:20.138 | INFO     | plugrl_env_client.runner.rollout:log_timing_summary:98 - Intermediate rollout timing summary: env_steps=685468 infer_calls=172004 feedback_calls=172003 infer_wait=6588.792s infer_obs_pack=7.146s env_step=4404.532s feedback_total=31.080s feedback_obs_pack=10.017s feedback_info_pack=0.578s effective_fps=62.14
2026-09-28 14:23:20.141 | INFO     | plugrl_env_client.runner.rollout:log_timing_summary:98 - Intermediate rollout timing summary: env_steps=685311 infer_calls=172002 feedback_calls=172001 infer_wait=6603.251s infer_obs_pack=7.247s env_step=4390.058s feedback_total=31.077s feedback_obs_pack=10.262s feedback_info_pack=0.540s effective_fps=62.12
2026-09-28 14:23:50.147 | INFO     | plugrl_env_client.runner.rollout:log_timing_summary:98 - Intermediate rollout timing summary: env_steps=688671 infer_calls=172844 feedback_calls=172843 infer_wait=6611.586s infer_obs_pack=7.282s env_step=4411.413s feedback_total=31.228s feedback_obs_pack=10.312s feedback_info_pack=0.543s effective_fps=62.26
2026-09-28 14:23:50.148 | INFO     | plugrl_env_client.runner.rollout:log_timing_summary:98 - Intermediate rollout timing summary: env_steps=688746 infer_calls=172844 feedback_calls=172843 infer_wait=6600.656s infer_obs_pack=7.219s env_step=4421.801s feedback_total=31.060s feedback_obs_pack=10.142s feedback_info_pack=0.534s effective_fps=62.27
2026-09-28 14:23:50.149 | INFO     | plugrl_env_client.runner.rollout:log_timing_summary:98 - Intermediate rollout timing summary: env_steps=688830 infer_calls=172846 feedback_calls=172845 infer_wait=6596.375s infer_obs_pack=7.181s env_step=4426.636s feedback_total=31.240s feedback_obs_pack=10.067s feedback_info_pack=0.581s effective_fps=62.27
2026-09-28 14:24:20.149 | INFO     | plugrl_env_client.runner.rollout:log_timing_summary:98 - Intermediate rollout timing summary: env_steps=692202 infer_calls=173712 feedback_calls=173712 infer_wait=6608.661s infer_obs_pack=7.254s env_step=4443.461s feedback_total=31.223s feedback_obs_pack=10.193s feedback_info_pack=0.536s effective_fps=62.41
2026-09-28 14:24:20.150 | INFO     | plugrl_env_client.runner.rollout:log_timing_summary:98 - Intermediate rollout timing summary: env_steps=692127 infer_calls=173712 feedback_calls=173711 infer_wait=6619.706s infer_obs_pack=7.318s env_step=4432.963s feedback_total=31.393s feedback_obs_pack=10.365s feedback_info_pack=0.546s effective_fps=62.40
2026-09-28 14:24:20.155 | INFO     | plugrl_env_client.runner.rollout:log_timing_summary:98 - Intermediate rollout timing summary: env_steps=692298 infer_calls=173714 feedback_calls=173714 infer_wait=6604.220s infer_obs_pack=7.218s env_step=4448.461s feedback_total=31.403s feedback_obs_pack=10.117s feedback_info_pack=0.584s effective_fps=62.42
2026-09-28 14:24:50.150 | INFO     | plugrl_env_client.runner.rollout:log_timing_summary:98 - Intermediate rollout timing summary: env_steps=695585 infer_calls=174581 feedback_calls=174580 infer_wait=6627.588s infer_obs_pack=7.354s env_step=4454.749s feedback_total=31.554s feedback_obs_pack=10.416s feedback_info_pack=0.549s effective_fps=62.55
2026-09-28 14:24:50.151 | INFO     | plugrl_env_client.runner.rollout:log_timing_summary:98 - Intermediate rollout timing summary: env_steps=695660 infer_calls=174581 feedback_calls=174580 infer_wait=6617.088s infer_obs_pack=7.290s env_step=4464.691s feedback_total=31.392s feedback_obs_pack=10.244s feedback_info_pack=0.539s effective_fps=62.56
2026-09-28 14:24:50.158 | INFO     | plugrl_env_client.runner.rollout:log_timing_summary:98 - Intermediate rollout timing summary: env_steps=695765 infer_calls=174583 feedback_calls=174583 infer_wait=6612.126s infer_obs_pack=7.254s env_step=4470.229s feedback_total=31.565s feedback_obs_pack=10.168s feedback_info_pack=0.587s effective_fps=62.56
2026-09-28 14:25:20.160 | INFO     | plugrl_env_client.runner.rollout:log_timing_summary:98 - Intermediate rollout timing summary: env_steps=698775 infer_calls=175382 feedback_calls=175381 infer_wait=6636.120s infer_obs_pack=7.388s env_step=4475.920s feedback_total=31.700s feedback_obs_pack=10.464s feedback_info_pack=0.551s effective_fps=62.66
2026-09-28 14:25:20.161 | INFO     | plugrl_env_client.runner.rollout:log_timing_summary:98 - Intermediate rollout timing summary: env_steps=698852 infer_calls=175382 feedback_calls=175381 infer_wait=6625.627s infer_obs_pack=7.324s env_step=4485.860s feedback_total=31.537s feedback_obs_pack=10.290s feedback_info_pack=0.541s effective_fps=62.68
2026-09-28 14:25:20.164 | INFO     | plugrl_env_client.runner.rollout:log_timing_summary:98 - Intermediate rollout timing summary: env_steps=698952 infer_calls=175384 feedback_calls=175383 infer_wait=6620.868s infer_obs_pack=7.287s env_step=4491.188s feedback_total=31.712s feedback_obs_pack=10.215s feedback_info_pack=0.590s effective_fps=62.68
2026-09-28 14:27:37.505 | INFO     | plugrl_env_client.runner.rollout:log_timing_summary:98 - Intermediate rollout timing summary: env_steps=701325 infer_calls=176002 feedback_calls=176001 infer_wait=6745.932s infer_obs_pack=7.353s env_step=4502.659s feedback_total=31.653s feedback_obs_pack=10.327s feedback_info_pack=0.543s effective_fps=62.13
2026-09-28 14:27:37.507 | INFO     | plugrl_env_client.runner.rollout:log_timing_summary:98 - Intermediate rollout timing summary: env_steps=701246 infer_calls=176002 feedback_calls=176001 infer_wait=6757.019s infer_obs_pack=7.415s env_step=4492.131s feedback_total=31.814s feedback_obs_pack=10.502s feedback_info_pack=0.553s effective_fps=62.12
2026-09-28 14:27:37.508 | INFO     | plugrl_env_client.runner.rollout:log_timing_summary:98 - Intermediate rollout timing summary: env_steps=701421 infer_calls=176004 feedback_calls=176003 infer_wait=6741.539s infer_obs_pack=7.313s env_step=4507.624s feedback_total=31.826s feedback_obs_pack=10.254s feedback_info_pack=0.592s effective_fps=62.14
2026-09-28 14:28:07.508 | INFO     | plugrl_env_client.runner.rollout:log_timing_summary:98 - Intermediate rollout timing summary: env_steps=704650 infer_calls=176856 feedback_calls=176856 infer_wait=6765.358s infer_obs_pack=7.454s env_step=4513.460s feedback_total=31.978s feedback_obs_pack=10.558s feedback_info_pack=0.556s effective_fps=62.26
2026-09-28 14:28:07.508 | INFO     | plugrl_env_client.runner.rollout:log_timing_summary:98 - Intermediate rollout timing summary: env_steps=704823 infer_calls=176858 feedback_calls=176858 infer_wait=6749.784s infer_obs_pack=7.348s env_step=4529.052s feedback_total=31.987s feedback_obs_pack=10.306s feedback_info_pack=0.595s effective_fps=62.27
2026-09-28 14:28:07.510 | INFO     | plugrl_env_client.runner.rollout:log_timing_summary:98 - Intermediate rollout timing summary: env_steps=704732 infer_calls=176856 feedback_calls=176856 infer_wait=6753.655s infer_obs_pack=7.390s env_step=4524.605s feedback_total=31.818s feedback_obs_pack=10.378s feedback_info_pack=0.546s effective_fps=62.27
2026-09-28 14:28:37.514 | INFO     | plugrl_env_client.runner.rollout:log_timing_summary:98 - Intermediate rollout timing summary: env_steps=708200 infer_calls=177728 feedback_calls=177727 infer_wait=6761.855s infer_obs_pack=7.426s env_step=4546.075s feedback_total=31.981s feedback_obs_pack=10.429s feedback_info_pack=0.549s effective_fps=62.41
2026-09-28 14:28:37.514 | INFO     | plugrl_env_client.runner.rollout:log_timing_summary:98 - Intermediate rollout timing summary: env_steps=708133 infer_calls=177728 feedback_calls=177727 infer_wait=6772.998s infer_obs_pack=7.491s env_step=4535.496s feedback_total=32.142s feedback_obs_pack=10.610s feedback_info_pack=0.558s effective_fps=62.40
2026-09-28 14:28:37.515 | INFO     | plugrl_env_client.runner.rollout:log_timing_summary:98 - Intermediate rollout timing summary: env_steps=708299 infer_calls=177730 feedback_calls=177729 infer_wait=6757.769s infer_obs_pack=7.385s env_step=4550.744s feedback_total=32.148s feedback_obs_pack=10.357s feedback_info_pack=0.598s effective_fps=62.42
2026-09-28 14:29:07.515 | INFO     | plugrl_env_client.runner.rollout:log_timing_summary:98 - Intermediate rollout timing summary: env_steps=711622 infer_calls=178589 feedback_calls=178588 infer_wait=6769.914s infer_obs_pack=7.462s env_step=4567.684s feedback_total=32.139s feedback_obs_pack=10.479s feedback_info_pack=0.551s effective_fps=62.55
2026-09-28 14:29:07.519 | INFO     | plugrl_env_client.runner.rollout:log_timing_summary:98 - Intermediate rollout timing summary: env_steps=711574 infer_calls=178589 feedback_calls=178589 infer_wait=6780.930s infer_obs_pack=7.526s env_step=4557.249s feedback_total=32.302s feedback_obs_pack=10.662s feedback_info_pack=0.561s effective_fps=62.54
2026-09-28 14:29:07.519 | INFO     | plugrl_env_client.runner.rollout:log_timing_summary:98 - Intermediate rollout timing summary: env_steps=711733 infer_calls=178591 feedback_calls=178591 infer_wait=6765.870s infer_obs_pack=7.420s env_step=4572.315s feedback_total=32.311s feedback_obs_pack=10.408s feedback_info_pack=0.600s effective_fps=62.55
2026-09-28 14:29:37.522 | INFO     | plugrl_env_client.runner.rollout:log_timing_summary:98 - Intermediate rollout timing summary: env_steps=714741 infer_calls=179374 feedback_calls=179373 infer_wait=6778.754s infer_obs_pack=7.495s env_step=4588.545s feedback_total=32.277s feedback_obs_pack=10.525s feedback_info_pack=0.554s effective_fps=62.66
2026-09-28 14:29:37.525 | INFO     | plugrl_env_client.runner.rollout:log_timing_summary:98 - Intermediate rollout timing summary: env_steps=714705 infer_calls=179374 feedback_calls=179373 infer_wait=6789.872s infer_obs_pack=7.559s env_step=4578.021s feedback_total=32.446s feedback_obs_pack=10.708s feedback_info_pack=0.563s effective_fps=62.65
2026-09-28 14:29:37.525 | INFO     | plugrl_env_client.runner.rollout:log_timing_summary:98 - Intermediate rollout timing summary: env_steps=714863 infer_calls=179376 feedback_calls=179375 infer_wait=6774.300s infer_obs_pack=7.453s env_step=4593.592s feedback_total=32.456s feedback_obs_pack=10.454s feedback_info_pack=0.604s effective_fps=62.66
2026-09-28 14:31:55.471 | INFO     | plugrl_env_client.runner.rollout:log_timing_summary:98 - Intermediate rollout timing summary: env_steps=717362 infer_calls=180004 feedback_calls=180003 infer_wait=6895.595s infer_obs_pack=7.479s env_step=4610.005s feedback_total=32.569s feedback_obs_pack=10.490s feedback_info_pack=0.606s effective_fps=62.13
2026-09-28 14:31:55.473 | INFO     | plugrl_env_client.runner.rollout:log_timing_summary:98 - Intermediate rollout timing summary: env_steps=717245 infer_calls=180002 feedback_calls=180001 infer_wait=6899.617s infer_obs_pack=7.522s env_step=4605.400s feedback_total=32.389s feedback_obs_pack=10.561s feedback_info_pack=0.556s effective_fps=62.13
2026-09-28 14:31:55.476 | INFO     | plugrl_env_client.runner.rollout:log_timing_summary:98 - Intermediate rollout timing summary: env_steps=717210 infer_calls=180002 feedback_calls=180001 infer_wait=6910.815s infer_obs_pack=7.586s env_step=4594.791s feedback_total=32.564s feedback_obs_pack=10.747s feedback_info_pack=0.565s effective_fps=62.12
2026-09-28 14:32:25.475 | INFO     | plugrl_env_client.runner.rollout:log_timing_summary:98 - Intermediate rollout timing summary: env_steps=720734 infer_calls=180851 feedback_calls=180850 infer_wait=6903.882s infer_obs_pack=7.513s env_step=4631.393s feedback_total=32.729s feedback_obs_pack=10.540s feedback_info_pack=0.609s effective_fps=62.26
2026-09-28 14:32:25.478 | INFO     | plugrl_env_client.runner.rollout:log_timing_summary:98 - Intermediate rollout timing summary: env_steps=720590 infer_calls=180849 feedback_calls=180849 infer_wait=6918.833s infer_obs_pack=7.622s env_step=4616.443s feedback_total=32.725s feedback_obs_pack=10.799s feedback_info_pack=0.569s effective_fps=62.25
2026-09-28 14:32:25.493 | INFO     | plugrl_env_client.runner.rollout:log_timing_summary:98 - Intermediate rollout timing summary: env_steps=720625 infer_calls=180850 feedback_calls=180849 infer_wait=6907.729s infer_obs_pack=7.557s env_step=4626.975s feedback_total=32.553s feedback_obs_pack=10.612s feedback_info_pack=0.558s effective_fps=62.26
2026-09-28 14:32:55.479 | INFO     | plugrl_env_client.runner.rollout:log_timing_summary:98 - Intermediate rollout timing summary: env_steps=724086 infer_calls=181726 feedback_calls=181725 infer_wait=6926.596s infer_obs_pack=7.658s env_step=4638.352s feedback_total=32.885s feedback_obs_pack=10.851s feedback_info_pack=0.571s effective_fps=62.39
2026-09-28 14:32:55.482 | INFO     | plugrl_env_client.runner.rollout:log_timing_summary:98 - Intermediate rollout timing summary: env_steps=724219 infer_calls=181728 feedback_calls=181727 infer_wait=6912.205s infer_obs_pack=7.549s env_step=4652.739s feedback_total=32.894s feedback_obs_pack=10.591s feedback_info_pack=0.612s effective_fps=62.40
2026-09-28 14:32:55.501 | INFO     | plugrl_env_client.runner.rollout:log_timing_summary:98 - Intermediate rollout timing summary: env_steps=724124 infer_calls=181727 feedback_calls=181726 infer_wait=6915.414s infer_obs_pack=7.595s env_step=4648.968s feedback_total=32.712s feedback_obs_pack=10.663s feedback_info_pack=0.561s effective_fps=62.40
2026-09-28 14:33:25.483 | INFO     | plugrl_env_client.runner.rollout:log_timing_summary:98 - Intermediate rollout timing summary: env_steps=727599 infer_calls=182575 feedback_calls=182574 infer_wait=6920.472s infer_obs_pack=7.584s env_step=4674.151s feedback_total=33.055s feedback_obs_pack=10.641s feedback_info_pack=0.615s effective_fps=62.53
2026-09-28 14:33:25.485 | INFO     | plugrl_env_client.runner.rollout:log_timing_summary:98 - Intermediate rollout timing summary: env_steps=727458 infer_calls=182573 feedback_calls=182573 infer_wait=6934.471s infer_obs_pack=7.694s env_step=4660.157s feedback_total=33.046s feedback_obs_pack=10.901s feedback_info_pack=0.574s effective_fps=62.52
2026-09-28 14:33:25.507 | INFO     | plugrl_env_client.runner.rollout:log_timing_summary:98 - Intermediate rollout timing summary: env_steps=727494 infer_calls=182574 feedback_calls=182573 infer_wait=6924.057s infer_obs_pack=7.630s env_step=4670.005s feedback_total=32.869s feedback_obs_pack=10.712s feedback_info_pack=0.563s effective_fps=62.53
2026-09-28 14:33:55.486 | INFO     | plugrl_env_client.runner.rollout:log_timing_summary:98 - Intermediate rollout timing summary: env_steps=730768 infer_calls=183371 feedback_calls=183370 infer_wait=6929.067s infer_obs_pack=7.620s env_step=4695.252s feedback_total=33.202s feedback_obs_pack=10.690s feedback_info_pack=0.618s effective_fps=62.65
2026-09-28 14:33:55.488 | INFO     | plugrl_env_client.runner.rollout:log_timing_summary:98 - Intermediate rollout timing summary: env_steps=730620 infer_calls=183369 feedback_calls=183368 infer_wait=6943.214s infer_obs_pack=7.729s env_step=4681.094s feedback_total=33.196s feedback_obs_pack=10.949s feedback_info_pack=0.577s effective_fps=62.63
2026-09-28 14:33:55.508 | INFO     | plugrl_env_client.runner.rollout:log_timing_summary:98 - Intermediate rollout timing summary: env_steps=730665 infer_calls=183370 feedback_calls=183369 infer_wait=6932.963s infer_obs_pack=7.666s env_step=4690.789s feedback_total=33.013s feedback_obs_pack=10.760s feedback_info_pack=0.566s effective_fps=62.64
2026-09-28 14:36:12.073 | INFO     | plugrl_env_client.runner.rollout:log_timing_summary:98 - Intermediate rollout timing summary: env_steps=733291 infer_calls=184004 feedback_calls=184003 infer_wait=7048.700s infer_obs_pack=7.647s env_step=4711.969s feedback_total=33.315s feedback_obs_pack=10.727s feedback_info_pack=0.620s effective_fps=62.13
2026-09-28 14:36:12.074 | INFO     | plugrl_env_client.runner.rollout:log_timing_summary:98 - Intermediate rollout timing summary: env_steps=733180 infer_calls=184002 feedback_calls=184001 infer_wait=7052.895s infer_obs_pack=7.693s env_step=4707.181s feedback_total=33.128s feedback_obs_pack=10.797s feedback_info_pack=0.568s effective_fps=62.13
2026-09-28 14:36:12.074 | INFO     | plugrl_env_client.runner.rollout:log_timing_summary:98 - Intermediate rollout timing summary: env_steps=733138 infer_calls=184002 feedback_calls=184001 infer_wait=7062.817s infer_obs_pack=7.755s env_step=4697.833s feedback_total=33.313s feedback_obs_pack=10.990s feedback_info_pack=0.579s effective_fps=62.12
2026-09-28 14:36:42.079 | INFO     | plugrl_env_client.runner.rollout:log_timing_summary:98 - Intermediate rollout timing summary: env_steps=736688 infer_calls=184858 feedback_calls=184858 infer_wait=7056.730s infer_obs_pack=7.682s env_step=4733.621s feedback_total=33.472s feedback_obs_pack=10.776s feedback_info_pack=0.623s effective_fps=62.26
2026-09-28 14:36:42.080 | INFO     | plugrl_env_client.runner.rollout:log_timing_summary:98 - Intermediate rollout timing summary: env_steps=736587 infer_calls=184856 feedback_calls=184856 infer_wait=7061.110s infer_obs_pack=7.727s env_step=4728.645s feedback_total=33.285s feedback_obs_pack=10.846s feedback_info_pack=0.571s effective_fps=62.26
2026-09-28 14:36:42.080 | INFO     | plugrl_env_client.runner.rollout:log_timing_summary:98 - Intermediate rollout timing summary: env_steps=736543 infer_calls=184856 feedback_calls=184856 infer_wait=7070.804s infer_obs_pack=7.791s env_step=4719.535s feedback_total=33.468s feedback_obs_pack=11.040s feedback_info_pack=0.581s effective_fps=62.25
2026-09-28 14:37:12.079 | INFO     | plugrl_env_client.runner.rollout:log_timing_summary:98 - Intermediate rollout timing summary: env_steps=740083 infer_calls=185709 feedback_calls=185708 infer_wait=7064.853s infer_obs_pack=7.718s env_step=4755.180s feedback_total=33.625s feedback_obs_pack=10.825s feedback_info_pack=0.625s effective_fps=62.39
2026-09-28 14:37:12.085 | INFO     | plugrl_env_client.runner.rollout:log_timing_summary:98 - Intermediate rollout timing summary: env_steps=739975 infer_calls=185707 feedback_calls=185706 infer_wait=7069.546s infer_obs_pack=7.763s env_step=4749.887s feedback_total=33.441s feedback_obs_pack=10.896s feedback_info_pack=0.573s effective_fps=62.39
2026-09-28 14:37:12.086 | INFO     | plugrl_env_client.runner.rollout:log_timing_summary:98 - Intermediate rollout timing summary: env_steps=739940 infer_calls=185707 feedback_calls=185706 infer_wait=7078.567s infer_obs_pack=7.826s env_step=4741.461s feedback_total=33.623s feedback_obs_pack=11.091s feedback_info_pack=0.584s effective_fps=62.38
2026-09-28 14:37:42.080 | INFO     | plugrl_env_client.runner.rollout:log_timing_summary:98 - Intermediate rollout timing summary: env_steps=743413 infer_calls=186546 feedback_calls=186545 infer_wait=7073.506s infer_obs_pack=7.752s env_step=4776.207s feedback_total=33.777s feedback_obs_pack=10.874s feedback_info_pack=0.628s effective_fps=62.52
2026-09-28 14:37:42.088 | INFO     | plugrl_env_client.runner.rollout:log_timing_summary:98 - Intermediate rollout timing summary: env_steps=743277 infer_calls=186544 feedback_calls=186543 infer_wait=7086.449s infer_obs_pack=7.861s env_step=4763.262s feedback_total=33.779s feedback_obs_pack=11.141s feedback_info_pack=0.587s effective_fps=62.51
2026-09-28 14:37:42.090 | INFO     | plugrl_env_client.runner.rollout:log_timing_summary:98 - Intermediate rollout timing summary: env_steps=743312 infer_calls=186544 feedback_calls=186543 infer_wait=7077.751s infer_obs_pack=7.798s env_step=4771.368s feedback_total=33.596s feedback_obs_pack=10.949s feedback_info_pack=0.576s effective_fps=62.51
2026-09-28 14:38:12.089 | INFO     | plugrl_env_client.runner.rollout:log_timing_summary:98 - Intermediate rollout timing summary: env_steps=746494 infer_calls=187319 feedback_calls=187318 infer_wait=7081.985s infer_obs_pack=7.784s env_step=4797.430s feedback_total=33.925s feedback_obs_pack=10.921s feedback_info_pack=0.631s effective_fps=62.62
2026-09-28 14:38:12.090 | INFO     | plugrl_env_client.runner.rollout:log_timing_summary:98 - Intermediate rollout timing summary: env_steps=746358 infer_calls=187317 feedback_calls=187316 infer_wait=7095.701s infer_obs_pack=7.894s env_step=4783.703s feedback_total=33.927s feedback_obs_pack=11.191s feedback_info_pack=0.589s effective_fps=62.61
2026-09-28 14:38:12.095 | INFO     | plugrl_env_client.runner.rollout:log_timing_summary:98 - Intermediate rollout timing summary: env_steps=746393 infer_calls=187317 feedback_calls=187316 infer_wait=7086.627s infer_obs_pack=7.831s env_step=4792.187s feedback_total=33.743s feedback_obs_pack=10.996s feedback_info_pack=0.578s effective_fps=62.61
2026-09-28 14:40:31.218 | INFO     | plugrl_env_client.runner.rollout:log_timing_summary:98 - Intermediate rollout timing summary: env_steps=749085 infer_calls=188002 feedback_calls=188001 infer_wait=7216.749s infer_obs_pack=7.923s env_step=4801.518s feedback_total=34.053s feedback_obs_pack=11.237s feedback_info_pack=0.591s effective_fps=62.11
2026-09-28 14:40:31.220 | INFO     | plugrl_env_client.runner.rollout:log_timing_summary:98 - Intermediate rollout timing summary: env_steps=749123 infer_calls=188002 feedback_calls=188001 infer_wait=7207.429s infer_obs_pack=7.859s env_step=4810.245s feedback_total=33.868s feedback_obs_pack=11.037s feedback_info_pack=0.580s effective_fps=62.12
2026-09-28 14:40:31.223 | INFO     | plugrl_env_client.runner.rollout:log_timing_summary:98 - Intermediate rollout timing summary: env_steps=749223 infer_calls=188004 feedback_calls=188003 infer_wait=7202.766s infer_obs_pack=7.812s env_step=4815.521s feedback_total=34.049s feedback_obs_pack=10.962s feedback_info_pack=0.633s effective_fps=62.12
2026-09-28 14:41:01.222 | INFO     | plugrl_env_client.runner.rollout:log_timing_summary:98 - Intermediate rollout timing summary: env_steps=752411 infer_calls=188837 feedback_calls=188836 infer_wait=7225.091s infer_obs_pack=7.958s env_step=4822.860s feedback_total=34.209s feedback_obs_pack=11.288s feedback_info_pack=0.594s effective_fps=62.23
2026-09-28 14:41:01.223 | INFO     | plugrl_env_client.runner.rollout:log_timing_summary:98 - Intermediate rollout timing summary: env_steps=752458 infer_calls=188837 feedback_calls=188836 infer_wait=7215.415s infer_obs_pack=7.894s env_step=4831.950s feedback_total=34.019s feedback_obs_pack=11.086s feedback_info_pack=0.583s effective_fps=62.24
2026-09-28 14:41:01.230 | INFO     | plugrl_env_client.runner.rollout:log_timing_summary:98 - Intermediate rollout timing summary: env_steps=752558 infer_calls=188839 feedback_calls=188839 infer_wait=7210.757s infer_obs_pack=7.846s env_step=4837.226s feedback_total=34.195s feedback_obs_pack=11.010s feedback_info_pack=0.636s effective_fps=62.25
2026-09-28 14:41:31.226 | INFO     | plugrl_env_client.runner.rollout:log_timing_summary:98 - Intermediate rollout timing summary: env_steps=755784 infer_calls=189682 feedback_calls=189681 infer_wait=7233.059s infer_obs_pack=7.994s env_step=4844.575s feedback_total=34.363s feedback_obs_pack=11.338s feedback_info_pack=0.597s effective_fps=62.36
2026-09-28 14:41:31.229 | INFO     | plugrl_env_client.runner.rollout:log_timing_summary:98 - Intermediate rollout timing summary: env_steps=755824 infer_calls=189682 feedback_calls=189682 infer_wait=7223.757s infer_obs_pack=7.929s env_step=4853.283s feedback_total=34.171s feedback_obs_pack=11.134s feedback_info_pack=0.585s effective_fps=62.37
2026-09-28 14:41:31.231 | INFO     | plugrl_env_client.runner.rollout:log_timing_summary:98 - Intermediate rollout timing summary: env_steps=755930 infer_calls=189684 feedback_calls=189684 infer_wait=7219.072s infer_obs_pack=7.881s env_step=4858.592s feedback_total=34.348s feedback_obs_pack=11.058s feedback_info_pack=0.639s effective_fps=62.37
2026-09-28 14:42:01.234 | INFO     | plugrl_env_client.runner.rollout:log_timing_summary:98 - Intermediate rollout timing summary: env_steps=759172 infer_calls=190523 feedback_calls=190523 infer_wait=7232.099s infer_obs_pack=7.964s env_step=4874.627s feedback_total=34.323s feedback_obs_pack=11.182s feedback_info_pack=0.588s effective_fps=62.49
2026-09-28 14:42:01.244 | INFO     | plugrl_env_client.runner.rollout:log_timing_summary:98 - Intermediate rollout timing summary: env_steps=759141 infer_calls=190524 feedback_calls=190523 infer_wait=7241.518s infer_obs_pack=8.029s env_step=4865.822s feedback_total=34.515s feedback_obs_pack=11.389s feedback_info_pack=0.599s effective_fps=62.48
2026-09-28 14:42:01.246 | INFO     | plugrl_env_client.runner.rollout:log_timing_summary:98 - Intermediate rollout timing summary: env_steps=759285 infer_calls=190526 feedback_calls=190525 infer_wait=7227.002s infer_obs_pack=7.916s env_step=4880.366s feedback_total=34.498s feedback_obs_pack=11.107s feedback_info_pack=0.642s effective_fps=62.49
2026-09-28 14:42:31.234 | INFO     | plugrl_env_client.runner.rollout:log_timing_summary:98 - Intermediate rollout timing summary: env_steps=762426 infer_calls=191339 feedback_calls=191338 infer_wait=7240.591s infer_obs_pack=8.001s env_step=4895.826s feedback_total=34.468s feedback_obs_pack=11.229s feedback_info_pack=0.590s effective_fps=62.60
2026-09-28 14:42:31.248 | INFO     | plugrl_env_client.runner.rollout:log_timing_summary:98 - Intermediate rollout timing summary: env_steps=762389 infer_calls=191339 feedback_calls=191339 infer_wait=7250.226s infer_obs_pack=8.063s env_step=4886.815s feedback_total=34.659s feedback_obs_pack=11.437s feedback_info_pack=0.602s effective_fps=62.59
2026-09-28 14:42:31.264 | INFO     | plugrl_env_client.runner.rollout:log_timing_summary:98 - Intermediate rollout timing summary: env_steps=762536 infer_calls=191342 feedback_calls=191341 infer_wait=7235.436s infer_obs_pack=7.950s env_step=4901.653s feedback_total=34.638s feedback_obs_pack=11.154s feedback_info_pack=0.644s effective_fps=62.61
2026-09-28 14:44:48.854 | INFO     | plugrl_env_client.runner.rollout:log_timing_summary:98 - Intermediate rollout timing summary: env_steps=765068 infer_calls=192002 feedback_calls=192001 infer_wait=7360.711s infer_obs_pack=8.029s env_step=4913.086s feedback_total=34.581s feedback_obs_pack=11.267s feedback_info_pack=0.592s effective_fps=62.12
2026-09-28 14:44:48.854 | INFO     | plugrl_env_client.runner.rollout:log_timing_summary:98 - Intermediate rollout timing summary: env_steps=765031 infer_calls=192002 feedback_calls=192001 infer_wait=7369.927s infer_obs_pack=8.091s env_step=4904.477s feedback_total=34.777s feedback_obs_pack=11.475s feedback_info_pack=0.604s effective_fps=62.11
2026-09-28 14:44:48.857 | INFO     | plugrl_env_client.runner.rollout:log_timing_summary:98 - Intermediate rollout timing summary: env_steps=765170 infer_calls=192004 feedback_calls=192003 infer_wait=7355.522s infer_obs_pack=7.977s env_step=4918.917s feedback_total=34.754s feedback_obs_pack=11.191s feedback_info_pack=0.646s effective_fps=62.12
2026-09-28 14:45:18.855 | INFO     | plugrl_env_client.runner.rollout:log_timing_summary:98 - Intermediate rollout timing summary: env_steps=768460 infer_calls=192862 feedback_calls=192861 infer_wait=7378.318s infer_obs_pack=8.126s env_step=4925.765s feedback_total=34.931s feedback_obs_pack=11.528s feedback_info_pack=0.607s effective_fps=62.24
2026-09-28 14:45:18.857 | INFO     | plugrl_env_client.runner.rollout:log_timing_summary:98 - Intermediate rollout timing summary: env_steps=768491 infer_calls=192862 feedback_calls=192861 infer_wait=7368.910s infer_obs_pack=8.064s env_step=4934.556s feedback_total=34.741s feedback_obs_pack=11.318s feedback_info_pack=0.595s effective_fps=62.24
2026-09-28 14:45:18.862 | INFO     | plugrl_env_client.runner.rollout:log_timing_summary:98 - Intermediate rollout timing summary: env_steps=768594 infer_calls=192864 feedback_calls=192863 infer_wait=7363.492s infer_obs_pack=8.014s env_step=4940.626s feedback_total=34.908s feedback_obs_pack=11.240s feedback_info_pack=0.649s effective_fps=62.25
2026-09-28 14:45:48.855 | INFO     | plugrl_env_client.runner.rollout:log_timing_summary:98 - Intermediate rollout timing summary: env_steps=771884 infer_calls=193720 feedback_calls=193719 infer_wait=7386.496s infer_obs_pack=8.162s env_step=4947.267s feedback_total=35.089s feedback_obs_pack=11.578s feedback_info_pack=0.609s effective_fps=62.36
2026-09-28 14:45:48.861 | INFO     | plugrl_env_client.runner.rollout:log_timing_summary:98 - Intermediate rollout timing summary: env_steps=771916 infer_calls=193720 feedback_calls=193719 infer_wait=7376.858s infer_obs_pack=8.100s env_step=4956.292s feedback_total=34.896s feedback_obs_pack=11.367s feedback_info_pack=0.597s effective_fps=62.37
2026-09-28 14:45:48.863 | INFO     | plugrl_env_client.runner.rollout:log_timing_summary:98 - Intermediate rollout timing summary: env_steps=772017 infer_calls=193722 feedback_calls=193722 infer_wait=7371.506s infer_obs_pack=8.049s env_step=4962.298s feedback_total=35.062s feedback_obs_pack=11.290s feedback_info_pack=0.652s effective_fps=62.38
2026-09-28 14:46:18.862 | INFO     | plugrl_env_client.runner.rollout:log_timing_summary:98 - Intermediate rollout timing summary: env_steps=775253 infer_calls=194559 feedback_calls=194558 infer_wait=7385.550s infer_obs_pack=8.134s env_step=4977.280s feedback_total=35.043s feedback_obs_pack=11.416s feedback_info_pack=0.600s effective_fps=62.49
2026-09-28 14:46:18.863 | INFO     | plugrl_env_client.runner.rollout:log_timing_summary:98 - Intermediate rollout timing summary: env_steps=775233 infer_calls=194559 feedback_calls=194558 infer_wait=7394.792s infer_obs_pack=8.197s env_step=4968.676s feedback_total=35.236s feedback_obs_pack=11.627s feedback_info_pack=0.612s effective_fps=62.48
2026-09-28 14:46:18.870 | INFO     | plugrl_env_client.runner.rollout:log_timing_summary:98 - Intermediate rollout timing summary: env_steps=775366 infer_calls=194561 feedback_calls=194560 infer_wait=7379.849s infer_obs_pack=8.084s env_step=4983.652s feedback_total=35.216s feedback_obs_pack=11.341s feedback_info_pack=0.655s effective_fps=62.50
2026-09-28 14:46:48.865 | INFO     | plugrl_env_client.runner.rollout:log_timing_summary:98 - Intermediate rollout timing summary: env_steps=778506 infer_calls=195373 feedback_calls=195372 infer_wait=7393.513s infer_obs_pack=8.167s env_step=4999.026s feedback_total=35.187s feedback_obs_pack=11.463s feedback_info_pack=0.602s effective_fps=62.60
2026-09-28 14:46:48.867 | INFO     | plugrl_env_client.runner.rollout:log_timing_summary:98 - Intermediate rollout timing summary: env_steps=778481 infer_calls=195373 feedback_calls=195372 infer_wait=7403.590s infer_obs_pack=8.231s env_step=4989.580s feedback_total=35.382s feedback_obs_pack=11.675s feedback_info_pack=0.614s effective_fps=62.60
2026-09-28 14:46:48.871 | INFO     | plugrl_env_client.runner.rollout:log_timing_summary:98 - Intermediate rollout timing summary: env_steps=778614 infer_calls=195375 feedback_calls=195375 infer_wait=7388.267s infer_obs_pack=8.120s env_step=5004.937s feedback_total=35.359s feedback_obs_pack=11.387s feedback_info_pack=0.658s effective_fps=62.61
2026-09-28 14:49:04.922 | INFO     | plugrl_env_client.runner.rollout:log_timing_summary:98 - Intermediate rollout timing summary: env_steps=781017 infer_calls=196002 feedback_calls=196001 infer_wait=7512.969s infer_obs_pack=8.193s env_step=5015.394s feedback_total=35.299s feedback_obs_pack=11.499s feedback_info_pack=0.604s effective_fps=62.12
2026-09-28 14:49:04.927 | INFO     | plugrl_env_client.runner.rollout:log_timing_summary:98 - Intermediate rollout timing summary: env_steps=781114 infer_calls=196004 feedback_calls=196003 infer_wait=7508.002s infer_obs_pack=8.146s env_step=5021.017s feedback_total=35.475s feedback_obs_pack=11.423s feedback_info_pack=0.660s effective_fps=62.13
2026-09-28 14:49:04.930 | INFO     | plugrl_env_client.runner.rollout:log_timing_summary:98 - Intermediate rollout timing summary: env_steps=780987 infer_calls=196002 feedback_calls=196001 infer_wait=7523.256s infer_obs_pack=8.258s env_step=5005.735s feedback_total=35.500s feedback_obs_pack=11.718s feedback_info_pack=0.616s effective_fps=62.12
2026-09-28 14:49:34.924 | INFO     | plugrl_env_client.runner.rollout:log_timing_summary:98 - Intermediate rollout timing summary: env_steps=784379 infer_calls=196846 feedback_calls=196845 infer_wait=7521.197s infer_obs_pack=8.231s env_step=5036.842s feedback_total=35.457s feedback_obs_pack=11.547s feedback_info_pack=0.607s effective_fps=62.24
2026-09-28 14:49:34.931 | INFO     | plugrl_env_client.runner.rollout:log_timing_summary:98 - Intermediate rollout timing summary: env_steps=784487 infer_calls=196848 feedback_calls=196847 infer_wait=7515.985s infer_obs_pack=8.181s env_step=5042.721s feedback_total=35.632s feedback_obs_pack=11.472s feedback_info_pack=0.662s effective_fps=62.25
2026-09-28 14:49:34.934 | INFO     | plugrl_env_client.runner.rollout:log_timing_summary:98 - Intermediate rollout timing summary: env_steps=784355 infer_calls=196846 feedback_calls=196845 infer_wait=7531.928s infer_obs_pack=8.293s env_step=5026.745s feedback_total=35.658s feedback_obs_pack=11.771s feedback_info_pack=0.619s effective_fps=62.24
2026-09-28 14:50:04.924 | INFO     | plugrl_env_client.runner.rollout:log_timing_summary:98 - Intermediate rollout timing summary: env_steps=787808 infer_calls=197705 feedback_calls=197704 infer_wait=7529.383s infer_obs_pack=8.266s env_step=5058.341s feedback_total=35.610s feedback_obs_pack=11.596s feedback_info_pack=0.609s effective_fps=62.37
2026-09-28 14:50:04.933 | INFO     | plugrl_env_client.runner.rollout:log_timing_summary:98 - Intermediate rollout timing summary: env_steps=787907 infer_calls=197707 feedback_calls=197706 infer_wait=7524.466s infer_obs_pack=8.216s env_step=5063.916s feedback_total=35.787s feedback_obs_pack=11.521s feedback_info_pack=0.665s effective_fps=62.37
2026-09-28 14:50:04.938 | INFO     | plugrl_env_client.runner.rollout:log_timing_summary:98 - Intermediate rollout timing summary: env_steps=787783 infer_calls=197705 feedback_calls=197704 infer_wait=7539.935s infer_obs_pack=8.330s env_step=5048.419s feedback_total=35.815s feedback_obs_pack=11.822s feedback_info_pack=0.622s effective_fps=62.36
2026-09-28 14:50:34.927 | INFO     | plugrl_env_client.runner.rollout:log_timing_summary:98 - Intermediate rollout timing summary: env_steps=791124 infer_calls=198536 feedback_calls=198536 infer_wait=7537.659s infer_obs_pack=8.301s env_step=5079.754s feedback_total=35.762s feedback_obs_pack=11.644s feedback_info_pack=0.612s effective_fps=62.48
2026-09-28 14:50:34.940 | INFO     | plugrl_env_client.runner.rollout:log_timing_summary:98 - Intermediate rollout timing summary: env_steps=791228 infer_calls=198539 feedback_calls=198538 infer_wait=7532.923s infer_obs_pack=8.251s env_step=5085.154s feedback_total=35.937s feedback_obs_pack=11.569s feedback_info_pack=0.668s effective_fps=62.49
2026-09-28 14:50:34.941 | INFO     | plugrl_env_client.runner.rollout:log_timing_summary:98 - Intermediate rollout timing summary: env_steps=791095 infer_calls=198537 feedback_calls=198536 infer_wait=7548.191s infer_obs_pack=8.364s env_step=5069.856s feedback_total=35.963s feedback_obs_pack=11.871s feedback_info_pack=0.624s effective_fps=62.48
2026-09-28 14:51:04.936 | INFO     | plugrl_env_client.runner.rollout:log_timing_summary:98 - Intermediate rollout timing summary: env_steps=794396 infer_calls=199357 feedback_calls=199356 infer_wait=7545.828s infer_obs_pack=8.335s env_step=5101.289s feedback_total=35.909s feedback_obs_pack=11.690s feedback_info_pack=0.614s effective_fps=62.59
2026-09-28 14:51:04.944 | INFO     | plugrl_env_client.runner.rollout:log_timing_summary:98 - Intermediate rollout timing summary: env_steps=794369 infer_calls=199357 feedback_calls=199356 infer_wait=7556.964s infer_obs_pack=8.399s env_step=5090.781s feedback_total=36.109s feedback_obs_pack=11.920s feedback_info_pack=0.627s effective_fps=62.59
2026-09-28 14:51:04.945 | INFO     | plugrl_env_client.runner.rollout:log_timing_summary:98 - Intermediate rollout timing summary: env_steps=794497 infer_calls=199359 feedback_calls=199358 infer_wait=7541.187s infer_obs_pack=8.284s env_step=5106.583s feedback_total=36.086s feedback_obs_pack=11.616s feedback_info_pack=0.671s effective_fps=62.60
2026-09-28 14:53:21.294 | INFO     | plugrl_env_client.runner.rollout:log_timing_summary:98 - Intermediate rollout timing summary: env_steps=796939 infer_calls=200002 feedback_calls=200001 infer_wait=7676.659s infer_obs_pack=8.426s env_step=5107.189s feedback_total=36.233s feedback_obs_pack=11.958s feedback_info_pack=0.629s effective_fps=62.12
2026-09-28 14:53:21.295 | INFO     | plugrl_env_client.runner.rollout:log_timing_summary:98 - Intermediate rollout timing summary: env_steps=797066 infer_calls=200004 feedback_calls=200003 infer_wait=7660.524s infer_obs_pack=8.311s env_step=5123.354s feedback_total=36.206s feedback_obs_pack=11.653s feedback_info_pack=0.673s effective_fps=62.13
2026-09-28 14:53:21.296 | INFO     | plugrl_env_client.runner.rollout:log_timing_summary:98 - Intermediate rollout timing summary: env_steps=796971 infer_calls=200002 feedback_calls=200001 infer_wait=7664.822s infer_obs_pack=8.362s env_step=5118.416s feedback_total=36.022s feedback_obs_pack=11.728s feedback_info_pack=0.616s effective_fps=62.13
2026-09-28 14:53:51.297 | INFO     | plugrl_env_client.runner.rollout:log_timing_summary:98 - Intermediate rollout timing summary: env_steps=800442 infer_calls=200850 feedback_calls=200849 infer_wait=7668.483s infer_obs_pack=8.346s env_step=5145.076s feedback_total=36.363s feedback_obs_pack=11.701s feedback_info_pack=0.676s effective_fps=62.25
2026-09-28 14:53:51.297 | INFO     | plugrl_env_client.runner.rollout:log_timing_summary:98 - Intermediate rollout timing summary: env_steps=800344 infer_calls=200848 feedback_calls=200847 infer_wait=7673.042s infer_obs_pack=8.396s env_step=5139.877s feedback_total=36.178s feedback_obs_pack=11.777s feedback_info_pack=0.619s effective_fps=62.25
2026-09-28 14:53:51.297 | INFO     | plugrl_env_client.runner.rollout:log_timing_summary:98 - Intermediate rollout timing summary: env_steps=800314 infer_calls=200848 feedback_calls=200847 infer_wait=7684.855s infer_obs_pack=8.461s env_step=5128.679s feedback_total=36.387s feedback_obs_pack=12.008s feedback_info_pack=0.631s effective_fps=62.24
2026-09-28 14:54:21.301 | INFO     | plugrl_env_client.runner.rollout:log_timing_summary:98 - Intermediate rollout timing summary: env_steps=803730 infer_calls=201705 feedback_calls=201704 infer_wait=7693.047s infer_obs_pack=8.498s env_step=5150.167s feedback_total=36.548s feedback_obs_pack=12.059s feedback_info_pack=0.634s effective_fps=62.36
2026-09-28 14:54:21.301 | INFO     | plugrl_env_client.runner.rollout:log_timing_summary:98 - Intermediate rollout timing summary: env_steps=803762 infer_calls=201705 feedback_calls=201705 infer_wait=7681.286s infer_obs_pack=8.432s env_step=5161.312s feedback_total=36.336s feedback_obs_pack=11.826s feedback_info_pack=0.621s effective_fps=62.37
2026-09-28 14:54:21.318 | INFO     | plugrl_env_client.runner.rollout:log_timing_summary:98 - Intermediate rollout timing summary: env_steps=803858 infer_calls=201708 feedback_calls=201707 infer_wait=7676.471s infer_obs_pack=8.382s env_step=5166.780s feedback_total=36.523s feedback_obs_pack=11.752s feedback_info_pack=0.679s effective_fps=62.37
2026-09-28 14:54:51.305 | INFO     | plugrl_env_client.runner.rollout:log_timing_summary:98 - Intermediate rollout timing summary: env_steps=807053 infer_calls=202531 feedback_calls=202531 infer_wait=7689.854s infer_obs_pack=8.466s env_step=5182.438s feedback_total=36.484s feedback_obs_pack=11.873s feedback_info_pack=0.624s effective_fps=62.48
2026-09-28 14:54:51.315 | INFO     | plugrl_env_client.runner.rollout:log_timing_summary:98 - Intermediate rollout timing summary: env_steps=807024 infer_calls=202532 feedback_calls=202531 infer_wait=7701.527s infer_obs_pack=8.532s env_step=5171.389s feedback_total=36.696s feedback_obs_pack=12.107s feedback_info_pack=0.637s effective_fps=62.47
2026-09-28 14:54:51.323 | INFO     | plugrl_env_client.runner.rollout:log_timing_summary:98 - Intermediate rollout timing summary: env_steps=807154 infer_calls=202534 feedback_calls=202533 infer_wait=7684.769s infer_obs_pack=8.416s env_step=5188.175s feedback_total=36.675s feedback_obs_pack=11.804s feedback_info_pack=0.682s effective_fps=62.48
2026-09-28 14:55:21.305 | INFO     | plugrl_env_client.runner.rollout:log_timing_summary:98 - Intermediate rollout timing summary: env_steps=810312 infer_calls=203349 feedback_calls=203348 infer_wait=7698.647s infer_obs_pack=8.500s env_step=5203.342s feedback_total=36.627s feedback_obs_pack=11.920s feedback_info_pack=0.626s effective_fps=62.59
2026-09-28 14:55:21.318 | INFO     | plugrl_env_client.runner.rollout:log_timing_summary:98 - Intermediate rollout timing summary: env_steps=810284 infer_calls=203349 feedback_calls=203348 infer_wait=7710.251s infer_obs_pack=8.566s env_step=5192.364s feedback_total=36.845s feedback_obs_pack=12.155s feedback_info_pack=0.639s effective_fps=62.58
2026-09-28 14:55:21.324 | INFO     | plugrl_env_client.runner.rollout:log_timing_summary:98 - Intermediate rollout timing summary: env_steps=810419 infer_calls=203351 feedback_calls=203351 infer_wait=7692.849s infer_obs_pack=8.450s env_step=5209.798s feedback_total=36.822s feedback_obs_pack=11.851s feedback_info_pack=0.685s effective_fps=62.59
2026-09-28 14:57:37.972 | INFO     | plugrl_env_client.runner.rollout:log_timing_summary:98 - Intermediate rollout timing summary: env_steps=812917 infer_calls=204002 feedback_calls=204001 infer_wait=7818.142s infer_obs_pack=8.526s env_step=5220.273s feedback_total=36.742s feedback_obs_pack=11.957s feedback_info_pack=0.628s effective_fps=62.13
2026-09-28 14:57:37.975 | INFO     | plugrl_env_client.runner.rollout:log_timing_summary:98 - Intermediate rollout timing summary: env_steps=813018 infer_calls=204004 feedback_calls=204003 infer_wait=7812.409s infer_obs_pack=8.477s env_step=5226.645s feedback_total=36.938s feedback_obs_pack=11.888s feedback_info_pack=0.688s effective_fps=62.14
2026-09-28 14:57:37.975 | INFO     | plugrl_env_client.runner.rollout:log_timing_summary:98 - Intermediate rollout timing summary: env_steps=812886 infer_calls=204002 feedback_calls=204001 infer_wait=7829.826s infer_obs_pack=8.594s env_step=5209.207s feedback_total=36.961s feedback_obs_pack=12.194s feedback_info_pack=0.641s effective_fps=62.13
2026-09-28 14:58:07.977 | INFO     | plugrl_env_client.runner.rollout:log_timing_summary:98 - Intermediate rollout timing summary: env_steps=816405 infer_calls=204853 feedback_calls=204852 infer_wait=7820.586s infer_obs_pack=8.511s env_step=5248.150s feedback_total=37.092s feedback_obs_pack=11.937s feedback_info_pack=0.690s effective_fps=62.25
2026-09-28 14:58:07.978 | INFO     | plugrl_env_client.runner.rollout:log_timing_summary:98 - Intermediate rollout timing summary: env_steps=816297 infer_calls=204851 feedback_calls=204850 infer_wait=7826.852s infer_obs_pack=8.561s env_step=5241.255s feedback_total=36.891s feedback_obs_pack=12.006s feedback_info_pack=0.631s effective_fps=62.25
2026-09-28 14:58:07.980 | INFO     | plugrl_env_client.runner.rollout:log_timing_summary:98 - Intermediate rollout timing summary: env_steps=816274 infer_calls=204851 feedback_calls=204850 infer_wait=7837.461s infer_obs_pack=8.629s env_step=5231.265s feedback_total=37.116s feedback_obs_pack=12.246s feedback_info_pack=0.644s effective_fps=62.24
2026-09-28 14:58:37.981 | INFO     | plugrl_env_client.runner.rollout:log_timing_summary:98 - Intermediate rollout timing summary: env_steps=819720 infer_calls=205684 feedback_calls=205683 infer_wait=7828.860s infer_obs_pack=8.545s env_step=5269.571s feedback_total=37.248s feedback_obs_pack=11.988s feedback_info_pack=0.693s effective_fps=62.36
2026-09-28 14:58:37.983 | INFO     | plugrl_env_client.runner.rollout:log_timing_summary:98 - Intermediate rollout timing summary: env_steps=819585 infer_calls=205682 feedback_calls=205681 infer_wait=7845.461s infer_obs_pack=8.664s env_step=5252.957s feedback_total=37.267s feedback_obs_pack=12.295s feedback_info_pack=0.646s effective_fps=62.35
2026-09-28 14:58:37.983 | INFO     | plugrl_env_client.runner.rollout:log_timing_summary:98 - Intermediate rollout timing summary: env_steps=819609 infer_calls=205682 feedback_calls=205681 infer_wait=7835.637s infer_obs_pack=8.595s env_step=5262.159s feedback_total=37.041s feedback_obs_pack=12.053s feedback_info_pack=0.633s effective_fps=62.36
2026-09-28 14:59:07.986 | INFO     | plugrl_env_client.runner.rollout:log_timing_summary:98 - Intermediate rollout timing summary: env_steps=822967 infer_calls=206499 feedback_calls=206499 infer_wait=7836.979s infer_obs_pack=8.579s env_step=5291.152s feedback_total=37.396s feedback_obs_pack=12.034s feedback_info_pack=0.696s effective_fps=62.47
2026-09-28 14:59:08.000 | INFO     | plugrl_env_client.runner.rollout:log_timing_summary:98 - Intermediate rollout timing summary: env_steps=822858 infer_calls=206498 feedback_calls=206497 infer_wait=7844.176s infer_obs_pack=8.629s env_step=5283.326s feedback_total=37.189s feedback_obs_pack=12.101s feedback_info_pack=0.635s effective_fps=62.46
2026-09-28 14:59:08.006 | INFO     | plugrl_env_client.runner.rollout:log_timing_summary:98 - Intermediate rollout timing summary: env_steps=822844 infer_calls=206498 feedback_calls=206497 infer_wait=7854.070s infer_obs_pack=8.703s env_step=5274.071s feedback_total=37.413s feedback_obs_pack=12.344s feedback_info_pack=0.649s effective_fps=62.46
2026-09-28 14:59:37.991 | INFO     | plugrl_env_client.runner.rollout:log_timing_summary:98 - Intermediate rollout timing summary: env_steps=826219 infer_calls=207315 feedback_calls=207314 infer_wait=7845.328s infer_obs_pack=8.613s env_step=5312.502s feedback_total=37.547s feedback_obs_pack=12.081s feedback_info_pack=0.699s effective_fps=62.57
2026-09-28 14:59:38.006 | INFO     | plugrl_env_client.runner.rollout:log_timing_summary:98 - Intermediate rollout timing summary: env_steps=826102 infer_calls=207313 feedback_calls=207312 infer_wait=7853.179s infer_obs_pack=8.663s env_step=5304.017s feedback_total=37.338s feedback_obs_pack=12.148s feedback_info_pack=0.638s effective_fps=62.57
2026-09-28 14:59:38.009 | INFO     | plugrl_env_client.runner.rollout:log_timing_summary:98 - Intermediate rollout timing summary: env_steps=826096 infer_calls=207313 feedback_calls=207313 infer_wait=7862.372s infer_obs_pack=8.737s env_step=5295.466s feedback_total=37.560s feedback_obs_pack=12.392s feedback_info_pack=0.651s effective_fps=62.56
2026-09-28 15:01:55.396 | INFO     | plugrl_env_client.runner.rollout:log_timing_summary:98 - Intermediate rollout timing summary: env_steps=828846 infer_calls=208002 feedback_calls=208001 infer_wait=7973.204s infer_obs_pack=8.692s env_step=5321.120s feedback_total=37.462s feedback_obs_pack=12.191s feedback_info_pack=0.640s effective_fps=62.13
2026-09-28 15:01:55.396 | INFO     | plugrl_env_client.runner.rollout:log_timing_summary:98 - Intermediate rollout timing summary: env_steps=828835 infer_calls=208002 feedback_calls=208001 infer_wait=7981.700s infer_obs_pack=8.765s env_step=5313.274s feedback_total=37.678s feedback_obs_pack=12.432s feedback_info_pack=0.653s effective_fps=62.12
2026-09-28 15:01:55.399 | INFO     | plugrl_env_client.runner.rollout:log_timing_summary:98 - Intermediate rollout timing summary: env_steps=828964 infer_calls=208004 feedback_calls=208003 infer_wait=7965.279s infer_obs_pack=8.643s env_step=5329.701s feedback_total=37.670s feedback_obs_pack=12.120s feedback_info_pack=0.701s effective_fps=62.14
2026-09-28 15:02:25.400 | INFO     | plugrl_env_client.runner.rollout:log_timing_summary:98 - Intermediate rollout timing summary: env_steps=832218 infer_calls=208847 feedback_calls=208846 infer_wait=7981.337s infer_obs_pack=8.727s env_step=5342.678s feedback_total=37.617s feedback_obs_pack=12.239s feedback_info_pack=0.643s effective_fps=62.24
2026-09-28 15:02:25.403 | INFO     | plugrl_env_client.runner.rollout:log_timing_summary:98 - Intermediate rollout timing summary: env_steps=832332 infer_calls=208849 feedback_calls=208849 infer_wait=7973.811s infer_obs_pack=8.680s env_step=5350.852s feedback_total=37.824s feedback_obs_pack=12.168s feedback_info_pack=0.704s effective_fps=62.25
2026-09-28 15:02:25.420 | INFO     | plugrl_env_client.runner.rollout:log_timing_summary:98 - Intermediate rollout timing summary: env_steps=832213 infer_calls=208848 feedback_calls=208847 infer_wait=7989.680s infer_obs_pack=8.800s env_step=5335.003s feedback_total=37.839s feedback_obs_pack=12.485s feedback_info_pack=0.656s effective_fps=62.24
2026-09-28 15:02:55.401 | INFO     | plugrl_env_client.runner.rollout:log_timing_summary:98 - Intermediate rollout timing summary: env_steps=835539 infer_calls=209680 feedback_calls=209679 infer_wait=7989.984s infer_obs_pack=8.764s env_step=5363.713s feedback_total=37.767s feedback_obs_pack=12.287s feedback_info_pack=0.645s effective_fps=62.35
2026-09-28 15:02:55.404 | INFO     | plugrl_env_client.runner.rollout:log_timing_summary:98 - Intermediate rollout timing summary: env_steps=835645 infer_calls=209682 feedback_calls=209681 infer_wait=7982.204s infer_obs_pack=8.714s env_step=5372.147s feedback_total=37.975s feedback_obs_pack=12.216s feedback_info_pack=0.707s effective_fps=62.36
2026-09-28 15:02:55.429 | INFO     | plugrl_env_client.runner.rollout:log_timing_summary:98 - Intermediate rollout timing summary: env_steps=835538 infer_calls=209681 feedback_calls=209680 infer_wait=7997.694s infer_obs_pack=8.835s env_step=5356.687s feedback_total=37.995s feedback_obs_pack=12.537s feedback_info_pack=0.659s effective_fps=62.35
2026-09-28 15:03:25.401 | INFO     | plugrl_env_client.runner.rollout:log_timing_summary:98 - Intermediate rollout timing summary: env_steps=838847 infer_calls=210512 feedback_calls=210511 infer_wait=7998.468s infer_obs_pack=8.798s env_step=5384.921s feedback_total=37.909s feedback_obs_pack=12.334s feedback_info_pack=0.647s effective_fps=62.46
2026-09-28 15:03:25.408 | INFO     | plugrl_env_client.runner.rollout:log_timing_summary:98 - Intermediate rollout timing summary: env_steps=838966 infer_calls=210514 feedback_calls=210513 infer_wait=7990.440s infer_obs_pack=8.748s env_step=5393.608s feedback_total=38.126s feedback_obs_pack=12.264s feedback_info_pack=0.709s effective_fps=62.47
2026-09-28 15:03:25.431 | INFO     | plugrl_env_client.runner.rollout:log_timing_summary:98 - Intermediate rollout timing summary: env_steps=838852 infer_calls=210513 feedback_calls=210512 infer_wait=8006.363s infer_obs_pack=8.870s env_step=5377.712s feedback_total=38.141s feedback_obs_pack=12.586s feedback_info_pack=0.661s effective_fps=62.46
2026-09-28 15:03:55.414 | INFO     | plugrl_env_client.runner.rollout:log_timing_summary:98 - Intermediate rollout timing summary: env_steps=842259 infer_calls=211339 feedback_calls=211339 infer_wait=7998.844s infer_obs_pack=8.782s env_step=5414.909s feedback_total=38.271s feedback_obs_pack=12.311s feedback_info_pack=0.712s effective_fps=62.57
2026-09-28 15:03:55.425 | INFO     | plugrl_env_client.runner.rollout:log_timing_summary:98 - Intermediate rollout timing summary: env_steps=842141 infer_calls=211338 feedback_calls=211337 infer_wait=8006.437s infer_obs_pack=8.832s env_step=5406.672s feedback_total=38.054s feedback_obs_pack=12.382s feedback_info_pack=0.650s effective_fps=62.57
2026-09-28 15:03:55.432 | INFO     | plugrl_env_client.runner.rollout:log_timing_summary:98 - Intermediate rollout timing summary: env_steps=842136 infer_calls=211338 feedback_calls=211337 infer_wait=8015.295s infer_obs_pack=8.904s env_step=5398.480s feedback_total=38.283s feedback_obs_pack=12.634s feedback_info_pack=0.664s effective_fps=62.56
2026-09-28 15:06:12.193 | INFO     | plugrl_env_client.runner.rollout:log_timing_summary:98 - Intermediate rollout timing summary: env_steps=844904 infer_calls=212004 feedback_calls=212003 infer_wait=8117.978s infer_obs_pack=8.809s env_step=5432.309s feedback_total=38.386s feedback_obs_pack=12.349s feedback_info_pack=0.714s effective_fps=62.14
2026-09-28 15:06:12.195 | INFO     | plugrl_env_client.runner.rollout:log_timing_summary:98 - Intermediate rollout timing summary: env_steps=844777 infer_calls=212002 feedback_calls=212001 infer_wait=8135.137s infer_obs_pack=8.931s env_step=5415.154s feedback_total=38.400s feedback_obs_pack=12.673s feedback_info_pack=0.666s effective_fps=62.13
2026-09-28 15:06:12.198 | INFO     | plugrl_env_client.runner.rollout:log_timing_summary:98 - Intermediate rollout timing summary: env_steps=844784 infer_calls=212002 feedback_calls=212001 infer_wait=8126.058s infer_obs_pack=8.859s env_step=5423.577s feedback_total=38.169s feedback_obs_pack=12.420s feedback_info_pack=0.652s effective_fps=62.13
2026-09-28 15:06:42.198 | INFO     | plugrl_env_client.runner.rollout:log_timing_summary:98 - Intermediate rollout timing summary: env_steps=848317 infer_calls=212860 feedback_calls=212859 infer_wait=8126.190s infer_obs_pack=8.844s env_step=5453.788s feedback_total=38.538s feedback_obs_pack=12.398s feedback_info_pack=0.717s effective_fps=62.25
2026-09-28 15:06:42.198 | INFO     | plugrl_env_client.runner.rollout:log_timing_summary:98 - Intermediate rollout timing summary: env_steps=848190 infer_calls=212858 feedback_calls=212858 infer_wait=8143.305s infer_obs_pack=8.970s env_step=5436.663s feedback_total=38.560s feedback_obs_pack=12.724s feedback_info_pack=0.668s effective_fps=62.24
2026-09-28 15:06:42.200 | INFO     | plugrl_env_client.runner.rollout:log_timing_summary:98 - Intermediate rollout timing summary: env_steps=848201 infer_calls=212858 feedback_calls=212858 infer_wait=8134.177s infer_obs_pack=8.895s env_step=5445.137s feedback_total=38.329s feedback_obs_pack=12.470s feedback_info_pack=0.655s effective_fps=62.25
2026-09-28 15:07:12.198 | INFO     | plugrl_env_client.runner.rollout:log_timing_summary:98 - Intermediate rollout timing summary: env_steps=851548 infer_calls=213701 feedback_calls=213701 infer_wait=8151.622s infer_obs_pack=9.005s env_step=5458.026s feedback_total=38.713s feedback_obs_pack=12.773s feedback_info_pack=0.671s effective_fps=62.35
2026-09-28 15:07:12.199 | INFO     | plugrl_env_client.runner.rollout:log_timing_summary:98 - Intermediate rollout timing summary: env_steps=851678 infer_calls=213703 feedback_calls=213703 infer_wait=8134.448s infer_obs_pack=8.879s env_step=5475.218s feedback_total=38.690s feedback_obs_pack=12.447s feedback_info_pack=0.720s effective_fps=62.36
2026-09-28 15:07:12.206 | INFO     | plugrl_env_client.runner.rollout:log_timing_summary:98 - Intermediate rollout timing summary: env_steps=851566 infer_calls=213701 feedback_calls=213701 infer_wait=8142.240s infer_obs_pack=8.933s env_step=5466.761s feedback_total=38.482s feedback_obs_pack=12.518s feedback_info_pack=0.657s effective_fps=62.36
2026-09-28 15:07:42.201 | INFO     | plugrl_env_client.runner.rollout:log_timing_summary:98 - Intermediate rollout timing summary: env_steps=854991 infer_calls=214535 feedback_calls=214535 infer_wait=8142.928s infer_obs_pack=8.913s env_step=5496.438s feedback_total=38.833s feedback_obs_pack=12.495s feedback_info_pack=0.723s effective_fps=62.47
2026-09-28 15:07:42.216 | INFO     | plugrl_env_client.runner.rollout:log_timing_summary:98 - Intermediate rollout timing summary: env_steps=854869 infer_calls=214534 feedback_calls=214533 infer_wait=8159.800s infer_obs_pack=9.039s env_step=5479.564s feedback_total=38.860s feedback_obs_pack=12.822s feedback_info_pack=0.674s effective_fps=62.46
2026-09-28 15:07:42.219 | INFO     | plugrl_env_client.runner.rollout:log_timing_summary:98 - Intermediate rollout timing summary: env_steps=854885 infer_calls=214534 feedback_calls=214533 infer_wait=8150.937s infer_obs_pack=8.967s env_step=5487.773s feedback_total=38.625s feedback_obs_pack=12.566s feedback_info_pack=0.660s effective_fps=62.46
2026-09-28 15:08:12.212 | INFO     | plugrl_env_client.runner.rollout:log_timing_summary:98 - Intermediate rollout timing summary: env_steps=858248 infer_calls=215353 feedback_calls=215352 infer_wait=8151.652s infer_obs_pack=8.947s env_step=5517.421s feedback_total=38.975s feedback_obs_pack=12.541s feedback_info_pack=0.725s effective_fps=62.57
2026-09-28 15:08:12.219 | INFO     | plugrl_env_client.runner.rollout:log_timing_summary:98 - Intermediate rollout timing summary: env_steps=858131 infer_calls=215351 feedback_calls=215350 infer_wait=8168.308s infer_obs_pack=9.073s env_step=5500.756s feedback_total=39.007s feedback_obs_pack=12.871s feedback_info_pack=0.676s effective_fps=62.56
2026-09-28 15:08:12.222 | INFO     | plugrl_env_client.runner.rollout:log_timing_summary:98 - Intermediate rollout timing summary: env_steps=858147 infer_calls=215351 feedback_calls=215350 infer_wait=8159.857s infer_obs_pack=9.001s env_step=5508.550s feedback_total=38.769s feedback_obs_pack=12.614s feedback_info_pack=0.662s effective_fps=62.56
2026-09-28 15:10:29.615 | INFO     | plugrl_env_client.runner.rollout:log_timing_summary:98 - Intermediate rollout timing summary: env_steps=860739 infer_calls=216002 feedback_calls=216001 infer_wait=8280.229s infer_obs_pack=9.028s env_step=5525.329s feedback_total=38.880s feedback_obs_pack=12.651s feedback_info_pack=0.664s effective_fps=62.13
2026-09-28 15:10:29.623 | INFO     | plugrl_env_client.runner.rollout:log_timing_summary:98 - Intermediate rollout timing summary: env_steps=860726 infer_calls=216002 feedback_calls=216001 infer_wait=8288.860s infer_obs_pack=9.101s env_step=5517.364s feedback_total=39.125s feedback_obs_pack=12.909s feedback_info_pack=0.678s effective_fps=62.13
2026-09-28 15:10:29.625 | INFO     | plugrl_env_client.runner.rollout:log_timing_summary:98 - Intermediate rollout timing summary: env_steps=860841 infer_calls=216004 feedback_calls=216003 infer_wait=8271.969s infer_obs_pack=8.974s env_step=5534.273s feedback_total=39.091s feedback_obs_pack=12.579s feedback_info_pack=0.728s effective_fps=62.14
2026-09-28 15:10:59.620 | INFO     | plugrl_env_client.runner.rollout:log_timing_summary:98 - Intermediate rollout timing summary: env_steps=864013 infer_calls=216823 feedback_calls=216822 infer_wait=8288.693s infer_obs_pack=9.062s env_step=5546.547s feedback_total=39.034s feedback_obs_pack=12.700s feedback_info_pack=0.667s effective_fps=62.23
2026-09-28 15:10:59.628 | INFO     | plugrl_env_client.runner.rollout:log_timing_summary:98 - Intermediate rollout timing summary: env_steps=864002 infer_calls=216823 feedback_calls=216822 infer_wait=8297.160s infer_obs_pack=9.135s env_step=5538.757s feedback_total=39.278s feedback_obs_pack=12.961s feedback_info_pack=0.681s effective_fps=62.23
2026-09-28 15:10:59.630 | INFO     | plugrl_env_client.runner.rollout:log_timing_summary:98 - Intermediate rollout timing summary: env_steps=864120 infer_calls=216825 feedback_calls=216825 infer_wait=8280.205s infer_obs_pack=9.007s env_step=5555.731s feedback_total=39.241s feedback_obs_pack=12.628s feedback_info_pack=0.730s effective_fps=62.24
2026-09-28 15:11:29.626 | INFO     | plugrl_env_client.runner.rollout:log_timing_summary:98 - Intermediate rollout timing summary: env_steps=867313 infer_calls=217652 feedback_calls=217651 infer_wait=8296.957s infer_obs_pack=9.096s env_step=5567.969s feedback_total=39.187s feedback_obs_pack=12.749s feedback_info_pack=0.669s effective_fps=62.34
2026-09-28 15:11:29.629 | INFO     | plugrl_env_client.runner.rollout:log_timing_summary:98 - Intermediate rollout timing summary: env_steps=867313 infer_calls=217652 feedback_calls=217651 infer_wait=8305.608s infer_obs_pack=9.170s env_step=5560.000s feedback_total=39.427s feedback_obs_pack=13.011s feedback_info_pack=0.683s effective_fps=62.33
2026-09-28 15:11:29.634 | INFO     | plugrl_env_client.runner.rollout:log_timing_summary:98 - Intermediate rollout timing summary: env_steps=867432 infer_calls=217654 feedback_calls=217653 infer_wait=8288.583s infer_obs_pack=9.042s env_step=5577.052s feedback_total=39.390s feedback_obs_pack=12.676s feedback_info_pack=0.733s effective_fps=62.34
2026-09-28 15:11:59.630 | INFO     | plugrl_env_client.runner.rollout:log_timing_summary:98 - Intermediate rollout timing summary: env_steps=870551 infer_calls=218466 feedback_calls=218465 infer_wait=8305.381s infer_obs_pack=9.133s env_step=5589.240s feedback_total=39.330s feedback_obs_pack=12.796s feedback_info_pack=0.672s effective_fps=62.44
2026-09-28 15:11:59.630 | INFO     | plugrl_env_client.runner.rollout:log_timing_summary:98 - Intermediate rollout timing summary: env_steps=870558 infer_calls=218466 feedback_calls=218465 infer_wait=8314.177s infer_obs_pack=9.204s env_step=5581.127s feedback_total=39.570s feedback_obs_pack=13.060s feedback_info_pack=0.686s effective_fps=62.43
2026-09-28 15:11:59.637 | INFO     | plugrl_env_client.runner.rollout:log_timing_summary:98 - Intermediate rollout timing summary: env_steps=870677 infer_calls=218468 feedback_calls=218467 infer_wait=8297.373s infer_obs_pack=9.075s env_step=5597.959s feedback_total=39.534s feedback_obs_pack=12.726s feedback_info_pack=0.736s effective_fps=62.44
2026-09-28 15:12:29.633 | INFO     | plugrl_env_client.runner.rollout:log_timing_summary:98 - Intermediate rollout timing summary: env_steps=873847 infer_calls=219294 feedback_calls=219293 infer_wait=8313.957s infer_obs_pack=9.167s env_step=5610.354s feedback_total=39.475s feedback_obs_pack=12.843s feedback_info_pack=0.674s effective_fps=62.54
2026-09-28 15:12:29.638 | INFO     | plugrl_env_client.runner.rollout:log_timing_summary:98 - Intermediate rollout timing summary: env_steps=873981 infer_calls=219296 feedback_calls=219295 infer_wait=8305.949s infer_obs_pack=9.109s env_step=5619.080s feedback_total=39.681s feedback_obs_pack=12.773s feedback_info_pack=0.739s effective_fps=62.54
2026-09-28 15:12:29.639 | INFO     | plugrl_env_client.runner.rollout:log_timing_summary:98 - Intermediate rollout timing summary: env_steps=873861 infer_calls=219294 feedback_calls=219293 infer_wait=8322.428s infer_obs_pack=9.239s env_step=5602.575s feedback_total=39.720s feedback_obs_pack=13.108s feedback_info_pack=0.688s effective_fps=62.53
2026-09-28 15:14:47.243 | INFO     | plugrl_env_client.runner.rollout:log_timing_summary:98 - Intermediate rollout timing summary: env_steps=876681 infer_calls=220001 feedback_calls=220000 infer_wait=8441.805s infer_obs_pack=9.268s env_step=5620.537s feedback_total=39.845s feedback_obs_pack=13.150s feedback_info_pack=0.691s effective_fps=62.13
2026-09-28 15:14:47.245 | INFO     | plugrl_env_client.runner.rollout:log_timing_summary:98 - Intermediate rollout timing summary: env_steps=876800 infer_calls=220003 feedback_calls=220002 infer_wait=8425.006s infer_obs_pack=9.140s env_step=5637.367s feedback_total=39.806s feedback_obs_pack=12.813s feedback_info_pack=0.741s effective_fps=62.13
2026-09-28 15:14:47.245 | INFO     | plugrl_env_client.runner.rollout:log_timing_summary:98 - Intermediate rollout timing summary: env_steps=876664 infer_calls=220001 feedback_calls=220000 infer_wait=8433.151s infer_obs_pack=9.196s env_step=5628.508s feedback_total=39.602s feedback_obs_pack=12.887s feedback_info_pack=0.676s effective_fps=62.13
2026-09-28 15:15:17.248 | INFO     | plugrl_env_client.runner.rollout:log_timing_summary:98 - Intermediate rollout timing summary: env_steps=880133 infer_calls=220865 feedback_calls=220864 infer_wait=8450.024s infer_obs_pack=9.304s env_step=5642.000s feedback_total=40.005s feedback_obs_pack=13.201s feedback_info_pack=0.693s effective_fps=62.24
2026-09-28 15:15:17.250 | INFO     | plugrl_env_client.runner.rollout:log_timing_summary:98 - Intermediate rollout timing summary: env_steps=880112 infer_calls=220865 feedback_calls=220865 infer_wait=8441.215s infer_obs_pack=9.232s env_step=5650.126s feedback_total=39.752s feedback_obs_pack=12.937s feedback_info_pack=0.679s effective_fps=62.24
2026-09-28 15:15:17.251 | INFO     | plugrl_env_client.runner.rollout:log_timing_summary:98 - Intermediate rollout timing summary: env_steps=880240 infer_calls=220867 feedback_calls=220866 infer_wait=8433.280s infer_obs_pack=9.175s env_step=5658.772s feedback_total=39.966s feedback_obs_pack=12.863s feedback_info_pack=0.744s effective_fps=62.25
2026-09-28 15:15:47.253 | INFO     | plugrl_env_client.runner.rollout:log_timing_summary:98 - Intermediate rollout timing summary: env_steps=883467 infer_calls=221700 feedback_calls=221699 infer_wait=8458.266s infer_obs_pack=9.339s env_step=5663.455s feedback_total=40.157s feedback_obs_pack=13.251s feedback_info_pack=0.696s effective_fps=62.34
2026-09-28 15:15:47.257 | INFO     | plugrl_env_client.runner.rollout:log_timing_summary:98 - Intermediate rollout timing summary: env_steps=883566 infer_calls=221702 feedback_calls=221701 infer_wait=8441.685s infer_obs_pack=9.210s env_step=5680.064s feedback_total=40.117s feedback_obs_pack=12.911s feedback_info_pack=0.747s effective_fps=62.35
2026-09-28 15:15:47.260 | INFO     | plugrl_env_client.runner.rollout:log_timing_summary:98 - Intermediate rollout timing summary: env_steps=883438 infer_calls=221700 feedback_calls=221699 infer_wait=8449.519s infer_obs_pack=9.266s env_step=5671.523s feedback_total=39.902s feedback_obs_pack=12.985s feedback_info_pack=0.682s effective_fps=62.34
2026-09-28 15:16:17.259 | INFO     | plugrl_env_client.runner.rollout:log_timing_summary:98 - Intermediate rollout timing summary: env_steps=886719 infer_calls=222518 feedback_calls=222517 infer_wait=8467.214s infer_obs_pack=9.373s env_step=5684.202s feedback_total=40.302s feedback_obs_pack=13.299s feedback_info_pack=0.698s effective_fps=62.44
2026-09-28 15:16:17.263 | INFO     | plugrl_env_client.runner.rollout:log_timing_summary:98 - Intermediate rollout timing summary: env_steps=886825 infer_calls=222520 feedback_calls=222519 infer_wait=8450.098s infer_obs_pack=9.246s env_step=5701.347s feedback_total=40.265s feedback_obs_pack=12.961s feedback_info_pack=0.749s effective_fps=62.45
2026-09-28 15:16:17.266 | INFO     | plugrl_env_client.runner.rollout:log_timing_summary:98 - Intermediate rollout timing summary: env_steps=886700 infer_calls=222518 feedback_calls=222517 infer_wait=8457.843s infer_obs_pack=9.300s env_step=5692.906s feedback_total=40.043s feedback_obs_pack=13.032s feedback_info_pack=0.684s effective_fps=62.44
2026-09-28 15:16:47.259 | INFO     | plugrl_env_client.runner.rollout:log_timing_summary:98 - Intermediate rollout timing summary: env_steps=889979 infer_calls=223336 feedback_calls=223335 infer_wait=8475.790s infer_obs_pack=9.407s env_step=5705.315s feedback_total=40.448s feedback_obs_pack=13.349s feedback_info_pack=0.701s effective_fps=62.54
2026-09-28 15:16:47.266 | INFO     | plugrl_env_client.runner.rollout:log_timing_summary:98 - Intermediate rollout timing summary: env_steps=890090 infer_calls=223338 feedback_calls=223338 infer_wait=8458.548s infer_obs_pack=9.280s env_step=5722.595s feedback_total=40.411s feedback_obs_pack=13.008s feedback_info_pack=0.752s effective_fps=62.55
2026-09-28 15:16:47.285 | INFO     | plugrl_env_client.runner.rollout:log_timing_summary:98 - Intermediate rollout timing summary: env_steps=889961 infer_calls=223337 feedback_calls=223336 infer_wait=8466.191s infer_obs_pack=9.334s env_step=5714.274s feedback_total=40.185s feedback_obs_pack=13.080s feedback_info_pack=0.686s effective_fps=62.54
2026-09-28 15:19:04.615 | INFO     | plugrl_env_client.runner.rollout:log_timing_summary:98 - Intermediate rollout timing summary: env_steps=892628 infer_calls=224002 feedback_calls=224001 infer_wait=8596.155s infer_obs_pack=9.435s env_step=5722.059s feedback_total=40.564s feedback_obs_pack=13.388s feedback_info_pack=0.703s effective_fps=62.13
2026-09-28 15:19:04.615 | INFO     | plugrl_env_client.runner.rollout:log_timing_summary:98 - Intermediate rollout timing summary: env_steps=892619 infer_calls=224002 feedback_calls=224001 infer_wait=8585.777s infer_obs_pack=9.361s env_step=5731.772s feedback_total=40.306s feedback_obs_pack=13.119s feedback_info_pack=0.688s effective_fps=62.13
2026-09-28 15:19:04.616 | INFO     | plugrl_env_client.runner.rollout:log_timing_summary:98 - Intermediate rollout timing summary: env_steps=892738 infer_calls=224004 feedback_calls=224003 infer_wait=8578.813s infer_obs_pack=9.307s env_step=5739.435s feedback_total=40.527s feedback_obs_pack=13.047s feedback_info_pack=0.754s effective_fps=62.13
2026-09-28 15:19:34.617 | INFO     | plugrl_env_client.runner.rollout:log_timing_summary:98 - Intermediate rollout timing summary: env_steps=896070 infer_calls=224866 feedback_calls=224865 infer_wait=8604.536s infer_obs_pack=9.471s env_step=5743.351s feedback_total=40.722s feedback_obs_pack=13.440s feedback_info_pack=0.706s effective_fps=62.24
2026-09-28 15:19:34.617 | INFO     | plugrl_env_client.runner.rollout:log_timing_summary:98 - Intermediate rollout timing summary: env_steps=896183 infer_calls=224868 feedback_calls=224867 infer_wait=8586.757s infer_obs_pack=9.344s env_step=5761.166s feedback_total=40.684s feedback_obs_pack=13.097s feedback_info_pack=0.757s effective_fps=62.24
2026-09-28 15:19:34.619 | INFO     | plugrl_env_client.runner.rollout:log_timing_summary:98 - Intermediate rollout timing summary: env_steps=896062 infer_calls=224866 feedback_calls=224865 infer_wait=8593.935s infer_obs_pack=9.399s env_step=5753.289s feedback_total=40.462s feedback_obs_pack=13.169s feedback_info_pack=0.691s effective_fps=62.24
2026-09-28 15:20:04.622 | INFO     | plugrl_env_client.runner.rollout:log_timing_summary:98 - Intermediate rollout timing summary: env_steps=899356 infer_calls=225693 feedback_calls=225693 infer_wait=8613.167s infer_obs_pack=9.505s env_step=5764.409s feedback_total=40.872s feedback_obs_pack=13.489s feedback_info_pack=0.708s effective_fps=62.33
2026-09-28 15:20:04.634 | INFO     | plugrl_env_client.runner.rollout:log_timing_summary:98 - Intermediate rollout timing summary: env_steps=899364 infer_calls=225694 feedback_calls=225693 infer_wait=8602.118s infer_obs_pack=9.433s env_step=5774.814s feedback_total=40.610s feedback_obs_pack=13.217s feedback_info_pack=0.693s effective_fps=62.34
2026-09-28 15:20:04.637 | INFO     | plugrl_env_client.runner.rollout:log_timing_summary:98 - Intermediate rollout timing summary: env_steps=899483 infer_calls=225696 feedback_calls=225695 infer_wait=8595.227s infer_obs_pack=9.378s env_step=5782.411s feedback_total=40.831s feedback_obs_pack=13.145s feedback_info_pack=0.760s effective_fps=62.34
2026-09-28 15:20:34.625 | INFO     | plugrl_env_client.runner.rollout:log_timing_summary:98 - Intermediate rollout timing summary: env_steps=902630 infer_calls=226513 feedback_calls=226513 infer_wait=8621.181s infer_obs_pack=9.539s env_step=5786.095s feedback_total=41.020s feedback_obs_pack=13.538s feedback_info_pack=0.711s effective_fps=62.43
2026-09-28 15:20:34.646 | INFO     | plugrl_env_client.runner.rollout:log_timing_summary:98 - Intermediate rollout timing summary: env_steps=902748 infer_calls=226516 feedback_calls=226515 infer_wait=8603.873s infer_obs_pack=9.412s env_step=5803.473s feedback_total=40.976s feedback_obs_pack=13.192s feedback_info_pack=0.763s effective_fps=62.44
2026-09-28 15:20:34.647 | INFO     | plugrl_env_client.runner.rollout:log_timing_summary:98 - Intermediate rollout timing summary: env_steps=902626 infer_calls=226514 feedback_calls=226513 infer_wait=8611.016s infer_obs_pack=9.470s env_step=5795.610s feedback_total=40.757s feedback_obs_pack=13.265s feedback_info_pack=0.696s effective_fps=62.44
2026-09-28 15:21:04.632 | INFO     | plugrl_env_client.runner.rollout:log_timing_summary:98 - Intermediate rollout timing summary: env_steps=905892 infer_calls=227333 feedback_calls=227332 infer_wait=8629.921s infer_obs_pack=9.573s env_step=5807.050s feedback_total=41.164s feedback_obs_pack=13.587s feedback_info_pack=0.713s effective_fps=62.53
2026-09-28 15:21:04.647 | INFO     | plugrl_env_client.runner.rollout:log_timing_summary:98 - Intermediate rollout timing summary: env_steps=906021 infer_calls=227335 feedback_calls=227334 infer_wait=8612.099s infer_obs_pack=9.446s env_step=5824.950s feedback_total=41.119s feedback_obs_pack=13.239s feedback_info_pack=0.765s effective_fps=62.54
2026-09-28 15:21:04.647 | INFO     | plugrl_env_client.runner.rollout:log_timing_summary:98 - Intermediate rollout timing summary: env_steps=905896 infer_calls=227333 feedback_calls=227332 infer_wait=8619.393s infer_obs_pack=9.505s env_step=5816.927s feedback_total=40.902s feedback_obs_pack=13.312s feedback_info_pack=0.698s effective_fps=62.53
2026-09-28 15:23:22.276 | INFO     | plugrl_env_client.runner.rollout:log_timing_summary:98 - Intermediate rollout timing summary: env_steps=908563 infer_calls=228002 feedback_calls=228001 infer_wait=8749.983s infer_obs_pack=9.601s env_step=5824.386s feedback_total=41.284s feedback_obs_pack=13.630s feedback_info_pack=0.715s effective_fps=62.12
2026-09-28 15:23:22.279 | INFO     | plugrl_env_client.runner.rollout:log_timing_summary:98 - Intermediate rollout timing summary: env_steps=908681 infer_calls=228004 feedback_calls=228003 infer_wait=8732.255s infer_obs_pack=9.474s env_step=5842.180s feedback_total=41.236s feedback_obs_pack=13.278s feedback_info_pack=0.768s effective_fps=62.13
2026-09-28 15:23:22.280 | INFO     | plugrl_env_client.runner.rollout:log_timing_summary:98 - Intermediate rollout timing summary: env_steps=908556 infer_calls=228002 feedback_calls=228001 infer_wait=8739.727s infer_obs_pack=9.534s env_step=5833.964s feedback_total=41.019s feedback_obs_pack=13.351s feedback_info_pack=0.700s effective_fps=62.13
2026-09-28 15:23:52.291 | INFO     | plugrl_env_client.runner.rollout:log_timing_summary:98 - Intermediate rollout timing summary: env_steps=911859 infer_calls=228831 feedback_calls=228830 infer_wait=8748.108s infer_obs_pack=9.567s env_step=5855.277s feedback_total=41.171s feedback_obs_pack=13.399s feedback_info_pack=0.703s effective_fps=62.23
2026-09-28 15:23:52.294 | INFO     | plugrl_env_client.runner.rollout:log_timing_summary:98 - Intermediate rollout timing summary: env_steps=911984 infer_calls=228833 feedback_calls=228832 infer_wait=8740.334s infer_obs_pack=9.508s env_step=5863.811s feedback_total=41.383s feedback_obs_pack=13.326s feedback_info_pack=0.770s effective_fps=62.23
2026-09-28 15:23:52.294 | INFO     | plugrl_env_client.runner.rollout:log_timing_summary:98 - Intermediate rollout timing summary: env_steps=911874 infer_calls=228831 feedback_calls=228830 infer_wait=8758.229s infer_obs_pack=9.637s env_step=5845.842s feedback_total=41.440s feedback_obs_pack=13.679s feedback_info_pack=0.718s effective_fps=62.22
2026-09-28 15:24:22.298 | INFO     | plugrl_env_client.runner.rollout:log_timing_summary:98 - Intermediate rollout timing summary: env_steps=915133 infer_calls=229649 feedback_calls=229648 infer_wait=8766.894s infer_obs_pack=9.672s env_step=5866.875s feedback_total=41.585s feedback_obs_pack=13.728s feedback_info_pack=0.720s effective_fps=62.32
2026-09-28 15:24:22.300 | INFO     | plugrl_env_client.runner.rollout:log_timing_summary:98 - Intermediate rollout timing summary: env_steps=915248 infer_calls=229651 feedback_calls=229650 infer_wait=8748.339s infer_obs_pack=9.545s env_step=5885.507s feedback_total=41.531s feedback_obs_pack=13.375s feedback_info_pack=0.773s effective_fps=62.33
2026-09-28 15:24:22.301 | INFO     | plugrl_env_client.runner.rollout:log_timing_summary:98 - Intermediate rollout timing summary: env_steps=915122 infer_calls=229649 feedback_calls=229648 infer_wait=8756.735s infer_obs_pack=9.601s env_step=5876.348s feedback_total=41.321s feedback_obs_pack=13.447s feedback_info_pack=0.706s effective_fps=62.32
2026-09-28 15:24:52.301 | INFO     | plugrl_env_client.runner.rollout:log_timing_summary:98 - Intermediate rollout timing summary: env_steps=918563 infer_calls=230480 feedback_calls=230479 infer_wait=8756.346s infer_obs_pack=9.580s env_step=5907.196s feedback_total=41.678s feedback_obs_pack=13.424s feedback_info_pack=0.776s effective_fps=62.42
2026-09-28 15:24:52.305 | INFO     | plugrl_env_client.runner.rollout:log_timing_summary:98 - Intermediate rollout timing summary: env_steps=918433 infer_calls=230478 feedback_calls=230477 infer_wait=8775.740s infer_obs_pack=9.707s env_step=5887.729s feedback_total=41.728s feedback_obs_pack=13.777s feedback_info_pack=0.723s effective_fps=62.42
2026-09-28 15:24:52.307 | INFO     | plugrl_env_client.runner.rollout:log_timing_summary:98 - Intermediate rollout timing summary: env_steps=918430 infer_calls=230478 feedback_calls=230477 infer_wait=8765.360s infer_obs_pack=9.637s env_step=5897.419s feedback_total=41.468s feedback_obs_pack=13.495s feedback_info_pack=0.708s effective_fps=62.42
2026-09-28 15:25:22.305 | INFO     | plugrl_env_client.runner.rollout:log_timing_summary:98 - Intermediate rollout timing summary: env_steps=921672 infer_calls=231291 feedback_calls=231290 infer_wait=8783.947s infer_obs_pack=9.740s env_step=5909.216s feedback_total=41.876s feedback_obs_pack=13.828s feedback_info_pack=0.725s effective_fps=62.51
2026-09-28 15:25:22.305 | INFO     | plugrl_env_client.runner.rollout:log_timing_summary:98 - Intermediate rollout timing summary: env_steps=921801 infer_calls=231293 feedback_calls=231292 infer_wait=8765.159s infer_obs_pack=9.615s env_step=5928.074s feedback_total=41.822s feedback_obs_pack=13.473s feedback_info_pack=0.779s effective_fps=62.52
2026-09-28 15:25:22.310 | INFO     | plugrl_env_client.runner.rollout:log_timing_summary:98 - Intermediate rollout timing summary: env_steps=921665 infer_calls=231291 feedback_calls=231290 infer_wait=8773.967s infer_obs_pack=9.671s env_step=5918.505s feedback_total=41.614s feedback_obs_pack=13.542s feedback_info_pack=0.711s effective_fps=62.51
2026-09-28 15:25:52.310 | INFO     | plugrl_env_client.runner.rollout:log_timing_summary:98 - Intermediate rollout timing summary: env_steps=924499 infer_calls=232001 feedback_calls=232000 infer_wait=8795.234s infer_obs_pack=9.770s env_step=5927.670s feedback_total=42.001s feedback_obs_pack=13.870s feedback_info_pack=0.728s effective_fps=62.57
2026-09-28 15:25:52.313 | INFO     | plugrl_env_client.runner.rollout:log_timing_summary:98 - Intermediate rollout timing summary: env_steps=924488 infer_calls=232001 feedback_calls=232000 infer_wait=8785.523s infer_obs_pack=9.700s env_step=5936.679s feedback_total=41.739s feedback_obs_pack=13.583s feedback_info_pack=0.713s effective_fps=62.58
2026-09-28 15:25:52.314 | INFO     | plugrl_env_client.runner.rollout:log_timing_summary:98 - Intermediate rollout timing summary: env_steps=924629 infer_calls=232003 feedback_calls=232002 infer_wait=8776.593s infer_obs_pack=9.644s env_step=5946.388s feedback_total=41.947s feedback_obs_pack=13.514s feedback_info_pack=0.781s effective_fps=62.58
2026-09-28 15:27:42.879 | INFO     | plugrl_env_client.runner.rollout:log_timing_summary:98 - Intermediate rollout timing summary: env_steps=924492 infer_calls=232002 feedback_calls=232001 infer_wait=8896.058s infer_obs_pack=9.700s env_step=5936.710s feedback_total=41.739s feedback_obs_pack=13.583s feedback_info_pack=0.713s effective_fps=62.11
2026-09-28 15:27:42.880 | INFO     | plugrl_env_client.runner.rollout:log_timing_summary:98 - Intermediate rollout timing summary: env_steps=924633 infer_calls=232004 feedback_calls=232003 infer_wait=8887.123s infer_obs_pack=9.644s env_step=5946.424s feedback_total=41.947s feedback_obs_pack=13.514s feedback_info_pack=0.781s effective_fps=62.12
2026-09-28 15:27:42.881 | INFO     | plugrl_env_client.runner.rollout:log_timing_summary:98 - Intermediate rollout timing summary: env_steps=924503 infer_calls=232002 feedback_calls=232001 infer_wait=8905.771s infer_obs_pack=9.770s env_step=5927.704s feedback_total=42.002s feedback_obs_pack=13.870s feedback_info_pack=0.728s effective_fps=62.11
2026-09-28 15:28:12.880 | INFO     | plugrl_env_client.runner.rollout:log_timing_summary:98 - Intermediate rollout timing summary: env_steps=927875 infer_calls=232850 feedback_calls=232850 infer_wait=8904.473s infer_obs_pack=9.735s env_step=5957.971s feedback_total=41.894s feedback_obs_pack=13.633s feedback_info_pack=0.715s effective_fps=62.21
2026-09-28 15:28:12.882 | INFO     | plugrl_env_client.runner.rollout:log_timing_summary:98 - Intermediate rollout timing summary: env_steps=927889 infer_calls=232850 feedback_calls=232850 infer_wait=8913.980s infer_obs_pack=9.808s env_step=5949.168s feedback_total=42.156s feedback_obs_pack=13.920s feedback_info_pack=0.730s effective_fps=62.21
2026-09-28 15:28:12.893 | INFO     | plugrl_env_client.runner.rollout:log_timing_summary:98 - Intermediate rollout timing summary: env_steps=928020 infer_calls=232853 feedback_calls=232852 infer_wait=8895.168s infer_obs_pack=9.679s env_step=5968.064s feedback_total=42.107s feedback_obs_pack=13.565s feedback_info_pack=0.784s effective_fps=62.22
2026-09-28 15:28:42.882 | INFO     | plugrl_env_client.runner.rollout:log_timing_summary:98 - Intermediate rollout timing summary: env_steps=931170 infer_calls=233676 feedback_calls=233675 infer_wait=8912.907s infer_obs_pack=9.771s env_step=5979.233s feedback_total=42.038s feedback_obs_pack=13.682s feedback_info_pack=0.718s effective_fps=62.31
2026-09-28 15:28:42.884 | INFO     | plugrl_env_client.runner.rollout:log_timing_summary:98 - Intermediate rollout timing summary: env_steps=931173 infer_calls=233676 feedback_calls=233675 infer_wait=8922.549s infer_obs_pack=9.844s env_step=5970.289s feedback_total=42.304s feedback_obs_pack=13.969s feedback_info_pack=0.733s effective_fps=62.31
2026-09-28 15:28:42.904 | INFO     | plugrl_env_client.runner.rollout:log_timing_summary:98 - Intermediate rollout timing summary: env_steps=931311 infer_calls=233679 feedback_calls=233678 infer_wait=8903.572s infer_obs_pack=9.713s env_step=5989.361s feedback_total=42.256s feedback_obs_pack=13.613s feedback_info_pack=0.786s effective_fps=62.32
2026-09-28 15:29:12.886 | INFO     | plugrl_env_client.runner.rollout:log_timing_summary:98 - Intermediate rollout timing summary: env_steps=934347 infer_calls=234473 feedback_calls=234472 infer_wait=8931.617s infer_obs_pack=9.877s env_step=5990.922s feedback_total=42.448s feedback_obs_pack=14.017s feedback_info_pack=0.735s effective_fps=62.39
2026-09-28 15:29:12.887 | INFO     | plugrl_env_client.runner.rollout:log_timing_summary:98 - Intermediate rollout timing summary: env_steps=934341 infer_calls=234473 feedback_calls=234472 infer_wait=8921.770s infer_obs_pack=9.804s env_step=6000.076s feedback_total=42.178s feedback_obs_pack=13.728s feedback_info_pack=0.720s effective_fps=62.40
2026-09-28 15:29:12.905 | INFO     | plugrl_env_client.runner.rollout:log_timing_summary:98 - Intermediate rollout timing summary: env_steps=934487 infer_calls=234475 feedback_calls=234475 infer_wait=8911.919s infer_obs_pack=9.746s env_step=6010.719s feedback_total=42.397s feedback_obs_pack=13.660s feedback_info_pack=0.789s effective_fps=62.40
2026-09-28 15:29:42.888 | INFO     | plugrl_env_client.runner.rollout:log_timing_summary:98 - Intermediate rollout timing summary: env_steps=937595 infer_calls=235287 feedback_calls=235286 infer_wait=8940.232s infer_obs_pack=9.911s env_step=6012.005s feedback_total=42.590s feedback_obs_pack=14.066s feedback_info_pack=0.738s effective_fps=62.49
2026-09-28 15:29:42.888 | INFO     | plugrl_env_client.runner.rollout:log_timing_summary:98 - Intermediate rollout timing summary: env_steps=937593 infer_calls=235287 feedback_calls=235286 infer_wait=8930.156s infer_obs_pack=9.839s env_step=6021.380s feedback_total=42.322s feedback_obs_pack=13.775s feedback_info_pack=0.723s effective_fps=62.49
2026-09-28 15:29:42.910 | INFO     | plugrl_env_client.runner.rollout:log_timing_summary:98 - Intermediate rollout timing summary: env_steps=937733 infer_calls=235290 feedback_calls=235289 infer_wait=8920.553s infer_obs_pack=9.779s env_step=6031.786s feedback_total=42.541s feedback_obs_pack=13.709s feedback_info_pack=0.792s effective_fps=62.50
2026-09-28 15:30:12.946 | INFO     | plugrl_env_client.runner.rollout:log_timing_summary:98 - Intermediate rollout timing summary: env_steps=940576 infer_calls=236003 feedback_calls=236002 infer_wait=8931.665s infer_obs_pack=9.809s env_step=6050.446s feedback_total=42.669s feedback_obs_pack=13.750s feedback_info_pack=0.796s effective_fps=62.56
2026-09-28 15:30:12.947 | INFO     | plugrl_env_client.runner.rollout:log_timing_summary:98 - Intermediate rollout timing summary: env_steps=940442 infer_calls=236001 feedback_calls=236000 infer_wait=8941.771s infer_obs_pack=9.868s env_step=6039.559s feedback_total=42.450s feedback_obs_pack=13.816s feedback_info_pack=0.725s effective_fps=62.56
2026-09-28 15:30:12.950 | INFO     | plugrl_env_client.runner.rollout:log_timing_summary:98 - Intermediate rollout timing summary: env_steps=940443 infer_calls=236001 feedback_calls=236000 infer_wait=8951.628s infer_obs_pack=9.941s env_step=6030.406s feedback_total=42.723s feedback_obs_pack=14.108s feedback_info_pack=0.740s effective_fps=62.55
2026-09-28 15:32:01.708 | INFO     | plugrl_env_client.runner.rollout:log_timing_summary:98 - Intermediate rollout timing summary: env_steps=940446 infer_calls=236002 feedback_calls=236001 infer_wait=9050.507s infer_obs_pack=9.868s env_step=6039.583s feedback_total=42.450s feedback_obs_pack=13.816s feedback_info_pack=0.725s effective_fps=62.11
2026-09-28 15:32:01.709 | INFO     | plugrl_env_client.runner.rollout:log_timing_summary:98 - Intermediate rollout timing summary: env_steps=940447 infer_calls=236002 feedback_calls=236001 infer_wait=9060.359s infer_obs_pack=9.941s env_step=6030.434s feedback_total=42.723s feedback_obs_pack=14.108s feedback_info_pack=0.740s effective_fps=62.10
2026-09-28 15:32:01.712 | INFO     | plugrl_env_client.runner.rollout:log_timing_summary:98 - Intermediate rollout timing summary: env_steps=940580 infer_calls=236004 feedback_calls=236003 infer_wait=9040.401s infer_obs_pack=9.809s env_step=6050.474s feedback_total=42.670s feedback_obs_pack=13.750s feedback_info_pack=0.796s effective_fps=62.11
2026-09-28 15:32:31.719 | INFO     | plugrl_env_client.runner.rollout:log_timing_summary:98 - Intermediate rollout timing summary: env_steps=943850 infer_calls=236856 feedback_calls=236855 infer_wait=9058.816s infer_obs_pack=9.903s env_step=6060.965s feedback_total=42.606s feedback_obs_pack=13.866s feedback_info_pack=0.728s effective_fps=62.21
2026-09-28 15:32:31.724 | INFO     | plugrl_env_client.runner.rollout:log_timing_summary:98 - Intermediate rollout timing summary: env_steps=943984 infer_calls=236858 feedback_calls=236857 infer_wait=9048.835s infer_obs_pack=9.844s env_step=6071.740s feedback_total=42.821s feedback_obs_pack=13.799s feedback_info_pack=0.799s effective_fps=62.21
2026-09-28 15:32:31.730 | INFO     | plugrl_env_client.runner.rollout:log_timing_summary:98 - Intermediate rollout timing summary: env_steps=943852 infer_calls=236856 feedback_calls=236855 infer_wait=9068.062s infer_obs_pack=9.977s env_step=6052.429s feedback_total=42.886s feedback_obs_pack=14.159s feedback_info_pack=0.743s effective_fps=62.20
2026-09-28 15:33:01.722 | INFO     | plugrl_env_client.runner.rollout:log_timing_summary:98 - Intermediate rollout timing summary: env_steps=947057 infer_calls=237660 feedback_calls=237659 infer_wait=9067.395s infer_obs_pack=9.937s env_step=6082.091s feedback_total=42.749s feedback_obs_pack=13.913s feedback_info_pack=0.730s effective_fps=62.30
2026-09-28 15:33:01.730 | INFO     | plugrl_env_client.runner.rollout:log_timing_summary:98 - Intermediate rollout timing summary: env_steps=947190 infer_calls=237662 feedback_calls=237661 infer_wait=9057.656s infer_obs_pack=9.877s env_step=6092.622s feedback_total=42.968s feedback_obs_pack=13.849s feedback_info_pack=0.801s effective_fps=62.30
2026-09-28 15:33:01.735 | INFO     | plugrl_env_client.runner.rollout:log_timing_summary:98 - Intermediate rollout timing summary: env_steps=947050 infer_calls=237660 feedback_calls=237659 infer_wait=9076.656s infer_obs_pack=10.010s env_step=6073.538s feedback_total=43.027s feedback_obs_pack=14.206s feedback_info_pack=0.745s effective_fps=62.29
2026-09-28 15:33:31.726 | INFO     | plugrl_env_client.runner.rollout:log_timing_summary:98 - Intermediate rollout timing summary: env_steps=950304 infer_calls=238473 feedback_calls=238473 infer_wait=9075.829s infer_obs_pack=9.970s env_step=6103.358s feedback_total=42.892s feedback_obs_pack=13.961s feedback_info_pack=0.733s effective_fps=62.39
2026-09-28 15:33:31.735 | INFO     | plugrl_env_client.runner.rollout:log_timing_summary:98 - Intermediate rollout timing summary: env_steps=950431 infer_calls=238475 feedback_calls=238475 infer_wait=9066.131s infer_obs_pack=9.911s env_step=6113.856s feedback_total=43.109s feedback_obs_pack=13.896s feedback_info_pack=0.804s effective_fps=62.39
2026-09-28 15:33:31.747 | INFO     | plugrl_env_client.runner.rollout:log_timing_summary:98 - Intermediate rollout timing summary: env_steps=950296 infer_calls=238474 feedback_calls=238473 infer_wait=9084.965s infer_obs_pack=10.045s env_step=6094.942s feedback_total=43.173s feedback_obs_pack=14.254s feedback_info_pack=0.748s effective_fps=62.38
2026-09-28 15:34:01.731 | INFO     | plugrl_env_client.runner.rollout:log_timing_summary:98 - Intermediate rollout timing summary: env_steps=953588 infer_calls=239298 feedback_calls=239297 infer_wait=9084.211s infer_obs_pack=10.004s env_step=6124.673s feedback_total=43.034s feedback_obs_pack=14.008s feedback_info_pack=0.735s effective_fps=62.48
2026-09-28 15:34:01.741 | INFO     | plugrl_env_client.runner.rollout:log_timing_summary:98 - Intermediate rollout timing summary: env_steps=953715 infer_calls=239300 feedback_calls=239299 infer_wait=9074.718s infer_obs_pack=9.946s env_step=6134.969s feedback_total=43.255s feedback_obs_pack=13.943s feedback_info_pack=0.807s effective_fps=62.49
2026-09-28 15:34:01.752 | INFO     | plugrl_env_client.runner.rollout:log_timing_summary:98 - Intermediate rollout timing summary: env_steps=953581 infer_calls=239298 feedback_calls=239298 infer_wait=9093.570s infer_obs_pack=10.082s env_step=6116.032s feedback_total=43.322s feedback_obs_pack=14.302s feedback_info_pack=0.750s effective_fps=62.48
2026-09-28 15:36:19.208 | INFO     | plugrl_env_client.runner.rollout:log_timing_summary:98 - Intermediate rollout timing summary: env_steps=956397 infer_calls=240002 feedback_calls=240001 infer_wait=9203.417s infer_obs_pack=10.033s env_step=6142.688s feedback_total=43.158s feedback_obs_pack=14.048s feedback_info_pack=0.737s effective_fps=62.11
2026-09-28 15:36:19.210 | INFO     | plugrl_env_client.runner.rollout:log_timing_summary:98 - Intermediate rollout timing summary: env_steps=956522 infer_calls=240004 feedback_calls=240003 infer_wait=9194.171s infer_obs_pack=9.975s env_step=6152.718s feedback_total=43.382s feedback_obs_pack=13.983s feedback_info_pack=0.809s effective_fps=62.11
2026-09-28 15:36:19.212 | INFO     | plugrl_env_client.runner.rollout:log_timing_summary:98 - Intermediate rollout timing summary: env_steps=956381 infer_calls=240002 feedback_calls=240001 infer_wait=9212.792s infer_obs_pack=10.112s env_step=6134.013s feedback_total=43.446s feedback_obs_pack=14.343s feedback_info_pack=0.753s effective_fps=62.10
2026-09-28 15:36:49.210 | INFO     | plugrl_env_client.runner.rollout:log_timing_summary:98 - Intermediate rollout timing summary: env_steps=959864 infer_calls=240841 feedback_calls=240840 infer_wait=9202.206s infer_obs_pack=10.010s env_step=6174.366s feedback_total=43.537s feedback_obs_pack=14.033s feedback_info_pack=0.812s effective_fps=62.21
2026-09-28 15:36:49.211 | INFO     | plugrl_env_client.runner.rollout:log_timing_summary:98 - Intermediate rollout timing summary: env_steps=959736 infer_calls=240839 feedback_calls=240838 infer_wait=9211.380s infer_obs_pack=10.068s env_step=6164.403s feedback_total=43.317s feedback_obs_pack=14.101s feedback_info_pack=0.740s effective_fps=62.20
2026-09-28 15:36:49.215 | INFO     | plugrl_env_client.runner.rollout:log_timing_summary:98 - Intermediate rollout timing summary: env_steps=959716 infer_calls=240839 feedback_calls=240838 infer_wait=9221.362s infer_obs_pack=10.147s env_step=6155.123s feedback_total=43.600s feedback_obs_pack=14.393s feedback_info_pack=0.755s effective_fps=62.20
2026-09-28 15:37:19.216 | INFO     | plugrl_env_client.runner.rollout:log_timing_summary:98 - Intermediate rollout timing summary: env_steps=962944 infer_calls=241643 feedback_calls=241642 infer_wait=9219.820s infer_obs_pack=10.101s env_step=6185.667s feedback_total=43.460s feedback_obs_pack=14.148s feedback_info_pack=0.742s effective_fps=62.29
2026-09-28 15:37:19.217 | INFO     | plugrl_env_client.runner.rollout:log_timing_summary:98 - Intermediate rollout timing summary: env_steps=962921 infer_calls=241643 feedback_calls=241642 infer_wait=9229.880s infer_obs_pack=10.182s env_step=6176.307s feedback_total=43.745s feedback_obs_pack=14.441s feedback_info_pack=0.758s effective_fps=62.28
2026-09-28 15:37:19.218 | INFO     | plugrl_env_client.runner.rollout:log_timing_summary:98 - Intermediate rollout timing summary: env_steps=963071 infer_calls=241645 feedback_calls=241644 infer_wait=9210.575s infer_obs_pack=10.044s env_step=6195.711s feedback_total=43.680s feedback_obs_pack=14.080s feedback_info_pack=0.815s effective_fps=62.29
2026-09-28 15:37:49.218 | INFO     | plugrl_env_client.runner.rollout:log_timing_summary:98 - Intermediate rollout timing summary: env_steps=966195 infer_calls=242458 feedback_calls=242457 infer_wait=9228.182s infer_obs_pack=10.137s env_step=6207.002s feedback_total=43.600s feedback_obs_pack=14.195s feedback_info_pack=0.745s effective_fps=62.38
2026-09-28 15:37:49.222 | INFO     | plugrl_env_client.runner.rollout:log_timing_summary:98 - Intermediate rollout timing summary: env_steps=966166 infer_calls=242458 feedback_calls=242458 infer_wait=9238.840s infer_obs_pack=10.219s env_step=6197.041s feedback_total=43.894s feedback_obs_pack=14.490s feedback_info_pack=0.760s effective_fps=62.37
2026-09-28 15:37:49.223 | INFO     | plugrl_env_client.runner.rollout:log_timing_summary:98 - Intermediate rollout timing summary: env_steps=966322 infer_calls=242460 feedback_calls=242459 infer_wait=9218.765s infer_obs_pack=10.077s env_step=6217.225s feedback_total=43.822s feedback_obs_pack=14.128s feedback_info_pack=0.817s effective_fps=62.38
2026-09-28 15:38:19.223 | INFO     | plugrl_env_client.runner.rollout:log_timing_summary:98 - Intermediate rollout timing summary: env_steps=969427 infer_calls=243276 feedback_calls=243275 infer_wait=9247.344s infer_obs_pack=10.253s env_step=6218.235s feedback_total=44.039s feedback_obs_pack=14.540s feedback_info_pack=0.763s effective_fps=62.46
2026-09-28 15:38:19.223 | INFO     | plugrl_env_client.runner.rollout:log_timing_summary:98 - Intermediate rollout timing summary: env_steps=969459 infer_calls=243276 feedback_calls=243275 infer_wait=9236.812s infer_obs_pack=10.175s env_step=6228.060s feedback_total=43.753s feedback_obs_pack=14.246s feedback_info_pack=0.747s effective_fps=62.47
2026-09-28 15:38:19.226 | INFO     | plugrl_env_client.runner.rollout:log_timing_summary:98 - Intermediate rollout timing summary: env_steps=969587 infer_calls=243278 feedback_calls=243278 infer_wait=9227.461s infer_obs_pack=10.111s env_step=6238.237s feedback_total=43.967s feedback_obs_pack=14.175s feedback_info_pack=0.820s effective_fps=62.47
2026-09-28 15:40:39.473 | INFO     | plugrl_env_client.runner.rollout:log_timing_summary:98 - Intermediate rollout timing summary: env_steps=972479 infer_calls=244004 feedback_calls=244003 infer_wait=9349.378s infer_obs_pack=10.141s env_step=6256.294s feedback_total=44.098s feedback_obs_pack=14.216s feedback_info_pack=0.823s effective_fps=62.10
2026-09-28 15:40:39.479 | INFO     | plugrl_env_client.runner.rollout:log_timing_summary:98 - Intermediate rollout timing summary: env_steps=972325 infer_calls=244002 feedback_calls=244001 infer_wait=9368.513s infer_obs_pack=10.283s env_step=6237.057s feedback_total=44.167s feedback_obs_pack=14.583s feedback_info_pack=0.765s effective_fps=62.09
2026-09-28 15:40:39.481 | INFO     | plugrl_env_client.runner.rollout:log_timing_summary:98 - Intermediate rollout timing summary: env_steps=972340 infer_calls=244002 feedback_calls=244001 infer_wait=9358.309s infer_obs_pack=10.205s env_step=6246.546s feedback_total=43.881s feedback_obs_pack=14.288s feedback_info_pack=0.749s effective_fps=62.09
2026-09-28 15:41:09.473 | INFO     | plugrl_env_client.runner.rollout:log_timing_summary:98 - Intermediate rollout timing summary: env_steps=975864 infer_calls=244852 feedback_calls=244851 infer_wait=9357.480s infer_obs_pack=10.176s env_step=6277.884s feedback_total=44.248s feedback_obs_pack=14.265s feedback_info_pack=0.825s effective_fps=62.20
2026-09-28 15:41:09.479 | INFO     | plugrl_env_client.runner.rollout:log_timing_summary:98 - Intermediate rollout timing summary: env_steps=975708 infer_calls=244850 feedback_calls=244849 infer_wait=9376.489s infer_obs_pack=10.319s env_step=6258.766s feedback_total=44.321s feedback_obs_pack=14.633s feedback_info_pack=0.768s effective_fps=62.19
2026-09-28 15:41:09.483 | INFO     | plugrl_env_client.runner.rollout:log_timing_summary:98 - Intermediate rollout timing summary: env_steps=975725 infer_calls=244850 feedback_calls=244850 infer_wait=9366.593s infer_obs_pack=10.240s env_step=6267.947s feedback_total=44.034s feedback_obs_pack=14.336s feedback_info_pack=0.752s effective_fps=62.19
2026-09-28 15:41:39.474 | INFO     | plugrl_env_client.runner.rollout:log_timing_summary:98 - Intermediate rollout timing summary: env_steps=979160 infer_calls=245678 feedback_calls=245677 infer_wait=9365.571s infer_obs_pack=10.210s env_step=6299.494s feedback_total=44.393s feedback_obs_pack=14.313s feedback_info_pack=0.828s effective_fps=62.29
2026-09-28 15:41:39.486 | INFO     | plugrl_env_client.runner.rollout:log_timing_summary:98 - Intermediate rollout timing summary: env_steps=979002 infer_calls=245676 feedback_calls=245676 infer_wait=9384.917s infer_obs_pack=10.354s env_step=6280.035s feedback_total=44.473s feedback_obs_pack=14.682s feedback_info_pack=0.770s effective_fps=62.28
2026-09-28 15:41:39.507 | INFO     | plugrl_env_client.runner.rollout:log_timing_summary:98 - Intermediate rollout timing summary: env_steps=979013 infer_calls=245677 feedback_calls=245676 infer_wait=9375.425s infer_obs_pack=10.274s env_step=6288.834s feedback_total=44.174s feedback_obs_pack=14.384s feedback_info_pack=0.754s effective_fps=62.28
2026-09-28 15:42:09.478 | INFO     | plugrl_env_client.runner.rollout:log_timing_summary:98 - Intermediate rollout timing summary: env_steps=982463 infer_calls=246506 feedback_calls=246505 infer_wait=9374.001s infer_obs_pack=10.245s env_step=6320.760s feedback_total=44.540s feedback_obs_pack=14.363s feedback_info_pack=0.831s effective_fps=62.38
2026-09-28 15:42:09.488 | INFO     | plugrl_env_client.runner.rollout:log_timing_summary:98 - Intermediate rollout timing summary: env_steps=982308 infer_calls=246504 feedback_calls=246504 infer_wait=9393.503s infer_obs_pack=10.388s env_step=6301.153s feedback_total=44.616s feedback_obs_pack=14.731s feedback_info_pack=0.773s effective_fps=62.37
2026-09-28 15:42:09.509 | INFO     | plugrl_env_client.runner.rollout:log_timing_summary:98 - Intermediate rollout timing summary: env_steps=982313 infer_calls=246505 feedback_calls=246504 infer_wait=9383.781s infer_obs_pack=10.308s env_step=6310.165s feedback_total=44.325s feedback_obs_pack=14.433s feedback_info_pack=0.757s effective_fps=62.37
2026-09-28 15:42:39.483 | INFO     | plugrl_env_client.runner.rollout:log_timing_summary:98 - Intermediate rollout timing summary: env_steps=985754 infer_calls=247333 feedback_calls=247332 infer_wait=9382.653s infer_obs_pack=10.279s env_step=6341.804s feedback_total=44.686s feedback_obs_pack=14.410s feedback_info_pack=0.834s effective_fps=62.47
2026-09-28 15:42:39.493 | INFO     | plugrl_env_client.runner.rollout:log_timing_summary:98 - Intermediate rollout timing summary: env_steps=985605 infer_calls=247331 feedback_calls=247330 infer_wait=9402.043s infer_obs_pack=10.423s env_step=6322.313s feedback_total=44.764s feedback_obs_pack=14.780s feedback_info_pack=0.776s effective_fps=62.46
2026-09-28 15:42:39.513 | INFO     | plugrl_env_client.runner.rollout:log_timing_summary:98 - Intermediate rollout timing summary: env_steps=985610 infer_calls=247332 feedback_calls=247331 infer_wait=9392.147s infer_obs_pack=10.343s env_step=6331.500s feedback_total=44.469s feedback_obs_pack=14.481s feedback_info_pack=0.760s effective_fps=62.47
2026-09-28 15:44:58.499 | INFO     | plugrl_env_client.runner.rollout:log_timing_summary:98 - Intermediate rollout timing summary: env_steps=988280 infer_calls=248002 feedback_calls=248001 infer_wait=9523.504s infer_obs_pack=10.451s env_step=6339.613s feedback_total=44.884s feedback_obs_pack=14.820s feedback_info_pack=0.778s effective_fps=62.08
2026-09-28 15:44:58.500 | INFO     | plugrl_env_client.runner.rollout:log_timing_summary:98 - Intermediate rollout timing summary: env_steps=988429 infer_calls=248004 feedback_calls=248003 infer_wait=9504.146s infer_obs_pack=10.306s env_step=6359.084s feedback_total=44.803s feedback_obs_pack=14.448s feedback_info_pack=0.836s effective_fps=62.09
2026-09-28 15:44:58.500 | INFO     | plugrl_env_client.runner.rollout:log_timing_summary:98 - Intermediate rollout timing summary: env_steps=988280 infer_calls=248002 feedback_calls=248001 infer_wait=9513.591s infer_obs_pack=10.370s env_step=6348.797s feedback_total=44.583s feedback_obs_pack=14.519s feedback_info_pack=0.762s effective_fps=62.09
2026-09-28 15:45:28.505 | INFO     | plugrl_env_client.runner.rollout:log_timing_summary:98 - Intermediate rollout timing summary: env_steps=991546 infer_calls=248821 feedback_calls=248820 infer_wait=9531.945s infer_obs_pack=10.485s env_step=6360.860s feedback_total=45.032s feedback_obs_pack=14.869s feedback_info_pack=0.780s effective_fps=62.17
2026-09-28 15:45:28.505 | INFO     | plugrl_env_client.runner.rollout:log_timing_summary:98 - Intermediate rollout timing summary: env_steps=991548 infer_calls=248821 feedback_calls=248820 infer_wait=9521.707s infer_obs_pack=10.404s env_step=6370.375s feedback_total=44.730s feedback_obs_pack=14.567s feedback_info_pack=0.764s effective_fps=62.18
2026-09-28 15:45:28.509 | INFO     | plugrl_env_client.runner.rollout:log_timing_summary:98 - Intermediate rollout timing summary: env_steps=991696 infer_calls=248823 feedback_calls=248822 infer_wait=9512.716s infer_obs_pack=10.341s env_step=6380.214s feedback_total=44.952s feedback_obs_pack=14.497s feedback_info_pack=0.839s effective_fps=62.18
2026-09-28 15:45:58.507 | INFO     | plugrl_env_client.runner.rollout:log_timing_summary:98 - Intermediate rollout timing summary: env_steps=994799 infer_calls=249636 feedback_calls=249636 infer_wait=9540.463s infer_obs_pack=10.519s env_step=6382.045s feedback_total=45.173s feedback_obs_pack=14.917s feedback_info_pack=0.783s effective_fps=62.26
2026-09-28 15:45:58.509 | INFO     | plugrl_env_client.runner.rollout:log_timing_summary:98 - Intermediate rollout timing summary: env_steps=994802 infer_calls=249636 feedback_calls=249636 infer_wait=9530.209s infer_obs_pack=10.438s env_step=6391.561s feedback_total=44.878s feedback_obs_pack=14.616s feedback_info_pack=0.767s effective_fps=62.26
2026-09-28 15:45:58.513 | INFO     | plugrl_env_client.runner.rollout:log_timing_summary:98 - Intermediate rollout timing summary: env_steps=994943 infer_calls=249638 feedback_calls=249638 infer_wait=9520.968s infer_obs_pack=10.375s env_step=6401.656s feedback_total=45.097s feedback_obs_pack=14.544s feedback_info_pack=0.841s effective_fps=62.27
2026-09-28 15:46:28.508 | INFO     | plugrl_env_client.runner.rollout:log_timing_summary:98 - Intermediate rollout timing summary: env_steps=998028 infer_calls=250446 feedback_calls=250445 infer_wait=9548.746s infer_obs_pack=10.553s env_step=6403.467s feedback_total=45.314s feedback_obs_pack=14.965s feedback_info_pack=0.785s effective_fps=62.35
2026-09-28 15:46:28.510 | INFO     | plugrl_env_client.runner.rollout:log_timing_summary:98 - Intermediate rollout timing summary: env_steps=998041 infer_calls=250446 feedback_calls=250446 infer_wait=9538.449s infer_obs_pack=10.541s env_step=6412.959s feedback_total=45.020s feedback_obs_pack=14.663s feedback_info_pack=0.770s effective_fps=62.35
2026-09-28 15:46:28.516 | INFO     | plugrl_env_client.runner.rollout:log_timing_summary:98 - Intermediate rollout timing summary: env_steps=998170 infer_calls=250448 feedback_calls=250448 infer_wait=9529.814s infer_obs_pack=10.408s env_step=6422.510s feedback_total=45.242s feedback_obs_pack=14.591s feedback_info_pack=0.844s effective_fps=62.35
2026-09-28 15:46:58.513 | INFO     | plugrl_env_client.runner.rollout:log_timing_summary:98 - Intermediate rollout timing summary: env_steps=1001316 infer_calls=251272 feedback_calls=251271 infer_wait=9557.435s infer_obs_pack=10.587s env_step=6424.459s feedback_total=45.458s feedback_obs_pack=15.016s feedback_info_pack=0.788s effective_fps=62.43
2026-09-28 15:46:58.513 | INFO     | plugrl_env_client.runner.rollout:log_timing_summary:98 - Intermediate rollout timing summary: env_steps=1001321 infer_calls=251272 feedback_calls=251271 infer_wait=9546.895s infer_obs_pack=10.575s env_step=6434.201s feedback_total=45.170s feedback_obs_pack=14.712s feedback_info_pack=0.773s effective_fps=62.44
2026-09-28 15:46:58.519 | INFO     | plugrl_env_client.runner.rollout:log_timing_summary:98 - Intermediate rollout timing summary: env_steps=1001466 infer_calls=251274 feedback_calls=251273 infer_wait=9537.930s infer_obs_pack=10.442s env_step=6444.087s feedback_total=45.390s feedback_obs_pack=14.639s feedback_info_pack=0.847s effective_fps=62.44
2026-09-28 15:47:28.952 | INFO     | plugrl_env_client.runner.rollout:log_timing_summary:98 - Intermediate rollout timing summary: env_steps=1004370 infer_calls=252003 feedback_calls=252002 infer_wait=9549.131s infer_obs_pack=10.472s env_step=6463.042s feedback_total=45.523s feedback_obs_pack=14.681s feedback_info_pack=0.849s effective_fps=62.51
2026-09-28 15:47:28.955 | INFO     | plugrl_env_client.runner.rollout:log_timing_summary:98 - Intermediate rollout timing summary: env_steps=1004222 infer_calls=252001 feedback_calls=252000 infer_wait=9558.331s infer_obs_pack=10.605s env_step=6452.937s feedback_total=45.297s feedback_obs_pack=14.754s feedback_info_pack=0.775s effective_fps=62.50
2026-09-28 15:47:28.957 | INFO     | plugrl_env_client.runner.rollout:log_timing_summary:98 - Intermediate rollout timing summary: env_steps=1004220 infer_calls=252001 feedback_calls=252000 infer_wait=9568.852s infer_obs_pack=10.618s env_step=6443.214s feedback_total=45.590s feedback_obs_pack=15.059s feedback_info_pack=0.790s effective_fps=62.50
2026-09-28 15:49:18.740 | INFO     | plugrl_env_client.runner.rollout:log_timing_summary:98 - Intermediate rollout timing summary: env_steps=1004224 infer_calls=252002 feedback_calls=252001 infer_wait=9678.607s infer_obs_pack=10.618s env_step=6443.241s feedback_total=45.590s feedback_obs_pack=15.060s feedback_info_pack=0.790s effective_fps=62.07
2026-09-28 15:49:18.741 | INFO     | plugrl_env_client.runner.rollout:log_timing_summary:98 - Intermediate rollout timing summary: env_steps=1004226 infer_calls=252002 feedback_calls=252001 infer_wait=9668.091s infer_obs_pack=10.605s env_step=6452.962s feedback_total=45.297s feedback_obs_pack=14.754s feedback_info_pack=0.775s effective_fps=62.08
2026-09-28 15:49:18.744 | INFO     | plugrl_env_client.runner.rollout:log_timing_summary:98 - Intermediate rollout timing summary: env_steps=1004374 infer_calls=252004 feedback_calls=252003 infer_wait=9658.895s infer_obs_pack=10.472s env_step=6463.071s feedback_total=45.523s feedback_obs_pack=14.681s feedback_info_pack=0.849s effective_fps=62.08
2026-09-28 15:49:48.746 | INFO     | plugrl_env_client.runner.rollout:log_timing_summary:98 - Intermediate rollout timing summary: env_steps=1007470 infer_calls=252817 feedback_calls=252816 infer_wait=9676.659s infer_obs_pack=10.639s env_step=6474.081s feedback_total=45.447s feedback_obs_pack=14.805s feedback_info_pack=0.777s effective_fps=62.16
2026-09-28 15:49:48.748 | INFO     | plugrl_env_client.runner.rollout:log_timing_summary:98 - Intermediate rollout timing summary: env_steps=1007479 infer_calls=252817 feedback_calls=252816 infer_wait=9687.114s infer_obs_pack=10.653s env_step=6464.436s feedback_total=45.737s feedback_obs_pack=15.109s feedback_info_pack=0.793s effective_fps=62.16
2026-09-28 15:49:48.748 | INFO     | plugrl_env_client.runner.rollout:log_timing_summary:98 - Intermediate rollout timing summary: env_steps=1007618 infer_calls=252819 feedback_calls=252818 infer_wait=9667.396s infer_obs_pack=10.510s env_step=6484.258s feedback_total=45.669s feedback_obs_pack=14.728s feedback_info_pack=0.852s effective_fps=62.17
2026-09-28 15:50:18.746 | INFO     | plugrl_env_client.runner.rollout:log_timing_summary:98 - Intermediate rollout timing summary: env_steps=1010747 infer_calls=253639 feedback_calls=253638 infer_wait=9685.258s infer_obs_pack=10.676s env_step=6495.174s feedback_total=45.592s feedback_obs_pack=14.853s feedback_info_pack=0.780s effective_fps=62.25
2026-09-28 15:50:18.748 | INFO     | plugrl_env_client.runner.rollout:log_timing_summary:98 - Intermediate rollout timing summary: env_steps=1010759 infer_calls=253639 feedback_calls=253639 infer_wait=9695.483s infer_obs_pack=10.688s env_step=6485.767s feedback_total=45.884s feedback_obs_pack=15.158s feedback_info_pack=0.795s effective_fps=62.25
2026-09-28 15:50:18.764 | INFO     | plugrl_env_client.runner.rollout:log_timing_summary:98 - Intermediate rollout timing summary: env_steps=1010900 infer_calls=253642 feedback_calls=253641 infer_wait=9675.937s infer_obs_pack=10.544s env_step=6505.417s feedback_total=45.820s feedback_obs_pack=14.777s feedback_info_pack=0.855s effective_fps=62.26
2026-09-28 15:50:48.748 | INFO     | plugrl_env_client.runner.rollout:log_timing_summary:98 - Intermediate rollout timing summary: env_steps=1013979 infer_calls=254453 feedback_calls=254452 infer_wait=9694.205s infer_obs_pack=10.709s env_step=6515.919s feedback_total=45.737s feedback_obs_pack=14.900s feedback_info_pack=0.782s effective_fps=62.34
2026-09-28 15:50:48.750 | INFO     | plugrl_env_client.runner.rollout:log_timing_summary:98 - Intermediate rollout timing summary: env_steps=1014005 infer_calls=254453 feedback_calls=254452 infer_wait=9704.330s infer_obs_pack=10.722s env_step=6506.616s feedback_total=46.028s feedback_obs_pack=15.206s feedback_info_pack=0.798s effective_fps=62.33
2026-09-28 15:50:48.768 | INFO     | plugrl_env_client.runner.rollout:log_timing_summary:98 - Intermediate rollout timing summary: env_steps=1014144 infer_calls=254455 feedback_calls=254455 infer_wait=9683.877s infer_obs_pack=10.577s env_step=6527.185s feedback_total=45.961s feedback_obs_pack=14.823s feedback_info_pack=0.858s effective_fps=62.34
2026-09-28 15:51:18.749 | INFO     | plugrl_env_client.runner.rollout:log_timing_summary:98 - Intermediate rollout timing summary: env_steps=1017245 infer_calls=255271 feedback_calls=255271 infer_wait=9702.302s infer_obs_pack=10.745s env_step=6537.518s feedback_total=45.882s feedback_obs_pack=14.948s feedback_info_pack=0.785s effective_fps=62.42
2026-09-28 15:51:18.755 | INFO     | plugrl_env_client.runner.rollout:log_timing_summary:98 - Intermediate rollout timing summary: env_steps=1017276 infer_calls=255271 feedback_calls=255270 infer_wait=9712.907s infer_obs_pack=10.756s env_step=6527.747s feedback_total=46.174s feedback_obs_pack=15.256s feedback_info_pack=0.800s effective_fps=62.42
2026-09-28 15:51:18.781 | INFO     | plugrl_env_client.runner.rollout:log_timing_summary:98 - Intermediate rollout timing summary: env_steps=1017406 infer_calls=255274 feedback_calls=255273 infer_wait=9692.660s infer_obs_pack=10.611s env_step=6548.108s feedback_total=46.110s feedback_obs_pack=14.874s feedback_info_pack=0.860s effective_fps=62.43
2026-09-28 15:51:49.177 | INFO     | plugrl_env_client.runner.rollout:log_timing_summary:98 - Intermediate rollout timing summary: env_steps=1020319 infer_calls=256003 feedback_calls=256002 infer_wait=9703.507s infer_obs_pack=10.641s env_step=6567.394s feedback_total=46.239s feedback_obs_pack=14.916s feedback_info_pack=0.863s effective_fps=62.49
2026-09-28 15:51:49.181 | INFO     | plugrl_env_client.runner.rollout:log_timing_summary:98 - Intermediate rollout timing summary: env_steps=1020152 infer_calls=256001 feedback_calls=256000 infer_wait=9713.935s infer_obs_pack=10.775s env_step=6556.043s feedback_total=46.016s feedback_obs_pack=14.990s feedback_info_pack=0.787s effective_fps=62.48
2026-09-28 15:51:49.181 | INFO     | plugrl_env_client.runner.rollout:log_timing_summary:98 - Intermediate rollout timing summary: env_steps=1020176 infer_calls=256001 feedback_calls=256000 infer_wait=9724.459s infer_obs_pack=10.786s env_step=6546.346s feedback_total=46.308s feedback_obs_pack=15.301s feedback_info_pack=0.803s effective_fps=62.48
2026-09-28 15:53:39.408 | INFO     | plugrl_env_client.runner.rollout:log_timing_summary:98 - Intermediate rollout timing summary: env_steps=1020156 infer_calls=256002 feedback_calls=256001 infer_wait=9824.132s infer_obs_pack=10.775s env_step=6556.073s feedback_total=46.016s feedback_obs_pack=14.990s feedback_info_pack=0.787s effective_fps=62.06
2026-09-28 15:53:39.412 | INFO     | plugrl_env_client.runner.rollout:log_timing_summary:98 - Intermediate rollout timing summary: env_steps=1020180 infer_calls=256002 feedback_calls=256001 infer_wait=9834.656s infer_obs_pack=10.786s env_step=6546.379s feedback_total=46.308s feedback_obs_pack=15.301s feedback_info_pack=0.803s effective_fps=62.06
2026-09-28 15:53:39.413 | INFO     | plugrl_env_client.runner.rollout:log_timing_summary:98 - Intermediate rollout timing summary: env_steps=1020323 infer_calls=256004 feedback_calls=256003 infer_wait=9813.707s infer_obs_pack=10.641s env_step=6567.429s feedback_total=46.239s feedback_obs_pack=14.916s feedback_info_pack=0.863s effective_fps=62.07
2026-09-28 15:54:09.412 | INFO     | plugrl_env_client.runner.rollout:log_timing_summary:98 - Intermediate rollout timing summary: env_steps=1023503 infer_calls=256842 feedback_calls=256841 infer_wait=9832.373s infer_obs_pack=10.810s env_step=6577.517s feedback_total=46.166s feedback_obs_pack=15.039s feedback_info_pack=0.789s effective_fps=62.16
2026-09-28 15:54:09.416 | INFO     | plugrl_env_client.runner.rollout:log_timing_summary:98 - Intermediate rollout timing summary: env_steps=1023670 infer_calls=256844 feedback_calls=256843 infer_wait=9822.119s infer_obs_pack=10.676s env_step=6588.706s feedback_total=46.391s feedback_obs_pack=14.968s feedback_info_pack=0.865s effective_fps=62.16
2026-09-28 15:54:09.418 | INFO     | plugrl_env_client.runner.rollout:log_timing_summary:98 - Intermediate rollout timing summary: env_steps=1023526 infer_calls=256842 feedback_calls=256841 infer_wait=9842.716s infer_obs_pack=10.822s env_step=6568.003s feedback_total=46.466s feedback_obs_pack=15.353s feedback_info_pack=0.805s effective_fps=62.15
2026-09-28 15:54:39.414 | INFO     | plugrl_env_client.runner.rollout:log_timing_summary:98 - Intermediate rollout timing summary: env_steps=1026778 infer_calls=257663 feedback_calls=257662 infer_wait=9840.749s infer_obs_pack=10.844s env_step=6598.844s feedback_total=46.307s feedback_obs_pack=15.087s feedback_info_pack=0.792s effective_fps=62.24
2026-09-28 15:54:39.418 | INFO     | plugrl_env_client.runner.rollout:log_timing_summary:98 - Intermediate rollout timing summary: env_steps=1026941 infer_calls=257665 feedback_calls=257664 infer_wait=9830.792s infer_obs_pack=10.713s env_step=6609.727s feedback_total=46.535s feedback_obs_pack=15.015s feedback_info_pack=0.868s effective_fps=62.25
2026-09-28 15:54:39.420 | INFO     | plugrl_env_client.runner.rollout:log_timing_summary:98 - Intermediate rollout timing summary: env_steps=1026802 infer_calls=257663 feedback_calls=257662 infer_wait=9851.045s infer_obs_pack=10.856s env_step=6589.371s feedback_total=46.614s feedback_obs_pack=15.403s feedback_info_pack=0.808s effective_fps=62.24
2026-09-28 15:55:09.414 | INFO     | plugrl_env_client.runner.rollout:log_timing_summary:98 - Intermediate rollout timing summary: env_steps=1030039 infer_calls=258480 feedback_calls=258479 infer_wait=9849.126s infer_obs_pack=10.877s env_step=6620.157s feedback_total=46.453s feedback_obs_pack=15.134s feedback_info_pack=0.795s effective_fps=62.33
2026-09-28 15:55:09.422 | INFO     | plugrl_env_client.runner.rollout:log_timing_summary:98 - Intermediate rollout timing summary: env_steps=1030202 infer_calls=258482 feedback_calls=258481 infer_wait=9839.299s infer_obs_pack=10.747s env_step=6630.919s feedback_total=46.682s feedback_obs_pack=15.064s feedback_info_pack=0.871s effective_fps=62.33
2026-09-28 15:55:09.425 | INFO     | plugrl_env_client.runner.rollout:log_timing_summary:98 - Intermediate rollout timing summary: env_steps=1030055 infer_calls=258480 feedback_calls=258479 infer_wait=9859.622s infer_obs_pack=10.890s env_step=6610.494s feedback_total=46.760s feedback_obs_pack=15.452s feedback_info_pack=0.810s effective_fps=62.32
2026-09-28 15:55:39.414 | INFO     | plugrl_env_client.runner.rollout:log_timing_summary:98 - Intermediate rollout timing summary: env_steps=1033233 infer_calls=259282 feedback_calls=259281 infer_wait=9857.983s infer_obs_pack=10.910s env_step=6641.000s feedback_total=46.596s feedback_obs_pack=15.181s feedback_info_pack=0.797s effective_fps=62.41
2026-09-28 15:55:39.437 | INFO     | plugrl_env_client.runner.rollout:log_timing_summary:98 - Intermediate rollout timing summary: env_steps=1033252 infer_calls=259283 feedback_calls=259282 infer_wait=9868.738s infer_obs_pack=10.923s env_step=6631.088s feedback_total=46.905s feedback_obs_pack=15.500s feedback_info_pack=0.813s effective_fps=62.40
2026-09-28 15:55:39.437 | INFO     | plugrl_env_client.runner.rollout:log_timing_summary:98 - Intermediate rollout timing summary: env_steps=1033405 infer_calls=259285 feedback_calls=259284 infer_wait=9847.192s infer_obs_pack=10.780s env_step=6652.748s feedback_total=46.824s feedback_obs_pack=15.110s feedback_info_pack=0.874s effective_fps=62.41
2026-09-28 15:58:00.107 | INFO     | plugrl_env_client.runner.rollout:log_timing_summary:98 - Intermediate rollout timing summary: env_steps=1036268 infer_calls=260004 feedback_calls=260003 infer_wait=9969.157s infer_obs_pack=10.810s env_step=6671.178s feedback_total=46.952s feedback_obs_pack=15.152s feedback_info_pack=0.876s effective_fps=62.06
2026-09-28 15:58:00.112 | INFO     | plugrl_env_client.runner.rollout:log_timing_summary:98 - Intermediate rollout timing summary: env_steps=1036102 infer_calls=260002 feedback_calls=260001 infer_wait=9980.413s infer_obs_pack=10.939s env_step=6659.003s feedback_total=46.722s feedback_obs_pack=15.223s feedback_info_pack=0.799s effective_fps=62.05
2026-09-28 15:58:00.119 | INFO     | plugrl_env_client.runner.rollout:log_timing_summary:98 - Intermediate rollout timing summary: env_steps=1036121 infer_calls=260002 feedback_calls=260001 infer_wait=9990.993s infer_obs_pack=10.957s env_step=6649.237s feedback_total=47.037s feedback_obs_pack=15.542s feedback_info_pack=0.815s effective_fps=62.05
2026-09-28 15:58:30.113 | INFO     | plugrl_env_client.runner.rollout:log_timing_summary:98 - Intermediate rollout timing summary: env_steps=1039276 infer_calls=260799 feedback_calls=260798 infer_wait=9989.235s infer_obs_pack=10.972s env_step=6679.870s feedback_total=46.869s feedback_obs_pack=15.270s feedback_info_pack=0.802s effective_fps=62.13
2026-09-28 15:58:30.115 | INFO     | plugrl_env_client.runner.rollout:log_timing_summary:98 - Intermediate rollout timing summary: env_steps=1039443 infer_calls=260801 feedback_calls=260800 infer_wait=9977.784s infer_obs_pack=10.910s env_step=6692.178s feedback_total=47.102s feedback_obs_pack=15.200s feedback_info_pack=0.879s effective_fps=62.14
2026-09-28 15:58:30.119 | INFO     | plugrl_env_client.runner.rollout:log_timing_summary:98 - Intermediate rollout timing summary: env_steps=1039301 infer_calls=260799 feedback_calls=260798 infer_wait=9999.657s infer_obs_pack=11.067s env_step=6670.196s feedback_total=47.182s feedback_obs_pack=15.591s feedback_info_pack=0.818s effective_fps=62.13
2026-09-28 15:59:00.116 | INFO     | plugrl_env_client.runner.rollout:log_timing_summary:98 - Intermediate rollout timing summary: env_steps=1042482 infer_calls=261601 feedback_calls=261601 infer_wait=9997.948s infer_obs_pack=11.006s env_step=6700.865s feedback_total=47.009s feedback_obs_pack=15.316s feedback_info_pack=0.804s effective_fps=62.21
2026-09-28 15:59:00.117 | INFO     | plugrl_env_client.runner.rollout:log_timing_summary:98 - Intermediate rollout timing summary: env_steps=1042647 infer_calls=261603 feedback_calls=261603 infer_wait=9986.392s infer_obs_pack=10.943s env_step=6713.273s feedback_total=47.246s feedback_obs_pack=15.249s feedback_info_pack=0.881s effective_fps=62.22
2026-09-28 15:59:00.129 | INFO     | plugrl_env_client.runner.rollout:log_timing_summary:98 - Intermediate rollout timing summary: env_steps=1042505 infer_calls=261602 feedback_calls=261601 infer_wait=10007.969s infer_obs_pack=11.100s env_step=6691.590s feedback_total=47.328s feedback_obs_pack=15.639s feedback_info_pack=0.820s effective_fps=62.21
2026-09-28 15:59:30.117 | INFO     | plugrl_env_client.runner.rollout:log_timing_summary:98 - Intermediate rollout timing summary: env_steps=1045886 infer_calls=262415 feedback_calls=262414 infer_wait=9994.984s infer_obs_pack=10.977s env_step=6734.380s feedback_total=47.391s feedback_obs_pack=15.297s feedback_info_pack=0.884s effective_fps=62.30
2026-09-28 15:59:30.118 | INFO     | plugrl_env_client.runner.rollout:log_timing_summary:98 - Intermediate rollout timing summary: env_steps=1045722 infer_calls=262413 feedback_calls=262412 infer_wait=10006.420s infer_obs_pack=11.040s env_step=6722.085s feedback_total=47.155s feedback_obs_pack=15.367s feedback_info_pack=0.807s effective_fps=62.29
2026-09-28 15:59:30.145 | INFO     | plugrl_env_client.runner.rollout:log_timing_summary:98 - Intermediate rollout timing summary: env_steps=1045740 infer_calls=262414 feedback_calls=262413 infer_wait=10016.654s infer_obs_pack=11.134s env_step=6712.616s feedback_total=47.471s feedback_obs_pack=15.689s feedback_info_pack=0.823s effective_fps=62.29
2026-09-28 16:00:00.129 | INFO     | plugrl_env_client.runner.rollout:log_timing_summary:98 - Intermediate rollout timing summary: env_steps=1048912 infer_calls=263214 feedback_calls=263213 infer_wait=10015.032s infer_obs_pack=11.074s env_step=6743.175s feedback_total=47.299s feedback_obs_pack=15.415s feedback_info_pack=0.809s effective_fps=62.37
2026-09-28 16:00:00.130 | INFO     | plugrl_env_client.runner.rollout:log_timing_summary:98 - Intermediate rollout timing summary: env_steps=1049076 infer_calls=263216 feedback_calls=263215 infer_wait=10003.683s infer_obs_pack=11.011s env_step=6755.388s feedback_total=47.534s feedback_obs_pack=15.344s feedback_info_pack=0.887s effective_fps=62.38
2026-09-28 16:00:00.156 | INFO     | plugrl_env_client.runner.rollout:log_timing_summary:98 - Intermediate rollout timing summary: env_steps=1048937 infer_calls=263215 feedback_calls=263214 infer_wait=10025.256s infer_obs_pack=11.169s env_step=6733.723s feedback_total=47.615s feedback_obs_pack=15.738s feedback_info_pack=0.825s effective_fps=62.37
2026-09-28 16:00:32.458 | INFO     | plugrl_env_client.runner.rollout:log_timing_summary:98 - Intermediate rollout timing summary: env_steps=1052050 infer_calls=264001 feedback_calls=264000 infer_wait=10026.912s infer_obs_pack=11.106s env_step=6763.327s feedback_total=47.441s feedback_obs_pack=15.461s feedback_info_pack=0.812s effective_fps=62.44
2026-09-28 16:00:32.459 | INFO     | plugrl_env_client.runner.rollout:log_timing_summary:98 - Intermediate rollout timing summary: env_steps=1052219 infer_calls=264003 feedback_calls=264002 infer_wait=10015.589s infer_obs_pack=11.043s env_step=6775.508s feedback_total=47.681s feedback_obs_pack=15.395s feedback_info_pack=0.890s effective_fps=62.45
2026-09-28 16:00:32.463 | INFO     | plugrl_env_client.runner.rollout:log_timing_summary:98 - Intermediate rollout timing summary: env_steps=1052067 infer_calls=264001 feedback_calls=264000 infer_wait=10037.098s infer_obs_pack=11.202s env_step=6753.889s feedback_total=47.753s feedback_obs_pack=15.785s feedback_info_pack=0.828s effective_fps=62.44
2026-09-28 16:02:22.466 | INFO     | plugrl_env_client.runner.rollout:log_timing_summary:98 - Intermediate rollout timing summary: env_steps=1052071 infer_calls=264002 feedback_calls=264001 infer_wait=10147.067s infer_obs_pack=11.202s env_step=6753.923s feedback_total=47.753s feedback_obs_pack=15.785s feedback_info_pack=0.828s effective_fps=62.03
2026-09-28 16:02:22.470 | INFO     | plugrl_env_client.runner.rollout:log_timing_summary:98 - Intermediate rollout timing summary: env_steps=1052223 infer_calls=264004 feedback_calls=264003 infer_wait=10125.570s infer_obs_pack=11.043s env_step=6775.537s feedback_total=47.681s feedback_obs_pack=15.395s feedback_info_pack=0.890s effective_fps=62.04
2026-09-28 16:02:22.470 | INFO     | plugrl_env_client.runner.rollout:log_timing_summary:98 - Intermediate rollout timing summary: env_steps=1052054 infer_calls=264002 feedback_calls=264001 infer_wait=10136.897s infer_obs_pack=11.106s env_step=6763.353s feedback_total=47.441s feedback_obs_pack=15.461s feedback_info_pack=0.812s effective_fps=62.04
2026-09-28 16:02:52.470 | INFO     | plugrl_env_client.runner.rollout:log_timing_summary:98 - Intermediate rollout timing summary: env_steps=1055454 infer_calls=264854 feedback_calls=264854 infer_wait=10145.559s infer_obs_pack=11.141s env_step=6784.379s feedback_total=47.589s feedback_obs_pack=15.512s feedback_info_pack=0.814s effective_fps=62.13
2026-09-28 16:02:52.482 | INFO     | plugrl_env_client.runner.rollout:log_timing_summary:98 - Intermediate rollout timing summary: env_steps=1055469 infer_calls=264855 feedback_calls=264854 infer_wait=10155.540s infer_obs_pack=11.238s env_step=6775.149s feedback_total=47.905s feedback_obs_pack=15.835s feedback_info_pack=0.830s effective_fps=62.12
2026-09-28 16:02:52.483 | INFO     | plugrl_env_client.runner.rollout:log_timing_summary:98 - Intermediate rollout timing summary: env_steps=1055629 infer_calls=264857 feedback_calls=264856 infer_wait=10133.079s infer_obs_pack=11.078s env_step=6797.733s feedback_total=47.831s feedback_obs_pack=15.444s feedback_info_pack=0.892s effective_fps=62.13
2026-09-28 16:03:22.477 | INFO     | plugrl_env_client.runner.rollout:log_timing_summary:98 - Intermediate rollout timing summary: env_steps=1058844 infer_calls=265706 feedback_calls=265705 infer_wait=10153.544s infer_obs_pack=11.177s env_step=6806.096s feedback_total=47.732s feedback_obs_pack=15.559s feedback_info_pack=0.817s effective_fps=62.22
2026-09-28 16:03:22.485 | INFO     | plugrl_env_client.runner.rollout:log_timing_summary:98 - Intermediate rollout timing summary: env_steps=1058871 infer_calls=265706 feedback_calls=265705 infer_wait=10163.492s infer_obs_pack=11.276s env_step=6796.900s feedback_total=48.051s feedback_obs_pack=15.884s feedback_info_pack=0.833s effective_fps=62.21
2026-09-28 16:03:22.486 | INFO     | plugrl_env_client.runner.rollout:log_timing_summary:98 - Intermediate rollout timing summary: env_steps=1059024 infer_calls=265708 feedback_calls=265707 infer_wait=10141.756s infer_obs_pack=11.116s env_step=6818.740s feedback_total=47.980s feedback_obs_pack=15.492s feedback_info_pack=0.895s effective_fps=62.22
2026-09-28 16:03:52.477 | INFO     | plugrl_env_client.runner.rollout:log_timing_summary:98 - Intermediate rollout timing summary: env_steps=1062305 infer_calls=266572 feedback_calls=266572 infer_wait=10161.754s infer_obs_pack=11.214s env_step=6827.576s feedback_total=47.878s feedback_obs_pack=15.608s feedback_info_pack=0.819s effective_fps=62.31
2026-09-28 16:03:52.490 | INFO     | plugrl_env_client.runner.rollout:log_timing_summary:98 - Intermediate rollout timing summary: env_steps=1062481 infer_calls=266575 feedback_calls=266574 infer_wait=10150.116s infer_obs_pack=11.152s env_step=6840.072s feedback_total=48.128s feedback_obs_pack=15.541s feedback_info_pack=0.898s effective_fps=62.32
2026-09-28 16:03:52.491 | INFO     | plugrl_env_client.runner.rollout:log_timing_summary:98 - Intermediate rollout timing summary: env_steps=1062325 infer_calls=266573 feedback_calls=266572 infer_wait=10171.427s infer_obs_pack=11.312s env_step=6818.658s feedback_total=48.200s feedback_obs_pack=15.934s feedback_info_pack=0.836s effective_fps=62.31
2026-09-28 16:04:22.479 | INFO     | plugrl_env_client.runner.rollout:log_timing_summary:98 - Intermediate rollout timing summary: env_steps=1065699 infer_calls=267423 feedback_calls=267422 infer_wait=10170.350s infer_obs_pack=11.249s env_step=6848.675s feedback_total=48.019s feedback_obs_pack=15.656s feedback_info_pack=0.822s effective_fps=62.40
2026-09-28 16:04:22.499 | INFO     | plugrl_env_client.runner.rollout:log_timing_summary:98 - Intermediate rollout timing summary: env_steps=1065870 infer_calls=267426 feedback_calls=267425 infer_wait=10157.898s infer_obs_pack=11.187s env_step=6861.995s feedback_total=48.274s feedback_obs_pack=15.590s feedback_info_pack=0.901s effective_fps=62.41
2026-09-28 16:04:22.500 | INFO     | plugrl_env_client.runner.rollout:log_timing_summary:98 - Intermediate rollout timing summary: env_steps=1065722 infer_calls=267424 feedback_calls=267423 infer_wait=10179.790s infer_obs_pack=11.348s env_step=6840.000s feedback_total=48.345s feedback_obs_pack=15.985s feedback_info_pack=0.838s effective_fps=62.40
2026-09-28 16:06:36.319 | INFO     | plugrl_env_client.runner.rollout:log_timing_summary:98 - Final rollout timing summary: env_steps=1068160 infer_calls=268001 feedback_calls=268001 infer_wait=10163.335s infer_obs_pack=11.211s env_step=6876.961s feedback_total=48.379s feedback_obs_pack=15.623s feedback_info_pack=0.903s effective_fps=62.47
2026-09-28 16:06:36.319 | INFO     | plugrl_env_client.runner.run:run:156 - Server signalled the end of the run; collection stopped after 4200/100000000 episodes.
Created environment with name NutAssemblySquare
Action size is 7
2026-09-28 16:06:36.320 | INFO     | plugrl_env_client.runner.rollout:log_timing_summary:98 - Final rollout timing summary: env_steps=1068000 infer_calls=267999 feedback_calls=267999 infer_wait=10175.775s infer_obs_pack=11.272s env_step=6863.678s feedback_total=48.125s feedback_obs_pack=15.691s feedback_info_pack=0.824s effective_fps=62.46
2026-09-28 16:06:36.320 | INFO     | plugrl_env_client.runner.rollout:log_timing_summary:98 - Final rollout timing summary: env_steps=1068020 infer_calls=267999 feedback_calls=267999 infer_wait=10185.765s infer_obs_pack=11.372s env_step=6854.430s feedback_total=48.450s feedback_obs_pack=16.018s feedback_info_pack=0.840s effective_fps=62.46
2026-09-28 16:06:36.320 | INFO     | plugrl_env_client.runner.run:run:156 - Server signalled the end of the run; collection stopped after 4262/100000000 episodes.
2026-09-28 16:06:36.320 | INFO     | plugrl_env_client.runner.run:run:156 - Server signalled the end of the run; collection stopped after 4214/100000000 episodes.
Created environment with name NutAssemblySquare
Action size is 7
Created environment with name NutAssemblySquare
Action size is 7
Exception ignored in: <function MjRenderContext.__del__ at 0x7cc9e7fb13a0>
Traceback (most recent call last):
  File "/home/guangzhao/zuogou/plugrl/plugrl-env-client/.venv-robomimic/lib/python3.11/site-packages/robosuite/utils/binding_utils.py", line 199, in __del__
    self.gl_ctx.free()
  File "/home/guangzhao/zuogou/plugrl/plugrl-env-client/.venv-robomimic/lib/python3.11/site-packages/robosuite/renderers/context/egl_context.py", line 149, in free
    EGL.eglMakeCurrent(EGL_DISPLAY, EGL.EGL_NO_SURFACE, EGL.EGL_NO_SURFACE, EGL.EGL_NO_CONTEXT)
  File "/home/guangzhao/zuogou/plugrl/plugrl-env-client/.venv-robomimic/lib/python3.11/site-packages/OpenGL/error.py", line 228, in glCheckError
    raise GLError(
Exception ignored in: <function MjRenderContext.__del__ at 0x76f7e5bad3a0>
Traceback (most recent call last):
  File "/home/guangzhao/zuogou/plugrl/plugrl-env-client/.venv-robomimic/lib/python3.11/site-packages/robosuite/utils/binding_utils.py", line 199, in __del__
    self.gl_ctx.free()
  File "/home/guangzhao/zuogou/plugrl/plugrl-env-client/.venv-robomimic/lib/python3.11/site-packages/robosuite/renderers/context/egl_context.py", line 149, in free
    EGL.eglMakeCurrent(EGL_DISPLAY, EGL.EGL_NO_SURFACE, EGL.EGL_NO_SURFACE, EGL.EGL_NO_CONTEXT)
  File "/home/guangzhao/zuogou/plugrl/plugrl-env-client/.venv-robomimic/lib/python3.11/site-packages/OpenGL/error.py", line 228, in glCheckError
    raise GLError(
Exception ignored in: <function MjRenderContext.__del__ at 0x74b1169b53a0>
Traceback (most recent call last):
  File "/home/guangzhao/zuogou/plugrl/plugrl-env-client/.venv-robomimic/lib/python3.11/site-packages/robosuite/utils/binding_utils.py", line 199, in __del__
    self.gl_ctx.free()
  File "/home/guangzhao/zuogou/plugrl/plugrl-env-client/.venv-robomimic/lib/python3.11/site-packages/robosuite/renderers/context/egl_context.py", line 149, in free
    EGL.eglMakeCurrent(EGL_DISPLAY, EGL.EGL_NO_SURFACE, EGL.EGL_NO_SURFACE, EGL.EGL_NO_CONTEXT)
  File "/home/guangzhao/zuogou/plugrl/plugrl-env-client/.venv-robomimic/lib/python3.11/site-packages/OpenGL/error.py", line 228, in glCheckError
    raise GLError(
OpenGL.error.GLError: GLError(
	err = 12289,
	baseOperation = eglMakeCurrent,
	cArguments = (
		<OpenGL._opaque.EGLDisplay_pointer object at 0x7cc9be79a4e0>,
		<OpenGL._opaque.EGLSurface_pointer object at 0x7cc9ec9696d0>,
		<OpenGL._opaque.EGLSurface_pointer object at 0x7cc9ec9696d0>,
		<OpenGL._opaque.EGLContext_pointer object at 0x7cc9ec9695b0>,
	),
	result = 0
)
Exception ignored in: <function EGLGLContext.__del__ at 0x7cc9e7fb1260>
Traceback (most recent call last):
  File "/home/guangzhao/zuogou/plugrl/plugrl-env-client/.venv-robomimic/lib/python3.11/site-packages/robosuite/renderers/context/egl_context.py", line 155, in __del__
    self.free()
  File "/home/guangzhao/zuogou/plugrl/plugrl-env-client/.venv-robomimic/lib/python3.11/site-packages/robosuite/renderers/context/egl_context.py", line 149, in free
    EGL.eglMakeCurrent(EGL_DISPLAY, EGL.EGL_NO_SURFACE, EGL.EGL_NO_SURFACE, EGL.EGL_NO_CONTEXT)
  File "/home/guangzhao/zuogou/plugrl/plugrl-env-client/.venv-robomimic/lib/python3.11/site-packages/OpenGL/error.py", line 228, in glCheckError
    raise GLError(
OpenGL.error.GLError: GLError(
	err = 12289,
	baseOperation = eglMakeCurrent,
	cArguments = (
		<OpenGL._opaque.EGLDisplay_pointer object at 0x7cc9be79a4e0>,
		<OpenGL._opaque.EGLSurface_pointer object at 0x7cc9ec9696d0>,
		<OpenGL._opaque.EGLSurface_pointer object at 0x7cc9ec9696d0>,
		<OpenGL._opaque.EGLContext_pointer object at 0x7cc9ec9695b0>,
	),
	result = 0
)
OpenGL.error.GLError: GLError(
	err = 12289,
	baseOperation = eglMakeCurrent,
	cArguments = (
		<OpenGL._opaque.EGLDisplay_pointer object at 0x76f7bc3964e0>,
		<OpenGL._opaque.EGLSurface_pointer object at 0x76f7ea5696d0>,
		<OpenGL._opaque.EGLSurface_pointer object at 0x76f7ea5696d0>,
		<OpenGL._opaque.EGLContext_pointer object at 0x76f7ea5695b0>,
	),
	result = 0
)
Exception ignored in: <function EGLGLContext.__del__ at 0x76f7e5bad260>
Traceback (most recent call last):
  File "/home/guangzhao/zuogou/plugrl/plugrl-env-client/.venv-robomimic/lib/python3.11/site-packages/robosuite/renderers/context/egl_context.py", line 155, in __del__
    self.free()
  File "/home/guangzhao/zuogou/plugrl/plugrl-env-client/.venv-robomimic/lib/python3.11/site-packages/robosuite/renderers/context/egl_context.py", line 149, in free
    EGL.eglMakeCurrent(EGL_DISPLAY, EGL.EGL_NO_SURFACE, EGL.EGL_NO_SURFACE, EGL.EGL_NO_CONTEXT)
  File "/home/guangzhao/zuogou/plugrl/plugrl-env-client/.venv-robomimic/lib/python3.11/site-packages/OpenGL/error.py", line 228, in glCheckError
    raise GLError(
OpenGL.error.GLError: GLError(
	err = 12289,
	baseOperation = eglMakeCurrent,
	cArguments = (
		<OpenGL._opaque.EGLDisplay_pointer object at 0x76f7bc3964e0>,
		<OpenGL._opaque.EGLSurface_pointer object at 0x76f7ea5696d0>,
		<OpenGL._opaque.EGLSurface_pointer object at 0x76f7ea5696d0>,
		<OpenGL._opaque.EGLContext_pointer object at 0x76f7ea5695b0>,
	),
	result = 0
)
OpenGL.error.GLError: GLError(
	err = 12289,
	baseOperation = eglMakeCurrent,
	cArguments = (
		<OpenGL._opaque.EGLDisplay_pointer object at 0x74b0ed19e4e0>,
		<OpenGL._opaque.EGLSurface_pointer object at 0x74b11b36d6d0>,
		<OpenGL._opaque.EGLSurface_pointer object at 0x74b11b36d6d0>,
		<OpenGL._opaque.EGLContext_pointer object at 0x74b11b36d5b0>,
	),
	result = 0
)
Exception ignored in: <function EGLGLContext.__del__ at 0x74b1169b5260>
Traceback (most recent call last):
  File "/home/guangzhao/zuogou/plugrl/plugrl-env-client/.venv-robomimic/lib/python3.11/site-packages/robosuite/renderers/context/egl_context.py", line 155, in __del__
    self.free()
  File "/home/guangzhao/zuogou/plugrl/plugrl-env-client/.venv-robomimic/lib/python3.11/site-packages/robosuite/renderers/context/egl_context.py", line 149, in free
    EGL.eglMakeCurrent(EGL_DISPLAY, EGL.EGL_NO_SURFACE, EGL.EGL_NO_SURFACE, EGL.EGL_NO_CONTEXT)
  File "/home/guangzhao/zuogou/plugrl/plugrl-env-client/.venv-robomimic/lib/python3.11/site-packages/OpenGL/error.py", line 228, in glCheckError
    raise GLError(
OpenGL.error.GLError: GLError(
	err = 12289,
	baseOperation = eglMakeCurrent,
	cArguments = (
		<OpenGL._opaque.EGLDisplay_pointer object at 0x74b0ed19e4e0>,
		<OpenGL._opaque.EGLSurface_pointer object at 0x74b11b36d6d0>,
		<OpenGL._opaque.EGLSurface_pointer object at 0x74b11b36d6d0>,
		<OpenGL._opaque.EGLContext_pointer object at 0x74b11b36d5b0>,
	),
	result = 0
)
