2026-09-28 11:18:54.720 | WARNING  | plugrl_env_client.envs:_load_env_modules:27 - Skip loading env module plugrl_env_client.envs.classic.classic_env: pygame is not installed. Please install it with pip install "plugrl-env-client[classic]".
2026-09-28 11:18:54.720 | WARNING  | plugrl_env_client.envs:_load_env_modules:27 - Skip loading env module plugrl_env_client.envs.atari.atari_env: Atari is not installed. Please install it with the 'atari' extra, e.g. 'pip install plugrl-env-client[atari]'
2026-09-28 11:18:54.720 | WARNING  | plugrl_env_client.envs:_load_env_modules:27 - Skip loading env module plugrl_env_client.envs.d4rl.d4rl_env: d4rl is not installed. Please install it with pip install "plugrl-env-client[d4rl]".
2026-09-28 11:18:54.721 | WARNING  | plugrl_env_client.envs:_load_env_modules:27 - Skip loading env module plugrl_env_client.envs.libero.libero_env: libero is not installed. Please install it with pip install "plugrl-env-client[libero]".
[robosuite WARNING] No private macro file found! (macros.py:53)
[robosuite WARNING] It is recommended to use a private macro file (macros.py:54)
[robosuite WARNING] To setup, run: python /home/guangzhao/zuogou/plugrl/plugrl-env-client/.venv-robomimic/lib/python3.11/site-packages/robosuite/scripts/setup_macros.py (macros.py:55)
2026-09-28 11:18:55.391 | INFO     | __main__:main:83 - Starting env client exp_name=robomimic-v1-nenv1-20260928-111855-8e178dc9 output_dir=runs/robomimic-v1-nenv1-20260928-111855-8e178dc9 recorder={'episode_freq': 0, 'thread0_only': True, 'record_video': False, 'video_fps': 30.0, 'record_full_rollout': False, 'record_obs_stats': True, 'record_episode_metrics': True, 'metric_window': 100}
2026-09-28 11:18:55.496 | WARNING  | plugrl_env_client.envs:_load_env_modules:27 - Skip loading env module plugrl_env_client.envs.classic.classic_env: pygame is not installed. Please install it with pip install "plugrl-env-client[classic]".
2026-09-28 11:18:55.497 | WARNING  | plugrl_env_client.envs:_load_env_modules:27 - Skip loading env module plugrl_env_client.envs.atari.atari_env: Atari is not installed. Please install it with the 'atari' extra, e.g. 'pip install plugrl-env-client[atari]'
2026-09-28 11:18:55.497 | WARNING  | plugrl_env_client.envs:_load_env_modules:27 - Skip loading env module plugrl_env_client.envs.d4rl.d4rl_env: d4rl is not installed. Please install it with pip install "plugrl-env-client[d4rl]".
2026-09-28 11:18:55.497 | WARNING  | plugrl_env_client.envs:_load_env_modules:27 - Skip loading env module plugrl_env_client.envs.libero.libero_env: libero is not installed. Please install it with pip install "plugrl-env-client[libero]".
2026-09-28 11:18:55.502 | WARNING  | plugrl_env_client.envs:_load_env_modules:27 - Skip loading env module plugrl_env_client.envs.classic.classic_env: pygame is not installed. Please install it with pip install "plugrl-env-client[classic]".
2026-09-28 11:18:55.502 | WARNING  | plugrl_env_client.envs:_load_env_modules:27 - Skip loading env module plugrl_env_client.envs.atari.atari_env: Atari is not installed. Please install it with the 'atari' extra, e.g. 'pip install plugrl-env-client[atari]'
2026-09-28 11:18:55.502 | WARNING  | plugrl_env_client.envs:_load_env_modules:27 - Skip loading env module plugrl_env_client.envs.d4rl.d4rl_env: d4rl is not installed. Please install it with pip install "plugrl-env-client[d4rl]".
2026-09-28 11:18:55.503 | WARNING  | plugrl_env_client.envs:_load_env_modules:27 - Skip loading env module plugrl_env_client.envs.libero.libero_env: libero is not installed. Please install it with pip install "plugrl-env-client[libero]".
2026-09-28 11:18:55.504 | WARNING  | plugrl_env_client.envs:_load_env_modules:27 - Skip loading env module plugrl_env_client.envs.classic.classic_env: pygame is not installed. Please install it with pip install "plugrl-env-client[classic]".
2026-09-28 11:18:55.504 | WARNING  | plugrl_env_client.envs:_load_env_modules:27 - Skip loading env module plugrl_env_client.envs.atari.atari_env: Atari is not installed. Please install it with the 'atari' extra, e.g. 'pip install plugrl-env-client[atari]'
2026-09-28 11:18:55.504 | WARNING  | plugrl_env_client.envs:_load_env_modules:27 - Skip loading env module plugrl_env_client.envs.d4rl.d4rl_env: d4rl is not installed. Please install it with pip install "plugrl-env-client[d4rl]".
2026-09-28 11:18:55.505 | WARNING  | plugrl_env_client.envs:_load_env_modules:27 - Skip loading env module plugrl_env_client.envs.libero.libero_env: libero is not installed. Please install it with pip install "plugrl-env-client[libero]".
[robosuite WARNING] No private macro file found! (macros.py:53)
[robosuite WARNING] It is recommended to use a private macro file (macros.py:54)
[robosuite WARNING] To setup, run: python /home/guangzhao/zuogou/plugrl/plugrl-env-client/.venv-robomimic/lib/python3.11/site-packages/robosuite/scripts/setup_macros.py (macros.py:55)
[robosuite WARNING] No private macro file found! (macros.py:53)
[robosuite WARNING] It is recommended to use a private macro file (macros.py:54)
[robosuite WARNING] To setup, run: python /home/guangzhao/zuogou/plugrl/plugrl-env-client/.venv-robomimic/lib/python3.11/site-packages/robosuite/scripts/setup_macros.py (macros.py:55)
[robosuite WARNING] No private macro file found! (macros.py:53)
[robosuite WARNING] It is recommended to use a private macro file (macros.py:54)
[robosuite WARNING] To setup, run: python /home/guangzhao/zuogou/plugrl/plugrl-env-client/.venv-robomimic/lib/python3.11/site-packages/robosuite/scripts/setup_macros.py (macros.py:55)
2026-09-28 11:18:57.306 | INFO     | plugrl_env_client.agent.websocket_env_client_agent:_wait_for_server:67 - Waiting for server at ws://127.0.0.1:9701...
2026-09-28 11:18:57.308 | INFO     | plugrl_env_client.runner.run:report_server_metadata:56 - Server metadata: {'protocol_version': 1, 'server': 'plugrl-server', 'server_version': '0.1.0', 'algorithm': 'FPOAlgorithm', 'policy': 'FPOPolicy', 'action_dim': 7, 'action_horizon': 4}
2026-09-28 11:18:57.376 | INFO     | plugrl_env_client.agent.websocket_env_client_agent:_wait_for_server:67 - Waiting for server at ws://127.0.0.1:9701...
2026-09-28 11:18:57.378 | INFO     | plugrl_env_client.runner.run:report_server_metadata:56 - Server metadata: {'protocol_version': 1, 'server': 'plugrl-server', 'server_version': '0.1.0', 'algorithm': 'FPOAlgorithm', 'policy': 'FPOPolicy', 'action_dim': 7, 'action_horizon': 4}
2026-09-28 11:18:57.381 | INFO     | plugrl_env_client.agent.websocket_env_client_agent:_wait_for_server:67 - Waiting for server at ws://127.0.0.1:9701...
2026-09-28 11:18:57.383 | INFO     | plugrl_env_client.runner.run:report_server_metadata:56 - Server metadata: {'protocol_version': 1, 'server': 'plugrl-server', 'server_version': '0.1.0', 'algorithm': 'FPOAlgorithm', 'policy': 'FPOPolicy', 'action_dim': 7, 'action_horizon': 4}
2026-09-28 11:19:27.323 | INFO     | plugrl_env_client.runner.rollout:log_timing_summary:98 - Intermediate rollout timing summary: env_steps=3316 infer_calls=833 feedback_calls=833 infer_wait=8.344s infer_obs_pack=0.035s env_step=21.350s feedback_total=0.155s feedback_obs_pack=0.051s feedback_info_pack=0.003s effective_fps=110.97
2026-09-28 11:19:27.388 | INFO     | plugrl_env_client.runner.rollout:log_timing_summary:98 - Intermediate rollout timing summary: env_steps=3315 infer_calls=833 feedback_calls=832 infer_wait=8.621s infer_obs_pack=0.035s env_step=21.069s feedback_total=0.146s feedback_obs_pack=0.047s feedback_info_pack=0.003s effective_fps=110.98
2026-09-28 11:19:27.393 | INFO     | plugrl_env_client.runner.rollout:log_timing_summary:98 - Intermediate rollout timing summary: env_steps=3324 infer_calls=833 feedback_calls=833 infer_wait=8.518s infer_obs_pack=0.035s env_step=21.176s feedback_total=0.147s feedback_obs_pack=0.046s feedback_info_pack=0.002s effective_fps=111.26
2026-09-28 11:19:57.324 | INFO     | plugrl_env_client.runner.rollout:log_timing_summary:98 - Intermediate rollout timing summary: env_steps=6608 infer_calls=1661 feedback_calls=1660 infer_wait=16.938s infer_obs_pack=0.069s env_step=42.450s feedback_total=0.303s feedback_obs_pack=0.103s feedback_info_pack=0.005s effective_fps=110.58
2026-09-28 11:19:57.397 | INFO     | plugrl_env_client.runner.rollout:log_timing_summary:98 - Intermediate rollout timing summary: env_steps=6622 infer_calls=1660 feedback_calls=1660 infer_wait=17.230s infer_obs_pack=0.069s env_step=42.170s feedback_total=0.288s feedback_obs_pack=0.094s feedback_info_pack=0.005s effective_fps=110.81
2026-09-28 11:19:57.410 | INFO     | plugrl_env_client.runner.rollout:log_timing_summary:98 - Intermediate rollout timing summary: env_steps=6614 infer_calls=1661 feedback_calls=1660 infer_wait=17.286s infer_obs_pack=0.069s env_step=42.123s feedback_total=0.290s feedback_obs_pack=0.095s feedback_info_pack=0.005s effective_fps=110.66
2026-09-28 11:20:27.331 | INFO     | plugrl_env_client.runner.rollout:log_timing_summary:98 - Intermediate rollout timing summary: env_steps=9908 infer_calls=2487 feedback_calls=2486 infer_wait=25.496s infer_obs_pack=0.103s env_step=63.602s feedback_total=0.448s feedback_obs_pack=0.150s feedback_info_pack=0.008s effective_fps=110.52
2026-09-28 11:20:27.402 | INFO     | plugrl_env_client.runner.rollout:log_timing_summary:98 - Intermediate rollout timing summary: env_steps=9913 infer_calls=2486 feedback_calls=2486 infer_wait=25.677s infer_obs_pack=0.103s env_step=63.425s feedback_total=0.435s feedback_obs_pack=0.141s feedback_info_pack=0.007s effective_fps=110.59
2026-09-28 11:20:27.418 | INFO     | plugrl_env_client.runner.rollout:log_timing_summary:98 - Intermediate rollout timing summary: env_steps=9914 infer_calls=2487 feedback_calls=2486 infer_wait=25.672s infer_obs_pack=0.103s env_step=63.442s feedback_total=0.438s feedback_obs_pack=0.142s feedback_info_pack=0.008s effective_fps=110.58
2026-09-28 11:20:57.338 | INFO     | plugrl_env_client.runner.rollout:log_timing_summary:98 - Intermediate rollout timing summary: env_steps=13247 infer_calls=3323 feedback_calls=3322 infer_wait=33.760s infer_obs_pack=0.138s env_step=85.037s feedback_total=0.598s feedback_obs_pack=0.198s feedback_info_pack=0.011s effective_fps=110.82
2026-09-28 11:20:57.413 | INFO     | plugrl_env_client.runner.rollout:log_timing_summary:98 - Intermediate rollout timing summary: env_steps=13254 infer_calls=3323 feedback_calls=3322 infer_wait=34.056s infer_obs_pack=0.137s env_step=84.760s feedback_total=0.578s feedback_obs_pack=0.188s feedback_info_pack=0.010s effective_fps=110.88
2026-09-28 11:20:57.425 | INFO     | plugrl_env_client.runner.rollout:log_timing_summary:98 - Intermediate rollout timing summary: env_steps=13239 infer_calls=3323 feedback_calls=3322 infer_wait=34.168s infer_obs_pack=0.137s env_step=84.634s feedback_total=0.589s feedback_obs_pack=0.190s feedback_info_pack=0.010s effective_fps=110.76
2026-09-28 11:23:15.848 | INFO     | plugrl_env_client.runner.rollout:log_timing_summary:98 - Intermediate rollout timing summary: env_steps=15956 infer_calls=4001 feedback_calls=4000 infer_wait=154.730s infer_obs_pack=0.165s env_step=102.272s feedback_total=0.702s feedback_obs_pack=0.226s feedback_info_pack=0.012s effective_fps=61.88
2026-09-28 11:23:15.855 | INFO     | plugrl_env_client.runner.rollout:log_timing_summary:98 - Intermediate rollout timing summary: env_steps=15941 infer_calls=4001 feedback_calls=4000 infer_wait=155.204s infer_obs_pack=0.165s env_step=101.780s feedback_total=0.709s feedback_obs_pack=0.229s feedback_info_pack=0.013s effective_fps=61.82
2026-09-28 11:23:15.855 | INFO     | plugrl_env_client.runner.rollout:log_timing_summary:98 - Intermediate rollout timing summary: env_steps=15956 infer_calls=4003 feedback_calls=4002 infer_wait=155.040s infer_obs_pack=0.170s env_step=102.020s feedback_total=0.721s feedback_obs_pack=0.240s feedback_info_pack=0.013s effective_fps=61.86
2026-09-28 11:23:45.853 | INFO     | plugrl_env_client.runner.rollout:log_timing_summary:98 - Intermediate rollout timing summary: env_steps=19214 infer_calls=4817 feedback_calls=4816 infer_wait=163.363s infer_obs_pack=0.199s env_step=123.347s feedback_total=0.848s feedback_obs_pack=0.273s feedback_info_pack=0.014s effective_fps=66.77
2026-09-28 11:23:45.856 | INFO     | plugrl_env_client.runner.rollout:log_timing_summary:98 - Intermediate rollout timing summary: env_steps=19197 infer_calls=4817 feedback_calls=4816 infer_wait=163.746s infer_obs_pack=0.199s env_step=122.930s feedback_total=0.857s feedback_obs_pack=0.277s feedback_info_pack=0.015s effective_fps=66.72
2026-09-28 11:23:45.861 | INFO     | plugrl_env_client.runner.rollout:log_timing_summary:98 - Intermediate rollout timing summary: env_steps=19219 infer_calls=4819 feedback_calls=4819 infer_wait=163.137s infer_obs_pack=0.214s env_step=123.615s feedback_total=0.875s feedback_obs_pack=0.288s feedback_info_pack=0.016s effective_fps=66.77
2026-09-28 11:24:15.856 | INFO     | plugrl_env_client.runner.rollout:log_timing_summary:98 - Intermediate rollout timing summary: env_steps=22495 infer_calls=5641 feedback_calls=5640 infer_wait=171.626s infer_obs_pack=0.233s env_step=144.779s feedback_total=0.998s feedback_obs_pack=0.319s feedback_info_pack=0.017s effective_fps=70.82
2026-09-28 11:24:15.862 | INFO     | plugrl_env_client.runner.rollout:log_timing_summary:98 - Intermediate rollout timing summary: env_steps=22481 infer_calls=5641 feedback_calls=5640 infer_wait=172.324s infer_obs_pack=0.233s env_step=144.059s feedback_total=1.000s feedback_obs_pack=0.324s feedback_info_pack=0.018s effective_fps=70.78
2026-09-28 11:24:15.862 | INFO     | plugrl_env_client.runner.rollout:log_timing_summary:98 - Intermediate rollout timing summary: env_steps=22503 infer_calls=5643 feedback_calls=5642 infer_wait=171.699s infer_obs_pack=0.248s env_step=144.756s feedback_total=1.020s feedback_obs_pack=0.335s feedback_info_pack=0.018s effective_fps=70.83
2026-09-28 11:24:45.859 | INFO     | plugrl_env_client.runner.rollout:log_timing_summary:98 - Intermediate rollout timing summary: env_steps=25816 infer_calls=6474 feedback_calls=6473 infer_wait=179.797s infer_obs_pack=0.268s env_step=166.310s feedback_total=1.146s feedback_obs_pack=0.367s feedback_info_pack=0.019s effective_fps=74.29
2026-09-28 11:24:45.865 | INFO     | plugrl_env_client.runner.rollout:log_timing_summary:98 - Intermediate rollout timing summary: env_steps=25822 infer_calls=6476 feedback_calls=6475 infer_wait=180.149s infer_obs_pack=0.283s env_step=166.004s feedback_total=1.168s feedback_obs_pack=0.383s feedback_info_pack=0.021s effective_fps=74.29
2026-09-28 11:24:45.871 | INFO     | plugrl_env_client.runner.rollout:log_timing_summary:98 - Intermediate rollout timing summary: env_steps=25807 infer_calls=6474 feedback_calls=6474 infer_wait=180.731s infer_obs_pack=0.268s env_step=165.355s feedback_total=1.146s feedback_obs_pack=0.372s feedback_info_pack=0.020s effective_fps=74.26
2026-09-28 11:25:15.867 | INFO     | plugrl_env_client.runner.rollout:log_timing_summary:98 - Intermediate rollout timing summary: env_steps=29094 infer_calls=7298 feedback_calls=7297 infer_wait=188.303s infer_obs_pack=0.302s env_step=187.509s feedback_total=1.291s feedback_obs_pack=0.414s feedback_info_pack=0.022s effective_fps=77.09
2026-09-28 11:25:15.868 | INFO     | plugrl_env_client.runner.rollout:log_timing_summary:98 - Intermediate rollout timing summary: env_steps=29106 infer_calls=7300 feedback_calls=7299 infer_wait=189.058s infer_obs_pack=0.318s env_step=186.790s feedback_total=1.321s feedback_obs_pack=0.435s feedback_info_pack=0.024s effective_fps=77.10
2026-09-28 11:25:15.874 | INFO     | plugrl_env_client.runner.rollout:log_timing_summary:98 - Intermediate rollout timing summary: env_steps=29092 infer_calls=7298 feedback_calls=7297 infer_wait=188.817s infer_obs_pack=0.302s env_step=186.963s feedback_total=1.293s feedback_obs_pack=0.419s feedback_info_pack=0.023s effective_fps=77.09
2026-09-28 11:27:34.315 | INFO     | plugrl_env_client.runner.rollout:log_timing_summary:98 - Intermediate rollout timing summary: env_steps=31888 infer_calls=8001 feedback_calls=8000 infer_wait=308.826s infer_obs_pack=0.331s env_step=205.125s feedback_total=1.423s feedback_obs_pack=0.461s feedback_info_pack=0.025s effective_fps=61.83
2026-09-28 11:27:34.317 | INFO     | plugrl_env_client.runner.rollout:log_timing_summary:98 - Intermediate rollout timing summary: env_steps=31900 infer_calls=8001 feedback_calls=8000 infer_wait=308.561s infer_obs_pack=0.331s env_step=205.450s feedback_total=1.414s feedback_obs_pack=0.455s feedback_info_pack=0.024s effective_fps=61.85
2026-09-28 11:27:34.319 | INFO     | plugrl_env_client.runner.rollout:log_timing_summary:98 - Intermediate rollout timing summary: env_steps=31912 infer_calls=8003 feedback_calls=8002 infer_wait=309.145s infer_obs_pack=0.348s env_step=204.901s feedback_total=1.443s feedback_obs_pack=0.476s feedback_info_pack=0.026s effective_fps=61.86
2026-09-28 11:28:04.317 | INFO     | plugrl_env_client.runner.rollout:log_timing_summary:98 - Intermediate rollout timing summary: env_steps=35146 infer_calls=8818 feedback_calls=8818 infer_wait=317.472s infer_obs_pack=0.364s env_step=226.180s feedback_total=1.568s feedback_obs_pack=0.509s feedback_info_pack=0.028s effective_fps=64.42
2026-09-28 11:28:04.319 | INFO     | plugrl_env_client.runner.rollout:log_timing_summary:98 - Intermediate rollout timing summary: env_steps=35160 infer_calls=8818 feedback_calls=8818 infer_wait=316.747s infer_obs_pack=0.364s env_step=226.973s feedback_total=1.557s feedback_obs_pack=0.501s feedback_info_pack=0.027s effective_fps=64.44
2026-09-28 11:28:04.335 | INFO     | plugrl_env_client.runner.rollout:log_timing_summary:98 - Intermediate rollout timing summary: env_steps=35174 infer_calls=8821 feedback_calls=8820 infer_wait=317.694s infer_obs_pack=0.383s env_step=226.059s feedback_total=1.595s feedback_obs_pack=0.523s feedback_info_pack=0.032s effective_fps=64.45
2026-09-28 11:28:34.321 | INFO     | plugrl_env_client.runner.rollout:log_timing_summary:98 - Intermediate rollout timing summary: env_steps=38443 infer_calls=9641 feedback_calls=9640 infer_wait=324.656s infer_obs_pack=0.398s env_step=248.766s feedback_total=1.702s feedback_obs_pack=0.549s feedback_info_pack=0.029s effective_fps=66.80
2026-09-28 11:28:34.323 | INFO     | plugrl_env_client.runner.rollout:log_timing_summary:98 - Intermediate rollout timing summary: env_steps=38428 infer_calls=9641 feedback_calls=9640 infer_wait=326.281s infer_obs_pack=0.399s env_step=247.078s feedback_total=1.710s feedback_obs_pack=0.556s feedback_info_pack=0.030s effective_fps=66.78
2026-09-28 11:28:34.341 | INFO     | plugrl_env_client.runner.rollout:log_timing_summary:98 - Intermediate rollout timing summary: env_steps=38457 infer_calls=9644 feedback_calls=9643 infer_wait=326.453s infer_obs_pack=0.418s env_step=247.001s feedback_total=1.744s feedback_obs_pack=0.572s feedback_info_pack=0.035s effective_fps=66.81
2026-09-28 11:29:04.333 | INFO     | plugrl_env_client.runner.rollout:log_timing_summary:98 - Intermediate rollout timing summary: env_steps=41712 infer_calls=10462 feedback_calls=10461 infer_wait=333.053s infer_obs_pack=0.432s env_step=270.079s feedback_total=1.848s feedback_obs_pack=0.598s feedback_info_pack=0.032s effective_fps=68.90
2026-09-28 11:29:04.334 | INFO     | plugrl_env_client.runner.rollout:log_timing_summary:98 - Intermediate rollout timing summary: env_steps=41704 infer_calls=10462 feedback_calls=10461 infer_wait=335.094s infer_obs_pack=0.434s env_step=267.965s feedback_total=1.855s feedback_obs_pack=0.603s feedback_info_pack=0.033s effective_fps=68.89
2026-09-28 11:29:04.347 | INFO     | plugrl_env_client.runner.rollout:log_timing_summary:98 - Intermediate rollout timing summary: env_steps=41721 infer_calls=10464 feedback_calls=10463 infer_wait=335.086s infer_obs_pack=0.452s env_step=268.072s feedback_total=1.891s feedback_obs_pack=0.619s feedback_info_pack=0.037s effective_fps=68.90
2026-09-28 11:29:34.341 | INFO     | plugrl_env_client.runner.rollout:log_timing_summary:98 - Intermediate rollout timing summary: env_steps=45029 infer_calls=11294 feedback_calls=11293 infer_wait=341.768s infer_obs_pack=0.466s env_step=291.070s feedback_total=1.993s feedback_obs_pack=0.644s feedback_info_pack=0.034s effective_fps=70.88
2026-09-28 11:29:34.341 | INFO     | plugrl_env_client.runner.rollout:log_timing_summary:98 - Intermediate rollout timing summary: env_steps=45023 infer_calls=11294 feedback_calls=11293 infer_wait=343.358s infer_obs_pack=0.471s env_step=289.396s feedback_total=2.005s feedback_obs_pack=0.651s feedback_info_pack=0.035s effective_fps=70.88
2026-09-28 11:29:34.353 | INFO     | plugrl_env_client.runner.rollout:log_timing_summary:98 - Intermediate rollout timing summary: env_steps=45041 infer_calls=11296 feedback_calls=11295 infer_wait=343.448s infer_obs_pack=0.487s env_step=289.414s feedback_total=2.034s feedback_obs_pack=0.669s feedback_info_pack=0.040s effective_fps=70.89
2026-09-28 11:31:52.753 | INFO     | plugrl_env_client.runner.rollout:log_timing_summary:98 - Intermediate rollout timing summary: env_steps=47844 infer_calls=12001 feedback_calls=12000 infer_wait=463.107s infer_obs_pack=0.500s env_step=307.800s feedback_total=2.127s feedback_obs_pack=0.692s feedback_info_pack=0.038s effective_fps=61.85
2026-09-28 11:31:52.757 | INFO     | plugrl_env_client.runner.rollout:log_timing_summary:98 - Intermediate rollout timing summary: env_steps=47858 infer_calls=12003 feedback_calls=12002 infer_wait=463.638s infer_obs_pack=0.517s env_step=307.363s feedback_total=2.161s feedback_obs_pack=0.711s feedback_info_pack=0.042s effective_fps=61.86
2026-09-28 11:31:52.758 | INFO     | plugrl_env_client.runner.rollout:log_timing_summary:98 - Intermediate rollout timing summary: env_steps=47849 infer_calls=12001 feedback_calls=12000 infer_wait=461.826s infer_obs_pack=0.495s env_step=309.169s feedback_total=2.121s feedback_obs_pack=0.685s feedback_info_pack=0.036s effective_fps=61.85
2026-09-28 11:32:22.758 | INFO     | plugrl_env_client.runner.rollout:log_timing_summary:98 - Intermediate rollout timing summary: env_steps=51130 infer_calls=12825 feedback_calls=12824 infer_wait=472.416s infer_obs_pack=0.552s env_step=328.277s feedback_total=2.311s feedback_obs_pack=0.763s feedback_info_pack=0.045s effective_fps=63.63
2026-09-28 11:32:22.759 | INFO     | plugrl_env_client.runner.rollout:log_timing_summary:98 - Intermediate rollout timing summary: env_steps=51122 infer_calls=12823 feedback_calls=12822 infer_wait=471.616s infer_obs_pack=0.535s env_step=328.990s feedback_total=2.274s feedback_obs_pack=0.740s feedback_info_pack=0.040s effective_fps=63.63
2026-09-28 11:32:22.764 | INFO     | plugrl_env_client.runner.rollout:log_timing_summary:98 - Intermediate rollout timing summary: env_steps=51130 infer_calls=12823 feedback_calls=12822 infer_wait=469.934s infer_obs_pack=0.529s env_step=330.760s feedback_total=2.270s feedback_obs_pack=0.732s feedback_info_pack=0.039s effective_fps=63.63
2026-09-28 11:32:52.762 | INFO     | plugrl_env_client.runner.rollout:log_timing_summary:98 - Intermediate rollout timing summary: env_steps=54404 infer_calls=13647 feedback_calls=13646 infer_wait=480.186s infer_obs_pack=0.569s env_step=350.112s feedback_total=2.421s feedback_obs_pack=0.788s feedback_info_pack=0.043s effective_fps=65.29
2026-09-28 11:32:52.763 | INFO     | plugrl_env_client.runner.rollout:log_timing_summary:98 - Intermediate rollout timing summary: env_steps=54419 infer_calls=13649 feedback_calls=13648 infer_wait=480.976s infer_obs_pack=0.587s env_step=349.425s feedback_total=2.453s feedback_obs_pack=0.811s feedback_info_pack=0.048s effective_fps=65.29
2026-09-28 11:32:52.765 | INFO     | plugrl_env_client.runner.rollout:log_timing_summary:98 - Intermediate rollout timing summary: env_steps=54411 infer_calls=13647 feedback_calls=13646 infer_wait=478.314s infer_obs_pack=0.564s env_step=352.082s feedback_total=2.410s feedback_obs_pack=0.779s feedback_info_pack=0.041s effective_fps=65.29
2026-09-28 11:33:22.763 | INFO     | plugrl_env_client.runner.rollout:log_timing_summary:98 - Intermediate rollout timing summary: env_steps=57686 infer_calls=14471 feedback_calls=14471 infer_wait=489.704s infer_obs_pack=0.622s env_step=370.390s feedback_total=2.597s feedback_obs_pack=0.860s feedback_info_pack=0.051s effective_fps=66.82
2026-09-28 11:33:22.767 | INFO     | plugrl_env_client.runner.rollout:log_timing_summary:98 - Intermediate rollout timing summary: env_steps=57676 infer_calls=14469 feedback_calls=14469 infer_wait=488.894s infer_obs_pack=0.604s env_step=371.100s feedback_total=2.564s feedback_obs_pack=0.837s feedback_info_pack=0.045s effective_fps=66.82
2026-09-28 11:33:22.785 | INFO     | plugrl_env_client.runner.rollout:log_timing_summary:98 - Intermediate rollout timing summary: env_steps=57694 infer_calls=14470 feedback_calls=14469 infer_wait=486.596s infer_obs_pack=0.598s env_step=373.518s feedback_total=2.553s feedback_obs_pack=0.826s feedback_info_pack=0.044s effective_fps=66.83
2026-09-28 11:33:52.767 | INFO     | plugrl_env_client.runner.rollout:log_timing_summary:98 - Intermediate rollout timing summary: env_steps=60991 infer_calls=15302 feedback_calls=15301 infer_wait=497.011s infer_obs_pack=0.639s env_step=392.674s feedback_total=2.715s feedback_obs_pack=0.885s feedback_info_pack=0.048s effective_fps=68.30
2026-09-28 11:33:52.776 | INFO     | plugrl_env_client.runner.rollout:log_timing_summary:98 - Intermediate rollout timing summary: env_steps=60998 infer_calls=15304 feedback_calls=15303 infer_wait=498.312s infer_obs_pack=0.657s env_step=391.481s feedback_total=2.742s feedback_obs_pack=0.908s feedback_info_pack=0.054s effective_fps=68.29
2026-09-28 11:33:52.786 | INFO     | plugrl_env_client.runner.rollout:log_timing_summary:98 - Intermediate rollout timing summary: env_steps=61015 infer_calls=15302 feedback_calls=15302 infer_wait=495.257s infer_obs_pack=0.632s env_step=394.551s feedback_total=2.696s feedback_obs_pack=0.873s feedback_info_pack=0.046s effective_fps=68.32
2026-09-28 11:36:11.999 | INFO     | plugrl_env_client.runner.rollout:log_timing_summary:98 - Intermediate rollout timing summary: env_steps=63781 infer_calls=16001 feedback_calls=16000 infer_wait=618.095s infer_obs_pack=0.668s env_step=410.567s feedback_total=2.839s feedback_obs_pack=0.926s feedback_info_pack=0.050s effective_fps=61.79
2026-09-28 11:36:12.004 | INFO     | plugrl_env_client.runner.rollout:log_timing_summary:98 - Intermediate rollout timing summary: env_steps=63782 infer_calls=16003 feedback_calls=16002 infer_wait=619.496s infer_obs_pack=0.686s env_step=409.263s feedback_total=2.870s feedback_obs_pack=0.950s feedback_info_pack=0.056s effective_fps=61.79
2026-09-28 11:36:12.009 | INFO     | plugrl_env_client.runner.rollout:log_timing_summary:98 - Intermediate rollout timing summary: env_steps=63796 infer_calls=16001 feedback_calls=16000 infer_wait=616.544s infer_obs_pack=0.661s env_step=412.228s feedback_total=2.817s feedback_obs_pack=0.913s feedback_info_pack=0.048s effective_fps=61.80
2026-09-28 11:36:41.999 | INFO     | plugrl_env_client.runner.rollout:log_timing_summary:98 - Intermediate rollout timing summary: env_steps=67076 infer_calls=16829 feedback_calls=16828 infer_wait=626.513s infer_obs_pack=0.703s env_step=431.836s feedback_total=2.990s feedback_obs_pack=0.973s feedback_info_pack=0.053s effective_fps=63.16
2026-09-28 11:36:42.006 | INFO     | plugrl_env_client.runner.rollout:log_timing_summary:98 - Intermediate rollout timing summary: env_steps=67083 infer_calls=16831 feedback_calls=16830 infer_wait=628.023s infer_obs_pack=0.721s env_step=430.426s feedback_total=3.023s feedback_obs_pack=1.001s feedback_info_pack=0.059s effective_fps=63.16
2026-09-28 11:36:42.028 | INFO     | plugrl_env_client.runner.rollout:log_timing_summary:98 - Intermediate rollout timing summary: env_steps=67101 infer_calls=16830 feedback_calls=16829 infer_wait=624.862s infer_obs_pack=0.696s env_step=433.624s feedback_total=2.965s feedback_obs_pack=0.961s feedback_info_pack=0.051s effective_fps=63.17
2026-09-28 11:37:12.001 | INFO     | plugrl_env_client.runner.rollout:log_timing_summary:98 - Intermediate rollout timing summary: env_steps=70315 infer_calls=17639 feedback_calls=17639 infer_wait=634.936s infer_obs_pack=0.736s env_step=453.121s feedback_total=3.130s feedback_obs_pack=1.020s feedback_info_pack=0.055s effective_fps=64.40
2026-09-28 11:37:12.008 | INFO     | plugrl_env_client.runner.rollout:log_timing_summary:98 - Intermediate rollout timing summary: env_steps=70316 infer_calls=17641 feedback_calls=17641 infer_wait=636.359s infer_obs_pack=0.756s env_step=451.797s feedback_total=3.166s feedback_obs_pack=1.048s feedback_info_pack=0.061s effective_fps=64.39
2026-09-28 11:37:12.031 | INFO     | plugrl_env_client.runner.rollout:log_timing_summary:98 - Intermediate rollout timing summary: env_steps=70330 infer_calls=17640 feedback_calls=17639 infer_wait=633.694s infer_obs_pack=0.729s env_step=454.498s feedback_total=3.107s feedback_obs_pack=1.008s feedback_info_pack=0.053s effective_fps=64.40
2026-09-28 11:37:42.009 | INFO     | plugrl_env_client.runner.rollout:log_timing_summary:98 - Intermediate rollout timing summary: env_steps=73585 infer_calls=18462 feedback_calls=18461 infer_wait=643.423s infer_obs_pack=0.771s env_step=474.329s feedback_total=3.280s feedback_obs_pack=1.069s feedback_info_pack=0.058s effective_fps=65.60
2026-09-28 11:37:42.009 | INFO     | plugrl_env_client.runner.rollout:log_timing_summary:98 - Intermediate rollout timing summary: env_steps=73592 infer_calls=18464 feedback_calls=18463 infer_wait=645.189s infer_obs_pack=0.790s env_step=472.658s feedback_total=3.312s feedback_obs_pack=1.097s feedback_info_pack=0.064s effective_fps=65.59
2026-09-28 11:37:42.043 | INFO     | plugrl_env_client.runner.rollout:log_timing_summary:98 - Intermediate rollout timing summary: env_steps=73608 infer_calls=18463 feedback_calls=18462 infer_wait=642.089s infer_obs_pack=0.763s env_step=475.811s feedback_total=3.253s feedback_obs_pack=1.056s feedback_info_pack=0.056s effective_fps=65.61
2026-09-28 11:38:12.011 | INFO     | plugrl_env_client.runner.rollout:log_timing_summary:98 - Intermediate rollout timing summary: env_steps=76823 infer_calls=19273 feedback_calls=19272 infer_wait=652.060s infer_obs_pack=0.806s env_step=495.390s feedback_total=3.428s feedback_obs_pack=1.118s feedback_info_pack=0.060s effective_fps=66.70
2026-09-28 11:38:12.014 | INFO     | plugrl_env_client.runner.rollout:log_timing_summary:98 - Intermediate rollout timing summary: env_steps=76834 infer_calls=19275 feedback_calls=19275 infer_wait=653.849s infer_obs_pack=0.824s env_step=493.708s feedback_total=3.455s feedback_obs_pack=1.144s feedback_info_pack=0.067s effective_fps=66.71
2026-09-28 11:38:12.044 | INFO     | plugrl_env_client.runner.rollout:log_timing_summary:98 - Intermediate rollout timing summary: env_steps=76847 infer_calls=19274 feedback_calls=19273 infer_wait=650.122s infer_obs_pack=0.798s env_step=497.476s feedback_total=3.400s feedback_obs_pack=1.106s feedback_info_pack=0.058s effective_fps=66.72
2026-09-28 11:40:31.024 | INFO     | plugrl_env_client.runner.rollout:log_timing_summary:98 - Intermediate rollout timing summary: env_steps=79745 infer_calls=20001 feedback_calls=20000 infer_wait=770.826s infer_obs_pack=0.827s env_step=515.487s feedback_total=3.528s feedback_obs_pack=1.147s feedback_info_pack=0.061s effective_fps=61.79
2026-09-28 11:40:31.024 | INFO     | plugrl_env_client.runner.rollout:log_timing_summary:98 - Intermediate rollout timing summary: env_steps=79727 infer_calls=20003 feedback_calls=20002 infer_wait=774.357s infer_obs_pack=0.854s env_step=511.936s feedback_total=3.585s feedback_obs_pack=1.187s feedback_info_pack=0.069s effective_fps=61.77
2026-09-28 11:40:31.027 | INFO     | plugrl_env_client.runner.rollout:log_timing_summary:98 - Intermediate rollout timing summary: env_steps=79725 infer_calls=20001 feedback_calls=20000 infer_wait=772.313s infer_obs_pack=0.836s env_step=513.887s feedback_total=3.557s feedback_obs_pack=1.160s feedback_info_pack=0.063s effective_fps=61.77
2026-09-28 11:41:01.027 | INFO     | plugrl_env_client.runner.rollout:log_timing_summary:98 - Intermediate rollout timing summary: env_steps=83026 infer_calls=20824 feedback_calls=20824 infer_wait=779.191s infer_obs_pack=0.862s env_step=536.822s feedback_total=3.676s feedback_obs_pack=1.194s feedback_info_pack=0.063s effective_fps=62.87
2026-09-28 11:41:01.028 | INFO     | plugrl_env_client.runner.rollout:log_timing_summary:98 - Intermediate rollout timing summary: env_steps=83019 infer_calls=20826 feedback_calls=20826 infer_wait=782.811s infer_obs_pack=0.889s env_step=533.195s feedback_total=3.728s feedback_obs_pack=1.234s feedback_info_pack=0.072s effective_fps=62.86
2026-09-28 11:41:01.031 | INFO     | plugrl_env_client.runner.rollout:log_timing_summary:98 - Intermediate rollout timing summary: env_steps=83007 infer_calls=20824 feedback_calls=20823 infer_wait=780.813s infer_obs_pack=0.870s env_step=535.078s feedback_total=3.705s feedback_obs_pack=1.208s feedback_info_pack=0.065s effective_fps=62.86
2026-09-28 11:41:31.039 | INFO     | plugrl_env_client.runner.rollout:log_timing_summary:98 - Intermediate rollout timing summary: env_steps=86340 infer_calls=21658 feedback_calls=21657 infer_wait=791.354s infer_obs_pack=0.924s env_step=554.363s feedback_total=3.875s feedback_obs_pack=1.283s feedback_info_pack=0.075s effective_fps=63.93
2026-09-28 11:41:31.040 | INFO     | plugrl_env_client.runner.rollout:log_timing_summary:98 - Intermediate rollout timing summary: env_steps=86317 infer_calls=21656 feedback_calls=21655 infer_wait=789.282s infer_obs_pack=0.905s env_step=556.307s feedback_total=3.854s feedback_obs_pack=1.256s feedback_info_pack=0.068s effective_fps=63.92
2026-09-28 11:41:31.043 | INFO     | plugrl_env_client.runner.rollout:log_timing_summary:98 - Intermediate rollout timing summary: env_steps=86340 infer_calls=21656 feedback_calls=21655 infer_wait=787.457s infer_obs_pack=0.896s env_step=558.274s feedback_total=3.821s feedback_obs_pack=1.241s feedback_info_pack=0.066s effective_fps=63.93
2026-09-28 11:42:01.042 | INFO     | plugrl_env_client.runner.rollout:log_timing_summary:98 - Intermediate rollout timing summary: env_steps=89584 infer_calls=22475 feedback_calls=22475 infer_wait=797.848s infer_obs_pack=0.938s env_step=577.444s feedback_total=3.997s feedback_obs_pack=1.303s feedback_info_pack=0.071s effective_fps=64.91
2026-09-28 11:42:01.045 | INFO     | plugrl_env_client.runner.rollout:log_timing_summary:98 - Intermediate rollout timing summary: env_steps=89610 infer_calls=22477 feedback_calls=22477 infer_wait=799.847s infer_obs_pack=0.958s env_step=575.575s feedback_total=4.027s feedback_obs_pack=1.331s feedback_info_pack=0.078s effective_fps=64.92
2026-09-28 11:42:01.046 | INFO     | plugrl_env_client.runner.rollout:log_timing_summary:98 - Intermediate rollout timing summary: env_steps=89607 infer_calls=22475 feedback_calls=22475 infer_wait=795.920s infer_obs_pack=0.929s env_step=579.513s feedback_total=3.964s feedback_obs_pack=1.289s feedback_info_pack=0.068s effective_fps=64.92
2026-09-28 11:42:31.044 | INFO     | plugrl_env_client.runner.rollout:log_timing_summary:98 - Intermediate rollout timing summary: env_steps=92917 infer_calls=23310 feedback_calls=23309 infer_wait=806.505s infer_obs_pack=0.973s env_step=598.475s feedback_total=4.145s feedback_obs_pack=1.351s feedback_info_pack=0.073s effective_fps=65.89
2026-09-28 11:42:31.051 | INFO     | plugrl_env_client.runner.rollout:log_timing_summary:98 - Intermediate rollout timing summary: env_steps=92942 infer_calls=23312 feedback_calls=23312 infer_wait=808.163s infer_obs_pack=0.993s env_step=596.958s feedback_total=4.177s feedback_obs_pack=1.380s feedback_info_pack=0.080s effective_fps=65.90
2026-09-28 11:42:31.052 | INFO     | plugrl_env_client.runner.rollout:log_timing_summary:98 - Intermediate rollout timing summary: env_steps=92938 infer_calls=23310 feedback_calls=23309 infer_wait=804.462s infer_obs_pack=0.965s env_step=600.665s feedback_total=4.107s feedback_obs_pack=1.336s feedback_info_pack=0.071s effective_fps=65.90
2026-09-28 11:44:48.149 | INFO     | plugrl_env_client.runner.rollout:log_timing_summary:98 - Intermediate rollout timing summary: env_steps=95671 infer_calls=24001 feedback_calls=24000 infer_wait=925.752s infer_obs_pack=1.002s env_step=616.075s feedback_total=4.270s feedback_obs_pack=1.391s feedback_info_pack=0.076s effective_fps=61.84
2026-09-28 11:44:48.149 | INFO     | plugrl_env_client.runner.rollout:log_timing_summary:98 - Intermediate rollout timing summary: env_steps=95689 infer_calls=24001 feedback_calls=24000 infer_wait=924.066s infer_obs_pack=0.993s env_step=617.908s feedback_total=4.225s feedback_obs_pack=1.376s feedback_info_pack=0.073s effective_fps=61.85
2026-09-28 11:44:48.155 | INFO     | plugrl_env_client.runner.rollout:log_timing_summary:98 - Intermediate rollout timing summary: env_steps=95690 infer_calls=24003 feedback_calls=24002 infer_wait=927.612s infer_obs_pack=1.023s env_step=614.350s feedback_total=4.307s feedback_obs_pack=1.420s feedback_info_pack=0.083s effective_fps=61.84
2026-09-28 11:45:18.150 | INFO     | plugrl_env_client.runner.rollout:log_timing_summary:98 - Intermediate rollout timing summary: env_steps=98939 infer_calls=24821 feedback_calls=24820 infer_wait=934.097s infer_obs_pack=1.036s env_step=637.420s feedback_total=4.421s feedback_obs_pack=1.443s feedback_info_pack=0.078s effective_fps=62.74
2026-09-28 11:45:18.155 | INFO     | plugrl_env_client.runner.rollout:log_timing_summary:98 - Intermediate rollout timing summary: env_steps=98968 infer_calls=24821 feedback_calls=24821 infer_wait=932.500s infer_obs_pack=1.027s env_step=639.183s feedback_total=4.371s feedback_obs_pack=1.425s feedback_info_pack=0.075s effective_fps=62.75
2026-09-28 11:45:18.161 | INFO     | plugrl_env_client.runner.rollout:log_timing_summary:98 - Intermediate rollout timing summary: env_steps=98960 infer_calls=24823 feedback_calls=24823 infer_wait=936.108s infer_obs_pack=1.058s env_step=635.557s feedback_total=4.451s feedback_obs_pack=1.468s feedback_info_pack=0.085s effective_fps=62.75
2026-09-28 11:45:48.152 | INFO     | plugrl_env_client.runner.rollout:log_timing_summary:98 - Intermediate rollout timing summary: env_steps=102234 infer_calls=25649 feedback_calls=25648 infer_wait=942.627s infer_obs_pack=1.072s env_step=658.578s feedback_total=4.570s feedback_obs_pack=1.491s feedback_info_pack=0.081s effective_fps=63.62
2026-09-28 11:45:48.159 | INFO     | plugrl_env_client.runner.rollout:log_timing_summary:98 - Intermediate rollout timing summary: env_steps=102266 infer_calls=25649 feedback_calls=25648 infer_wait=940.782s infer_obs_pack=1.062s env_step=660.604s feedback_total=4.514s feedback_obs_pack=1.473s feedback_info_pack=0.078s effective_fps=63.64
2026-09-28 11:45:48.185 | INFO     | plugrl_env_client.runner.rollout:log_timing_summary:98 - Intermediate rollout timing summary: env_steps=102263 infer_calls=25652 feedback_calls=25651 infer_wait=944.952s infer_obs_pack=1.096s env_step=656.422s feedback_total=4.600s feedback_obs_pack=1.516s feedback_info_pack=0.088s effective_fps=63.63
2026-09-28 11:46:18.154 | INFO     | plugrl_env_client.runner.rollout:log_timing_summary:98 - Intermediate rollout timing summary: env_steps=105535 infer_calls=26476 feedback_calls=26475 infer_wait=951.312s infer_obs_pack=1.106s env_step=679.589s feedback_total=4.715s feedback_obs_pack=1.539s feedback_info_pack=0.084s effective_fps=64.48
2026-09-28 11:46:18.159 | INFO     | plugrl_env_client.runner.rollout:log_timing_summary:98 - Intermediate rollout timing summary: env_steps=105559 infer_calls=26476 feedback_calls=26475 infer_wait=948.826s infer_obs_pack=1.095s env_step=682.255s feedback_total=4.662s feedback_obs_pack=1.523s feedback_info_pack=0.080s effective_fps=64.49
2026-09-28 11:46:18.193 | INFO     | plugrl_env_client.runner.rollout:log_timing_summary:98 - Intermediate rollout timing summary: env_steps=105567 infer_calls=26479 feedback_calls=26478 infer_wait=953.640s infer_obs_pack=1.130s env_step=677.437s feedback_total=4.753s feedback_obs_pack=1.569s feedback_info_pack=0.091s effective_fps=64.49
2026-09-28 11:46:48.157 | INFO     | plugrl_env_client.runner.rollout:log_timing_summary:98 - Intermediate rollout timing summary: env_steps=108816 infer_calls=27298 feedback_calls=27297 infer_wait=959.981s infer_obs_pack=1.140s env_step=700.617s feedback_total=4.864s feedback_obs_pack=1.587s feedback_info_pack=0.086s effective_fps=65.29
2026-09-28 11:46:48.161 | INFO     | plugrl_env_client.runner.rollout:log_timing_summary:98 - Intermediate rollout timing summary: env_steps=108835 infer_calls=27298 feedback_calls=27297 infer_wait=957.041s infer_obs_pack=1.130s env_step=703.746s feedback_total=4.802s feedback_obs_pack=1.570s feedback_info_pack=0.083s effective_fps=65.30
2026-09-28 11:46:48.195 | INFO     | plugrl_env_client.runner.rollout:log_timing_summary:98 - Intermediate rollout timing summary: env_steps=108843 infer_calls=27301 feedback_calls=27300 infer_wait=962.259s infer_obs_pack=1.169s env_step=698.509s feedback_total=4.904s feedback_obs_pack=1.617s feedback_info_pack=0.093s effective_fps=65.30
2026-09-28 11:49:05.831 | INFO     | plugrl_env_client.runner.rollout:log_timing_summary:98 - Intermediate rollout timing summary: env_steps=111649 infer_calls=28003 feedback_calls=28002 infer_wait=1081.583s infer_obs_pack=1.201s env_step=716.565s feedback_total=5.026s feedback_obs_pack=1.658s feedback_info_pack=0.096s effective_fps=61.88
2026-09-28 11:49:05.831 | INFO     | plugrl_env_client.runner.rollout:log_timing_summary:98 - Intermediate rollout timing summary: env_steps=111632 infer_calls=28001 feedback_calls=28000 infer_wait=1076.901s infer_obs_pack=1.159s env_step=721.295s feedback_total=4.927s feedback_obs_pack=1.610s feedback_info_pack=0.085s effective_fps=61.87
2026-09-28 11:49:05.833 | INFO     | plugrl_env_client.runner.rollout:log_timing_summary:98 - Intermediate rollout timing summary: env_steps=111625 infer_calls=28001 feedback_calls=28000 infer_wait=1079.315s infer_obs_pack=1.169s env_step=718.697s feedback_total=4.991s feedback_obs_pack=1.629s feedback_info_pack=0.088s effective_fps=61.87
2026-09-28 11:49:35.836 | INFO     | plugrl_env_client.runner.rollout:log_timing_summary:98 - Intermediate rollout timing summary: env_steps=114884 infer_calls=28816 feedback_calls=28815 infer_wait=1085.146s infer_obs_pack=1.192s env_step=742.756s feedback_total=5.074s feedback_obs_pack=1.657s feedback_info_pack=0.087s effective_fps=62.64
2026-09-28 11:49:35.836 | INFO     | plugrl_env_client.runner.rollout:log_timing_summary:98 - Intermediate rollout timing summary: env_steps=114868 infer_calls=28816 feedback_calls=28815 infer_wait=1087.960s infer_obs_pack=1.203s env_step=739.742s feedback_total=5.142s feedback_obs_pack=1.679s feedback_info_pack=0.091s effective_fps=62.63
2026-09-28 11:49:35.837 | INFO     | plugrl_env_client.runner.rollout:log_timing_summary:98 - Intermediate rollout timing summary: env_steps=114901 infer_calls=28818 feedback_calls=28817 infer_wait=1090.026s infer_obs_pack=1.235s env_step=737.828s feedback_total=5.175s feedback_obs_pack=1.706s feedback_info_pack=0.098s effective_fps=62.64
2026-09-28 11:50:05.838 | INFO     | plugrl_env_client.runner.rollout:log_timing_summary:98 - Intermediate rollout timing summary: env_steps=118130 infer_calls=29635 feedback_calls=29634 infer_wait=1096.627s infer_obs_pack=1.237s env_step=760.767s feedback_total=5.291s feedback_obs_pack=1.727s feedback_info_pack=0.094s effective_fps=63.38
2026-09-28 11:50:05.840 | INFO     | plugrl_env_client.runner.rollout:log_timing_summary:98 - Intermediate rollout timing summary: env_steps=118161 infer_calls=29637 feedback_calls=29636 infer_wait=1098.848s infer_obs_pack=1.273s env_step=758.694s feedback_total=5.324s feedback_obs_pack=1.755s feedback_info_pack=0.101s effective_fps=63.39
2026-09-28 11:50:05.840 | INFO     | plugrl_env_client.runner.rollout:log_timing_summary:98 - Intermediate rollout timing summary: env_steps=118152 infer_calls=29635 feedback_calls=29634 infer_wait=1093.512s infer_obs_pack=1.226s env_step=764.091s feedback_total=5.218s feedback_obs_pack=1.705s feedback_info_pack=0.090s effective_fps=63.38
2026-09-28 11:50:35.846 | INFO     | plugrl_env_client.runner.rollout:log_timing_summary:98 - Intermediate rollout timing summary: env_steps=121448 infer_calls=30462 feedback_calls=30461 infer_wait=1107.253s infer_obs_pack=1.307s env_step=779.994s feedback_total=5.469s feedback_obs_pack=1.803s feedback_info_pack=0.104s effective_fps=64.12
2026-09-28 11:50:35.846 | INFO     | plugrl_env_client.runner.rollout:log_timing_summary:98 - Intermediate rollout timing summary: env_steps=121439 infer_calls=30460 feedback_calls=30459 infer_wait=1102.061s infer_obs_pack=1.259s env_step=785.250s feedback_total=5.360s feedback_obs_pack=1.753s feedback_info_pack=0.092s effective_fps=64.12
2026-09-28 11:50:35.849 | INFO     | plugrl_env_client.runner.rollout:log_timing_summary:98 - Intermediate rollout timing summary: env_steps=121422 infer_calls=30460 feedback_calls=30459 infer_wait=1105.312s infer_obs_pack=1.271s env_step=781.777s feedback_total=5.438s feedback_obs_pack=1.775s feedback_info_pack=0.096s effective_fps=64.12
2026-09-28 11:51:05.846 | INFO     | plugrl_env_client.runner.rollout:log_timing_summary:98 - Intermediate rollout timing summary: env_steps=124683 infer_calls=31272 feedback_calls=31272 infer_wait=1115.615s infer_obs_pack=1.341s env_step=801.335s feedback_total=5.612s feedback_obs_pack=1.852s feedback_info_pack=0.107s effective_fps=64.81
2026-09-28 11:51:05.852 | INFO     | plugrl_env_client.runner.rollout:log_timing_summary:98 - Intermediate rollout timing summary: env_steps=124651 infer_calls=31270 feedback_calls=31270 infer_wait=1114.059s infer_obs_pack=1.305s env_step=802.729s feedback_total=5.583s feedback_obs_pack=1.823s feedback_info_pack=0.099s effective_fps=64.80
2026-09-28 11:51:05.864 | INFO     | plugrl_env_client.runner.rollout:log_timing_summary:98 - Intermediate rollout timing summary: env_steps=124669 infer_calls=31271 feedback_calls=31270 infer_wait=1110.979s infer_obs_pack=1.294s env_step=806.052s feedback_total=5.502s feedback_obs_pack=1.800s feedback_info_pack=0.095s effective_fps=64.80
2026-09-28 11:53:25.732 | INFO     | plugrl_env_client.runner.rollout:log_timing_summary:98 - Intermediate rollout timing summary: env_steps=127566 infer_calls=32001 feedback_calls=32000 infer_wait=1234.630s infer_obs_pack=1.336s env_step=821.764s feedback_total=5.713s feedback_obs_pack=1.866s feedback_info_pack=0.101s effective_fps=61.82
2026-09-28 11:53:25.738 | INFO     | plugrl_env_client.runner.rollout:log_timing_summary:98 - Intermediate rollout timing summary: env_steps=127591 infer_calls=32003 feedback_calls=32002 infer_wait=1236.624s infer_obs_pack=1.372s env_step=819.939s feedback_total=5.750s feedback_obs_pack=1.896s feedback_info_pack=0.109s effective_fps=61.83
2026-09-28 11:53:25.739 | INFO     | plugrl_env_client.runner.rollout:log_timing_summary:98 - Intermediate rollout timing summary: env_steps=127575 infer_calls=32001 feedback_calls=32000 infer_wait=1232.068s infer_obs_pack=1.325s env_step=824.563s feedback_total=5.634s feedback_obs_pack=1.843s feedback_info_pack=0.097s effective_fps=61.82
2026-09-28 11:53:55.734 | INFO     | plugrl_env_client.runner.rollout:log_timing_summary:98 - Intermediate rollout timing summary: env_steps=130787 infer_calls=32808 feedback_calls=32807 infer_wait=1242.701s infer_obs_pack=1.369s env_step=843.387s feedback_total=5.862s feedback_obs_pack=1.914s feedback_info_pack=0.104s effective_fps=62.48
2026-09-28 11:53:55.754 | INFO     | plugrl_env_client.runner.rollout:log_timing_summary:98 - Intermediate rollout timing summary: env_steps=130806 infer_calls=32811 feedback_calls=32810 infer_wait=1245.576s infer_obs_pack=1.406s env_step=840.691s feedback_total=5.906s feedback_obs_pack=1.943s feedback_info_pack=0.112s effective_fps=62.48
2026-09-28 11:53:55.757 | INFO     | plugrl_env_client.runner.rollout:log_timing_summary:98 - Intermediate rollout timing summary: env_steps=130791 infer_calls=32809 feedback_calls=32808 infer_wait=1240.982s infer_obs_pack=1.359s env_step=845.360s feedback_total=5.776s feedback_obs_pack=1.889s feedback_info_pack=0.100s effective_fps=62.48
2026-09-28 11:54:25.738 | INFO     | plugrl_env_client.runner.rollout:log_timing_summary:98 - Intermediate rollout timing summary: env_steps=134078 infer_calls=33635 feedback_calls=33634 infer_wait=1251.221s infer_obs_pack=1.403s env_step=864.565s feedback_total=6.006s feedback_obs_pack=1.962s feedback_info_pack=0.106s effective_fps=63.15
2026-09-28 11:54:25.756 | INFO     | plugrl_env_client.runner.rollout:log_timing_summary:98 - Intermediate rollout timing summary: env_steps=134104 infer_calls=33637 feedback_calls=33637 infer_wait=1254.050s infer_obs_pack=1.441s env_step=861.916s feedback_total=6.052s feedback_obs_pack=1.992s feedback_info_pack=0.114s effective_fps=63.15
2026-09-28 11:54:25.767 | INFO     | plugrl_env_client.runner.rollout:log_timing_summary:98 - Intermediate rollout timing summary: env_steps=134089 infer_calls=33636 feedback_calls=33635 infer_wait=1249.559s infer_obs_pack=1.393s env_step=866.487s feedback_total=5.918s feedback_obs_pack=1.936s feedback_info_pack=0.102s effective_fps=63.15
2026-09-28 11:54:55.749 | INFO     | plugrl_env_client.runner.rollout:log_timing_summary:98 - Intermediate rollout timing summary: env_steps=137349 infer_calls=34456 feedback_calls=34455 infer_wait=1259.671s infer_obs_pack=1.437s env_step=885.821s feedback_total=6.151s feedback_obs_pack=2.009s feedback_info_pack=0.109s effective_fps=63.79
2026-09-28 11:54:55.781 | INFO     | plugrl_env_client.runner.rollout:log_timing_summary:98 - Intermediate rollout timing summary: env_steps=137363 infer_calls=34457 feedback_calls=34456 infer_wait=1258.422s infer_obs_pack=1.427s env_step=887.331s feedback_total=6.062s feedback_obs_pack=1.983s feedback_info_pack=0.105s effective_fps=63.79
2026-09-28 11:54:55.783 | INFO     | plugrl_env_client.runner.rollout:log_timing_summary:98 - Intermediate rollout timing summary: env_steps=137373 infer_calls=34459 feedback_calls=34458 infer_wait=1262.817s infer_obs_pack=1.475s env_step=882.868s feedback_total=6.197s feedback_obs_pack=2.040s feedback_info_pack=0.117s effective_fps=63.79
2026-09-28 11:55:25.757 | INFO     | plugrl_env_client.runner.rollout:log_timing_summary:98 - Intermediate rollout timing summary: env_steps=140650 infer_calls=35283 feedback_calls=35282 infer_wait=1268.100s infer_obs_pack=1.471s env_step=907.095s feedback_total=6.299s feedback_obs_pack=2.057s feedback_info_pack=0.112s effective_fps=64.43
2026-09-28 11:55:25.791 | INFO     | plugrl_env_client.runner.rollout:log_timing_summary:98 - Intermediate rollout timing summary: env_steps=140672 infer_calls=35286 feedback_calls=35285 infer_wait=1271.370s infer_obs_pack=1.511s env_step=904.019s feedback_total=6.344s feedback_obs_pack=2.091s feedback_info_pack=0.120s effective_fps=64.43
2026-09-28 11:55:25.799 | INFO     | plugrl_env_client.runner.rollout:log_timing_summary:98 - Intermediate rollout timing summary: env_steps=140659 infer_calls=35284 feedback_calls=35283 infer_wait=1267.020s infer_obs_pack=1.461s env_step=908.443s feedback_total=6.208s feedback_obs_pack=2.031s feedback_info_pack=0.107s effective_fps=64.43
2026-09-28 11:57:44.666 | INFO     | plugrl_env_client.runner.rollout:log_timing_summary:98 - Intermediate rollout timing summary: env_steps=143515 infer_calls=36001 feedback_calls=36000 infer_wait=1388.262s infer_obs_pack=1.501s env_step=925.572s feedback_total=6.431s feedback_obs_pack=2.101s feedback_info_pack=0.114s effective_fps=61.81
2026-09-28 11:57:44.669 | INFO     | plugrl_env_client.runner.rollout:log_timing_summary:98 - Intermediate rollout timing summary: env_steps=143531 infer_calls=36003 feedback_calls=36002 infer_wait=1391.957s infer_obs_pack=1.541s env_step=922.043s feedback_total=6.474s feedback_obs_pack=2.133s feedback_info_pack=0.122s effective_fps=61.81
2026-09-28 11:57:44.669 | INFO     | plugrl_env_client.runner.rollout:log_timing_summary:98 - Intermediate rollout timing summary: env_steps=143517 infer_calls=36001 feedback_calls=36000 infer_wait=1387.635s infer_obs_pack=1.491s env_step=926.432s feedback_total=6.338s feedback_obs_pack=2.072s feedback_info_pack=0.109s effective_fps=61.81
2026-09-28 11:58:14.680 | INFO     | plugrl_env_client.runner.rollout:log_timing_summary:98 - Intermediate rollout timing summary: env_steps=146790 infer_calls=36823 feedback_calls=36822 infer_wait=1396.610s infer_obs_pack=1.535s env_step=946.931s feedback_total=6.579s feedback_obs_pack=2.148s feedback_info_pack=0.116s effective_fps=62.42
2026-09-28 11:58:14.681 | INFO     | plugrl_env_client.runner.rollout:log_timing_summary:98 - Intermediate rollout timing summary: env_steps=146813 infer_calls=36825 feedback_calls=36824 infer_wait=1400.727s infer_obs_pack=1.575s env_step=942.985s feedback_total=6.621s feedback_obs_pack=2.182s feedback_info_pack=0.125s effective_fps=62.42
2026-09-28 11:58:14.682 | INFO     | plugrl_env_client.runner.rollout:log_timing_summary:98 - Intermediate rollout timing summary: env_steps=146801 infer_calls=36823 feedback_calls=36822 infer_wait=1395.926s infer_obs_pack=1.526s env_step=947.854s feedback_total=6.482s feedback_obs_pack=2.119s feedback_info_pack=0.112s effective_fps=62.42
2026-09-28 11:58:44.687 | INFO     | plugrl_env_client.runner.rollout:log_timing_summary:98 - Intermediate rollout timing summary: env_steps=150108 infer_calls=37654 feedback_calls=37653 infer_wait=1405.075s infer_obs_pack=1.570s env_step=968.166s feedback_total=6.725s feedback_obs_pack=2.196s feedback_info_pack=0.119s effective_fps=63.03
2026-09-28 11:58:44.687 | INFO     | plugrl_env_client.runner.rollout:log_timing_summary:98 - Intermediate rollout timing summary: env_steps=150130 infer_calls=37656 feedback_calls=37655 infer_wait=1409.322s infer_obs_pack=1.610s env_step=964.087s feedback_total=6.770s feedback_obs_pack=2.231s feedback_info_pack=0.128s effective_fps=63.03
2026-09-28 11:58:44.687 | INFO     | plugrl_env_client.runner.rollout:log_timing_summary:98 - Intermediate rollout timing summary: env_steps=150111 infer_calls=37654 feedback_calls=37653 infer_wait=1404.115s infer_obs_pack=1.560s env_step=969.364s feedback_total=6.625s feedback_obs_pack=2.166s feedback_info_pack=0.114s effective_fps=63.03
2026-09-28 11:59:14.697 | INFO     | plugrl_env_client.runner.rollout:log_timing_summary:98 - Intermediate rollout timing summary: env_steps=153393 infer_calls=38477 feedback_calls=38476 infer_wait=1413.635s infer_obs_pack=1.604s env_step=989.309s feedback_total=6.873s feedback_obs_pack=2.244s feedback_info_pack=0.122s effective_fps=63.61
2026-09-28 11:59:14.698 | INFO     | plugrl_env_client.runner.rollout:log_timing_summary:98 - Intermediate rollout timing summary: env_steps=153416 infer_calls=38479 feedback_calls=38478 infer_wait=1417.811s infer_obs_pack=1.645s env_step=985.315s feedback_total=6.913s feedback_obs_pack=2.278s feedback_info_pack=0.131s effective_fps=63.61
2026-09-28 11:59:14.702 | INFO     | plugrl_env_client.runner.rollout:log_timing_summary:98 - Intermediate rollout timing summary: env_steps=153387 infer_calls=38477 feedback_calls=38476 infer_wait=1412.590s infer_obs_pack=1.596s env_step=990.599s feedback_total=6.771s feedback_obs_pack=2.215s feedback_info_pack=0.117s effective_fps=63.61
2026-09-28 11:59:44.699 | INFO     | plugrl_env_client.runner.rollout:log_timing_summary:98 - Intermediate rollout timing summary: env_steps=156683 infer_calls=39301 feedback_calls=39300 infer_wait=1422.232s infer_obs_pack=1.639s env_step=1010.408s feedback_total=7.018s feedback_obs_pack=2.292s feedback_info_pack=0.124s effective_fps=64.18
2026-09-28 11:59:44.699 | INFO     | plugrl_env_client.runner.rollout:log_timing_summary:98 - Intermediate rollout timing summary: env_steps=156708 infer_calls=39303 feedback_calls=39303 infer_wait=1426.056s infer_obs_pack=1.680s env_step=1006.765s feedback_total=7.059s feedback_obs_pack=2.326s feedback_info_pack=0.133s effective_fps=64.18
2026-09-28 11:59:44.721 | INFO     | plugrl_env_client.runner.rollout:log_timing_summary:98 - Intermediate rollout timing summary: env_steps=156676 infer_calls=39302 feedback_calls=39301 infer_wait=1421.041s infer_obs_pack=1.629s env_step=1011.868s feedback_total=6.913s feedback_obs_pack=2.261s feedback_info_pack=0.119s effective_fps=64.17
2026-09-28 12:02:02.570 | INFO     | plugrl_env_client.runner.rollout:log_timing_summary:98 - Intermediate rollout timing summary: env_steps=159489 infer_calls=40003 feedback_calls=40002 infer_wait=1546.208s infer_obs_pack=1.709s env_step=1024.226s feedback_total=7.183s feedback_obs_pack=2.367s feedback_info_pack=0.136s effective_fps=61.83
2026-09-28 12:02:02.574 | INFO     | plugrl_env_client.runner.rollout:log_timing_summary:98 - Intermediate rollout timing summary: env_steps=159466 infer_calls=40001 feedback_calls=40000 infer_wait=1541.022s infer_obs_pack=1.658s env_step=1029.488s feedback_total=7.037s feedback_obs_pack=2.302s feedback_info_pack=0.122s effective_fps=61.83
2026-09-28 12:02:02.578 | INFO     | plugrl_env_client.runner.rollout:log_timing_summary:98 - Intermediate rollout timing summary: env_steps=159468 infer_calls=40001 feedback_calls=40000 infer_wait=1542.240s infer_obs_pack=1.667s env_step=1028.016s feedback_total=7.140s feedback_obs_pack=2.332s feedback_info_pack=0.127s effective_fps=61.83
2026-09-28 12:02:32.573 | INFO     | plugrl_env_client.runner.rollout:log_timing_summary:98 - Intermediate rollout timing summary: env_steps=162740 infer_calls=40817 feedback_calls=40816 infer_wait=1554.606s infer_obs_pack=1.745s env_step=1045.530s feedback_total=7.328s feedback_obs_pack=2.416s feedback_info_pack=0.138s effective_fps=62.37
2026-09-28 12:02:32.574 | INFO     | plugrl_env_client.runner.rollout:log_timing_summary:98 - Intermediate rollout timing summary: env_steps=162712 infer_calls=40815 feedback_calls=40814 infer_wait=1549.781s infer_obs_pack=1.692s env_step=1050.424s feedback_total=7.179s feedback_obs_pack=2.349s feedback_info_pack=0.124s effective_fps=62.36
2026-09-28 12:02:32.582 | INFO     | plugrl_env_client.runner.rollout:log_timing_summary:98 - Intermediate rollout timing summary: env_steps=162721 infer_calls=40815 feedback_calls=40814 infer_wait=1550.698s infer_obs_pack=1.701s env_step=1049.255s feedback_total=7.286s feedback_obs_pack=2.381s feedback_info_pack=0.129s effective_fps=62.37
2026-09-28 12:03:02.574 | INFO     | plugrl_env_client.runner.rollout:log_timing_summary:98 - Intermediate rollout timing summary: env_steps=166047 infer_calls=41648 feedback_calls=41647 infer_wait=1563.018s infer_obs_pack=1.779s env_step=1066.810s feedback_total=7.474s feedback_obs_pack=2.465s feedback_info_pack=0.141s effective_fps=62.92
2026-09-28 12:03:02.580 | INFO     | plugrl_env_client.runner.rollout:log_timing_summary:98 - Intermediate rollout timing summary: env_steps=166026 infer_calls=41646 feedback_calls=41645 infer_wait=1558.278s infer_obs_pack=1.727s env_step=1071.624s feedback_total=7.326s feedback_obs_pack=2.396s feedback_info_pack=0.127s effective_fps=62.91
2026-09-28 12:03:02.588 | INFO     | plugrl_env_client.runner.rollout:log_timing_summary:98 - Intermediate rollout timing summary: env_steps=166034 infer_calls=41646 feedback_calls=41645 infer_wait=1559.144s infer_obs_pack=1.736s env_step=1070.503s feedback_total=7.431s feedback_obs_pack=2.433s feedback_info_pack=0.132s effective_fps=62.92
2026-09-28 12:03:32.589 | INFO     | plugrl_env_client.runner.rollout:log_timing_summary:98 - Intermediate rollout timing summary: env_steps=169307 infer_calls=42466 feedback_calls=42465 infer_wait=1571.905s infer_obs_pack=1.814s env_step=1087.629s feedback_total=7.620s feedback_obs_pack=2.514s feedback_info_pack=0.144s effective_fps=63.44
2026-09-28 12:03:32.591 | INFO     | plugrl_env_client.runner.rollout:log_timing_summary:98 - Intermediate rollout timing summary: env_steps=169296 infer_calls=42464 feedback_calls=42463 infer_wait=1567.518s infer_obs_pack=1.770s env_step=1091.827s feedback_total=7.574s feedback_obs_pack=2.481s feedback_info_pack=0.134s effective_fps=63.44
2026-09-28 12:03:32.591 | INFO     | plugrl_env_client.runner.rollout:log_timing_summary:98 - Intermediate rollout timing summary: env_steps=169287 infer_calls=42464 feedback_calls=42463 infer_wait=1566.861s infer_obs_pack=1.762s env_step=1092.750s feedback_total=7.473s feedback_obs_pack=2.443s feedback_info_pack=0.129s effective_fps=63.43
2026-09-28 12:04:02.593 | INFO     | plugrl_env_client.runner.rollout:log_timing_summary:98 - Intermediate rollout timing summary: env_steps=172508 infer_calls=43272 feedback_calls=43271 infer_wait=1575.416s infer_obs_pack=1.795s env_step=1113.895s feedback_total=7.616s feedback_obs_pack=2.489s feedback_info_pack=0.132s effective_fps=63.92
2026-09-28 12:04:02.594 | INFO     | plugrl_env_client.runner.rollout:log_timing_summary:98 - Intermediate rollout timing summary: env_steps=172516 infer_calls=43272 feedback_calls=43271 infer_wait=1575.947s infer_obs_pack=1.803s env_step=1113.100s feedback_total=7.717s feedback_obs_pack=2.528s feedback_info_pack=0.137s effective_fps=63.93
2026-09-28 12:04:02.600 | INFO     | plugrl_env_client.runner.rollout:log_timing_summary:98 - Intermediate rollout timing summary: env_steps=172528 infer_calls=43274 feedback_calls=43273 infer_wait=1580.733s infer_obs_pack=1.848s env_step=1108.519s feedback_total=7.760s feedback_obs_pack=2.561s feedback_info_pack=0.147s effective_fps=63.93
2026-09-28 12:06:21.212 | INFO     | plugrl_env_client.runner.rollout:log_timing_summary:98 - Intermediate rollout timing summary: env_steps=175415 infer_calls=44001 feedback_calls=44000 infer_wait=1694.916s infer_obs_pack=1.825s env_step=1132.744s feedback_total=7.746s feedback_obs_pack=2.532s feedback_info_pack=0.134s effective_fps=61.83
2026-09-28 12:06:21.215 | INFO     | plugrl_env_client.runner.rollout:log_timing_summary:98 - Intermediate rollout timing summary: env_steps=175417 infer_calls=44001 feedback_calls=44000 infer_wait=1695.997s infer_obs_pack=1.834s env_step=1131.392s feedback_total=7.850s feedback_obs_pack=2.570s feedback_info_pack=0.139s effective_fps=61.83
2026-09-28 12:06:21.215 | INFO     | plugrl_env_client.runner.rollout:log_timing_summary:98 - Intermediate rollout timing summary: env_steps=175435 infer_calls=44003 feedback_calls=44002 infer_wait=1700.225s infer_obs_pack=1.880s env_step=1127.365s feedback_total=7.898s feedback_obs_pack=2.606s feedback_info_pack=0.149s effective_fps=61.83
2026-09-28 12:06:51.215 | INFO     | plugrl_env_client.runner.rollout:log_timing_summary:98 - Intermediate rollout timing summary: env_steps=178674 infer_calls=44820 feedback_calls=44819 infer_wait=1703.229s infer_obs_pack=1.859s env_step=1154.127s feedback_total=7.893s feedback_obs_pack=2.580s feedback_info_pack=0.136s effective_fps=62.32
2026-09-28 12:06:51.216 | INFO     | plugrl_env_client.runner.rollout:log_timing_summary:98 - Intermediate rollout timing summary: env_steps=178703 infer_calls=44822 feedback_calls=44821 infer_wait=1708.962s infer_obs_pack=1.914s env_step=1148.332s feedback_total=8.042s feedback_obs_pack=2.653s feedback_info_pack=0.152s effective_fps=62.33
2026-09-28 12:06:51.220 | INFO     | plugrl_env_client.runner.rollout:log_timing_summary:98 - Intermediate rollout timing summary: env_steps=178680 infer_calls=44820 feedback_calls=44819 infer_wait=1704.493s infer_obs_pack=1.868s env_step=1152.598s feedback_total=7.996s feedback_obs_pack=2.617s feedback_info_pack=0.142s effective_fps=62.32
2026-09-28 12:07:21.224 | INFO     | plugrl_env_client.runner.rollout:log_timing_summary:98 - Intermediate rollout timing summary: env_steps=181963 infer_calls=45646 feedback_calls=45645 infer_wait=1711.943s infer_obs_pack=1.892s env_step=1175.119s feedback_total=8.037s feedback_obs_pack=2.628s feedback_info_pack=0.139s effective_fps=62.81
2026-09-28 12:07:21.225 | INFO     | plugrl_env_client.runner.rollout:log_timing_summary:98 - Intermediate rollout timing summary: env_steps=181970 infer_calls=45646 feedback_calls=45645 infer_wait=1713.131s infer_obs_pack=1.902s env_step=1173.655s feedback_total=8.145s feedback_obs_pack=2.667s feedback_info_pack=0.144s effective_fps=62.82
2026-09-28 12:07:21.228 | INFO     | plugrl_env_client.runner.rollout:log_timing_summary:98 - Intermediate rollout timing summary: env_steps=181991 infer_calls=45648 feedback_calls=45647 infer_wait=1717.422s infer_obs_pack=1.951s env_step=1169.569s feedback_total=8.193s feedback_obs_pack=2.701s feedback_info_pack=0.155s effective_fps=62.82
2026-09-28 12:07:51.227 | INFO     | plugrl_env_client.runner.rollout:log_timing_summary:98 - Intermediate rollout timing summary: env_steps=185258 infer_calls=46472 feedback_calls=46471 infer_wait=1720.534s infer_obs_pack=1.927s env_step=1196.226s feedback_total=8.183s feedback_obs_pack=2.676s feedback_info_pack=0.141s effective_fps=63.30
2026-09-28 12:07:51.228 | INFO     | plugrl_env_client.runner.rollout:log_timing_summary:98 - Intermediate rollout timing summary: env_steps=185267 infer_calls=46472 feedback_calls=46471 infer_wait=1721.379s infer_obs_pack=1.936s env_step=1195.109s feedback_total=8.288s feedback_obs_pack=2.714s feedback_info_pack=0.147s effective_fps=63.30
2026-09-28 12:07:51.234 | INFO     | plugrl_env_client.runner.rollout:log_timing_summary:98 - Intermediate rollout timing summary: env_steps=185293 infer_calls=46474 feedback_calls=46474 infer_wait=1725.892s infer_obs_pack=1.986s env_step=1190.808s feedback_total=8.334s feedback_obs_pack=2.748s feedback_info_pack=0.157s effective_fps=63.30
2026-09-28 12:08:21.233 | INFO     | plugrl_env_client.runner.rollout:log_timing_summary:98 - Intermediate rollout timing summary: env_steps=188568 infer_calls=47300 feedback_calls=47299 infer_wait=1729.725s infer_obs_pack=1.971s env_step=1216.461s feedback_total=8.433s feedback_obs_pack=2.761s feedback_info_pack=0.149s effective_fps=63.78
2026-09-28 12:08:21.234 | INFO     | plugrl_env_client.runner.rollout:log_timing_summary:98 - Intermediate rollout timing summary: env_steps=188560 infer_calls=47300 feedback_calls=47299 infer_wait=1729.257s infer_obs_pack=1.961s env_step=1217.209s feedback_total=8.326s feedback_obs_pack=2.723s feedback_info_pack=0.145s effective_fps=63.77
2026-09-28 12:08:21.253 | INFO     | plugrl_env_client.runner.rollout:log_timing_summary:98 - Intermediate rollout timing summary: env_steps=188590 infer_calls=47303 feedback_calls=47302 infer_wait=1734.686s infer_obs_pack=2.021s env_step=1211.728s feedback_total=8.479s feedback_obs_pack=2.797s feedback_info_pack=0.160s effective_fps=63.78
2026-09-28 12:10:38.668 | INFO     | plugrl_env_client.runner.rollout:log_timing_summary:98 - Intermediate rollout timing summary: env_steps=191350 infer_calls=48001 feedback_calls=48000 infer_wait=1849.020s infer_obs_pack=1.990s env_step=1234.620s feedback_total=8.453s feedback_obs_pack=2.765s feedback_info_pack=0.147s effective_fps=61.84
2026-09-28 12:10:38.673 | INFO     | plugrl_env_client.runner.rollout:log_timing_summary:98 - Intermediate rollout timing summary: env_steps=191377 infer_calls=48003 feedback_calls=48002 infer_wait=1854.339s infer_obs_pack=2.050s env_step=1229.236s feedback_total=8.606s feedback_obs_pack=2.837s feedback_info_pack=0.162s effective_fps=61.85
2026-09-28 12:10:38.674 | INFO     | plugrl_env_client.runner.rollout:log_timing_summary:98 - Intermediate rollout timing summary: env_steps=191367 infer_calls=48001 feedback_calls=48000 infer_wait=1849.206s infer_obs_pack=2.000s env_step=1234.166s feedback_total=8.556s feedback_obs_pack=2.802s feedback_info_pack=0.152s effective_fps=61.85
2026-09-28 12:11:08.673 | INFO     | plugrl_env_client.runner.rollout:log_timing_summary:98 - Intermediate rollout timing summary: env_steps=194589 infer_calls=48815 feedback_calls=48814 infer_wait=1857.574s infer_obs_pack=2.024s env_step=1255.765s feedback_total=8.599s feedback_obs_pack=2.812s feedback_info_pack=0.149s effective_fps=62.29
2026-09-28 12:11:08.676 | INFO     | plugrl_env_client.runner.rollout:log_timing_summary:98 - Intermediate rollout timing summary: env_steps=194615 infer_calls=48815 feedback_calls=48814 infer_wait=1857.764s infer_obs_pack=2.033s env_step=1255.303s feedback_total=8.707s feedback_obs_pack=2.853s feedback_info_pack=0.154s effective_fps=62.30
2026-09-28 12:11:08.677 | INFO     | plugrl_env_client.runner.rollout:log_timing_summary:98 - Intermediate rollout timing summary: env_steps=194622 infer_calls=48817 feedback_calls=48816 infer_wait=1862.983s infer_obs_pack=2.085s env_step=1250.291s feedback_total=8.760s feedback_obs_pack=2.885s feedback_info_pack=0.165s effective_fps=62.30
2026-09-28 12:11:38.673 | INFO     | plugrl_env_client.runner.rollout:log_timing_summary:98 - Intermediate rollout timing summary: env_steps=197912 infer_calls=49648 feedback_calls=49647 infer_wait=1866.054s infer_obs_pack=2.058s env_step=1276.982s feedback_total=8.747s feedback_obs_pack=2.859s feedback_info_pack=0.152s effective_fps=62.75
2026-09-28 12:11:38.680 | INFO     | plugrl_env_client.runner.rollout:log_timing_summary:98 - Intermediate rollout timing summary: env_steps=197936 infer_calls=49648 feedback_calls=49647 infer_wait=1866.391s infer_obs_pack=2.068s env_step=1276.361s feedback_total=8.853s feedback_obs_pack=2.901s feedback_info_pack=0.157s effective_fps=62.76
2026-09-28 12:11:38.681 | INFO     | plugrl_env_client.runner.rollout:log_timing_summary:98 - Intermediate rollout timing summary: env_steps=197948 infer_calls=49650 feedback_calls=49650 infer_wait=1871.191s infer_obs_pack=2.120s env_step=1271.782s feedback_total=8.910s feedback_obs_pack=2.933s feedback_info_pack=0.168s effective_fps=62.76
2026-09-28 12:12:08.677 | INFO     | plugrl_env_client.runner.rollout:log_timing_summary:98 - Intermediate rollout timing summary: env_steps=201199 infer_calls=50471 feedback_calls=50471 infer_wait=1874.699s infer_obs_pack=2.093s env_step=1298.037s feedback_total=8.894s feedback_obs_pack=2.906s feedback_info_pack=0.154s effective_fps=63.20
2026-09-28 12:12:08.688 | INFO     | plugrl_env_client.runner.rollout:log_timing_summary:98 - Intermediate rollout timing summary: env_steps=201221 infer_calls=50474 feedback_calls=50473 infer_wait=1879.748s infer_obs_pack=2.155s env_step=1292.932s feedback_total=9.053s feedback_obs_pack=2.981s feedback_info_pack=0.171s effective_fps=63.20
2026-09-28 12:12:08.688 | INFO     | plugrl_env_client.runner.rollout:log_timing_summary:98 - Intermediate rollout timing summary: env_steps=201214 infer_calls=50472 feedback_calls=50471 infer_wait=1874.817s infer_obs_pack=2.102s env_step=1297.631s feedback_total=9.000s feedback_obs_pack=2.948s feedback_info_pack=0.160s effective_fps=63.20
2026-09-28 12:12:38.688 | INFO     | plugrl_env_client.runner.rollout:log_timing_summary:98 - Intermediate rollout timing summary: env_steps=204520 infer_calls=51305 feedback_calls=51304 infer_wait=1883.368s infer_obs_pack=2.127s env_step=1319.067s feedback_total=9.045s feedback_obs_pack=2.954s feedback_info_pack=0.157s effective_fps=63.64
2026-09-28 12:12:38.689 | INFO     | plugrl_env_client.runner.rollout:log_timing_summary:98 - Intermediate rollout timing summary: env_steps=204541 infer_calls=51305 feedback_calls=51304 infer_wait=1883.063s infer_obs_pack=2.136s env_step=1319.085s feedback_total=9.148s feedback_obs_pack=2.996s feedback_info_pack=0.162s effective_fps=63.65
2026-09-28 12:12:38.690 | INFO     | plugrl_env_client.runner.rollout:log_timing_summary:98 - Intermediate rollout timing summary: env_steps=204540 infer_calls=51307 feedback_calls=51306 infer_wait=1888.061s infer_obs_pack=2.191s env_step=1314.314s feedback_total=9.202s feedback_obs_pack=3.030s feedback_info_pack=0.174s effective_fps=63.64
2026-09-28 12:14:55.110 | INFO     | plugrl_env_client.runner.rollout:log_timing_summary:98 - Intermediate rollout timing summary: env_steps=207318 infer_calls=52003 feedback_calls=52002 infer_wait=2007.024s infer_obs_pack=2.221s env_step=1331.512s feedback_total=9.330s feedback_obs_pack=3.070s feedback_info_pack=0.176s effective_fps=61.88
2026-09-28 12:14:55.117 | INFO     | plugrl_env_client.runner.rollout:log_timing_summary:98 - Intermediate rollout timing summary: env_steps=207295 infer_calls=52001 feedback_calls=52000 infer_wait=2002.481s infer_obs_pack=2.157s env_step=1336.125s feedback_total=9.172s feedback_obs_pack=2.994s feedback_info_pack=0.159s effective_fps=61.88
2026-09-28 12:14:55.119 | INFO     | plugrl_env_client.runner.rollout:log_timing_summary:98 - Intermediate rollout timing summary: env_steps=207316 infer_calls=52001 feedback_calls=52000 infer_wait=2002.078s infer_obs_pack=2.165s env_step=1336.245s feedback_total=9.270s feedback_obs_pack=3.036s feedback_info_pack=0.164s effective_fps=61.89
2026-09-28 12:15:25.115 | INFO     | plugrl_env_client.runner.rollout:log_timing_summary:98 - Intermediate rollout timing summary: env_steps=210617 infer_calls=52830 feedback_calls=52829 infer_wait=2015.477s infer_obs_pack=2.255s env_step=1352.759s feedback_total=9.481s feedback_obs_pack=3.118s feedback_info_pack=0.179s effective_fps=62.31
2026-09-28 12:15:25.118 | INFO     | plugrl_env_client.runner.rollout:log_timing_summary:98 - Intermediate rollout timing summary: env_steps=210598 infer_calls=52828 feedback_calls=52828 infer_wait=2010.725s infer_obs_pack=2.193s env_step=1357.573s feedback_total=9.319s feedback_obs_pack=3.041s feedback_info_pack=0.161s effective_fps=62.31
2026-09-28 12:15:25.119 | INFO     | plugrl_env_client.runner.rollout:log_timing_summary:98 - Intermediate rollout timing summary: env_steps=210617 infer_calls=52828 feedback_calls=52828 infer_wait=2010.744s infer_obs_pack=2.199s env_step=1357.276s feedback_total=9.415s feedback_obs_pack=3.084s feedback_info_pack=0.167s effective_fps=62.32
2026-09-28 12:15:55.118 | INFO     | plugrl_env_client.runner.rollout:log_timing_summary:98 - Intermediate rollout timing summary: env_steps=213943 infer_calls=53669 feedback_calls=53668 infer_wait=2019.150s infer_obs_pack=2.230s env_step=1378.833s feedback_total=9.469s feedback_obs_pack=3.088s feedback_info_pack=0.164s effective_fps=62.75
2026-09-28 12:15:55.120 | INFO     | plugrl_env_client.runner.rollout:log_timing_summary:98 - Intermediate rollout timing summary: env_steps=213972 infer_calls=53669 feedback_calls=53668 infer_wait=2018.967s infer_obs_pack=2.234s env_step=1378.746s feedback_total=9.564s feedback_obs_pack=3.133s feedback_info_pack=0.169s effective_fps=62.76
2026-09-28 12:15:55.124 | INFO     | plugrl_env_client.runner.rollout:log_timing_summary:98 - Intermediate rollout timing summary: env_steps=213963 infer_calls=53671 feedback_calls=53670 infer_wait=2024.049s infer_obs_pack=2.290s env_step=1373.887s feedback_total=9.630s feedback_obs_pack=3.167s feedback_info_pack=0.181s effective_fps=62.75
2026-09-28 12:16:25.122 | INFO     | plugrl_env_client.runner.rollout:log_timing_summary:98 - Intermediate rollout timing summary: env_steps=217283 infer_calls=54499 feedback_calls=54498 infer_wait=2027.747s infer_obs_pack=2.269s env_step=1399.652s feedback_total=9.716s feedback_obs_pack=3.180s feedback_info_pack=0.172s effective_fps=63.17
2026-09-28 12:16:25.123 | INFO     | plugrl_env_client.runner.rollout:log_timing_summary:98 - Intermediate rollout timing summary: env_steps=217252 infer_calls=54499 feedback_calls=54498 infer_wait=2027.321s infer_obs_pack=2.264s env_step=1400.365s feedback_total=9.614s feedback_obs_pack=3.135s feedback_info_pack=0.166s effective_fps=63.16
2026-09-28 12:16:25.126 | INFO     | plugrl_env_client.runner.rollout:log_timing_summary:98 - Intermediate rollout timing summary: env_steps=217265 infer_calls=54501 feedback_calls=54501 infer_wait=2032.952s infer_obs_pack=2.325s env_step=1394.673s feedback_total=9.779s feedback_obs_pack=3.215s feedback_info_pack=0.184s effective_fps=63.16
2026-09-28 12:16:55.126 | INFO     | plugrl_env_client.runner.rollout:log_timing_summary:98 - Intermediate rollout timing summary: env_steps=220552 infer_calls=55317 feedback_calls=55316 infer_wait=2036.471s infer_obs_pack=2.302s env_step=1420.623s feedback_total=9.867s feedback_obs_pack=3.228s feedback_info_pack=0.175s effective_fps=63.57
2026-09-28 12:16:55.126 | INFO     | plugrl_env_client.runner.rollout:log_timing_summary:98 - Intermediate rollout timing summary: env_steps=220514 infer_calls=55317 feedback_calls=55316 infer_wait=2035.614s infer_obs_pack=2.298s env_step=1421.777s feedback_total=9.762s feedback_obs_pack=3.182s feedback_info_pack=0.169s effective_fps=63.56
2026-09-28 12:16:55.127 | INFO     | plugrl_env_client.runner.rollout:log_timing_summary:98 - Intermediate rollout timing summary: env_steps=220522 infer_calls=55319 feedback_calls=55318 infer_wait=2041.875s infer_obs_pack=2.360s env_step=1415.447s feedback_total=9.925s feedback_obs_pack=3.263s feedback_info_pack=0.187s effective_fps=63.56
2026-09-28 12:19:11.653 | INFO     | plugrl_env_client.runner.rollout:log_timing_summary:98 - Intermediate rollout timing summary: env_steps=223246 infer_calls=56003 feedback_calls=56002 infer_wait=2161.178s infer_obs_pack=2.389s env_step=1432.413s feedback_total=10.053s feedback_obs_pack=3.303s feedback_info_pack=0.189s effective_fps=61.91
2026-09-28 12:19:11.654 | INFO     | plugrl_env_client.runner.rollout:log_timing_summary:98 - Intermediate rollout timing summary: env_steps=223239 infer_calls=56001 feedback_calls=56000 infer_wait=2154.750s infer_obs_pack=2.326s env_step=1438.914s feedback_total=9.886s feedback_obs_pack=3.221s feedback_info_pack=0.171s effective_fps=61.91
2026-09-28 12:19:11.658 | INFO     | plugrl_env_client.runner.rollout:log_timing_summary:98 - Intermediate rollout timing summary: env_steps=223281 infer_calls=56001 feedback_calls=56000 infer_wait=2156.027s infer_obs_pack=2.331s env_step=1437.339s feedback_total=9.994s feedback_obs_pack=3.267s feedback_info_pack=0.177s effective_fps=61.92
2026-09-28 12:19:41.661 | INFO     | plugrl_env_client.runner.rollout:log_timing_summary:98 - Intermediate rollout timing summary: env_steps=226549 infer_calls=56831 feedback_calls=56830 infer_wait=2162.847s infer_obs_pack=2.360s env_step=1460.516s feedback_total=10.032s feedback_obs_pack=3.270s feedback_info_pack=0.173s effective_fps=62.31
2026-09-28 12:19:41.662 | INFO     | plugrl_env_client.runner.rollout:log_timing_summary:98 - Intermediate rollout timing summary: env_steps=226593 infer_calls=56831 feedback_calls=56830 infer_wait=2164.735s infer_obs_pack=2.366s env_step=1458.322s feedback_total=10.146s feedback_obs_pack=3.317s feedback_info_pack=0.179s effective_fps=62.33
2026-09-28 12:19:41.662 | INFO     | plugrl_env_client.runner.rollout:log_timing_summary:98 - Intermediate rollout timing summary: env_steps=226557 infer_calls=56833 feedback_calls=56832 infer_wait=2169.873s infer_obs_pack=2.424s env_step=1453.421s feedback_total=10.198s feedback_obs_pack=3.351s feedback_info_pack=0.192s effective_fps=62.31
2026-09-28 12:20:11.665 | INFO     | plugrl_env_client.runner.rollout:log_timing_summary:98 - Intermediate rollout timing summary: env_steps=229937 infer_calls=57669 feedback_calls=57669 infer_wait=2173.197s infer_obs_pack=2.400s env_step=1479.557s feedback_total=10.296s feedback_obs_pack=3.364s feedback_info_pack=0.182s effective_fps=62.73
2026-09-28 12:20:11.677 | INFO     | plugrl_env_client.runner.rollout:log_timing_summary:98 - Intermediate rollout timing summary: env_steps=229896 infer_calls=57670 feedback_calls=57669 infer_wait=2171.133s infer_obs_pack=2.395s env_step=1481.943s feedback_total=10.178s feedback_obs_pack=3.319s feedback_info_pack=0.176s effective_fps=62.72
2026-09-28 12:20:11.680 | INFO     | plugrl_env_client.runner.rollout:log_timing_summary:98 - Intermediate rollout timing summary: env_steps=229903 infer_calls=57672 feedback_calls=57671 infer_wait=2178.598s infer_obs_pack=2.459s env_step=1474.402s feedback_total=10.347s feedback_obs_pack=3.400s feedback_info_pack=0.195s effective_fps=62.72
2026-09-28 12:20:41.672 | INFO     | plugrl_env_client.runner.rollout:log_timing_summary:98 - Intermediate rollout timing summary: env_steps=233257 infer_calls=58501 feedback_calls=58500 infer_wait=2181.313s infer_obs_pack=2.436s env_step=1501.134s feedback_total=10.444s feedback_obs_pack=3.413s feedback_info_pack=0.184s effective_fps=63.12
2026-09-28 12:20:41.701 | INFO     | plugrl_env_client.runner.rollout:log_timing_summary:98 - Intermediate rollout timing summary: env_steps=233219 infer_calls=58502 feedback_calls=58501 infer_wait=2179.804s infer_obs_pack=2.430s env_step=1502.993s feedback_total=10.322s feedback_obs_pack=3.366s feedback_info_pack=0.179s effective_fps=63.11
2026-09-28 12:20:41.702 | INFO     | plugrl_env_client.runner.rollout:log_timing_summary:98 - Intermediate rollout timing summary: env_steps=233220 infer_calls=58504 feedback_calls=58503 infer_wait=2187.146s infer_obs_pack=2.494s env_step=1495.573s feedback_total=10.495s feedback_obs_pack=3.451s feedback_info_pack=0.197s effective_fps=63.11
2026-09-28 12:21:11.684 | INFO     | plugrl_env_client.runner.rollout:log_timing_summary:98 - Intermediate rollout timing summary: env_steps=236611 infer_calls=59344 feedback_calls=59343 infer_wait=2189.736s infer_obs_pack=2.470s env_step=1522.414s feedback_total=10.591s feedback_obs_pack=3.461s feedback_info_pack=0.187s effective_fps=63.52
2026-09-28 12:21:11.702 | INFO     | plugrl_env_client.runner.rollout:log_timing_summary:98 - Intermediate rollout timing summary: env_steps=236574 infer_calls=59344 feedback_calls=59344 infer_wait=2188.356s infer_obs_pack=2.464s env_step=1524.130s feedback_total=10.472s feedback_obs_pack=3.415s feedback_info_pack=0.181s effective_fps=63.50
2026-09-28 12:21:11.708 | INFO     | plugrl_env_client.runner.rollout:log_timing_summary:98 - Intermediate rollout timing summary: env_steps=236584 infer_calls=59346 feedback_calls=59346 infer_wait=2195.345s infer_obs_pack=2.530s env_step=1517.072s feedback_total=10.642s feedback_obs_pack=3.500s feedback_info_pack=0.200s effective_fps=63.50
2026-09-28 12:23:27.933 | INFO     | plugrl_env_client.runner.rollout:log_timing_summary:98 - Intermediate rollout timing summary: env_steps=239229 infer_calls=60001 feedback_calls=60000 infer_wait=2309.880s infer_obs_pack=2.497s env_step=1538.274s feedback_total=10.709s feedback_obs_pack=3.500s feedback_info_pack=0.189s effective_fps=61.95
2026-09-28 12:23:27.935 | INFO     | plugrl_env_client.runner.rollout:log_timing_summary:98 - Intermediate rollout timing summary: env_steps=239185 infer_calls=60001 feedback_calls=60000 infer_wait=2308.386s infer_obs_pack=2.491s env_step=1540.091s feedback_total=10.587s feedback_obs_pack=3.452s feedback_info_pack=0.183s effective_fps=61.94
2026-09-28 12:23:27.938 | INFO     | plugrl_env_client.runner.rollout:log_timing_summary:98 - Intermediate rollout timing summary: env_steps=239193 infer_calls=60003 feedback_calls=60002 infer_wait=2315.273s infer_obs_pack=2.558s env_step=1533.135s feedback_total=10.756s feedback_obs_pack=3.538s feedback_info_pack=0.202s effective_fps=61.94
2026-09-28 12:23:57.937 | INFO     | plugrl_env_client.runner.rollout:log_timing_summary:98 - Intermediate rollout timing summary: env_steps=242549 infer_calls=60831 feedback_calls=60830 infer_wait=2317.883s infer_obs_pack=2.532s env_step=1559.974s feedback_total=10.858s feedback_obs_pack=3.548s feedback_info_pack=0.192s effective_fps=62.33
2026-09-28 12:23:57.938 | INFO     | plugrl_env_client.runner.rollout:log_timing_summary:98 - Intermediate rollout timing summary: env_steps=242489 infer_calls=60831 feedback_calls=60830 infer_wait=2316.927s infer_obs_pack=2.526s env_step=1561.246s feedback_total=10.735s feedback_obs_pack=3.499s feedback_info_pack=0.186s effective_fps=62.31
2026-09-28 12:23:57.944 | INFO     | plugrl_env_client.runner.rollout:log_timing_summary:98 - Intermediate rollout timing summary: env_steps=242504 infer_calls=60833 feedback_calls=60833 infer_wait=2323.760s infer_obs_pack=2.593s env_step=1554.343s feedback_total=10.908s feedback_obs_pack=3.588s feedback_info_pack=0.205s effective_fps=62.31
2026-09-28 12:24:27.946 | INFO     | plugrl_env_client.runner.rollout:log_timing_summary:98 - Intermediate rollout timing summary: env_steps=245828 infer_calls=61653 feedback_calls=61652 infer_wait=2326.722s infer_obs_pack=2.566s env_step=1580.836s feedback_total=11.005s feedback_obs_pack=3.595s feedback_info_pack=0.194s effective_fps=62.69
2026-09-28 12:24:27.946 | INFO     | plugrl_env_client.runner.rollout:log_timing_summary:98 - Intermediate rollout timing summary: env_steps=245757 infer_calls=61653 feedback_calls=61652 infer_wait=2325.354s infer_obs_pack=2.560s env_step=1582.526s feedback_total=10.878s feedback_obs_pack=3.547s feedback_info_pack=0.188s effective_fps=62.67
2026-09-28 12:24:27.950 | INFO     | plugrl_env_client.runner.rollout:log_timing_summary:98 - Intermediate rollout timing summary: env_steps=245775 infer_calls=61655 feedback_calls=61654 infer_wait=2332.290s infer_obs_pack=2.628s env_step=1575.510s feedback_total=11.059s feedback_obs_pack=3.637s feedback_info_pack=0.208s effective_fps=62.67
2026-09-28 12:24:57.960 | INFO     | plugrl_env_client.runner.rollout:log_timing_summary:98 - Intermediate rollout timing summary: env_steps=249111 infer_calls=62477 feedback_calls=62476 infer_wait=2335.267s infer_obs_pack=2.600s env_step=1602.003s feedback_total=11.149s feedback_obs_pack=3.643s feedback_info_pack=0.197s effective_fps=63.05
2026-09-28 12:24:57.963 | INFO     | plugrl_env_client.runner.rollout:log_timing_summary:98 - Intermediate rollout timing summary: env_steps=249038 infer_calls=62477 feedback_calls=62476 infer_wait=2334.030s infer_obs_pack=2.595s env_step=1603.554s feedback_total=11.026s feedback_obs_pack=3.596s feedback_info_pack=0.191s effective_fps=63.03
2026-09-28 12:24:57.965 | INFO     | plugrl_env_client.runner.rollout:log_timing_summary:98 - Intermediate rollout timing summary: env_steps=249063 infer_calls=62479 feedback_calls=62478 infer_wait=2340.885s infer_obs_pack=2.663s env_step=1596.625s feedback_total=11.207s feedback_obs_pack=3.685s feedback_info_pack=0.211s effective_fps=63.03
2026-09-28 12:25:27.964 | INFO     | plugrl_env_client.runner.rollout:log_timing_summary:98 - Intermediate rollout timing summary: env_steps=252363 infer_calls=63310 feedback_calls=63310 infer_wait=2342.364s infer_obs_pack=2.630s env_step=1624.909s feedback_total=11.179s feedback_obs_pack=3.643s feedback_info_pack=0.193s effective_fps=63.39
2026-09-28 12:25:27.966 | INFO     | plugrl_env_client.runner.rollout:log_timing_summary:98 - Intermediate rollout timing summary: env_steps=252439 infer_calls=63310 feedback_calls=63310 infer_wait=2343.514s infer_obs_pack=2.634s env_step=1623.451s feedback_total=11.300s feedback_obs_pack=3.692s feedback_info_pack=0.200s effective_fps=63.41
2026-09-28 12:25:27.976 | INFO     | plugrl_env_client.runner.rollout:log_timing_summary:98 - Intermediate rollout timing summary: env_steps=252387 infer_calls=63313 feedback_calls=63312 infer_wait=2349.604s infer_obs_pack=2.699s env_step=1617.606s feedback_total=11.358s feedback_obs_pack=3.733s feedback_info_pack=0.213s effective_fps=63.39
2026-09-28 12:27:46.198 | INFO     | plugrl_env_client.runner.rollout:log_timing_summary:98 - Intermediate rollout timing summary: env_steps=255194 infer_calls=64002 feedback_calls=64001 infer_wait=2464.612s infer_obs_pack=2.663s env_step=1640.323s feedback_total=11.427s feedback_obs_pack=3.732s feedback_info_pack=0.202s effective_fps=61.95
2026-09-28 12:27:46.202 | INFO     | plugrl_env_client.runner.rollout:log_timing_summary:98 - Intermediate rollout timing summary: env_steps=255112 infer_calls=64002 feedback_calls=64001 infer_wait=2462.984s infer_obs_pack=2.658s env_step=1642.267s feedback_total=11.308s feedback_obs_pack=3.684s feedback_info_pack=0.195s effective_fps=61.93
2026-09-28 12:27:46.207 | INFO     | plugrl_env_client.runner.rollout:log_timing_summary:98 - Intermediate rollout timing summary: env_steps=255141 infer_calls=64004 feedback_calls=64003 infer_wait=2470.296s infer_obs_pack=2.728s env_step=1634.888s feedback_total=11.484s feedback_obs_pack=3.774s feedback_info_pack=0.216s effective_fps=61.94
2026-09-28 12:28:16.202 | INFO     | plugrl_env_client.runner.rollout:log_timing_summary:98 - Intermediate rollout timing summary: env_steps=258492 infer_calls=64829 feedback_calls=64829 infer_wait=2473.028s infer_obs_pack=2.697s env_step=1661.598s feedback_total=11.578s feedback_obs_pack=3.780s feedback_info_pack=0.204s effective_fps=62.30
2026-09-28 12:28:16.206 | INFO     | plugrl_env_client.runner.rollout:log_timing_summary:98 - Intermediate rollout timing summary: env_steps=258412 infer_calls=64829 feedback_calls=64829 infer_wait=2471.481s infer_obs_pack=2.692s env_step=1663.470s feedback_total=11.457s feedback_obs_pack=3.732s feedback_info_pack=0.198s effective_fps=62.28
2026-09-28 12:28:16.212 | INFO     | plugrl_env_client.runner.rollout:log_timing_summary:98 - Intermediate rollout timing summary: env_steps=258433 infer_calls=64831 feedback_calls=64831 infer_wait=2478.836s infer_obs_pack=2.763s env_step=1656.045s feedback_total=11.633s feedback_obs_pack=3.822s feedback_info_pack=0.219s effective_fps=62.28
2026-09-28 12:28:46.211 | INFO     | plugrl_env_client.runner.rollout:log_timing_summary:98 - Intermediate rollout timing summary: env_steps=261725 infer_calls=65661 feedback_calls=65660 infer_wait=2479.854s infer_obs_pack=2.727s env_step=1684.793s feedback_total=11.605s feedback_obs_pack=3.779s feedback_info_pack=0.200s effective_fps=62.63
2026-09-28 12:28:46.212 | INFO     | plugrl_env_client.runner.rollout:log_timing_summary:98 - Intermediate rollout timing summary: env_steps=261801 infer_calls=65661 feedback_calls=65660 infer_wait=2481.754s infer_obs_pack=2.734s env_step=1682.574s feedback_total=11.723s feedback_obs_pack=3.828s feedback_info_pack=0.207s effective_fps=62.65
2026-09-28 12:28:46.216 | INFO     | plugrl_env_client.runner.rollout:log_timing_summary:98 - Intermediate rollout timing summary: env_steps=261751 infer_calls=65663 feedback_calls=65662 infer_wait=2487.153s infer_obs_pack=2.799s env_step=1677.421s feedback_total=11.784s feedback_obs_pack=3.873s feedback_info_pack=0.221s effective_fps=62.63
2026-09-28 12:29:16.216 | INFO     | plugrl_env_client.runner.rollout:log_timing_summary:98 - Intermediate rollout timing summary: env_steps=265085 infer_calls=66484 feedback_calls=66483 infer_wait=2489.625s infer_obs_pack=2.769s env_step=1704.398s feedback_total=11.875s feedback_obs_pack=3.877s feedback_info_pack=0.210s effective_fps=62.99
2026-09-28 12:29:16.218 | INFO     | plugrl_env_client.runner.rollout:log_timing_summary:98 - Intermediate rollout timing summary: env_steps=265006 infer_calls=66484 feedback_calls=66483 infer_wait=2488.439s infer_obs_pack=2.760s env_step=1705.919s feedback_total=11.749s feedback_obs_pack=3.827s feedback_info_pack=0.203s effective_fps=62.96
2026-09-28 12:29:16.219 | INFO     | plugrl_env_client.runner.rollout:log_timing_summary:98 - Intermediate rollout timing summary: env_steps=265031 infer_calls=66486 feedback_calls=66485 infer_wait=2496.064s infer_obs_pack=2.834s env_step=1698.210s feedback_total=11.930s feedback_obs_pack=3.921s feedback_info_pack=0.224s effective_fps=62.97
2026-09-28 12:29:46.216 | INFO     | plugrl_env_client.runner.rollout:log_timing_summary:98 - Intermediate rollout timing summary: env_steps=268451 infer_calls=67330 feedback_calls=67329 infer_wait=2498.037s infer_obs_pack=2.804s env_step=1725.667s feedback_total=12.028s feedback_obs_pack=3.929s feedback_info_pack=0.212s effective_fps=63.34
2026-09-28 12:29:46.219 | INFO     | plugrl_env_client.runner.rollout:log_timing_summary:98 - Intermediate rollout timing summary: env_steps=268385 infer_calls=67330 feedback_calls=67330 infer_wait=2496.572s infer_obs_pack=2.795s env_step=1727.468s feedback_total=11.904s feedback_obs_pack=3.877s feedback_info_pack=0.205s effective_fps=63.32
2026-09-28 12:29:46.226 | INFO     | plugrl_env_client.runner.rollout:log_timing_summary:98 - Intermediate rollout timing summary: env_steps=268404 infer_calls=67332 feedback_calls=67332 infer_wait=2504.597s infer_obs_pack=2.869s env_step=1719.370s feedback_total=12.078s feedback_obs_pack=3.970s feedback_info_pack=0.227s effective_fps=63.32
2026-09-28 12:32:03.376 | INFO     | plugrl_env_client.runner.rollout:log_timing_summary:98 - Intermediate rollout timing summary: env_steps=271132 infer_calls=68002 feedback_calls=68001 infer_wait=2618.060s infer_obs_pack=2.832s env_step=1742.548s feedback_total=12.153s feedback_obs_pack=3.967s feedback_info_pack=0.214s effective_fps=61.96
2026-09-28 12:32:03.380 | INFO     | plugrl_env_client.runner.rollout:log_timing_summary:98 - Intermediate rollout timing summary: env_steps=271081 infer_calls=68004 feedback_calls=68003 infer_wait=2624.653s infer_obs_pack=2.900s env_step=1736.218s feedback_total=12.200s feedback_obs_pack=4.010s feedback_info_pack=0.229s effective_fps=61.95
2026-09-28 12:32:03.382 | INFO     | plugrl_env_client.runner.rollout:log_timing_summary:98 - Intermediate rollout timing summary: env_steps=271062 infer_calls=68002 feedback_calls=68001 infer_wait=2616.642s infer_obs_pack=2.823s env_step=1744.313s feedback_total=12.027s feedback_obs_pack=3.916s feedback_info_pack=0.207s effective_fps=61.95
2026-09-28 12:32:33.381 | INFO     | plugrl_env_client.runner.rollout:log_timing_summary:98 - Intermediate rollout timing summary: env_steps=274395 infer_calls=68820 feedback_calls=68819 infer_wait=2626.565s infer_obs_pack=2.865s env_step=1763.733s feedback_total=12.301s feedback_obs_pack=4.014s feedback_info_pack=0.217s effective_fps=62.29
2026-09-28 12:32:33.386 | INFO     | plugrl_env_client.runner.rollout:log_timing_summary:98 - Intermediate rollout timing summary: env_steps=274345 infer_calls=68822 feedback_calls=68821 infer_wait=2633.228s infer_obs_pack=2.935s env_step=1757.345s feedback_total=12.350s feedback_obs_pack=4.058s feedback_info_pack=0.232s effective_fps=62.27
2026-09-28 12:32:33.387 | INFO     | plugrl_env_client.runner.rollout:log_timing_summary:98 - Intermediate rollout timing summary: env_steps=274331 infer_calls=68820 feedback_calls=68819 infer_wait=2624.878s infer_obs_pack=2.856s env_step=1765.785s feedback_total=12.170s feedback_obs_pack=3.963s feedback_info_pack=0.210s effective_fps=62.27
2026-09-28 12:33:03.386 | INFO     | plugrl_env_client.runner.rollout:log_timing_summary:98 - Intermediate rollout timing summary: env_steps=277714 infer_calls=69655 feedback_calls=69654 infer_wait=2635.279s infer_obs_pack=2.900s env_step=1784.709s feedback_total=12.446s feedback_obs_pack=4.062s feedback_info_pack=0.219s effective_fps=62.61
2026-09-28 12:33:03.389 | INFO     | plugrl_env_client.runner.rollout:log_timing_summary:98 - Intermediate rollout timing summary: env_steps=277672 infer_calls=69657 feedback_calls=69657 infer_wait=2641.701s infer_obs_pack=2.970s env_step=1778.555s feedback_total=12.500s feedback_obs_pack=4.106s feedback_info_pack=0.235s effective_fps=62.60
2026-09-28 12:33:03.394 | INFO     | plugrl_env_client.runner.rollout:log_timing_summary:98 - Intermediate rollout timing summary: env_steps=277665 infer_calls=69655 feedback_calls=69655 infer_wait=2633.028s infer_obs_pack=2.891s env_step=1787.342s feedback_total=12.316s feedback_obs_pack=4.013s feedback_info_pack=0.213s effective_fps=62.60
2026-09-28 12:33:33.396 | INFO     | plugrl_env_client.runner.rollout:log_timing_summary:98 - Intermediate rollout timing summary: env_steps=281003 infer_calls=70479 feedback_calls=70478 infer_wait=2643.748s infer_obs_pack=2.934s env_step=1805.948s feedback_total=12.592s feedback_obs_pack=4.115s feedback_info_pack=0.222s effective_fps=62.93
2026-09-28 12:33:33.396 | INFO     | plugrl_env_client.runner.rollout:log_timing_summary:98 - Intermediate rollout timing summary: env_steps=280948 infer_calls=70479 feedback_calls=70478 infer_wait=2641.689s infer_obs_pack=2.925s env_step=1808.385s feedback_total=12.458s feedback_obs_pack=4.059s feedback_info_pack=0.215s effective_fps=62.92
2026-09-28 12:33:33.397 | INFO     | plugrl_env_client.runner.rollout:log_timing_summary:98 - Intermediate rollout timing summary: env_steps=280956 infer_calls=70481 feedback_calls=70480 infer_wait=2649.835s infer_obs_pack=3.005s env_step=1800.130s feedback_total=12.646s feedback_obs_pack=4.156s feedback_info_pack=0.237s effective_fps=62.92
2026-09-28 12:34:03.400 | INFO     | plugrl_env_client.runner.rollout:log_timing_summary:98 - Intermediate rollout timing summary: env_steps=284349 infer_calls=71333 feedback_calls=71332 infer_wait=2657.922s infer_obs_pack=3.041s env_step=1821.721s feedback_total=12.802s feedback_obs_pack=4.207s feedback_info_pack=0.240s effective_fps=63.25
2026-09-28 12:34:03.401 | INFO     | plugrl_env_client.runner.rollout:log_timing_summary:98 - Intermediate rollout timing summary: env_steps=284348 infer_calls=71331 feedback_calls=71330 infer_wait=2649.925s infer_obs_pack=2.960s env_step=1829.844s feedback_total=12.607s feedback_obs_pack=4.108s feedback_info_pack=0.218s effective_fps=63.25
2026-09-28 12:34:03.402 | INFO     | plugrl_env_client.runner.rollout:log_timing_summary:98 - Intermediate rollout timing summary: env_steps=284406 infer_calls=71331 feedback_calls=71330 infer_wait=2652.009s infer_obs_pack=2.969s env_step=1827.380s feedback_total=12.743s feedback_obs_pack=4.165s feedback_info_pack=0.225s effective_fps=63.27
2026-09-28 12:36:19.615 | INFO     | plugrl_env_client.runner.rollout:log_timing_summary:98 - Intermediate rollout timing summary: env_steps=287023 infer_calls=72002 feedback_calls=72001 infer_wait=2768.997s infer_obs_pack=2.987s env_step=1846.739s feedback_total=12.727s feedback_obs_pack=4.146s feedback_info_pack=0.220s effective_fps=61.97
2026-09-28 12:36:19.616 | INFO     | plugrl_env_client.runner.rollout:log_timing_summary:98 - Intermediate rollout timing summary: env_steps=287083 infer_calls=72002 feedback_calls=72001 infer_wait=2771.352s infer_obs_pack=2.996s env_step=1844.001s feedback_total=12.866s feedback_obs_pack=4.204s feedback_info_pack=0.227s effective_fps=61.99
2026-09-28 12:36:19.621 | INFO     | plugrl_env_client.runner.rollout:log_timing_summary:98 - Intermediate rollout timing summary: env_steps=287020 infer_calls=72004 feedback_calls=72003 infer_wait=2777.023s infer_obs_pack=3.069s env_step=1838.586s feedback_total=12.927s feedback_obs_pack=4.247s feedback_info_pack=0.243s effective_fps=61.97
2026-09-28 12:36:49.622 | INFO     | plugrl_env_client.runner.rollout:log_timing_summary:98 - Intermediate rollout timing summary: env_steps=290254 infer_calls=72813 feedback_calls=72812 infer_wait=2777.274s infer_obs_pack=3.022s env_step=1868.169s feedback_total=12.873s feedback_obs_pack=4.193s feedback_info_pack=0.222s effective_fps=62.27
2026-09-28 12:36:49.623 | INFO     | plugrl_env_client.runner.rollout:log_timing_summary:98 - Intermediate rollout timing summary: env_steps=290317 infer_calls=72813 feedback_calls=72812 infer_wait=2779.839s infer_obs_pack=3.030s env_step=1865.220s feedback_total=13.012s feedback_obs_pack=4.251s feedback_info_pack=0.229s effective_fps=62.29
2026-09-28 12:36:49.625 | INFO     | plugrl_env_client.runner.rollout:log_timing_summary:98 - Intermediate rollout timing summary: env_steps=290260 infer_calls=72815 feedback_calls=72814 infer_wait=2785.618s infer_obs_pack=3.103s env_step=1859.700s feedback_total=13.074s feedback_obs_pack=4.294s feedback_info_pack=0.245s effective_fps=62.27
2026-09-28 12:37:19.627 | INFO     | plugrl_env_client.runner.rollout:log_timing_summary:98 - Intermediate rollout timing summary: env_steps=293571 infer_calls=73629 feedback_calls=73628 infer_wait=2788.441s infer_obs_pack=3.064s env_step=1886.313s feedback_total=13.161s feedback_obs_pack=4.299s feedback_info_pack=0.232s effective_fps=62.58
2026-09-28 12:37:19.627 | INFO     | plugrl_env_client.runner.rollout:log_timing_summary:98 - Intermediate rollout timing summary: env_steps=293513 infer_calls=73629 feedback_calls=73628 infer_wait=2785.584s infer_obs_pack=3.056s env_step=1889.563s feedback_total=13.021s feedback_obs_pack=4.241s feedback_info_pack=0.225s effective_fps=62.57
2026-09-28 12:37:19.629 | INFO     | plugrl_env_client.runner.rollout:log_timing_summary:98 - Intermediate rollout timing summary: env_steps=293517 infer_calls=73631 feedback_calls=73630 infer_wait=2794.192s infer_obs_pack=3.137s env_step=1880.839s feedback_total=13.215s feedback_obs_pack=4.341s feedback_info_pack=0.248s effective_fps=62.57
2026-09-28 12:37:49.628 | INFO     | plugrl_env_client.runner.rollout:log_timing_summary:98 - Intermediate rollout timing summary: env_steps=296859 infer_calls=74454 feedback_calls=74453 infer_wait=2796.821s infer_obs_pack=3.098s env_step=1907.621s feedback_total=13.308s feedback_obs_pack=4.349s feedback_info_pack=0.234s effective_fps=62.88
2026-09-28 12:37:49.628 | INFO     | plugrl_env_client.runner.rollout:log_timing_summary:98 - Intermediate rollout timing summary: env_steps=296799 infer_calls=74454 feedback_calls=74453 infer_wait=2794.252s infer_obs_pack=3.090s env_step=1910.589s feedback_total=13.167s feedback_obs_pack=4.291s feedback_info_pack=0.227s effective_fps=62.87
2026-09-28 12:37:49.635 | INFO     | plugrl_env_client.runner.rollout:log_timing_summary:98 - Intermediate rollout timing summary: env_steps=296802 infer_calls=74456 feedback_calls=74455 infer_wait=2802.890s infer_obs_pack=3.171s env_step=1901.845s feedback_total=13.361s feedback_obs_pack=4.389s feedback_info_pack=0.251s effective_fps=62.86
2026-09-28 12:38:19.628 | INFO     | plugrl_env_client.runner.rollout:log_timing_summary:98 - Intermediate rollout timing summary: env_steps=300151 infer_calls=75279 feedback_calls=75279 infer_wait=2805.499s infer_obs_pack=3.132s env_step=1928.631s feedback_total=13.455s feedback_obs_pack=4.396s feedback_info_pack=0.237s effective_fps=63.18
2026-09-28 12:38:19.633 | INFO     | plugrl_env_client.runner.rollout:log_timing_summary:98 - Intermediate rollout timing summary: env_steps=300084 infer_calls=75279 feedback_calls=75279 infer_wait=2802.655s infer_obs_pack=3.124s env_step=1931.884s feedback_total=13.314s feedback_obs_pack=4.339s feedback_info_pack=0.230s effective_fps=63.16
2026-09-28 12:38:19.644 | INFO     | plugrl_env_client.runner.rollout:log_timing_summary:98 - Intermediate rollout timing summary: env_steps=300092 infer_calls=75282 feedback_calls=75281 infer_wait=2811.331s infer_obs_pack=3.206s env_step=1923.104s feedback_total=13.510s feedback_obs_pack=4.440s feedback_info_pack=0.253s effective_fps=63.16
2026-09-28 12:40:36.617 | INFO     | plugrl_env_client.runner.rollout:log_timing_summary:98 - Intermediate rollout timing summary: env_steps=302967 infer_calls=76004 feedback_calls=76003 infer_wait=2930.116s infer_obs_pack=3.235s env_step=1941.028s feedback_total=13.638s feedback_obs_pack=4.482s feedback_info_pack=0.256s effective_fps=61.98
2026-09-28 12:40:36.618 | INFO     | plugrl_env_client.runner.rollout:log_timing_summary:98 - Intermediate rollout timing summary: env_steps=303022 infer_calls=76002 feedback_calls=76001 infer_wait=2924.067s infer_obs_pack=3.162s env_step=1946.783s feedback_total=13.584s feedback_obs_pack=4.439s feedback_info_pack=0.239s effective_fps=62.00
2026-09-28 12:40:36.620 | INFO     | plugrl_env_client.runner.rollout:log_timing_summary:98 - Intermediate rollout timing summary: env_steps=302955 infer_calls=76002 feedback_calls=76001 infer_wait=2921.448s infer_obs_pack=3.154s env_step=1949.811s feedback_total=13.443s feedback_obs_pack=4.380s feedback_info_pack=0.232s effective_fps=61.98
2026-09-28 12:41:06.621 | INFO     | plugrl_env_client.runner.rollout:log_timing_summary:98 - Intermediate rollout timing summary: env_steps=306301 infer_calls=76825 feedback_calls=76825 infer_wait=2932.367s infer_obs_pack=3.196s env_step=1968.174s feedback_total=13.731s feedback_obs_pack=4.486s feedback_info_pack=0.242s effective_fps=62.29
2026-09-28 12:41:06.634 | INFO     | plugrl_env_client.runner.rollout:log_timing_summary:98 - Intermediate rollout timing summary: env_steps=306245 infer_calls=76826 feedback_calls=76825 infer_wait=2929.837s infer_obs_pack=3.188s env_step=1971.137s feedback_total=13.587s feedback_obs_pack=4.427s feedback_info_pack=0.235s effective_fps=62.27
2026-09-28 12:41:06.635 | INFO     | plugrl_env_client.runner.rollout:log_timing_summary:98 - Intermediate rollout timing summary: env_steps=306254 infer_calls=76828 feedback_calls=76827 infer_wait=2938.284s infer_obs_pack=3.271s env_step=1962.568s feedback_total=13.787s feedback_obs_pack=4.533s feedback_info_pack=0.258s effective_fps=62.27
2026-09-28 12:41:36.624 | INFO     | plugrl_env_client.runner.rollout:log_timing_summary:98 - Intermediate rollout timing summary: env_steps=309593 infer_calls=77652 feedback_calls=77651 infer_wait=2941.169s infer_obs_pack=3.230s env_step=1989.068s feedback_total=13.876s feedback_obs_pack=4.537s feedback_info_pack=0.244s effective_fps=62.58
2026-09-28 12:41:36.636 | INFO     | plugrl_env_client.runner.rollout:log_timing_summary:98 - Intermediate rollout timing summary: env_steps=309549 infer_calls=77654 feedback_calls=77654 infer_wait=2946.775s infer_obs_pack=3.306s env_step=1983.769s feedback_total=13.933s feedback_obs_pack=4.581s feedback_info_pack=0.261s effective_fps=62.56
2026-09-28 12:41:36.640 | INFO     | plugrl_env_client.runner.rollout:log_timing_summary:98 - Intermediate rollout timing summary: env_steps=309545 infer_calls=77652 feedback_calls=77652 infer_wait=2938.289s infer_obs_pack=3.222s env_step=1992.385s feedback_total=13.735s feedback_obs_pack=4.476s feedback_info_pack=0.237s effective_fps=62.56
2026-09-28 12:42:06.638 | INFO     | plugrl_env_client.runner.rollout:log_timing_summary:98 - Intermediate rollout timing summary: env_steps=312899 infer_calls=78484 feedback_calls=78483 infer_wait=2949.964s infer_obs_pack=3.265s env_step=2009.970s feedback_total=14.024s feedback_obs_pack=4.584s feedback_info_pack=0.247s effective_fps=62.87
2026-09-28 12:42:06.641 | INFO     | plugrl_env_client.runner.rollout:log_timing_summary:98 - Intermediate rollout timing summary: env_steps=312859 infer_calls=78484 feedback_calls=78483 infer_wait=2946.788s infer_obs_pack=3.256s env_step=2013.585s feedback_total=13.878s feedback_obs_pack=4.523s feedback_info_pack=0.240s effective_fps=62.85
2026-09-28 12:42:06.642 | INFO     | plugrl_env_client.runner.rollout:log_timing_summary:98 - Intermediate rollout timing summary: env_steps=312868 infer_calls=78486 feedback_calls=78485 infer_wait=2954.988s infer_obs_pack=3.342s env_step=2005.263s feedback_total=14.079s feedback_obs_pack=4.630s feedback_info_pack=0.264s effective_fps=62.85
2026-09-28 12:42:36.643 | INFO     | plugrl_env_client.runner.rollout:log_timing_summary:98 - Intermediate rollout timing summary: env_steps=316242 infer_calls=79323 feedback_calls=79322 infer_wait=2958.430s infer_obs_pack=3.300s env_step=2031.191s feedback_total=14.177s feedback_obs_pack=4.633s feedback_info_pack=0.250s effective_fps=63.16
2026-09-28 12:42:36.643 | INFO     | plugrl_env_client.runner.rollout:log_timing_summary:98 - Intermediate rollout timing summary: env_steps=316205 infer_calls=79323 feedback_calls=79322 infer_wait=2954.897s infer_obs_pack=3.291s env_step=2035.169s feedback_total=14.024s feedback_obs_pack=4.570s feedback_info_pack=0.242s effective_fps=63.15
2026-09-28 12:42:36.644 | INFO     | plugrl_env_client.runner.rollout:log_timing_summary:98 - Intermediate rollout timing summary: env_steps=316208 infer_calls=79325 feedback_calls=79324 infer_wait=2963.579s infer_obs_pack=3.379s env_step=2026.354s feedback_total=14.236s feedback_obs_pack=4.679s feedback_info_pack=0.267s effective_fps=63.15
2026-09-28 12:44:54.395 | INFO     | plugrl_env_client.runner.rollout:log_timing_summary:98 - Intermediate rollout timing summary: env_steps=318908 infer_calls=80004 feedback_calls=80003 infer_wait=3083.886s infer_obs_pack=3.408s env_step=2043.538s feedback_total=14.362s feedback_obs_pack=4.719s feedback_info_pack=0.269s effective_fps=61.98
2026-09-28 12:44:54.402 | INFO     | plugrl_env_client.runner.rollout:log_timing_summary:98 - Intermediate rollout timing summary: env_steps=318915 infer_calls=80002 feedback_calls=80001 infer_wait=3075.296s infer_obs_pack=3.319s env_step=2052.273s feedback_total=14.152s feedback_obs_pack=4.614s feedback_info_pack=0.244s effective_fps=61.98
2026-09-28 12:44:54.403 | INFO     | plugrl_env_client.runner.rollout:log_timing_summary:98 - Intermediate rollout timing summary: env_steps=318945 infer_calls=80002 feedback_calls=80001 infer_wait=3078.857s infer_obs_pack=3.331s env_step=2048.264s feedback_total=14.303s feedback_obs_pack=4.673s feedback_info_pack=0.252s effective_fps=61.99
2026-09-28 12:45:24.407 | INFO     | plugrl_env_client.runner.rollout:log_timing_summary:98 - Intermediate rollout timing summary: env_steps=322206 infer_calls=80829 feedback_calls=80828 infer_wait=3083.868s infer_obs_pack=3.353s env_step=2073.399s feedback_total=14.298s feedback_obs_pack=4.661s feedback_info_pack=0.247s effective_fps=62.26
2026-09-28 12:45:24.410 | INFO     | plugrl_env_client.runner.rollout:log_timing_summary:98 - Intermediate rollout timing summary: env_steps=322206 infer_calls=80831 feedback_calls=80830 infer_wait=3092.314s infer_obs_pack=3.443s env_step=2064.820s feedback_total=14.508s feedback_obs_pack=4.767s feedback_info_pack=0.272s effective_fps=62.26
2026-09-28 12:45:24.412 | INFO     | plugrl_env_client.runner.rollout:log_timing_summary:98 - Intermediate rollout timing summary: env_steps=322243 infer_calls=80829 feedback_calls=80828 infer_wait=3087.692s infer_obs_pack=3.366s env_step=2069.134s feedback_total=14.450s feedback_obs_pack=4.720s feedback_info_pack=0.254s effective_fps=62.27
2026-09-28 12:45:54.420 | INFO     | plugrl_env_client.runner.rollout:log_timing_summary:98 - Intermediate rollout timing summary: env_steps=325450 infer_calls=81642 feedback_calls=81641 infer_wait=3092.365s infer_obs_pack=3.388s env_step=2094.624s feedback_total=14.441s feedback_obs_pack=4.707s feedback_info_pack=0.249s effective_fps=62.53
2026-09-28 12:45:54.421 | INFO     | plugrl_env_client.runner.rollout:log_timing_summary:98 - Intermediate rollout timing summary: env_steps=325483 infer_calls=81642 feedback_calls=81641 infer_wait=3096.008s infer_obs_pack=3.402s env_step=2090.521s feedback_total=14.593s feedback_obs_pack=4.767s feedback_info_pack=0.257s effective_fps=62.54
2026-09-28 12:45:54.424 | INFO     | plugrl_env_client.runner.rollout:log_timing_summary:98 - Intermediate rollout timing summary: env_steps=325441 infer_calls=81644 feedback_calls=81643 infer_wait=3101.259s infer_obs_pack=3.476s env_step=2085.589s feedback_total=14.650s feedback_obs_pack=4.813s feedback_info_pack=0.274s effective_fps=62.52
2026-09-28 12:46:24.423 | INFO     | plugrl_env_client.runner.rollout:log_timing_summary:98 - Intermediate rollout timing summary: env_steps=328723 infer_calls=82464 feedback_calls=82463 infer_wait=3100.755s infer_obs_pack=3.421s env_step=2115.938s feedback_total=14.583s feedback_obs_pack=4.754s feedback_info_pack=0.252s effective_fps=62.80
2026-09-28 12:46:24.427 | INFO     | plugrl_env_client.runner.rollout:log_timing_summary:98 - Intermediate rollout timing summary: env_steps=328758 infer_calls=82464 feedback_calls=82463 infer_wait=3104.638s infer_obs_pack=3.436s env_step=2111.583s feedback_total=14.746s feedback_obs_pack=4.818s feedback_info_pack=0.260s effective_fps=62.81
2026-09-28 12:46:24.428 | INFO     | plugrl_env_client.runner.rollout:log_timing_summary:98 - Intermediate rollout timing summary: env_steps=328719 infer_calls=82466 feedback_calls=82465 infer_wait=3109.768s infer_obs_pack=3.511s env_step=2106.787s feedback_total=14.791s feedback_obs_pack=4.861s feedback_info_pack=0.277s effective_fps=62.79
2026-09-28 12:46:54.424 | INFO     | plugrl_env_client.runner.rollout:log_timing_summary:98 - Intermediate rollout timing summary: env_steps=332014 infer_calls=83290 feedback_calls=83289 infer_wait=3108.806s infer_obs_pack=3.455s env_step=2137.579s feedback_total=14.731s feedback_obs_pack=4.801s feedback_info_pack=0.254s effective_fps=63.07
2026-09-28 12:46:54.428 | INFO     | plugrl_env_client.runner.rollout:log_timing_summary:98 - Intermediate rollout timing summary: env_steps=332050 infer_calls=83290 feedback_calls=83289 infer_wait=3113.234s infer_obs_pack=3.471s env_step=2132.684s feedback_total=14.890s feedback_obs_pack=4.866s feedback_info_pack=0.262s effective_fps=63.08
2026-09-28 12:46:54.430 | INFO     | plugrl_env_client.runner.rollout:log_timing_summary:98 - Intermediate rollout timing summary: env_steps=332008 infer_calls=83292 feedback_calls=83291 infer_wait=3118.808s infer_obs_pack=3.545s env_step=2127.438s feedback_total=14.942s feedback_obs_pack=4.909s feedback_info_pack=0.280s effective_fps=63.06
2026-09-28 12:49:12.260 | INFO     | plugrl_env_client.runner.rollout:log_timing_summary:98 - Intermediate rollout timing summary: env_steps=334886 infer_calls=84002 feedback_calls=84001 infer_wait=3233.217s infer_obs_pack=3.500s env_step=2150.263s feedback_total=15.022s feedback_obs_pack=4.907s feedback_info_pack=0.264s effective_fps=61.99
2026-09-28 12:49:12.265 | INFO     | plugrl_env_client.runner.rollout:log_timing_summary:98 - Intermediate rollout timing summary: env_steps=334846 infer_calls=84004 feedback_calls=84003 infer_wait=3238.680s infer_obs_pack=3.575s env_step=2145.144s feedback_total=15.070s feedback_obs_pack=4.950s feedback_info_pack=0.282s effective_fps=61.98
2026-09-28 12:49:12.267 | INFO     | plugrl_env_client.runner.rollout:log_timing_summary:98 - Intermediate rollout timing summary: env_steps=334850 infer_calls=84002 feedback_calls=84001 infer_wait=3228.883s infer_obs_pack=3.484s env_step=2155.082s feedback_total=14.857s feedback_obs_pack=4.842s feedback_info_pack=0.256s effective_fps=61.98
2026-09-28 12:49:42.267 | INFO     | plugrl_env_client.runner.rollout:log_timing_summary:98 - Intermediate rollout timing summary: env_steps=338153 infer_calls=84833 feedback_calls=84832 infer_wait=3246.967s infer_obs_pack=3.610s env_step=2166.545s feedback_total=15.221s feedback_obs_pack=4.997s feedback_info_pack=0.285s effective_fps=62.25
2026-09-28 12:49:42.267 | INFO     | plugrl_env_client.runner.rollout:log_timing_summary:98 - Intermediate rollout timing summary: env_steps=338190 infer_calls=84831 feedback_calls=84830 infer_wait=3241.734s infer_obs_pack=3.535s env_step=2171.439s feedback_total=15.171s feedback_obs_pack=4.958s feedback_info_pack=0.267s effective_fps=62.26
2026-09-28 12:49:42.270 | INFO     | plugrl_env_client.runner.rollout:log_timing_summary:98 - Intermediate rollout timing summary: env_steps=338147 infer_calls=84831 feedback_calls=84830 infer_wait=3237.373s infer_obs_pack=3.519s env_step=2176.286s feedback_total=15.009s feedback_obs_pack=4.890s feedback_info_pack=0.259s effective_fps=62.25
2026-09-28 12:50:12.270 | INFO     | plugrl_env_client.runner.rollout:log_timing_summary:98 - Intermediate rollout timing summary: env_steps=341449 infer_calls=85648 feedback_calls=85647 infer_wait=3250.047s infer_obs_pack=3.568s env_step=2192.822s feedback_total=15.315s feedback_obs_pack=5.006s feedback_info_pack=0.269s effective_fps=62.52
2026-09-28 12:50:12.272 | INFO     | plugrl_env_client.runner.rollout:log_timing_summary:98 - Intermediate rollout timing summary: env_steps=341410 infer_calls=85650 feedback_calls=85649 infer_wait=3255.692s infer_obs_pack=3.644s env_step=2187.522s feedback_total=15.368s feedback_obs_pack=5.045s feedback_info_pack=0.288s effective_fps=62.50
2026-09-28 12:50:12.274 | INFO     | plugrl_env_client.runner.rollout:log_timing_summary:98 - Intermediate rollout timing summary: env_steps=341408 infer_calls=85648 feedback_calls=85648 infer_wait=3245.630s infer_obs_pack=3.553s env_step=2197.737s feedback_total=15.155s feedback_obs_pack=4.937s feedback_info_pack=0.261s effective_fps=62.51
2026-09-28 12:50:42.276 | INFO     | plugrl_env_client.runner.rollout:log_timing_summary:98 - Intermediate rollout timing summary: env_steps=344681 infer_calls=86469 feedback_calls=86468 infer_wait=3253.996s infer_obs_pack=3.587s env_step=2219.069s feedback_total=15.302s feedback_obs_pack=4.987s feedback_info_pack=0.264s effective_fps=62.76
2026-09-28 12:50:42.277 | INFO     | plugrl_env_client.runner.rollout:log_timing_summary:98 - Intermediate rollout timing summary: env_steps=344721 infer_calls=86469 feedback_calls=86468 infer_wait=3258.632s infer_obs_pack=3.603s env_step=2213.936s feedback_total=15.461s feedback_obs_pack=5.054s feedback_info_pack=0.272s effective_fps=62.77
2026-09-28 12:50:42.278 | INFO     | plugrl_env_client.runner.rollout:log_timing_summary:98 - Intermediate rollout timing summary: env_steps=344686 infer_calls=86471 feedback_calls=86470 infer_wait=3264.432s infer_obs_pack=3.679s env_step=2208.483s feedback_total=15.519s feedback_obs_pack=5.094s feedback_info_pack=0.290s effective_fps=62.76
2026-09-28 12:51:12.280 | INFO     | plugrl_env_client.runner.rollout:log_timing_summary:98 - Intermediate rollout timing summary: env_steps=348013 infer_calls=87304 feedback_calls=87304 infer_wait=3262.104s infer_obs_pack=3.622s env_step=2240.646s feedback_total=15.460s feedback_obs_pack=5.036s feedback_info_pack=0.266s effective_fps=63.02
2026-09-28 12:51:12.284 | INFO     | plugrl_env_client.runner.rollout:log_timing_summary:98 - Intermediate rollout timing summary: env_steps=348020 infer_calls=87306 feedback_calls=87305 infer_wait=3272.890s infer_obs_pack=3.714s env_step=2229.719s feedback_total=15.667s feedback_obs_pack=5.143s feedback_info_pack=0.293s effective_fps=63.02
2026-09-28 12:51:12.304 | INFO     | plugrl_env_client.runner.rollout:log_timing_summary:98 - Intermediate rollout timing summary: env_steps=348049 infer_calls=87305 feedback_calls=87304 infer_wait=3266.974s infer_obs_pack=3.638s env_step=2235.309s feedback_total=15.614s feedback_obs_pack=5.103s feedback_info_pack=0.275s effective_fps=63.03
2026-09-28 12:53:28.776 | INFO     | plugrl_env_client.runner.rollout:log_timing_summary:98 - Intermediate rollout timing summary: env_steps=350791 infer_calls=88002 feedback_calls=88001 infer_wait=3381.372s infer_obs_pack=3.650s env_step=2257.616s feedback_total=15.583s feedback_obs_pack=5.076s feedback_info_pack=0.269s effective_fps=62.00
2026-09-28 12:53:28.781 | INFO     | plugrl_env_client.runner.rollout:log_timing_summary:98 - Intermediate rollout timing summary: env_steps=350829 infer_calls=88002 feedback_calls=88001 infer_wait=3385.209s infer_obs_pack=3.667s env_step=2253.284s feedback_total=15.745s feedback_obs_pack=5.146s feedback_info_pack=0.277s effective_fps=62.01
2026-09-28 12:53:28.784 | INFO     | plugrl_env_client.runner.rollout:log_timing_summary:98 - Intermediate rollout timing summary: env_steps=350804 infer_calls=88004 feedback_calls=88003 infer_wait=3391.984s infer_obs_pack=3.743s env_step=2246.868s feedback_total=15.791s feedback_obs_pack=5.183s feedback_info_pack=0.295s effective_fps=62.00
2026-09-28 12:53:58.781 | INFO     | plugrl_env_client.runner.rollout:log_timing_summary:98 - Intermediate rollout timing summary: env_steps=354070 infer_calls=88824 feedback_calls=88823 infer_wait=3389.782s infer_obs_pack=3.685s env_step=2278.910s feedback_total=15.729s feedback_obs_pack=5.123s feedback_info_pack=0.271s effective_fps=62.25
2026-09-28 12:53:58.786 | INFO     | plugrl_env_client.runner.rollout:log_timing_summary:98 - Intermediate rollout timing summary: env_steps=354082 infer_calls=88826 feedback_calls=88826 infer_wait=3400.615s infer_obs_pack=3.781s env_step=2267.937s feedback_total=15.938s feedback_obs_pack=5.231s feedback_info_pack=0.298s effective_fps=62.25
2026-09-28 12:53:58.788 | INFO     | plugrl_env_client.runner.rollout:log_timing_summary:98 - Intermediate rollout timing summary: env_steps=354112 infer_calls=88824 feedback_calls=88824 infer_wait=3393.583s infer_obs_pack=3.701s env_step=2274.604s feedback_total=15.895s feedback_obs_pack=5.194s feedback_info_pack=0.280s effective_fps=62.26
2026-09-28 12:54:28.791 | INFO     | plugrl_env_client.runner.rollout:log_timing_summary:98 - Intermediate rollout timing summary: env_steps=357374 infer_calls=89644 feedback_calls=89643 infer_wait=3401.934s infer_obs_pack=3.735s env_step=2295.948s feedback_total=16.043s feedback_obs_pack=5.243s feedback_info_pack=0.282s effective_fps=62.50
2026-09-28 12:54:28.792 | INFO     | plugrl_env_client.runner.rollout:log_timing_summary:98 - Intermediate rollout timing summary: env_steps=357345 infer_calls=89646 feedback_calls=89645 infer_wait=3409.584s infer_obs_pack=3.818s env_step=2288.662s feedback_total=16.087s feedback_obs_pack=5.280s feedback_info_pack=0.301s effective_fps=62.49
2026-09-28 12:54:28.793 | INFO     | plugrl_env_client.runner.rollout:log_timing_summary:98 - Intermediate rollout timing summary: env_steps=357337 infer_calls=89644 feedback_calls=89643 infer_wait=3398.096s infer_obs_pack=3.719s env_step=2300.308s feedback_total=15.877s feedback_obs_pack=5.169s feedback_info_pack=0.273s effective_fps=62.49
2026-09-28 12:54:58.801 | INFO     | plugrl_env_client.runner.rollout:log_timing_summary:98 - Intermediate rollout timing summary: env_steps=360688 infer_calls=90476 feedback_calls=90475 infer_wait=3410.516s infer_obs_pack=3.770s env_step=2317.066s feedback_total=16.190s feedback_obs_pack=5.292s feedback_info_pack=0.285s effective_fps=62.76
2026-09-28 12:54:58.803 | INFO     | plugrl_env_client.runner.rollout:log_timing_summary:98 - Intermediate rollout timing summary: env_steps=360651 infer_calls=90476 feedback_calls=90475 infer_wait=3406.660s infer_obs_pack=3.754s env_step=2321.452s feedback_total=16.023s feedback_obs_pack=5.217s feedback_info_pack=0.276s effective_fps=62.74
2026-09-28 12:54:58.805 | INFO     | plugrl_env_client.runner.rollout:log_timing_summary:98 - Intermediate rollout timing summary: env_steps=360662 infer_calls=90478 feedback_calls=90477 infer_wait=3417.792s infer_obs_pack=3.854s env_step=2310.146s feedback_total=16.246s feedback_obs_pack=5.332s feedback_info_pack=0.304s effective_fps=62.75
2026-09-28 12:55:28.803 | INFO     | plugrl_env_client.runner.rollout:log_timing_summary:98 - Intermediate rollout timing summary: env_steps=364018 infer_calls=91309 feedback_calls=91308 infer_wait=3418.600s infer_obs_pack=3.804s env_step=2338.678s feedback_total=16.339s feedback_obs_pack=5.342s feedback_info_pack=0.287s effective_fps=63.01
2026-09-28 12:55:28.808 | INFO     | plugrl_env_client.runner.rollout:log_timing_summary:98 - Intermediate rollout timing summary: env_steps=363986 infer_calls=91311 feedback_calls=91310 infer_wait=3426.465s infer_obs_pack=3.889s env_step=2331.168s feedback_total=16.397s feedback_obs_pack=5.380s feedback_info_pack=0.306s effective_fps=63.00
2026-09-28 12:55:28.809 | INFO     | plugrl_env_client.runner.rollout:log_timing_summary:98 - Intermediate rollout timing summary: env_steps=363977 infer_calls=91309 feedback_calls=91308 infer_wait=3415.079s infer_obs_pack=3.788s env_step=2342.731s feedback_total=16.173s feedback_obs_pack=5.264s feedback_info_pack=0.279s effective_fps=63.00
2026-09-28 12:57:45.521 | INFO     | plugrl_env_client.runner.rollout:log_timing_summary:98 - Intermediate rollout timing summary: env_steps=366747 infer_calls=92004 feedback_calls=92003 infer_wait=3545.747s infer_obs_pack=3.918s env_step=2348.344s feedback_total=16.521s feedback_obs_pack=5.420s feedback_info_pack=0.309s effective_fps=62.01
2026-09-28 12:57:45.521 | INFO     | plugrl_env_client.runner.rollout:log_timing_summary:98 - Intermediate rollout timing summary: env_steps=366740 infer_calls=92002 feedback_calls=92001 infer_wait=3534.275s infer_obs_pack=3.816s env_step=2359.991s feedback_total=16.295s feedback_obs_pack=5.304s feedback_info_pack=0.281s effective_fps=62.01
2026-09-28 12:57:45.527 | INFO     | plugrl_env_client.runner.rollout:log_timing_summary:98 - Intermediate rollout timing summary: env_steps=366782 infer_calls=92002 feedback_calls=92001 infer_wait=3537.616s infer_obs_pack=3.833s env_step=2356.128s feedback_total=16.467s feedback_obs_pack=5.382s feedback_info_pack=0.290s effective_fps=62.02
2026-09-28 12:58:15.523 | INFO     | plugrl_env_client.runner.rollout:log_timing_summary:98 - Intermediate rollout timing summary: env_steps=369980 infer_calls=92815 feedback_calls=92814 infer_wait=3543.061s infer_obs_pack=3.850s env_step=2380.904s feedback_total=16.442s feedback_obs_pack=5.350s feedback_info_pack=0.283s effective_fps=62.24
2026-09-28 12:58:15.526 | INFO     | plugrl_env_client.runner.rollout:log_timing_summary:98 - Intermediate rollout timing summary: env_steps=369987 infer_calls=92817 feedback_calls=92816 infer_wait=3554.221s infer_obs_pack=3.956s env_step=2369.566s feedback_total=16.672s feedback_obs_pack=5.468s feedback_info_pack=0.311s effective_fps=62.24
2026-09-28 12:58:15.528 | INFO     | plugrl_env_client.runner.rollout:log_timing_summary:98 - Intermediate rollout timing summary: env_steps=370028 infer_calls=92815 feedback_calls=92814 infer_wait=3546.104s infer_obs_pack=3.867s env_step=2377.338s feedback_total=16.615s feedback_obs_pack=5.431s feedback_info_pack=0.293s effective_fps=62.25
2026-09-28 12:58:45.532 | INFO     | plugrl_env_client.runner.rollout:log_timing_summary:98 - Intermediate rollout timing summary: env_steps=373282 infer_calls=93644 feedback_calls=93643 infer_wait=3562.822s infer_obs_pack=3.991s env_step=2390.668s feedback_total=16.817s feedback_obs_pack=5.516s feedback_info_pack=0.314s effective_fps=62.48
2026-09-28 12:58:45.536 | INFO     | plugrl_env_client.runner.rollout:log_timing_summary:98 - Intermediate rollout timing summary: env_steps=373278 infer_calls=93642 feedback_calls=93641 infer_wait=3551.744s infer_obs_pack=3.885s env_step=2401.933s feedback_total=16.587s feedback_obs_pack=5.400s feedback_info_pack=0.286s effective_fps=62.48
2026-09-28 12:58:45.536 | INFO     | plugrl_env_client.runner.rollout:log_timing_summary:98 - Intermediate rollout timing summary: env_steps=373323 infer_calls=93642 feedback_calls=93641 infer_wait=3554.468s infer_obs_pack=3.901s env_step=2398.673s feedback_total=16.761s feedback_obs_pack=5.479s feedback_info_pack=0.295s effective_fps=62.49
2026-09-28 12:59:15.536 | INFO     | plugrl_env_client.runner.rollout:log_timing_summary:98 - Intermediate rollout timing summary: env_steps=376633 infer_calls=94473 feedback_calls=94472 infer_wait=3562.956s infer_obs_pack=3.937s env_step=2419.865s feedback_total=16.912s feedback_obs_pack=5.530s feedback_info_pack=0.298s effective_fps=62.73
2026-09-28 12:59:15.536 | INFO     | plugrl_env_client.runner.rollout:log_timing_summary:98 - Intermediate rollout timing summary: env_steps=376593 infer_calls=94475 feedback_calls=94474 infer_wait=3571.249s infer_obs_pack=4.025s env_step=2411.941s feedback_total=16.964s feedback_obs_pack=5.566s feedback_info_pack=0.317s effective_fps=62.72
2026-09-28 12:59:15.539 | INFO     | plugrl_env_client.runner.rollout:log_timing_summary:98 - Intermediate rollout timing summary: env_steps=376597 infer_calls=94473 feedback_calls=94472 infer_wait=3560.445s infer_obs_pack=3.919s env_step=2422.927s feedback_total=16.736s feedback_obs_pack=5.450s feedback_info_pack=0.288s effective_fps=62.72
2026-09-28 12:59:45.544 | INFO     | plugrl_env_client.runner.rollout:log_timing_summary:98 - Intermediate rollout timing summary: env_steps=380019 infer_calls=95332 feedback_calls=95331 infer_wait=3568.736s infer_obs_pack=3.955s env_step=2444.327s feedback_total=16.887s feedback_obs_pack=5.499s feedback_info_pack=0.291s effective_fps=62.98
2026-09-28 12:59:45.545 | INFO     | plugrl_env_client.runner.rollout:log_timing_summary:98 - Intermediate rollout timing summary: env_steps=380015 infer_calls=95334 feedback_calls=95333 infer_wait=3579.189s infer_obs_pack=4.061s env_step=2433.696s feedback_total=17.117s feedback_obs_pack=5.617s feedback_info_pack=0.320s effective_fps=62.98
2026-09-28 12:59:45.546 | INFO     | plugrl_env_client.runner.rollout:log_timing_summary:98 - Intermediate rollout timing summary: env_steps=380057 infer_calls=95332 feedback_calls=95331 infer_wait=3571.293s infer_obs_pack=3.972s env_step=2441.216s feedback_total=17.066s feedback_obs_pack=5.579s feedback_info_pack=0.300s effective_fps=62.99
2026-09-28 13:02:03.642 | INFO     | plugrl_env_client.runner.rollout:log_timing_summary:98 - Intermediate rollout timing summary: env_steps=382675 infer_calls=96003 feedback_calls=96002 infer_wait=3700.420s infer_obs_pack=4.089s env_step=2450.313s feedback_total=17.239s feedback_obs_pack=5.656s feedback_info_pack=0.322s effective_fps=62.00
2026-09-28 13:02:03.644 | INFO     | plugrl_env_client.runner.rollout:log_timing_summary:98 - Intermediate rollout timing summary: env_steps=382689 infer_calls=96001 feedback_calls=96000 infer_wait=3689.644s infer_obs_pack=3.985s env_step=2461.271s feedback_total=17.005s feedback_obs_pack=5.537s feedback_info_pack=0.293s effective_fps=62.00
2026-09-28 13:02:03.644 | INFO     | plugrl_env_client.runner.rollout:log_timing_summary:98 - Intermediate rollout timing summary: env_steps=382725 infer_calls=96001 feedback_calls=96000 infer_wait=3692.772s infer_obs_pack=4.000s env_step=2457.587s feedback_total=17.185s feedback_obs_pack=5.618s feedback_info_pack=0.303s effective_fps=62.01
2026-09-28 13:02:33.642 | INFO     | plugrl_env_client.runner.rollout:log_timing_summary:98 - Intermediate rollout timing summary: env_steps=385991 infer_calls=96834 feedback_calls=96833 infer_wait=3708.701s infer_obs_pack=4.125s env_step=2471.723s feedback_total=17.393s feedback_obs_pack=5.705s feedback_info_pack=0.325s effective_fps=62.24
2026-09-28 13:02:33.645 | INFO     | plugrl_env_client.runner.rollout:log_timing_summary:98 - Intermediate rollout timing summary: env_steps=386041 infer_calls=96832 feedback_calls=96831 infer_wait=3701.182s infer_obs_pack=4.038s env_step=2478.867s feedback_total=17.335s feedback_obs_pack=5.666s feedback_info_pack=0.305s effective_fps=62.25
2026-09-28 13:02:33.650 | INFO     | plugrl_env_client.runner.rollout:log_timing_summary:98 - Intermediate rollout timing summary: env_steps=385996 infer_calls=96832 feedback_calls=96831 infer_wait=3698.081s infer_obs_pack=4.019s env_step=2482.532s feedback_total=17.152s feedback_obs_pack=5.584s feedback_info_pack=0.295s effective_fps=62.24
2026-09-28 13:03:03.649 | INFO     | plugrl_env_client.runner.rollout:log_timing_summary:98 - Intermediate rollout timing summary: env_steps=389341 infer_calls=97661 feedback_calls=97660 infer_wait=3709.311s infer_obs_pack=4.072s env_step=2500.435s feedback_total=17.480s feedback_obs_pack=5.714s feedback_info_pack=0.308s effective_fps=62.48
2026-09-28 13:03:03.650 | INFO     | plugrl_env_client.runner.rollout:log_timing_summary:98 - Intermediate rollout timing summary: env_steps=389298 infer_calls=97663 feedback_calls=97662 infer_wait=3717.335s infer_obs_pack=4.159s env_step=2492.797s feedback_total=17.536s feedback_obs_pack=5.753s feedback_info_pack=0.327s effective_fps=62.47
2026-09-28 13:03:03.653 | INFO     | plugrl_env_client.runner.rollout:log_timing_summary:98 - Intermediate rollout timing summary: env_steps=389298 infer_calls=97661 feedback_calls=97660 infer_wait=3706.778s infer_obs_pack=4.054s env_step=2503.531s feedback_total=17.301s feedback_obs_pack=5.633s feedback_info_pack=0.298s effective_fps=62.47
2026-09-28 13:03:33.653 | INFO     | plugrl_env_client.runner.rollout:log_timing_summary:98 - Intermediate rollout timing summary: env_steps=392617 infer_calls=98484 feedback_calls=98483 infer_wait=3718.043s infer_obs_pack=4.106s env_step=2521.404s feedback_total=17.624s feedback_obs_pack=5.761s feedback_info_pack=0.310s effective_fps=62.71
2026-09-28 13:03:33.677 | INFO     | plugrl_env_client.runner.rollout:log_timing_summary:98 - Intermediate rollout timing summary: env_steps=392587 infer_calls=98485 feedback_calls=98484 infer_wait=3715.075s infer_obs_pack=4.088s env_step=2524.954s feedback_total=17.451s feedback_obs_pack=5.680s feedback_info_pack=0.300s effective_fps=62.70
2026-09-28 13:03:33.679 | INFO     | plugrl_env_client.runner.rollout:log_timing_summary:98 - Intermediate rollout timing summary: env_steps=392583 infer_calls=98487 feedback_calls=98486 infer_wait=3725.865s infer_obs_pack=4.194s env_step=2513.988s feedback_total=17.689s feedback_obs_pack=5.802s feedback_info_pack=0.333s effective_fps=62.70
2026-09-28 13:04:03.655 | INFO     | plugrl_env_client.runner.rollout:log_timing_summary:98 - Intermediate rollout timing summary: env_steps=396026 infer_calls=99340 feedback_calls=99339 infer_wait=3726.211s infer_obs_pack=4.141s env_step=2542.909s feedback_total=17.785s feedback_obs_pack=5.811s feedback_info_pack=0.313s effective_fps=62.95
2026-09-28 13:04:03.681 | INFO     | plugrl_env_client.runner.rollout:log_timing_summary:98 - Intermediate rollout timing summary: env_steps=396001 infer_calls=99341 feedback_calls=99340 infer_wait=3723.437s infer_obs_pack=4.123s env_step=2546.277s feedback_total=17.608s feedback_obs_pack=5.732s feedback_info_pack=0.303s effective_fps=62.94
2026-09-28 13:04:03.683 | INFO     | plugrl_env_client.runner.rollout:log_timing_summary:98 - Intermediate rollout timing summary: env_steps=395995 infer_calls=99343 feedback_calls=99342 infer_wait=3733.733s infer_obs_pack=4.230s env_step=2535.810s feedback_total=17.841s feedback_obs_pack=5.852s feedback_info_pack=0.336s effective_fps=62.94
2026-09-28 13:06:20.272 | INFO     | plugrl_env_client.runner.rollout:log_timing_summary:98 - Intermediate rollout timing summary: env_steps=398659 infer_calls=100002 feedback_calls=100001 infer_wait=3846.117s infer_obs_pack=4.169s env_step=2559.366s feedback_total=17.909s feedback_obs_pack=5.850s feedback_info_pack=0.315s effective_fps=62.02
2026-09-28 13:06:20.274 | INFO     | plugrl_env_client.runner.rollout:log_timing_summary:98 - Intermediate rollout timing summary: env_steps=398637 infer_calls=100002 feedback_calls=100001 infer_wait=3843.487s infer_obs_pack=4.150s env_step=2562.572s feedback_total=17.729s feedback_obs_pack=5.772s feedback_info_pack=0.305s effective_fps=62.02
2026-09-28 13:06:20.275 | INFO     | plugrl_env_client.runner.rollout:log_timing_summary:98 - Intermediate rollout timing summary: env_steps=398625 infer_calls=100004 feedback_calls=100003 infer_wait=3854.095s infer_obs_pack=4.257s env_step=2551.790s feedback_total=17.962s feedback_obs_pack=5.890s feedback_info_pack=0.338s effective_fps=62.01
2026-09-28 13:06:50.275 | INFO     | plugrl_env_client.runner.rollout:log_timing_summary:98 - Intermediate rollout timing summary: env_steps=401962 infer_calls=100830 feedback_calls=100829 infer_wait=3854.429s infer_obs_pack=4.204s env_step=2580.752s feedback_total=18.058s feedback_obs_pack=5.898s feedback_info_pack=0.318s effective_fps=62.25
2026-09-28 13:06:50.278 | INFO     | plugrl_env_client.runner.rollout:log_timing_summary:98 - Intermediate rollout timing summary: env_steps=401928 infer_calls=100832 feedback_calls=100831 infer_wait=3862.641s infer_obs_pack=4.293s env_step=2572.937s feedback_total=18.113s feedback_obs_pack=5.938s feedback_info_pack=0.341s effective_fps=62.24
2026-09-28 13:06:50.278 | INFO     | plugrl_env_client.runner.rollout:log_timing_summary:98 - Intermediate rollout timing summary: env_steps=401939 infer_calls=100830 feedback_calls=100829 infer_wait=3852.161s infer_obs_pack=4.186s env_step=2583.597s feedback_total=17.875s feedback_obs_pack=5.821s feedback_info_pack=0.307s effective_fps=62.24
2026-09-28 13:07:20.287 | INFO     | plugrl_env_client.runner.rollout:log_timing_summary:98 - Intermediate rollout timing summary: env_steps=405238 infer_calls=101662 feedback_calls=101661 infer_wait=3871.419s infer_obs_pack=4.328s env_step=2593.868s feedback_total=18.257s feedback_obs_pack=5.986s feedback_info_pack=0.344s effective_fps=62.46
2026-09-28 13:07:20.287 | INFO     | plugrl_env_client.runner.rollout:log_timing_summary:98 - Intermediate rollout timing summary: env_steps=405271 infer_calls=101660 feedback_calls=101659 infer_wait=3862.967s infer_obs_pack=4.238s env_step=2601.919s feedback_total=18.205s feedback_obs_pack=5.946s feedback_info_pack=0.320s effective_fps=62.47
2026-09-28 13:07:20.287 | INFO     | plugrl_env_client.runner.rollout:log_timing_summary:98 - Intermediate rollout timing summary: env_steps=405244 infer_calls=101660 feedback_calls=101659 infer_wait=3860.179s infer_obs_pack=4.220s env_step=2605.285s feedback_total=18.021s feedback_obs_pack=5.868s feedback_info_pack=0.310s effective_fps=62.46
2026-09-28 13:07:50.288 | INFO     | plugrl_env_client.runner.rollout:log_timing_summary:98 - Intermediate rollout timing summary: env_steps=408588 infer_calls=102492 feedback_calls=102492 infer_wait=3871.385s infer_obs_pack=4.272s env_step=2623.193s feedback_total=18.352s feedback_obs_pack=5.995s feedback_info_pack=0.323s effective_fps=62.69
2026-09-28 13:07:50.298 | INFO     | plugrl_env_client.runner.rollout:log_timing_summary:98 - Intermediate rollout timing summary: env_steps=408556 infer_calls=102495 feedback_calls=102494 infer_wait=3879.822s infer_obs_pack=4.363s env_step=2615.167s feedback_total=18.406s feedback_obs_pack=6.035s feedback_info_pack=0.346s effective_fps=62.68
2026-09-28 13:07:50.300 | INFO     | plugrl_env_client.runner.rollout:log_timing_summary:98 - Intermediate rollout timing summary: env_steps=408565 infer_calls=102493 feedback_calls=102492 infer_wait=3868.712s infer_obs_pack=4.255s env_step=2626.457s feedback_total=18.167s feedback_obs_pack=5.916s feedback_info_pack=0.312s effective_fps=62.69
2026-09-28 13:08:20.299 | INFO     | plugrl_env_client.runner.rollout:log_timing_summary:98 - Intermediate rollout timing summary: env_steps=411982 infer_calls=103354 feedback_calls=103353 infer_wait=3888.206s infer_obs_pack=4.399s env_step=2636.464s feedback_total=18.562s feedback_obs_pack=6.086s feedback_info_pack=0.349s effective_fps=62.92
2026-09-28 13:08:20.299 | INFO     | plugrl_env_client.runner.rollout:log_timing_summary:98 - Intermediate rollout timing summary: env_steps=412003 infer_calls=103352 feedback_calls=103351 infer_wait=3879.722s infer_obs_pack=4.308s env_step=2644.538s feedback_total=18.512s feedback_obs_pack=6.046s feedback_info_pack=0.325s effective_fps=62.93
2026-09-28 13:08:20.305 | INFO     | plugrl_env_client.runner.rollout:log_timing_summary:98 - Intermediate rollout timing summary: env_steps=411988 infer_calls=103352 feedback_calls=103351 infer_wait=3876.435s infer_obs_pack=4.290s env_step=2648.424s feedback_total=18.322s feedback_obs_pack=5.965s feedback_info_pack=0.315s effective_fps=62.92
2026-09-28 13:10:35.681 | INFO     | plugrl_env_client.runner.rollout:log_timing_summary:98 - Intermediate rollout timing summary: env_steps=414595 infer_calls=104002 feedback_calls=104001 infer_wait=3998.361s infer_obs_pack=4.335s env_step=2661.040s feedback_total=18.628s feedback_obs_pack=6.084s feedback_info_pack=0.327s effective_fps=62.04
2026-09-28 13:10:35.688 | INFO     | plugrl_env_client.runner.rollout:log_timing_summary:98 - Intermediate rollout timing summary: env_steps=414577 infer_calls=104004 feedback_calls=104003 infer_wait=4006.799s infer_obs_pack=4.427s env_step=2653.017s feedback_total=18.685s feedback_obs_pack=6.124s feedback_info_pack=0.351s effective_fps=62.04
2026-09-28 13:10:35.691 | INFO     | plugrl_env_client.runner.rollout:log_timing_summary:98 - Intermediate rollout timing summary: env_steps=414576 infer_calls=104002 feedback_calls=104001 infer_wait=3995.282s infer_obs_pack=4.317s env_step=2664.723s feedback_total=18.440s feedback_obs_pack=6.003s feedback_info_pack=0.317s effective_fps=62.04
2026-09-28 13:11:05.700 | INFO     | plugrl_env_client.runner.rollout:log_timing_summary:98 - Intermediate rollout timing summary: env_steps=417841 infer_calls=104819 feedback_calls=104818 infer_wait=4003.447s infer_obs_pack=4.351s env_step=2686.264s feedback_total=18.587s feedback_obs_pack=6.050s feedback_info_pack=0.320s effective_fps=62.25
2026-09-28 13:11:05.701 | INFO     | plugrl_env_client.runner.rollout:log_timing_summary:98 - Intermediate rollout timing summary: env_steps=417846 infer_calls=104819 feedback_calls=104818 infer_wait=4006.976s infer_obs_pack=4.369s env_step=2682.127s feedback_total=18.782s feedback_obs_pack=6.134s feedback_info_pack=0.330s effective_fps=62.25
2026-09-28 13:11:05.702 | INFO     | plugrl_env_client.runner.rollout:log_timing_summary:98 - Intermediate rollout timing summary: env_steps=417838 infer_calls=104821 feedback_calls=104820 infer_wait=4015.944s infer_obs_pack=4.462s env_step=2673.581s feedback_total=18.833s feedback_obs_pack=6.171s feedback_info_pack=0.354s effective_fps=62.24
2026-09-28 13:11:35.706 | INFO     | plugrl_env_client.runner.rollout:log_timing_summary:98 - Intermediate rollout timing summary: env_steps=421111 infer_calls=105636 feedback_calls=105636 infer_wait=4015.283s infer_obs_pack=4.403s env_step=2703.519s feedback_total=18.928s feedback_obs_pack=6.181s feedback_info_pack=0.333s effective_fps=62.46
2026-09-28 13:11:35.706 | INFO     | plugrl_env_client.runner.rollout:log_timing_summary:98 - Intermediate rollout timing summary: env_steps=421104 infer_calls=105636 feedback_calls=105636 infer_wait=4012.007s infer_obs_pack=4.385s env_step=2707.408s feedback_total=18.732s feedback_obs_pack=6.096s feedback_info_pack=0.322s effective_fps=62.45
2026-09-28 13:11:35.707 | INFO     | plugrl_env_client.runner.rollout:log_timing_summary:98 - Intermediate rollout timing summary: env_steps=421094 infer_calls=105638 feedback_calls=105638 infer_wait=4024.607s infer_obs_pack=4.496s env_step=2694.620s feedback_total=18.978s feedback_obs_pack=6.219s feedback_info_pack=0.357s effective_fps=62.45
2026-09-28 13:12:05.707 | INFO     | plugrl_env_client.runner.rollout:log_timing_summary:98 - Intermediate rollout timing summary: env_steps=424411 infer_calls=106463 feedback_calls=106463 infer_wait=4023.763s infer_obs_pack=4.436s env_step=2724.736s feedback_total=19.072s feedback_obs_pack=6.231s feedback_info_pack=0.335s effective_fps=62.67
2026-09-28 13:12:05.707 | INFO     | plugrl_env_client.runner.rollout:log_timing_summary:98 - Intermediate rollout timing summary: env_steps=424396 infer_calls=106463 feedback_calls=106463 infer_wait=4020.181s infer_obs_pack=4.419s env_step=2728.933s feedback_total=18.877s feedback_obs_pack=6.143s feedback_info_pack=0.325s effective_fps=62.67
2026-09-28 13:12:05.710 | INFO     | plugrl_env_client.runner.rollout:log_timing_summary:98 - Intermediate rollout timing summary: env_steps=424388 infer_calls=106465 feedback_calls=106465 infer_wait=4033.174s infer_obs_pack=4.531s env_step=2715.743s feedback_total=19.125s feedback_obs_pack=6.266s feedback_info_pack=0.359s effective_fps=62.66
2026-09-28 13:12:35.717 | INFO     | plugrl_env_client.runner.rollout:log_timing_summary:98 - Intermediate rollout timing summary: env_steps=427829 infer_calls=107329 feedback_calls=107328 infer_wait=4041.443s infer_obs_pack=4.567s env_step=2737.160s feedback_total=19.278s feedback_obs_pack=6.316s feedback_info_pack=0.362s effective_fps=62.89
2026-09-28 13:12:35.718 | INFO     | plugrl_env_client.runner.rollout:log_timing_summary:98 - Intermediate rollout timing summary: env_steps=427853 infer_calls=107327 feedback_calls=107326 infer_wait=4032.333s infer_obs_pack=4.472s env_step=2745.850s feedback_total=19.231s feedback_obs_pack=6.281s feedback_info_pack=0.338s effective_fps=62.90
2026-09-28 13:12:35.720 | INFO     | plugrl_env_client.runner.rollout:log_timing_summary:98 - Intermediate rollout timing summary: env_steps=427841 infer_calls=107327 feedback_calls=107326 infer_wait=4027.927s infer_obs_pack=4.454s env_step=2750.887s feedback_total=19.030s feedback_obs_pack=6.193s feedback_info_pack=0.327s effective_fps=62.90
2026-09-28 13:14:52.959 | INFO     | plugrl_env_client.runner.rollout:log_timing_summary:98 - Intermediate rollout timing summary: env_steps=430512 infer_calls=108004 feedback_calls=108003 infer_wait=4161.294s infer_obs_pack=4.596s env_step=2754.292s feedback_total=19.405s feedback_obs_pack=6.356s feedback_info_pack=0.364s effective_fps=62.04
2026-09-28 13:14:52.965 | INFO     | plugrl_env_client.runner.rollout:log_timing_summary:98 - Intermediate rollout timing summary: env_steps=430540 infer_calls=108002 feedback_calls=108001 infer_wait=4152.490s infer_obs_pack=4.500s env_step=2762.683s feedback_total=19.357s feedback_obs_pack=6.321s feedback_info_pack=0.340s effective_fps=62.05
2026-09-28 13:14:52.965 | INFO     | plugrl_env_client.runner.rollout:log_timing_summary:98 - Intermediate rollout timing summary: env_steps=430527 infer_calls=108002 feedback_calls=108001 infer_wait=4148.061s infer_obs_pack=4.483s env_step=2767.745s feedback_total=19.154s feedback_obs_pack=6.231s feedback_info_pack=0.329s effective_fps=62.04
2026-09-28 13:15:22.969 | INFO     | plugrl_env_client.runner.rollout:log_timing_summary:98 - Intermediate rollout timing summary: env_steps=433782 infer_calls=108816 feedback_calls=108815 infer_wait=4160.912s infer_obs_pack=4.534s env_step=2783.962s feedback_total=19.502s feedback_obs_pack=6.367s feedback_info_pack=0.342s effective_fps=62.25
2026-09-28 13:15:22.970 | INFO     | plugrl_env_client.runner.rollout:log_timing_summary:98 - Intermediate rollout timing summary: env_steps=433773 infer_calls=108816 feedback_calls=108815 infer_wait=4156.432s infer_obs_pack=4.516s env_step=2789.084s feedback_total=19.297s feedback_obs_pack=6.277s feedback_info_pack=0.332s effective_fps=62.24
2026-09-28 13:15:22.970 | INFO     | plugrl_env_client.runner.rollout:log_timing_summary:98 - Intermediate rollout timing summary: env_steps=433761 infer_calls=108818 feedback_calls=108817 infer_wait=4169.840s infer_obs_pack=4.635s env_step=2775.439s feedback_total=19.559s feedback_obs_pack=6.403s feedback_info_pack=0.367s effective_fps=62.24
2026-09-28 13:15:52.970 | INFO     | plugrl_env_client.runner.rollout:log_timing_summary:98 - Intermediate rollout timing summary: env_steps=437072 infer_calls=109641 feedback_calls=109641 infer_wait=4164.738s infer_obs_pack=4.550s env_step=2810.482s feedback_total=19.446s feedback_obs_pack=6.324s feedback_info_pack=0.334s effective_fps=62.45
2026-09-28 13:15:52.971 | INFO     | plugrl_env_client.runner.rollout:log_timing_summary:98 - Intermediate rollout timing summary: env_steps=437054 infer_calls=109643 feedback_calls=109642 infer_wait=4178.220s infer_obs_pack=4.672s env_step=2796.760s feedback_total=19.702s feedback_obs_pack=6.451s feedback_info_pack=0.370s effective_fps=62.44
2026-09-28 13:15:52.975 | INFO     | plugrl_env_client.runner.rollout:log_timing_summary:98 - Intermediate rollout timing summary: env_steps=437074 infer_calls=109641 feedback_calls=109641 infer_wait=4169.680s infer_obs_pack=4.569s env_step=2804.886s feedback_total=19.651s feedback_obs_pack=6.415s feedback_info_pack=0.345s effective_fps=62.45
2026-09-28 13:16:22.973 | INFO     | plugrl_env_client.runner.rollout:log_timing_summary:98 - Intermediate rollout timing summary: env_steps=440396 infer_calls=110481 feedback_calls=110480 infer_wait=4186.600s infer_obs_pack=4.708s env_step=2818.075s feedback_total=19.852s feedback_obs_pack=6.501s feedback_info_pack=0.373s effective_fps=62.65
2026-09-28 13:16:22.974 | INFO     | plugrl_env_client.runner.rollout:log_timing_summary:98 - Intermediate rollout timing summary: env_steps=440410 infer_calls=110479 feedback_calls=110478 infer_wait=4173.058s infer_obs_pack=4.585s env_step=2831.861s feedback_total=19.591s feedback_obs_pack=6.372s feedback_info_pack=0.337s effective_fps=62.66
2026-09-28 13:16:22.980 | INFO     | plugrl_env_client.runner.rollout:log_timing_summary:98 - Intermediate rollout timing summary: env_steps=440410 infer_calls=110479 feedback_calls=110478 infer_wait=4178.211s infer_obs_pack=4.604s env_step=2826.042s feedback_total=19.806s feedback_obs_pack=6.463s feedback_info_pack=0.348s effective_fps=62.66
2026-09-28 13:16:52.985 | INFO     | plugrl_env_client.runner.rollout:log_timing_summary:98 - Intermediate rollout timing summary: env_steps=443868 infer_calls=111348 feedback_calls=111347 infer_wait=4186.652s infer_obs_pack=4.639s env_step=2847.275s feedback_total=19.965s feedback_obs_pack=6.513s feedback_info_pack=0.350s effective_fps=62.88
2026-09-28 13:16:52.986 | INFO     | plugrl_env_client.runner.rollout:log_timing_summary:98 - Intermediate rollout timing summary: env_steps=443875 infer_calls=111348 feedback_calls=111347 infer_wait=4180.878s infer_obs_pack=4.620s env_step=2853.730s feedback_total=19.750s feedback_obs_pack=6.422s feedback_info_pack=0.340s effective_fps=62.88
2026-09-28 13:16:52.986 | INFO     | plugrl_env_client.runner.rollout:log_timing_summary:98 - Intermediate rollout timing summary: env_steps=443855 infer_calls=111350 feedback_calls=111349 infer_wait=4194.970s infer_obs_pack=4.744s env_step=2839.394s feedback_total=20.011s feedback_obs_pack=6.553s feedback_info_pack=0.376s effective_fps=62.88
2026-09-28 13:19:10.439 | INFO     | plugrl_env_client.runner.rollout:log_timing_summary:98 - Intermediate rollout timing summary: env_steps=446487 infer_calls=112002 feedback_calls=112001 infer_wait=4301.849s infer_obs_pack=4.647s env_step=2869.971s feedback_total=19.870s feedback_obs_pack=6.460s feedback_info_pack=0.342s effective_fps=62.04
2026-09-28 13:19:10.443 | INFO     | plugrl_env_client.runner.rollout:log_timing_summary:98 - Intermediate rollout timing summary: env_steps=446465 infer_calls=112004 feedback_calls=112003 infer_wait=4315.841s infer_obs_pack=4.771s env_step=2855.735s feedback_total=20.131s feedback_obs_pack=6.591s feedback_info_pack=0.378s effective_fps=62.04
2026-09-28 13:19:10.445 | INFO     | plugrl_env_client.runner.rollout:log_timing_summary:98 - Intermediate rollout timing summary: env_steps=446468 infer_calls=112002 feedback_calls=112001 infer_wait=4307.847s infer_obs_pack=4.666s env_step=2863.287s feedback_total=20.082s feedback_obs_pack=6.551s feedback_info_pack=0.353s effective_fps=62.04
2026-09-28 13:19:40.447 | INFO     | plugrl_env_client.runner.rollout:log_timing_summary:98 - Intermediate rollout timing summary: env_steps=449745 infer_calls=112820 feedback_calls=112820 infer_wait=4310.371s infer_obs_pack=4.681s env_step=2891.153s feedback_total=20.015s feedback_obs_pack=6.506s feedback_info_pack=0.345s effective_fps=62.24
2026-09-28 13:19:40.458 | INFO     | plugrl_env_client.runner.rollout:log_timing_summary:98 - Intermediate rollout timing summary: env_steps=449720 infer_calls=112823 feedback_calls=112822 infer_wait=4324.287s infer_obs_pack=4.806s env_step=2876.995s feedback_total=20.279s feedback_obs_pack=6.639s feedback_info_pack=0.380s effective_fps=62.23
2026-09-28 13:19:40.459 | INFO     | plugrl_env_client.runner.rollout:log_timing_summary:98 - Intermediate rollout timing summary: env_steps=449735 infer_calls=112821 feedback_calls=112820 infer_wait=4316.540s infer_obs_pack=4.700s env_step=2884.302s feedback_total=20.230s feedback_obs_pack=6.599s feedback_info_pack=0.355s effective_fps=62.24
2026-09-28 13:20:10.455 | INFO     | plugrl_env_client.runner.rollout:log_timing_summary:98 - Intermediate rollout timing summary: env_steps=453026 infer_calls=113643 feedback_calls=113642 infer_wait=4319.053s infer_obs_pack=4.715s env_step=2912.172s feedback_total=20.161s feedback_obs_pack=6.553s feedback_info_pack=0.347s effective_fps=62.43
2026-09-28 13:20:10.462 | INFO     | plugrl_env_client.runner.rollout:log_timing_summary:98 - Intermediate rollout timing summary: env_steps=453000 infer_calls=113645 feedback_calls=113644 infer_wait=4332.672s infer_obs_pack=4.841s env_step=2898.317s feedback_total=20.425s feedback_obs_pack=6.688s feedback_info_pack=0.383s effective_fps=62.43
2026-09-28 13:20:10.464 | INFO     | plugrl_env_client.runner.rollout:log_timing_summary:98 - Intermediate rollout timing summary: env_steps=453013 infer_calls=113643 feedback_calls=113642 infer_wait=4325.081s infer_obs_pack=4.735s env_step=2905.460s feedback_total=20.375s feedback_obs_pack=6.647s feedback_info_pack=0.358s effective_fps=62.44
2026-09-28 13:20:40.467 | INFO     | plugrl_env_client.runner.rollout:log_timing_summary:98 - Intermediate rollout timing summary: env_steps=456377 infer_calls=114485 feedback_calls=114484 infer_wait=4327.547s infer_obs_pack=4.750s env_step=2933.377s feedback_total=20.312s feedback_obs_pack=6.601s feedback_info_pack=0.350s effective_fps=62.64
2026-09-28 13:20:40.467 | INFO     | plugrl_env_client.runner.rollout:log_timing_summary:98 - Intermediate rollout timing summary: env_steps=456359 infer_calls=114487 feedback_calls=114486 infer_wait=4341.013s infer_obs_pack=4.876s env_step=2919.671s feedback_total=20.575s feedback_obs_pack=6.737s feedback_info_pack=0.386s effective_fps=62.63
2026-09-28 13:20:40.468 | INFO     | plugrl_env_client.runner.rollout:log_timing_summary:98 - Intermediate rollout timing summary: env_steps=456370 infer_calls=114485 feedback_calls=114484 infer_wait=4333.442s infer_obs_pack=4.770s env_step=2926.785s feedback_total=20.523s feedback_obs_pack=6.696s feedback_info_pack=0.360s effective_fps=62.64
2026-09-28 13:21:10.468 | INFO     | plugrl_env_client.runner.rollout:log_timing_summary:98 - Intermediate rollout timing summary: env_steps=459802 infer_calls=115349 feedback_calls=115348 infer_wait=4348.810s infer_obs_pack=4.912s env_step=2941.565s feedback_total=20.731s feedback_obs_pack=6.788s feedback_info_pack=0.389s effective_fps=62.85
2026-09-28 13:21:10.469 | INFO     | plugrl_env_client.runner.rollout:log_timing_summary:98 - Intermediate rollout timing summary: env_steps=459815 infer_calls=115347 feedback_calls=115346 infer_wait=4336.006s infer_obs_pack=4.785s env_step=2954.608s feedback_total=20.464s feedback_obs_pack=6.650s feedback_info_pack=0.352s effective_fps=62.85
2026-09-28 13:21:10.471 | INFO     | plugrl_env_client.runner.rollout:log_timing_summary:98 - Intermediate rollout timing summary: env_steps=459811 infer_calls=115347 feedback_calls=115346 infer_wait=4341.555s infer_obs_pack=4.809s env_step=2948.355s feedback_total=20.677s feedback_obs_pack=6.746s feedback_info_pack=0.363s effective_fps=62.86
2026-09-28 13:23:26.903 | INFO     | plugrl_env_client.runner.rollout:log_timing_summary:98 - Intermediate rollout timing summary: env_steps=462423 infer_calls=116002 feedback_calls=116001 infer_wait=4456.250s infer_obs_pack=4.813s env_step=2970.552s feedback_total=20.583s feedback_obs_pack=6.687s feedback_info_pack=0.354s effective_fps=62.05
2026-09-28 13:23:26.903 | INFO     | plugrl_env_client.runner.rollout:log_timing_summary:98 - Intermediate rollout timing summary: env_steps=462406 infer_calls=116004 feedback_calls=116003 infer_wait=4468.500s infer_obs_pack=4.939s env_step=2958.064s feedback_total=20.851s feedback_obs_pack=6.826s feedback_info_pack=0.391s effective_fps=62.05
2026-09-28 13:23:26.910 | INFO     | plugrl_env_client.runner.rollout:log_timing_summary:98 - Intermediate rollout timing summary: env_steps=462415 infer_calls=116002 feedback_calls=116001 infer_wait=4461.515s infer_obs_pack=4.836s env_step=2964.586s feedback_total=20.797s feedback_obs_pack=6.784s feedback_info_pack=0.365s effective_fps=62.05
2026-09-28 13:23:56.913 | INFO     | plugrl_env_client.runner.rollout:log_timing_summary:98 - Intermediate rollout timing summary: env_steps=465715 infer_calls=116828 feedback_calls=116827 infer_wait=4464.638s infer_obs_pack=4.847s env_step=2991.859s feedback_total=20.734s feedback_obs_pack=6.734s feedback_info_pack=0.357s effective_fps=62.24
2026-09-28 13:23:56.914 | INFO     | plugrl_env_client.runner.rollout:log_timing_summary:98 - Intermediate rollout timing summary: env_steps=465704 infer_calls=116828 feedback_calls=116827 infer_wait=4470.283s infer_obs_pack=4.870s env_step=2985.506s feedback_total=20.948s feedback_obs_pack=6.834s feedback_info_pack=0.368s effective_fps=62.25
2026-09-28 13:23:56.915 | INFO     | plugrl_env_client.runner.rollout:log_timing_summary:98 - Intermediate rollout timing summary: env_steps=465696 infer_calls=116830 feedback_calls=116829 infer_wait=4476.858s infer_obs_pack=4.973s env_step=2979.413s feedback_total=21.000s feedback_obs_pack=6.874s feedback_info_pack=0.394s effective_fps=62.24
2026-09-28 13:24:26.915 | INFO     | plugrl_env_client.runner.rollout:log_timing_summary:98 - Intermediate rollout timing summary: env_steps=468995 infer_calls=117650 feedback_calls=117650 infer_wait=4472.911s infer_obs_pack=4.881s env_step=3013.285s feedback_total=20.882s feedback_obs_pack=6.784s feedback_info_pack=0.359s effective_fps=62.43
2026-09-28 13:24:26.928 | INFO     | plugrl_env_client.runner.rollout:log_timing_summary:98 - Intermediate rollout timing summary: env_steps=468976 infer_calls=117653 feedback_calls=117652 infer_wait=4485.247s infer_obs_pack=5.008s env_step=3000.734s feedback_total=21.147s feedback_obs_pack=6.922s feedback_info_pack=0.396s effective_fps=62.43
2026-09-28 13:24:26.933 | INFO     | plugrl_env_client.runner.rollout:log_timing_summary:98 - Intermediate rollout timing summary: env_steps=468982 infer_calls=117651 feedback_calls=117650 infer_wait=4479.114s infer_obs_pack=4.904s env_step=3006.381s feedback_total=21.098s feedback_obs_pack=6.882s feedback_info_pack=0.370s effective_fps=62.44
2026-09-28 13:24:56.918 | INFO     | plugrl_env_client.runner.rollout:log_timing_summary:98 - Intermediate rollout timing summary: env_steps=472334 infer_calls=118486 feedback_calls=118485 infer_wait=4480.566s infer_obs_pack=4.916s env_step=3035.332s feedback_total=21.032s feedback_obs_pack=6.834s feedback_info_pack=0.362s effective_fps=62.63
2026-09-28 13:24:56.941 | INFO     | plugrl_env_client.runner.rollout:log_timing_summary:98 - Intermediate rollout timing summary: env_steps=472305 infer_calls=118489 feedback_calls=118488 infer_wait=4494.012s infer_obs_pack=5.044s env_step=3021.672s feedback_total=21.296s feedback_obs_pack=6.970s feedback_info_pack=0.399s effective_fps=62.62
2026-09-28 13:24:56.942 | INFO     | plugrl_env_client.runner.rollout:log_timing_summary:98 - Intermediate rollout timing summary: env_steps=472313 infer_calls=118487 feedback_calls=118486 infer_wait=4487.870s infer_obs_pack=4.940s env_step=3027.312s feedback_total=21.254s feedback_obs_pack=6.934s feedback_info_pack=0.373s effective_fps=62.63
2026-09-28 13:25:26.920 | INFO     | plugrl_env_client.runner.rollout:log_timing_summary:98 - Intermediate rollout timing summary: env_steps=475767 infer_calls=119349 feedback_calls=119348 infer_wait=4488.737s infer_obs_pack=4.952s env_step=3056.844s feedback_total=21.188s feedback_obs_pack=6.884s feedback_info_pack=0.364s effective_fps=62.83
2026-09-28 13:25:26.947 | INFO     | plugrl_env_client.runner.rollout:log_timing_summary:98 - Intermediate rollout timing summary: env_steps=475756 infer_calls=119350 feedback_calls=119349 infer_wait=4496.026s infer_obs_pack=4.976s env_step=3048.842s feedback_total=21.410s feedback_obs_pack=6.985s feedback_info_pack=0.376s effective_fps=62.84
2026-09-28 13:25:26.948 | INFO     | plugrl_env_client.runner.rollout:log_timing_summary:98 - Intermediate rollout timing summary: env_steps=475740 infer_calls=119352 feedback_calls=119351 infer_wait=4502.375s infer_obs_pack=5.083s env_step=3042.985s feedback_total=21.454s feedback_obs_pack=7.020s feedback_info_pack=0.402s effective_fps=62.83
2026-09-28 13:27:44.925 | INFO     | plugrl_env_client.runner.rollout:log_timing_summary:98 - Intermediate rollout timing summary: env_steps=478364 infer_calls=120002 feedback_calls=120001 infer_wait=4610.671s infer_obs_pack=4.978s env_step=3072.669s feedback_total=21.307s feedback_obs_pack=6.921s feedback_info_pack=0.366s effective_fps=62.05
2026-09-28 13:27:44.926 | INFO     | plugrl_env_client.runner.rollout:log_timing_summary:98 - Intermediate rollout timing summary: env_steps=478331 infer_calls=120004 feedback_calls=120003 infer_wait=4624.155s infer_obs_pack=5.110s env_step=3058.933s feedback_total=21.578s feedback_obs_pack=7.060s feedback_info_pack=0.404s effective_fps=62.04
2026-09-28 13:27:44.929 | INFO     | plugrl_env_client.runner.rollout:log_timing_summary:98 - Intermediate rollout timing summary: env_steps=478350 infer_calls=120002 feedback_calls=120001 infer_wait=4617.580s infer_obs_pack=5.002s env_step=3065.027s feedback_total=21.524s feedback_obs_pack=7.023s feedback_info_pack=0.378s effective_fps=62.05
2026-09-28 13:28:14.927 | INFO     | plugrl_env_client.runner.rollout:log_timing_summary:98 - Intermediate rollout timing summary: env_steps=481642 infer_calls=120825 feedback_calls=120824 infer_wait=4619.090s infer_obs_pack=5.017s env_step=3093.939s feedback_total=21.458s feedback_obs_pack=6.970s feedback_info_pack=0.369s effective_fps=62.23
2026-09-28 13:28:14.928 | INFO     | plugrl_env_client.runner.rollout:log_timing_summary:98 - Intermediate rollout timing summary: env_steps=481609 infer_calls=120827 feedback_calls=120826 infer_wait=4632.633s infer_obs_pack=5.146s env_step=3080.144s feedback_total=21.734s feedback_obs_pack=7.108s feedback_info_pack=0.407s effective_fps=62.23
2026-09-28 13:28:14.935 | INFO     | plugrl_env_client.runner.rollout:log_timing_summary:98 - Intermediate rollout timing summary: env_steps=481628 infer_calls=120825 feedback_calls=120824 infer_wait=4626.080s infer_obs_pack=5.037s env_step=3086.214s feedback_total=21.678s feedback_obs_pack=7.071s feedback_info_pack=0.380s effective_fps=62.23
2026-09-28 13:28:44.933 | INFO     | plugrl_env_client.runner.rollout:log_timing_summary:98 - Intermediate rollout timing summary: env_steps=484892 infer_calls=121650 feedback_calls=121649 infer_wait=4641.369s infer_obs_pack=5.180s env_step=3101.115s feedback_total=21.877s feedback_obs_pack=7.157s feedback_info_pack=0.410s effective_fps=62.41
2026-09-28 13:28:44.937 | INFO     | plugrl_env_client.runner.rollout:log_timing_summary:98 - Intermediate rollout timing summary: env_steps=484901 infer_calls=121648 feedback_calls=121647 infer_wait=4634.592s infer_obs_pack=5.071s env_step=3107.395s feedback_total=21.827s feedback_obs_pack=7.118s feedback_info_pack=0.383s effective_fps=62.42
2026-09-28 13:28:44.940 | INFO     | plugrl_env_client.runner.rollout:log_timing_summary:98 - Intermediate rollout timing summary: env_steps=484919 infer_calls=121648 feedback_calls=121647 infer_wait=4627.678s infer_obs_pack=5.050s env_step=3115.063s feedback_total=21.601s feedback_obs_pack=7.018s feedback_info_pack=0.371s effective_fps=62.41
2026-09-28 13:29:14.934 | INFO     | plugrl_env_client.runner.rollout:log_timing_summary:98 - Intermediate rollout timing summary: env_steps=488261 infer_calls=122494 feedback_calls=122493 infer_wait=4649.588s infer_obs_pack=5.215s env_step=3122.589s feedback_total=22.026s feedback_obs_pack=7.207s feedback_info_pack=0.412s effective_fps=62.60
2026-09-28 13:29:14.938 | INFO     | plugrl_env_client.runner.rollout:log_timing_summary:98 - Intermediate rollout timing summary: env_steps=488271 infer_calls=122492 feedback_calls=122491 infer_wait=4643.162s infer_obs_pack=5.108s env_step=3128.504s feedback_total=21.986s feedback_obs_pack=7.166s feedback_info_pack=0.385s effective_fps=62.61
2026-09-28 13:29:14.941 | INFO     | plugrl_env_client.runner.rollout:log_timing_summary:98 - Intermediate rollout timing summary: env_steps=488285 infer_calls=122492 feedback_calls=122491 infer_wait=4635.642s infer_obs_pack=5.086s env_step=3136.792s feedback_total=21.751s feedback_obs_pack=7.065s feedback_info_pack=0.374s effective_fps=62.61
2026-09-28 13:29:44.937 | INFO     | plugrl_env_client.runner.rollout:log_timing_summary:98 - Intermediate rollout timing summary: env_steps=491647 infer_calls=123341 feedback_calls=123341 infer_wait=4657.379s infer_obs_pack=5.253s env_step=3144.486s feedback_total=22.181s feedback_obs_pack=7.257s feedback_info_pack=0.415s effective_fps=62.80
2026-09-28 13:29:44.942 | INFO     | plugrl_env_client.runner.rollout:log_timing_summary:98 - Intermediate rollout timing summary: env_steps=491663 infer_calls=123339 feedback_calls=123339 infer_wait=4643.869s infer_obs_pack=5.121s env_step=3158.253s feedback_total=21.909s feedback_obs_pack=7.116s feedback_info_pack=0.377s effective_fps=62.80
2026-09-28 13:29:44.942 | INFO     | plugrl_env_client.runner.rollout:log_timing_summary:98 - Intermediate rollout timing summary: env_steps=491649 infer_calls=123339 feedback_calls=123339 infer_wait=4651.658s infer_obs_pack=5.142s env_step=3149.700s feedback_total=22.137s feedback_obs_pack=7.215s feedback_info_pack=0.388s effective_fps=62.80
2026-09-28 13:32:01.970 | INFO     | plugrl_env_client.runner.rollout:log_timing_summary:98 - Intermediate rollout timing summary: env_steps=494276 infer_calls=124004 feedback_calls=124003 infer_wait=4778.141s infer_obs_pack=5.281s env_step=3160.503s feedback_total=22.303s feedback_obs_pack=7.296s feedback_info_pack=0.417s effective_fps=62.05
2026-09-28 13:32:01.974 | INFO     | plugrl_env_client.runner.rollout:log_timing_summary:98 - Intermediate rollout timing summary: env_steps=494281 infer_calls=124002 feedback_calls=124001 infer_wait=4772.018s infer_obs_pack=5.169s env_step=3166.121s feedback_total=22.256s feedback_obs_pack=7.253s feedback_info_pack=0.390s effective_fps=62.05
2026-09-28 13:32:01.977 | INFO     | plugrl_env_client.runner.rollout:log_timing_summary:98 - Intermediate rollout timing summary: env_steps=494305 infer_calls=124002 feedback_calls=124001 infer_wait=4763.943s infer_obs_pack=5.148s env_step=3174.976s feedback_total=22.023s feedback_obs_pack=7.153s feedback_info_pack=0.379s effective_fps=62.05
2026-09-28 13:32:31.974 | INFO     | plugrl_env_client.runner.rollout:log_timing_summary:98 - Intermediate rollout timing summary: env_steps=497537 infer_calls=124821 feedback_calls=124821 infer_wait=4786.816s infer_obs_pack=5.315s env_step=3181.529s feedback_total=22.451s feedback_obs_pack=7.344s feedback_info_pack=0.420s effective_fps=62.22
2026-09-28 13:32:31.987 | INFO     | plugrl_env_client.runner.rollout:log_timing_summary:98 - Intermediate rollout timing summary: env_steps=497565 infer_calls=124820 feedback_calls=124819 infer_wait=4772.391s infer_obs_pack=5.182s env_step=3196.236s feedback_total=22.172s feedback_obs_pack=7.202s feedback_info_pack=0.381s effective_fps=62.23
2026-09-28 13:32:31.990 | INFO     | plugrl_env_client.runner.rollout:log_timing_summary:98 - Intermediate rollout timing summary: env_steps=497537 infer_calls=124820 feedback_calls=124819 infer_wait=4780.451s infer_obs_pack=5.203s env_step=3187.397s feedback_total=22.404s feedback_obs_pack=7.300s feedback_info_pack=0.393s effective_fps=62.23
2026-09-28 13:33:01.990 | INFO     | plugrl_env_client.runner.rollout:log_timing_summary:98 - Intermediate rollout timing summary: env_steps=500857 infer_calls=125655 feedback_calls=125654 infer_wait=4795.315s infer_obs_pack=5.350s env_step=3202.735s feedback_total=22.602s feedback_obs_pack=7.392s feedback_info_pack=0.423s effective_fps=62.40
2026-09-28 13:33:01.991 | INFO     | plugrl_env_client.runner.rollout:log_timing_summary:98 - Intermediate rollout timing summary: env_steps=500876 infer_calls=125653 feedback_calls=125652 infer_wait=4781.185s infer_obs_pack=5.216s env_step=3217.133s feedback_total=22.322s feedback_obs_pack=7.250s feedback_info_pack=0.384s effective_fps=62.41
2026-09-28 13:33:01.992 | INFO     | plugrl_env_client.runner.rollout:log_timing_summary:98 - Intermediate rollout timing summary: env_steps=500862 infer_calls=125653 feedback_calls=125652 infer_wait=4788.639s infer_obs_pack=5.238s env_step=3208.909s feedback_total=22.550s feedback_obs_pack=7.349s feedback_info_pack=0.395s effective_fps=62.41
2026-09-28 13:33:31.993 | INFO     | plugrl_env_client.runner.rollout:log_timing_summary:98 - Intermediate rollout timing summary: env_steps=504281 infer_calls=126511 feedback_calls=126510 infer_wait=4796.841s infer_obs_pack=5.273s env_step=3230.389s feedback_total=22.702s feedback_obs_pack=7.398s feedback_info_pack=0.398s effective_fps=62.60
2026-09-28 13:33:31.993 | INFO     | plugrl_env_client.runner.rollout:log_timing_summary:98 - Intermediate rollout timing summary: env_steps=504292 infer_calls=126511 feedback_calls=126510 infer_wait=4789.500s infer_obs_pack=5.251s env_step=3238.494s feedback_total=22.476s feedback_obs_pack=7.299s feedback_info_pack=0.388s effective_fps=62.60
2026-09-28 13:33:31.993 | INFO     | plugrl_env_client.runner.rollout:log_timing_summary:98 - Intermediate rollout timing summary: env_steps=504278 infer_calls=126513 feedback_calls=126512 infer_wait=4803.796s infer_obs_pack=5.386s env_step=3223.937s feedback_total=22.759s feedback_obs_pack=7.442s feedback_info_pack=0.426s effective_fps=62.60
2026-09-28 13:34:02.002 | INFO     | plugrl_env_client.runner.rollout:log_timing_summary:98 - Intermediate rollout timing summary: env_steps=507692 infer_calls=127363 feedback_calls=127362 infer_wait=4797.492s infer_obs_pack=5.286s env_step=3260.198s feedback_total=22.632s feedback_obs_pack=7.348s feedback_info_pack=0.391s effective_fps=62.79
2026-09-28 13:34:02.003 | INFO     | plugrl_env_client.runner.rollout:log_timing_summary:98 - Intermediate rollout timing summary: env_steps=507679 infer_calls=127363 feedback_calls=127362 infer_wait=4805.358s infer_obs_pack=5.308s env_step=3251.563s feedback_total=22.859s feedback_obs_pack=7.447s feedback_info_pack=0.401s effective_fps=62.79
2026-09-28 13:34:02.003 | INFO     | plugrl_env_client.runner.rollout:log_timing_summary:98 - Intermediate rollout timing summary: env_steps=507665 infer_calls=127365 feedback_calls=127364 infer_wait=4811.906s infer_obs_pack=5.422s env_step=3245.523s feedback_total=22.912s feedback_obs_pack=7.491s feedback_info_pack=0.428s effective_fps=62.79
2026-09-28 13:36:17.275 | INFO     | plugrl_env_client.runner.rollout:log_timing_summary:98 - Intermediate rollout timing summary: env_steps=510214 infer_calls=128004 feedback_calls=128003 infer_wait=4931.506s infer_obs_pack=5.448s env_step=3260.955s feedback_total=23.030s feedback_obs_pack=7.531s feedback_info_pack=0.431s effective_fps=62.06
2026-09-28 13:36:17.277 | INFO     | plugrl_env_client.runner.rollout:log_timing_summary:98 - Intermediate rollout timing summary: env_steps=510234 infer_calls=128002 feedback_calls=128001 infer_wait=4917.081s infer_obs_pack=5.312s env_step=3275.648s feedback_total=22.746s feedback_obs_pack=7.384s feedback_info_pack=0.393s effective_fps=62.07
2026-09-28 13:36:17.277 | INFO     | plugrl_env_client.runner.rollout:log_timing_summary:98 - Intermediate rollout timing summary: env_steps=510231 infer_calls=128002 feedback_calls=128001 infer_wait=4924.621s infer_obs_pack=5.335s env_step=3267.335s feedback_total=22.977s feedback_obs_pack=7.484s feedback_info_pack=0.403s effective_fps=62.07
2026-09-28 13:36:47.283 | INFO     | plugrl_env_client.runner.rollout:log_timing_summary:98 - Intermediate rollout timing summary: env_steps=513492 infer_calls=128826 feedback_calls=128825 infer_wait=4940.234s infer_obs_pack=5.482s env_step=3281.933s feedback_total=23.177s feedback_obs_pack=7.579s feedback_info_pack=0.433s effective_fps=62.24
2026-09-28 13:36:47.286 | INFO     | plugrl_env_client.runner.rollout:log_timing_summary:98 - Intermediate rollout timing summary: env_steps=513503 infer_calls=128824 feedback_calls=128823 infer_wait=4932.738s infer_obs_pack=5.369s env_step=3288.916s feedback_total=23.126s feedback_obs_pack=7.532s feedback_info_pack=0.405s effective_fps=62.24
2026-09-28 13:36:47.286 | INFO     | plugrl_env_client.runner.rollout:log_timing_summary:98 - Intermediate rollout timing summary: env_steps=513512 infer_calls=128824 feedback_calls=128823 infer_wait=4925.440s infer_obs_pack=5.346s env_step=3296.996s feedback_total=22.893s feedback_obs_pack=7.432s feedback_info_pack=0.395s effective_fps=62.24
2026-09-28 13:37:17.286 | INFO     | plugrl_env_client.runner.rollout:log_timing_summary:98 - Intermediate rollout timing summary: env_steps=516802 infer_calls=129653 feedback_calls=129652 infer_wait=4941.202s infer_obs_pack=5.403s env_step=3310.141s feedback_total=23.275s feedback_obs_pack=7.580s feedback_info_pack=0.408s effective_fps=62.42
2026-09-28 13:37:17.288 | INFO     | plugrl_env_client.runner.rollout:log_timing_summary:98 - Intermediate rollout timing summary: env_steps=516801 infer_calls=129655 feedback_calls=129654 infer_wait=4948.695s infer_obs_pack=5.518s env_step=3303.168s feedback_total=23.324s feedback_obs_pack=7.627s feedback_info_pack=0.436s effective_fps=62.41
2026-09-28 13:37:17.288 | INFO     | plugrl_env_client.runner.rollout:log_timing_summary:98 - Intermediate rollout timing summary: env_steps=516812 infer_calls=129653 feedback_calls=129652 infer_wait=4933.822s infer_obs_pack=5.380s env_step=3318.308s feedback_total=23.042s feedback_obs_pack=7.479s feedback_info_pack=0.398s effective_fps=62.41
2026-09-28 13:37:47.289 | INFO     | plugrl_env_client.runner.rollout:log_timing_summary:98 - Intermediate rollout timing summary: env_steps=520240 infer_calls=130517 feedback_calls=130517 infer_wait=4949.412s infer_obs_pack=5.438s env_step=3331.604s feedback_total=23.431s feedback_obs_pack=7.630s feedback_info_pack=0.410s effective_fps=62.60
2026-09-28 13:37:47.289 | INFO     | plugrl_env_client.runner.rollout:log_timing_summary:98 - Intermediate rollout timing summary: env_steps=520249 infer_calls=130517 feedback_calls=130516 infer_wait=4942.097s infer_obs_pack=5.416s env_step=3339.719s feedback_total=23.192s feedback_obs_pack=7.528s feedback_info_pack=0.400s effective_fps=62.60
2026-09-28 13:37:47.295 | INFO     | plugrl_env_client.runner.rollout:log_timing_summary:98 - Intermediate rollout timing summary: env_steps=520238 infer_calls=130519 feedback_calls=130519 infer_wait=4957.264s infer_obs_pack=5.554s env_step=3324.278s feedback_total=23.485s feedback_obs_pack=7.677s feedback_info_pack=0.439s effective_fps=62.60
2026-09-28 13:38:17.297 | INFO     | plugrl_env_client.runner.rollout:log_timing_summary:98 - Intermediate rollout timing summary: env_steps=523698 infer_calls=131385 feedback_calls=131384 infer_wait=4957.613s infer_obs_pack=5.474s env_step=3353.084s feedback_total=23.589s feedback_obs_pack=7.680s feedback_info_pack=0.413s effective_fps=62.80
2026-09-28 13:38:17.298 | INFO     | plugrl_env_client.runner.rollout:log_timing_summary:98 - Intermediate rollout timing summary: env_steps=523706 infer_calls=131385 feedback_calls=131384 infer_wait=4950.154s infer_obs_pack=5.452s env_step=3361.346s feedback_total=23.350s feedback_obs_pack=7.578s feedback_info_pack=0.403s effective_fps=62.79
2026-09-28 13:38:17.299 | INFO     | plugrl_env_client.runner.rollout:log_timing_summary:98 - Intermediate rollout timing summary: env_steps=523692 infer_calls=131387 feedback_calls=131386 infer_wait=4965.222s infer_obs_pack=5.590s env_step=3346.001s feedback_total=23.642s feedback_obs_pack=7.728s feedback_info_pack=0.442s effective_fps=62.79
2026-09-28 13:40:31.464 | INFO     | plugrl_env_client.runner.rollout:log_timing_summary:98 - Intermediate rollout timing summary: env_steps=526164 infer_calls=132002 feedback_calls=132001 infer_wait=5069.014s infer_obs_pack=5.477s env_step=3376.426s feedback_total=23.458s feedback_obs_pack=7.614s feedback_info_pack=0.405s effective_fps=62.09
2026-09-28 13:40:31.465 | INFO     | plugrl_env_client.runner.rollout:log_timing_summary:98 - Intermediate rollout timing summary: env_steps=526159 infer_calls=132002 feedback_calls=132001 infer_wait=5076.362s infer_obs_pack=5.499s env_step=3368.269s feedback_total=23.704s feedback_obs_pack=7.716s feedback_info_pack=0.415s effective_fps=62.09
2026-09-28 13:40:31.469 | INFO     | plugrl_env_client.runner.rollout:log_timing_summary:98 - Intermediate rollout timing summary: env_steps=526151 infer_calls=132004 feedback_calls=132003 infer_wait=5084.202s infer_obs_pack=5.616s env_step=3360.966s feedback_total=23.751s feedback_obs_pack=7.764s feedback_info_pack=0.444s effective_fps=62.09
2026-09-28 13:41:01.466 | INFO     | plugrl_env_client.runner.rollout:log_timing_summary:98 - Intermediate rollout timing summary: env_steps=529394 infer_calls=132815 feedback_calls=132814 infer_wait=5085.131s infer_obs_pack=5.533s env_step=3389.193s feedback_total=23.848s feedback_obs_pack=7.763s feedback_info_pack=0.418s effective_fps=62.25
2026-09-28 13:41:01.469 | INFO     | plugrl_env_client.runner.rollout:log_timing_summary:98 - Intermediate rollout timing summary: env_steps=529401 infer_calls=132815 feedback_calls=132814 infer_wait=5077.570s infer_obs_pack=5.513s env_step=3397.571s feedback_total=23.597s feedback_obs_pack=7.661s feedback_info_pack=0.407s effective_fps=62.25
2026-09-28 13:41:01.475 | INFO     | plugrl_env_client.runner.rollout:log_timing_summary:98 - Intermediate rollout timing summary: env_steps=529394 infer_calls=132817 feedback_calls=132816 infer_wait=5092.978s infer_obs_pack=5.651s env_step=3381.892s feedback_total=23.898s feedback_obs_pack=7.812s feedback_info_pack=0.446s effective_fps=62.25
2026-09-28 13:41:31.476 | INFO     | plugrl_env_client.runner.rollout:log_timing_summary:98 - Intermediate rollout timing summary: env_steps=532671 infer_calls=133636 feedback_calls=133635 infer_wait=5093.381s infer_obs_pack=5.567s env_step=3410.639s feedback_total=23.998s feedback_obs_pack=7.810s feedback_info_pack=0.420s effective_fps=62.42
2026-09-28 13:41:31.478 | INFO     | plugrl_env_client.runner.rollout:log_timing_summary:98 - Intermediate rollout timing summary: env_steps=532660 infer_calls=133638 feedback_calls=133637 infer_wait=5101.757s infer_obs_pack=5.685s env_step=3402.809s feedback_total=24.044s feedback_obs_pack=7.860s feedback_info_pack=0.449s effective_fps=62.41
2026-09-28 13:41:31.481 | INFO     | plugrl_env_client.runner.rollout:log_timing_summary:98 - Intermediate rollout timing summary: env_steps=532668 infer_calls=133636 feedback_calls=133635 infer_wait=5085.797s infer_obs_pack=5.547s env_step=3419.051s feedback_total=23.746s feedback_obs_pack=7.711s feedback_info_pack=0.410s effective_fps=62.42
2026-09-28 13:42:01.479 | INFO     | plugrl_env_client.runner.rollout:log_timing_summary:98 - Intermediate rollout timing summary: env_steps=536112 infer_calls=134498 feedback_calls=134498 infer_wait=5101.318s infer_obs_pack=5.603s env_step=3432.381s feedback_total=24.152s feedback_obs_pack=7.861s feedback_info_pack=0.423s effective_fps=62.60
2026-09-28 13:42:01.480 | INFO     | plugrl_env_client.runner.rollout:log_timing_summary:98 - Intermediate rollout timing summary: env_steps=536094 infer_calls=134500 feedback_calls=134500 infer_wait=5110.375s infer_obs_pack=5.721s env_step=3423.873s feedback_total=24.195s feedback_obs_pack=7.910s feedback_info_pack=0.452s effective_fps=62.60
2026-09-28 13:42:01.494 | INFO     | plugrl_env_client.runner.rollout:log_timing_summary:98 - Intermediate rollout timing summary: env_steps=536104 infer_calls=134499 feedback_calls=134498 infer_wait=5093.922s infer_obs_pack=5.584s env_step=3440.620s feedback_total=23.901s feedback_obs_pack=7.761s feedback_info_pack=0.413s effective_fps=62.60
2026-09-28 13:42:31.490 | INFO     | plugrl_env_client.runner.rollout:log_timing_summary:98 - Intermediate rollout timing summary: env_steps=539548 infer_calls=135360 feedback_calls=135359 infer_wait=5109.458s infer_obs_pack=5.639s env_step=3453.919s feedback_total=24.312s feedback_obs_pack=7.916s feedback_info_pack=0.426s effective_fps=62.79
2026-09-28 13:42:31.490 | INFO     | plugrl_env_client.runner.rollout:log_timing_summary:98 - Intermediate rollout timing summary: env_steps=539526 infer_calls=135362 feedback_calls=135361 infer_wait=5118.272s infer_obs_pack=5.758s env_step=3445.655s feedback_total=24.357s feedback_obs_pack=7.961s feedback_info_pack=0.455s effective_fps=62.78
2026-09-28 13:42:31.494 | INFO     | plugrl_env_client.runner.rollout:log_timing_summary:98 - Intermediate rollout timing summary: env_steps=539526 infer_calls=135360 feedback_calls=135359 infer_wait=5102.448s infer_obs_pack=5.619s env_step=3461.771s feedback_total=24.054s feedback_obs_pack=7.810s feedback_info_pack=0.415s effective_fps=62.78
2026-09-28 13:44:47.476 | INFO     | plugrl_env_client.runner.rollout:log_timing_summary:98 - Intermediate rollout timing summary: env_steps=542087 infer_calls=136004 feedback_calls=136003 infer_wait=5237.941s infer_obs_pack=5.785s env_step=3461.732s feedback_total=24.472s feedback_obs_pack=7.999s feedback_info_pack=0.457s effective_fps=62.10
2026-09-28 13:44:47.479 | INFO     | plugrl_env_client.runner.rollout:log_timing_summary:98 - Intermediate rollout timing summary: env_steps=542100 infer_calls=136002 feedback_calls=136001 infer_wait=5229.192s infer_obs_pack=5.665s env_step=3469.931s feedback_total=24.427s feedback_obs_pack=7.954s feedback_info_pack=0.428s effective_fps=62.10
2026-09-28 13:44:47.480 | INFO     | plugrl_env_client.runner.rollout:log_timing_summary:98 - Intermediate rollout timing summary: env_steps=542086 infer_calls=136002 feedback_calls=136001 infer_wait=5222.277s infer_obs_pack=5.645s env_step=3477.692s feedback_total=24.168s feedback_obs_pack=7.846s feedback_info_pack=0.417s effective_fps=62.10
2026-09-28 13:45:17.478 | INFO     | plugrl_env_client.runner.rollout:log_timing_summary:98 - Intermediate rollout timing summary: env_steps=545404 infer_calls=136836 feedback_calls=136836 infer_wait=5246.245s infer_obs_pack=5.820s env_step=3483.115s feedback_total=24.625s feedback_obs_pack=8.050s feedback_info_pack=0.463s effective_fps=62.26
2026-09-28 13:45:17.484 | INFO     | plugrl_env_client.runner.rollout:log_timing_summary:98 - Intermediate rollout timing summary: env_steps=545407 infer_calls=136834 feedback_calls=136834 infer_wait=5230.560s infer_obs_pack=5.680s env_step=3499.097s feedback_total=24.318s feedback_obs_pack=7.895s feedback_info_pack=0.420s effective_fps=62.26
2026-09-28 13:45:17.495 | INFO     | plugrl_env_client.runner.rollout:log_timing_summary:98 - Intermediate rollout timing summary: env_steps=545422 infer_calls=136835 feedback_calls=136834 infer_wait=5237.390s infer_obs_pack=5.700s env_step=3491.429s feedback_total=24.578s feedback_obs_pack=8.003s feedback_info_pack=0.430s effective_fps=62.27
2026-09-28 13:45:47.493 | INFO     | plugrl_env_client.runner.rollout:log_timing_summary:98 - Intermediate rollout timing summary: env_steps=548788 infer_calls=137688 feedback_calls=137687 infer_wait=5254.819s infer_obs_pack=5.855s env_step=3504.234s feedback_total=24.779s feedback_obs_pack=8.102s feedback_info_pack=0.466s effective_fps=62.44
2026-09-28 13:45:47.496 | INFO     | plugrl_env_client.runner.rollout:log_timing_summary:98 - Intermediate rollout timing summary: env_steps=548790 infer_calls=137686 feedback_calls=137685 infer_wait=5238.845s infer_obs_pack=5.715s env_step=3520.503s feedback_total=24.466s feedback_obs_pack=7.944s feedback_info_pack=0.422s effective_fps=62.44
2026-09-28 13:45:47.498 | INFO     | plugrl_env_client.runner.rollout:log_timing_summary:98 - Intermediate rollout timing summary: env_steps=548816 infer_calls=137686 feedback_calls=137685 infer_wait=5245.887s infer_obs_pack=5.735s env_step=3512.614s feedback_total=24.727s feedback_obs_pack=8.053s feedback_info_pack=0.433s effective_fps=62.44
2026-09-28 13:46:17.498 | INFO     | plugrl_env_client.runner.rollout:log_timing_summary:98 - Intermediate rollout timing summary: env_steps=552152 infer_calls=138530 feedback_calls=138529 infer_wait=5247.156s infer_obs_pack=5.750s env_step=3541.880s feedback_total=24.620s feedback_obs_pack=7.993s feedback_info_pack=0.425s effective_fps=62.61
2026-09-28 13:46:17.499 | INFO     | plugrl_env_client.runner.rollout:log_timing_summary:98 - Intermediate rollout timing summary: env_steps=552151 infer_calls=138532 feedback_calls=138531 infer_wait=5263.044s infer_obs_pack=5.891s env_step=3525.688s feedback_total=24.942s feedback_obs_pack=8.157s feedback_info_pack=0.469s effective_fps=62.61
2026-09-28 13:46:17.499 | INFO     | plugrl_env_client.runner.rollout:log_timing_summary:98 - Intermediate rollout timing summary: env_steps=552170 infer_calls=138530 feedback_calls=138529 infer_wait=5254.539s infer_obs_pack=5.770s env_step=3533.634s feedback_total=24.881s feedback_obs_pack=8.103s feedback_info_pack=0.436s effective_fps=62.61
2026-09-28 13:46:47.500 | INFO     | plugrl_env_client.runner.rollout:log_timing_summary:98 - Intermediate rollout timing summary: env_steps=555521 infer_calls=139371 feedback_calls=139371 infer_wait=5262.526s infer_obs_pack=5.806s env_step=3555.324s feedback_total=25.040s feedback_obs_pack=8.153s feedback_info_pack=0.438s effective_fps=62.78
2026-09-28 13:46:47.501 | INFO     | plugrl_env_client.runner.rollout:log_timing_summary:98 - Intermediate rollout timing summary: env_steps=555501 infer_calls=139373 feedback_calls=139373 infer_wait=5271.653s infer_obs_pack=5.927s env_step=3546.759s feedback_total=25.096s feedback_obs_pack=8.207s feedback_info_pack=0.472s effective_fps=62.77
2026-09-28 13:46:47.502 | INFO     | plugrl_env_client.runner.rollout:log_timing_summary:98 - Intermediate rollout timing summary: env_steps=555496 infer_calls=139371 feedback_calls=139371 infer_wait=5255.560s infer_obs_pack=5.785s env_step=3563.160s feedback_total=24.769s feedback_obs_pack=8.042s feedback_info_pack=0.427s effective_fps=62.77
2026-09-28 13:49:03.433 | INFO     | plugrl_env_client.runner.rollout:log_timing_summary:98 - Intermediate rollout timing summary: env_steps=558011 infer_calls=140002 feedback_calls=140001 infer_wait=5374.940s infer_obs_pack=5.811s env_step=3579.476s feedback_total=24.883s feedback_obs_pack=8.079s feedback_info_pack=0.429s effective_fps=62.10
2026-09-28 13:49:03.434 | INFO     | plugrl_env_client.runner.rollout:log_timing_summary:98 - Intermediate rollout timing summary: env_steps=558032 infer_calls=140002 feedback_calls=140001 infer_wait=5382.303s infer_obs_pack=5.832s env_step=3571.233s feedback_total=25.162s feedback_obs_pack=8.190s feedback_info_pack=0.440s effective_fps=62.11
2026-09-28 13:49:03.436 | INFO     | plugrl_env_client.runner.rollout:log_timing_summary:98 - Intermediate rollout timing summary: env_steps=558015 infer_calls=140004 feedback_calls=140003 infer_wait=5391.373s infer_obs_pack=5.953s env_step=3562.733s feedback_total=25.214s feedback_obs_pack=8.245s feedback_info_pack=0.474s effective_fps=62.10
2026-09-28 13:49:33.435 | INFO     | plugrl_env_client.runner.rollout:log_timing_summary:98 - Intermediate rollout timing summary: env_steps=561286 infer_calls=140823 feedback_calls=140822 infer_wait=5383.284s infer_obs_pack=5.846s env_step=3600.826s feedback_total=25.035s feedback_obs_pack=8.126s feedback_info_pack=0.432s effective_fps=62.26
2026-09-28 13:49:33.437 | INFO     | plugrl_env_client.runner.rollout:log_timing_summary:98 - Intermediate rollout timing summary: env_steps=561292 infer_calls=140825 feedback_calls=140825 infer_wait=5399.618s infer_obs_pack=5.989s env_step=3584.188s feedback_total=25.363s feedback_obs_pack=8.293s feedback_info_pack=0.476s effective_fps=62.26
2026-09-28 13:49:33.437 | INFO     | plugrl_env_client.runner.rollout:log_timing_summary:98 - Intermediate rollout timing summary: env_steps=561302 infer_calls=140823 feedback_calls=140822 infer_wait=5391.176s infer_obs_pack=5.869s env_step=3592.050s feedback_total=25.309s feedback_obs_pack=8.238s feedback_info_pack=0.446s effective_fps=62.27
2026-09-28 13:50:03.445 | INFO     | plugrl_env_client.runner.rollout:log_timing_summary:98 - Intermediate rollout timing summary: env_steps=564674 infer_calls=141675 feedback_calls=141674 infer_wait=5391.440s infer_obs_pack=5.881s env_step=3622.360s feedback_total=25.189s feedback_obs_pack=8.175s feedback_info_pack=0.435s effective_fps=62.43
2026-09-28 13:50:03.445 | INFO     | plugrl_env_client.runner.rollout:log_timing_summary:98 - Intermediate rollout timing summary: env_steps=564689 infer_calls=141675 feedback_calls=141674 infer_wait=5399.608s infer_obs_pack=5.905s env_step=3613.305s feedback_total=25.457s feedback_obs_pack=8.287s feedback_info_pack=0.449s effective_fps=62.44
2026-09-28 13:50:03.446 | INFO     | plugrl_env_client.runner.rollout:log_timing_summary:98 - Intermediate rollout timing summary: env_steps=564683 infer_calls=141677 feedback_calls=141677 infer_wait=5408.088s infer_obs_pack=6.024s env_step=3605.413s feedback_total=25.516s feedback_obs_pack=8.344s feedback_info_pack=0.479s effective_fps=62.43
2026-09-28 13:50:33.449 | INFO     | plugrl_env_client.runner.rollout:log_timing_summary:98 - Intermediate rollout timing summary: env_steps=568054 infer_calls=142522 feedback_calls=142522 infer_wait=5399.634s infer_obs_pack=5.916s env_step=3643.852s feedback_total=25.342s feedback_obs_pack=8.223s feedback_info_pack=0.437s effective_fps=62.60
2026-09-28 13:50:33.450 | INFO     | plugrl_env_client.runner.rollout:log_timing_summary:98 - Intermediate rollout timing summary: env_steps=568056 infer_calls=142524 feedback_calls=142524 infer_wait=5416.402s infer_obs_pack=6.061s env_step=3626.785s feedback_total=25.671s feedback_obs_pack=8.394s feedback_info_pack=0.482s effective_fps=62.60
2026-09-28 13:50:33.461 | INFO     | plugrl_env_client.runner.rollout:log_timing_summary:98 - Intermediate rollout timing summary: env_steps=568072 infer_calls=142523 feedback_calls=142522 infer_wait=5407.985s infer_obs_pack=5.940s env_step=3634.619s feedback_total=25.614s feedback_obs_pack=8.336s feedback_info_pack=0.451s effective_fps=62.60
2026-09-28 13:51:03.450 | INFO     | plugrl_env_client.runner.rollout:log_timing_summary:98 - Intermediate rollout timing summary: env_steps=571477 infer_calls=143383 feedback_calls=143382 infer_wait=5407.857s infer_obs_pack=5.953s env_step=3665.303s feedback_total=25.499s feedback_obs_pack=8.272s feedback_info_pack=0.440s effective_fps=62.77
2026-09-28 13:51:03.451 | INFO     | plugrl_env_client.runner.rollout:log_timing_summary:98 - Intermediate rollout timing summary: env_steps=571481 infer_calls=143385 feedback_calls=143384 infer_wait=5424.691s infer_obs_pack=6.096s env_step=3648.179s feedback_total=25.827s feedback_obs_pack=8.444s feedback_info_pack=0.486s effective_fps=62.77
2026-09-28 13:51:03.464 | INFO     | plugrl_env_client.runner.rollout:log_timing_summary:98 - Intermediate rollout timing summary: env_steps=571509 infer_calls=143383 feedback_calls=143383 infer_wait=5416.152s infer_obs_pack=5.976s env_step=3656.133s feedback_total=25.767s feedback_obs_pack=8.385s feedback_info_pack=0.454s effective_fps=62.78
2026-09-28 13:53:19.244 | INFO     | plugrl_env_client.runner.rollout:log_timing_summary:98 - Intermediate rollout timing summary: env_steps=573944 infer_calls=144004 feedback_calls=144003 infer_wait=5545.195s infer_obs_pack=6.122s env_step=3663.230s feedback_total=25.941s feedback_obs_pack=8.480s feedback_info_pack=0.488s effective_fps=62.11
2026-09-28 13:53:19.245 | INFO     | plugrl_env_client.runner.rollout:log_timing_summary:98 - Intermediate rollout timing summary: env_steps=573939 infer_calls=144002 feedback_calls=144001 infer_wait=5527.978s infer_obs_pack=5.978s env_step=3680.751s feedback_total=25.608s feedback_obs_pack=8.309s feedback_info_pack=0.442s effective_fps=62.11
2026-09-28 13:53:19.246 | INFO     | plugrl_env_client.runner.rollout:log_timing_summary:98 - Intermediate rollout timing summary: env_steps=573970 infer_calls=144002 feedback_calls=144001 infer_wait=5536.627s infer_obs_pack=6.001s env_step=3671.202s feedback_total=25.878s feedback_obs_pack=8.421s feedback_info_pack=0.456s effective_fps=62.12
2026-09-28 13:53:49.249 | INFO     | plugrl_env_client.runner.rollout:log_timing_summary:98 - Intermediate rollout timing summary: env_steps=577188 infer_calls=144816 feedback_calls=144815 infer_wait=5536.289s infer_obs_pack=6.012s env_step=3702.141s feedback_total=25.757s feedback_obs_pack=8.358s feedback_info_pack=0.444s effective_fps=62.26
2026-09-28 13:53:49.249 | INFO     | plugrl_env_client.runner.rollout:log_timing_summary:98 - Intermediate rollout timing summary: env_steps=577188 infer_calls=144818 feedback_calls=144817 infer_wait=5553.980s infer_obs_pack=6.157s env_step=3684.147s feedback_total=26.091s feedback_obs_pack=8.530s feedback_info_pack=0.491s effective_fps=62.26
2026-09-28 13:53:49.254 | INFO     | plugrl_env_client.runner.rollout:log_timing_summary:98 - Intermediate rollout timing summary: env_steps=577210 infer_calls=144816 feedback_calls=144815 infer_wait=5545.332s infer_obs_pack=6.035s env_step=3692.197s feedback_total=26.025s feedback_obs_pack=8.468s feedback_info_pack=0.458s effective_fps=62.27
2026-09-28 13:54:19.253 | INFO     | plugrl_env_client.runner.rollout:log_timing_summary:98 - Intermediate rollout timing summary: env_steps=580615 infer_calls=145677 feedback_calls=145676 infer_wait=5562.235s infer_obs_pack=6.192s env_step=3705.577s feedback_total=26.246s feedback_obs_pack=8.580s feedback_info_pack=0.493s effective_fps=62.43
2026-09-28 13:54:19.253 | INFO     | plugrl_env_client.runner.rollout:log_timing_summary:98 - Intermediate rollout timing summary: env_steps=580610 infer_calls=145675 feedback_calls=145674 infer_wait=5544.529s infer_obs_pack=6.047s env_step=3723.593s feedback_total=25.908s feedback_obs_pack=8.407s feedback_info_pack=0.447s effective_fps=62.43
2026-09-28 13:54:19.254 | INFO     | plugrl_env_client.runner.rollout:log_timing_summary:98 - Intermediate rollout timing summary: env_steps=580633 infer_calls=145675 feedback_calls=145674 infer_wait=5553.261s infer_obs_pack=6.072s env_step=3713.940s feedback_total=26.183s feedback_obs_pack=8.519s feedback_info_pack=0.461s effective_fps=62.44
2026-09-28 13:54:49.253 | INFO     | plugrl_env_client.runner.rollout:log_timing_summary:98 - Intermediate rollout timing summary: env_steps=584007 infer_calls=146527 feedback_calls=146526 infer_wait=5552.587s infer_obs_pack=6.083s env_step=3745.217s feedback_total=26.060s feedback_obs_pack=8.456s feedback_info_pack=0.449s effective_fps=62.59
2026-09-28 13:54:49.257 | INFO     | plugrl_env_client.runner.rollout:log_timing_summary:98 - Intermediate rollout timing summary: env_steps=584037 infer_calls=146527 feedback_calls=146526 infer_wait=5561.929s infer_obs_pack=6.108s env_step=3734.951s feedback_total=26.343s feedback_obs_pack=8.568s feedback_info_pack=0.464s effective_fps=62.60
2026-09-28 13:54:49.259 | INFO     | plugrl_env_client.runner.rollout:log_timing_summary:98 - Intermediate rollout timing summary: env_steps=584010 infer_calls=146529 feedback_calls=146528 infer_wait=5570.427s infer_obs_pack=6.228s env_step=3727.069s feedback_total=26.402s feedback_obs_pack=8.630s feedback_info_pack=0.496s effective_fps=62.59
2026-09-28 13:55:19.266 | INFO     | plugrl_env_client.runner.rollout:log_timing_summary:98 - Intermediate rollout timing summary: env_steps=587403 infer_calls=147378 feedback_calls=147377 infer_wait=5560.515s infer_obs_pack=6.118s env_step=3766.986s feedback_total=26.215s feedback_obs_pack=8.507s feedback_info_pack=0.452s effective_fps=62.76
2026-09-28 13:55:19.267 | INFO     | plugrl_env_client.runner.rollout:log_timing_summary:98 - Intermediate rollout timing summary: env_steps=587430 infer_calls=147378 feedback_calls=147377 infer_wait=5570.037s infer_obs_pack=6.143s env_step=3756.530s feedback_total=26.502s feedback_obs_pack=8.618s feedback_info_pack=0.466s effective_fps=62.76
2026-09-28 13:55:19.267 | INFO     | plugrl_env_client.runner.rollout:log_timing_summary:98 - Intermediate rollout timing summary: env_steps=587407 infer_calls=147380 feedback_calls=147379 infer_wait=5578.860s infer_obs_pack=6.263s env_step=3748.330s feedback_total=26.553s feedback_obs_pack=8.679s feedback_info_pack=0.499s effective_fps=62.76
2026-09-28 13:57:34.709 | INFO     | plugrl_env_client.runner.rollout:log_timing_summary:98 - Intermediate rollout timing summary: env_steps=589890 infer_calls=148002 feedback_calls=148001 infer_wait=5680.399s infer_obs_pack=6.143s env_step=3782.322s feedback_total=26.325s feedback_obs_pack=8.543s feedback_info_pack=0.454s effective_fps=62.13
2026-09-28 13:57:34.715 | INFO     | plugrl_env_client.runner.rollout:log_timing_summary:98 - Intermediate rollout timing summary: env_steps=589890 infer_calls=148004 feedback_calls=148003 infer_wait=5698.487s infer_obs_pack=6.289s env_step=3763.918s feedback_total=26.666s feedback_obs_pack=8.715s feedback_info_pack=0.501s effective_fps=62.12
2026-09-28 13:57:34.719 | INFO     | plugrl_env_client.runner.rollout:log_timing_summary:98 - Intermediate rollout timing summary: env_steps=589923 infer_calls=148002 feedback_calls=148001 infer_wait=5690.162s infer_obs_pack=6.169s env_step=3771.625s feedback_total=26.616s feedback_obs_pack=8.654s feedback_info_pack=0.468s effective_fps=62.13
2026-09-28 13:58:04.712 | INFO     | plugrl_env_client.runner.rollout:log_timing_summary:98 - Intermediate rollout timing summary: env_steps=593107 infer_calls=148810 feedback_calls=148810 infer_wait=5688.911s infer_obs_pack=6.177s env_step=3803.506s feedback_total=26.475s feedback_obs_pack=8.589s feedback_info_pack=0.456s effective_fps=62.27
2026-09-28 13:58:04.723 | INFO     | plugrl_env_client.runner.rollout:log_timing_summary:98 - Intermediate rollout timing summary: env_steps=593103 infer_calls=148813 feedback_calls=148812 infer_wait=5706.745s infer_obs_pack=6.323s env_step=3785.356s feedback_total=26.818s feedback_obs_pack=8.765s feedback_info_pack=0.504s effective_fps=62.27
2026-09-28 13:58:04.725 | INFO     | plugrl_env_client.runner.rollout:log_timing_summary:98 - Intermediate rollout timing summary: env_steps=593139 infer_calls=148811 feedback_calls=148810 infer_wait=5698.846s infer_obs_pack=6.203s env_step=3792.631s feedback_total=26.767s feedback_obs_pack=8.702s feedback_info_pack=0.471s effective_fps=62.28
2026-09-28 13:58:34.724 | INFO     | plugrl_env_client.runner.rollout:log_timing_summary:98 - Intermediate rollout timing summary: env_steps=596525 infer_calls=149669 feedback_calls=149668 infer_wait=5696.988s infer_obs_pack=6.212s env_step=3825.119s feedback_total=26.630s feedback_obs_pack=8.639s feedback_info_pack=0.459s effective_fps=62.43
2026-09-28 13:58:34.727 | INFO     | plugrl_env_client.runner.rollout:log_timing_summary:98 - Intermediate rollout timing summary: env_steps=596552 infer_calls=149669 feedback_calls=149668 infer_wait=5706.978s infer_obs_pack=6.238s env_step=3814.183s feedback_total=26.917s feedback_obs_pack=8.752s feedback_info_pack=0.474s effective_fps=62.44
2026-09-28 13:58:34.728 | INFO     | plugrl_env_client.runner.rollout:log_timing_summary:98 - Intermediate rollout timing summary: env_steps=596523 infer_calls=149671 feedback_calls=149670 infer_wait=5715.055s infer_obs_pack=6.359s env_step=3806.730s feedback_total=26.978s feedback_obs_pack=8.816s feedback_info_pack=0.507s effective_fps=62.43
2026-09-28 13:59:04.725 | INFO     | plugrl_env_client.runner.rollout:log_timing_summary:98 - Intermediate rollout timing summary: env_steps=599946 infer_calls=150529 feedback_calls=150528 infer_wait=5705.252s infer_obs_pack=6.248s env_step=3846.536s feedback_total=26.784s feedback_obs_pack=8.689s feedback_info_pack=0.462s effective_fps=62.59
2026-09-28 13:59:04.730 | INFO     | plugrl_env_client.runner.rollout:log_timing_summary:98 - Intermediate rollout timing summary: env_steps=599976 infer_calls=150529 feedback_calls=150528 infer_wait=5715.580s infer_obs_pack=6.274s env_step=3835.251s feedback_total=27.079s feedback_obs_pack=8.805s feedback_info_pack=0.476s effective_fps=62.60
2026-09-28 13:59:04.731 | INFO     | plugrl_env_client.runner.rollout:log_timing_summary:98 - Intermediate rollout timing summary: env_steps=599956 infer_calls=150531 feedback_calls=150531 infer_wait=5722.923s infer_obs_pack=6.395s env_step=3828.542s feedback_total=27.139s feedback_obs_pack=8.869s feedback_info_pack=0.510s effective_fps=62.59
2026-09-28 13:59:34.730 | INFO     | plugrl_env_client.runner.rollout:log_timing_summary:98 - Intermediate rollout timing summary: env_steps=603378 infer_calls=151390 feedback_calls=151389 infer_wait=5713.572s infer_obs_pack=6.284s env_step=3867.896s feedback_total=26.942s feedback_obs_pack=8.738s feedback_info_pack=0.464s effective_fps=62.76
2026-09-28 13:59:34.731 | INFO     | plugrl_env_client.runner.rollout:log_timing_summary:98 - Intermediate rollout timing summary: env_steps=603402 infer_calls=151390 feedback_calls=151389 infer_wait=5723.418s infer_obs_pack=6.309s env_step=3857.091s feedback_total=27.234s feedback_obs_pack=8.854s feedback_info_pack=0.479s effective_fps=62.76
2026-09-28 13:59:34.737 | INFO     | plugrl_env_client.runner.rollout:log_timing_summary:98 - Intermediate rollout timing summary: env_steps=603388 infer_calls=151392 feedback_calls=151391 infer_wait=5731.020s infer_obs_pack=6.432s env_step=3850.131s feedback_total=27.292s feedback_obs_pack=8.920s feedback_info_pack=0.512s effective_fps=62.76
2026-09-28 14:01:50.090 | INFO     | plugrl_env_client.runner.rollout:log_timing_summary:98 - Intermediate rollout timing summary: env_steps=605818 infer_calls=152002 feedback_calls=152001 infer_wait=5833.313s infer_obs_pack=6.309s env_step=3883.291s feedback_total=27.049s feedback_obs_pack=8.773s feedback_info_pack=0.466s effective_fps=62.14
2026-09-28 14:01:50.096 | INFO     | plugrl_env_client.runner.rollout:log_timing_summary:98 - Intermediate rollout timing summary: env_steps=605831 infer_calls=152004 feedback_calls=152003 infer_wait=5850.577s infer_obs_pack=6.458s env_step=3865.708s feedback_total=27.405s feedback_obs_pack=8.957s feedback_info_pack=0.514s effective_fps=62.14
2026-09-28 14:01:50.097 | INFO     | plugrl_env_client.runner.rollout:log_timing_summary:98 - Intermediate rollout timing summary: env_steps=605838 infer_calls=152002 feedback_calls=152001 infer_wait=5843.479s infer_obs_pack=6.335s env_step=3872.152s feedback_total=27.346s feedback_obs_pack=8.890s feedback_info_pack=0.481s effective_fps=62.14
2026-09-28 14:02:20.099 | INFO     | plugrl_env_client.runner.rollout:log_timing_summary:98 - Intermediate rollout timing summary: env_steps=609141 infer_calls=152833 feedback_calls=152832 infer_wait=5858.737s infer_obs_pack=6.493s env_step=3887.243s feedback_total=27.556s feedback_obs_pack=9.008s feedback_info_pack=0.517s effective_fps=62.28
2026-09-28 14:02:20.099 | INFO     | plugrl_env_client.runner.rollout:log_timing_summary:98 - Intermediate rollout timing summary: env_steps=609143 infer_calls=152831 feedback_calls=152830 infer_wait=5852.238s infer_obs_pack=6.372s env_step=3893.072s feedback_total=27.506s feedback_obs_pack=8.938s feedback_info_pack=0.484s effective_fps=62.29
2026-09-28 14:02:20.100 | INFO     | plugrl_env_client.runner.rollout:log_timing_summary:98 - Intermediate rollout timing summary: env_steps=609127 infer_calls=152831 feedback_calls=152830 infer_wait=5841.333s infer_obs_pack=6.343s env_step=3904.979s feedback_total=27.197s feedback_obs_pack=8.822s feedback_info_pack=0.469s effective_fps=62.28
2026-09-28 14:02:50.100 | INFO     | plugrl_env_client.runner.rollout:log_timing_summary:98 - Intermediate rollout timing summary: env_steps=612579 infer_calls=153697 feedback_calls=153697 infer_wait=5867.515s infer_obs_pack=6.529s env_step=3908.140s feedback_total=27.711s feedback_obs_pack=9.058s feedback_info_pack=0.520s effective_fps=62.45
2026-09-28 14:02:50.102 | INFO     | plugrl_env_client.runner.rollout:log_timing_summary:98 - Intermediate rollout timing summary: env_steps=612570 infer_calls=153695 feedback_calls=153695 infer_wait=5848.931s infer_obs_pack=6.382s env_step=3927.058s feedback_total=27.355s feedback_obs_pack=8.872s feedback_info_pack=0.471s effective_fps=62.45
2026-09-28 14:02:50.114 | INFO     | plugrl_env_client.runner.rollout:log_timing_summary:98 - Intermediate rollout timing summary: env_steps=612593 infer_calls=153696 feedback_calls=153695 infer_wait=5860.775s infer_obs_pack=6.408s env_step=3914.229s feedback_total=27.659s feedback_obs_pack=8.988s feedback_info_pack=0.486s effective_fps=62.45
2026-09-28 14:03:20.104 | INFO     | plugrl_env_client.runner.rollout:log_timing_summary:98 - Intermediate rollout timing summary: env_steps=616045 infer_calls=154567 feedback_calls=154566 infer_wait=5875.671s infer_obs_pack=6.565s env_step=3929.659s feedback_total=27.871s feedback_obs_pack=9.109s feedback_info_pack=0.523s effective_fps=62.61
2026-09-28 14:03:20.105 | INFO     | plugrl_env_client.runner.rollout:log_timing_summary:98 - Intermediate rollout timing summary: env_steps=616023 infer_calls=154565 feedback_calls=154564 infer_wait=5857.221s infer_obs_pack=6.417s env_step=3948.447s feedback_total=27.508s feedback_obs_pack=8.921s feedback_info_pack=0.474s effective_fps=62.61
2026-09-28 14:03:20.119 | INFO     | plugrl_env_client.runner.rollout:log_timing_summary:98 - Intermediate rollout timing summary: env_steps=616054 infer_calls=154565 feedback_calls=154564 infer_wait=5869.054s infer_obs_pack=6.444s env_step=3935.626s feedback_total=27.813s feedback_obs_pack=9.038s feedback_info_pack=0.489s effective_fps=62.61
2026-09-28 14:03:50.107 | INFO     | plugrl_env_client.runner.rollout:log_timing_summary:98 - Intermediate rollout timing summary: env_steps=619436 infer_calls=155422 feedback_calls=155422 infer_wait=5865.249s infer_obs_pack=6.453s env_step=3970.100s feedback_total=27.663s feedback_obs_pack=8.970s feedback_info_pack=0.477s effective_fps=62.76
2026-09-28 14:03:50.121 | INFO     | plugrl_env_client.runner.rollout:log_timing_summary:98 - Intermediate rollout timing summary: env_steps=619475 infer_calls=155423 feedback_calls=155422 infer_wait=5877.239s infer_obs_pack=6.480s env_step=3957.124s feedback_total=27.965s feedback_obs_pack=9.088s feedback_info_pack=0.492s effective_fps=62.77
2026-09-28 14:03:50.121 | INFO     | plugrl_env_client.runner.rollout:log_timing_summary:98 - Intermediate rollout timing summary: env_steps=619461 infer_calls=155425 feedback_calls=155424 infer_wait=5883.930s infer_obs_pack=6.602s env_step=3951.090s feedback_total=28.030s feedback_obs_pack=9.159s feedback_info_pack=0.526s effective_fps=62.76
2026-09-28 14:06:05.417 | INFO     | plugrl_env_client.runner.rollout:log_timing_summary:98 - Intermediate rollout timing summary: env_steps=621782 infer_calls=156002 feedback_calls=156001 infer_wait=5997.390s infer_obs_pack=6.504s env_step=3972.045s feedback_total=28.075s feedback_obs_pack=9.124s feedback_info_pack=0.494s effective_fps=62.15
2026-09-28 14:06:05.418 | INFO     | plugrl_env_client.runner.rollout:log_timing_summary:98 - Intermediate rollout timing summary: env_steps=621747 infer_calls=156002 feedback_calls=156001 infer_wait=5985.590s infer_obs_pack=6.477s env_step=3984.849s feedback_total=27.773s feedback_obs_pack=9.004s feedback_info_pack=0.479s effective_fps=62.15
2026-09-28 14:06:05.420 | INFO     | plugrl_env_client.runner.rollout:log_timing_summary:98 - Intermediate rollout timing summary: env_steps=621766 infer_calls=156004 feedback_calls=156003 infer_wait=6004.743s infer_obs_pack=6.626s env_step=3965.354s feedback_total=28.138s feedback_obs_pack=9.193s feedback_info_pack=0.528s effective_fps=62.15
2026-09-28 14:06:35.427 | INFO     | plugrl_env_client.runner.rollout:log_timing_summary:98 - Intermediate rollout timing summary: env_steps=625147 infer_calls=156853 feedback_calls=156852 infer_wait=6012.934s infer_obs_pack=6.662s env_step=3986.850s feedback_total=28.289s feedback_obs_pack=9.243s feedback_info_pack=0.531s effective_fps=62.30
2026-09-28 14:06:35.428 | INFO     | plugrl_env_client.runner.rollout:log_timing_summary:98 - Intermediate rollout timing summary: env_steps=625133 infer_calls=156851 feedback_calls=156850 infer_wait=5993.769s infer_obs_pack=6.512s env_step=4006.366s feedback_total=27.926s feedback_obs_pack=9.055s feedback_info_pack=0.481s effective_fps=62.30
2026-09-28 14:06:35.428 | INFO     | plugrl_env_client.runner.rollout:log_timing_summary:98 - Intermediate rollout timing summary: env_steps=625165 infer_calls=156851 feedback_calls=156850 infer_wait=6005.713s infer_obs_pack=6.539s env_step=3993.409s feedback_total=28.229s feedback_obs_pack=9.173s feedback_info_pack=0.496s effective_fps=62.31
2026-09-28 14:07:05.433 | INFO     | plugrl_env_client.runner.rollout:log_timing_summary:98 - Intermediate rollout timing summary: env_steps=628557 infer_calls=157712 feedback_calls=157711 infer_wait=6001.954s infer_obs_pack=6.548s env_step=4027.868s feedback_total=28.078s feedback_obs_pack=9.105s feedback_info_pack=0.484s effective_fps=62.45
2026-09-28 14:07:05.434 | INFO     | plugrl_env_client.runner.rollout:log_timing_summary:98 - Intermediate rollout timing summary: env_steps=628569 infer_calls=157714 feedback_calls=157713 infer_wait=6021.444s infer_obs_pack=6.698s env_step=4008.010s feedback_total=28.453s feedback_obs_pack=9.296s feedback_info_pack=0.534s effective_fps=62.45
2026-09-28 14:07:05.435 | INFO     | plugrl_env_client.runner.rollout:log_timing_summary:98 - Intermediate rollout timing summary: env_steps=628595 infer_calls=157712 feedback_calls=157711 infer_wait=6013.652s infer_obs_pack=6.575s env_step=4015.148s feedback_total=28.392s feedback_obs_pack=9.224s feedback_info_pack=0.499s effective_fps=62.46
2026-09-28 14:07:35.438 | INFO     | plugrl_env_client.runner.rollout:log_timing_summary:98 - Intermediate rollout timing summary: env_steps=631988 infer_calls=158562 feedback_calls=158561 infer_wait=6021.452s infer_obs_pack=6.611s env_step=4037.031s feedback_total=28.547s feedback_obs_pack=9.276s feedback_info_pack=0.502s effective_fps=62.61
2026-09-28 14:07:35.439 | INFO     | plugrl_env_client.runner.rollout:log_timing_summary:98 - Intermediate rollout timing summary: env_steps=631955 infer_calls=158564 feedback_calls=158563 infer_wait=6029.685s infer_obs_pack=6.735s env_step=4029.442s feedback_total=28.615s feedback_obs_pack=9.346s feedback_info_pack=0.536s effective_fps=62.60
2026-09-28 14:07:35.440 | INFO     | plugrl_env_client.runner.rollout:log_timing_summary:98 - Intermediate rollout timing summary: env_steps=631933 infer_calls=158562 feedback_calls=158561 infer_wait=6010.318s infer_obs_pack=6.584s env_step=4049.186s feedback_total=28.232s feedback_obs_pack=9.155s feedback_info_pack=0.487s effective_fps=62.60
2026-09-28 14:08:05.439 | INFO     | plugrl_env_client.runner.rollout:log_timing_summary:98 - Intermediate rollout timing summary: env_steps=635367 infer_calls=159419 feedback_calls=159419 infer_wait=6037.968s infer_obs_pack=6.772s env_step=4050.835s feedback_total=28.774s feedback_obs_pack=9.397s feedback_info_pack=0.539s effective_fps=62.76
2026-09-28 14:08:05.441 | INFO     | plugrl_env_client.runner.rollout:log_timing_summary:98 - Intermediate rollout timing summary: env_steps=635406 infer_calls=159417 feedback_calls=159417 infer_wait=6029.546s infer_obs_pack=6.646s env_step=4058.621s feedback_total=28.704s feedback_obs_pack=9.329s feedback_info_pack=0.505s effective_fps=62.77
2026-09-28 14:08:05.442 | INFO     | plugrl_env_client.runner.rollout:log_timing_summary:98 - Intermediate rollout timing summary: env_steps=635333 infer_calls=159417 feedback_calls=159417 infer_wait=6018.592s infer_obs_pack=6.619s env_step=4070.585s feedback_total=28.390s feedback_obs_pack=9.204s feedback_info_pack=0.489s effective_fps=62.75
2026-09-28 14:10:20.591 | INFO     | plugrl_env_client.runner.rollout:log_timing_summary:98 - Intermediate rollout timing summary: env_steps=637739 infer_calls=160002 feedback_calls=160001 infer_wait=6149.493s infer_obs_pack=6.671s env_step=4073.603s feedback_total=28.810s feedback_obs_pack=9.363s feedback_info_pack=0.506s effective_fps=62.17
2026-09-28 14:10:20.592 | INFO     | plugrl_env_client.runner.rollout:log_timing_summary:98 - Intermediate rollout timing summary: env_steps=637699 infer_calls=160004 feedback_calls=160003 infer_wait=6158.033s infer_obs_pack=6.796s env_step=4065.707s feedback_total=28.880s feedback_obs_pack=9.432s feedback_info_pack=0.541s effective_fps=62.16
2026-09-28 14:10:20.593 | INFO     | plugrl_env_client.runner.rollout:log_timing_summary:98 - Intermediate rollout timing summary: env_steps=637655 infer_calls=160002 feedback_calls=160001 infer_wait=6138.975s infer_obs_pack=6.643s env_step=4085.131s feedback_total=28.494s feedback_obs_pack=9.238s feedback_info_pack=0.491s effective_fps=62.15
2026-09-28 14:10:50.593 | INFO     | plugrl_env_client.runner.rollout:log_timing_summary:98 - Intermediate rollout timing summary: env_steps=641075 infer_calls=160851 feedback_calls=160850 infer_wait=6166.128s infer_obs_pack=6.832s env_step=4087.293s feedback_total=29.035s feedback_obs_pack=9.483s feedback_info_pack=0.544s effective_fps=62.31
2026-09-28 14:10:50.593 | INFO     | plugrl_env_client.runner.rollout:log_timing_summary:98 - Intermediate rollout timing summary: env_steps=641106 infer_calls=160849 feedback_calls=160848 infer_wait=6157.838s infer_obs_pack=6.706s env_step=4094.931s feedback_total=28.965s feedback_obs_pack=9.414s feedback_info_pack=0.509s effective_fps=62.31
2026-09-28 14:10:50.598 | INFO     | plugrl_env_client.runner.rollout:log_timing_summary:98 - Intermediate rollout timing summary: env_steps=641028 infer_calls=160849 feedback_calls=160848 infer_wait=6147.249s infer_obs_pack=6.679s env_step=4106.536s feedback_total=28.651s feedback_obs_pack=9.287s feedback_info_pack=0.494s effective_fps=62.30
2026-09-28 14:11:20.595 | INFO     | plugrl_env_client.runner.rollout:log_timing_summary:98 - Intermediate rollout timing summary: env_steps=644522 infer_calls=161708 feedback_calls=161707 infer_wait=6166.413s infer_obs_pack=6.742s env_step=4116.028s feedback_total=29.119s feedback_obs_pack=9.465s feedback_info_pack=0.512s effective_fps=62.46
2026-09-28 14:11:20.611 | INFO     | plugrl_env_client.runner.rollout:log_timing_summary:98 - Intermediate rollout timing summary: env_steps=644456 infer_calls=161709 feedback_calls=161708 infer_wait=6155.083s infer_obs_pack=6.716s env_step=4128.394s feedback_total=28.803s feedback_obs_pack=9.337s feedback_info_pack=0.496s effective_fps=62.45
2026-09-28 14:11:20.612 | INFO     | plugrl_env_client.runner.rollout:log_timing_summary:98 - Intermediate rollout timing summary: env_steps=644503 infer_calls=161711 feedback_calls=161710 infer_wait=6174.299s infer_obs_pack=6.868s env_step=4108.819s feedback_total=29.191s feedback_obs_pack=9.533s feedback_info_pack=0.547s effective_fps=62.46
2026-09-28 14:11:50.596 | INFO     | plugrl_env_client.runner.rollout:log_timing_summary:98 - Intermediate rollout timing summary: env_steps=647925 infer_calls=162563 feedback_calls=162563 infer_wait=6174.578s infer_obs_pack=6.777s env_step=4137.538s feedback_total=29.274s feedback_obs_pack=9.515s feedback_info_pack=0.515s effective_fps=62.61
2026-09-28 14:11:50.612 | INFO     | plugrl_env_client.runner.rollout:log_timing_summary:98 - Intermediate rollout timing summary: env_steps=647861 infer_calls=162564 feedback_calls=162563 infer_wait=6163.200s infer_obs_pack=6.752s env_step=4149.957s feedback_total=28.958s feedback_obs_pack=9.388s feedback_info_pack=0.499s effective_fps=62.60
2026-09-28 14:11:50.615 | INFO     | plugrl_env_client.runner.rollout:log_timing_summary:98 - Intermediate rollout timing summary: env_steps=647906 infer_calls=162566 feedback_calls=162565 infer_wait=6182.865s infer_obs_pack=6.904s env_step=4129.939s feedback_total=29.340s feedback_obs_pack=9.584s feedback_info_pack=0.550s effective_fps=62.61
2026-09-28 14:12:20.597 | INFO     | plugrl_env_client.runner.rollout:log_timing_summary:98 - Intermediate rollout timing summary: env_steps=651310 infer_calls=163413 feedback_calls=163413 infer_wait=6183.125s infer_obs_pack=6.813s env_step=4158.664s feedback_total=29.430s feedback_obs_pack=9.565s feedback_info_pack=0.517s effective_fps=62.76
2026-09-28 14:12:20.613 | INFO     | plugrl_env_client.runner.rollout:log_timing_summary:98 - Intermediate rollout timing summary: env_steps=651245 infer_calls=163414 feedback_calls=163413 infer_wait=6171.100s infer_obs_pack=6.788s env_step=4171.738s feedback_total=29.114s feedback_obs_pack=9.437s feedback_info_pack=0.502s effective_fps=62.75
2026-09-28 14:12:20.620 | INFO     | plugrl_env_client.runner.rollout:log_timing_summary:98 - Intermediate rollout timing summary: env_steps=651292 infer_calls=163416 feedback_calls=163415 infer_wait=6191.601s infer_obs_pack=6.939s env_step=4150.892s feedback_total=29.493s feedback_obs_pack=9.634s feedback_info_pack=0.553s effective_fps=62.75
2026-09-28 14:14:36.089 | INFO     | plugrl_env_client.runner.rollout:log_timing_summary:98 - Intermediate rollout timing summary: env_steps=653646 infer_calls=164002 feedback_calls=164001 infer_wait=6303.543s infer_obs_pack=6.838s env_step=4173.513s feedback_total=29.537s feedback_obs_pack=9.600s feedback_info_pack=0.519s effective_fps=62.17
2026-09-28 14:14:36.089 | INFO     | plugrl_env_client.runner.rollout:log_timing_summary:98 - Intermediate rollout timing summary: env_steps=653577 infer_calls=164002 feedback_calls=164001 infer_wait=6291.771s infer_obs_pack=6.812s env_step=4186.319s feedback_total=29.219s feedback_obs_pack=9.471s feedback_info_pack=0.503s effective_fps=62.16
2026-09-28 14:14:36.095 | INFO     | plugrl_env_client.runner.rollout:log_timing_summary:98 - Intermediate rollout timing summary: env_steps=653632 infer_calls=164004 feedback_calls=164003 infer_wait=6312.053s infer_obs_pack=6.964s env_step=4165.697s feedback_total=29.598s feedback_obs_pack=9.669s feedback_info_pack=0.555s effective_fps=62.17
2026-09-28 14:15:06.100 | INFO     | plugrl_env_client.runner.rollout:log_timing_summary:98 - Intermediate rollout timing summary: env_steps=657006 infer_calls=164851 feedback_calls=164851 infer_wait=6320.250s infer_obs_pack=7.000s env_step=4187.186s feedback_total=29.750s feedback_obs_pack=9.719s feedback_info_pack=0.557s effective_fps=62.31
2026-09-28 14:15:06.112 | INFO     | plugrl_env_client.runner.rollout:log_timing_summary:98 - Intermediate rollout timing summary: env_steps=657022 infer_calls=164850 feedback_calls=164849 infer_wait=6311.923s infer_obs_pack=6.873s env_step=4194.828s feedback_total=29.691s feedback_obs_pack=9.651s feedback_info_pack=0.522s effective_fps=62.32
2026-09-28 14:15:06.113 | INFO     | plugrl_env_client.runner.rollout:log_timing_summary:98 - Intermediate rollout timing summary: env_steps=656954 infer_calls=164850 feedback_calls=164849 infer_wait=6300.217s infer_obs_pack=6.847s env_step=4207.576s feedback_total=29.373s feedback_obs_pack=9.521s feedback_info_pack=0.506s effective_fps=62.31
2026-09-28 14:15:36.106 | INFO     | plugrl_env_client.runner.rollout:log_timing_summary:98 - Intermediate rollout timing summary: env_steps=660243 infer_calls=165662 feedback_calls=165662 infer_wait=6328.801s infer_obs_pack=7.035s env_step=4208.324s feedback_total=29.905s feedback_obs_pack=9.771s feedback_info_pack=0.560s effective_fps=62.44
2026-09-28 14:15:36.117 | INFO     | plugrl_env_client.runner.rollout:log_timing_summary:98 - Intermediate rollout timing summary: env_steps=660252 infer_calls=165660 feedback_calls=165660 infer_wait=6320.612s infer_obs_pack=6.907s env_step=4215.830s feedback_total=29.843s feedback_obs_pack=9.699s feedback_info_pack=0.524s effective_fps=62.45
2026-09-28 14:15:36.132 | INFO     | plugrl_env_client.runner.rollout:log_timing_summary:98 - Intermediate rollout timing summary: env_steps=660182 infer_calls=165661 feedback_calls=165660 infer_wait=6308.724s infer_obs_pack=6.881s env_step=4228.766s feedback_total=29.528s feedback_obs_pack=9.569s feedback_info_pack=0.509s effective_fps=62.44
2026-09-28 14:16:06.107 | INFO     | plugrl_env_client.runner.rollout:log_timing_summary:98 - Intermediate rollout timing summary: env_steps=663140 infer_calls=166390 feedback_calls=166390 infer_wait=6338.118s infer_obs_pack=7.070s env_step=4228.683s feedback_total=30.063s feedback_obs_pack=9.818s feedback_info_pack=0.563s effective_fps=62.54
2026-09-28 14:16:06.121 | INFO     | plugrl_env_client.runner.rollout:log_timing_summary:98 - Intermediate rollout timing summary: env_steps=663150 infer_calls=166389 feedback_calls=166388 infer_wait=6330.013s infer_obs_pack=6.940s env_step=4236.123s feedback_total=29.995s feedback_obs_pack=9.746s feedback_info_pack=0.527s effective_fps=62.54
2026-09-28 14:16:06.134 | INFO     | plugrl_env_client.runner.rollout:log_timing_summary:98 - Intermediate rollout timing summary: env_steps=663079 infer_calls=166389 feedback_calls=166388 infer_wait=6317.630s infer_obs_pack=6.914s env_step=4249.540s feedback_total=29.680s feedback_obs_pack=9.615s feedback_info_pack=0.511s effective_fps=62.53
2026-09-28 14:16:36.124 | INFO     | plugrl_env_client.runner.rollout:log_timing_summary:98 - Intermediate rollout timing summary: env_steps=666063 infer_calls=167125 feedback_calls=167124 infer_wait=6347.296s infer_obs_pack=7.106s env_step=4249.205s feedback_total=30.219s feedback_obs_pack=9.866s feedback_info_pack=0.565s effective_fps=62.64
2026-09-28 14:16:36.129 | INFO     | plugrl_env_client.runner.rollout:log_timing_summary:98 - Intermediate rollout timing summary: env_steps=666075 infer_calls=167123 feedback_calls=167122 infer_wait=6338.962s infer_obs_pack=6.973s env_step=4256.873s feedback_total=30.143s feedback_obs_pack=9.794s feedback_info_pack=0.530s effective_fps=62.64
2026-09-28 14:16:36.144 | INFO     | plugrl_env_client.runner.rollout:log_timing_summary:98 - Intermediate rollout timing summary: env_steps=666008 infer_calls=167123 feedback_calls=167122 infer_wait=6326.868s infer_obs_pack=6.946s env_step=4270.009s feedback_total=29.827s feedback_obs_pack=9.661s feedback_info_pack=0.513s effective_fps=62.63
2026-09-28 14:17:06.129 | INFO     | plugrl_env_client.runner.rollout:log_timing_summary:98 - Intermediate rollout timing summary: env_steps=668937 infer_calls=167847 feedback_calls=167846 infer_wait=6356.813s infer_obs_pack=7.140s env_step=4269.389s feedback_total=30.364s feedback_obs_pack=9.914s feedback_info_pack=0.568s effective_fps=62.73
2026-09-28 14:17:06.137 | INFO     | plugrl_env_client.runner.rollout:log_timing_summary:98 - Intermediate rollout timing summary: env_steps=668951 infer_calls=167845 feedback_calls=167844 infer_wait=6347.888s infer_obs_pack=7.008s env_step=4277.646s feedback_total=30.292s feedback_obs_pack=9.842s feedback_info_pack=0.532s effective_fps=62.74
2026-09-28 14:17:06.148 | INFO     | plugrl_env_client.runner.rollout:log_timing_summary:98 - Intermediate rollout timing summary: env_steps=668887 infer_calls=167845 feedback_calls=167845 infer_wait=6336.072s infer_obs_pack=6.978s env_step=4290.507s feedback_total=29.971s feedback_obs_pack=9.707s feedback_info_pack=0.516s effective_fps=62.73
2026-09-28 14:19:05.945 | INFO     | plugrl_env_client.runner.rollout:log_timing_summary:98 - Intermediate rollout timing summary: env_steps=669512 infer_calls=168002 feedback_calls=168001 infer_wait=6451.281s infer_obs_pack=6.986s env_step=4295.029s feedback_total=30.005s feedback_obs_pack=9.718s feedback_info_pack=0.517s effective_fps=62.09
2026-09-28 14:19:05.949 | INFO     | plugrl_env_client.runner.rollout:log_timing_summary:98 - Intermediate rollout timing summary: env_steps=669573 infer_calls=168002 feedback_calls=168001 infer_wait=6463.218s infer_obs_pack=7.015s env_step=4282.060s feedback_total=30.323s feedback_obs_pack=9.852s feedback_info_pack=0.533s effective_fps=62.10
2026-09-28 14:19:05.954 | INFO     | plugrl_env_client.runner.rollout:log_timing_summary:98 - Intermediate rollout timing summary: env_steps=669564 infer_calls=168004 feedback_calls=168003 infer_wait=6472.264s infer_obs_pack=7.147s env_step=4273.700s feedback_total=30.396s feedback_obs_pack=9.924s feedback_info_pack=0.569s effective_fps=62.09
2026-09-28 14:19:35.950 | INFO     | plugrl_env_client.runner.rollout:log_timing_summary:98 - Intermediate rollout timing summary: env_steps=672953 infer_calls=168852 feedback_calls=168851 infer_wait=6471.517s infer_obs_pack=7.050s env_step=4303.432s feedback_total=30.484s feedback_obs_pack=9.902s feedback_info_pack=0.536s effective_fps=62.24
2026-09-28 14:19:35.951 | INFO     | plugrl_env_client.runner.rollout:log_timing_summary:98 - Intermediate rollout timing summary: env_steps=672897 infer_calls=168852 feedback_calls=168851 infer_wait=6459.453s infer_obs_pack=7.021s env_step=4316.543s feedback_total=30.161s feedback_obs_pack=9.767s feedback_info_pack=0.520s effective_fps=62.23
2026-09-28 14:19:35.957 | INFO     | plugrl_env_client.runner.rollout:log_timing_summary:98 - Intermediate rollout timing summary: env_steps=672952 infer_calls=168854 feedback_calls=168853 infer_wait=6480.704s infer_obs_pack=7.183s env_step=4294.934s feedback_total=30.552s feedback_obs_pack=9.974s feedback_info_pack=0.572s effective_fps=62.23
2026-09-28 14:20:05.952 | INFO     | plugrl_env_client.runner.rollout:log_timing_summary:98 - Intermediate rollout timing summary: env_steps=676319 infer_calls=169709 feedback_calls=169709 infer_wait=6467.540s infer_obs_pack=7.056s env_step=4338.142s feedback_total=30.313s feedback_obs_pack=9.817s feedback_info_pack=0.522s effective_fps=62.37
2026-09-28 14:20:05.957 | INFO     | plugrl_env_client.runner.rollout:log_timing_summary:98 - Intermediate rollout timing summary: env_steps=676368 infer_calls=169709 feedback_calls=169709 infer_wait=6479.928s infer_obs_pack=7.089s env_step=4324.696s feedback_total=30.642s feedback_obs_pack=9.952s feedback_info_pack=0.538s effective_fps=62.38
2026-09-28 14:20:05.971 | INFO     | plugrl_env_client.runner.rollout:log_timing_summary:98 - Intermediate rollout timing summary: env_steps=676358 infer_calls=169712 feedback_calls=169711 infer_wait=6488.878s infer_obs_pack=7.219s env_step=4316.453s feedback_total=30.706s feedback_obs_pack=10.025s feedback_info_pack=0.574s effective_fps=62.38
2026-09-28 14:20:35.957 | INFO     | plugrl_env_client.runner.rollout:log_timing_summary:98 - Intermediate rollout timing summary: env_steps=679755 infer_calls=170559 feedback_calls=170558 infer_wait=6488.097s infer_obs_pack=7.124s env_step=4346.206s feedback_total=30.795s feedback_obs_pack=10.002s feedback_info_pack=0.541s effective_fps=62.52
2026-09-28 14:20:35.962 | INFO     | plugrl_env_client.runner.rollout:log_timing_summary:98 - Intermediate rollout timing summary: env_steps=679698 infer_calls=170559 feedback_calls=170558 infer_wait=6475.827s infer_obs_pack=7.091s env_step=4359.541s feedback_total=30.470s feedback_obs_pack=9.866s feedback_info_pack=0.525s effective_fps=62.51
2026-09-28 14:20:35.992 | INFO     | plugrl_env_client.runner.rollout:log_timing_summary:98 - Intermediate rollout timing summary: env_steps=679740 infer_calls=170562 feedback_calls=170561 infer_wait=6497.067s infer_obs_pack=7.254s env_step=4337.969s feedback_total=30.856s feedback_obs_pack=10.075s feedback_info_pack=0.577s effective_fps=62.52
2026-09-28 14:21:05.971 | INFO     | plugrl_env_client.runner.rollout:log_timing_summary:98 - Intermediate rollout timing summary: env_steps=683023 infer_calls=171394 feedback_calls=171393 infer_wait=6483.971s infer_obs_pack=7.126s env_step=4381.096s feedback_total=30.621s feedback_obs_pack=9.914s feedback_info_pack=0.527s effective_fps=62.65
2026-09-28 14:21:05.972 | INFO     | plugrl_env_client.runner.rollout:log_timing_summary:98 - Intermediate rollout timing summary: env_steps=683081 infer_calls=171394 feedback_calls=171393 infer_wait=6496.609s infer_obs_pack=7.159s env_step=4367.373s feedback_total=30.952s feedback_obs_pack=10.051s feedback_info_pack=0.544s effective_fps=62.66
2026-09-28 14:21:05.993 | INFO     | plugrl_env_client.runner.rollout:log_timing_summary:98 - Intermediate rollout timing summary: env_steps=683063 infer_calls=171396 feedback_calls=171396 infer_wait=6505.621s infer_obs_pack=7.289s env_step=4359.107s feedback_total=31.005s feedback_obs_pack=10.124s feedback_info_pack=0.580s effective_fps=62.65
2026-09-28 14:23:21.511 | INFO     | plugrl_env_client.runner.rollout:log_timing_summary:98 - Intermediate rollout timing summary: env_steps=685500 infer_calls=172002 feedback_calls=172001 infer_wait=6616.303s infer_obs_pack=7.184s env_step=4382.985s feedback_total=31.061s feedback_obs_pack=10.086s feedback_info_pack=0.545s effective_fps=62.11
2026-09-28 14:23:21.517 | INFO     | plugrl_env_client.runner.rollout:log_timing_summary:98 - Intermediate rollout timing summary: env_steps=685483 infer_calls=172004 feedback_calls=172003 infer_wait=6625.147s infer_obs_pack=7.316s env_step=4374.874s feedback_total=31.119s feedback_obs_pack=10.162s feedback_info_pack=0.582s effective_fps=62.10
2026-09-28 14:23:21.520 | INFO     | plugrl_env_client.runner.rollout:log_timing_summary:98 - Intermediate rollout timing summary: env_steps=685446 infer_calls=172002 feedback_calls=172001 infer_wait=6603.667s infer_obs_pack=7.151s env_step=4396.714s feedback_total=30.731s feedback_obs_pack=9.951s feedback_info_pack=0.529s effective_fps=62.10
2026-09-28 14:23:51.512 | INFO     | plugrl_env_client.runner.rollout:log_timing_summary:98 - Intermediate rollout timing summary: env_steps=688885 infer_calls=172853 feedback_calls=172852 infer_wait=6624.666s infer_obs_pack=7.219s env_step=4404.292s feedback_total=31.223s feedback_obs_pack=10.137s feedback_info_pack=0.548s effective_fps=62.24
2026-09-28 14:23:51.518 | INFO     | plugrl_env_client.runner.rollout:log_timing_summary:98 - Intermediate rollout timing summary: env_steps=688882 infer_calls=172855 feedback_calls=172854 infer_wait=6633.512s infer_obs_pack=7.351s env_step=4396.196s feedback_total=31.272s feedback_obs_pack=10.214s feedback_info_pack=0.585s effective_fps=62.24
2026-09-28 14:23:51.523 | INFO     | plugrl_env_client.runner.rollout:log_timing_summary:98 - Intermediate rollout timing summary: env_steps=688841 infer_calls=172853 feedback_calls=172852 infer_wait=6611.569s infer_obs_pack=7.189s env_step=4418.486s feedback_total=30.895s feedback_obs_pack=10.000s feedback_info_pack=0.532s effective_fps=62.24
2026-09-28 14:24:21.522 | INFO     | plugrl_env_client.runner.rollout:log_timing_summary:98 - Intermediate rollout timing summary: env_steps=692332 infer_calls=173724 feedback_calls=173723 infer_wait=6641.888s infer_obs_pack=7.392s env_step=4417.487s feedback_total=31.432s feedback_obs_pack=10.265s feedback_info_pack=0.588s effective_fps=62.38
2026-09-28 14:24:21.524 | INFO     | plugrl_env_client.runner.rollout:log_timing_summary:98 - Intermediate rollout timing summary: env_steps=692305 infer_calls=173722 feedback_calls=173721 infer_wait=6619.388s infer_obs_pack=7.225s env_step=4440.348s feedback_total=31.050s feedback_obs_pack=10.051s feedback_info_pack=0.535s effective_fps=62.38
2026-09-28 14:24:21.524 | INFO     | plugrl_env_client.runner.rollout:log_timing_summary:98 - Intermediate rollout timing summary: env_steps=692347 infer_calls=173722 feedback_calls=173721 infer_wait=6632.538s infer_obs_pack=7.256s env_step=4426.086s feedback_total=31.394s feedback_obs_pack=10.187s feedback_info_pack=0.551s effective_fps=62.39
2026-09-28 14:24:51.526 | INFO     | plugrl_env_client.runner.rollout:log_timing_summary:98 - Intermediate rollout timing summary: env_steps=695783 infer_calls=174583 feedback_calls=174582 infer_wait=6640.373s infer_obs_pack=7.292s env_step=4447.916s feedback_total=31.559s feedback_obs_pack=10.237s feedback_info_pack=0.554s effective_fps=62.53
2026-09-28 14:24:51.528 | INFO     | plugrl_env_client.runner.rollout:log_timing_summary:98 - Intermediate rollout timing summary: env_steps=695722 infer_calls=174583 feedback_calls=174582 infer_wait=6627.575s infer_obs_pack=7.260s env_step=4461.837s feedback_total=31.212s feedback_obs_pack=10.101s feedback_info_pack=0.537s effective_fps=62.52
2026-09-28 14:24:51.529 | INFO     | plugrl_env_client.runner.rollout:log_timing_summary:98 - Intermediate rollout timing summary: env_steps=695763 infer_calls=174585 feedback_calls=174584 infer_wait=6650.292s infer_obs_pack=7.428s env_step=4438.758s feedback_total=31.597s feedback_obs_pack=10.316s feedback_info_pack=0.591s effective_fps=62.52
2026-09-28 14:25:21.536 | INFO     | plugrl_env_client.runner.rollout:log_timing_summary:98 - Intermediate rollout timing summary: env_steps=698870 infer_calls=175373 feedback_calls=175372 infer_wait=6636.408s infer_obs_pack=7.293s env_step=4482.710s feedback_total=31.358s feedback_obs_pack=10.150s feedback_info_pack=0.540s effective_fps=62.64
2026-09-28 14:25:21.537 | INFO     | plugrl_env_client.runner.rollout:log_timing_summary:98 - Intermediate rollout timing summary: env_steps=698934 infer_calls=175373 feedback_calls=175372 infer_wait=6649.148s infer_obs_pack=7.325s env_step=4468.849s feedback_total=31.708s feedback_obs_pack=10.283s feedback_info_pack=0.556s effective_fps=62.65
2026-09-28 14:25:21.539 | INFO     | plugrl_env_client.runner.rollout:log_timing_summary:98 - Intermediate rollout timing summary: env_steps=698913 infer_calls=175375 feedback_calls=175374 infer_wait=6659.027s infer_obs_pack=7.461s env_step=4459.732s feedback_total=31.745s feedback_obs_pack=10.368s feedback_info_pack=0.593s effective_fps=62.64
2026-09-28 14:27:38.817 | INFO     | plugrl_env_client.runner.rollout:log_timing_summary:98 - Intermediate rollout timing summary: env_steps=701373 infer_calls=176002 feedback_calls=176001 infer_wait=6757.027s infer_obs_pack=7.319s env_step=4499.134s feedback_total=31.473s feedback_obs_pack=10.187s feedback_info_pack=0.542s effective_fps=62.10
2026-09-28 14:27:38.820 | INFO     | plugrl_env_client.runner.rollout:log_timing_summary:98 - Intermediate rollout timing summary: env_steps=701421 infer_calls=176004 feedback_calls=176003 infer_wait=6779.854s infer_obs_pack=7.488s env_step=4475.947s feedback_total=31.862s feedback_obs_pack=10.407s feedback_info_pack=0.595s effective_fps=62.10
2026-09-28 14:27:38.821 | INFO     | plugrl_env_client.runner.rollout:log_timing_summary:98 - Intermediate rollout timing summary: env_steps=701430 infer_calls=176002 feedback_calls=176001 infer_wait=6769.844s infer_obs_pack=7.351s env_step=4485.195s feedback_total=31.823s feedback_obs_pack=10.320s feedback_info_pack=0.558s effective_fps=62.11
2026-09-28 14:28:08.821 | INFO     | plugrl_env_client.runner.rollout:log_timing_summary:98 - Intermediate rollout timing summary: env_steps=704873 infer_calls=176866 feedback_calls=176865 infer_wait=6777.852s infer_obs_pack=7.388s env_step=4506.856s feedback_total=31.985s feedback_obs_pack=10.370s feedback_info_pack=0.561s effective_fps=62.25
2026-09-28 14:28:08.822 | INFO     | plugrl_env_client.runner.rollout:log_timing_summary:98 - Intermediate rollout timing summary: env_steps=704868 infer_calls=176868 feedback_calls=176867 infer_wait=6787.697s infer_obs_pack=7.524s env_step=4497.780s feedback_total=32.024s feedback_obs_pack=10.458s feedback_info_pack=0.598s effective_fps=62.24
2026-09-28 14:28:08.822 | INFO     | plugrl_env_client.runner.rollout:log_timing_summary:98 - Intermediate rollout timing summary: env_steps=704816 infer_calls=176866 feedback_calls=176865 infer_wait=6765.058s infer_obs_pack=7.355s env_step=4520.783s feedback_total=31.631s feedback_obs_pack=10.236s feedback_info_pack=0.544s effective_fps=62.24
2026-09-28 14:28:38.822 | INFO     | plugrl_env_client.runner.rollout:log_timing_summary:98 - Intermediate rollout timing summary: env_steps=708289 infer_calls=177723 feedback_calls=177722 infer_wait=6786.339s infer_obs_pack=7.424s env_step=4528.029s feedback_total=32.151s feedback_obs_pack=10.422s feedback_info_pack=0.564s effective_fps=62.38
2026-09-28 14:28:38.825 | INFO     | plugrl_env_client.runner.rollout:log_timing_summary:98 - Intermediate rollout timing summary: env_steps=708283 infer_calls=177725 feedback_calls=177724 infer_wait=6796.011s infer_obs_pack=7.560s env_step=4519.139s feedback_total=32.187s feedback_obs_pack=10.509s feedback_info_pack=0.601s effective_fps=62.38
2026-09-28 14:28:38.828 | INFO     | plugrl_env_client.runner.rollout:log_timing_summary:98 - Intermediate rollout timing summary: env_steps=708237 infer_calls=177723 feedback_calls=177723 infer_wait=6772.842s infer_obs_pack=7.390s env_step=4542.679s feedback_total=31.791s feedback_obs_pack=10.286s feedback_info_pack=0.547s effective_fps=62.37
2026-09-28 14:29:08.831 | INFO     | plugrl_env_client.runner.rollout:log_timing_summary:98 - Intermediate rollout timing summary: env_steps=711682 infer_calls=178589 feedback_calls=178588 infer_wait=6781.040s infer_obs_pack=7.427s env_step=4564.150s feedback_total=31.949s feedback_obs_pack=10.337s feedback_info_pack=0.549s effective_fps=62.51
2026-09-28 14:29:08.834 | INFO     | plugrl_env_client.runner.rollout:log_timing_summary:98 - Intermediate rollout timing summary: env_steps=711736 infer_calls=178589 feedback_calls=178588 infer_wait=6794.454s infer_obs_pack=7.461s env_step=4549.586s feedback_total=32.318s feedback_obs_pack=10.478s feedback_info_pack=0.566s effective_fps=62.52
2026-09-28 14:29:08.835 | INFO     | plugrl_env_client.runner.rollout:log_timing_summary:98 - Intermediate rollout timing summary: env_steps=711736 infer_calls=178591 feedback_calls=178590 infer_wait=6804.172s infer_obs_pack=7.597s env_step=4540.664s feedback_total=32.342s feedback_obs_pack=10.560s feedback_info_pack=0.604s effective_fps=62.52
2026-09-28 14:29:38.834 | INFO     | plugrl_env_client.runner.rollout:log_timing_summary:98 - Intermediate rollout timing summary: env_steps=714850 infer_calls=179384 feedback_calls=179383 infer_wait=6789.686s infer_obs_pack=7.460s env_step=4585.204s feedback_total=32.096s feedback_obs_pack=10.384s feedback_info_pack=0.552s effective_fps=62.63
2026-09-28 14:29:38.839 | INFO     | plugrl_env_client.runner.rollout:log_timing_summary:98 - Intermediate rollout timing summary: env_steps=714903 infer_calls=179386 feedback_calls=179385 infer_wait=6813.199s infer_obs_pack=7.631s env_step=4561.335s feedback_total=32.490s feedback_obs_pack=10.610s feedback_info_pack=0.607s effective_fps=62.63
2026-09-28 14:29:38.840 | INFO     | plugrl_env_client.runner.rollout:log_timing_summary:98 - Intermediate rollout timing summary: env_steps=714907 infer_calls=179384 feedback_calls=179383 infer_wait=6803.174s infer_obs_pack=7.494s env_step=4570.565s feedback_total=32.459s feedback_obs_pack=10.524s feedback_info_pack=0.569s effective_fps=62.64
2026-09-28 14:31:56.389 | INFO     | plugrl_env_client.runner.rollout:log_timing_summary:98 - Intermediate rollout timing summary: env_steps=717319 infer_calls=180002 feedback_calls=180001 infer_wait=6909.864s infer_obs_pack=7.486s env_step=4602.352s feedback_total=32.207s feedback_obs_pack=10.420s feedback_info_pack=0.554s effective_fps=62.10
2026-09-28 14:31:56.389 | INFO     | plugrl_env_client.runner.rollout:log_timing_summary:98 - Intermediate rollout timing summary: env_steps=717371 infer_calls=180002 feedback_calls=180001 infer_wait=6924.088s infer_obs_pack=7.521s env_step=4586.958s feedback_total=32.577s feedback_obs_pack=10.560s feedback_info_pack=0.571s effective_fps=62.10
2026-09-28 14:31:56.392 | INFO     | plugrl_env_client.runner.rollout:log_timing_summary:98 - Intermediate rollout timing summary: env_steps=717360 infer_calls=180004 feedback_calls=180003 infer_wait=6934.248s infer_obs_pack=7.657s env_step=4577.604s feedback_total=32.604s feedback_obs_pack=10.647s feedback_info_pack=0.609s effective_fps=62.10
2026-09-28 14:32:26.389 | INFO     | plugrl_env_client.runner.rollout:log_timing_summary:98 - Intermediate rollout timing summary: env_steps=720775 infer_calls=180854 feedback_calls=180854 infer_wait=6932.313s infer_obs_pack=7.556s env_step=4608.401s feedback_total=32.738s feedback_obs_pack=10.611s feedback_info_pack=0.573s effective_fps=62.24
2026-09-28 14:32:26.391 | INFO     | plugrl_env_client.runner.rollout:log_timing_summary:98 - Intermediate rollout timing summary: env_steps=720714 infer_calls=180854 feedback_calls=180854 infer_wait=6917.990s infer_obs_pack=7.525s env_step=4623.896s feedback_total=32.366s feedback_obs_pack=10.469s feedback_info_pack=0.557s effective_fps=62.23
2026-09-28 14:32:26.393 | INFO     | plugrl_env_client.runner.rollout:log_timing_summary:98 - Intermediate rollout timing summary: env_steps=720758 infer_calls=180856 feedback_calls=180856 infer_wait=6942.461s infer_obs_pack=7.693s env_step=4599.059s feedback_total=32.768s feedback_obs_pack=10.698s feedback_info_pack=0.612s effective_fps=62.23
2026-09-28 14:32:56.391 | INFO     | plugrl_env_client.runner.rollout:log_timing_summary:98 - Intermediate rollout timing summary: env_steps=724248 infer_calls=181726 feedback_calls=181725 infer_wait=6940.426s infer_obs_pack=7.592s env_step=4629.957s feedback_total=32.897s feedback_obs_pack=10.661s feedback_info_pack=0.576s effective_fps=62.38
2026-09-28 14:32:56.395 | INFO     | plugrl_env_client.runner.rollout:log_timing_summary:98 - Intermediate rollout timing summary: env_steps=724236 infer_calls=181728 feedback_calls=181727 infer_wait=6950.366s infer_obs_pack=7.729s env_step=4620.828s feedback_total=32.926s feedback_obs_pack=10.749s feedback_info_pack=0.615s effective_fps=62.37
2026-09-28 14:32:56.397 | INFO     | plugrl_env_client.runner.rollout:log_timing_summary:98 - Intermediate rollout timing summary: env_steps=724191 infer_calls=181726 feedback_calls=181725 infer_wait=6926.080s infer_obs_pack=7.561s env_step=4645.474s feedback_total=32.531s feedback_obs_pack=10.521s feedback_info_pack=0.559s effective_fps=62.37
2026-09-28 14:33:26.395 | INFO     | plugrl_env_client.runner.rollout:log_timing_summary:98 - Intermediate rollout timing summary: env_steps=727659 infer_calls=182587 feedback_calls=182586 infer_wait=6958.322s infer_obs_pack=7.766s env_step=4642.545s feedback_total=33.089s feedback_obs_pack=10.801s feedback_info_pack=0.618s effective_fps=62.50
2026-09-28 14:33:26.396 | INFO     | plugrl_env_client.runner.rollout:log_timing_summary:98 - Intermediate rollout timing summary: env_steps=727665 infer_calls=182585 feedback_calls=182584 infer_wait=6948.830s infer_obs_pack=7.628s env_step=4651.225s feedback_total=33.058s feedback_obs_pack=10.711s feedback_info_pack=0.579s effective_fps=62.51
2026-09-28 14:33:26.398 | INFO     | plugrl_env_client.runner.rollout:log_timing_summary:98 - Intermediate rollout timing summary: env_steps=727618 infer_calls=182585 feedback_calls=182584 infer_wait=6934.561s infer_obs_pack=7.597s env_step=4666.675s feedback_total=32.685s feedback_obs_pack=10.571s feedback_info_pack=0.562s effective_fps=62.50
2026-09-28 14:33:56.398 | INFO     | plugrl_env_client.runner.rollout:log_timing_summary:98 - Intermediate rollout timing summary: env_steps=730766 infer_calls=183367 feedback_calls=183366 infer_wait=6967.128s infer_obs_pack=7.801s env_step=4663.438s feedback_total=33.233s feedback_obs_pack=10.848s feedback_info_pack=0.621s effective_fps=62.61
2026-09-28 14:33:56.402 | INFO     | plugrl_env_client.runner.rollout:log_timing_summary:98 - Intermediate rollout timing summary: env_steps=730772 infer_calls=183365 feedback_calls=183365 infer_wait=6957.909s infer_obs_pack=7.662s env_step=4671.841s feedback_total=33.201s feedback_obs_pack=10.759s feedback_info_pack=0.581s effective_fps=62.62
2026-09-28 14:33:56.427 | INFO     | plugrl_env_client.runner.rollout:log_timing_summary:98 - Intermediate rollout timing summary: env_steps=730729 infer_calls=183366 feedback_calls=183365 infer_wait=6943.118s infer_obs_pack=7.630s env_step=4687.841s feedback_total=32.833s feedback_obs_pack=10.617s feedback_info_pack=0.565s effective_fps=62.61
2026-09-28 14:36:14.015 | INFO     | plugrl_env_client.runner.rollout:log_timing_summary:98 - Intermediate rollout timing summary: env_steps=733307 infer_calls=184004 feedback_calls=184003 infer_wait=7087.692s infer_obs_pack=7.828s env_step=4680.249s feedback_total=33.354s feedback_obs_pack=10.887s feedback_info_pack=0.623s effective_fps=62.10
2026-09-28 14:36:14.022 | INFO     | plugrl_env_client.runner.rollout:log_timing_summary:98 - Intermediate rollout timing summary: env_steps=733313 infer_calls=184002 feedback_calls=184001 infer_wait=7078.682s infer_obs_pack=7.688s env_step=4688.447s feedback_total=33.315s feedback_obs_pack=10.797s feedback_info_pack=0.583s effective_fps=62.10
2026-09-28 14:36:14.022 | INFO     | plugrl_env_client.runner.rollout:log_timing_summary:98 - Intermediate rollout timing summary: env_steps=733265 infer_calls=184002 feedback_calls=184001 infer_wait=7063.804s infer_obs_pack=7.656s env_step=4704.510s feedback_total=32.950s feedback_obs_pack=10.656s feedback_info_pack=0.567s effective_fps=62.09
2026-09-28 14:36:44.018 | INFO     | plugrl_env_client.runner.rollout:log_timing_summary:98 - Intermediate rollout timing summary: env_steps=736659 infer_calls=184847 feedback_calls=184846 infer_wait=7095.788s infer_obs_pack=7.863s env_step=4701.832s feedback_total=33.509s feedback_obs_pack=10.936s feedback_info_pack=0.626s effective_fps=62.22
2026-09-28 14:36:44.024 | INFO     | plugrl_env_client.runner.rollout:log_timing_summary:98 - Intermediate rollout timing summary: env_steps=736632 infer_calls=184845 feedback_calls=184844 infer_wait=7072.271s infer_obs_pack=7.691s env_step=4725.734s feedback_total=33.099s feedback_obs_pack=10.706s feedback_info_pack=0.569s effective_fps=62.22
2026-09-28 14:36:44.025 | INFO     | plugrl_env_client.runner.rollout:log_timing_summary:98 - Intermediate rollout timing summary: env_steps=736666 infer_calls=184845 feedback_calls=184844 infer_wait=7086.875s infer_obs_pack=7.723s env_step=4709.939s feedback_total=33.467s feedback_obs_pack=10.846s feedback_info_pack=0.586s effective_fps=62.23
2026-09-28 14:37:14.022 | INFO     | plugrl_env_client.runner.rollout:log_timing_summary:98 - Intermediate rollout timing summary: env_steps=740078 infer_calls=185704 feedback_calls=185703 infer_wait=7103.771s infer_obs_pack=7.901s env_step=4723.531s feedback_total=33.663s feedback_obs_pack=10.987s feedback_info_pack=0.628s effective_fps=62.35
2026-09-28 14:37:14.026 | INFO     | plugrl_env_client.runner.rollout:log_timing_summary:98 - Intermediate rollout timing summary: env_steps=740046 infer_calls=185702 feedback_calls=185702 infer_wait=7080.070s infer_obs_pack=7.728s env_step=4747.610s feedback_total=33.260s feedback_obs_pack=10.757s feedback_info_pack=0.572s effective_fps=62.35
2026-09-28 14:37:14.040 | INFO     | plugrl_env_client.runner.rollout:log_timing_summary:98 - Intermediate rollout timing summary: env_steps=740088 infer_calls=185703 feedback_calls=185702 infer_wait=7095.091s infer_obs_pack=7.758s env_step=4731.413s feedback_total=33.621s feedback_obs_pack=10.896s feedback_info_pack=0.589s effective_fps=62.36
2026-09-28 14:37:44.023 | INFO     | plugrl_env_client.runner.rollout:log_timing_summary:98 - Intermediate rollout timing summary: env_steps=743432 infer_calls=186547 feedback_calls=186546 infer_wait=7112.017s infer_obs_pack=7.937s env_step=4744.965s feedback_total=33.820s feedback_obs_pack=11.041s feedback_info_pack=0.631s effective_fps=62.48
2026-09-28 14:37:44.028 | INFO     | plugrl_env_client.runner.rollout:log_timing_summary:98 - Intermediate rollout timing summary: env_steps=743406 infer_calls=186545 feedback_calls=186544 infer_wait=7088.329s infer_obs_pack=7.763s env_step=4769.041s feedback_total=33.410s feedback_obs_pack=10.805s feedback_info_pack=0.574s effective_fps=62.48
2026-09-28 14:37:44.041 | INFO     | plugrl_env_client.runner.rollout:log_timing_summary:98 - Intermediate rollout timing summary: env_steps=743453 infer_calls=186545 feedback_calls=186545 infer_wait=7103.300s infer_obs_pack=7.793s env_step=4752.880s feedback_total=33.778s feedback_obs_pack=10.945s feedback_info_pack=0.592s effective_fps=62.49
2026-09-28 14:38:14.043 | INFO     | plugrl_env_client.runner.rollout:log_timing_summary:98 - Intermediate rollout timing summary: env_steps=746493 infer_calls=187315 feedback_calls=187314 infer_wait=7121.368s infer_obs_pack=7.970s env_step=4765.332s feedback_total=33.968s feedback_obs_pack=11.089s feedback_info_pack=0.634s effective_fps=62.58
2026-09-28 14:38:14.045 | INFO     | plugrl_env_client.runner.rollout:log_timing_summary:98 - Intermediate rollout timing summary: env_steps=746469 infer_calls=187313 feedback_calls=187312 infer_wait=7097.145s infer_obs_pack=7.797s env_step=4789.930s feedback_total=33.560s feedback_obs_pack=10.851s feedback_info_pack=0.577s effective_fps=62.58
2026-09-28 14:38:14.045 | INFO     | plugrl_env_client.runner.rollout:log_timing_summary:98 - Intermediate rollout timing summary: env_steps=746516 infer_calls=187313 feedback_calls=187312 infer_wait=7111.963s infer_obs_pack=7.827s env_step=4773.912s feedback_total=33.927s feedback_obs_pack=10.992s feedback_info_pack=0.594s effective_fps=62.59
2026-09-28 14:40:34.768 | INFO     | plugrl_env_client.runner.rollout:log_timing_summary:98 - Intermediate rollout timing summary: env_steps=749202 infer_calls=188002 feedback_calls=188001 infer_wait=7219.947s infer_obs_pack=7.826s env_step=4807.583s feedback_total=33.682s feedback_obs_pack=10.892s feedback_info_pack=0.579s effective_fps=62.08
2026-09-28 14:40:34.771 | INFO     | plugrl_env_client.runner.rollout:log_timing_summary:98 - Intermediate rollout timing summary: env_steps=749246 infer_calls=188004 feedback_calls=188003 infer_wait=7243.518s infer_obs_pack=8.000s env_step=4783.652s feedback_total=34.094s feedback_obs_pack=11.131s feedback_info_pack=0.636s effective_fps=62.08
2026-09-28 14:40:34.771 | INFO     | plugrl_env_client.runner.rollout:log_timing_summary:98 - Intermediate rollout timing summary: env_steps=749262 infer_calls=188002 feedback_calls=188001 infer_wait=7234.308s infer_obs_pack=7.856s env_step=4792.032s feedback_total=34.049s feedback_obs_pack=11.033s feedback_info_pack=0.596s effective_fps=62.09
2026-09-28 14:41:04.770 | INFO     | plugrl_env_client.runner.rollout:log_timing_summary:98 - Intermediate rollout timing summary: env_steps=752576 infer_calls=188848 feedback_calls=188847 infer_wait=7227.487s infer_obs_pack=7.861s env_step=4829.731s feedback_total=33.836s feedback_obs_pack=10.942s feedback_info_pack=0.582s effective_fps=62.20
2026-09-28 14:41:04.772 | INFO     | plugrl_env_client.runner.rollout:log_timing_summary:98 - Intermediate rollout timing summary: env_steps=752616 infer_calls=188850 feedback_calls=188849 infer_wait=7251.999s infer_obs_pack=8.035s env_step=4804.855s feedback_total=34.247s feedback_obs_pack=11.181s feedback_info_pack=0.639s effective_fps=62.20
2026-09-28 14:41:04.773 | INFO     | plugrl_env_client.runner.rollout:log_timing_summary:98 - Intermediate rollout timing summary: env_steps=752630 infer_calls=188848 feedback_calls=188847 infer_wait=7243.060s infer_obs_pack=7.891s env_step=4812.959s feedback_total=34.207s feedback_obs_pack=11.084s feedback_info_pack=0.599s effective_fps=62.21
2026-09-28 14:41:34.777 | INFO     | plugrl_env_client.runner.rollout:log_timing_summary:98 - Intermediate rollout timing summary: env_steps=756036 infer_calls=189709 feedback_calls=189708 infer_wait=7260.271s infer_obs_pack=8.072s env_step=4826.269s feedback_total=34.403s feedback_obs_pack=11.231s feedback_info_pack=0.642s effective_fps=62.33
2026-09-28 14:41:34.778 | INFO     | plugrl_env_client.runner.rollout:log_timing_summary:98 - Intermediate rollout timing summary: env_steps=756053 infer_calls=189707 feedback_calls=189706 infer_wait=7251.310s infer_obs_pack=7.927s env_step=4834.391s feedback_total=34.362s feedback_obs_pack=11.136s feedback_info_pack=0.602s effective_fps=62.34
2026-09-28 14:41:34.778 | INFO     | plugrl_env_client.runner.rollout:log_timing_summary:98 - Intermediate rollout timing summary: env_steps=755996 infer_calls=189707 feedback_calls=189706 infer_wait=7235.449s infer_obs_pack=7.896s env_step=4851.460s feedback_total=33.990s feedback_obs_pack=10.991s feedback_info_pack=0.584s effective_fps=62.33
2026-09-28 14:42:04.779 | INFO     | plugrl_env_client.runner.rollout:log_timing_summary:98 - Intermediate rollout timing summary: env_steps=759298 infer_calls=190534 feedback_calls=190533 infer_wait=7243.763s infer_obs_pack=7.930s env_step=4872.841s feedback_total=34.143s feedback_obs_pack=11.041s feedback_info_pack=0.587s effective_fps=62.45
2026-09-28 14:42:04.782 | INFO     | plugrl_env_client.runner.rollout:log_timing_summary:98 - Intermediate rollout timing summary: env_steps=759332 infer_calls=190536 feedback_calls=190535 infer_wait=7268.784s infer_obs_pack=8.107s env_step=4847.455s feedback_total=34.549s feedback_obs_pack=11.281s feedback_info_pack=0.645s effective_fps=62.45
2026-09-28 14:42:04.785 | INFO     | plugrl_env_client.runner.rollout:log_timing_summary:98 - Intermediate rollout timing summary: env_steps=759345 infer_calls=190534 feedback_calls=190533 infer_wait=7259.849s infer_obs_pack=7.962s env_step=4855.542s feedback_total=34.512s feedback_obs_pack=11.185s feedback_info_pack=0.604s effective_fps=62.46
2026-09-28 14:42:34.786 | INFO     | plugrl_env_client.runner.rollout:log_timing_summary:98 - Intermediate rollout timing summary: env_steps=762570 infer_calls=191350 feedback_calls=191349 infer_wait=7277.180s infer_obs_pack=8.142s env_step=4868.760s feedback_total=34.694s feedback_obs_pack=11.328s feedback_info_pack=0.648s effective_fps=62.56
2026-09-28 14:42:34.792 | INFO     | plugrl_env_client.runner.rollout:log_timing_summary:98 - Intermediate rollout timing summary: env_steps=762539 infer_calls=191348 feedback_calls=191347 infer_wait=7252.299s infer_obs_pack=7.963s env_step=4894.019s feedback_total=34.285s feedback_obs_pack=11.087s feedback_info_pack=0.589s effective_fps=62.56
2026-09-28 14:42:34.793 | INFO     | plugrl_env_client.runner.rollout:log_timing_summary:98 - Intermediate rollout timing summary: env_steps=762587 infer_calls=191348 feedback_calls=191347 infer_wait=7268.656s infer_obs_pack=7.999s env_step=4876.436s feedback_total=34.655s feedback_obs_pack=11.232s feedback_info_pack=0.607s effective_fps=62.57
2026-09-28 14:44:51.686 | INFO     | plugrl_env_client.runner.rollout:log_timing_summary:98 - Intermediate rollout timing summary: env_steps=765179 infer_calls=192004 feedback_calls=192003 infer_wait=7397.239s infer_obs_pack=8.169s env_step=4885.361s feedback_total=34.806s feedback_obs_pack=11.366s feedback_info_pack=0.650s effective_fps=62.08
2026-09-28 14:44:51.687 | INFO     | plugrl_env_client.runner.rollout:log_timing_summary:98 - Intermediate rollout timing summary: env_steps=765192 infer_calls=192002 feedback_calls=192001 infer_wait=7388.426s infer_obs_pack=8.026s env_step=4893.317s feedback_total=34.771s feedback_obs_pack=11.270s feedback_info_pack=0.609s effective_fps=62.09
2026-09-28 14:44:51.687 | INFO     | plugrl_env_client.runner.rollout:log_timing_summary:98 - Intermediate rollout timing summary: env_steps=765143 infer_calls=192002 feedback_calls=192001 infer_wait=7371.939s infer_obs_pack=7.990s env_step=4911.032s feedback_total=34.403s feedback_obs_pack=11.125s feedback_info_pack=0.591s effective_fps=62.08
2026-09-28 14:45:21.689 | INFO     | plugrl_env_client.runner.rollout:log_timing_summary:98 - Intermediate rollout timing summary: env_steps=768570 infer_calls=192855 feedback_calls=192855 infer_wait=7405.889s infer_obs_pack=8.205s env_step=4906.392s feedback_total=34.962s feedback_obs_pack=11.415s feedback_info_pack=0.652s effective_fps=62.20
2026-09-28 14:45:21.690 | INFO     | plugrl_env_client.runner.rollout:log_timing_summary:98 - Intermediate rollout timing summary: env_steps=768542 infer_calls=192853 feedback_calls=192853 infer_wait=7379.740s infer_obs_pack=8.026s env_step=4932.917s feedback_total=34.557s feedback_obs_pack=11.173s feedback_info_pack=0.594s effective_fps=62.20
2026-09-28 14:45:21.690 | INFO     | plugrl_env_client.runner.rollout:log_timing_summary:98 - Intermediate rollout timing summary: env_steps=768588 infer_calls=192853 feedback_calls=192853 infer_wait=7396.704s infer_obs_pack=8.061s env_step=4914.719s feedback_total=34.927s feedback_obs_pack=11.319s feedback_info_pack=0.612s effective_fps=62.21
2026-09-28 14:45:51.696 | INFO     | plugrl_env_client.runner.rollout:log_timing_summary:98 - Intermediate rollout timing summary: env_steps=772024 infer_calls=193726 feedback_calls=193725 infer_wait=7414.270s infer_obs_pack=8.243s env_step=4927.678s feedback_total=35.125s feedback_obs_pack=11.468s feedback_info_pack=0.655s effective_fps=62.33
2026-09-28 14:45:51.696 | INFO     | plugrl_env_client.runner.rollout:log_timing_summary:98 - Intermediate rollout timing summary: env_steps=772059 infer_calls=193724 feedback_calls=193723 infer_wait=7404.821s infer_obs_pack=8.097s env_step=4936.287s feedback_total=35.085s feedback_obs_pack=11.369s feedback_info_pack=0.614s effective_fps=62.34
2026-09-28 14:45:51.697 | INFO     | plugrl_env_client.runner.rollout:log_timing_summary:98 - Intermediate rollout timing summary: env_steps=772002 infer_calls=193724 feedback_calls=193723 infer_wait=7387.679s infer_obs_pack=8.062s env_step=4954.660s feedback_total=34.715s feedback_obs_pack=11.222s feedback_info_pack=0.597s effective_fps=62.33
2026-09-28 14:46:21.698 | INFO     | plugrl_env_client.runner.rollout:log_timing_summary:98 - Intermediate rollout timing summary: env_steps=775329 infer_calls=194557 feedback_calls=194556 infer_wait=7396.125s infer_obs_pack=8.096s env_step=4975.916s feedback_total=34.860s feedback_obs_pack=11.270s feedback_info_pack=0.599s effective_fps=62.45
2026-09-28 14:46:21.699 | INFO     | plugrl_env_client.runner.rollout:log_timing_summary:98 - Intermediate rollout timing summary: env_steps=775380 infer_calls=194557 feedback_calls=194556 infer_wait=7413.285s infer_obs_pack=8.131s env_step=4957.512s feedback_total=35.233s feedback_obs_pack=11.417s feedback_info_pack=0.617s effective_fps=62.46
2026-09-28 14:46:21.700 | INFO     | plugrl_env_client.runner.rollout:log_timing_summary:98 - Intermediate rollout timing summary: env_steps=775345 infer_calls=194559 feedback_calls=194558 infer_wait=7422.600s infer_obs_pack=8.278s env_step=4949.043s feedback_total=35.274s feedback_obs_pack=11.516s feedback_info_pack=0.658s effective_fps=62.45
2026-09-28 14:46:51.701 | INFO     | plugrl_env_client.runner.rollout:log_timing_summary:98 - Intermediate rollout timing summary: env_steps=778686 infer_calls=195385 feedback_calls=195385 infer_wait=7421.526s infer_obs_pack=8.166s env_step=4978.966s feedback_total=35.381s feedback_obs_pack=11.464s feedback_info_pack=0.620s effective_fps=62.58
2026-09-28 14:46:51.702 | INFO     | plugrl_env_client.runner.rollout:log_timing_summary:98 - Intermediate rollout timing summary: env_steps=778633 infer_calls=195385 feedback_calls=195385 infer_wait=7404.649s infer_obs_pack=8.130s env_step=4997.095s feedback_total=35.004s feedback_obs_pack=11.317s feedback_info_pack=0.602s effective_fps=62.57
2026-09-28 14:46:51.714 | INFO     | plugrl_env_client.runner.rollout:log_timing_summary:98 - Intermediate rollout timing summary: env_steps=778648 infer_calls=195388 feedback_calls=195387 infer_wait=7431.165s infer_obs_pack=8.313s env_step=4970.181s feedback_total=35.425s feedback_obs_pack=11.566s feedback_info_pack=0.661s effective_fps=62.57
2026-09-28 14:49:07.681 | INFO     | plugrl_env_client.runner.rollout:log_timing_summary:98 - Intermediate rollout timing summary: env_steps=781091 infer_calls=196002 feedback_calls=196001 infer_wait=7524.472s infer_obs_pack=8.156s env_step=5013.023s feedback_total=35.111s feedback_obs_pack=11.352s feedback_info_pack=0.604s effective_fps=62.09
2026-09-28 14:49:07.681 | INFO     | plugrl_env_client.runner.rollout:log_timing_summary:98 - Intermediate rollout timing summary: env_steps=781141 infer_calls=196002 feedback_calls=196001 infer_wait=7541.621s infer_obs_pack=8.191s env_step=4994.621s feedback_total=35.488s feedback_obs_pack=11.500s feedback_info_pack=0.621s effective_fps=62.09
2026-09-28 14:49:07.684 | INFO     | plugrl_env_client.runner.rollout:log_timing_summary:98 - Intermediate rollout timing summary: env_steps=781105 infer_calls=196004 feedback_calls=196003 infer_wait=7551.126s infer_obs_pack=8.339s env_step=4985.967s feedback_total=35.535s feedback_obs_pack=11.602s feedback_info_pack=0.663s effective_fps=62.09
2026-09-28 14:49:37.695 | INFO     | plugrl_env_client.runner.rollout:log_timing_summary:98 - Intermediate rollout timing summary: env_steps=784410 infer_calls=196836 feedback_calls=196835 infer_wait=7532.905s infer_obs_pack=8.190s env_step=5034.294s feedback_total=35.264s feedback_obs_pack=11.401s feedback_info_pack=0.606s effective_fps=62.20
2026-09-28 14:49:37.695 | INFO     | plugrl_env_client.runner.rollout:log_timing_summary:98 - Intermediate rollout timing summary: env_steps=784464 infer_calls=196836 feedback_calls=196835 infer_wait=7549.466s infer_obs_pack=8.226s env_step=5016.464s feedback_total=35.650s feedback_obs_pack=11.551s feedback_info_pack=0.624s effective_fps=62.21
2026-09-28 14:49:37.698 | INFO     | plugrl_env_client.runner.rollout:log_timing_summary:98 - Intermediate rollout timing summary: env_steps=784426 infer_calls=196838 feedback_calls=196837 infer_wait=7559.799s infer_obs_pack=8.374s env_step=5006.996s feedback_total=35.688s feedback_obs_pack=11.651s feedback_info_pack=0.666s effective_fps=62.20
2026-09-28 14:50:07.699 | INFO     | plugrl_env_client.runner.rollout:log_timing_summary:98 - Intermediate rollout timing summary: env_steps=787836 infer_calls=197696 feedback_calls=197695 infer_wait=7541.507s infer_obs_pack=8.225s env_step=5055.379s feedback_total=35.415s feedback_obs_pack=11.450s feedback_info_pack=0.609s effective_fps=62.33
2026-09-28 14:50:07.701 | INFO     | plugrl_env_client.runner.rollout:log_timing_summary:98 - Intermediate rollout timing summary: env_steps=787889 infer_calls=197696 feedback_calls=197695 infer_wait=7557.067s infer_obs_pack=8.265s env_step=5038.539s feedback_total=35.814s feedback_obs_pack=11.600s feedback_info_pack=0.627s effective_fps=62.33
2026-09-28 14:50:07.704 | INFO     | plugrl_env_client.runner.rollout:log_timing_summary:98 - Intermediate rollout timing summary: env_steps=787856 infer_calls=197698 feedback_calls=197697 infer_wait=7568.217s infer_obs_pack=8.412s env_step=5028.260s feedback_total=35.850s feedback_obs_pack=11.700s feedback_info_pack=0.669s effective_fps=62.33
2026-09-28 14:50:37.703 | INFO     | plugrl_env_client.runner.rollout:log_timing_summary:98 - Intermediate rollout timing summary: env_steps=791135 infer_calls=198522 feedback_calls=198522 infer_wait=7549.502s infer_obs_pack=8.260s env_step=5077.083s feedback_total=35.566s feedback_obs_pack=11.497s feedback_info_pack=0.611s effective_fps=62.44
2026-09-28 14:50:37.704 | INFO     | plugrl_env_client.runner.rollout:log_timing_summary:98 - Intermediate rollout timing summary: env_steps=791161 infer_calls=198524 feedback_calls=198524 infer_wait=7576.689s infer_obs_pack=8.447s env_step=5049.486s feedback_total=35.998s feedback_obs_pack=11.749s feedback_info_pack=0.671s effective_fps=62.44
2026-09-28 14:50:37.705 | INFO     | plugrl_env_client.runner.rollout:log_timing_summary:98 - Intermediate rollout timing summary: env_steps=791183 infer_calls=198522 feedback_calls=198522 infer_wait=7565.782s infer_obs_pack=8.300s env_step=5059.523s feedback_total=35.959s feedback_obs_pack=11.648s feedback_info_pack=0.629s effective_fps=62.45
2026-09-28 14:51:07.714 | INFO     | plugrl_env_client.runner.rollout:log_timing_summary:98 - Intermediate rollout timing summary: env_steps=794465 infer_calls=199354 feedback_calls=199353 infer_wait=7585.036s infer_obs_pack=8.482s env_step=5070.837s feedback_total=36.145s feedback_obs_pack=11.798s feedback_info_pack=0.674s effective_fps=62.55
2026-09-28 14:51:07.714 | INFO     | plugrl_env_client.runner.rollout:log_timing_summary:98 - Intermediate rollout timing summary: env_steps=794445 infer_calls=199352 feedback_calls=199351 infer_wait=7557.668s infer_obs_pack=8.294s env_step=5098.622s feedback_total=35.712s feedback_obs_pack=11.545s feedback_info_pack=0.614s effective_fps=62.55
2026-09-28 14:51:07.714 | INFO     | plugrl_env_client.runner.rollout:log_timing_summary:98 - Intermediate rollout timing summary: env_steps=794486 infer_calls=199352 feedback_calls=199351 infer_wait=7574.451s infer_obs_pack=8.335s env_step=5080.552s feedback_total=36.108s feedback_obs_pack=11.698s feedback_info_pack=0.632s effective_fps=62.56
2026-09-28 14:53:24.980 | INFO     | plugrl_env_client.runner.rollout:log_timing_summary:98 - Intermediate rollout timing summary: env_steps=797073 infer_calls=200002 feedback_calls=200001 infer_wait=7694.929s infer_obs_pack=8.361s env_step=5097.090s feedback_total=36.227s feedback_obs_pack=11.737s feedback_info_pack=0.634s effective_fps=62.09
2026-09-28 14:53:24.982 | INFO     | plugrl_env_client.runner.rollout:log_timing_summary:98 - Intermediate rollout timing summary: env_steps=797038 infer_calls=200002 feedback_calls=200001 infer_wait=7678.295s infer_obs_pack=8.321s env_step=5115.023s feedback_total=35.827s feedback_obs_pack=11.582s feedback_info_pack=0.616s effective_fps=62.09
2026-09-28 14:53:24.984 | INFO     | plugrl_env_client.runner.rollout:log_timing_summary:98 - Intermediate rollout timing summary: env_steps=797053 infer_calls=200004 feedback_calls=200003 infer_wait=7705.246s infer_obs_pack=8.509s env_step=5087.651s feedback_total=36.266s feedback_obs_pack=11.839s feedback_info_pack=0.676s effective_fps=62.09
2026-09-28 14:53:54.982 | INFO     | plugrl_env_client.runner.rollout:log_timing_summary:98 - Intermediate rollout timing summary: env_steps=800510 infer_calls=200864 feedback_calls=200864 infer_wait=7703.054s infer_obs_pack=8.397s env_step=5118.642s feedback_total=36.385s feedback_obs_pack=11.787s feedback_info_pack=0.637s effective_fps=62.22
2026-09-28 14:53:54.982 | INFO     | plugrl_env_client.runner.rollout:log_timing_summary:98 - Intermediate rollout timing summary: env_steps=800477 infer_calls=200864 feedback_calls=200864 infer_wait=7686.350s infer_obs_pack=8.357s env_step=5136.646s feedback_total=35.982s feedback_obs_pack=11.631s feedback_info_pack=0.618s effective_fps=62.21
2026-09-28 14:53:54.995 | INFO     | plugrl_env_client.runner.rollout:log_timing_summary:98 - Intermediate rollout timing summary: env_steps=800493 infer_calls=200867 feedback_calls=200866 infer_wait=7713.495s infer_obs_pack=8.545s env_step=5109.086s feedback_total=36.428s feedback_obs_pack=11.889s feedback_info_pack=0.679s effective_fps=62.21
2026-09-28 14:54:24.985 | INFO     | plugrl_env_client.runner.rollout:log_timing_summary:98 - Intermediate rollout timing summary: env_steps=803901 infer_calls=201725 feedback_calls=201724 infer_wait=7694.441s infer_obs_pack=8.392s env_step=5158.240s feedback_total=36.138s feedback_obs_pack=11.680s feedback_info_pack=0.621s effective_fps=62.33
2026-09-28 14:54:24.988 | INFO     | plugrl_env_client.runner.rollout:log_timing_summary:98 - Intermediate rollout timing summary: env_steps=803938 infer_calls=201725 feedback_calls=201724 infer_wait=7711.544s infer_obs_pack=8.432s env_step=5139.833s feedback_total=36.541s feedback_obs_pack=11.837s feedback_info_pack=0.639s effective_fps=62.34
2026-09-28 14:54:25.001 | INFO     | plugrl_env_client.runner.rollout:log_timing_summary:98 - Intermediate rollout timing summary: env_steps=803925 infer_calls=201727 feedback_calls=201727 infer_wait=7721.479s infer_obs_pack=8.581s env_step=5130.788s feedback_total=36.584s feedback_obs_pack=11.940s feedback_info_pack=0.685s effective_fps=62.33
2026-09-28 14:54:54.986 | INFO     | plugrl_env_client.runner.rollout:log_timing_summary:98 - Intermediate rollout timing summary: env_steps=807155 infer_calls=202541 feedback_calls=202540 infer_wait=7703.062s infer_obs_pack=8.428s env_step=5179.315s feedback_total=36.282s feedback_obs_pack=11.727s feedback_info_pack=0.624s effective_fps=62.44
2026-09-28 14:54:54.991 | INFO     | plugrl_env_client.runner.rollout:log_timing_summary:98 - Intermediate rollout timing summary: env_steps=807187 infer_calls=202541 feedback_calls=202540 infer_wait=7720.370s infer_obs_pack=8.467s env_step=5160.709s feedback_total=36.685s feedback_obs_pack=11.883s feedback_info_pack=0.642s effective_fps=62.45
2026-09-28 14:54:55.020 | INFO     | plugrl_env_client.runner.rollout:log_timing_summary:98 - Intermediate rollout timing summary: env_steps=807179 infer_calls=202544 feedback_calls=202543 infer_wait=7729.995s infer_obs_pack=8.615s env_step=5151.992s feedback_total=36.733s feedback_obs_pack=11.987s feedback_info_pack=0.688s effective_fps=62.44
2026-09-28 14:55:24.996 | INFO     | plugrl_env_client.runner.rollout:log_timing_summary:98 - Intermediate rollout timing summary: env_steps=810477 infer_calls=203367 feedback_calls=203366 infer_wait=7728.554s infer_obs_pack=8.502s env_step=5182.221s feedback_total=36.834s feedback_obs_pack=11.933s feedback_info_pack=0.645s effective_fps=62.56
2026-09-28 14:55:24.998 | INFO     | plugrl_env_client.runner.rollout:log_timing_summary:98 - Intermediate rollout timing summary: env_steps=810446 infer_calls=203367 feedback_calls=203366 infer_wait=7711.949s infer_obs_pack=8.463s env_step=5200.135s feedback_total=36.431s feedback_obs_pack=11.775s feedback_info_pack=0.626s effective_fps=62.55
2026-09-28 14:55:25.029 | INFO     | plugrl_env_client.runner.rollout:log_timing_summary:98 - Intermediate rollout timing summary: env_steps=810473 infer_calls=203370 feedback_calls=203369 infer_wait=7738.641s infer_obs_pack=8.650s env_step=5173.052s feedback_total=36.879s feedback_obs_pack=12.035s feedback_info_pack=0.690s effective_fps=62.55
2026-09-28 14:57:40.141 | INFO     | plugrl_env_client.runner.rollout:log_timing_summary:98 - Intermediate rollout timing summary: env_steps=813001 infer_calls=204004 feedback_calls=204003 infer_wait=7857.348s infer_obs_pack=8.677s env_step=5189.214s feedback_total=36.996s feedback_obs_pack=12.074s feedback_info_pack=0.692s effective_fps=62.10
2026-09-28 14:57:40.142 | INFO     | plugrl_env_client.runner.rollout:log_timing_summary:98 - Intermediate rollout timing summary: env_steps=812979 infer_calls=204002 feedback_calls=204001 infer_wait=7830.672s infer_obs_pack=8.489s env_step=5216.319s feedback_total=36.546s feedback_obs_pack=11.812s feedback_info_pack=0.628s effective_fps=62.10
2026-09-28 14:57:40.142 | INFO     | plugrl_env_client.runner.rollout:log_timing_summary:98 - Intermediate rollout timing summary: env_steps=813006 infer_calls=204002 feedback_calls=204001 infer_wait=7847.167s infer_obs_pack=8.528s env_step=5198.520s feedback_total=36.947s feedback_obs_pack=11.969s feedback_info_pack=0.646s effective_fps=62.10
2026-09-28 14:58:10.153 | INFO     | plugrl_env_client.runner.rollout:log_timing_summary:98 - Intermediate rollout timing summary: env_steps=816402 infer_calls=204856 feedback_calls=204855 infer_wait=7865.411s infer_obs_pack=8.712s env_step=5210.839s feedback_total=37.159s feedback_obs_pack=12.126s feedback_info_pack=0.695s effective_fps=62.22
2026-09-28 14:58:10.153 | INFO     | plugrl_env_client.runner.rollout:log_timing_summary:98 - Intermediate rollout timing summary: env_steps=816378 infer_calls=204854 feedback_calls=204853 infer_wait=7839.244s infer_obs_pack=8.524s env_step=5237.444s feedback_total=36.702s feedback_obs_pack=11.860s feedback_info_pack=0.631s effective_fps=62.21
2026-09-28 14:58:10.153 | INFO     | plugrl_env_client.runner.rollout:log_timing_summary:98 - Intermediate rollout timing summary: env_steps=816407 infer_calls=204854 feedback_calls=204853 infer_wait=7855.076s infer_obs_pack=8.563s env_step=5220.300s feedback_total=37.105s feedback_obs_pack=12.019s feedback_info_pack=0.649s effective_fps=62.22
2026-09-28 14:58:40.153 | INFO     | plugrl_env_client.runner.rollout:log_timing_summary:98 - Intermediate rollout timing summary: env_steps=819821 infer_calls=205714 feedback_calls=205713 infer_wait=7873.740s infer_obs_pack=8.748s env_step=5232.195s feedback_total=37.314s feedback_obs_pack=12.176s feedback_info_pack=0.698s effective_fps=62.33
2026-09-28 14:58:40.153 | INFO     | plugrl_env_client.runner.rollout:log_timing_summary:98 - Intermediate rollout timing summary: env_steps=819803 infer_calls=205712 feedback_calls=205711 infer_wait=7847.230s infer_obs_pack=8.560s env_step=5259.140s feedback_total=36.859s feedback_obs_pack=11.910s feedback_info_pack=0.633s effective_fps=62.33
2026-09-28 14:58:40.154 | INFO     | plugrl_env_client.runner.rollout:log_timing_summary:98 - Intermediate rollout timing summary: env_steps=819828 infer_calls=205712 feedback_calls=205711 infer_wait=7863.593s infer_obs_pack=8.599s env_step=5241.456s feedback_total=37.260s feedback_obs_pack=12.068s feedback_info_pack=0.652s effective_fps=62.34
2026-09-28 14:59:10.159 | INFO     | plugrl_env_client.runner.rollout:log_timing_summary:98 - Intermediate rollout timing summary: env_steps=823099 infer_calls=206539 feedback_calls=206538 infer_wait=7855.562s infer_obs_pack=8.596s env_step=5280.510s feedback_total=37.002s feedback_obs_pack=11.958s feedback_info_pack=0.636s effective_fps=62.44
2026-09-28 14:59:10.161 | INFO     | plugrl_env_client.runner.rollout:log_timing_summary:98 - Intermediate rollout timing summary: env_steps=823113 infer_calls=206541 feedback_calls=206540 infer_wait=7882.330s infer_obs_pack=8.783s env_step=5253.306s feedback_total=37.461s feedback_obs_pack=12.224s feedback_info_pack=0.701s effective_fps=62.44
2026-09-28 14:59:10.165 | INFO     | plugrl_env_client.runner.rollout:log_timing_summary:98 - Intermediate rollout timing summary: env_steps=823123 infer_calls=206539 feedback_calls=206538 infer_wait=7872.326s infer_obs_pack=8.633s env_step=5262.423s feedback_total=37.408s feedback_obs_pack=12.116s feedback_info_pack=0.654s effective_fps=62.45
2026-09-28 14:59:40.171 | INFO     | plugrl_env_client.runner.rollout:log_timing_summary:98 - Intermediate rollout timing summary: env_steps=826438 infer_calls=207371 feedback_calls=207370 infer_wait=7880.842s infer_obs_pack=8.668s env_step=5283.600s feedback_total=37.558s feedback_obs_pack=12.164s feedback_info_pack=0.657s effective_fps=62.56
2026-09-28 14:59:40.171 | INFO     | plugrl_env_client.runner.rollout:log_timing_summary:98 - Intermediate rollout timing summary: env_steps=826432 infer_calls=207373 feedback_calls=207372 infer_wait=7890.504s infer_obs_pack=8.818s env_step=5274.831s feedback_total=37.617s feedback_obs_pack=12.272s feedback_info_pack=0.704s effective_fps=62.55
2026-09-28 14:59:40.176 | INFO     | plugrl_env_client.runner.rollout:log_timing_summary:98 - Intermediate rollout timing summary: env_steps=826407 infer_calls=207371 feedback_calls=207370 infer_wait=7864.165s infer_obs_pack=8.631s env_step=5301.618s feedback_total=37.146s feedback_obs_pack=12.005s feedback_info_pack=0.638s effective_fps=62.55
2026-09-28 15:01:55.838 | INFO     | plugrl_env_client.runner.rollout:log_timing_summary:98 - Intermediate rollout timing summary: env_steps=828910 infer_calls=208001 feedback_calls=208000 infer_wait=7983.517s infer_obs_pack=8.657s env_step=5317.691s feedback_total=37.256s feedback_obs_pack=12.042s feedback_info_pack=0.640s effective_fps=62.10
2026-09-28 15:01:55.841 | INFO     | plugrl_env_client.runner.rollout:log_timing_summary:98 - Intermediate rollout timing summary: env_steps=828946 infer_calls=208003 feedback_calls=208002 infer_wait=8010.003s infer_obs_pack=8.845s env_step=5290.773s feedback_total=37.730s feedback_obs_pack=12.309s feedback_info_pack=0.706s effective_fps=62.11
2026-09-28 15:01:55.844 | INFO     | plugrl_env_client.runner.rollout:log_timing_summary:98 - Intermediate rollout timing summary: env_steps=828945 infer_calls=208001 feedback_calls=208000 infer_wait=8000.312s infer_obs_pack=8.694s env_step=5299.567s feedback_total=37.674s feedback_obs_pack=12.202s feedback_info_pack=0.659s effective_fps=62.11
2026-09-28 15:02:25.848 | INFO     | plugrl_env_client.runner.rollout:log_timing_summary:98 - Intermediate rollout timing summary: env_steps=832392 infer_calls=208867 feedback_calls=208867 infer_wait=8018.109s infer_obs_pack=8.881s env_step=5312.341s feedback_total=37.892s feedback_obs_pack=12.363s feedback_info_pack=0.708s effective_fps=62.22
2026-09-28 15:02:25.859 | INFO     | plugrl_env_client.runner.rollout:log_timing_summary:98 - Intermediate rollout timing summary: env_steps=832356 infer_calls=208866 feedback_calls=208865 infer_wait=7991.742s infer_obs_pack=8.692s env_step=5339.170s feedback_total=37.412s feedback_obs_pack=12.091s feedback_info_pack=0.643s effective_fps=62.22
2026-09-28 15:02:25.861 | INFO     | plugrl_env_client.runner.rollout:log_timing_summary:98 - Intermediate rollout timing summary: env_steps=832393 infer_calls=208866 feedback_calls=208865 infer_wait=8008.433s infer_obs_pack=8.730s env_step=5321.138s feedback_total=37.832s feedback_obs_pack=12.252s feedback_info_pack=0.662s effective_fps=62.23
2026-09-28 15:02:55.851 | INFO     | plugrl_env_client.runner.rollout:log_timing_summary:98 - Intermediate rollout timing summary: env_steps=835754 infer_calls=209711 feedback_calls=209710 infer_wait=8026.457s infer_obs_pack=8.917s env_step=5333.683s feedback_total=38.041s feedback_obs_pack=12.412s feedback_info_pack=0.711s effective_fps=62.34
2026-09-28 15:02:55.860 | INFO     | plugrl_env_client.runner.rollout:log_timing_summary:98 - Intermediate rollout timing summary: env_steps=835719 infer_calls=209709 feedback_calls=209708 infer_wait=8000.185s infer_obs_pack=8.727s env_step=5360.421s feedback_total=37.564s feedback_obs_pack=12.139s feedback_info_pack=0.646s effective_fps=62.34
2026-09-28 15:02:55.864 | INFO     | plugrl_env_client.runner.rollout:log_timing_summary:98 - Intermediate rollout timing summary: env_steps=835754 infer_calls=209709 feedback_calls=209708 infer_wait=8016.723s infer_obs_pack=8.765s env_step=5342.533s feedback_total=37.986s feedback_obs_pack=12.300s feedback_info_pack=0.665s effective_fps=62.34
2026-09-28 15:03:25.864 | INFO     | plugrl_env_client.runner.rollout:log_timing_summary:98 - Intermediate rollout timing summary: env_steps=839045 infer_calls=210538 feedback_calls=210537 infer_wait=8035.012s infer_obs_pack=8.951s env_step=5354.833s feedback_total=38.190s feedback_obs_pack=12.460s feedback_info_pack=0.714s effective_fps=62.44
2026-09-28 15:03:25.866 | INFO     | plugrl_env_client.runner.rollout:log_timing_summary:98 - Intermediate rollout timing summary: env_steps=839018 infer_calls=210536 feedback_calls=210535 infer_wait=8008.552s infer_obs_pack=8.761s env_step=5381.763s feedback_total=37.708s feedback_obs_pack=12.186s feedback_info_pack=0.648s effective_fps=62.44
2026-09-28 15:03:25.868 | INFO     | plugrl_env_client.runner.rollout:log_timing_summary:98 - Intermediate rollout timing summary: env_steps=839049 infer_calls=210536 feedback_calls=210535 infer_wait=8025.268s infer_obs_pack=8.801s env_step=5363.687s feedback_total=38.131s feedback_obs_pack=12.348s feedback_info_pack=0.667s effective_fps=62.45
2026-09-28 15:03:55.868 | INFO     | plugrl_env_client.runner.rollout:log_timing_summary:98 - Intermediate rollout timing summary: env_steps=842303 infer_calls=211359 feedback_calls=211358 infer_wait=8017.091s infer_obs_pack=8.795s env_step=5402.929s feedback_total=37.853s feedback_obs_pack=12.234s feedback_info_pack=0.651s effective_fps=62.55
2026-09-28 15:03:55.868 | INFO     | plugrl_env_client.runner.rollout:log_timing_summary:98 - Intermediate rollout timing summary: env_steps=842323 infer_calls=211361 feedback_calls=211360 infer_wait=8043.975s infer_obs_pack=8.986s env_step=5375.569s feedback_total=38.332s feedback_obs_pack=12.508s feedback_info_pack=0.717s effective_fps=62.55
2026-09-28 15:03:55.869 | INFO     | plugrl_env_client.runner.rollout:log_timing_summary:98 - Intermediate rollout timing summary: env_steps=842332 infer_calls=211359 feedback_calls=211358 infer_wait=8033.648s infer_obs_pack=8.835s env_step=5385.005s feedback_total=38.277s feedback_obs_pack=12.395s feedback_info_pack=0.670s effective_fps=62.55
2026-09-28 15:06:13.057 | INFO     | plugrl_env_client.runner.rollout:log_timing_summary:98 - Intermediate rollout timing summary: env_steps=844884 infer_calls=212002 feedback_calls=212001 infer_wait=8154.535s infer_obs_pack=8.862s env_step=5401.061s feedback_total=38.391s feedback_obs_pack=12.434s feedback_info_pack=0.672s effective_fps=62.11
2026-09-28 15:06:13.063 | INFO     | plugrl_env_client.runner.rollout:log_timing_summary:98 - Intermediate rollout timing summary: env_steps=844887 infer_calls=212004 feedback_calls=212003 infer_wait=8164.391s infer_obs_pack=9.013s env_step=5392.112s feedback_total=38.446s feedback_obs_pack=12.546s feedback_info_pack=0.719s effective_fps=62.11
2026-09-28 15:06:13.066 | INFO     | plugrl_env_client.runner.rollout:log_timing_summary:98 - Intermediate rollout timing summary: env_steps=844866 infer_calls=212002 feedback_calls=212001 infer_wait=8137.463s infer_obs_pack=8.822s env_step=5419.527s feedback_total=37.965s feedback_obs_pack=12.271s feedback_info_pack=0.653s effective_fps=62.11
2026-09-28 15:06:43.060 | INFO     | plugrl_env_client.runner.rollout:log_timing_summary:98 - Intermediate rollout timing summary: env_steps=848332 infer_calls=212865 feedback_calls=212864 infer_wait=8162.403s infer_obs_pack=8.897s env_step=5422.876s feedback_total=38.549s feedback_obs_pack=12.483s feedback_info_pack=0.675s effective_fps=62.23
2026-09-28 15:06:43.066 | INFO     | plugrl_env_client.runner.rollout:log_timing_summary:98 - Intermediate rollout timing summary: env_steps=848329 infer_calls=212867 feedback_calls=212866 infer_wait=8172.329s infer_obs_pack=9.049s env_step=5413.860s feedback_total=38.605s feedback_obs_pack=12.596s feedback_info_pack=0.722s effective_fps=62.22
2026-09-28 15:06:43.068 | INFO     | plugrl_env_client.runner.rollout:log_timing_summary:98 - Intermediate rollout timing summary: env_steps=848307 infer_calls=212865 feedback_calls=212865 infer_wait=8145.823s infer_obs_pack=8.858s env_step=5440.850s feedback_total=38.121s feedback_obs_pack=12.320s feedback_info_pack=0.655s effective_fps=62.22
2026-09-28 15:07:13.068 | INFO     | plugrl_env_client.runner.rollout:log_timing_summary:98 - Intermediate rollout timing summary: env_steps=851686 infer_calls=213714 feedback_calls=213713 infer_wait=8154.280s infer_obs_pack=8.893s env_step=5462.079s feedback_total=38.272s feedback_obs_pack=12.369s feedback_info_pack=0.658s effective_fps=62.33
2026-09-28 15:07:13.069 | INFO     | plugrl_env_client.runner.rollout:log_timing_summary:98 - Intermediate rollout timing summary: env_steps=851716 infer_calls=213714 feedback_calls=213713 infer_wait=8170.911s infer_obs_pack=8.933s env_step=5444.056s feedback_total=38.701s feedback_obs_pack=12.532s feedback_info_pack=0.677s effective_fps=62.34
2026-09-28 15:07:13.077 | INFO     | plugrl_env_client.runner.rollout:log_timing_summary:98 - Intermediate rollout timing summary: env_steps=851711 infer_calls=213716 feedback_calls=213715 infer_wait=8180.617s infer_obs_pack=9.086s env_step=5435.264s feedback_total=38.760s feedback_obs_pack=12.647s feedback_info_pack=0.725s effective_fps=62.33
2026-09-28 15:07:43.073 | INFO     | plugrl_env_client.runner.rollout:log_timing_summary:98 - Intermediate rollout timing summary: env_steps=855027 infer_calls=214545 feedback_calls=214544 infer_wait=8179.335s infer_obs_pack=8.967s env_step=5465.319s feedback_total=38.849s feedback_obs_pack=12.580s feedback_info_pack=0.680s effective_fps=62.45
2026-09-28 15:07:43.074 | INFO     | plugrl_env_client.runner.rollout:log_timing_summary:98 - Intermediate rollout timing summary: env_steps=854990 infer_calls=214545 feedback_calls=214544 infer_wait=8162.962s infer_obs_pack=8.928s env_step=5483.097s feedback_total=38.418s feedback_obs_pack=12.417s feedback_info_pack=0.661s effective_fps=62.44
2026-09-28 15:07:43.081 | INFO     | plugrl_env_client.runner.rollout:log_timing_summary:98 - Intermediate rollout timing summary: env_steps=855019 infer_calls=214547 feedback_calls=214547 infer_wait=8189.133s infer_obs_pack=9.121s env_step=5456.439s feedback_total=38.908s feedback_obs_pack=12.698s feedback_info_pack=0.727s effective_fps=62.44
2026-09-28 15:08:13.073 | INFO     | plugrl_env_client.runner.rollout:log_timing_summary:98 - Intermediate rollout timing summary: env_steps=858261 infer_calls=215356 feedback_calls=215355 infer_wait=8187.978s infer_obs_pack=9.001s env_step=5486.372s feedback_total=38.996s feedback_obs_pack=12.628s feedback_info_pack=0.682s effective_fps=62.54
2026-09-28 15:08:13.078 | INFO     | plugrl_env_client.runner.rollout:log_timing_summary:98 - Intermediate rollout timing summary: env_steps=858227 infer_calls=215356 feedback_calls=215355 infer_wait=8171.377s infer_obs_pack=8.965s env_step=5504.385s feedback_total=38.560s feedback_obs_pack=12.464s feedback_info_pack=0.663s effective_fps=62.54
2026-09-28 15:08:13.084 | INFO     | plugrl_env_client.runner.rollout:log_timing_summary:98 - Intermediate rollout timing summary: env_steps=858248 infer_calls=215358 feedback_calls=215357 infer_wait=8198.005s infer_obs_pack=9.156s env_step=5477.260s feedback_total=39.058s feedback_obs_pack=12.748s feedback_info_pack=0.730s effective_fps=62.54
2026-09-28 15:10:29.026 | INFO     | plugrl_env_client.runner.rollout:log_timing_summary:98 - Intermediate rollout timing summary: env_steps=860816 infer_calls=216004 feedback_calls=216003 infer_wait=8317.343s infer_obs_pack=9.184s env_step=5493.622s feedback_total=39.173s feedback_obs_pack=12.786s feedback_info_pack=0.732s effective_fps=62.11
2026-09-28 15:10:29.031 | INFO     | plugrl_env_client.runner.rollout:log_timing_summary:98 - Intermediate rollout timing summary: env_steps=860788 infer_calls=216002 feedback_calls=216001 infer_wait=8290.609s infer_obs_pack=8.992s env_step=5520.868s feedback_total=38.671s feedback_obs_pack=12.501s feedback_info_pack=0.665s effective_fps=62.11
2026-09-28 15:10:29.031 | INFO     | plugrl_env_client.runner.rollout:log_timing_summary:98 - Intermediate rollout timing summary: env_steps=860838 infer_calls=216002 feedback_calls=216002 infer_wait=8306.969s infer_obs_pack=9.028s env_step=5503.093s feedback_total=39.115s feedback_obs_pack=12.669s feedback_info_pack=0.685s effective_fps=62.12
2026-09-28 15:10:59.041 | INFO     | plugrl_env_client.runner.rollout:log_timing_summary:98 - Intermediate rollout timing summary: env_steps=864126 infer_calls=216835 feedback_calls=216834 infer_wait=8325.911s infer_obs_pack=9.220s env_step=5514.748s feedback_total=39.330s feedback_obs_pack=12.836s feedback_info_pack=0.735s effective_fps=62.22
2026-09-28 15:10:59.049 | INFO     | plugrl_env_client.runner.rollout:log_timing_summary:98 - Intermediate rollout timing summary: env_steps=864109 infer_calls=216833 feedback_calls=216832 infer_wait=8298.608s infer_obs_pack=9.028s env_step=5542.573s feedback_total=38.822s feedback_obs_pack=12.550s feedback_info_pack=0.668s effective_fps=62.22
2026-09-28 15:10:59.051 | INFO     | plugrl_env_client.runner.rollout:log_timing_summary:98 - Intermediate rollout timing summary: env_steps=864152 infer_calls=216833 feedback_calls=216832 infer_wait=8315.629s infer_obs_pack=9.064s env_step=5524.129s feedback_total=39.269s feedback_obs_pack=12.719s feedback_info_pack=0.687s effective_fps=62.22
2026-09-28 15:11:29.046 | INFO     | plugrl_env_client.runner.rollout:log_timing_summary:98 - Intermediate rollout timing summary: env_steps=867451 infer_calls=217669 feedback_calls=217668 infer_wait=8334.501s infer_obs_pack=9.255s env_step=5535.856s feedback_total=39.479s feedback_obs_pack=12.886s feedback_info_pack=0.738s effective_fps=62.32
2026-09-28 15:11:29.052 | INFO     | plugrl_env_client.runner.rollout:log_timing_summary:98 - Intermediate rollout timing summary: env_steps=867425 infer_calls=217667 feedback_calls=217667 infer_wait=8307.073s infer_obs_pack=9.062s env_step=5563.800s feedback_total=38.969s feedback_obs_pack=12.598s feedback_info_pack=0.670s effective_fps=62.32
2026-09-28 15:11:29.054 | INFO     | plugrl_env_client.runner.rollout:log_timing_summary:98 - Intermediate rollout timing summary: env_steps=867476 infer_calls=217667 feedback_calls=217667 infer_wait=8324.024s infer_obs_pack=9.099s env_step=5545.423s feedback_total=39.421s feedback_obs_pack=12.768s feedback_info_pack=0.690s effective_fps=62.33
2026-09-28 15:11:59.058 | INFO     | plugrl_env_client.runner.rollout:log_timing_summary:98 - Intermediate rollout timing summary: env_steps=870721 infer_calls=218491 feedback_calls=218490 infer_wait=8343.186s infer_obs_pack=9.289s env_step=5556.877s feedback_total=39.626s feedback_obs_pack=12.935s feedback_info_pack=0.741s effective_fps=62.42
2026-09-28 15:11:59.061 | INFO     | plugrl_env_client.runner.rollout:log_timing_summary:98 - Intermediate rollout timing summary: env_steps=870747 infer_calls=218489 feedback_calls=218488 infer_wait=8332.472s infer_obs_pack=9.136s env_step=5566.665s feedback_total=39.569s feedback_obs_pack=12.820s feedback_info_pack=0.692s effective_fps=62.43
2026-09-28 15:11:59.065 | INFO     | plugrl_env_client.runner.rollout:log_timing_summary:98 - Intermediate rollout timing summary: env_steps=870704 infer_calls=218489 feedback_calls=218488 infer_wait=8315.813s infer_obs_pack=9.096s env_step=5584.765s feedback_total=39.117s feedback_obs_pack=12.646s feedback_info_pack=0.673s effective_fps=62.42
2026-09-28 15:12:29.073 | INFO     | plugrl_env_client.runner.rollout:log_timing_summary:98 - Intermediate rollout timing summary: env_steps=874011 infer_calls=219309 feedback_calls=219308 infer_wait=8341.214s infer_obs_pack=9.173s env_step=5587.628s feedback_total=39.711s feedback_obs_pack=12.867s feedback_info_pack=0.695s effective_fps=62.53
2026-09-28 15:12:29.074 | INFO     | plugrl_env_client.runner.rollout:log_timing_summary:98 - Intermediate rollout timing summary: env_steps=873973 infer_calls=219309 feedback_calls=219308 infer_wait=8324.310s infer_obs_pack=9.134s env_step=5605.977s feedback_total=39.259s feedback_obs_pack=12.692s feedback_info_pack=0.675s effective_fps=62.52
2026-09-28 15:12:29.077 | INFO     | plugrl_env_client.runner.rollout:log_timing_summary:98 - Intermediate rollout timing summary: env_steps=873984 infer_calls=219311 feedback_calls=219310 infer_wait=8351.797s infer_obs_pack=9.324s env_step=5577.981s feedback_total=39.771s feedback_obs_pack=12.982s feedback_info_pack=0.743s effective_fps=62.52
2026-09-28 15:14:47.561 | INFO     | plugrl_env_client.runner.rollout:log_timing_summary:98 - Intermediate rollout timing summary: env_steps=876746 infer_calls=220004 feedback_calls=220003 infer_wait=8472.493s infer_obs_pack=9.353s env_step=5595.517s feedback_total=39.893s feedback_obs_pack=13.022s feedback_info_pack=0.746s effective_fps=62.10
2026-09-28 15:14:47.563 | INFO     | plugrl_env_client.runner.rollout:log_timing_summary:98 - Intermediate rollout timing summary: env_steps=876779 infer_calls=220002 feedback_calls=220001 infer_wait=8461.554s infer_obs_pack=9.202s env_step=5605.520s feedback_total=39.837s feedback_obs_pack=12.907s feedback_info_pack=0.697s effective_fps=62.11
2026-09-28 15:14:47.566 | INFO     | plugrl_env_client.runner.rollout:log_timing_summary:98 - Intermediate rollout timing summary: env_steps=876741 infer_calls=220002 feedback_calls=220001 infer_wait=8445.154s infer_obs_pack=9.164s env_step=5623.375s feedback_total=39.378s feedback_obs_pack=12.732s feedback_info_pack=0.677s effective_fps=62.11
2026-09-28 15:15:17.573 | INFO     | plugrl_env_client.runner.rollout:log_timing_summary:98 - Intermediate rollout timing summary: env_steps=880184 infer_calls=220868 feedback_calls=220867 infer_wait=8480.908s infer_obs_pack=9.389s env_step=5616.787s feedback_total=40.050s feedback_obs_pack=13.074s feedback_info_pack=0.748s effective_fps=62.22
2026-09-28 15:15:17.574 | INFO     | plugrl_env_client.runner.rollout:log_timing_summary:98 - Intermediate rollout timing summary: env_steps=880222 infer_calls=220866 feedback_calls=220865 infer_wait=8469.949s infer_obs_pack=9.237s env_step=5626.803s feedback_total=39.995s feedback_obs_pack=12.958s feedback_info_pack=0.700s effective_fps=62.22
2026-09-28 15:15:17.575 | INFO     | plugrl_env_client.runner.rollout:log_timing_summary:98 - Intermediate rollout timing summary: env_steps=880179 infer_calls=220866 feedback_calls=220865 infer_wait=8453.118s infer_obs_pack=9.199s env_step=5645.097s feedback_total=39.535s feedback_obs_pack=12.781s feedback_info_pack=0.680s effective_fps=62.22
2026-09-28 15:15:47.577 | INFO     | plugrl_env_client.runner.rollout:log_timing_summary:98 - Intermediate rollout timing summary: env_steps=883441 infer_calls=221685 feedback_calls=221684 infer_wait=8489.730s infer_obs_pack=9.426s env_step=5637.662s feedback_total=40.199s feedback_obs_pack=13.121s feedback_info_pack=0.751s effective_fps=62.32
2026-09-28 15:15:47.577 | INFO     | plugrl_env_client.runner.rollout:log_timing_summary:98 - Intermediate rollout timing summary: env_steps=883483 infer_calls=221683 feedback_calls=221682 infer_wait=8478.520s infer_obs_pack=9.271s env_step=5647.931s feedback_total=40.142s feedback_obs_pack=13.005s feedback_info_pack=0.703s effective_fps=62.32
2026-09-28 15:15:47.581 | INFO     | plugrl_env_client.runner.rollout:log_timing_summary:98 - Intermediate rollout timing summary: env_steps=883446 infer_calls=221683 feedback_calls=221683 infer_wait=8461.075s infer_obs_pack=9.233s env_step=5666.851s feedback_total=39.679s feedback_obs_pack=12.827s feedback_info_pack=0.683s effective_fps=62.32
2026-09-28 15:16:17.596 | INFO     | plugrl_env_client.runner.rollout:log_timing_summary:98 - Intermediate rollout timing summary: env_steps=886731 infer_calls=222511 feedback_calls=222510 infer_wait=8498.120s infer_obs_pack=9.464s env_step=5658.982s feedback_total=40.348s feedback_obs_pack=13.169s feedback_info_pack=0.754s effective_fps=62.42
2026-09-28 15:16:17.597 | INFO     | plugrl_env_client.runner.rollout:log_timing_summary:98 - Intermediate rollout timing summary: env_steps=886734 infer_calls=222509 feedback_calls=222508 infer_wait=8469.889s infer_obs_pack=9.267s env_step=5687.738s feedback_total=39.828s feedback_obs_pack=12.875s feedback_info_pack=0.685s effective_fps=62.42
2026-09-28 15:16:17.597 | INFO     | plugrl_env_client.runner.rollout:log_timing_summary:98 - Intermediate rollout timing summary: env_steps=886777 infer_calls=222509 feedback_calls=222508 infer_wait=8486.846s infer_obs_pack=9.308s env_step=5669.313s feedback_total=40.291s feedback_obs_pack=13.054s feedback_info_pack=0.705s effective_fps=62.42
2026-09-28 15:16:47.597 | INFO     | plugrl_env_client.runner.rollout:log_timing_summary:98 - Intermediate rollout timing summary: env_steps=889988 infer_calls=223326 feedback_calls=223325 infer_wait=8478.782s infer_obs_pack=9.301s env_step=5708.534s feedback_total=39.975s feedback_obs_pack=12.922s feedback_info_pack=0.688s effective_fps=62.51
2026-09-28 15:16:47.598 | INFO     | plugrl_env_client.runner.rollout:log_timing_summary:98 - Intermediate rollout timing summary: env_steps=890037 infer_calls=223326 feedback_calls=223325 infer_wait=8494.877s infer_obs_pack=9.342s env_step=5690.979s feedback_total=40.435s feedback_obs_pack=13.103s feedback_info_pack=0.708s effective_fps=62.52
2026-09-28 15:16:47.600 | INFO     | plugrl_env_client.runner.rollout:log_timing_summary:98 - Intermediate rollout timing summary: env_steps=889993 infer_calls=223328 feedback_calls=223327 infer_wait=8506.897s infer_obs_pack=9.499s env_step=5679.911s feedback_total=40.493s feedback_obs_pack=13.218s feedback_info_pack=0.757s effective_fps=62.51
2026-09-28 15:19:05.343 | INFO     | plugrl_env_client.runner.rollout:log_timing_summary:98 - Intermediate rollout timing summary: env_steps=892689 infer_calls=224004 feedback_calls=224003 infer_wait=8627.287s infer_obs_pack=9.528s env_step=5697.007s feedback_total=40.614s feedback_obs_pack=13.257s feedback_info_pack=0.759s effective_fps=62.10
2026-09-28 15:19:05.346 | INFO     | plugrl_env_client.runner.rollout:log_timing_summary:98 - Intermediate rollout timing summary: env_steps=892689 infer_calls=224002 feedback_calls=224001 infer_wait=8598.734s infer_obs_pack=9.329s env_step=5726.086s feedback_total=40.094s feedback_obs_pack=12.960s feedback_info_pack=0.690s effective_fps=62.10
2026-09-28 15:19:05.349 | INFO     | plugrl_env_client.runner.rollout:log_timing_summary:98 - Intermediate rollout timing summary: env_steps=892723 infer_calls=224002 feedback_calls=224001 infer_wait=8615.302s infer_obs_pack=9.370s env_step=5708.047s feedback_total=40.554s feedback_obs_pack=13.142s feedback_info_pack=0.710s effective_fps=62.11
2026-09-28 15:19:35.349 | INFO     | plugrl_env_client.runner.rollout:log_timing_summary:98 - Intermediate rollout timing summary: env_steps=896147 infer_calls=224860 feedback_calls=224859 infer_wait=8623.459s infer_obs_pack=9.407s env_step=5729.564s feedback_total=40.717s feedback_obs_pack=13.192s feedback_info_pack=0.713s effective_fps=62.22
2026-09-28 15:19:35.350 | INFO     | plugrl_env_client.runner.rollout:log_timing_summary:98 - Intermediate rollout timing summary: env_steps=896113 infer_calls=224862 feedback_calls=224861 infer_wait=8635.534s infer_obs_pack=9.565s env_step=5718.449s feedback_total=40.769s feedback_obs_pack=13.308s feedback_info_pack=0.762s effective_fps=62.21
2026-09-28 15:19:35.351 | INFO     | plugrl_env_client.runner.rollout:log_timing_summary:98 - Intermediate rollout timing summary: env_steps=896100 infer_calls=224860 feedback_calls=224859 infer_wait=8607.124s infer_obs_pack=9.365s env_step=5747.381s feedback_total=40.248s feedback_obs_pack=13.010s feedback_info_pack=0.692s effective_fps=62.21
2026-09-28 15:20:05.358 | INFO     | plugrl_env_client.runner.rollout:log_timing_summary:98 - Intermediate rollout timing summary: env_steps=899458 infer_calls=225691 feedback_calls=225690 infer_wait=8631.944s infer_obs_pack=9.440s env_step=5750.776s feedback_total=40.863s feedback_obs_pack=13.240s feedback_info_pack=0.715s effective_fps=62.32
2026-09-28 15:20:05.359 | INFO     | plugrl_env_client.runner.rollout:log_timing_summary:98 - Intermediate rollout timing summary: env_steps=899405 infer_calls=225691 feedback_calls=225690 infer_wait=8615.636s infer_obs_pack=9.399s env_step=5768.564s feedback_total=40.399s feedback_obs_pack=13.061s feedback_info_pack=0.695s effective_fps=62.31
2026-09-28 15:20:05.359 | INFO     | plugrl_env_client.runner.rollout:log_timing_summary:98 - Intermediate rollout timing summary: env_steps=899422 infer_calls=225693 feedback_calls=225692 infer_wait=8644.210s infer_obs_pack=9.600s env_step=5739.464s feedback_total=40.921s feedback_obs_pack=13.357s feedback_info_pack=0.765s effective_fps=62.31
2026-09-28 15:20:35.366 | INFO     | plugrl_env_client.runner.rollout:log_timing_summary:98 - Intermediate rollout timing summary: env_steps=902731 infer_calls=226526 feedback_calls=226525 infer_wait=8624.084s infer_obs_pack=9.433s env_step=5789.823s feedback_total=40.543s feedback_obs_pack=13.109s feedback_info_pack=0.697s effective_fps=62.41
2026-09-28 15:20:35.367 | INFO     | plugrl_env_client.runner.rollout:log_timing_summary:98 - Intermediate rollout timing summary: env_steps=902783 infer_calls=226526 feedback_calls=226525 infer_wait=8640.454s infer_obs_pack=9.475s env_step=5771.960s feedback_total=41.011s feedback_obs_pack=13.289s feedback_info_pack=0.718s effective_fps=62.42
2026-09-28 15:20:35.367 | INFO     | plugrl_env_client.runner.rollout:log_timing_summary:98 - Intermediate rollout timing summary: env_steps=902748 infer_calls=226528 feedback_calls=226527 infer_wait=8652.931s infer_obs_pack=9.636s env_step=5760.437s feedback_total=41.074s feedback_obs_pack=13.408s feedback_info_pack=0.768s effective_fps=62.41
2026-09-28 15:21:05.369 | INFO     | plugrl_env_client.runner.rollout:log_timing_summary:98 - Intermediate rollout timing summary: env_steps=906001 infer_calls=227344 feedback_calls=227343 infer_wait=8661.565s infer_obs_pack=9.670s env_step=5781.490s feedback_total=41.220s feedback_obs_pack=13.455s feedback_info_pack=0.770s effective_fps=62.51
2026-09-28 15:21:05.372 | INFO     | plugrl_env_client.runner.rollout:log_timing_summary:98 - Intermediate rollout timing summary: env_steps=906041 infer_calls=227342 feedback_calls=227342 infer_wait=8649.115s infer_obs_pack=9.509s env_step=5792.998s feedback_total=41.155s feedback_obs_pack=13.336s feedback_info_pack=0.720s effective_fps=62.52
2026-09-28 15:21:05.373 | INFO     | plugrl_env_client.runner.rollout:log_timing_summary:98 - Intermediate rollout timing summary: env_steps=905983 infer_calls=227342 feedback_calls=227341 infer_wait=8632.831s infer_obs_pack=9.469s env_step=5810.780s feedback_total=40.684s feedback_obs_pack=13.155s feedback_info_pack=0.700s effective_fps=62.51
2026-09-28 15:23:22.543 | INFO     | plugrl_env_client.runner.rollout:log_timing_summary:98 - Intermediate rollout timing summary: env_steps=908612 infer_calls=228002 feedback_calls=228001 infer_wait=8752.703s infer_obs_pack=9.496s env_step=5827.834s feedback_total=40.799s feedback_obs_pack=13.193s feedback_info_pack=0.702s effective_fps=62.10
2026-09-28 15:23:22.544 | INFO     | plugrl_env_client.runner.rollout:log_timing_summary:98 - Intermediate rollout timing summary: env_steps=908626 infer_calls=228004 feedback_calls=228003 infer_wait=8781.336s infer_obs_pack=9.698s env_step=5798.645s feedback_total=41.336s feedback_obs_pack=13.494s feedback_info_pack=0.773s effective_fps=62.10
2026-09-28 15:23:22.547 | INFO     | plugrl_env_client.runner.rollout:log_timing_summary:98 - Intermediate rollout timing summary: env_steps=908662 infer_calls=228002 feedback_calls=228001 infer_wait=8769.031s infer_obs_pack=9.537s env_step=5809.996s feedback_total=41.276s feedback_obs_pack=13.375s feedback_info_pack=0.722s effective_fps=62.11
2026-09-28 15:23:52.549 | INFO     | plugrl_env_client.runner.rollout:log_timing_summary:98 - Intermediate rollout timing summary: env_steps=912034 infer_calls=228859 feedback_calls=228858 infer_wait=8789.151s infer_obs_pack=9.734s env_step=5820.514s feedback_total=41.495s feedback_obs_pack=13.545s feedback_info_pack=0.775s effective_fps=62.21
2026-09-28 15:23:52.550 | INFO     | plugrl_env_client.runner.rollout:log_timing_summary:98 - Intermediate rollout timing summary: env_steps=912019 infer_calls=228857 feedback_calls=228856 infer_wait=8761.191s infer_obs_pack=9.531s env_step=5849.030s feedback_total=40.954s feedback_obs_pack=13.244s feedback_info_pack=0.704s effective_fps=62.21
2026-09-28 15:23:52.554 | INFO     | plugrl_env_client.runner.rollout:log_timing_summary:98 - Intermediate rollout timing summary: env_steps=912066 infer_calls=228857 feedback_calls=228856 infer_wait=8777.176s infer_obs_pack=9.573s env_step=5831.530s feedback_total=41.436s feedback_obs_pack=13.425s feedback_info_pack=0.725s effective_fps=62.22
2026-09-28 15:24:22.551 | INFO     | plugrl_env_client.runner.rollout:log_timing_summary:98 - Intermediate rollout timing summary: env_steps=915316 infer_calls=229684 feedback_calls=229683 infer_wait=8769.572s infer_obs_pack=9.565s env_step=5870.341s feedback_total=41.098s feedback_obs_pack=13.290s feedback_info_pack=0.707s effective_fps=62.31
2026-09-28 15:24:22.552 | INFO     | plugrl_env_client.runner.rollout:log_timing_summary:98 - Intermediate rollout timing summary: env_steps=915336 infer_calls=229686 feedback_calls=229685 infer_wait=8797.986s infer_obs_pack=9.768s env_step=5841.376s feedback_total=41.641s feedback_obs_pack=13.593s feedback_info_pack=0.778s effective_fps=62.31
2026-09-28 15:24:22.556 | INFO     | plugrl_env_client.runner.rollout:log_timing_summary:98 - Intermediate rollout timing summary: env_steps=915361 infer_calls=229684 feedback_calls=229683 infer_wait=8785.518s infer_obs_pack=9.607s env_step=5852.885s feedback_total=41.581s feedback_obs_pack=13.473s feedback_info_pack=0.728s effective_fps=62.31
2026-09-28 15:24:52.556 | INFO     | plugrl_env_client.runner.rollout:log_timing_summary:98 - Intermediate rollout timing summary: env_steps=918610 infer_calls=230509 feedback_calls=230509 infer_wait=8806.644s infer_obs_pack=9.803s env_step=5862.420s feedback_total=41.785s feedback_obs_pack=13.641s feedback_info_pack=0.781s effective_fps=62.40
2026-09-28 15:24:52.567 | INFO     | plugrl_env_client.runner.rollout:log_timing_summary:98 - Intermediate rollout timing summary: env_steps=918599 infer_calls=230508 feedback_calls=230507 infer_wait=8778.367s infer_obs_pack=9.599s env_step=5891.254s feedback_total=41.243s feedback_obs_pack=13.337s feedback_info_pack=0.709s effective_fps=62.40
2026-09-28 15:24:52.568 | INFO     | plugrl_env_client.runner.rollout:log_timing_summary:98 - Intermediate rollout timing summary: env_steps=918643 infer_calls=230508 feedback_calls=230507 infer_wait=8793.694s infer_obs_pack=9.642s env_step=5874.413s feedback_total=41.729s feedback_obs_pack=13.520s feedback_info_pack=0.730s effective_fps=62.41
2026-09-28 15:25:22.557 | INFO     | plugrl_env_client.runner.rollout:log_timing_summary:98 - Intermediate rollout timing summary: env_steps=921883 infer_calls=231330 feedback_calls=231329 infer_wait=8815.355s infer_obs_pack=9.838s env_step=5883.401s feedback_total=41.930s feedback_obs_pack=13.688s feedback_info_pack=0.784s effective_fps=62.50
2026-09-28 15:25:22.569 | INFO     | plugrl_env_client.runner.rollout:log_timing_summary:98 - Intermediate rollout timing summary: env_steps=921875 infer_calls=231328 feedback_calls=231328 infer_wait=8786.985s infer_obs_pack=9.633s env_step=5912.341s feedback_total=41.383s feedback_obs_pack=13.384s feedback_info_pack=0.712s effective_fps=62.50
2026-09-28 15:25:22.582 | INFO     | plugrl_env_client.runner.rollout:log_timing_summary:98 - Intermediate rollout timing summary: env_steps=921920 infer_calls=231329 feedback_calls=231328 infer_wait=8801.961s infer_obs_pack=9.676s env_step=5895.847s feedback_total=41.876s feedback_obs_pack=13.570s feedback_info_pack=0.733s effective_fps=62.51
2026-09-28 15:27:39.822 | INFO     | plugrl_env_client.runner.rollout:log_timing_summary:98 - Intermediate rollout timing summary: env_steps=924565 infer_calls=232004 feedback_calls=232003 infer_wait=8935.293s infer_obs_pack=9.867s env_step=5900.479s feedback_total=42.054s feedback_obs_pack=13.728s feedback_info_pack=0.786s effective_fps=62.10
2026-09-28 15:27:39.825 | INFO     | plugrl_env_client.runner.rollout:log_timing_summary:98 - Intermediate rollout timing summary: env_steps=924607 infer_calls=232002 feedback_calls=232001 infer_wait=8921.651s infer_obs_pack=9.703s env_step=5913.153s feedback_total=41.993s feedback_obs_pack=13.609s feedback_info_pack=0.735s effective_fps=62.11
2026-09-28 15:27:39.833 | INFO     | plugrl_env_client.runner.rollout:log_timing_summary:98 - Intermediate rollout timing summary: env_steps=924560 infer_calls=232002 feedback_calls=232001 infer_wait=8906.514s infer_obs_pack=9.662s env_step=5929.830s feedback_total=41.502s feedback_obs_pack=13.422s feedback_info_pack=0.714s effective_fps=62.10
2026-09-28 15:28:09.828 | INFO     | plugrl_env_client.runner.rollout:log_timing_summary:98 - Intermediate rollout timing summary: env_steps=927946 infer_calls=232840 feedback_calls=232839 infer_wait=8929.597s infer_obs_pack=9.739s env_step=5934.889s feedback_total=42.148s feedback_obs_pack=13.660s feedback_info_pack=0.738s effective_fps=62.21
2026-09-28 15:28:09.828 | INFO     | plugrl_env_client.runner.rollout:log_timing_summary:98 - Intermediate rollout timing summary: env_steps=927901 infer_calls=232842 feedback_calls=232841 infer_wait=8943.851s infer_obs_pack=9.902s env_step=5921.605s feedback_total=42.209s feedback_obs_pack=13.781s feedback_info_pack=0.789s effective_fps=62.20
2026-09-28 15:28:09.833 | INFO     | plugrl_env_client.runner.rollout:log_timing_summary:98 - Intermediate rollout timing summary: env_steps=927904 infer_calls=232840 feedback_calls=232839 infer_wait=8914.762s infer_obs_pack=9.697s env_step=5951.255s feedback_total=41.666s feedback_obs_pack=13.471s feedback_info_pack=0.717s effective_fps=62.20
2026-09-28 15:28:39.828 | INFO     | plugrl_env_client.runner.rollout:log_timing_summary:98 - Intermediate rollout timing summary: env_steps=931240 infer_calls=233667 feedback_calls=233666 infer_wait=8938.168s infer_obs_pack=9.773s env_step=5955.999s feedback_total=42.294s feedback_obs_pack=13.707s feedback_info_pack=0.740s effective_fps=62.31
2026-09-28 15:28:39.830 | INFO     | plugrl_env_client.runner.rollout:log_timing_summary:98 - Intermediate rollout timing summary: env_steps=931209 infer_calls=233669 feedback_calls=233668 infer_wait=8952.130s infer_obs_pack=9.937s env_step=5943.020s feedback_total=42.360s feedback_obs_pack=13.832s feedback_info_pack=0.792s effective_fps=62.30
2026-09-28 15:28:39.839 | INFO     | plugrl_env_client.runner.rollout:log_timing_summary:98 - Intermediate rollout timing summary: env_steps=931198 infer_calls=233667 feedback_calls=233667 infer_wait=8923.445s infer_obs_pack=9.733s env_step=5972.269s feedback_total=41.812s feedback_obs_pack=13.519s feedback_info_pack=0.719s effective_fps=62.30
2026-09-28 15:29:09.832 | INFO     | plugrl_env_client.runner.rollout:log_timing_summary:98 - Intermediate rollout timing summary: env_steps=934484 infer_calls=234490 feedback_calls=234489 infer_wait=8960.709s infer_obs_pack=9.972s env_step=5964.133s feedback_total=42.505s feedback_obs_pack=13.880s feedback_info_pack=0.794s effective_fps=62.39
2026-09-28 15:29:09.835 | INFO     | plugrl_env_client.runner.rollout:log_timing_summary:98 - Intermediate rollout timing summary: env_steps=934514 infer_calls=234488 feedback_calls=234487 infer_wait=8946.669s infer_obs_pack=9.807s env_step=5977.199s feedback_total=42.436s feedback_obs_pack=13.755s feedback_info_pack=0.743s effective_fps=62.40
2026-09-28 15:29:09.842 | INFO     | plugrl_env_client.runner.rollout:log_timing_summary:98 - Intermediate rollout timing summary: env_steps=934469 infer_calls=234488 feedback_calls=234488 infer_wait=8931.630s infer_obs_pack=9.766s env_step=5993.783s feedback_total=41.957s feedback_obs_pack=13.566s feedback_info_pack=0.722s effective_fps=62.39
2026-09-28 15:29:39.836 | INFO     | plugrl_env_client.runner.rollout:log_timing_summary:98 - Intermediate rollout timing summary: env_steps=937790 infer_calls=235313 feedback_calls=235312 infer_wait=8955.330s infer_obs_pack=9.843s env_step=5998.227s feedback_total=42.581s feedback_obs_pack=13.804s feedback_info_pack=0.746s effective_fps=62.49
2026-09-28 15:29:39.836 | INFO     | plugrl_env_client.runner.rollout:log_timing_summary:98 - Intermediate rollout timing summary: env_steps=937777 infer_calls=235315 feedback_calls=235314 infer_wait=8969.056s infer_obs_pack=10.007s env_step=5985.490s feedback_total=42.649s feedback_obs_pack=13.928s feedback_info_pack=0.797s effective_fps=62.49
2026-09-28 15:29:39.848 | INFO     | plugrl_env_client.runner.rollout:log_timing_summary:98 - Intermediate rollout timing summary: env_steps=937750 infer_calls=235313 feedback_calls=235312 infer_wait=8940.494s infer_obs_pack=9.804s env_step=6014.612s feedback_total=42.101s feedback_obs_pack=13.614s feedback_info_pack=0.724s effective_fps=62.49
2026-09-28 15:31:58.701 | INFO     | plugrl_env_client.runner.rollout:log_timing_summary:98 - Intermediate rollout timing summary: env_steps=940536 infer_calls=236002 feedback_calls=236001 infer_wait=9076.250s infer_obs_pack=9.872s env_step=6015.908s feedback_total=42.706s feedback_obs_pack=13.843s feedback_info_pack=0.748s effective_fps=62.10
2026-09-28 15:31:58.706 | INFO     | plugrl_env_client.runner.rollout:log_timing_summary:98 - Intermediate rollout timing summary: env_steps=940488 infer_calls=236002 feedback_calls=236001 infer_wait=9061.206s infer_obs_pack=9.832s env_step=6032.508s feedback_total=42.218s feedback_obs_pack=13.654s feedback_info_pack=0.726s effective_fps=62.10
2026-09-28 15:31:58.708 | INFO     | plugrl_env_client.runner.rollout:log_timing_summary:98 - Intermediate rollout timing summary: env_steps=940520 infer_calls=236004 feedback_calls=236003 infer_wait=9090.207s infer_obs_pack=10.037s env_step=6002.954s feedback_total=42.770s feedback_obs_pack=13.969s feedback_info_pack=0.799s effective_fps=62.10
2026-09-28 15:32:28.702 | INFO     | plugrl_env_client.runner.rollout:log_timing_summary:98 - Intermediate rollout timing summary: env_steps=943974 infer_calls=236864 feedback_calls=236863 infer_wait=9084.323s infer_obs_pack=9.907s env_step=6037.503s feedback_total=42.871s feedback_obs_pack=13.894s feedback_info_pack=0.751s effective_fps=62.21
2026-09-28 15:32:28.711 | INFO     | plugrl_env_client.runner.rollout:log_timing_summary:98 - Intermediate rollout timing summary: env_steps=943952 infer_calls=236866 feedback_calls=236865 infer_wait=9098.617s infer_obs_pack=10.073s env_step=6024.209s feedback_total=42.936s feedback_obs_pack=14.027s feedback_info_pack=0.802s effective_fps=62.20
2026-09-28 15:32:28.719 | INFO     | plugrl_env_client.runner.rollout:log_timing_summary:98 - Intermediate rollout timing summary: env_steps=943926 infer_calls=236864 feedback_calls=236863 infer_wait=9069.149s infer_obs_pack=9.869s env_step=6054.263s feedback_total=42.372s feedback_obs_pack=13.704s feedback_info_pack=0.729s effective_fps=62.20
2026-09-28 15:32:58.710 | INFO     | plugrl_env_client.runner.rollout:log_timing_summary:98 - Intermediate rollout timing summary: env_steps=947246 infer_calls=237686 feedback_calls=237685 infer_wait=9093.291s infer_obs_pack=9.941s env_step=6058.232s feedback_total=43.015s feedback_obs_pack=13.942s feedback_info_pack=0.754s effective_fps=62.30
2026-09-28 15:32:58.729 | INFO     | plugrl_env_client.runner.rollout:log_timing_summary:98 - Intermediate rollout timing summary: env_steps=947212 infer_calls=237687 feedback_calls=237686 infer_wait=9077.252s infer_obs_pack=9.903s env_step=6075.874s feedback_total=42.514s feedback_obs_pack=13.752s feedback_info_pack=0.732s effective_fps=62.29
2026-09-28 15:32:58.729 | INFO     | plugrl_env_client.runner.rollout:log_timing_summary:98 - Intermediate rollout timing summary: env_steps=947218 infer_calls=237689 feedback_calls=237688 infer_wait=9107.439s infer_obs_pack=10.108s env_step=6045.096s feedback_total=43.084s feedback_obs_pack=14.076s feedback_info_pack=0.805s effective_fps=62.29
2026-09-28 15:33:28.714 | INFO     | plugrl_env_client.runner.rollout:log_timing_summary:98 - Intermediate rollout timing summary: env_steps=950533 infer_calls=238513 feedback_calls=238512 infer_wait=9101.624s infer_obs_pack=9.977s env_step=6079.590s feedback_total=43.164s feedback_obs_pack=13.991s feedback_info_pack=0.756s effective_fps=62.39
2026-09-28 15:33:28.730 | INFO     | plugrl_env_client.runner.rollout:log_timing_summary:98 - Intermediate rollout timing summary: env_steps=950509 infer_calls=238515 feedback_calls=238515 infer_wait=9116.099s infer_obs_pack=10.142s env_step=6066.122s feedback_total=43.238s feedback_obs_pack=14.128s feedback_info_pack=0.808s effective_fps=62.39
2026-09-28 15:33:28.733 | INFO     | plugrl_env_client.runner.rollout:log_timing_summary:98 - Intermediate rollout timing summary: env_steps=950510 infer_calls=238513 feedback_calls=238513 infer_wait=9085.720s infer_obs_pack=9.937s env_step=6097.104s feedback_total=42.661s feedback_obs_pack=13.798s feedback_info_pack=0.735s effective_fps=62.39
2026-09-28 15:33:58.714 | INFO     | plugrl_env_client.runner.rollout:log_timing_summary:98 - Intermediate rollout timing summary: env_steps=953855 infer_calls=239347 feedback_calls=239347 infer_wait=9110.292s infer_obs_pack=10.012s env_step=6100.617s feedback_total=43.309s feedback_obs_pack=14.038s feedback_info_pack=0.759s effective_fps=62.49
2026-09-28 15:33:58.734 | INFO     | plugrl_env_client.runner.rollout:log_timing_summary:98 - Intermediate rollout timing summary: env_steps=953839 infer_calls=239348 feedback_calls=239347 infer_wait=9094.027s infer_obs_pack=9.972s env_step=6118.494s feedback_total=42.806s feedback_obs_pack=13.847s feedback_info_pack=0.737s effective_fps=62.48
2026-09-28 15:33:58.735 | INFO     | plugrl_env_client.runner.rollout:log_timing_summary:98 - Intermediate rollout timing summary: env_steps=953837 infer_calls=239350 feedback_calls=239349 infer_wait=9124.623s infer_obs_pack=10.178s env_step=6087.296s feedback_total=43.382s feedback_obs_pack=14.177s feedback_info_pack=0.811s effective_fps=62.48
2026-09-28 15:36:16.697 | INFO     | plugrl_env_client.runner.rollout:log_timing_summary:98 - Intermediate rollout timing summary: env_steps=956442 infer_calls=240002 feedback_calls=240001 infer_wait=9215.224s infer_obs_pack=9.999s env_step=6135.016s feedback_total=42.921s feedback_obs_pack=13.884s feedback_info_pack=0.739s effective_fps=62.09
2026-09-28 15:36:16.704 | INFO     | plugrl_env_client.runner.rollout:log_timing_summary:98 - Intermediate rollout timing summary: env_steps=956438 infer_calls=240004 feedback_calls=240003 infer_wait=9246.058s infer_obs_pack=10.205s env_step=6103.588s feedback_total=43.499s feedback_obs_pack=14.216s feedback_info_pack=0.813s effective_fps=62.09
2026-09-28 15:36:16.707 | INFO     | plugrl_env_client.runner.rollout:log_timing_summary:98 - Intermediate rollout timing summary: env_steps=956467 infer_calls=240002 feedback_calls=240001 infer_wait=9231.513s infer_obs_pack=10.040s env_step=6117.143s feedback_total=43.427s feedback_obs_pack=14.076s feedback_info_pack=0.761s effective_fps=62.10
2026-09-28 15:36:46.698 | INFO     | plugrl_env_client.runner.rollout:log_timing_summary:98 - Intermediate rollout timing summary: env_steps=959839 infer_calls=240853 feedback_calls=240852 infer_wait=9223.278s infer_obs_pack=10.034s env_step=6156.641s feedback_total=43.081s feedback_obs_pack=13.932s feedback_info_pack=0.742s effective_fps=62.19
2026-09-28 15:36:46.706 | INFO     | plugrl_env_client.runner.rollout:log_timing_summary:98 - Intermediate rollout timing summary: env_steps=959834 infer_calls=240855 feedback_calls=240855 infer_wait=9254.404s infer_obs_pack=10.241s env_step=6124.928s feedback_total=43.656s feedback_obs_pack=14.268s feedback_info_pack=0.816s effective_fps=62.19
2026-09-28 15:36:46.708 | INFO     | plugrl_env_client.runner.rollout:log_timing_summary:98 - Intermediate rollout timing summary: env_steps=959863 infer_calls=240853 feedback_calls=240853 infer_wait=9239.694s infer_obs_pack=10.076s env_step=6138.641s feedback_total=43.580s feedback_obs_pack=14.125s feedback_info_pack=0.763s effective_fps=62.20
2026-09-28 15:37:16.709 | INFO     | plugrl_env_client.runner.rollout:log_timing_summary:98 - Intermediate rollout timing summary: env_steps=963109 infer_calls=241674 feedback_calls=241673 infer_wait=9231.436s infer_obs_pack=10.068s env_step=6178.182s feedback_total=43.228s feedback_obs_pack=13.982s feedback_info_pack=0.744s effective_fps=62.29
2026-09-28 15:37:16.710 | INFO     | plugrl_env_client.runner.rollout:log_timing_summary:98 - Intermediate rollout timing summary: env_steps=963096 infer_calls=241676 feedback_calls=241675 infer_wait=9263.168s infer_obs_pack=10.279s env_step=6145.852s feedback_total=43.810s feedback_obs_pack=14.322s feedback_info_pack=0.818s effective_fps=62.28
2026-09-28 15:37:16.711 | INFO     | plugrl_env_client.runner.rollout:log_timing_summary:98 - Intermediate rollout timing summary: env_steps=963139 infer_calls=241674 feedback_calls=241673 infer_wait=9248.434s infer_obs_pack=10.110s env_step=6159.594s feedback_total=43.733s feedback_obs_pack=14.176s feedback_info_pack=0.766s effective_fps=62.29
2026-09-28 15:37:46.713 | INFO     | plugrl_env_client.runner.rollout:log_timing_summary:98 - Intermediate rollout timing summary: env_steps=966419 infer_calls=242504 feedback_calls=242503 infer_wait=9239.732s infer_obs_pack=10.103s env_step=6199.585s feedback_total=43.371s feedback_obs_pack=14.029s feedback_info_pack=0.747s effective_fps=62.38
2026-09-28 15:37:46.713 | INFO     | plugrl_env_client.runner.rollout:log_timing_summary:98 - Intermediate rollout timing summary: env_steps=966441 infer_calls=242504 feedback_calls=242503 infer_wait=9256.909s infer_obs_pack=10.144s env_step=6180.813s feedback_total=43.879s feedback_obs_pack=14.225s feedback_info_pack=0.769s effective_fps=62.38
2026-09-28 15:37:46.713 | INFO     | plugrl_env_client.runner.rollout:log_timing_summary:98 - Intermediate rollout timing summary: env_steps=966404 infer_calls=242506 feedback_calls=242505 infer_wait=9271.820s infer_obs_pack=10.314s env_step=6166.899s feedback_total=43.953s feedback_obs_pack=14.370s feedback_info_pack=0.821s effective_fps=62.38
2026-09-28 15:38:16.716 | INFO     | plugrl_env_client.runner.rollout:log_timing_summary:98 - Intermediate rollout timing summary: env_steps=969683 infer_calls=243317 feedback_calls=243317 infer_wait=9265.949s infer_obs_pack=10.179s env_step=6201.460s feedback_total=44.034s feedback_obs_pack=14.275s feedback_info_pack=0.771s effective_fps=62.47
2026-09-28 15:38:16.728 | INFO     | plugrl_env_client.runner.rollout:log_timing_summary:98 - Intermediate rollout timing summary: env_steps=969658 infer_calls=243318 feedback_calls=243317 infer_wait=9247.776s infer_obs_pack=10.140s env_step=6221.256s feedback_total=43.513s feedback_obs_pack=14.077s feedback_info_pack=0.750s effective_fps=62.47
2026-09-28 15:38:16.732 | INFO     | plugrl_env_client.runner.rollout:log_timing_summary:98 - Intermediate rollout timing summary: env_steps=969639 infer_calls=243320 feedback_calls=243319 infer_wait=9280.994s infer_obs_pack=10.349s env_step=6187.432s feedback_total=44.099s feedback_obs_pack=14.421s feedback_info_pack=0.824s effective_fps=62.47
2026-09-28 15:40:35.307 | INFO     | plugrl_env_client.runner.rollout:log_timing_summary:98 - Intermediate rollout timing summary: env_steps=972413 infer_calls=244002 feedback_calls=244001 infer_wait=9386.921s infer_obs_pack=10.209s env_step=6218.816s feedback_total=44.157s feedback_obs_pack=14.319s feedback_info_pack=0.773s effective_fps=62.09
2026-09-28 15:40:35.307 | INFO     | plugrl_env_client.runner.rollout:log_timing_summary:98 - Intermediate rollout timing summary: env_steps=972358 infer_calls=244004 feedback_calls=244003 infer_wait=9402.386s infer_obs_pack=10.378s env_step=6204.360s feedback_total=44.219s feedback_obs_pack=14.460s feedback_info_pack=0.826s effective_fps=62.09
2026-09-28 15:40:35.308 | INFO     | plugrl_env_client.runner.rollout:log_timing_summary:98 - Intermediate rollout timing summary: env_steps=972383 infer_calls=244002 feedback_calls=244001 infer_wait=9368.782s infer_obs_pack=10.169s env_step=6238.578s feedback_total=43.635s feedback_obs_pack=14.116s feedback_info_pack=0.752s effective_fps=62.09
2026-09-28 15:41:05.310 | INFO     | plugrl_env_client.runner.rollout:log_timing_summary:98 - Intermediate rollout timing summary: env_steps=975768 infer_calls=244851 feedback_calls=244850 infer_wait=9376.762s infer_obs_pack=10.205s env_step=6260.279s feedback_total=43.795s feedback_obs_pack=14.165s feedback_info_pack=0.754s effective_fps=62.19
2026-09-28 15:41:05.312 | INFO     | plugrl_env_client.runner.rollout:log_timing_summary:98 - Intermediate rollout timing summary: env_steps=975751 infer_calls=244853 feedback_calls=244852 infer_wait=9410.256s infer_obs_pack=10.415s env_step=6226.176s feedback_total=44.380s feedback_obs_pack=14.510s feedback_info_pack=0.829s effective_fps=62.18
2026-09-28 15:41:05.313 | INFO     | plugrl_env_client.runner.rollout:log_timing_summary:98 - Intermediate rollout timing summary: env_steps=975803 infer_calls=244851 feedback_calls=244850 infer_wait=9395.218s infer_obs_pack=10.244s env_step=6240.204s feedback_total=44.309s feedback_obs_pack=14.368s feedback_info_pack=0.776s effective_fps=62.19
2026-09-28 15:41:35.320 | INFO     | plugrl_env_client.runner.rollout:log_timing_summary:98 - Intermediate rollout timing summary: env_steps=979063 infer_calls=245683 feedback_calls=245682 infer_wait=9418.940s infer_obs_pack=10.450s env_step=6247.197s feedback_total=44.526s feedback_obs_pack=14.558s feedback_info_pack=0.832s effective_fps=62.28
2026-09-28 15:41:35.320 | INFO     | plugrl_env_client.runner.rollout:log_timing_summary:98 - Intermediate rollout timing summary: env_steps=979071 infer_calls=245681 feedback_calls=245680 infer_wait=9385.108s infer_obs_pack=10.239s env_step=6281.638s feedback_total=43.942s feedback_obs_pack=14.213s feedback_info_pack=0.757s effective_fps=62.28
2026-09-28 15:41:35.320 | INFO     | plugrl_env_client.runner.rollout:log_timing_summary:98 - Intermediate rollout timing summary: env_steps=979110 infer_calls=245681 feedback_calls=245680 infer_wait=9403.660s infer_obs_pack=10.279s env_step=6261.460s feedback_total=44.459s feedback_obs_pack=14.416s feedback_info_pack=0.779s effective_fps=62.28
2026-09-28 15:42:05.321 | INFO     | plugrl_env_client.runner.rollout:log_timing_summary:98 - Intermediate rollout timing summary: env_steps=982364 infer_calls=246511 feedback_calls=246510 infer_wait=9427.554s infer_obs_pack=10.485s env_step=6268.278s feedback_total=44.675s feedback_obs_pack=14.607s feedback_info_pack=0.835s effective_fps=62.37
2026-09-28 15:42:05.322 | INFO     | plugrl_env_client.runner.rollout:log_timing_summary:98 - Intermediate rollout timing summary: env_steps=982406 infer_calls=246509 feedback_calls=246508 infer_wait=9412.319s infer_obs_pack=10.313s env_step=6282.493s feedback_total=44.602s feedback_obs_pack=14.464s feedback_info_pack=0.782s effective_fps=62.38
2026-09-28 15:42:05.328 | INFO     | plugrl_env_client.runner.rollout:log_timing_summary:98 - Intermediate rollout timing summary: env_steps=982372 infer_calls=246509 feedback_calls=246508 infer_wait=9393.635s infer_obs_pack=10.273s env_step=6302.817s feedback_total=44.085s feedback_obs_pack=14.260s feedback_info_pack=0.759s effective_fps=62.37
2026-09-28 15:42:35.322 | INFO     | plugrl_env_client.runner.rollout:log_timing_summary:98 - Intermediate rollout timing summary: env_steps=985673 infer_calls=247340 feedback_calls=247340 infer_wait=9436.176s infer_obs_pack=10.520s env_step=6289.351s feedback_total=44.822s feedback_obs_pack=14.655s feedback_info_pack=0.838s effective_fps=62.46
2026-09-28 15:42:35.335 | INFO     | plugrl_env_client.runner.rollout:log_timing_summary:98 - Intermediate rollout timing summary: env_steps=985711 infer_calls=247339 feedback_calls=247338 infer_wait=9420.939s infer_obs_pack=10.349s env_step=6303.572s feedback_total=44.750s feedback_obs_pack=14.511s feedback_info_pack=0.784s effective_fps=62.47
2026-09-28 15:42:35.342 | INFO     | plugrl_env_client.runner.rollout:log_timing_summary:98 - Intermediate rollout timing summary: env_steps=985679 infer_calls=247339 feedback_calls=247338 infer_wait=9401.970s infer_obs_pack=10.307s env_step=6324.191s feedback_total=44.232s feedback_obs_pack=14.307s feedback_info_pack=0.762s effective_fps=62.46
2026-09-28 15:44:52.287 | INFO     | plugrl_env_client.runner.rollout:log_timing_summary:98 - Intermediate rollout timing summary: env_steps=988326 infer_calls=248002 feedback_calls=248001 infer_wait=9521.803s infer_obs_pack=10.334s env_step=6341.065s feedback_total=44.348s feedback_obs_pack=14.345s feedback_info_pack=0.764s effective_fps=62.09
2026-09-28 15:44:52.287 | INFO     | plugrl_env_client.runner.rollout:log_timing_summary:98 - Intermediate rollout timing summary: env_steps=988356 infer_calls=248002 feedback_calls=248001 infer_wait=9540.549s infer_obs_pack=10.376s env_step=6320.668s feedback_total=44.867s feedback_obs_pack=14.550s feedback_info_pack=0.786s effective_fps=62.10
2026-09-28 15:44:52.292 | INFO     | plugrl_env_client.runner.rollout:log_timing_summary:98 - Intermediate rollout timing summary: env_steps=988318 infer_calls=248004 feedback_calls=248003 infer_wait=9555.932s infer_obs_pack=10.547s env_step=6306.328s feedback_total=44.935s feedback_obs_pack=14.693s feedback_info_pack=0.840s effective_fps=62.09
2026-09-28 15:45:22.292 | INFO     | plugrl_env_client.runner.rollout:log_timing_summary:98 - Intermediate rollout timing summary: env_steps=991704 infer_calls=248848 feedback_calls=248847 infer_wait=9529.940s infer_obs_pack=10.369s env_step=6362.615s feedback_total=44.500s feedback_obs_pack=14.394s feedback_info_pack=0.767s effective_fps=62.19
2026-09-28 15:45:22.293 | INFO     | plugrl_env_client.runner.rollout:log_timing_summary:98 - Intermediate rollout timing summary: env_steps=991735 infer_calls=248848 feedback_calls=248847 infer_wait=9548.897s infer_obs_pack=10.412s env_step=6342.001s feedback_total=45.023s feedback_obs_pack=14.600s feedback_info_pack=0.789s effective_fps=62.19
2026-09-28 15:45:22.294 | INFO     | plugrl_env_client.runner.rollout:log_timing_summary:98 - Intermediate rollout timing summary: env_steps=991694 infer_calls=248850 feedback_calls=248849 infer_wait=9564.002s infer_obs_pack=10.583s env_step=6327.938s feedback_total=45.093s feedback_obs_pack=14.743s feedback_info_pack=0.843s effective_fps=62.18
2026-09-28 15:45:52.294 | INFO     | plugrl_env_client.runner.rollout:log_timing_summary:98 - Intermediate rollout timing summary: env_steps=995033 infer_calls=249676 feedback_calls=249675 infer_wait=9557.406s infer_obs_pack=10.446s env_step=6363.181s feedback_total=45.169s feedback_obs_pack=14.649s feedback_info_pack=0.792s effective_fps=62.28
2026-09-28 15:45:52.294 | INFO     | plugrl_env_client.runner.rollout:log_timing_summary:98 - Intermediate rollout timing summary: env_steps=994994 infer_calls=249678 feedback_calls=249677 infer_wait=9572.565s infer_obs_pack=10.618s env_step=6349.067s feedback_total=45.239s feedback_obs_pack=14.793s feedback_info_pack=0.846s effective_fps=62.27
2026-09-28 15:45:52.295 | INFO     | plugrl_env_client.runner.rollout:log_timing_summary:98 - Intermediate rollout timing summary: env_steps=994996 infer_calls=249676 feedback_calls=249675 infer_wait=9538.530s infer_obs_pack=10.404s env_step=6383.721s feedback_total=44.645s feedback_obs_pack=14.442s feedback_info_pack=0.770s effective_fps=62.28
2026-09-28 15:46:22.296 | INFO     | plugrl_env_client.runner.rollout:log_timing_summary:98 - Intermediate rollout timing summary: env_steps=998275 infer_calls=250490 feedback_calls=250489 infer_wait=9566.089s infer_obs_pack=10.541s env_step=6384.135s feedback_total=45.313s feedback_obs_pack=14.697s feedback_info_pack=0.794s effective_fps=62.37
2026-09-28 15:46:22.298 | INFO     | plugrl_env_client.runner.rollout:log_timing_summary:98 - Intermediate rollout timing summary: env_steps=998243 infer_calls=250492 feedback_calls=250491 infer_wait=9580.966s infer_obs_pack=10.653s env_step=6370.367s feedback_total=45.385s feedback_obs_pack=14.843s feedback_info_pack=0.848s effective_fps=62.36
2026-09-28 15:46:22.300 | INFO     | plugrl_env_client.runner.rollout:log_timing_summary:98 - Intermediate rollout timing summary: env_steps=998238 infer_calls=250490 feedback_calls=250489 infer_wait=9547.420s infer_obs_pack=10.438s env_step=6404.522s feedback_total=44.790s feedback_obs_pack=14.489s feedback_info_pack=0.772s effective_fps=62.36
2026-09-28 15:46:52.298 | INFO     | plugrl_env_client.runner.rollout:log_timing_summary:98 - Intermediate rollout timing summary: env_steps=1001527 infer_calls=251315 feedback_calls=251314 infer_wait=9589.734s infer_obs_pack=10.687s env_step=6391.302s feedback_total=45.530s feedback_obs_pack=14.891s feedback_info_pack=0.851s effective_fps=62.45
2026-09-28 15:46:52.300 | INFO     | plugrl_env_client.runner.rollout:log_timing_summary:98 - Intermediate rollout timing summary: env_steps=1001557 infer_calls=251313 feedback_calls=251312 infer_wait=9574.660s infer_obs_pack=10.576s env_step=6405.262s feedback_total=45.454s feedback_obs_pack=14.745s feedback_info_pack=0.797s effective_fps=62.46
2026-09-28 15:46:52.301 | INFO     | plugrl_env_client.runner.rollout:log_timing_summary:98 - Intermediate rollout timing summary: env_steps=1001516 infer_calls=251313 feedback_calls=251312 infer_wait=9555.969s infer_obs_pack=10.472s env_step=6425.672s feedback_total=44.935s feedback_obs_pack=14.536s feedback_info_pack=0.775s effective_fps=62.45
2026-09-28 15:49:10.696 | INFO     | plugrl_env_client.runner.rollout:log_timing_summary:98 - Intermediate rollout timing summary: env_steps=1004261 infer_calls=252002 feedback_calls=252001 infer_wait=9676.336s infer_obs_pack=10.502s env_step=6443.442s feedback_total=45.054s feedback_obs_pack=14.575s feedback_info_pack=0.777s effective_fps=62.09
2026-09-28 15:49:10.696 | INFO     | plugrl_env_client.runner.rollout:log_timing_summary:98 - Intermediate rollout timing summary: env_steps=1004299 infer_calls=252002 feedback_calls=252001 infer_wait=9695.375s infer_obs_pack=10.605s env_step=6422.686s feedback_total=45.573s feedback_obs_pack=14.784s feedback_info_pack=0.799s effective_fps=62.09
2026-09-28 15:49:10.697 | INFO     | plugrl_env_client.runner.rollout:log_timing_summary:98 - Intermediate rollout timing summary: env_steps=1004273 infer_calls=252004 feedback_calls=252003 infer_wait=9710.234s infer_obs_pack=10.716s env_step=6408.943s feedback_total=45.650s feedback_obs_pack=14.931s feedback_info_pack=0.853s effective_fps=62.09
2026-09-28 15:49:40.704 | INFO     | plugrl_env_client.runner.rollout:log_timing_summary:98 - Intermediate rollout timing summary: env_steps=1007592 infer_calls=252839 feedback_calls=252838 infer_wait=9684.712s infer_obs_pack=10.537s env_step=6464.754s feedback_total=45.207s feedback_obs_pack=14.625s feedback_info_pack=0.780s effective_fps=62.18
2026-09-28 15:49:40.705 | INFO     | plugrl_env_client.runner.rollout:log_timing_summary:98 - Intermediate rollout timing summary: env_steps=1007630 infer_calls=252839 feedback_calls=252838 infer_wait=9703.757s infer_obs_pack=10.639s env_step=6443.989s feedback_total=45.724s feedback_obs_pack=14.833s feedback_info_pack=0.802s effective_fps=62.18
2026-09-28 15:49:40.705 | INFO     | plugrl_env_client.runner.rollout:log_timing_summary:98 - Intermediate rollout timing summary: env_steps=1007614 infer_calls=252841 feedback_calls=252840 infer_wait=9718.279s infer_obs_pack=10.751s env_step=6430.597s feedback_total=45.802s feedback_obs_pack=14.982s feedback_info_pack=0.856s effective_fps=62.18
2026-09-28 15:50:10.708 | INFO     | plugrl_env_client.runner.rollout:log_timing_summary:98 - Intermediate rollout timing summary: env_steps=1010857 infer_calls=253660 feedback_calls=253659 infer_wait=9693.215s infer_obs_pack=10.572s env_step=6485.944s feedback_total=45.352s feedback_obs_pack=14.672s feedback_info_pack=0.782s effective_fps=62.26
2026-09-28 15:50:10.709 | INFO     | plugrl_env_client.runner.rollout:log_timing_summary:98 - Intermediate rollout timing summary: env_steps=1010912 infer_calls=253660 feedback_calls=253660 infer_wait=9712.015s infer_obs_pack=10.674s env_step=6465.429s feedback_total=45.871s feedback_obs_pack=14.881s feedback_info_pack=0.804s effective_fps=62.27
2026-09-28 15:50:10.709 | INFO     | plugrl_env_client.runner.rollout:log_timing_summary:98 - Intermediate rollout timing summary: env_steps=1010888 infer_calls=253662 feedback_calls=253661 infer_wait=9726.834s infer_obs_pack=10.786s env_step=6451.740s feedback_total=45.950s feedback_obs_pack=15.033s feedback_info_pack=0.859s effective_fps=62.26
2026-09-28 15:50:40.712 | INFO     | plugrl_env_client.runner.rollout:log_timing_summary:98 - Intermediate rollout timing summary: env_steps=1014082 infer_calls=254471 feedback_calls=254470 infer_wait=9701.909s infer_obs_pack=10.606s env_step=6506.955s feedback_total=45.494s feedback_obs_pack=14.719s feedback_info_pack=0.785s effective_fps=62.35
2026-09-28 15:50:40.713 | INFO     | plugrl_env_client.runner.rollout:log_timing_summary:98 - Intermediate rollout timing summary: env_steps=1014142 infer_calls=254471 feedback_calls=254470 infer_wait=9720.862s infer_obs_pack=10.708s env_step=6486.274s feedback_total=46.017s feedback_obs_pack=14.931s feedback_info_pack=0.807s effective_fps=62.36
2026-09-28 15:50:40.715 | INFO     | plugrl_env_client.runner.rollout:log_timing_summary:98 - Intermediate rollout timing summary: env_steps=1014117 infer_calls=254473 feedback_calls=254472 infer_wait=9735.014s infer_obs_pack=10.823s env_step=6473.267s feedback_total=46.093s feedback_obs_pack=15.081s feedback_info_pack=0.862s effective_fps=62.35
2026-09-28 15:51:10.722 | INFO     | plugrl_env_client.runner.rollout:log_timing_summary:98 - Intermediate rollout timing summary: env_steps=1017418 infer_calls=255301 feedback_calls=255300 infer_wait=9743.540s infer_obs_pack=10.859s env_step=6494.433s feedback_total=46.238s feedback_obs_pack=15.128s feedback_info_pack=0.864s effective_fps=62.44
2026-09-28 15:51:10.722 | INFO     | plugrl_env_client.runner.rollout:log_timing_summary:98 - Intermediate rollout timing summary: env_steps=1017443 infer_calls=255299 feedback_calls=255298 infer_wait=9729.295s infer_obs_pack=10.742s env_step=6507.540s feedback_total=46.166s feedback_obs_pack=14.979s feedback_info_pack=0.810s effective_fps=62.44
2026-09-28 15:51:10.725 | INFO     | plugrl_env_client.runner.rollout:log_timing_summary:98 - Intermediate rollout timing summary: env_steps=1017379 infer_calls=255299 feedback_calls=255298 infer_wait=9710.495s infer_obs_pack=10.640s env_step=6528.077s feedback_total=45.641s feedback_obs_pack=14.767s feedback_info_pack=0.787s effective_fps=62.44
2026-09-28 15:53:30.290 | INFO     | plugrl_env_client.runner.rollout:log_timing_summary:98 - Intermediate rollout timing summary: env_steps=1020216 infer_calls=256004 feedback_calls=256003 infer_wait=9864.917s infer_obs_pack=10.889s env_step=6512.352s feedback_total=46.363s feedback_obs_pack=15.170s feedback_info_pack=0.867s effective_fps=62.08
2026-09-28 15:53:30.297 | INFO     | plugrl_env_client.runner.rollout:log_timing_summary:98 - Intermediate rollout timing summary: env_steps=1020186 infer_calls=256002 feedback_calls=256001 infer_wait=9831.695s infer_obs_pack=10.671s env_step=6546.192s feedback_total=45.765s feedback_obs_pack=14.808s feedback_info_pack=0.790s effective_fps=62.08
2026-09-28 15:53:30.301 | INFO     | plugrl_env_client.runner.rollout:log_timing_summary:98 - Intermediate rollout timing summary: env_steps=1020234 infer_calls=256002 feedback_calls=256001 infer_wait=9850.958s infer_obs_pack=10.772s env_step=6525.182s feedback_total=46.292s feedback_obs_pack=15.020s feedback_info_pack=0.812s effective_fps=62.08
2026-09-28 15:54:00.294 | INFO     | plugrl_env_client.runner.rollout:log_timing_summary:98 - Intermediate rollout timing summary: env_steps=1023639 infer_calls=256865 feedback_calls=256864 infer_wait=9873.443s infer_obs_pack=10.925s env_step=6533.500s feedback_total=46.519s feedback_obs_pack=15.221s feedback_info_pack=0.870s effective_fps=62.17
2026-09-28 15:54:00.299 | INFO     | plugrl_env_client.runner.rollout:log_timing_summary:98 - Intermediate rollout timing summary: env_steps=1023616 infer_calls=256863 feedback_calls=256862 infer_wait=9839.863s infer_obs_pack=10.706s env_step=6567.707s feedback_total=45.921s feedback_obs_pack=14.857s feedback_info_pack=0.792s effective_fps=62.17
2026-09-28 15:54:00.320 | INFO     | plugrl_env_client.runner.rollout:log_timing_summary:98 - Intermediate rollout timing summary: env_steps=1023667 infer_calls=256864 feedback_calls=256863 infer_wait=9858.929s infer_obs_pack=10.807s env_step=6546.902s feedback_total=46.448s feedback_obs_pack=15.069s feedback_info_pack=0.815s effective_fps=62.18
2026-09-28 15:54:30.307 | INFO     | plugrl_env_client.runner.rollout:log_timing_summary:98 - Intermediate rollout timing summary: env_steps=1026922 infer_calls=257689 feedback_calls=257688 infer_wait=9882.197s infer_obs_pack=10.961s env_step=6554.449s feedback_total=46.666s feedback_obs_pack=15.269s feedback_info_pack=0.872s effective_fps=62.26
2026-09-28 15:54:30.309 | INFO     | plugrl_env_client.runner.rollout:log_timing_summary:98 - Intermediate rollout timing summary: env_steps=1026892 infer_calls=257687 feedback_calls=257686 infer_wait=9848.759s infer_obs_pack=10.740s env_step=6588.507s feedback_total=46.072s feedback_obs_pack=14.908s feedback_info_pack=0.795s effective_fps=62.26
2026-09-28 15:54:30.321 | INFO     | plugrl_env_client.runner.rollout:log_timing_summary:98 - Intermediate rollout timing summary: env_steps=1026954 infer_calls=257687 feedback_calls=257686 infer_wait=9867.178s infer_obs_pack=10.842s env_step=6568.351s feedback_total=46.593s feedback_obs_pack=15.117s feedback_info_pack=0.817s effective_fps=62.27
2026-09-28 15:55:00.310 | INFO     | plugrl_env_client.runner.rollout:log_timing_summary:98 - Intermediate rollout timing summary: env_steps=1030125 infer_calls=258497 feedback_calls=258497 infer_wait=9857.813s infer_obs_pack=10.775s env_step=6609.152s feedback_total=46.216s feedback_obs_pack=14.955s feedback_info_pack=0.797s effective_fps=62.34
2026-09-28 15:55:00.313 | INFO     | plugrl_env_client.runner.rollout:log_timing_summary:98 - Intermediate rollout timing summary: env_steps=1030152 infer_calls=258499 feedback_calls=258498 infer_wait=9890.368s infer_obs_pack=10.996s env_step=6575.982s feedback_total=46.810s feedback_obs_pack=15.317s feedback_info_pack=0.875s effective_fps=62.34
2026-09-28 15:55:00.335 | INFO     | plugrl_env_client.runner.rollout:log_timing_summary:98 - Intermediate rollout timing summary: env_steps=1030179 infer_calls=258498 feedback_calls=258497 infer_wait=9875.957s infer_obs_pack=10.876s env_step=6589.275s feedback_total=46.742s feedback_obs_pack=15.168s feedback_info_pack=0.820s effective_fps=62.35
2026-09-28 15:55:30.312 | INFO     | plugrl_env_client.runner.rollout:log_timing_summary:98 - Intermediate rollout timing summary: env_steps=1033405 infer_calls=259318 feedback_calls=259317 infer_wait=9866.399s infer_obs_pack=10.809s env_step=6630.257s feedback_total=46.370s feedback_obs_pack=15.006s feedback_info_pack=0.800s effective_fps=62.43
2026-09-28 15:55:30.316 | INFO     | plugrl_env_client.runner.rollout:log_timing_summary:98 - Intermediate rollout timing summary: env_steps=1033427 infer_calls=259320 feedback_calls=259319 infer_wait=9898.721s infer_obs_pack=11.090s env_step=6597.268s feedback_total=46.955s feedback_obs_pack=15.365s feedback_info_pack=0.878s effective_fps=62.43
2026-09-28 15:55:30.336 | INFO     | plugrl_env_client.runner.rollout:log_timing_summary:98 - Intermediate rollout timing summary: env_steps=1033451 infer_calls=259319 feedback_calls=259318 infer_wait=9884.650s infer_obs_pack=10.910s env_step=6610.278s feedback_total=46.887s feedback_obs_pack=15.218s feedback_info_pack=0.823s effective_fps=62.43
2026-09-28 15:57:48.734 | INFO     | plugrl_env_client.runner.rollout:log_timing_summary:98 - Intermediate rollout timing summary: env_steps=1036175 infer_calls=260002 feedback_calls=260001 infer_wait=10005.552s infer_obs_pack=10.938s env_step=6627.522s feedback_total=47.005s feedback_obs_pack=15.258s feedback_info_pack=0.825s effective_fps=62.08
2026-09-28 15:57:48.735 | INFO     | plugrl_env_client.runner.rollout:log_timing_summary:98 - Intermediate rollout timing summary: env_steps=1036134 infer_calls=260002 feedback_calls=260001 infer_wait=9986.995s infer_obs_pack=10.838s env_step=6647.827s feedback_total=46.493s feedback_obs_pack=15.046s feedback_info_pack=0.802s effective_fps=62.07
2026-09-28 15:57:48.740 | INFO     | plugrl_env_client.runner.rollout:log_timing_summary:98 - Intermediate rollout timing summary: env_steps=1036149 infer_calls=260004 feedback_calls=260003 infer_wait=10019.428s infer_obs_pack=11.118s env_step=6614.732s feedback_total=47.076s feedback_obs_pack=15.405s feedback_info_pack=0.880s effective_fps=62.07
2026-09-28 15:58:18.737 | INFO     | plugrl_env_client.runner.rollout:log_timing_summary:98 - Intermediate rollout timing summary: env_steps=1039539 infer_calls=260845 feedback_calls=260844 infer_wait=10013.724s infer_obs_pack=10.974s env_step=6649.030s feedback_total=47.158s feedback_obs_pack=15.311s feedback_info_pack=0.828s effective_fps=62.17
2026-09-28 15:58:18.738 | INFO     | plugrl_env_client.runner.rollout:log_timing_summary:98 - Intermediate rollout timing summary: env_steps=1039496 infer_calls=260845 feedback_calls=260844 infer_wait=9995.007s infer_obs_pack=10.933s env_step=6669.429s feedback_total=46.653s feedback_obs_pack=15.097s feedback_info_pack=0.805s effective_fps=62.16
2026-09-28 15:58:18.741 | INFO     | plugrl_env_client.runner.rollout:log_timing_summary:98 - Intermediate rollout timing summary: env_steps=1039515 infer_calls=260847 feedback_calls=260846 infer_wait=10027.656s infer_obs_pack=11.154s env_step=6636.185s feedback_total=47.229s feedback_obs_pack=15.457s feedback_info_pack=0.883s effective_fps=62.16
2026-09-28 15:58:48.741 | INFO     | plugrl_env_client.runner.rollout:log_timing_summary:98 - Intermediate rollout timing summary: env_steps=1042704 infer_calls=261653 feedback_calls=261652 infer_wait=10003.950s infer_obs_pack=10.968s env_step=6690.179s feedback_total=46.791s feedback_obs_pack=15.143s feedback_info_pack=0.807s effective_fps=62.24
2026-09-28 15:58:48.744 | INFO     | plugrl_env_client.runner.rollout:log_timing_summary:98 - Intermediate rollout timing summary: env_steps=1042766 infer_calls=261653 feedback_calls=261652 infer_wait=10022.331s infer_obs_pack=11.008s env_step=6670.124s feedback_total=47.302s feedback_obs_pack=15.358s feedback_info_pack=0.830s effective_fps=62.25
2026-09-28 15:58:48.746 | INFO     | plugrl_env_client.runner.rollout:log_timing_summary:98 - Intermediate rollout timing summary: env_steps=1042737 infer_calls=261655 feedback_calls=261654 infer_wait=10035.941s infer_obs_pack=11.189s env_step=6657.597s feedback_total=47.374s feedback_obs_pack=15.505s feedback_info_pack=0.886s effective_fps=62.25
2026-09-28 15:59:18.742 | INFO     | plugrl_env_client.runner.rollout:log_timing_summary:98 - Intermediate rollout timing summary: env_steps=1045904 infer_calls=262456 feedback_calls=262455 infer_wait=10012.592s infer_obs_pack=11.001s env_step=6711.231s feedback_total=46.932s feedback_obs_pack=15.192s feedback_info_pack=0.810s effective_fps=62.32
2026-09-28 15:59:18.748 | INFO     | plugrl_env_client.runner.rollout:log_timing_summary:98 - Intermediate rollout timing summary: env_steps=1045941 infer_calls=262458 feedback_calls=262458 infer_wait=10044.347s infer_obs_pack=11.222s env_step=6678.894s feedback_total=47.518s feedback_obs_pack=15.554s feedback_info_pack=0.888s effective_fps=62.33
2026-09-28 15:59:18.749 | INFO     | plugrl_env_client.runner.rollout:log_timing_summary:98 - Intermediate rollout timing summary: env_steps=1045974 infer_calls=262456 feedback_calls=262455 infer_wait=10031.151s infer_obs_pack=11.042s env_step=6691.004s feedback_total=47.442s feedback_obs_pack=15.405s feedback_info_pack=0.833s effective_fps=62.33
2026-09-28 15:59:48.759 | INFO     | plugrl_env_client.runner.rollout:log_timing_summary:98 - Intermediate rollout timing summary: env_steps=1049232 infer_calls=263274 feedback_calls=263273 infer_wait=10039.615s infer_obs_pack=11.076s env_step=6712.236s feedback_total=47.588s feedback_obs_pack=15.453s feedback_info_pack=0.836s effective_fps=62.42
2026-09-28 15:59:48.762 | INFO     | plugrl_env_client.runner.rollout:log_timing_summary:98 - Intermediate rollout timing summary: env_steps=1049166 infer_calls=263274 feedback_calls=263273 infer_wait=10021.182s infer_obs_pack=11.035s env_step=6732.359s feedback_total=47.076s feedback_obs_pack=15.240s feedback_info_pack=0.812s effective_fps=62.41
2026-09-28 15:59:48.764 | INFO     | plugrl_env_client.runner.rollout:log_timing_summary:98 - Intermediate rollout timing summary: env_steps=1049196 infer_calls=263276 feedback_calls=263275 infer_wait=10053.216s infer_obs_pack=11.257s env_step=6699.726s feedback_total=47.665s feedback_obs_pack=15.603s feedback_info_pack=0.891s effective_fps=62.41
2026-09-28 16:00:19.625 | INFO     | plugrl_env_client.runner.rollout:log_timing_summary:98 - Intermediate rollout timing summary: env_steps=1052096 infer_calls=264003 feedback_calls=264002 infer_wait=10064.954s infer_obs_pack=11.288s env_step=6718.575s feedback_total=47.796s feedback_obs_pack=15.648s feedback_info_pack=0.894s effective_fps=62.47
2026-09-28 16:00:19.628 | INFO     | plugrl_env_client.runner.rollout:log_timing_summary:98 - Intermediate rollout timing summary: env_steps=1052062 infer_calls=264001 feedback_calls=264000 infer_wait=10032.870s infer_obs_pack=11.066s env_step=6751.264s feedback_total=47.205s feedback_obs_pack=15.283s feedback_info_pack=0.815s effective_fps=62.47
2026-09-28 16:00:19.632 | INFO     | plugrl_env_client.runner.rollout:log_timing_summary:98 - Intermediate rollout timing summary: env_steps=1052133 infer_calls=264001 feedback_calls=264000 infer_wait=10050.948s infer_obs_pack=11.106s env_step=6731.503s feedback_total=47.716s feedback_obs_pack=15.496s feedback_info_pack=0.838s effective_fps=62.47
2026-09-28 16:02:09.932 | INFO     | plugrl_env_client.runner.rollout:log_timing_summary:98 - Intermediate rollout timing summary: env_steps=1052066 infer_calls=264002 feedback_calls=264001 infer_wait=10143.142s infer_obs_pack=11.066s env_step=6751.296s feedback_total=47.205s feedback_obs_pack=15.283s feedback_info_pack=0.815s effective_fps=62.06
2026-09-28 16:02:09.933 | INFO     | plugrl_env_client.runner.rollout:log_timing_summary:98 - Intermediate rollout timing summary: env_steps=1052099 infer_calls=264004 feedback_calls=264003 infer_wait=10175.239s infer_obs_pack=11.288s env_step=6718.596s feedback_total=47.796s feedback_obs_pack=15.648s feedback_info_pack=0.894s effective_fps=62.06
2026-09-28 16:02:09.938 | INFO     | plugrl_env_client.runner.rollout:log_timing_summary:98 - Intermediate rollout timing summary: env_steps=1052137 infer_calls=264002 feedback_calls=264001 infer_wait=10161.218s infer_obs_pack=11.106s env_step=6731.539s feedback_total=47.716s feedback_obs_pack=15.496s feedback_info_pack=0.838s effective_fps=62.07
2026-09-28 16:02:39.939 | INFO     | plugrl_env_client.runner.rollout:log_timing_summary:98 - Intermediate rollout timing summary: env_steps=1055501 infer_calls=264858 feedback_calls=264857 infer_wait=10183.615s infer_obs_pack=11.324s env_step=6739.898s feedback_total=47.955s feedback_obs_pack=15.700s feedback_info_pack=0.896s effective_fps=62.15
2026-09-28 16:02:39.939 | INFO     | plugrl_env_client.runner.rollout:log_timing_summary:98 - Intermediate rollout timing summary: env_steps=1055480 infer_calls=264856 feedback_calls=264855 infer_wait=10151.116s infer_obs_pack=11.102s env_step=6773.011s feedback_total=47.360s feedback_obs_pack=15.332s feedback_info_pack=0.817s effective_fps=62.15
2026-09-28 16:02:39.942 | INFO     | plugrl_env_client.runner.rollout:log_timing_summary:98 - Intermediate rollout timing summary: env_steps=1055549 infer_calls=264856 feedback_calls=264855 infer_wait=10169.137s infer_obs_pack=11.142s env_step=6753.300s feedback_total=47.873s feedback_obs_pack=15.547s feedback_info_pack=0.841s effective_fps=62.16
2026-09-28 16:03:09.941 | INFO     | plugrl_env_client.runner.rollout:log_timing_summary:98 - Intermediate rollout timing summary: env_steps=1058976 infer_calls=265730 feedback_calls=265729 infer_wait=10191.627s infer_obs_pack=11.362s env_step=6761.569s feedback_total=48.107s feedback_obs_pack=15.750s feedback_info_pack=0.899s effective_fps=62.25
2026-09-28 16:03:09.946 | INFO     | plugrl_env_client.runner.rollout:log_timing_summary:98 - Intermediate rollout timing summary: env_steps=1058955 infer_calls=265728 feedback_calls=265727 infer_wait=10159.340s infer_obs_pack=11.137s env_step=6794.487s feedback_total=47.506s feedback_obs_pack=15.381s feedback_info_pack=0.820s effective_fps=62.25
2026-09-28 16:03:09.947 | INFO     | plugrl_env_client.runner.rollout:log_timing_summary:98 - Intermediate rollout timing summary: env_steps=1059028 infer_calls=265728 feedback_calls=265727 infer_wait=10177.366s infer_obs_pack=11.178s env_step=6774.762s feedback_total=48.022s feedback_obs_pack=15.597s feedback_info_pack=0.844s effective_fps=62.25
2026-09-28 16:03:39.945 | INFO     | plugrl_env_client.runner.rollout:log_timing_summary:98 - Intermediate rollout timing summary: env_steps=1062401 infer_calls=266589 feedback_calls=266588 infer_wait=10200.097s infer_obs_pack=11.398s env_step=6782.791s feedback_total=48.253s feedback_obs_pack=15.800s feedback_info_pack=0.902s effective_fps=62.34
2026-09-28 16:03:39.951 | INFO     | plugrl_env_client.runner.rollout:log_timing_summary:98 - Intermediate rollout timing summary: env_steps=1062383 infer_calls=266587 feedback_calls=266587 infer_wait=10167.568s infer_obs_pack=11.173s env_step=6815.959s feedback_total=47.651s feedback_obs_pack=15.429s feedback_info_pack=0.823s effective_fps=62.34
2026-09-28 16:03:39.965 | INFO     | plugrl_env_client.runner.rollout:log_timing_summary:98 - Intermediate rollout timing summary: env_steps=1062455 infer_calls=266588 feedback_calls=266587 infer_wait=10185.602s infer_obs_pack=11.213s env_step=6796.233s feedback_total=48.169s feedback_obs_pack=15.647s feedback_info_pack=0.846s effective_fps=62.35
2026-09-28 16:04:09.947 | INFO     | plugrl_env_client.runner.rollout:log_timing_summary:98 - Intermediate rollout timing summary: env_steps=1065757 infer_calls=267432 feedback_calls=267431 infer_wait=10208.539s infer_obs_pack=11.437s env_step=6804.043s feedback_total=48.396s feedback_obs_pack=15.848s feedback_info_pack=0.905s effective_fps=62.43
2026-09-28 16:04:09.952 | INFO     | plugrl_env_client.runner.rollout:log_timing_summary:98 - Intermediate rollout timing summary: env_steps=1065743 infer_calls=267430 feedback_calls=267430 infer_wait=10176.283s infer_obs_pack=11.208s env_step=6836.941s feedback_total=47.794s feedback_obs_pack=15.478s feedback_info_pack=0.825s effective_fps=62.43
2026-09-28 16:04:09.966 | INFO     | plugrl_env_client.runner.rollout:log_timing_summary:98 - Intermediate rollout timing summary: env_steps=1065817 infer_calls=267431 feedback_calls=267430 infer_wait=10193.731s infer_obs_pack=11.248s env_step=6817.796s feedback_total=48.318s feedback_obs_pack=15.696s feedback_info_pack=0.849s effective_fps=62.43
2026-09-28 16:06:24.776 | INFO     | plugrl_env_client.runner.rollout:log_timing_summary:98 - Final rollout timing summary: env_steps=1068009 infer_calls=267999 feedback_calls=267999 infer_wait=10181.838s infer_obs_pack=11.233s env_step=6851.181s feedback_total=47.890s feedback_obs_pack=15.510s feedback_info_pack=0.827s effective_fps=62.49
2026-09-28 16:06:24.776 | INFO     | plugrl_env_client.runner.run:run:156 - Server signalled the end of the run; collection stopped after 4206/100000000 episodes.
Created environment with name NutAssemblySquare
Action size is 7
2026-09-28 16:06:24.777 | INFO     | plugrl_env_client.runner.rollout:log_timing_summary:98 - Final rollout timing summary: env_steps=1068079 infer_calls=267999 feedback_calls=267999 infer_wait=10199.346s infer_obs_pack=11.272s env_step=6831.961s feedback_total=48.416s feedback_obs_pack=15.728s feedback_info_pack=0.851s effective_fps=62.49
2026-09-28 16:06:24.777 | INFO     | plugrl_env_client.runner.run:run:156 - Server signalled the end of the run; collection stopped after 4221/100000000 episodes.
2026-09-28 16:06:24.778 | INFO     | plugrl_env_client.runner.rollout:log_timing_summary:98 - Final rollout timing summary: env_steps=1068025 infer_calls=268001 feedback_calls=268001 infer_wait=10214.117s infer_obs_pack=11.460s env_step=6818.262s feedback_total=48.495s feedback_obs_pack=15.881s feedback_info_pack=0.907s effective_fps=62.49
2026-09-28 16:06:24.778 | INFO     | plugrl_env_client.runner.run:run:156 - Server signalled the end of the run; collection stopped after 4220/100000000 episodes.
Created environment with name NutAssemblySquare
Action size is 7
Created environment with name NutAssemblySquare
Action size is 7
Exception ignored in: <function MjRenderContext.__del__ at 0x7ee25c9913a0>
Traceback (most recent call last):
  File "/home/guangzhao/zuogou/plugrl/plugrl-env-client/.venv-robomimic/lib/python3.11/site-packages/robosuite/utils/binding_utils.py", line 199, in __del__
    self.gl_ctx.free()
  File "/home/guangzhao/zuogou/plugrl/plugrl-env-client/.venv-robomimic/lib/python3.11/site-packages/robosuite/renderers/context/egl_context.py", line 149, in free
    EGL.eglMakeCurrent(EGL_DISPLAY, EGL.EGL_NO_SURFACE, EGL.EGL_NO_SURFACE, EGL.EGL_NO_CONTEXT)
  File "/home/guangzhao/zuogou/plugrl/plugrl-env-client/.venv-robomimic/lib/python3.11/site-packages/OpenGL/error.py", line 228, in glCheckError
    raise GLError(
Exception ignored in: <function MjRenderContext.__del__ at 0x7726dfd913a0>
Traceback (most recent call last):
  File "/home/guangzhao/zuogou/plugrl/plugrl-env-client/.venv-robomimic/lib/python3.11/site-packages/robosuite/utils/binding_utils.py", line 199, in __del__
    self.gl_ctx.free()
  File "/home/guangzhao/zuogou/plugrl/plugrl-env-client/.venv-robomimic/lib/python3.11/site-packages/robosuite/renderers/context/egl_context.py", line 149, in free
    EGL.eglMakeCurrent(EGL_DISPLAY, EGL.EGL_NO_SURFACE, EGL.EGL_NO_SURFACE, EGL.EGL_NO_CONTEXT)
  File "/home/guangzhao/zuogou/plugrl/plugrl-env-client/.venv-robomimic/lib/python3.11/site-packages/OpenGL/error.py", line 228, in glCheckError
    raise GLError(
OpenGL.error.GLError: GLError(
	err = 12289,
	baseOperation = eglMakeCurrent,
	cArguments = (
		<OpenGL._opaque.EGLDisplay_pointer object at 0x7ee23317a4e0>,
		<OpenGL._opaque.EGLSurface_pointer object at 0x7ee26134d6d0>,
		<OpenGL._opaque.EGLSurface_pointer object at 0x7ee26134d6d0>,
		<OpenGL._opaque.EGLContext_pointer object at 0x7ee26134d5b0>,
	),
	result = 0
)
Exception ignored in: <function EGLGLContext.__del__ at 0x7ee25c991260>
Traceback (most recent call last):
  File "/home/guangzhao/zuogou/plugrl/plugrl-env-client/.venv-robomimic/lib/python3.11/site-packages/robosuite/renderers/context/egl_context.py", line 155, in __del__
    self.free()
  File "/home/guangzhao/zuogou/plugrl/plugrl-env-client/.venv-robomimic/lib/python3.11/site-packages/robosuite/renderers/context/egl_context.py", line 149, in free
    EGL.eglMakeCurrent(EGL_DISPLAY, EGL.EGL_NO_SURFACE, EGL.EGL_NO_SURFACE, EGL.EGL_NO_CONTEXT)
  File "/home/guangzhao/zuogou/plugrl/plugrl-env-client/.venv-robomimic/lib/python3.11/site-packages/OpenGL/error.py", line 228, in glCheckError
    raise GLError(
OpenGL.error.GLError: GLError(
	err = 12289,
	baseOperation = eglMakeCurrent,
	cArguments = (
		<OpenGL._opaque.EGLDisplay_pointer object at 0x7ee23317a4e0>,
		<OpenGL._opaque.EGLSurface_pointer object at 0x7ee26134d6d0>,
		<OpenGL._opaque.EGLSurface_pointer object at 0x7ee26134d6d0>,
		<OpenGL._opaque.EGLContext_pointer object at 0x7ee26134d5b0>,
	),
	result = 0
)
Exception ignored in: <function MjRenderContext.__del__ at 0x71cf781b53a0>
Traceback (most recent call last):
  File "/home/guangzhao/zuogou/plugrl/plugrl-env-client/.venv-robomimic/lib/python3.11/site-packages/robosuite/utils/binding_utils.py", line 199, in __del__
    self.gl_ctx.free()
  File "/home/guangzhao/zuogou/plugrl/plugrl-env-client/.venv-robomimic/lib/python3.11/site-packages/robosuite/renderers/context/egl_context.py", line 149, in free
    EGL.eglMakeCurrent(EGL_DISPLAY, EGL.EGL_NO_SURFACE, EGL.EGL_NO_SURFACE, EGL.EGL_NO_CONTEXT)
  File "/home/guangzhao/zuogou/plugrl/plugrl-env-client/.venv-robomimic/lib/python3.11/site-packages/OpenGL/error.py", line 228, in glCheckError
    raise GLError(
OpenGL.error.GLError: GLError(
	err = 12289,
	baseOperation = eglMakeCurrent,
	cArguments = (
		<OpenGL._opaque.EGLDisplay_pointer object at 0x7726b657a4e0>,
		<OpenGL._opaque.EGLSurface_pointer object at 0x7726e4a956d0>,
		<OpenGL._opaque.EGLSurface_pointer object at 0x7726e4a956d0>,
		<OpenGL._opaque.EGLContext_pointer object at 0x7726e4a955b0>,
	),
	result = 0
)
Exception ignored in: <function EGLGLContext.__del__ at 0x7726dfd91260>
Traceback (most recent call last):
  File "/home/guangzhao/zuogou/plugrl/plugrl-env-client/.venv-robomimic/lib/python3.11/site-packages/robosuite/renderers/context/egl_context.py", line 155, in __del__
    self.free()
  File "/home/guangzhao/zuogou/plugrl/plugrl-env-client/.venv-robomimic/lib/python3.11/site-packages/robosuite/renderers/context/egl_context.py", line 149, in free
    EGL.eglMakeCurrent(EGL_DISPLAY, EGL.EGL_NO_SURFACE, EGL.EGL_NO_SURFACE, EGL.EGL_NO_CONTEXT)
  File "/home/guangzhao/zuogou/plugrl/plugrl-env-client/.venv-robomimic/lib/python3.11/site-packages/OpenGL/error.py", line 228, in glCheckError
    raise GLError(
OpenGL.error.GLError: GLError(
	err = 12289,
	baseOperation = eglMakeCurrent,
	cArguments = (
		<OpenGL._opaque.EGLDisplay_pointer object at 0x7726b657a4e0>,
		<OpenGL._opaque.EGLSurface_pointer object at 0x7726e4a956d0>,
		<OpenGL._opaque.EGLSurface_pointer object at 0x7726e4a956d0>,
		<OpenGL._opaque.EGLContext_pointer object at 0x7726e4a955b0>,
	),
	result = 0
)
OpenGL.error.GLError: GLError(
	err = 12289,
	baseOperation = eglMakeCurrent,
	cArguments = (
		<OpenGL._opaque.EGLDisplay_pointer object at 0x71cf4e99e4e0>,
		<OpenGL._opaque.EGLSurface_pointer object at 0x71cf7cb6d6d0>,
		<OpenGL._opaque.EGLSurface_pointer object at 0x71cf7cb6d6d0>,
		<OpenGL._opaque.EGLContext_pointer object at 0x71cf7cb6d5b0>,
	),
	result = 0
)
Exception ignored in: <function EGLGLContext.__del__ at 0x71cf781b5260>
Traceback (most recent call last):
  File "/home/guangzhao/zuogou/plugrl/plugrl-env-client/.venv-robomimic/lib/python3.11/site-packages/robosuite/renderers/context/egl_context.py", line 155, in __del__
    self.free()
  File "/home/guangzhao/zuogou/plugrl/plugrl-env-client/.venv-robomimic/lib/python3.11/site-packages/robosuite/renderers/context/egl_context.py", line 149, in free
    EGL.eglMakeCurrent(EGL_DISPLAY, EGL.EGL_NO_SURFACE, EGL.EGL_NO_SURFACE, EGL.EGL_NO_CONTEXT)
  File "/home/guangzhao/zuogou/plugrl/plugrl-env-client/.venv-robomimic/lib/python3.11/site-packages/OpenGL/error.py", line 228, in glCheckError
    raise GLError(
OpenGL.error.GLError: GLError(
	err = 12289,
	baseOperation = eglMakeCurrent,
	cArguments = (
		<OpenGL._opaque.EGLDisplay_pointer object at 0x71cf4e99e4e0>,
		<OpenGL._opaque.EGLSurface_pointer object at 0x71cf7cb6d6d0>,
		<OpenGL._opaque.EGLSurface_pointer object at 0x71cf7cb6d6d0>,
		<OpenGL._opaque.EGLContext_pointer object at 0x71cf7cb6d5b0>,
	),
	result = 0
)
