2026-09-28 11:18:48.697 | WARNING  | plugrl_env_client.envs:_load_env_modules:27 - Skip loading env module plugrl_env_client.envs.classic.classic_env: pygame is not installed. Please install it with pip install "plugrl-env-client[classic]".
2026-09-28 11:18:48.697 | WARNING  | plugrl_env_client.envs:_load_env_modules:27 - Skip loading env module plugrl_env_client.envs.atari.atari_env: Atari is not installed. Please install it with the 'atari' extra, e.g. 'pip install plugrl-env-client[atari]'
2026-09-28 11:18:48.697 | WARNING  | plugrl_env_client.envs:_load_env_modules:27 - Skip loading env module plugrl_env_client.envs.d4rl.d4rl_env: d4rl is not installed. Please install it with pip install "plugrl-env-client[d4rl]".
2026-09-28 11:18:48.698 | WARNING  | plugrl_env_client.envs:_load_env_modules:27 - Skip loading env module plugrl_env_client.envs.libero.libero_env: libero is not installed. Please install it with pip install "plugrl-env-client[libero]".
[robosuite WARNING] No private macro file found! (macros.py:53)
[robosuite WARNING] It is recommended to use a private macro file (macros.py:54)
[robosuite WARNING] To setup, run: python /home/guangzhao/zuogou/plugrl/plugrl-env-client/.venv-robomimic/lib/python3.11/site-packages/robosuite/scripts/setup_macros.py (macros.py:55)
2026-09-28 11:18:49.315 | INFO     | __main__:main:83 - Starting env client exp_name=robomimic-v1-nenv1-20260928-111849-f2211e22 output_dir=runs/robomimic-v1-nenv1-20260928-111849-f2211e22 recorder={'episode_freq': 0, 'thread0_only': True, 'record_video': False, 'video_fps': 30.0, 'record_full_rollout': False, 'record_obs_stats': True, 'record_episode_metrics': True, 'metric_window': 100}
2026-09-28 11:18:49.422 | WARNING  | plugrl_env_client.envs:_load_env_modules:27 - Skip loading env module plugrl_env_client.envs.classic.classic_env: pygame is not installed. Please install it with pip install "plugrl-env-client[classic]".
2026-09-28 11:18:49.422 | WARNING  | plugrl_env_client.envs:_load_env_modules:27 - Skip loading env module plugrl_env_client.envs.classic.classic_env: pygame is not installed. Please install it with pip install "plugrl-env-client[classic]".
2026-09-28 11:18:49.422 | WARNING  | plugrl_env_client.envs:_load_env_modules:27 - Skip loading env module plugrl_env_client.envs.atari.atari_env: Atari is not installed. Please install it with the 'atari' extra, e.g. 'pip install plugrl-env-client[atari]'
2026-09-28 11:18:49.422 | WARNING  | plugrl_env_client.envs:_load_env_modules:27 - Skip loading env module plugrl_env_client.envs.atari.atari_env: Atari is not installed. Please install it with the 'atari' extra, e.g. 'pip install plugrl-env-client[atari]'
2026-09-28 11:18:49.423 | WARNING  | plugrl_env_client.envs:_load_env_modules:27 - Skip loading env module plugrl_env_client.envs.d4rl.d4rl_env: d4rl is not installed. Please install it with pip install "plugrl-env-client[d4rl]".
2026-09-28 11:18:49.423 | WARNING  | plugrl_env_client.envs:_load_env_modules:27 - Skip loading env module plugrl_env_client.envs.d4rl.d4rl_env: d4rl is not installed. Please install it with pip install "plugrl-env-client[d4rl]".
2026-09-28 11:18:49.423 | WARNING  | plugrl_env_client.envs:_load_env_modules:27 - Skip loading env module plugrl_env_client.envs.libero.libero_env: libero is not installed. Please install it with pip install "plugrl-env-client[libero]".
2026-09-28 11:18:49.423 | WARNING  | plugrl_env_client.envs:_load_env_modules:27 - Skip loading env module plugrl_env_client.envs.libero.libero_env: libero is not installed. Please install it with pip install "plugrl-env-client[libero]".
2026-09-28 11:18:49.423 | WARNING  | plugrl_env_client.envs:_load_env_modules:27 - Skip loading env module plugrl_env_client.envs.classic.classic_env: pygame is not installed. Please install it with pip install "plugrl-env-client[classic]".
2026-09-28 11:18:49.424 | WARNING  | plugrl_env_client.envs:_load_env_modules:27 - Skip loading env module plugrl_env_client.envs.atari.atari_env: Atari is not installed. Please install it with the 'atari' extra, e.g. 'pip install plugrl-env-client[atari]'
2026-09-28 11:18:49.424 | WARNING  | plugrl_env_client.envs:_load_env_modules:27 - Skip loading env module plugrl_env_client.envs.d4rl.d4rl_env: d4rl is not installed. Please install it with pip install "plugrl-env-client[d4rl]".
2026-09-28 11:18:49.424 | WARNING  | plugrl_env_client.envs:_load_env_modules:27 - Skip loading env module plugrl_env_client.envs.libero.libero_env: libero is not installed. Please install it with pip install "plugrl-env-client[libero]".
[robosuite WARNING] No private macro file found! (macros.py:53)
[robosuite WARNING] No private macro file found! (macros.py:53)
[robosuite WARNING] It is recommended to use a private macro file (macros.py:54)
[robosuite WARNING] It is recommended to use a private macro file (macros.py:54)
[robosuite WARNING] To setup, run: python /home/guangzhao/zuogou/plugrl/plugrl-env-client/.venv-robomimic/lib/python3.11/site-packages/robosuite/scripts/setup_macros.py (macros.py:55)
[robosuite WARNING] To setup, run: python /home/guangzhao/zuogou/plugrl/plugrl-env-client/.venv-robomimic/lib/python3.11/site-packages/robosuite/scripts/setup_macros.py (macros.py:55)
[robosuite WARNING] No private macro file found! (macros.py:53)
[robosuite WARNING] It is recommended to use a private macro file (macros.py:54)
[robosuite WARNING] To setup, run: python /home/guangzhao/zuogou/plugrl/plugrl-env-client/.venv-robomimic/lib/python3.11/site-packages/robosuite/scripts/setup_macros.py (macros.py:55)
2026-09-28 11:18:51.305 | INFO     | plugrl_env_client.agent.websocket_env_client_agent:_wait_for_server:67 - Waiting for server at ws://127.0.0.1:9700...
2026-09-28 11:18:51.307 | INFO     | plugrl_env_client.agent.websocket_env_client_agent:_wait_for_server:67 - Waiting for server at ws://127.0.0.1:9700...
2026-09-28 11:18:51.307 | INFO     | plugrl_env_client.runner.run:report_server_metadata:56 - Server metadata: {'protocol_version': 1, 'server': 'plugrl-server', 'server_version': '0.1.0', 'algorithm': 'FPOAlgorithm', 'policy': 'FPOPolicy', 'action_dim': 7, 'action_horizon': 4}
2026-09-28 11:18:51.308 | INFO     | plugrl_env_client.agent.websocket_env_client_agent:_wait_for_server:67 - Waiting for server at ws://127.0.0.1:9700...
2026-09-28 11:18:51.310 | INFO     | plugrl_env_client.runner.run:report_server_metadata:56 - Server metadata: {'protocol_version': 1, 'server': 'plugrl-server', 'server_version': '0.1.0', 'algorithm': 'FPOAlgorithm', 'policy': 'FPOPolicy', 'action_dim': 7, 'action_horizon': 4}
2026-09-28 11:18:51.310 | INFO     | plugrl_env_client.runner.run:report_server_metadata:56 - Server metadata: {'protocol_version': 1, 'server': 'plugrl-server', 'server_version': '0.1.0', 'algorithm': 'FPOAlgorithm', 'policy': 'FPOPolicy', 'action_dim': 7, 'action_horizon': 4}
2026-09-28 11:19:21.324 | INFO     | plugrl_env_client.runner.rollout:log_timing_summary:98 - Intermediate rollout timing summary: env_steps=3337 infer_calls=838 feedback_calls=837 infer_wait=8.607s infer_obs_pack=0.035s env_step=21.087s feedback_total=0.150s feedback_obs_pack=0.048s feedback_info_pack=0.003s effective_fps=111.68
2026-09-28 11:19:21.330 | INFO     | plugrl_env_client.runner.rollout:log_timing_summary:98 - Intermediate rollout timing summary: env_steps=3332 infer_calls=838 feedback_calls=837 infer_wait=8.337s infer_obs_pack=0.035s env_step=21.369s feedback_total=0.150s feedback_obs_pack=0.047s feedback_info_pack=0.003s effective_fps=111.47
2026-09-28 11:19:21.331 | INFO     | plugrl_env_client.runner.rollout:log_timing_summary:98 - Intermediate rollout timing summary: env_steps=3338 infer_calls=838 feedback_calls=837 infer_wait=8.376s infer_obs_pack=0.035s env_step=21.335s feedback_total=0.148s feedback_obs_pack=0.049s feedback_info_pack=0.003s effective_fps=111.66
2026-09-28 11:19:51.337 | INFO     | plugrl_env_client.runner.rollout:log_timing_summary:98 - Intermediate rollout timing summary: env_steps=6672 infer_calls=1675 feedback_calls=1674 infer_wait=17.097s infer_obs_pack=0.071s env_step=42.301s feedback_total=0.296s feedback_obs_pack=0.096s feedback_info_pack=0.005s effective_fps=111.64
2026-09-28 11:19:51.337 | INFO     | plugrl_env_client.runner.rollout:log_timing_summary:98 - Intermediate rollout timing summary: env_steps=6665 infer_calls=1675 feedback_calls=1674 infer_wait=16.827s infer_obs_pack=0.070s env_step=42.578s feedback_total=0.300s feedback_obs_pack=0.095s feedback_info_pack=0.005s effective_fps=111.50
2026-09-28 11:19:51.338 | INFO     | plugrl_env_client.runner.rollout:log_timing_summary:98 - Intermediate rollout timing summary: env_steps=6672 infer_calls=1675 feedback_calls=1674 infer_wait=16.532s infer_obs_pack=0.068s env_step=42.881s feedback_total=0.291s feedback_obs_pack=0.097s feedback_info_pack=0.005s effective_fps=111.62
2026-09-28 11:20:21.340 | INFO     | plugrl_env_client.runner.rollout:log_timing_summary:98 - Intermediate rollout timing summary: env_steps=9970 infer_calls=2503 feedback_calls=2503 infer_wait=25.257s infer_obs_pack=0.103s env_step=63.849s feedback_total=0.447s feedback_obs_pack=0.142s feedback_info_pack=0.008s effective_fps=111.20
2026-09-28 11:20:21.351 | INFO     | plugrl_env_client.runner.rollout:log_timing_summary:98 - Intermediate rollout timing summary: env_steps=9972 infer_calls=2504 feedback_calls=2503 infer_wait=25.985s infer_obs_pack=0.106s env_step=63.113s feedback_total=0.443s feedback_obs_pack=0.144s feedback_info_pack=0.008s effective_fps=111.24
2026-09-28 11:20:21.352 | INFO     | plugrl_env_client.runner.rollout:log_timing_summary:98 - Intermediate rollout timing summary: env_steps=9975 infer_calls=2504 feedback_calls=2503 infer_wait=24.857s infer_obs_pack=0.103s env_step=64.265s feedback_total=0.440s feedback_obs_pack=0.144s feedback_info_pack=0.008s effective_fps=111.25
2026-09-28 11:20:51.346 | INFO     | plugrl_env_client.runner.rollout:log_timing_summary:98 - Intermediate rollout timing summary: env_steps=13273 infer_calls=3333 feedback_calls=3332 infer_wait=33.791s infer_obs_pack=0.137s env_step=85.015s feedback_total=0.593s feedback_obs_pack=0.189s feedback_info_pack=0.010s effective_fps=111.04
2026-09-28 11:20:51.352 | INFO     | plugrl_env_client.runner.rollout:log_timing_summary:98 - Intermediate rollout timing summary: env_steps=13271 infer_calls=3333 feedback_calls=3332 infer_wait=34.561s infer_obs_pack=0.141s env_step=84.230s feedback_total=0.592s feedback_obs_pack=0.191s feedback_info_pack=0.010s effective_fps=111.03
2026-09-28 11:20:51.352 | INFO     | plugrl_env_client.runner.rollout:log_timing_summary:98 - Intermediate rollout timing summary: env_steps=13285 infer_calls=3333 feedback_calls=3332 infer_wait=33.083s infer_obs_pack=0.137s env_step=85.736s feedback_total=0.587s feedback_obs_pack=0.190s feedback_info_pack=0.010s effective_fps=111.13
2026-09-28 11:23:07.684 | INFO     | plugrl_env_client.runner.rollout:log_timing_summary:98 - Intermediate rollout timing summary: env_steps=15947 infer_calls=4002 feedback_calls=4001 infer_wait=151.720s infer_obs_pack=0.165s env_step=103.171s feedback_total=0.705s feedback_obs_pack=0.229s feedback_info_pack=0.012s effective_fps=62.35
2026-09-28 11:23:07.686 | INFO     | plugrl_env_client.runner.rollout:log_timing_summary:98 - Intermediate rollout timing summary: env_steps=15934 infer_calls=4002 feedback_calls=4001 infer_wait=153.629s infer_obs_pack=0.170s env_step=101.249s feedback_total=0.706s feedback_obs_pack=0.230s feedback_info_pack=0.012s effective_fps=62.30
2026-09-28 11:23:07.692 | INFO     | plugrl_env_client.runner.rollout:log_timing_summary:98 - Intermediate rollout timing summary: env_steps=15943 infer_calls=4002 feedback_calls=4001 infer_wait=152.927s infer_obs_pack=0.165s env_step=101.975s feedback_total=0.715s feedback_obs_pack=0.231s feedback_info_pack=0.012s effective_fps=62.33
2026-09-28 11:23:37.691 | INFO     | plugrl_env_client.runner.rollout:log_timing_summary:98 - Intermediate rollout timing summary: env_steps=19307 infer_calls=4848 feedback_calls=4847 infer_wait=161.776s infer_obs_pack=0.207s env_step=122.791s feedback_total=0.856s feedback_obs_pack=0.279s feedback_info_pack=0.016s effective_fps=67.59
2026-09-28 11:23:37.695 | INFO     | plugrl_env_client.runner.rollout:log_timing_summary:98 - Intermediate rollout timing summary: env_steps=19302 infer_calls=4848 feedback_calls=4847 infer_wait=161.159s infer_obs_pack=0.200s env_step=123.419s feedback_total=0.876s feedback_obs_pack=0.280s feedback_info_pack=0.015s effective_fps=67.57
2026-09-28 11:23:37.701 | INFO     | plugrl_env_client.runner.rollout:log_timing_summary:98 - Intermediate rollout timing summary: env_steps=19322 infer_calls=4848 feedback_calls=4847 infer_wait=159.867s infer_obs_pack=0.201s env_step=124.725s feedback_total=0.860s feedback_obs_pack=0.277s feedback_info_pack=0.015s effective_fps=67.64
2026-09-28 11:24:07.698 | INFO     | plugrl_env_client.runner.rollout:log_timing_summary:98 - Intermediate rollout timing summary: env_steps=22569 infer_calls=5668 feedback_calls=5667 infer_wait=169.882s infer_obs_pack=0.233s env_step=144.402s feedback_total=1.018s feedback_obs_pack=0.326s feedback_info_pack=0.018s effective_fps=71.53
2026-09-28 11:24:07.702 | INFO     | plugrl_env_client.runner.rollout:log_timing_summary:98 - Intermediate rollout timing summary: env_steps=22593 infer_calls=5668 feedback_calls=5667 infer_wait=168.196s infer_obs_pack=0.234s env_step=146.092s feedback_total=1.007s feedback_obs_pack=0.324s feedback_info_pack=0.018s effective_fps=71.60
2026-09-28 11:24:07.704 | INFO     | plugrl_env_client.runner.rollout:log_timing_summary:98 - Intermediate rollout timing summary: env_steps=22581 infer_calls=5668 feedback_calls=5667 infer_wait=170.019s infer_obs_pack=0.242s env_step=144.249s feedback_total=1.007s feedback_obs_pack=0.333s feedback_info_pack=0.018s effective_fps=71.57
2026-09-28 11:24:37.700 | INFO     | plugrl_env_client.runner.rollout:log_timing_summary:98 - Intermediate rollout timing summary: env_steps=25829 infer_calls=6485 feedback_calls=6484 infer_wait=178.458s infer_obs_pack=0.267s env_step=165.520s feedback_total=1.168s feedback_obs_pack=0.374s feedback_info_pack=0.020s effective_fps=74.78
2026-09-28 11:24:37.705 | INFO     | plugrl_env_client.runner.rollout:log_timing_summary:98 - Intermediate rollout timing summary: env_steps=25846 infer_calls=6485 feedback_calls=6484 infer_wait=177.044s infer_obs_pack=0.270s env_step=166.945s feedback_total=1.150s feedback_obs_pack=0.370s feedback_info_pack=0.020s effective_fps=74.83
2026-09-28 11:24:37.706 | INFO     | plugrl_env_client.runner.rollout:log_timing_summary:98 - Intermediate rollout timing summary: env_steps=25841 infer_calls=6485 feedback_calls=6484 infer_wait=178.296s infer_obs_pack=0.276s env_step=165.667s feedback_total=1.158s feedback_obs_pack=0.380s feedback_info_pack=0.021s effective_fps=74.82
2026-09-28 11:25:07.712 | INFO     | plugrl_env_client.runner.rollout:log_timing_summary:98 - Intermediate rollout timing summary: env_steps=29099 infer_calls=7301 feedback_calls=7300 infer_wait=185.615s infer_obs_pack=0.303s env_step=188.088s feedback_total=1.291s feedback_obs_pack=0.416s feedback_info_pack=0.023s effective_fps=77.54
2026-09-28 11:25:07.713 | INFO     | plugrl_env_client.runner.rollout:log_timing_summary:98 - Intermediate rollout timing summary: env_steps=29090 infer_calls=7301 feedback_calls=7300 infer_wait=186.516s infer_obs_pack=0.311s env_step=187.154s feedback_total=1.300s feedback_obs_pack=0.428s feedback_info_pack=0.023s effective_fps=77.52
2026-09-28 11:25:07.713 | INFO     | plugrl_env_client.runner.rollout:log_timing_summary:98 - Intermediate rollout timing summary: env_steps=29079 infer_calls=7301 feedback_calls=7300 infer_wait=187.235s infer_obs_pack=0.301s env_step=186.458s feedback_total=1.314s feedback_obs_pack=0.422s feedback_info_pack=0.023s effective_fps=77.48
2026-09-28 11:27:26.000 | INFO     | plugrl_env_client.runner.rollout:log_timing_summary:98 - Intermediate rollout timing summary: env_steps=31891 infer_calls=8002 feedback_calls=8001 infer_wait=305.411s infer_obs_pack=0.332s env_step=206.317s feedback_total=1.417s feedback_obs_pack=0.457s feedback_info_pack=0.025s effective_fps=62.11
2026-09-28 11:27:26.001 | INFO     | plugrl_env_client.runner.rollout:log_timing_summary:98 - Intermediate rollout timing summary: env_steps=31888 infer_calls=8002 feedback_calls=8001 infer_wait=306.295s infer_obs_pack=0.341s env_step=205.399s feedback_total=1.429s feedback_obs_pack=0.472s feedback_info_pack=0.026s effective_fps=62.10
2026-09-28 11:27:26.001 | INFO     | plugrl_env_client.runner.rollout:log_timing_summary:98 - Intermediate rollout timing summary: env_steps=31875 infer_calls=8002 feedback_calls=8001 infer_wait=306.993s infer_obs_pack=0.331s env_step=204.732s feedback_total=1.436s feedback_obs_pack=0.462s feedback_info_pack=0.025s effective_fps=62.08
2026-09-28 11:27:56.001 | INFO     | plugrl_env_client.runner.rollout:log_timing_summary:98 - Intermediate rollout timing summary: env_steps=35284 infer_calls=8854 feedback_calls=8853 infer_wait=313.886s infer_obs_pack=0.370s env_step=227.523s feedback_total=1.568s feedback_obs_pack=0.506s feedback_info_pack=0.027s effective_fps=64.94
2026-09-28 11:27:56.004 | INFO     | plugrl_env_client.runner.rollout:log_timing_summary:98 - Intermediate rollout timing summary: env_steps=35268 infer_calls=8854 feedback_calls=8853 infer_wait=315.016s infer_obs_pack=0.366s env_step=226.392s feedback_total=1.590s feedback_obs_pack=0.512s feedback_info_pack=0.027s effective_fps=64.91
2026-09-28 11:27:56.005 | INFO     | plugrl_env_client.runner.rollout:log_timing_summary:98 - Intermediate rollout timing summary: env_steps=35285 infer_calls=8854 feedback_calls=8853 infer_wait=314.380s infer_obs_pack=0.377s env_step=226.996s feedback_total=1.584s feedback_obs_pack=0.526s feedback_info_pack=0.028s effective_fps=64.94
2026-09-28 11:28:26.005 | INFO     | plugrl_env_client.runner.rollout:log_timing_summary:98 - Intermediate rollout timing summary: env_steps=38502 infer_calls=9667 feedback_calls=9667 infer_wait=323.901s infer_obs_pack=0.400s env_step=247.202s feedback_total=1.735s feedback_obs_pack=0.559s feedback_info_pack=0.030s effective_fps=67.17
2026-09-28 11:28:26.005 | INFO     | plugrl_env_client.runner.rollout:log_timing_summary:98 - Intermediate rollout timing summary: env_steps=38521 infer_calls=9667 feedback_calls=9667 infer_wait=322.168s infer_obs_pack=0.404s env_step=248.943s feedback_total=1.717s feedback_obs_pack=0.555s feedback_info_pack=0.030s effective_fps=67.20
2026-09-28 11:28:26.025 | INFO     | plugrl_env_client.runner.rollout:log_timing_summary:98 - Intermediate rollout timing summary: env_steps=38519 infer_calls=9668 feedback_calls=9667 infer_wait=323.121s infer_obs_pack=0.411s env_step=247.968s feedback_total=1.727s feedback_obs_pack=0.573s feedback_info_pack=0.031s effective_fps=67.20
2026-09-28 11:28:56.007 | INFO     | plugrl_env_client.runner.rollout:log_timing_summary:98 - Intermediate rollout timing summary: env_steps=41731 infer_calls=10479 feedback_calls=10478 infer_wait=332.710s infer_obs_pack=0.434s env_step=268.092s feedback_total=1.880s feedback_obs_pack=0.608s feedback_info_pack=0.033s effective_fps=69.19
2026-09-28 11:28:56.008 | INFO     | plugrl_env_client.runner.rollout:log_timing_summary:98 - Intermediate rollout timing summary: env_steps=41756 infer_calls=10479 feedback_calls=10479 infer_wait=330.804s infer_obs_pack=0.438s env_step=270.005s feedback_total=1.861s feedback_obs_pack=0.602s feedback_info_pack=0.032s effective_fps=69.23
2026-09-28 11:28:56.027 | INFO     | plugrl_env_client.runner.rollout:log_timing_summary:98 - Intermediate rollout timing summary: env_steps=41755 infer_calls=10480 feedback_calls=10479 infer_wait=331.759s infer_obs_pack=0.445s env_step=269.028s feedback_total=1.870s feedback_obs_pack=0.620s feedback_info_pack=0.033s effective_fps=69.23
2026-09-28 11:29:26.012 | INFO     | plugrl_env_client.runner.rollout:log_timing_summary:98 - Intermediate rollout timing summary: env_steps=44996 infer_calls=11292 feedback_calls=11291 infer_wait=339.565s infer_obs_pack=0.472s env_step=290.950s feedback_total=2.007s feedback_obs_pack=0.650s feedback_info_pack=0.035s effective_fps=71.08
2026-09-28 11:29:26.016 | INFO     | plugrl_env_client.runner.rollout:log_timing_summary:98 - Intermediate rollout timing summary: env_steps=44960 infer_calls=11292 feedback_calls=11291 infer_wait=341.311s infer_obs_pack=0.470s env_step=289.188s feedback_total=2.030s feedback_obs_pack=0.660s feedback_info_pack=0.035s effective_fps=71.03
2026-09-28 11:29:26.029 | INFO     | plugrl_env_client.runner.rollout:log_timing_summary:98 - Intermediate rollout timing summary: env_steps=44994 infer_calls=11292 feedback_calls=11292 infer_wait=340.425s infer_obs_pack=0.480s env_step=290.055s feedback_total=2.012s feedback_obs_pack=0.668s feedback_info_pack=0.036s effective_fps=71.08
2026-09-28 11:31:43.420 | INFO     | plugrl_env_client.runner.rollout:log_timing_summary:98 - Intermediate rollout timing summary: env_steps=47783 infer_calls=12002 feedback_calls=12001 infer_wait=460.423s infer_obs_pack=0.500s env_step=307.216s feedback_total=2.154s feedback_obs_pack=0.701s feedback_info_pack=0.037s effective_fps=62.03
2026-09-28 11:31:43.423 | INFO     | plugrl_env_client.runner.rollout:log_timing_summary:98 - Intermediate rollout timing summary: env_steps=47820 infer_calls=12002 feedback_calls=12001 infer_wait=458.410s infer_obs_pack=0.501s env_step=309.250s feedback_total=2.133s feedback_obs_pack=0.691s feedback_info_pack=0.037s effective_fps=62.08
2026-09-28 11:31:43.423 | INFO     | plugrl_env_client.runner.rollout:log_timing_summary:98 - Intermediate rollout timing summary: env_steps=47810 infer_calls=12002 feedback_calls=12001 infer_wait=459.323s infer_obs_pack=0.512s env_step=308.283s feedback_total=2.139s feedback_obs_pack=0.710s feedback_info_pack=0.038s effective_fps=62.07
2026-09-28 11:32:13.421 | INFO     | plugrl_env_client.runner.rollout:log_timing_summary:98 - Intermediate rollout timing summary: env_steps=51153 infer_calls=12847 feedback_calls=12846 infer_wait=468.558s infer_obs_pack=0.535s env_step=328.757s feedback_total=2.311s feedback_obs_pack=0.750s feedback_info_pack=0.040s effective_fps=63.93
2026-09-28 11:32:13.423 | INFO     | plugrl_env_client.runner.rollout:log_timing_summary:98 - Intermediate rollout timing summary: env_steps=51182 infer_calls=12847 feedback_calls=12846 infer_wait=466.480s infer_obs_pack=0.536s env_step=330.863s feedback_total=2.282s feedback_obs_pack=0.740s feedback_info_pack=0.040s effective_fps=63.96
2026-09-28 11:32:13.428 | INFO     | plugrl_env_client.runner.rollout:log_timing_summary:98 - Intermediate rollout timing summary: env_steps=51178 infer_calls=12847 feedback_calls=12846 infer_wait=467.649s infer_obs_pack=0.547s env_step=329.639s feedback_total=2.291s feedback_obs_pack=0.760s feedback_info_pack=0.040s effective_fps=63.96
2026-09-28 11:32:43.427 | INFO     | plugrl_env_client.runner.rollout:log_timing_summary:98 - Intermediate rollout timing summary: env_steps=54398 infer_calls=13655 feedback_calls=13654 infer_wait=474.922s infer_obs_pack=0.570s env_step=352.123s feedback_total=2.429s feedback_obs_pack=0.787s feedback_info_pack=0.042s effective_fps=65.54
2026-09-28 11:32:43.429 | INFO     | plugrl_env_client.runner.rollout:log_timing_summary:98 - Intermediate rollout timing summary: env_steps=54368 infer_calls=13655 feedback_calls=13654 infer_wait=477.214s infer_obs_pack=0.570s env_step=349.802s feedback_total=2.457s feedback_obs_pack=0.799s feedback_info_pack=0.042s effective_fps=65.50
2026-09-28 11:32:43.432 | INFO     | plugrl_env_client.runner.rollout:log_timing_summary:98 - Intermediate rollout timing summary: env_steps=54389 infer_calls=13655 feedback_calls=13654 infer_wait=476.573s infer_obs_pack=0.582s env_step=350.412s feedback_total=2.433s feedback_obs_pack=0.807s feedback_info_pack=0.043s effective_fps=65.53
2026-09-28 11:33:13.430 | INFO     | plugrl_env_client.runner.rollout:log_timing_summary:98 - Intermediate rollout timing summary: env_steps=57625 infer_calls=14473 feedback_calls=14473 infer_wait=485.713s infer_obs_pack=0.604s env_step=371.002s feedback_total=2.601s feedback_obs_pack=0.847s feedback_info_pack=0.045s effective_fps=67.01
2026-09-28 11:33:13.431 | INFO     | plugrl_env_client.runner.rollout:log_timing_summary:98 - Intermediate rollout timing summary: env_steps=57662 infer_calls=14473 feedback_calls=14473 infer_wait=483.536s infer_obs_pack=0.604s env_step=373.208s feedback_total=2.577s feedback_obs_pack=0.837s feedback_info_pack=0.045s effective_fps=67.05
2026-09-28 11:33:13.442 | INFO     | plugrl_env_client.runner.rollout:log_timing_summary:98 - Intermediate rollout timing summary: env_steps=57650 infer_calls=14474 feedback_calls=14473 infer_wait=484.984s infer_obs_pack=0.617s env_step=371.699s feedback_total=2.580s feedback_obs_pack=0.855s feedback_info_pack=0.045s effective_fps=67.04
2026-09-28 11:33:43.432 | INFO     | plugrl_env_client.runner.rollout:log_timing_summary:98 - Intermediate rollout timing summary: env_steps=60927 infer_calls=15301 feedback_calls=15300 infer_wait=493.947s infer_obs_pack=0.639s env_step=392.467s feedback_total=2.747s feedback_obs_pack=0.896s feedback_info_pack=0.048s effective_fps=68.47
2026-09-28 11:33:43.435 | INFO     | plugrl_env_client.runner.rollout:log_timing_summary:98 - Intermediate rollout timing summary: env_steps=60960 infer_calls=15301 feedback_calls=15300 infer_wait=492.079s infer_obs_pack=0.639s env_step=394.363s feedback_total=2.722s feedback_obs_pack=0.884s feedback_info_pack=0.048s effective_fps=68.51
2026-09-28 11:33:43.444 | INFO     | plugrl_env_client.runner.rollout:log_timing_summary:98 - Intermediate rollout timing summary: env_steps=60949 infer_calls=15301 feedback_calls=15301 infer_wait=493.369s infer_obs_pack=0.652s env_step=393.005s feedback_total=2.727s feedback_obs_pack=0.904s feedback_info_pack=0.048s effective_fps=68.50
2026-09-28 11:36:00.804 | INFO     | plugrl_env_client.runner.rollout:log_timing_summary:98 - Intermediate rollout timing summary: env_steps=63718 infer_calls=16002 feedback_calls=16001 infer_wait=613.412s infer_obs_pack=0.668s env_step=410.119s feedback_total=2.868s feedback_obs_pack=0.936s feedback_info_pack=0.050s effective_fps=62.04
2026-09-28 11:36:00.804 | INFO     | plugrl_env_client.runner.rollout:log_timing_summary:98 - Intermediate rollout timing summary: env_steps=63756 infer_calls=16002 feedback_calls=16001 infer_wait=611.130s infer_obs_pack=0.668s env_step=412.428s feedback_total=2.844s feedback_obs_pack=0.923s feedback_info_pack=0.050s effective_fps=62.08
2026-09-28 11:36:00.806 | INFO     | plugrl_env_client.runner.rollout:log_timing_summary:98 - Intermediate rollout timing summary: env_steps=63737 infer_calls=16002 feedback_calls=16001 infer_wait=612.320s infer_obs_pack=0.681s env_step=411.156s feedback_total=2.850s feedback_obs_pack=0.945s feedback_info_pack=0.050s effective_fps=62.06
2026-09-28 11:36:30.810 | INFO     | plugrl_env_client.runner.rollout:log_timing_summary:98 - Intermediate rollout timing summary: env_steps=67122 infer_calls=16858 feedback_calls=16857 infer_wait=621.541s infer_obs_pack=0.703s env_step=431.673s feedback_total=3.026s feedback_obs_pack=0.986s feedback_info_pack=0.052s effective_fps=63.51
2026-09-28 11:36:30.815 | INFO     | plugrl_env_client.runner.rollout:log_timing_summary:98 - Intermediate rollout timing summary: env_steps=67139 infer_calls=16858 feedback_calls=16857 infer_wait=620.571s infer_obs_pack=0.718s env_step=432.584s feedback_total=3.010s feedback_obs_pack=1.001s feedback_info_pack=0.053s effective_fps=63.53
2026-09-28 11:36:30.819 | INFO     | plugrl_env_client.runner.rollout:log_timing_summary:98 - Intermediate rollout timing summary: env_steps=67171 infer_calls=16858 feedback_calls=16857 infer_wait=618.589s infer_obs_pack=0.706s env_step=434.668s feedback_total=2.997s feedback_obs_pack=0.973s feedback_info_pack=0.052s effective_fps=63.55
2026-09-28 11:37:00.813 | INFO     | plugrl_env_client.runner.rollout:log_timing_summary:98 - Intermediate rollout timing summary: env_steps=70396 infer_calls=17677 feedback_calls=17676 infer_wait=629.362s infer_obs_pack=0.738s env_step=453.554s feedback_total=3.171s feedback_obs_pack=1.034s feedback_info_pack=0.055s effective_fps=64.77
2026-09-28 11:37:00.815 | INFO     | plugrl_env_client.runner.rollout:log_timing_summary:98 - Intermediate rollout timing summary: env_steps=70412 infer_calls=17677 feedback_calls=17677 infer_wait=628.916s infer_obs_pack=0.752s env_step=453.939s feedback_total=3.155s feedback_obs_pack=1.048s feedback_info_pack=0.055s effective_fps=64.79
2026-09-28 11:37:00.819 | INFO     | plugrl_env_client.runner.rollout:log_timing_summary:98 - Intermediate rollout timing summary: env_steps=70435 infer_calls=17677 feedback_calls=17677 infer_wait=627.329s infer_obs_pack=0.740s env_step=455.627s feedback_total=3.141s feedback_obs_pack=1.020s feedback_info_pack=0.055s effective_fps=64.81
2026-09-28 11:37:30.821 | INFO     | plugrl_env_client.runner.rollout:log_timing_summary:98 - Intermediate rollout timing summary: env_steps=73636 infer_calls=18491 feedback_calls=18490 infer_wait=637.752s infer_obs_pack=0.772s env_step=474.872s feedback_total=3.318s feedback_obs_pack=1.081s feedback_info_pack=0.058s effective_fps=65.94
2026-09-28 11:37:30.822 | INFO     | plugrl_env_client.runner.rollout:log_timing_summary:98 - Intermediate rollout timing summary: env_steps=73655 infer_calls=18491 feedback_calls=18490 infer_wait=637.477s infer_obs_pack=0.787s env_step=475.080s feedback_total=3.305s feedback_obs_pack=1.095s feedback_info_pack=0.058s effective_fps=65.96
2026-09-28 11:37:30.822 | INFO     | plugrl_env_client.runner.rollout:log_timing_summary:98 - Intermediate rollout timing summary: env_steps=73671 infer_calls=18491 feedback_calls=18490 infer_wait=636.002s infer_obs_pack=0.775s env_step=476.643s feedback_total=3.292s feedback_obs_pack=1.066s feedback_info_pack=0.057s effective_fps=65.97
2026-09-28 11:38:00.824 | INFO     | plugrl_env_client.runner.rollout:log_timing_summary:98 - Intermediate rollout timing summary: env_steps=76917 infer_calls=19308 feedback_calls=19307 infer_wait=645.927s infer_obs_pack=0.821s env_step=496.336s feedback_total=3.446s feedback_obs_pack=1.142s feedback_info_pack=0.060s effective_fps=67.09
2026-09-28 11:38:00.827 | INFO     | plugrl_env_client.runner.rollout:log_timing_summary:98 - Intermediate rollout timing summary: env_steps=76924 infer_calls=19308 feedback_calls=19308 infer_wait=644.420s infer_obs_pack=0.809s env_step=497.924s feedback_total=3.438s feedback_obs_pack=1.113s feedback_info_pack=0.060s effective_fps=67.09
2026-09-28 11:38:00.827 | INFO     | plugrl_env_client.runner.rollout:log_timing_summary:98 - Intermediate rollout timing summary: env_steps=76888 infer_calls=19308 feedback_calls=19308 infer_wait=646.508s infer_obs_pack=0.806s env_step=495.820s feedback_total=3.461s feedback_obs_pack=1.128s feedback_info_pack=0.060s effective_fps=67.06
2026-09-28 11:40:18.046 | INFO     | plugrl_env_client.runner.rollout:log_timing_summary:98 - Intermediate rollout timing summary: env_steps=79685 infer_calls=20002 feedback_calls=20001 infer_wait=763.418s infer_obs_pack=0.838s env_step=515.890s feedback_total=3.561s feedback_obs_pack=1.153s feedback_info_pack=0.062s effective_fps=62.07
2026-09-28 11:40:18.047 | INFO     | plugrl_env_client.runner.rollout:log_timing_summary:98 - Intermediate rollout timing summary: env_steps=79647 infer_calls=20002 feedback_calls=20001 infer_wait=765.652s infer_obs_pack=0.835s env_step=513.633s feedback_total=3.588s feedback_obs_pack=1.171s feedback_info_pack=0.062s effective_fps=62.04
2026-09-28 11:40:18.050 | INFO     | plugrl_env_client.runner.rollout:log_timing_summary:98 - Intermediate rollout timing summary: env_steps=79680 infer_calls=20002 feedback_calls=20001 infer_wait=765.367s infer_obs_pack=0.852s env_step=513.857s feedback_total=3.570s feedback_obs_pack=1.185s feedback_info_pack=0.062s effective_fps=62.07
2026-09-28 11:40:48.057 | INFO     | plugrl_env_client.runner.rollout:log_timing_summary:98 - Intermediate rollout timing summary: env_steps=83104 infer_calls=20862 feedback_calls=20861 infer_wait=771.459s infer_obs_pack=0.873s env_step=537.532s feedback_total=3.722s feedback_obs_pack=1.205s feedback_info_pack=0.065s effective_fps=63.26
2026-09-28 11:40:48.059 | INFO     | plugrl_env_client.runner.rollout:log_timing_summary:98 - Intermediate rollout timing summary: env_steps=83070 infer_calls=20862 feedback_calls=20861 infer_wait=773.644s infer_obs_pack=0.871s env_step=535.333s feedback_total=3.743s feedback_obs_pack=1.223s feedback_info_pack=0.065s effective_fps=63.24
2026-09-28 11:40:48.059 | INFO     | plugrl_env_client.runner.rollout:log_timing_summary:98 - Intermediate rollout timing summary: env_steps=83104 infer_calls=20862 feedback_calls=20861 infer_wait=773.189s infer_obs_pack=0.888s env_step=535.730s feedback_total=3.720s feedback_obs_pack=1.235s feedback_info_pack=0.065s effective_fps=63.27
2026-09-28 11:41:18.066 | INFO     | plugrl_env_client.runner.rollout:log_timing_summary:98 - Intermediate rollout timing summary: env_steps=86377 infer_calls=21694 feedback_calls=21693 infer_wait=782.056s infer_obs_pack=0.906s env_step=556.611s feedback_total=3.893s feedback_obs_pack=1.271s feedback_info_pack=0.068s effective_fps=64.29
2026-09-28 11:41:18.068 | INFO     | plugrl_env_client.runner.rollout:log_timing_summary:98 - Intermediate rollout timing summary: env_steps=86419 infer_calls=21694 feedback_calls=21693 infer_wait=779.994s infer_obs_pack=0.908s env_step=558.701s feedback_total=3.871s feedback_obs_pack=1.252s feedback_info_pack=0.067s effective_fps=64.32
2026-09-28 11:41:18.075 | INFO     | plugrl_env_client.runner.rollout:log_timing_summary:98 - Intermediate rollout timing summary: env_steps=86418 infer_calls=21694 feedback_calls=21693 infer_wait=781.721s infer_obs_pack=0.923s env_step=556.903s feedback_total=3.868s feedback_obs_pack=1.285s feedback_info_pack=0.068s effective_fps=64.33
2026-09-28 11:41:48.072 | INFO     | plugrl_env_client.runner.rollout:log_timing_summary:98 - Intermediate rollout timing summary: env_steps=89727 infer_calls=22525 feedback_calls=22524 infer_wait=788.470s infer_obs_pack=0.943s env_step=579.918s feedback_total=4.020s feedback_obs_pack=1.300s feedback_info_pack=0.070s effective_fps=65.33
2026-09-28 11:41:48.093 | INFO     | plugrl_env_client.runner.rollout:log_timing_summary:98 - Intermediate rollout timing summary: env_steps=89697 infer_calls=22526 feedback_calls=22525 infer_wait=790.334s infer_obs_pack=0.940s env_step=578.059s feedback_total=4.040s feedback_obs_pack=1.319s feedback_info_pack=0.070s effective_fps=65.31
2026-09-28 11:41:48.095 | INFO     | plugrl_env_client.runner.rollout:log_timing_summary:98 - Intermediate rollout timing summary: env_steps=89730 infer_calls=22526 feedback_calls=22525 infer_wait=790.217s infer_obs_pack=0.960s env_step=578.118s feedback_total=4.015s feedback_obs_pack=1.333s feedback_info_pack=0.070s effective_fps=65.34
2026-09-28 11:42:18.075 | INFO     | plugrl_env_client.runner.rollout:log_timing_summary:98 - Intermediate rollout timing summary: env_steps=93045 infer_calls=23358 feedback_calls=23357 infer_wait=796.846s infer_obs_pack=0.978s env_step=601.238s feedback_total=4.168s feedback_obs_pack=1.347s feedback_info_pack=0.073s effective_fps=66.31
2026-09-28 11:42:18.108 | INFO     | plugrl_env_client.runner.rollout:log_timing_summary:98 - Intermediate rollout timing summary: env_steps=93054 infer_calls=23359 feedback_calls=23358 infer_wait=798.801s infer_obs_pack=0.995s env_step=599.235s feedback_total=4.163s feedback_obs_pack=1.381s feedback_info_pack=0.073s effective_fps=66.32
2026-09-28 11:42:18.112 | INFO     | plugrl_env_client.runner.rollout:log_timing_summary:98 - Intermediate rollout timing summary: env_steps=93015 infer_calls=23359 feedback_calls=23358 infer_wait=799.001s infer_obs_pack=0.977s env_step=599.101s feedback_total=4.187s feedback_obs_pack=1.368s feedback_info_pack=0.073s effective_fps=66.28
2026-09-28 11:44:33.230 | INFO     | plugrl_env_client.runner.rollout:log_timing_summary:98 - Intermediate rollout timing summary: env_steps=95571 infer_calls=24002 feedback_calls=24001 infer_wait=917.633s infer_obs_pack=1.004s env_step=615.352s feedback_total=4.298s feedback_obs_pack=1.405s feedback_info_pack=0.075s effective_fps=62.13
2026-09-28 11:44:33.231 | INFO     | plugrl_env_client.runner.rollout:log_timing_summary:98 - Intermediate rollout timing summary: env_steps=95604 infer_calls=24002 feedback_calls=24001 infer_wait=915.422s infer_obs_pack=1.005s env_step=617.580s feedback_total=4.278s feedback_obs_pack=1.384s feedback_info_pack=0.075s effective_fps=62.15
2026-09-28 11:44:33.236 | INFO     | plugrl_env_client.runner.rollout:log_timing_summary:98 - Intermediate rollout timing summary: env_steps=95613 infer_calls=24002 feedback_calls=24001 infer_wait=917.392s infer_obs_pack=1.022s env_step=615.525s feedback_total=4.277s feedback_obs_pack=1.419s feedback_info_pack=0.075s effective_fps=62.16
2026-09-28 11:45:03.232 | INFO     | plugrl_env_client.runner.rollout:log_timing_summary:98 - Intermediate rollout timing summary: env_steps=98988 infer_calls=24860 feedback_calls=24859 infer_wait=925.585s infer_obs_pack=1.039s env_step=637.078s feedback_total=4.454s feedback_obs_pack=1.455s feedback_info_pack=0.077s effective_fps=63.12
2026-09-28 11:45:03.233 | INFO     | plugrl_env_client.runner.rollout:log_timing_summary:98 - Intermediate rollout timing summary: env_steps=99015 infer_calls=24860 feedback_calls=24859 infer_wait=923.464s infer_obs_pack=1.040s env_step=639.221s feedback_total=4.430s feedback_obs_pack=1.434s feedback_info_pack=0.077s effective_fps=63.14
2026-09-28 11:45:03.238 | INFO     | plugrl_env_client.runner.rollout:log_timing_summary:98 - Intermediate rollout timing summary: env_steps=99035 infer_calls=24860 feedback_calls=24859 infer_wait=925.807s infer_obs_pack=1.059s env_step=636.787s feedback_total=4.429s feedback_obs_pack=1.470s feedback_info_pack=0.077s effective_fps=63.16
2026-09-28 11:45:33.239 | INFO     | plugrl_env_client.runner.rollout:log_timing_summary:98 - Intermediate rollout timing summary: env_steps=102317 infer_calls=25684 feedback_calls=25683 infer_wait=934.247s infer_obs_pack=1.094s env_step=658.040s feedback_total=4.576s feedback_obs_pack=1.518s feedback_info_pack=0.080s effective_fps=64.03
2026-09-28 11:45:33.241 | INFO     | plugrl_env_client.runner.rollout:log_timing_summary:98 - Intermediate rollout timing summary: env_steps=102275 infer_calls=25684 feedback_calls=25683 infer_wait=933.922s infer_obs_pack=1.073s env_step=658.441s feedback_total=4.602s feedback_obs_pack=1.506s feedback_info_pack=0.080s effective_fps=64.00
2026-09-28 11:45:33.243 | INFO     | plugrl_env_client.runner.rollout:log_timing_summary:98 - Intermediate rollout timing summary: env_steps=102298 infer_calls=25684 feedback_calls=25683 infer_wait=931.941s infer_obs_pack=1.074s env_step=660.441s feedback_total=4.578s feedback_obs_pack=1.484s feedback_info_pack=0.080s effective_fps=64.01
2026-09-28 11:46:03.240 | INFO     | plugrl_env_client.runner.rollout:log_timing_summary:98 - Intermediate rollout timing summary: env_steps=105590 infer_calls=26505 feedback_calls=26504 infer_wait=942.497s infer_obs_pack=1.129s env_step=679.485s feedback_total=4.721s feedback_obs_pack=1.565s feedback_info_pack=0.083s effective_fps=64.87
2026-09-28 11:46:03.243 | INFO     | plugrl_env_client.runner.rollout:log_timing_summary:98 - Intermediate rollout timing summary: env_steps=105554 infer_calls=26505 feedback_calls=26504 infer_wait=942.379s infer_obs_pack=1.108s env_step=679.674s feedback_total=4.752s feedback_obs_pack=1.557s feedback_info_pack=0.083s effective_fps=64.84
2026-09-28 11:46:03.243 | INFO     | plugrl_env_client.runner.rollout:log_timing_summary:98 - Intermediate rollout timing summary: env_steps=105561 infer_calls=26505 feedback_calls=26504 infer_wait=940.710s infer_obs_pack=1.108s env_step=681.362s feedback_total=4.724s feedback_obs_pack=1.532s feedback_info_pack=0.084s effective_fps=64.84
2026-09-28 11:46:33.245 | INFO     | plugrl_env_client.runner.rollout:log_timing_summary:98 - Intermediate rollout timing summary: env_steps=108871 infer_calls=27328 feedback_calls=27327 infer_wait=951.093s infer_obs_pack=1.163s env_step=700.588s feedback_total=4.861s feedback_obs_pack=1.613s feedback_info_pack=0.085s effective_fps=65.68
2026-09-28 11:46:33.252 | INFO     | plugrl_env_client.runner.rollout:log_timing_summary:98 - Intermediate rollout timing summary: env_steps=108835 infer_calls=27328 feedback_calls=27328 infer_wait=949.376s infer_obs_pack=1.142s env_step=702.397s feedback_total=4.869s feedback_obs_pack=1.580s feedback_info_pack=0.087s effective_fps=65.65
2026-09-28 11:46:33.281 | INFO     | plugrl_env_client.runner.rollout:log_timing_summary:98 - Intermediate rollout timing summary: env_steps=108832 infer_calls=27329 feedback_calls=27328 infer_wait=950.815s infer_obs_pack=1.142s env_step=700.974s feedback_total=4.896s feedback_obs_pack=1.604s feedback_info_pack=0.085s effective_fps=65.65
2026-09-28 11:48:50.605 | INFO     | plugrl_env_client.runner.rollout:log_timing_summary:98 - Intermediate rollout timing summary: env_steps=111553 infer_calls=28002 feedback_calls=28001 infer_wait=1070.962s infer_obs_pack=1.192s env_step=717.828s feedback_total=4.978s feedback_obs_pack=1.652s feedback_info_pack=0.087s effective_fps=62.15
2026-09-28 11:48:50.606 | INFO     | plugrl_env_client.runner.rollout:log_timing_summary:98 - Intermediate rollout timing summary: env_steps=111520 infer_calls=28002 feedback_calls=28001 infer_wait=1068.733s infer_obs_pack=1.169s env_step=720.148s feedback_total=4.985s feedback_obs_pack=1.619s feedback_info_pack=0.089s effective_fps=62.13
2026-09-28 11:48:50.608 | INFO     | plugrl_env_client.runner.rollout:log_timing_summary:98 - Intermediate rollout timing summary: env_steps=111515 infer_calls=28002 feedback_calls=28001 infer_wait=1070.228s infer_obs_pack=1.170s env_step=718.639s feedback_total=5.014s feedback_obs_pack=1.645s feedback_info_pack=0.087s effective_fps=62.12
2026-09-28 11:49:20.608 | INFO     | plugrl_env_client.runner.rollout:log_timing_summary:98 - Intermediate rollout timing summary: env_steps=114915 infer_calls=28853 feedback_calls=28853 infer_wait=1076.830s infer_obs_pack=1.205s env_step=741.731s feedback_total=5.145s feedback_obs_pack=1.668s feedback_info_pack=0.092s effective_fps=62.97
2026-09-28 11:49:20.621 | INFO     | plugrl_env_client.runner.rollout:log_timing_summary:98 - Intermediate rollout timing summary: env_steps=114954 infer_calls=28854 feedback_calls=28853 infer_wait=1078.649s infer_obs_pack=1.228s env_step=739.837s feedback_total=5.133s feedback_obs_pack=1.702s feedback_info_pack=0.090s effective_fps=62.99
2026-09-28 11:49:20.624 | INFO     | plugrl_env_client.runner.rollout:log_timing_summary:98 - Intermediate rollout timing summary: env_steps=114907 infer_calls=28854 feedback_calls=28853 infer_wait=1078.360s infer_obs_pack=1.205s env_step=740.205s feedback_total=5.166s feedback_obs_pack=1.695s feedback_info_pack=0.090s effective_fps=62.96
2026-09-28 11:49:50.612 | INFO     | plugrl_env_client.runner.rollout:log_timing_summary:98 - Intermediate rollout timing summary: env_steps=118187 infer_calls=29672 feedback_calls=29672 infer_wait=1085.147s infer_obs_pack=1.239s env_step=763.119s feedback_total=5.291s feedback_obs_pack=1.716s feedback_info_pack=0.094s effective_fps=63.72
2026-09-28 11:49:50.625 | INFO     | plugrl_env_client.runner.rollout:log_timing_summary:98 - Intermediate rollout timing summary: env_steps=118166 infer_calls=29672 feedback_calls=29672 infer_wait=1087.147s infer_obs_pack=1.239s env_step=761.115s feedback_total=5.312s feedback_obs_pack=1.744s feedback_info_pack=0.093s effective_fps=63.71
2026-09-28 11:49:50.641 | INFO     | plugrl_env_client.runner.rollout:log_timing_summary:98 - Intermediate rollout timing summary: env_steps=118217 infer_calls=29673 feedback_calls=29672 infer_wait=1087.552s infer_obs_pack=1.262s env_step=760.650s feedback_total=5.278s feedback_obs_pack=1.750s feedback_info_pack=0.093s effective_fps=63.74
2026-09-28 11:50:20.622 | INFO     | plugrl_env_client.runner.rollout:log_timing_summary:98 - Intermediate rollout timing summary: env_steps=121403 infer_calls=30479 feedback_calls=30478 infer_wait=1093.857s infer_obs_pack=1.276s env_step=784.111s feedback_total=5.434s feedback_obs_pack=1.763s feedback_info_pack=0.097s effective_fps=64.42
2026-09-28 11:50:20.627 | INFO     | plugrl_env_client.runner.rollout:log_timing_summary:98 - Intermediate rollout timing summary: env_steps=121382 infer_calls=30479 feedback_calls=30478 infer_wait=1095.752s infer_obs_pack=1.274s env_step=782.203s feedback_total=5.456s feedback_obs_pack=1.791s feedback_info_pack=0.096s effective_fps=64.40
2026-09-28 11:50:20.642 | INFO     | plugrl_env_client.runner.rollout:log_timing_summary:98 - Intermediate rollout timing summary: env_steps=121433 infer_calls=30479 feedback_calls=30479 infer_wait=1096.349s infer_obs_pack=1.296s env_step=781.545s feedback_total=5.421s feedback_obs_pack=1.801s feedback_info_pack=0.095s effective_fps=64.43
2026-09-28 11:50:50.627 | INFO     | plugrl_env_client.runner.rollout:log_timing_summary:98 - Intermediate rollout timing summary: env_steps=124670 infer_calls=31299 feedback_calls=31298 infer_wait=1102.582s infer_obs_pack=1.310s env_step=805.084s feedback_total=5.581s feedback_obs_pack=1.812s feedback_info_pack=0.099s effective_fps=65.12
2026-09-28 11:50:50.632 | INFO     | plugrl_env_client.runner.rollout:log_timing_summary:98 - Intermediate rollout timing summary: env_steps=124656 infer_calls=31299 feedback_calls=31299 infer_wait=1104.143s infer_obs_pack=1.309s env_step=803.505s feedback_total=5.605s feedback_obs_pack=1.840s feedback_info_pack=0.099s effective_fps=65.11
2026-09-28 11:50:50.650 | INFO     | plugrl_env_client.runner.rollout:log_timing_summary:98 - Intermediate rollout timing summary: env_steps=124700 infer_calls=31300 feedback_calls=31299 infer_wait=1104.837s infer_obs_pack=1.331s env_step=802.756s feedback_total=5.568s feedback_obs_pack=1.849s feedback_info_pack=0.098s effective_fps=65.13
2026-09-28 11:53:08.522 | INFO     | plugrl_env_client.runner.rollout:log_timing_summary:98 - Intermediate rollout timing summary: env_steps=127494 infer_calls=32002 feedback_calls=32001 infer_wait=1224.260s infer_obs_pack=1.361s env_step=820.944s feedback_total=5.689s feedback_obs_pack=1.890s feedback_info_pack=0.100s effective_fps=62.12
2026-09-28 11:53:08.522 | INFO     | plugrl_env_client.runner.rollout:log_timing_summary:98 - Intermediate rollout timing summary: env_steps=127454 infer_calls=32002 feedback_calls=32001 infer_wait=1223.725s infer_obs_pack=1.339s env_step=821.542s feedback_total=5.731s feedback_obs_pack=1.882s feedback_info_pack=0.101s effective_fps=62.10
2026-09-28 11:53:08.522 | INFO     | plugrl_env_client.runner.rollout:log_timing_summary:98 - Intermediate rollout timing summary: env_steps=127471 infer_calls=32002 feedback_calls=32001 infer_wait=1221.952s infer_obs_pack=1.340s env_step=823.345s feedback_total=5.707s feedback_obs_pack=1.853s feedback_info_pack=0.102s effective_fps=62.11
2026-09-28 11:53:38.523 | INFO     | plugrl_env_client.runner.rollout:log_timing_summary:98 - Intermediate rollout timing summary: env_steps=130913 infer_calls=32865 feedback_calls=32865 infer_wait=1229.632s infer_obs_pack=1.376s env_step=845.344s feedback_total=5.867s feedback_obs_pack=1.902s feedback_info_pack=0.104s effective_fps=62.87
2026-09-28 11:53:38.534 | INFO     | plugrl_env_client.runner.rollout:log_timing_summary:98 - Intermediate rollout timing summary: env_steps=130932 infer_calls=32866 feedback_calls=32865 infer_wait=1232.493s infer_obs_pack=1.397s env_step=842.389s feedback_total=5.847s feedback_obs_pack=1.941s feedback_info_pack=0.102s effective_fps=62.88
2026-09-28 11:53:38.535 | INFO     | plugrl_env_client.runner.rollout:log_timing_summary:98 - Intermediate rollout timing summary: env_steps=130898 infer_calls=32866 feedback_calls=32865 infer_wait=1231.482s infer_obs_pack=1.375s env_step=843.473s feedback_total=5.890s feedback_obs_pack=1.932s feedback_info_pack=0.103s effective_fps=62.86
2026-09-28 11:54:08.527 | INFO     | plugrl_env_client.runner.rollout:log_timing_summary:98 - Intermediate rollout timing summary: env_steps=134241 infer_calls=33700 feedback_calls=33699 infer_wait=1238.151s infer_obs_pack=1.412s env_step=866.516s feedback_total=6.017s feedback_obs_pack=1.951s feedback_info_pack=0.107s effective_fps=63.56
2026-09-28 11:54:08.538 | INFO     | plugrl_env_client.runner.rollout:log_timing_summary:98 - Intermediate rollout timing summary: env_steps=134266 infer_calls=33700 feedback_calls=33699 infer_wait=1240.720s infer_obs_pack=1.432s env_step=863.858s feedback_total=5.992s feedback_obs_pack=1.990s feedback_info_pack=0.105s effective_fps=63.57
2026-09-28 11:54:08.539 | INFO     | plugrl_env_client.runner.rollout:log_timing_summary:98 - Intermediate rollout timing summary: env_steps=134226 infer_calls=33700 feedback_calls=33699 infer_wait=1239.990s infer_obs_pack=1.411s env_step=864.661s feedback_total=6.039s feedback_obs_pack=1.981s feedback_info_pack=0.106s effective_fps=63.55
2026-09-28 11:54:38.532 | INFO     | plugrl_env_client.runner.rollout:log_timing_summary:98 - Intermediate rollout timing summary: env_steps=137536 infer_calls=34526 feedback_calls=34526 infer_wait=1246.714s infer_obs_pack=1.446s env_step=887.657s feedback_total=6.160s feedback_obs_pack=1.998s feedback_info_pack=0.109s effective_fps=64.21
2026-09-28 11:54:38.556 | INFO     | plugrl_env_client.runner.rollout:log_timing_summary:98 - Intermediate rollout timing summary: env_steps=137515 infer_calls=34527 feedback_calls=34526 infer_wait=1248.411s infer_obs_pack=1.447s env_step=885.945s feedback_total=6.187s feedback_obs_pack=2.029s feedback_info_pack=0.109s effective_fps=64.20
2026-09-28 11:54:38.558 | INFO     | plugrl_env_client.runner.rollout:log_timing_summary:98 - Intermediate rollout timing summary: env_steps=137554 infer_calls=34527 feedback_calls=34526 infer_wait=1249.143s infer_obs_pack=1.467s env_step=885.145s feedback_total=6.137s feedback_obs_pack=2.039s feedback_info_pack=0.107s effective_fps=64.22
2026-09-28 11:55:08.537 | INFO     | plugrl_env_client.runner.rollout:log_timing_summary:98 - Intermediate rollout timing summary: env_steps=140817 infer_calls=35351 feedback_calls=35350 infer_wait=1255.509s infer_obs_pack=1.480s env_step=908.557s feedback_total=6.310s feedback_obs_pack=2.046s feedback_info_pack=0.112s effective_fps=64.84
2026-09-28 11:55:08.561 | INFO     | plugrl_env_client.runner.rollout:log_timing_summary:98 - Intermediate rollout timing summary: env_steps=140801 infer_calls=35352 feedback_calls=35351 infer_wait=1256.581s infer_obs_pack=1.481s env_step=907.470s feedback_total=6.335s feedback_obs_pack=2.080s feedback_info_pack=0.111s effective_fps=64.83
2026-09-28 11:55:08.562 | INFO     | plugrl_env_client.runner.rollout:log_timing_summary:98 - Intermediate rollout timing summary: env_steps=140839 infer_calls=35352 feedback_calls=35351 infer_wait=1257.810s infer_obs_pack=1.503s env_step=906.169s feedback_total=6.287s feedback_obs_pack=2.089s feedback_info_pack=0.110s effective_fps=64.85
2026-09-28 11:57:24.719 | INFO     | plugrl_env_client.runner.rollout:log_timing_summary:98 - Intermediate rollout timing summary: env_steps=143416 infer_calls=36001 feedback_calls=36000 infer_wait=1377.103s infer_obs_pack=1.531s env_step=922.783s feedback_total=6.405s feedback_obs_pack=2.127s feedback_info_pack=0.112s effective_fps=62.14
2026-09-28 11:57:24.719 | INFO     | plugrl_env_client.runner.rollout:log_timing_summary:98 - Intermediate rollout timing summary: env_steps=143407 infer_calls=36001 feedback_calls=36000 infer_wait=1374.781s infer_obs_pack=1.507s env_step=925.226s feedback_total=6.424s feedback_obs_pack=2.084s feedback_info_pack=0.114s effective_fps=62.14
2026-09-28 11:57:24.721 | INFO     | plugrl_env_client.runner.rollout:log_timing_summary:98 - Intermediate rollout timing summary: env_steps=143383 infer_calls=36001 feedback_calls=36000 infer_wait=1375.943s infer_obs_pack=1.511s env_step=924.023s feedback_total=6.446s feedback_obs_pack=2.118s feedback_info_pack=0.113s effective_fps=62.13
2026-09-28 11:57:54.721 | INFO     | plugrl_env_client.runner.rollout:log_timing_summary:98 - Intermediate rollout timing summary: env_steps=146896 infer_calls=36874 feedback_calls=36874 infer_wait=1384.843s infer_obs_pack=1.568s env_step=944.712s feedback_total=6.561s feedback_obs_pack=2.178s feedback_info_pack=0.114s effective_fps=62.84
2026-09-28 11:57:54.726 | INFO     | plugrl_env_client.runner.rollout:log_timing_summary:98 - Intermediate rollout timing summary: env_steps=146865 infer_calls=36874 feedback_calls=36874 infer_wait=1383.827s infer_obs_pack=1.547s env_step=945.811s feedback_total=6.607s feedback_obs_pack=2.173s feedback_info_pack=0.116s effective_fps=62.82
2026-09-28 11:57:54.745 | INFO     | plugrl_env_client.runner.rollout:log_timing_summary:98 - Intermediate rollout timing summary: env_steps=146894 infer_calls=36875 feedback_calls=36874 infer_wait=1382.788s infer_obs_pack=1.543s env_step=946.924s feedback_total=6.579s feedback_obs_pack=2.134s feedback_info_pack=0.117s effective_fps=62.83
2026-09-28 11:58:24.723 | INFO     | plugrl_env_client.runner.rollout:log_timing_summary:98 - Intermediate rollout timing summary: env_steps=150140 infer_calls=37688 feedback_calls=37688 infer_wait=1393.119s infer_obs_pack=1.602s env_step=966.137s feedback_total=6.704s feedback_obs_pack=2.226s feedback_info_pack=0.117s effective_fps=63.42
2026-09-28 11:58:24.737 | INFO     | plugrl_env_client.runner.rollout:log_timing_summary:98 - Intermediate rollout timing summary: env_steps=150112 infer_calls=37689 feedback_calls=37688 infer_wait=1392.165s infer_obs_pack=1.581s env_step=967.186s feedback_total=6.750s feedback_obs_pack=2.220s feedback_info_pack=0.119s effective_fps=63.40
2026-09-28 11:58:24.748 | INFO     | plugrl_env_client.runner.rollout:log_timing_summary:98 - Intermediate rollout timing summary: env_steps=150138 infer_calls=37689 feedback_calls=37688 infer_wait=1391.596s infer_obs_pack=1.576s env_step=967.819s feedback_total=6.723s feedback_obs_pack=2.180s feedback_info_pack=0.119s effective_fps=63.41
2026-09-28 11:58:54.726 | INFO     | plugrl_env_client.runner.rollout:log_timing_summary:98 - Intermediate rollout timing summary: env_steps=153417 infer_calls=38509 feedback_calls=38508 infer_wait=1401.557s infer_obs_pack=1.637s env_step=987.393s feedback_total=6.853s feedback_obs_pack=2.275s feedback_info_pack=0.119s effective_fps=63.99
2026-09-28 11:58:54.750 | INFO     | plugrl_env_client.runner.rollout:log_timing_summary:98 - Intermediate rollout timing summary: env_steps=153409 infer_calls=38510 feedback_calls=38509 infer_wait=1400.188s infer_obs_pack=1.610s env_step=988.927s feedback_total=6.868s feedback_obs_pack=2.226s feedback_info_pack=0.122s effective_fps=63.98
2026-09-28 11:58:54.750 | INFO     | plugrl_env_client.runner.rollout:log_timing_summary:98 - Intermediate rollout timing summary: env_steps=153383 infer_calls=38510 feedback_calls=38509 infer_wait=1400.799s infer_obs_pack=1.615s env_step=988.263s feedback_total=6.893s feedback_obs_pack=2.268s feedback_info_pack=0.121s effective_fps=63.97
2026-09-28 11:59:24.729 | INFO     | plugrl_env_client.runner.rollout:log_timing_summary:98 - Intermediate rollout timing summary: env_steps=156728 infer_calls=39340 feedback_calls=39340 infer_wait=1409.786s infer_obs_pack=1.672s env_step=1008.854s feedback_total=6.997s feedback_obs_pack=2.323s feedback_info_pack=0.122s effective_fps=64.57
2026-09-28 11:59:24.750 | INFO     | plugrl_env_client.runner.rollout:log_timing_summary:98 - Intermediate rollout timing summary: env_steps=156720 infer_calls=39341 feedback_calls=39340 infer_wait=1408.413s infer_obs_pack=1.644s env_step=1010.397s feedback_total=7.015s feedback_obs_pack=2.274s feedback_info_pack=0.125s effective_fps=64.56
2026-09-28 11:59:24.753 | INFO     | plugrl_env_client.runner.rollout:log_timing_summary:98 - Intermediate rollout timing summary: env_steps=156688 infer_calls=39341 feedback_calls=39340 infer_wait=1409.256s infer_obs_pack=1.651s env_step=1009.500s feedback_total=7.038s feedback_obs_pack=2.317s feedback_info_pack=0.124s effective_fps=64.55
2026-09-28 12:01:41.086 | INFO     | plugrl_env_client.runner.rollout:log_timing_summary:98 - Intermediate rollout timing summary: env_steps=159349 infer_calls=40002 feedback_calls=40001 infer_wait=1527.376s infer_obs_pack=1.672s env_step=1027.522s feedback_total=7.132s feedback_obs_pack=2.312s feedback_info_pack=0.127s effective_fps=62.16
2026-09-28 12:01:41.087 | INFO     | plugrl_env_client.runner.rollout:log_timing_summary:98 - Intermediate rollout timing summary: env_steps=159324 infer_calls=40002 feedback_calls=40001 infer_wait=1528.278s infer_obs_pack=1.678s env_step=1026.570s feedback_total=7.157s feedback_obs_pack=2.356s feedback_info_pack=0.126s effective_fps=62.15
2026-09-28 12:01:41.090 | INFO     | plugrl_env_client.runner.rollout:log_timing_summary:98 - Intermediate rollout timing summary: env_steps=159368 infer_calls=40002 feedback_calls=40001 infer_wait=1528.538s infer_obs_pack=1.703s env_step=1026.210s feedback_total=7.119s feedback_obs_pack=2.361s feedback_info_pack=0.124s effective_fps=62.17
2026-09-28 12:02:11.087 | INFO     | plugrl_env_client.runner.rollout:log_timing_summary:98 - Intermediate rollout timing summary: env_steps=162849 infer_calls=40878 feedback_calls=40877 infer_wait=1535.019s infer_obs_pack=1.708s env_step=1049.557s feedback_total=7.289s feedback_obs_pack=2.363s feedback_info_pack=0.130s effective_fps=62.79
2026-09-28 12:02:11.088 | INFO     | plugrl_env_client.runner.rollout:log_timing_summary:98 - Intermediate rollout timing summary: env_steps=162808 infer_calls=40878 feedback_calls=40878 infer_wait=1536.193s infer_obs_pack=1.714s env_step=1048.324s feedback_total=7.312s feedback_obs_pack=2.407s feedback_info_pack=0.129s effective_fps=62.77
2026-09-28 12:02:11.093 | INFO     | plugrl_env_client.runner.rollout:log_timing_summary:98 - Intermediate rollout timing summary: env_steps=162859 infer_calls=40878 feedback_calls=40878 infer_wait=1536.680s infer_obs_pack=1.740s env_step=1047.731s feedback_total=7.275s feedback_obs_pack=2.412s feedback_info_pack=0.127s effective_fps=62.80
2026-09-28 12:02:41.090 | INFO     | plugrl_env_client.runner.rollout:log_timing_summary:98 - Intermediate rollout timing summary: env_steps=166106 infer_calls=41705 feedback_calls=41705 infer_wait=1544.548s infer_obs_pack=1.748s env_step=1069.672s feedback_total=7.453s feedback_obs_pack=2.455s feedback_info_pack=0.131s effective_fps=63.32
2026-09-28 12:02:41.090 | INFO     | plugrl_env_client.runner.rollout:log_timing_summary:98 - Intermediate rollout timing summary: env_steps=166147 infer_calls=41705 feedback_calls=41705 infer_wait=1543.381s infer_obs_pack=1.742s env_step=1070.894s feedback_total=7.436s feedback_obs_pack=2.411s feedback_info_pack=0.132s effective_fps=63.33
2026-09-28 12:02:41.106 | INFO     | plugrl_env_client.runner.rollout:log_timing_summary:98 - Intermediate rollout timing summary: env_steps=166160 infer_calls=41706 feedback_calls=41705 infer_wait=1544.677s infer_obs_pack=1.775s env_step=1069.437s feedback_total=7.421s feedback_obs_pack=2.460s feedback_info_pack=0.129s effective_fps=63.34
2026-09-28 12:03:11.096 | INFO     | plugrl_env_client.runner.rollout:log_timing_summary:98 - Intermediate rollout timing summary: env_steps=169435 infer_calls=42529 feedback_calls=42529 infer_wait=1551.822s infer_obs_pack=1.777s env_step=1092.158s feedback_total=7.579s feedback_obs_pack=2.459s feedback_info_pack=0.135s effective_fps=63.86
2026-09-28 12:03:11.097 | INFO     | plugrl_env_client.runner.rollout:log_timing_summary:98 - Intermediate rollout timing summary: env_steps=169386 infer_calls=42529 feedback_calls=42528 infer_wait=1553.294s infer_obs_pack=1.783s env_step=1090.628s feedback_total=7.597s feedback_obs_pack=2.504s feedback_info_pack=0.134s effective_fps=63.84
2026-09-28 12:03:11.118 | INFO     | plugrl_env_client.runner.rollout:log_timing_summary:98 - Intermediate rollout timing summary: env_steps=169450 infer_calls=42530 feedback_calls=42529 infer_wait=1552.952s infer_obs_pack=1.811s env_step=1090.875s feedback_total=7.562s feedback_obs_pack=2.509s feedback_info_pack=0.132s effective_fps=63.87
2026-09-28 12:03:41.097 | INFO     | plugrl_env_client.runner.rollout:log_timing_summary:98 - Intermediate rollout timing summary: env_steps=172628 infer_calls=43343 feedback_calls=43342 infer_wait=1561.926s infer_obs_pack=1.818s env_step=1111.681s feedback_total=7.748s feedback_obs_pack=2.552s feedback_info_pack=0.136s effective_fps=64.34
2026-09-28 12:03:41.098 | INFO     | plugrl_env_client.runner.rollout:log_timing_summary:98 - Intermediate rollout timing summary: env_steps=172673 infer_calls=43343 feedback_calls=43342 infer_wait=1560.635s infer_obs_pack=1.810s env_step=1113.035s feedback_total=7.730s feedback_obs_pack=2.512s feedback_info_pack=0.137s effective_fps=64.35
2026-09-28 12:03:41.129 | INFO     | plugrl_env_client.runner.rollout:log_timing_summary:98 - Intermediate rollout timing summary: env_steps=172690 infer_calls=43344 feedback_calls=43343 infer_wait=1561.410s infer_obs_pack=1.845s env_step=1112.113s feedback_total=7.709s feedback_obs_pack=2.559s feedback_info_pack=0.134s effective_fps=64.36
2026-09-28 12:05:57.215 | INFO     | plugrl_env_client.runner.rollout:log_timing_summary:98 - Intermediate rollout timing summary: env_steps=175308 infer_calls=44002 feedback_calls=44001 infer_wait=1680.399s infer_obs_pack=1.873s env_step=1128.961s feedback_total=7.827s feedback_obs_pack=2.600s feedback_info_pack=0.136s effective_fps=62.19
2026-09-28 12:05:57.221 | INFO     | plugrl_env_client.runner.rollout:log_timing_summary:98 - Intermediate rollout timing summary: env_steps=175255 infer_calls=44002 feedback_calls=44001 infer_wait=1681.083s infer_obs_pack=1.845s env_step=1128.405s feedback_total=7.862s feedback_obs_pack=2.591s feedback_info_pack=0.139s effective_fps=62.16
2026-09-28 12:05:57.228 | INFO     | plugrl_env_client.runner.rollout:log_timing_summary:98 - Intermediate rollout timing summary: env_steps=175296 infer_calls=44002 feedback_calls=44001 infer_wait=1679.476s infer_obs_pack=1.837s env_step=1130.076s feedback_total=7.848s feedback_obs_pack=2.550s feedback_info_pack=0.139s effective_fps=62.18
2026-09-28 12:06:27.219 | INFO     | plugrl_env_client.runner.rollout:log_timing_summary:98 - Intermediate rollout timing summary: env_steps=178881 infer_calls=44900 feedback_calls=44899 infer_wait=1688.193s infer_obs_pack=1.911s env_step=1150.836s feedback_total=7.985s feedback_obs_pack=2.652s feedback_info_pack=0.139s effective_fps=62.79
2026-09-28 12:06:27.226 | INFO     | plugrl_env_client.runner.rollout:log_timing_summary:98 - Intermediate rollout timing summary: env_steps=178828 infer_calls=44900 feedback_calls=44899 infer_wait=1688.472s infer_obs_pack=1.882s env_step=1150.684s feedback_total=8.026s feedback_obs_pack=2.643s feedback_info_pack=0.141s effective_fps=62.77
2026-09-28 12:06:27.230 | INFO     | plugrl_env_client.runner.rollout:log_timing_summary:98 - Intermediate rollout timing summary: env_steps=178877 infer_calls=44900 feedback_calls=44899 infer_wait=1687.209s infer_obs_pack=1.874s env_step=1152.016s feedback_total=8.008s feedback_obs_pack=2.601s feedback_info_pack=0.142s effective_fps=62.78
2026-09-28 12:06:57.229 | INFO     | plugrl_env_client.runner.rollout:log_timing_summary:98 - Intermediate rollout timing summary: env_steps=182188 infer_calls=45729 feedback_calls=45728 infer_wait=1696.487s infer_obs_pack=1.947s env_step=1172.241s feedback_total=8.136s feedback_obs_pack=2.700s feedback_info_pack=0.142s effective_fps=63.29
2026-09-28 12:06:57.229 | INFO     | plugrl_env_client.runner.rollout:log_timing_summary:98 - Intermediate rollout timing summary: env_steps=182131 infer_calls=45729 feedback_calls=45728 infer_wait=1696.948s infer_obs_pack=1.917s env_step=1171.902s feedback_total=8.178s feedback_obs_pack=2.690s feedback_info_pack=0.144s effective_fps=63.26
2026-09-28 12:06:57.235 | INFO     | plugrl_env_client.runner.rollout:log_timing_summary:98 - Intermediate rollout timing summary: env_steps=182181 infer_calls=45729 feedback_calls=45728 infer_wait=1695.675s infer_obs_pack=1.908s env_step=1173.253s feedback_total=8.153s feedback_obs_pack=2.648s feedback_info_pack=0.145s effective_fps=63.28
2026-09-28 12:07:27.236 | INFO     | plugrl_env_client.runner.rollout:log_timing_summary:98 - Intermediate rollout timing summary: env_steps=185506 infer_calls=46562 feedback_calls=46561 infer_wait=1704.888s infer_obs_pack=1.983s env_step=1193.529s feedback_total=8.290s feedback_obs_pack=2.751s feedback_info_pack=0.144s effective_fps=63.78
2026-09-28 12:07:27.236 | INFO     | plugrl_env_client.runner.rollout:log_timing_summary:98 - Intermediate rollout timing summary: env_steps=185501 infer_calls=46562 feedback_calls=46561 infer_wait=1704.069s infer_obs_pack=1.943s env_step=1194.557s feedback_total=8.301s feedback_obs_pack=2.695s feedback_info_pack=0.147s effective_fps=63.77
2026-09-28 12:07:27.243 | INFO     | plugrl_env_client.runner.rollout:log_timing_summary:98 - Intermediate rollout timing summary: env_steps=185445 infer_calls=46562 feedback_calls=46561 infer_wait=1705.417s infer_obs_pack=1.955s env_step=1193.124s feedback_total=8.332s feedback_obs_pack=2.742s feedback_info_pack=0.147s effective_fps=63.75
2026-09-28 12:07:57.243 | INFO     | plugrl_env_client.runner.rollout:log_timing_summary:98 - Intermediate rollout timing summary: env_steps=188809 infer_calls=47391 feedback_calls=47390 infer_wait=1713.493s infer_obs_pack=2.018s env_step=1214.618s feedback_total=8.439s feedback_obs_pack=2.802s feedback_info_pack=0.147s effective_fps=64.25
2026-09-28 12:07:57.244 | INFO     | plugrl_env_client.runner.rollout:log_timing_summary:98 - Intermediate rollout timing summary: env_steps=188804 infer_calls=47391 feedback_calls=47390 infer_wait=1712.427s infer_obs_pack=1.978s env_step=1215.904s feedback_total=8.449s feedback_obs_pack=2.743s feedback_info_pack=0.150s effective_fps=64.25
2026-09-28 12:07:57.244 | INFO     | plugrl_env_client.runner.rollout:log_timing_summary:98 - Intermediate rollout timing summary: env_steps=188745 infer_calls=47391 feedback_calls=47390 infer_wait=1713.816s infer_obs_pack=1.989s env_step=1214.417s feedback_total=8.478s feedback_obs_pack=2.790s feedback_info_pack=0.149s effective_fps=64.23
2026-09-28 12:10:12.727 | INFO     | plugrl_env_client.runner.rollout:log_timing_summary:98 - Intermediate rollout timing summary: env_steps=191238 infer_calls=48002 feedback_calls=48001 infer_wait=1831.538s infer_obs_pack=2.003s env_step=1232.049s feedback_total=8.561s feedback_obs_pack=2.779s feedback_info_pack=0.152s effective_fps=62.21
2026-09-28 12:10:12.727 | INFO     | plugrl_env_client.runner.rollout:log_timing_summary:98 - Intermediate rollout timing summary: env_steps=191176 infer_calls=48002 feedback_calls=48001 infer_wait=1833.447s infer_obs_pack=2.015s env_step=1230.038s feedback_total=8.590s feedback_obs_pack=2.828s feedback_info_pack=0.151s effective_fps=62.19
2026-09-28 12:10:12.730 | INFO     | plugrl_env_client.runner.rollout:log_timing_summary:98 - Intermediate rollout timing summary: env_steps=191245 infer_calls=48002 feedback_calls=48001 infer_wait=1833.166s infer_obs_pack=2.044s env_step=1230.206s feedback_total=8.545s feedback_obs_pack=2.838s feedback_info_pack=0.148s effective_fps=62.21
2026-09-28 12:10:42.738 | INFO     | plugrl_env_client.runner.rollout:log_timing_summary:98 - Intermediate rollout timing summary: env_steps=194827 infer_calls=48919 feedback_calls=48918 infer_wait=1841.052s infer_obs_pack=2.052s env_step=1252.102s feedback_total=8.754s feedback_obs_pack=2.881s feedback_info_pack=0.154s effective_fps=62.77
2026-09-28 12:10:42.738 | INFO     | plugrl_env_client.runner.rollout:log_timing_summary:98 - Intermediate rollout timing summary: env_steps=194897 infer_calls=48919 feedback_calls=48918 infer_wait=1841.047s infer_obs_pack=2.082s env_step=1251.984s feedback_total=8.709s feedback_obs_pack=2.891s feedback_info_pack=0.151s effective_fps=62.79
2026-09-28 12:10:42.742 | INFO     | plugrl_env_client.runner.rollout:log_timing_summary:98 - Intermediate rollout timing summary: env_steps=194886 infer_calls=48919 feedback_calls=48918 infer_wait=1838.629s infer_obs_pack=2.041s env_step=1254.633s feedback_total=8.726s feedback_obs_pack=2.834s feedback_info_pack=0.155s effective_fps=62.78
2026-09-28 12:11:12.741 | INFO     | plugrl_env_client.runner.rollout:log_timing_summary:98 - Intermediate rollout timing summary: env_steps=198095 infer_calls=49738 feedback_calls=49737 infer_wait=1849.552s infer_obs_pack=2.087s env_step=1273.292s feedback_total=8.907s feedback_obs_pack=2.934s feedback_info_pack=0.157s effective_fps=63.21
2026-09-28 12:11:12.743 | INFO     | plugrl_env_client.runner.rollout:log_timing_summary:98 - Intermediate rollout timing summary: env_steps=198164 infer_calls=49738 feedback_calls=49738 infer_wait=1849.390s infer_obs_pack=2.117s env_step=1273.332s feedback_total=8.859s feedback_obs_pack=2.939s feedback_info_pack=0.154s effective_fps=63.24
2026-09-28 12:11:12.747 | INFO     | plugrl_env_client.runner.rollout:log_timing_summary:98 - Intermediate rollout timing summary: env_steps=198152 infer_calls=49738 feedback_calls=49738 infer_wait=1847.244s infer_obs_pack=2.075s env_step=1275.720s feedback_total=8.874s feedback_obs_pack=2.881s feedback_info_pack=0.157s effective_fps=63.23
2026-09-28 12:11:42.743 | INFO     | plugrl_env_client.runner.rollout:log_timing_summary:98 - Intermediate rollout timing summary: env_steps=201373 infer_calls=50563 feedback_calls=50562 infer_wait=1858.082s infer_obs_pack=2.121s env_step=1294.452s feedback_total=9.053s feedback_obs_pack=2.982s feedback_info_pack=0.159s effective_fps=63.65
2026-09-28 12:11:42.745 | INFO     | plugrl_env_client.runner.rollout:log_timing_summary:98 - Intermediate rollout timing summary: env_steps=201446 infer_calls=50563 feedback_calls=50563 infer_wait=1857.552s infer_obs_pack=2.152s env_step=1294.869s feedback_total=9.001s feedback_obs_pack=2.986s feedback_info_pack=0.156s effective_fps=63.68
2026-09-28 12:11:42.762 | INFO     | plugrl_env_client.runner.rollout:log_timing_summary:98 - Intermediate rollout timing summary: env_steps=201442 infer_calls=50564 feedback_calls=50563 infer_wait=1855.828s infer_obs_pack=2.109s env_step=1296.845s feedback_total=9.023s feedback_obs_pack=2.929s feedback_info_pack=0.160s effective_fps=63.67
2026-09-28 12:12:12.747 | INFO     | plugrl_env_client.runner.rollout:log_timing_summary:98 - Intermediate rollout timing summary: env_steps=204729 infer_calls=51388 feedback_calls=51388 infer_wait=1866.286s infer_obs_pack=2.188s env_step=1315.824s feedback_total=9.148s feedback_obs_pack=3.034s feedback_info_pack=0.159s effective_fps=64.11
2026-09-28 12:12:12.763 | INFO     | plugrl_env_client.runner.rollout:log_timing_summary:98 - Intermediate rollout timing summary: env_steps=204727 infer_calls=51389 feedback_calls=51388 infer_wait=1864.356s infer_obs_pack=2.143s env_step=1318.019s feedback_total=9.165s feedback_obs_pack=2.975s feedback_info_pack=0.162s effective_fps=64.10
2026-09-28 12:12:12.764 | INFO     | plugrl_env_client.runner.rollout:log_timing_summary:98 - Intermediate rollout timing summary: env_steps=204655 infer_calls=51389 feedback_calls=51388 infer_wait=1866.707s infer_obs_pack=2.155s env_step=1315.535s feedback_total=9.203s feedback_obs_pack=3.029s feedback_info_pack=0.162s effective_fps=64.08
2026-09-28 12:14:28.603 | INFO     | plugrl_env_client.runner.rollout:log_timing_summary:98 - Intermediate rollout timing summary: env_steps=207175 infer_calls=52002 feedback_calls=52001 infer_wait=1983.952s infer_obs_pack=2.171s env_step=1334.038s feedback_total=9.270s feedback_obs_pack=3.010s feedback_info_pack=0.164s effective_fps=62.23
2026-09-28 12:14:28.603 | INFO     | plugrl_env_client.runner.rollout:log_timing_summary:98 - Intermediate rollout timing summary: env_steps=207100 infer_calls=52002 feedback_calls=52001 infer_wait=1986.314s infer_obs_pack=2.181s env_step=1331.542s feedback_total=9.315s feedback_obs_pack=3.065s feedback_info_pack=0.164s effective_fps=62.20
2026-09-28 12:14:28.612 | INFO     | plugrl_env_client.runner.rollout:log_timing_summary:98 - Intermediate rollout timing summary: env_steps=207168 infer_calls=52002 feedback_calls=52001 infer_wait=1986.040s infer_obs_pack=2.216s env_step=1331.699s feedback_total=9.261s feedback_obs_pack=3.073s feedback_info_pack=0.161s effective_fps=62.23
2026-09-28 12:14:58.607 | INFO     | plugrl_env_client.runner.rollout:log_timing_summary:98 - Intermediate rollout timing summary: env_steps=210685 infer_calls=52902 feedback_calls=52902 infer_wait=1994.068s infer_obs_pack=2.217s env_step=1353.457s feedback_total=9.474s feedback_obs_pack=3.117s feedback_info_pack=0.166s effective_fps=62.72
2026-09-28 12:14:58.619 | INFO     | plugrl_env_client.runner.rollout:log_timing_summary:98 - Intermediate rollout timing summary: env_steps=210755 infer_calls=52903 feedback_calls=52902 infer_wait=1993.741s infer_obs_pack=2.253s env_step=1353.667s feedback_total=9.421s feedback_obs_pack=3.126s feedback_info_pack=0.163s effective_fps=62.74
2026-09-28 12:14:58.621 | INFO     | plugrl_env_client.runner.rollout:log_timing_summary:98 - Intermediate rollout timing summary: env_steps=210763 infer_calls=52903 feedback_calls=52902 infer_wait=1991.591s infer_obs_pack=2.208s env_step=1356.088s feedback_total=9.427s feedback_obs_pack=3.062s feedback_info_pack=0.167s effective_fps=62.74
2026-09-28 12:15:28.618 | INFO     | plugrl_env_client.runner.rollout:log_timing_summary:98 - Intermediate rollout timing summary: env_steps=213973 infer_calls=53730 feedback_calls=53729 infer_wait=2002.561s infer_obs_pack=2.252s env_step=1374.666s feedback_total=9.626s feedback_obs_pack=3.167s feedback_info_pack=0.169s effective_fps=63.14
2026-09-28 12:15:28.622 | INFO     | plugrl_env_client.runner.rollout:log_timing_summary:98 - Intermediate rollout timing summary: env_steps=214046 infer_calls=53730 feedback_calls=53729 infer_wait=2002.421s infer_obs_pack=2.289s env_step=1374.671s feedback_total=9.576s feedback_obs_pack=3.176s feedback_info_pack=0.166s effective_fps=63.16
2026-09-28 12:15:28.622 | INFO     | plugrl_env_client.runner.rollout:log_timing_summary:98 - Intermediate rollout timing summary: env_steps=214060 infer_calls=53730 feedback_calls=53729 infer_wait=1999.822s infer_obs_pack=2.242s env_step=1377.548s feedback_total=9.576s feedback_obs_pack=3.110s feedback_info_pack=0.170s effective_fps=63.16
2026-09-28 12:15:58.622 | INFO     | plugrl_env_client.runner.rollout:log_timing_summary:98 - Intermediate rollout timing summary: env_steps=217345 infer_calls=54558 feedback_calls=54557 infer_wait=2010.617s infer_obs_pack=2.324s env_step=1396.162s feedback_total=9.721s feedback_obs_pack=3.224s feedback_info_pack=0.168s effective_fps=63.57
2026-09-28 12:15:58.624 | INFO     | plugrl_env_client.runner.rollout:log_timing_summary:98 - Intermediate rollout timing summary: env_steps=217271 infer_calls=54558 feedback_calls=54557 infer_wait=2011.055s infer_obs_pack=2.287s env_step=1395.876s feedback_total=9.772s feedback_obs_pack=3.214s feedback_info_pack=0.171s effective_fps=63.55
2026-09-28 12:15:58.628 | INFO     | plugrl_env_client.runner.rollout:log_timing_summary:98 - Intermediate rollout timing summary: env_steps=217351 infer_calls=54558 feedback_calls=54557 infer_wait=2008.491s infer_obs_pack=2.277s env_step=1398.577s feedback_total=9.721s feedback_obs_pack=3.158s feedback_info_pack=0.172s effective_fps=63.57
2026-09-28 12:16:28.633 | INFO     | plugrl_env_client.runner.rollout:log_timing_summary:98 - Intermediate rollout timing summary: env_steps=220649 infer_calls=55384 feedback_calls=55383 infer_wait=2016.804s infer_obs_pack=2.311s env_step=1419.966s feedback_total=9.867s feedback_obs_pack=3.205s feedback_info_pack=0.175s effective_fps=63.98
2026-09-28 12:16:28.634 | INFO     | plugrl_env_client.runner.rollout:log_timing_summary:98 - Intermediate rollout timing summary: env_steps=220565 infer_calls=55384 feedback_calls=55383 infer_wait=2019.296s infer_obs_pack=2.322s env_step=1417.336s feedback_total=9.919s feedback_obs_pack=3.262s feedback_info_pack=0.174s effective_fps=63.95
2026-09-28 12:16:28.634 | INFO     | plugrl_env_client.runner.rollout:log_timing_summary:98 - Intermediate rollout timing summary: env_steps=220636 infer_calls=55384 feedback_calls=55383 infer_wait=2019.533s infer_obs_pack=2.360s env_step=1416.953s feedback_total=9.865s feedback_obs_pack=3.273s feedback_info_pack=0.171s effective_fps=63.98
2026-09-28 12:18:44.314 | INFO     | plugrl_env_client.runner.rollout:log_timing_summary:98 - Intermediate rollout timing summary: env_steps=223034 infer_calls=56002 feedback_calls=56001 infer_wait=2139.027s infer_obs_pack=2.348s env_step=1433.043s feedback_total=10.043s feedback_obs_pack=3.298s feedback_info_pack=0.176s effective_fps=62.22
2026-09-28 12:18:44.314 | INFO     | plugrl_env_client.runner.rollout:log_timing_summary:98 - Intermediate rollout timing summary: env_steps=223096 infer_calls=56002 feedback_calls=56001 infer_wait=2138.865s infer_obs_pack=2.386s env_step=1433.072s feedback_total=9.973s feedback_obs_pack=3.309s feedback_info_pack=0.173s effective_fps=62.24
2026-09-28 12:18:44.317 | INFO     | plugrl_env_client.runner.rollout:log_timing_summary:98 - Intermediate rollout timing summary: env_steps=223112 infer_calls=56002 feedback_calls=56001 infer_wait=2136.517s infer_obs_pack=2.336s env_step=1435.710s feedback_total=9.977s feedback_obs_pack=3.240s feedback_info_pack=0.177s effective_fps=62.24
2026-09-28 12:19:14.314 | INFO     | plugrl_env_client.runner.rollout:log_timing_summary:98 - Intermediate rollout timing summary: env_steps=226640 infer_calls=56908 feedback_calls=56907 infer_wait=2146.627s infer_obs_pack=2.385s env_step=1455.108s feedback_total=10.202s feedback_obs_pack=3.351s feedback_info_pack=0.179s effective_fps=62.71
2026-09-28 12:19:14.318 | INFO     | plugrl_env_client.runner.rollout:log_timing_summary:98 - Intermediate rollout timing summary: env_steps=226717 infer_calls=56908 feedback_calls=56907 infer_wait=2144.081s infer_obs_pack=2.373s env_step=1457.813s feedback_total=10.137s feedback_obs_pack=3.292s feedback_info_pack=0.180s effective_fps=62.73
2026-09-28 12:19:14.319 | INFO     | plugrl_env_client.runner.rollout:log_timing_summary:98 - Intermediate rollout timing summary: env_steps=226708 infer_calls=56908 feedback_calls=56907 infer_wait=2146.174s infer_obs_pack=2.424s env_step=1455.434s feedback_total=10.132s feedback_obs_pack=3.361s feedback_info_pack=0.176s effective_fps=62.73
2026-09-28 12:19:44.319 | INFO     | plugrl_env_client.runner.rollout:log_timing_summary:98 - Intermediate rollout timing summary: env_steps=229989 infer_calls=57731 feedback_calls=57731 infer_wait=2154.959s infer_obs_pack=2.459s env_step=1476.341s feedback_total=10.278s feedback_obs_pack=3.409s feedback_info_pack=0.178s effective_fps=63.11
2026-09-28 12:19:44.331 | INFO     | plugrl_env_client.runner.rollout:log_timing_summary:98 - Intermediate rollout timing summary: env_steps=229921 infer_calls=57732 feedback_calls=57731 infer_wait=2155.244s infer_obs_pack=2.419s env_step=1476.203s feedback_total=10.344s feedback_obs_pack=3.398s feedback_info_pack=0.181s effective_fps=63.09
2026-09-28 12:19:44.336 | INFO     | plugrl_env_client.runner.rollout:log_timing_summary:98 - Intermediate rollout timing summary: env_steps=230002 infer_calls=57732 feedback_calls=57731 infer_wait=2152.228s infer_obs_pack=2.407s env_step=1479.379s feedback_total=10.289s feedback_obs_pack=3.339s feedback_info_pack=0.182s effective_fps=63.11
2026-09-28 12:20:14.325 | INFO     | plugrl_env_client.runner.rollout:log_timing_summary:98 - Intermediate rollout timing summary: env_steps=233264 infer_calls=58554 feedback_calls=58553 infer_wait=2163.389s infer_obs_pack=2.494s env_step=1497.611s feedback_total=10.424s feedback_obs_pack=3.457s feedback_info_pack=0.180s effective_fps=63.49
2026-09-28 12:20:14.344 | INFO     | plugrl_env_client.runner.rollout:log_timing_summary:98 - Intermediate rollout timing summary: env_steps=233202 infer_calls=58555 feedback_calls=58554 infer_wait=2163.879s infer_obs_pack=2.459s env_step=1497.265s feedback_total=10.494s feedback_obs_pack=3.446s feedback_info_pack=0.184s effective_fps=63.47
2026-09-28 12:20:14.350 | INFO     | plugrl_env_client.runner.rollout:log_timing_summary:98 - Intermediate rollout timing summary: env_steps=233284 infer_calls=58555 feedback_calls=58554 infer_wait=2160.909s infer_obs_pack=2.441s env_step=1500.407s feedback_total=10.433s feedback_obs_pack=3.386s feedback_info_pack=0.185s effective_fps=63.49
2026-09-28 12:20:44.326 | INFO     | plugrl_env_client.runner.rollout:log_timing_summary:98 - Intermediate rollout timing summary: env_steps=236606 infer_calls=59393 feedback_calls=59393 infer_wait=2171.892s infer_obs_pack=2.530s env_step=1518.795s feedback_total=10.575s feedback_obs_pack=3.508s feedback_info_pack=0.183s effective_fps=63.88
2026-09-28 12:20:44.345 | INFO     | plugrl_env_client.runner.rollout:log_timing_summary:98 - Intermediate rollout timing summary: env_steps=236550 infer_calls=59394 feedback_calls=59393 infer_wait=2171.982s infer_obs_pack=2.494s env_step=1518.859s feedback_total=10.643s feedback_obs_pack=3.495s feedback_info_pack=0.187s effective_fps=63.86
2026-09-28 12:20:44.351 | INFO     | plugrl_env_client.runner.rollout:log_timing_summary:98 - Intermediate rollout timing summary: env_steps=236627 infer_calls=59394 feedback_calls=59393 infer_wait=2169.340s infer_obs_pack=2.475s env_step=1521.670s feedback_total=10.582s feedback_obs_pack=3.435s feedback_info_pack=0.187s effective_fps=63.88
2026-09-28 12:23:00.274 | INFO     | plugrl_env_client.runner.rollout:log_timing_summary:98 - Intermediate rollout timing summary: env_steps=239045 infer_calls=60002 feedback_calls=60001 infer_wait=2289.645s infer_obs_pack=2.501s env_step=1537.055s feedback_total=10.692s feedback_obs_pack=3.471s feedback_info_pack=0.189s effective_fps=62.25
2026-09-28 12:23:00.278 | INFO     | plugrl_env_client.runner.rollout:log_timing_summary:98 - Intermediate rollout timing summary: env_steps=238975 infer_calls=60002 feedback_calls=60001 infer_wait=2291.821s infer_obs_pack=2.519s env_step=1534.730s feedback_total=10.750s feedback_obs_pack=3.530s feedback_info_pack=0.188s effective_fps=62.24
2026-09-28 12:23:00.282 | INFO     | plugrl_env_client.runner.rollout:log_timing_summary:98 - Intermediate rollout timing summary: env_steps=239020 infer_calls=60002 feedback_calls=60001 infer_wait=2292.310s infer_obs_pack=2.556s env_step=1534.103s feedback_total=10.682s feedback_obs_pack=3.544s feedback_info_pack=0.185s effective_fps=62.25
2026-09-28 12:23:30.276 | INFO     | plugrl_env_client.runner.rollout:log_timing_summary:98 - Intermediate rollout timing summary: env_steps=242645 infer_calls=60906 feedback_calls=60905 infer_wait=2296.973s infer_obs_pack=2.537s env_step=1559.392s feedback_total=10.852s feedback_obs_pack=3.522s feedback_info_pack=0.192s effective_fps=62.70
2026-09-28 12:23:30.281 | INFO     | plugrl_env_client.runner.rollout:log_timing_summary:98 - Intermediate rollout timing summary: env_steps=242585 infer_calls=60906 feedback_calls=60905 infer_wait=2299.242s infer_obs_pack=2.555s env_step=1556.981s feedback_total=10.909s feedback_obs_pack=3.583s feedback_info_pack=0.191s effective_fps=62.69
2026-09-28 12:23:30.283 | INFO     | plugrl_env_client.runner.rollout:log_timing_summary:98 - Intermediate rollout timing summary: env_steps=242623 infer_calls=60906 feedback_calls=60905 infer_wait=2299.895s infer_obs_pack=2.594s env_step=1556.182s feedback_total=10.842s feedback_obs_pack=3.596s feedback_info_pack=0.188s effective_fps=62.70
2026-09-28 12:24:00.281 | INFO     | plugrl_env_client.runner.rollout:log_timing_summary:98 - Intermediate rollout timing summary: env_steps=245950 infer_calls=61734 feedback_calls=61733 infer_wait=2305.422s infer_obs_pack=2.571s env_step=1580.639s feedback_total=11.004s feedback_obs_pack=3.569s feedback_info_pack=0.195s effective_fps=63.07
2026-09-28 12:24:00.286 | INFO     | plugrl_env_client.runner.rollout:log_timing_summary:98 - Intermediate rollout timing summary: env_steps=245876 infer_calls=61734 feedback_calls=61733 infer_wait=2307.757s infer_obs_pack=2.590s env_step=1578.157s feedback_total=11.064s feedback_obs_pack=3.631s feedback_info_pack=0.194s effective_fps=63.05
2026-09-28 12:24:00.287 | INFO     | plugrl_env_client.runner.rollout:log_timing_summary:98 - Intermediate rollout timing summary: env_steps=245923 infer_calls=61734 feedback_calls=61733 infer_wait=2308.236s infer_obs_pack=2.628s env_step=1577.537s feedback_total=10.989s feedback_obs_pack=3.644s feedback_info_pack=0.190s effective_fps=63.07
2026-09-28 12:24:30.285 | INFO     | plugrl_env_client.runner.rollout:log_timing_summary:98 - Intermediate rollout timing summary: env_steps=249287 infer_calls=62571 feedback_calls=62570 infer_wait=2313.572s infer_obs_pack=2.606s env_step=1602.183s feedback_total=11.155s feedback_obs_pack=3.617s feedback_info_pack=0.197s effective_fps=63.44
2026-09-28 12:24:30.288 | INFO     | plugrl_env_client.runner.rollout:log_timing_summary:98 - Intermediate rollout timing summary: env_steps=249215 infer_calls=62571 feedback_calls=62570 infer_wait=2316.408s infer_obs_pack=2.625s env_step=1599.198s feedback_total=11.212s feedback_obs_pack=3.681s feedback_info_pack=0.197s effective_fps=63.42
2026-09-28 12:24:30.292 | INFO     | plugrl_env_client.runner.rollout:log_timing_summary:98 - Intermediate rollout timing summary: env_steps=249254 infer_calls=62571 feedback_calls=62570 infer_wait=2316.838s infer_obs_pack=2.664s env_step=1598.622s feedback_total=11.138s feedback_obs_pack=3.693s feedback_info_pack=0.193s effective_fps=63.44
2026-09-28 12:25:00.290 | INFO     | plugrl_env_client.runner.rollout:log_timing_summary:98 - Intermediate rollout timing summary: env_steps=252589 infer_calls=63400 feedback_calls=63399 infer_wait=2322.004s infer_obs_pack=2.640s env_step=1623.451s feedback_total=11.304s feedback_obs_pack=3.665s feedback_info_pack=0.200s effective_fps=63.79
2026-09-28 12:25:00.291 | INFO     | plugrl_env_client.runner.rollout:log_timing_summary:98 - Intermediate rollout timing summary: env_steps=252518 infer_calls=63400 feedback_calls=63399 infer_wait=2325.039s infer_obs_pack=2.659s env_step=1620.255s feedback_total=11.363s feedback_obs_pack=3.730s feedback_info_pack=0.199s effective_fps=63.78
2026-09-28 12:25:00.296 | INFO     | plugrl_env_client.runner.rollout:log_timing_summary:98 - Intermediate rollout timing summary: env_steps=252557 infer_calls=63400 feedback_calls=63399 infer_wait=2325.296s infer_obs_pack=2.699s env_step=1619.856s feedback_total=11.288s feedback_obs_pack=3.742s feedback_info_pack=0.195s effective_fps=63.79
2026-09-28 12:27:15.273 | INFO     | plugrl_env_client.runner.rollout:log_timing_summary:98 - Intermediate rollout timing summary: env_steps=254913 infer_calls=64002 feedback_calls=64001 infer_wait=2444.287s infer_obs_pack=2.684s env_step=1635.766s feedback_total=11.471s feedback_obs_pack=3.764s feedback_info_pack=0.201s effective_fps=62.26
2026-09-28 12:27:15.277 | INFO     | plugrl_env_client.runner.rollout:log_timing_summary:98 - Intermediate rollout timing summary: env_steps=254957 infer_calls=64002 feedback_calls=64001 infer_wait=2444.617s infer_obs_pack=2.725s env_step=1635.298s feedback_total=11.394s feedback_obs_pack=3.776s feedback_info_pack=0.197s effective_fps=62.28
2026-09-28 12:27:15.277 | INFO     | plugrl_env_client.runner.rollout:log_timing_summary:98 - Intermediate rollout timing summary: env_steps=254981 infer_calls=64002 feedback_calls=64001 infer_wait=2441.340s infer_obs_pack=2.665s env_step=1638.879s feedback_total=11.411s feedback_obs_pack=3.700s feedback_info_pack=0.202s effective_fps=62.28
2026-09-28 12:27:45.277 | INFO     | plugrl_env_client.runner.rollout:log_timing_summary:98 - Intermediate rollout timing summary: env_steps=258582 infer_calls=64921 feedback_calls=64920 infer_wait=2451.259s infer_obs_pack=2.721s env_step=1658.463s feedback_total=11.633s feedback_obs_pack=3.817s feedback_info_pack=0.204s effective_fps=62.70
2026-09-28 12:27:45.278 | INFO     | plugrl_env_client.runner.rollout:log_timing_summary:98 - Intermediate rollout timing summary: env_steps=258625 infer_calls=64921 feedback_calls=64921 infer_wait=2451.678s infer_obs_pack=2.763s env_step=1657.895s feedback_total=11.554s feedback_obs_pack=3.830s feedback_info_pack=0.200s effective_fps=62.71
2026-09-28 12:27:45.282 | INFO     | plugrl_env_client.runner.rollout:log_timing_summary:98 - Intermediate rollout timing summary: env_steps=258635 infer_calls=64921 feedback_calls=64921 infer_wait=2448.611s infer_obs_pack=2.702s env_step=1661.272s feedback_total=11.571s feedback_obs_pack=3.752s feedback_info_pack=0.204s effective_fps=62.71
2026-09-28 12:28:15.280 | INFO     | plugrl_env_client.runner.rollout:log_timing_summary:98 - Intermediate rollout timing summary: env_steps=261807 infer_calls=65732 feedback_calls=65731 infer_wait=2459.968s infer_obs_pack=2.758s env_step=1679.444s feedback_total=11.783s feedback_obs_pack=3.866s feedback_info_pack=0.206s effective_fps=63.03
2026-09-28 12:28:15.281 | INFO     | plugrl_env_client.runner.rollout:log_timing_summary:98 - Intermediate rollout timing summary: env_steps=261851 infer_calls=65732 feedback_calls=65731 infer_wait=2460.211s infer_obs_pack=2.797s env_step=1679.060s feedback_total=11.698s feedback_obs_pack=3.876s feedback_info_pack=0.202s effective_fps=63.04
2026-09-28 12:28:15.285 | INFO     | plugrl_env_client.runner.rollout:log_timing_summary:98 - Intermediate rollout timing summary: env_steps=261868 infer_calls=65732 feedback_calls=65731 infer_wait=2456.970s infer_obs_pack=2.737s env_step=1682.607s feedback_total=11.726s feedback_obs_pack=3.798s feedback_info_pack=0.207s effective_fps=63.04
2026-09-28 12:28:45.283 | INFO     | plugrl_env_client.runner.rollout:log_timing_summary:98 - Intermediate rollout timing summary: env_steps=265094 infer_calls=66545 feedback_calls=66545 infer_wait=2468.972s infer_obs_pack=2.831s env_step=1699.996s feedback_total=11.848s feedback_obs_pack=3.925s feedback_info_pack=0.205s effective_fps=63.36
2026-09-28 12:28:45.300 | INFO     | plugrl_env_client.runner.rollout:log_timing_summary:98 - Intermediate rollout timing summary: env_steps=265052 infer_calls=66546 feedback_calls=66545 infer_wait=2468.332s infer_obs_pack=2.792s env_step=1700.799s feedback_total=11.930s feedback_obs_pack=3.915s feedback_info_pack=0.209s effective_fps=63.35
2026-09-28 12:28:45.300 | INFO     | plugrl_env_client.runner.rollout:log_timing_summary:98 - Intermediate rollout timing summary: env_steps=265106 infer_calls=66546 feedback_calls=66545 infer_wait=2465.373s infer_obs_pack=2.771s env_step=1703.919s feedback_total=11.871s feedback_obs_pack=3.845s feedback_info_pack=0.210s effective_fps=63.36
2026-09-28 12:29:15.290 | INFO     | plugrl_env_client.runner.rollout:log_timing_summary:98 - Intermediate rollout timing summary: env_steps=268393 infer_calls=67374 feedback_calls=67373 infer_wait=2477.284s infer_obs_pack=2.867s env_step=1721.380s feedback_total=11.997s feedback_obs_pack=3.976s feedback_info_pack=0.207s effective_fps=63.70
2026-09-28 12:29:15.302 | INFO     | plugrl_env_client.runner.rollout:log_timing_summary:98 - Intermediate rollout timing summary: env_steps=268358 infer_calls=67374 feedback_calls=67373 infer_wait=2476.637s infer_obs_pack=2.827s env_step=1722.193s feedback_total=12.075s feedback_obs_pack=3.963s feedback_info_pack=0.212s effective_fps=63.69
2026-09-28 12:29:15.305 | INFO     | plugrl_env_client.runner.rollout:log_timing_summary:98 - Intermediate rollout timing summary: env_steps=268416 infer_calls=67374 feedback_calls=67373 infer_wait=2473.761s infer_obs_pack=2.805s env_step=1725.236s feedback_total=12.018s feedback_obs_pack=3.892s feedback_info_pack=0.212s effective_fps=63.70
2026-09-28 12:31:31.865 | INFO     | plugrl_env_client.runner.rollout:log_timing_summary:98 - Intermediate rollout timing summary: env_steps=270914 infer_calls=68002 feedback_calls=68001 infer_wait=2593.854s infer_obs_pack=2.831s env_step=1741.473s feedback_total=12.128s feedback_obs_pack=3.928s feedback_info_pack=0.214s effective_fps=62.27
2026-09-28 12:31:31.865 | INFO     | plugrl_env_client.runner.rollout:log_timing_summary:98 - Intermediate rollout timing summary: env_steps=270899 infer_calls=68002 feedback_calls=68001 infer_wait=2597.364s infer_obs_pack=2.893s env_step=1737.641s feedback_total=12.109s feedback_obs_pack=4.015s feedback_info_pack=0.209s effective_fps=62.28
2026-09-28 12:31:31.866 | INFO     | plugrl_env_client.runner.rollout:log_timing_summary:98 - Intermediate rollout timing summary: env_steps=270859 infer_calls=68002 feedback_calls=68001 infer_wait=2596.862s infer_obs_pack=2.853s env_step=1738.305s feedback_total=12.184s feedback_obs_pack=4.000s feedback_info_pack=0.213s effective_fps=62.26
2026-09-28 12:32:01.874 | INFO     | plugrl_env_client.runner.rollout:log_timing_summary:98 - Intermediate rollout timing summary: env_steps=274542 infer_calls=68916 feedback_calls=68915 infer_wait=2604.419s infer_obs_pack=2.931s env_step=1760.259s feedback_total=12.266s feedback_obs_pack=4.068s feedback_info_pack=0.212s effective_fps=62.68
2026-09-28 12:32:01.874 | INFO     | plugrl_env_client.runner.rollout:log_timing_summary:98 - Intermediate rollout timing summary: env_steps=274548 infer_calls=68916 feedback_calls=68915 infer_wait=2601.344s infer_obs_pack=2.868s env_step=1763.646s feedback_total=12.295s feedback_obs_pack=3.980s feedback_info_pack=0.217s effective_fps=62.68
2026-09-28 12:32:01.874 | INFO     | plugrl_env_client.runner.rollout:log_timing_summary:98 - Intermediate rollout timing summary: env_steps=274501 infer_calls=68916 feedback_calls=68915 infer_wait=2604.197s infer_obs_pack=2.890s env_step=1760.641s feedback_total=12.342s feedback_obs_pack=4.053s feedback_info_pack=0.216s effective_fps=62.67
2026-09-28 12:32:31.875 | INFO     | plugrl_env_client.runner.rollout:log_timing_summary:98 - Intermediate rollout timing summary: env_steps=277853 infer_calls=69746 feedback_calls=69745 infer_wait=2609.669s infer_obs_pack=2.904s env_step=1785.003s feedback_total=12.449s feedback_obs_pack=4.029s feedback_info_pack=0.220s effective_fps=63.00
2026-09-28 12:32:31.875 | INFO     | plugrl_env_client.runner.rollout:log_timing_summary:98 - Intermediate rollout timing summary: env_steps=277801 infer_calls=69746 feedback_calls=69745 infer_wait=2612.621s infer_obs_pack=2.924s env_step=1781.906s feedback_total=12.490s feedback_obs_pack=4.101s feedback_info_pack=0.219s effective_fps=62.99
2026-09-28 12:32:31.875 | INFO     | plugrl_env_client.runner.rollout:log_timing_summary:98 - Intermediate rollout timing summary: env_steps=277850 infer_calls=69746 feedback_calls=69745 infer_wait=2612.602s infer_obs_pack=2.967s env_step=1781.771s feedback_total=12.414s feedback_obs_pack=4.117s feedback_info_pack=0.215s effective_fps=63.01
2026-09-28 12:33:01.882 | INFO     | plugrl_env_client.runner.rollout:log_timing_summary:98 - Intermediate rollout timing summary: env_steps=281132 infer_calls=70571 feedback_calls=70570 infer_wait=2621.084s infer_obs_pack=3.001s env_step=1802.980s feedback_total=12.559s feedback_obs_pack=4.166s feedback_info_pack=0.217s effective_fps=63.32
2026-09-28 12:33:01.882 | INFO     | plugrl_env_client.runner.rollout:log_timing_summary:98 - Intermediate rollout timing summary: env_steps=281088 infer_calls=70571 feedback_calls=70570 infer_wait=2621.008s infer_obs_pack=2.958s env_step=1803.221s feedback_total=12.638s feedback_obs_pack=4.151s feedback_info_pack=0.221s effective_fps=63.31
2026-09-28 12:33:01.883 | INFO     | plugrl_env_client.runner.rollout:log_timing_summary:98 - Intermediate rollout timing summary: env_steps=281141 infer_calls=70571 feedback_calls=70570 infer_wait=2618.456s infer_obs_pack=2.938s env_step=1805.919s feedback_total=12.596s feedback_obs_pack=4.077s feedback_info_pack=0.222s effective_fps=63.32
2026-09-28 12:33:31.888 | INFO     | plugrl_env_client.runner.rollout:log_timing_summary:98 - Intermediate rollout timing summary: env_steps=284424 infer_calls=71396 feedback_calls=71395 infer_wait=2626.942s infer_obs_pack=2.972s env_step=1827.125s feedback_total=12.743s feedback_obs_pack=4.124s feedback_info_pack=0.225s effective_fps=63.63
2026-09-28 12:33:31.888 | INFO     | plugrl_env_client.runner.rollout:log_timing_summary:98 - Intermediate rollout timing summary: env_steps=284375 infer_calls=71396 feedback_calls=71395 infer_wait=2629.395s infer_obs_pack=2.992s env_step=1824.542s feedback_total=12.783s feedback_obs_pack=4.199s feedback_info_pack=0.224s effective_fps=63.62
2026-09-28 12:33:31.893 | INFO     | plugrl_env_client.runner.rollout:log_timing_summary:98 - Intermediate rollout timing summary: env_steps=284421 infer_calls=71396 feedback_calls=71395 infer_wait=2629.613s infer_obs_pack=3.037s env_step=1824.155s feedback_total=12.706s feedback_obs_pack=4.214s feedback_info_pack=0.220s effective_fps=63.64
2026-09-28 12:35:46.855 | INFO     | plugrl_env_client.runner.rollout:log_timing_summary:98 - Intermediate rollout timing summary: env_steps=286835 infer_calls=72002 feedback_calls=72001 infer_wait=2748.891s infer_obs_pack=3.063s env_step=1839.611s feedback_total=12.812s feedback_obs_pack=4.249s feedback_info_pack=0.221s effective_fps=62.30
2026-09-28 12:35:46.857 | INFO     | plugrl_env_client.runner.rollout:log_timing_summary:98 - Intermediate rollout timing summary: env_steps=286839 infer_calls=72002 feedback_calls=72001 infer_wait=2745.887s infer_obs_pack=2.997s env_step=1842.927s feedback_total=12.850s feedback_obs_pack=4.158s feedback_info_pack=0.227s effective_fps=62.29
2026-09-28 12:35:46.857 | INFO     | plugrl_env_client.runner.rollout:log_timing_summary:98 - Intermediate rollout timing summary: env_steps=286784 infer_calls=72002 feedback_calls=72001 infer_wait=2748.596s infer_obs_pack=3.017s env_step=1840.082s feedback_total=12.892s feedback_obs_pack=4.235s feedback_info_pack=0.226s effective_fps=62.28
2026-09-28 12:36:16.858 | INFO     | plugrl_env_client.runner.rollout:log_timing_summary:98 - Intermediate rollout timing summary: env_steps=290353 infer_calls=72897 feedback_calls=72896 infer_wait=2756.220s infer_obs_pack=3.053s env_step=1862.122s feedback_total=13.052s feedback_obs_pack=4.287s feedback_info_pack=0.229s effective_fps=62.65
2026-09-28 12:36:16.859 | INFO     | plugrl_env_client.runner.rollout:log_timing_summary:98 - Intermediate rollout timing summary: env_steps=290407 infer_calls=72897 feedback_calls=72896 infer_wait=2753.572s infer_obs_pack=3.033s env_step=1864.910s feedback_total=13.009s feedback_obs_pack=4.209s feedback_info_pack=0.229s effective_fps=62.66
2026-09-28 12:36:16.861 | INFO     | plugrl_env_client.runner.rollout:log_timing_summary:98 - Intermediate rollout timing summary: env_steps=290407 infer_calls=72897 feedback_calls=72896 infer_wait=2756.048s infer_obs_pack=3.100s env_step=1862.127s feedback_total=12.969s feedback_obs_pack=4.301s feedback_info_pack=0.224s effective_fps=62.67
2026-09-28 12:36:46.864 | INFO     | plugrl_env_client.runner.rollout:log_timing_summary:98 - Intermediate rollout timing summary: env_steps=293664 infer_calls=73728 feedback_calls=73728 infer_wait=2764.606s infer_obs_pack=3.088s env_step=1883.424s feedback_total=13.206s feedback_obs_pack=4.336s feedback_info_pack=0.231s effective_fps=62.96
2026-09-28 12:36:46.864 | INFO     | plugrl_env_client.runner.rollout:log_timing_summary:98 - Intermediate rollout timing summary: env_steps=293715 infer_calls=73728 feedback_calls=73727 infer_wait=2761.994s infer_obs_pack=3.068s env_step=1886.178s feedback_total=13.160s feedback_obs_pack=4.258s feedback_info_pack=0.232s effective_fps=62.97
2026-09-28 12:36:46.866 | INFO     | plugrl_env_client.runner.rollout:log_timing_summary:98 - Intermediate rollout timing summary: env_steps=293716 infer_calls=73728 feedback_calls=73728 infer_wait=2764.341s infer_obs_pack=3.135s env_step=1883.531s feedback_total=13.114s feedback_obs_pack=4.350s feedback_info_pack=0.227s effective_fps=62.97
2026-09-28 12:37:16.868 | INFO     | plugrl_env_client.runner.rollout:log_timing_summary:98 - Intermediate rollout timing summary: env_steps=296923 infer_calls=74545 feedback_calls=74545 infer_wait=2773.232s infer_obs_pack=3.122s env_step=1904.493s feedback_total=13.355s feedback_obs_pack=4.383s feedback_info_pack=0.234s effective_fps=63.25
2026-09-28 12:37:16.880 | INFO     | plugrl_env_client.runner.rollout:log_timing_summary:98 - Intermediate rollout timing summary: env_steps=296981 infer_calls=74546 feedback_calls=74545 infer_wait=2772.555s infer_obs_pack=3.170s env_step=1905.022s feedback_total=13.262s feedback_obs_pack=4.398s feedback_info_pack=0.229s effective_fps=63.27
2026-09-28 12:37:16.882 | INFO     | plugrl_env_client.runner.rollout:log_timing_summary:98 - Intermediate rollout timing summary: env_steps=296976 infer_calls=74546 feedback_calls=74545 infer_wait=2770.533s infer_obs_pack=3.102s env_step=1907.351s feedback_total=13.311s feedback_obs_pack=4.304s feedback_info_pack=0.235s effective_fps=63.26
2026-09-28 12:37:46.875 | INFO     | plugrl_env_client.runner.rollout:log_timing_summary:98 - Intermediate rollout timing summary: env_steps=300200 infer_calls=75368 feedback_calls=75367 infer_wait=2781.537s infer_obs_pack=3.157s env_step=1925.889s feedback_total=13.503s feedback_obs_pack=4.430s feedback_info_pack=0.236s effective_fps=63.55
2026-09-28 12:37:46.884 | INFO     | plugrl_env_client.runner.rollout:log_timing_summary:98 - Intermediate rollout timing summary: env_steps=300253 infer_calls=75368 feedback_calls=75367 infer_wait=2779.002s infer_obs_pack=3.139s env_step=1928.575s feedback_total=13.460s feedback_obs_pack=4.352s feedback_info_pack=0.237s effective_fps=63.56
2026-09-28 12:37:46.884 | INFO     | plugrl_env_client.runner.rollout:log_timing_summary:98 - Intermediate rollout timing summary: env_steps=300257 infer_calls=75368 feedback_calls=75367 infer_wait=2780.888s infer_obs_pack=3.205s env_step=1926.386s feedback_total=13.410s feedback_obs_pack=4.446s feedback_info_pack=0.232s effective_fps=63.56
2026-09-28 12:40:04.100 | INFO     | plugrl_env_client.runner.rollout:log_timing_summary:98 - Intermediate rollout timing summary: env_steps=302786 infer_calls=76002 feedback_calls=76001 infer_wait=2901.463s infer_obs_pack=3.232s env_step=1942.789s feedback_total=13.524s feedback_obs_pack=4.483s feedback_info_pack=0.233s effective_fps=62.29
2026-09-28 12:40:04.101 | INFO     | plugrl_env_client.runner.rollout:log_timing_summary:98 - Intermediate rollout timing summary: env_steps=302773 infer_calls=76002 feedback_calls=76001 infer_wait=2899.860s infer_obs_pack=3.165s env_step=1944.701s feedback_total=13.571s feedback_obs_pack=4.389s feedback_info_pack=0.239s effective_fps=62.28
2026-09-28 12:40:04.103 | INFO     | plugrl_env_client.runner.rollout:log_timing_summary:98 - Intermediate rollout timing summary: env_steps=302726 infer_calls=76002 feedback_calls=76001 infer_wait=2902.297s infer_obs_pack=3.183s env_step=1942.119s feedback_total=13.616s feedback_obs_pack=4.467s feedback_info_pack=0.239s effective_fps=62.27
2026-09-28 12:40:34.102 | INFO     | plugrl_env_client.runner.rollout:log_timing_summary:98 - Intermediate rollout timing summary: env_steps=306354 infer_calls=76900 feedback_calls=76899 infer_wait=2907.239s infer_obs_pack=3.201s env_step=1966.993s feedback_total=13.727s feedback_obs_pack=4.440s feedback_info_pack=0.242s effective_fps=62.63
2026-09-28 12:40:34.105 | INFO     | plugrl_env_client.runner.rollout:log_timing_summary:98 - Intermediate rollout timing summary: env_steps=306363 infer_calls=76900 feedback_calls=76899 infer_wait=2909.153s infer_obs_pack=3.270s env_step=1964.773s feedback_total=13.679s feedback_obs_pack=4.536s feedback_info_pack=0.236s effective_fps=62.64
2026-09-28 12:40:34.107 | INFO     | plugrl_env_client.runner.rollout:log_timing_summary:98 - Intermediate rollout timing summary: env_steps=306311 infer_calls=76900 feedback_calls=76899 infer_wait=2909.322s infer_obs_pack=3.219s env_step=1964.765s feedback_total=13.773s feedback_obs_pack=4.520s feedback_info_pack=0.241s effective_fps=62.63
2026-09-28 12:41:04.103 | INFO     | plugrl_env_client.runner.rollout:log_timing_summary:98 - Intermediate rollout timing summary: env_steps=309628 infer_calls=77721 feedback_calls=77721 infer_wait=2915.803s infer_obs_pack=3.235s env_step=1988.127s feedback_total=13.876s feedback_obs_pack=4.488s feedback_info_pack=0.245s effective_fps=62.92
2026-09-28 12:41:04.116 | INFO     | plugrl_env_client.runner.rollout:log_timing_summary:98 - Intermediate rollout timing summary: env_steps=309632 infer_calls=77722 feedback_calls=77721 infer_wait=2917.513s infer_obs_pack=3.305s env_step=1986.123s feedback_total=13.821s feedback_obs_pack=4.583s feedback_info_pack=0.239s effective_fps=62.92
2026-09-28 12:41:04.118 | INFO     | plugrl_env_client.runner.rollout:log_timing_summary:98 - Intermediate rollout timing summary: env_steps=309574 infer_calls=77722 feedback_calls=77721 infer_wait=2917.815s infer_obs_pack=3.253s env_step=1985.972s feedback_total=13.922s feedback_obs_pack=4.568s feedback_info_pack=0.244s effective_fps=62.91
2026-09-28 12:41:34.108 | INFO     | plugrl_env_client.runner.rollout:log_timing_summary:98 - Intermediate rollout timing summary: env_steps=312901 infer_calls=78542 feedback_calls=78541 infer_wait=2924.450s infer_obs_pack=3.271s env_step=2009.181s feedback_total=14.021s feedback_obs_pack=4.537s feedback_info_pack=0.247s effective_fps=63.20
2026-09-28 12:41:34.125 | INFO     | plugrl_env_client.runner.rollout:log_timing_summary:98 - Intermediate rollout timing summary: env_steps=312900 infer_calls=78543 feedback_calls=78542 infer_wait=2925.729s infer_obs_pack=3.340s env_step=2007.610s feedback_total=13.965s feedback_obs_pack=4.631s feedback_info_pack=0.241s effective_fps=63.20
2026-09-28 12:41:34.126 | INFO     | plugrl_env_client.runner.rollout:log_timing_summary:98 - Intermediate rollout timing summary: env_steps=312846 infer_calls=78543 feedback_calls=78542 infer_wait=2926.297s infer_obs_pack=3.287s env_step=2007.191s feedback_total=14.070s feedback_obs_pack=4.616s feedback_info_pack=0.246s effective_fps=63.19
2026-09-28 12:42:04.119 | INFO     | plugrl_env_client.runner.rollout:log_timing_summary:98 - Intermediate rollout timing summary: env_steps=316217 infer_calls=79375 feedback_calls=79374 infer_wait=2932.996s infer_obs_pack=3.306s env_step=2030.341s feedback_total=14.166s feedback_obs_pack=4.584s feedback_info_pack=0.250s effective_fps=63.49
2026-09-28 12:42:04.126 | INFO     | plugrl_env_client.runner.rollout:log_timing_summary:98 - Intermediate rollout timing summary: env_steps=316215 infer_calls=79375 feedback_calls=79374 infer_wait=2934.082s infer_obs_pack=3.375s env_step=2028.946s feedback_total=14.114s feedback_obs_pack=4.681s feedback_info_pack=0.244s effective_fps=63.49
2026-09-28 12:42:04.126 | INFO     | plugrl_env_client.runner.rollout:log_timing_summary:98 - Intermediate rollout timing summary: env_steps=316166 infer_calls=79375 feedback_calls=79374 infer_wait=2934.689s infer_obs_pack=3.322s env_step=2028.492s feedback_total=14.219s feedback_obs_pack=4.665s feedback_info_pack=0.249s effective_fps=63.48
2026-09-28 12:44:19.649 | INFO     | plugrl_env_client.runner.rollout:log_timing_summary:98 - Intermediate rollout timing summary: env_steps=318710 infer_calls=80002 feedback_calls=80001 infer_wait=3052.039s infer_obs_pack=3.332s env_step=2046.593s feedback_total=14.277s feedback_obs_pack=4.620s feedback_info_pack=0.252s effective_fps=62.29
2026-09-28 12:44:19.649 | INFO     | plugrl_env_client.runner.rollout:log_timing_summary:98 - Intermediate rollout timing summary: env_steps=318711 infer_calls=80002 feedback_calls=80001 infer_wait=3053.372s infer_obs_pack=3.402s env_step=2044.944s feedback_total=14.228s feedback_obs_pack=4.718s feedback_info_pack=0.246s effective_fps=62.30
2026-09-28 12:44:19.654 | INFO     | plugrl_env_client.runner.rollout:log_timing_summary:98 - Intermediate rollout timing summary: env_steps=318663 infer_calls=80002 feedback_calls=80001 infer_wait=3053.960s infer_obs_pack=3.349s env_step=2044.514s feedback_total=14.333s feedback_obs_pack=4.702s feedback_info_pack=0.251s effective_fps=62.29
2026-09-28 12:44:49.658 | INFO     | plugrl_env_client.runner.rollout:log_timing_summary:98 - Intermediate rollout timing summary: env_steps=322291 infer_calls=80900 feedback_calls=80899 infer_wait=3059.438s infer_obs_pack=3.369s env_step=2068.868s feedback_total=14.442s feedback_obs_pack=4.672s feedback_info_pack=0.254s effective_fps=62.63
2026-09-28 12:44:49.658 | INFO     | plugrl_env_client.runner.rollout:log_timing_summary:98 - Intermediate rollout timing summary: env_steps=322293 infer_calls=80900 feedback_calls=80899 infer_wait=3061.205s infer_obs_pack=3.439s env_step=2066.768s feedback_total=14.392s feedback_obs_pack=4.770s feedback_info_pack=0.249s effective_fps=62.63
2026-09-28 12:44:49.658 | INFO     | plugrl_env_client.runner.rollout:log_timing_summary:98 - Intermediate rollout timing summary: env_steps=322230 infer_calls=80900 feedback_calls=80899 infer_wait=3061.631s infer_obs_pack=3.385s env_step=2066.501s feedback_total=14.497s feedback_obs_pack=4.754s feedback_info_pack=0.254s effective_fps=62.62
2026-09-28 12:45:19.659 | INFO     | plugrl_env_client.runner.rollout:log_timing_summary:98 - Intermediate rollout timing summary: env_steps=325597 infer_calls=81731 feedback_calls=81730 infer_wait=3067.682s infer_obs_pack=3.404s env_step=2090.309s feedback_total=14.592s feedback_obs_pack=4.719s feedback_info_pack=0.257s effective_fps=62.91
2026-09-28 12:45:19.660 | INFO     | plugrl_env_client.runner.rollout:log_timing_summary:98 - Intermediate rollout timing summary: env_steps=325604 infer_calls=81731 feedback_calls=81730 infer_wait=3069.715s infer_obs_pack=3.475s env_step=2087.949s feedback_total=14.540s feedback_obs_pack=4.819s feedback_info_pack=0.251s effective_fps=62.91
2026-09-28 12:45:19.660 | INFO     | plugrl_env_client.runner.rollout:log_timing_summary:98 - Intermediate rollout timing summary: env_steps=325544 infer_calls=81731 feedback_calls=81730 infer_wait=3070.117s infer_obs_pack=3.420s env_step=2087.707s feedback_total=14.648s feedback_obs_pack=4.801s feedback_info_pack=0.256s effective_fps=62.90
2026-09-28 12:45:49.662 | INFO     | plugrl_env_client.runner.rollout:log_timing_summary:98 - Intermediate rollout timing summary: env_steps=328873 infer_calls=82553 feedback_calls=82552 infer_wait=3076.115s infer_obs_pack=3.438s env_step=2111.566s feedback_total=14.744s feedback_obs_pack=4.766s feedback_info_pack=0.260s effective_fps=63.17
2026-09-28 12:45:49.662 | INFO     | plugrl_env_client.runner.rollout:log_timing_summary:98 - Intermediate rollout timing summary: env_steps=328881 infer_calls=82553 feedback_calls=82552 infer_wait=3078.045s infer_obs_pack=3.510s env_step=2109.322s feedback_total=14.684s feedback_obs_pack=4.867s feedback_info_pack=0.253s effective_fps=63.18
2026-09-28 12:45:49.669 | INFO     | plugrl_env_client.runner.rollout:log_timing_summary:98 - Intermediate rollout timing summary: env_steps=328819 infer_calls=82553 feedback_calls=82552 infer_wait=3078.366s infer_obs_pack=3.454s env_step=2109.155s feedback_total=14.798s feedback_obs_pack=4.849s feedback_info_pack=0.259s effective_fps=63.16
2026-09-28 12:46:19.662 | INFO     | plugrl_env_client.runner.rollout:log_timing_summary:98 - Intermediate rollout timing summary: env_steps=332162 infer_calls=83380 feedback_calls=83379 infer_wait=3084.672s infer_obs_pack=3.473s env_step=2132.698s feedback_total=14.890s feedback_obs_pack=4.813s feedback_info_pack=0.262s effective_fps=63.44
2026-09-28 12:46:19.667 | INFO     | plugrl_env_client.runner.rollout:log_timing_summary:98 - Intermediate rollout timing summary: env_steps=332181 infer_calls=83380 feedback_calls=83379 infer_wait=3086.133s infer_obs_pack=3.546s env_step=2130.933s feedback_total=14.829s feedback_obs_pack=4.914s feedback_info_pack=0.256s effective_fps=63.45
2026-09-28 12:46:19.674 | INFO     | plugrl_env_client.runner.rollout:log_timing_summary:98 - Intermediate rollout timing summary: env_steps=332113 infer_calls=83380 feedback_calls=83379 infer_wait=3086.941s infer_obs_pack=3.488s env_step=2130.275s feedback_total=14.945s feedback_obs_pack=4.897s feedback_info_pack=0.262s effective_fps=63.43
2026-09-28 12:48:35.185 | INFO     | plugrl_env_client.runner.rollout:log_timing_summary:98 - Intermediate rollout timing summary: env_steps=334633 infer_calls=84002 feedback_calls=84001 infer_wait=3204.258s infer_obs_pack=3.499s env_step=2148.406s feedback_total=15.000s feedback_obs_pack=4.849s feedback_info_pack=0.264s effective_fps=62.30
2026-09-28 12:48:35.186 | INFO     | plugrl_env_client.runner.rollout:log_timing_summary:98 - Intermediate rollout timing summary: env_steps=334588 infer_calls=84002 feedback_calls=84001 infer_wait=3206.239s infer_obs_pack=3.514s env_step=2146.247s feedback_total=15.061s feedback_obs_pack=4.933s feedback_info_pack=0.263s effective_fps=62.29
2026-09-28 12:48:35.186 | INFO     | plugrl_env_client.runner.rollout:log_timing_summary:98 - Intermediate rollout timing summary: env_steps=334653 infer_calls=84002 feedback_calls=84001 infer_wait=3205.484s infer_obs_pack=3.572s env_step=2146.873s feedback_total=14.935s feedback_obs_pack=4.950s feedback_info_pack=0.258s effective_fps=62.31
2026-09-28 12:49:05.188 | INFO     | plugrl_env_client.runner.rollout:log_timing_summary:98 - Intermediate rollout timing summary: env_steps=338284 infer_calls=84912 feedback_calls=84911 infer_wait=3212.713s infer_obs_pack=3.610s env_step=2169.314s feedback_total=15.093s feedback_obs_pack=5.003s feedback_info_pack=0.261s effective_fps=62.64
2026-09-28 12:49:05.189 | INFO     | plugrl_env_client.runner.rollout:log_timing_summary:98 - Intermediate rollout timing summary: env_steps=338262 infer_calls=84912 feedback_calls=84911 infer_wait=3211.872s infer_obs_pack=3.535s env_step=2170.466s feedback_total=15.158s feedback_obs_pack=4.901s feedback_info_pack=0.267s effective_fps=62.63
2026-09-28 12:49:05.190 | INFO     | plugrl_env_client.runner.rollout:log_timing_summary:98 - Intermediate rollout timing summary: env_steps=338220 infer_calls=84912 feedback_calls=84911 infer_wait=3213.592s infer_obs_pack=3.551s env_step=2168.561s feedback_total=15.226s feedback_obs_pack=4.986s feedback_info_pack=0.266s effective_fps=62.62
2026-09-28 12:49:35.190 | INFO     | plugrl_env_client.runner.rollout:log_timing_summary:98 - Intermediate rollout timing summary: env_steps=341618 infer_calls=85753 feedback_calls=85753 infer_wait=3220.119s infer_obs_pack=3.574s env_step=2191.900s feedback_total=15.313s feedback_obs_pack=4.949s feedback_info_pack=0.269s effective_fps=62.90
2026-09-28 12:49:35.201 | INFO     | plugrl_env_client.runner.rollout:log_timing_summary:98 - Intermediate rollout timing summary: env_steps=341634 infer_calls=85754 feedback_calls=85753 infer_wait=3220.982s infer_obs_pack=3.648s env_step=2190.733s feedback_total=15.242s feedback_obs_pack=5.052s feedback_info_pack=0.263s effective_fps=62.91
2026-09-28 12:49:35.204 | INFO     | plugrl_env_client.runner.rollout:log_timing_summary:98 - Intermediate rollout timing summary: env_steps=341572 infer_calls=85754 feedback_calls=85753 infer_wait=3221.709s infer_obs_pack=3.586s env_step=2190.140s feedback_total=15.378s feedback_obs_pack=5.034s feedback_info_pack=0.269s effective_fps=62.90
2026-09-28 12:50:05.191 | INFO     | plugrl_env_client.runner.rollout:log_timing_summary:98 - Intermediate rollout timing summary: env_steps=344900 infer_calls=86578 feedback_calls=86577 infer_wait=3228.486s infer_obs_pack=3.609s env_step=2213.225s feedback_total=15.464s feedback_obs_pack=4.996s feedback_info_pack=0.272s effective_fps=63.16
2026-09-28 12:50:05.205 | INFO     | plugrl_env_client.runner.rollout:log_timing_summary:98 - Intermediate rollout timing summary: env_steps=344915 infer_calls=86578 feedback_calls=86578 infer_wait=3229.461s infer_obs_pack=3.684s env_step=2211.939s feedback_total=15.395s feedback_obs_pack=5.100s feedback_info_pack=0.266s effective_fps=63.17
2026-09-28 12:50:05.217 | INFO     | plugrl_env_client.runner.rollout:log_timing_summary:98 - Intermediate rollout timing summary: env_steps=344860 infer_calls=86579 feedback_calls=86578 infer_wait=3230.254s infer_obs_pack=3.621s env_step=2211.294s feedback_total=15.532s feedback_obs_pack=5.081s feedback_info_pack=0.271s effective_fps=63.15
2026-09-28 12:50:35.191 | INFO     | plugrl_env_client.runner.rollout:log_timing_summary:98 - Intermediate rollout timing summary: env_steps=348161 infer_calls=87399 feedback_calls=87398 infer_wait=3237.315s infer_obs_pack=3.642s env_step=2234.090s feedback_total=15.607s feedback_obs_pack=5.043s feedback_info_pack=0.275s effective_fps=63.41
2026-09-28 12:50:35.209 | INFO     | plugrl_env_client.runner.rollout:log_timing_summary:98 - Intermediate rollout timing summary: env_steps=348185 infer_calls=87400 feedback_calls=87399 infer_wait=3237.784s infer_obs_pack=3.720s env_step=2233.309s feedback_total=15.544s feedback_obs_pack=5.148s feedback_info_pack=0.269s effective_fps=63.42
2026-09-28 12:50:35.220 | INFO     | plugrl_env_client.runner.rollout:log_timing_summary:98 - Intermediate rollout timing summary: env_steps=348128 infer_calls=87400 feedback_calls=87399 infer_wait=3238.592s infer_obs_pack=3.655s env_step=2232.653s feedback_total=15.676s feedback_obs_pack=5.129s feedback_info_pack=0.274s effective_fps=63.40
2026-09-28 12:52:49.816 | INFO     | plugrl_env_client.runner.rollout:log_timing_summary:98 - Intermediate rollout timing summary: env_steps=350523 infer_calls=88002 feedback_calls=88001 infer_wait=3357.343s infer_obs_pack=3.680s env_step=2248.274s feedback_total=15.784s feedback_obs_pack=5.164s feedback_info_pack=0.276s effective_fps=62.31
2026-09-28 12:52:49.816 | INFO     | plugrl_env_client.runner.rollout:log_timing_summary:98 - Intermediate rollout timing summary: env_steps=350563 infer_calls=88002 feedback_calls=88001 infer_wait=3356.347s infer_obs_pack=3.667s env_step=2249.452s feedback_total=15.720s feedback_obs_pack=5.078s feedback_info_pack=0.276s effective_fps=62.32
2026-09-28 12:52:49.816 | INFO     | plugrl_env_client.runner.rollout:log_timing_summary:98 - Intermediate rollout timing summary: env_steps=350580 infer_calls=88002 feedback_calls=88001 infer_wait=3356.636s infer_obs_pack=3.746s env_step=2248.838s feedback_total=15.651s feedback_obs_pack=5.184s feedback_info_pack=0.270s effective_fps=62.33
2026-09-28 12:53:19.818 | INFO     | plugrl_env_client.runner.rollout:log_timing_summary:98 - Intermediate rollout timing summary: env_steps=354243 infer_calls=88926 feedback_calls=88925 infer_wait=3363.708s infer_obs_pack=3.704s env_step=2271.755s feedback_total=15.880s feedback_obs_pack=5.130s feedback_info_pack=0.279s effective_fps=62.64
2026-09-28 12:53:19.820 | INFO     | plugrl_env_client.runner.rollout:log_timing_summary:98 - Intermediate rollout timing summary: env_steps=354258 infer_calls=88926 feedback_calls=88926 infer_wait=3363.842s infer_obs_pack=3.784s env_step=2271.291s feedback_total=15.813s feedback_obs_pack=5.238s feedback_info_pack=0.273s effective_fps=62.65
2026-09-28 12:53:19.821 | INFO     | plugrl_env_client.runner.rollout:log_timing_summary:98 - Intermediate rollout timing summary: env_steps=354212 infer_calls=88926 feedback_calls=88925 infer_wait=3364.654s infer_obs_pack=3.717s env_step=2270.633s feedback_total=15.945s feedback_obs_pack=5.217s feedback_info_pack=0.279s effective_fps=62.64
2026-09-28 12:53:49.821 | INFO     | plugrl_env_client.runner.rollout:log_timing_summary:98 - Intermediate rollout timing summary: env_steps=357600 infer_calls=89776 feedback_calls=89775 infer_wait=3372.865s infer_obs_pack=3.753s env_step=2292.104s feedback_total=16.101s feedback_obs_pack=5.266s feedback_info_pack=0.282s effective_fps=62.90
2026-09-28 12:53:49.823 | INFO     | plugrl_env_client.runner.rollout:log_timing_summary:98 - Intermediate rollout timing summary: env_steps=357640 infer_calls=89776 feedback_calls=89775 infer_wait=3372.188s infer_obs_pack=3.820s env_step=2292.618s feedback_total=15.976s feedback_obs_pack=5.287s feedback_info_pack=0.276s effective_fps=62.91
2026-09-28 12:53:49.823 | INFO     | plugrl_env_client.runner.rollout:log_timing_summary:98 - Intermediate rollout timing summary: env_steps=357629 infer_calls=89776 feedback_calls=89775 infer_wait=3371.547s infer_obs_pack=3.739s env_step=2293.608s feedback_total=16.032s feedback_obs_pack=5.182s feedback_info_pack=0.282s effective_fps=62.91
2026-09-28 12:54:19.826 | INFO     | plugrl_env_client.runner.rollout:log_timing_summary:98 - Intermediate rollout timing summary: env_steps=360932 infer_calls=90613 feedback_calls=90613 infer_wait=3381.382s infer_obs_pack=3.787s env_step=2313.278s feedback_total=16.252s feedback_obs_pack=5.315s feedback_info_pack=0.284s effective_fps=63.16
2026-09-28 12:54:19.826 | INFO     | plugrl_env_client.runner.rollout:log_timing_summary:98 - Intermediate rollout timing summary: env_steps=360974 infer_calls=90613 feedback_calls=90613 infer_wait=3380.647s infer_obs_pack=3.856s env_step=2313.854s feedback_total=16.120s feedback_obs_pack=5.336s feedback_info_pack=0.278s effective_fps=63.17
2026-09-28 12:54:19.838 | INFO     | plugrl_env_client.runner.rollout:log_timing_summary:98 - Intermediate rollout timing summary: env_steps=360968 infer_calls=90614 feedback_calls=90613 infer_wait=3379.956s infer_obs_pack=3.774s env_step=2314.905s feedback_total=16.180s feedback_obs_pack=5.230s feedback_info_pack=0.285s effective_fps=63.16
2026-09-28 12:54:49.830 | INFO     | plugrl_env_client.runner.rollout:log_timing_summary:98 - Intermediate rollout timing summary: env_steps=364241 infer_calls=91443 feedback_calls=91443 infer_wait=3389.657s infer_obs_pack=3.822s env_step=2334.698s feedback_total=16.402s feedback_obs_pack=5.366s feedback_info_pack=0.287s effective_fps=63.41
2026-09-28 12:54:49.842 | INFO     | plugrl_env_client.runner.rollout:log_timing_summary:98 - Intermediate rollout timing summary: env_steps=364270 infer_calls=91444 feedback_calls=91443 infer_wait=3388.641s infer_obs_pack=3.808s env_step=2335.916s feedback_total=16.329s feedback_obs_pack=5.277s feedback_info_pack=0.287s effective_fps=63.41
2026-09-28 12:54:49.847 | INFO     | plugrl_env_client.runner.rollout:log_timing_summary:98 - Intermediate rollout timing summary: env_steps=364277 infer_calls=91444 feedback_calls=91443 infer_wait=3389.383s infer_obs_pack=3.891s env_step=2334.832s feedback_total=16.267s feedback_obs_pack=5.385s feedback_info_pack=0.281s effective_fps=63.41
2026-09-28 12:57:02.907 | INFO     | plugrl_env_client.runner.rollout:log_timing_summary:98 - Intermediate rollout timing summary: env_steps=366463 infer_calls=92001 feedback_calls=92000 infer_wait=3508.172s infer_obs_pack=3.845s env_step=2349.056s feedback_total=16.500s feedback_obs_pack=5.398s feedback_info_pack=0.289s effective_fps=62.35
2026-09-28 12:57:02.907 | INFO     | plugrl_env_client.runner.rollout:log_timing_summary:98 - Intermediate rollout timing summary: env_steps=366494 infer_calls=92001 feedback_calls=92000 infer_wait=3507.125s infer_obs_pack=3.831s env_step=2350.298s feedback_total=16.425s feedback_obs_pack=5.309s feedback_info_pack=0.289s effective_fps=62.35
2026-09-28 12:57:02.907 | INFO     | plugrl_env_client.runner.rollout:log_timing_summary:98 - Intermediate rollout timing summary: env_steps=366495 infer_calls=92001 feedback_calls=92000 infer_wait=3508.155s infer_obs_pack=3.915s env_step=2348.916s feedback_total=16.362s feedback_obs_pack=5.417s feedback_info_pack=0.283s effective_fps=62.36
2026-09-28 12:57:32.907 | INFO     | plugrl_env_client.runner.rollout:log_timing_summary:98 - Intermediate rollout timing summary: env_steps=370158 infer_calls=92927 feedback_calls=92926 infer_wait=3515.361s infer_obs_pack=3.883s env_step=2371.529s feedback_total=16.663s feedback_obs_pack=5.451s feedback_info_pack=0.291s effective_fps=62.66
2026-09-28 12:57:32.908 | INFO     | plugrl_env_client.runner.rollout:log_timing_summary:98 - Intermediate rollout timing summary: env_steps=370184 infer_calls=92927 feedback_calls=92926 infer_wait=3514.428s infer_obs_pack=3.869s env_step=2372.654s feedback_total=16.588s feedback_obs_pack=5.362s feedback_info_pack=0.292s effective_fps=62.66
2026-09-28 12:57:32.910 | INFO     | plugrl_env_client.runner.rollout:log_timing_summary:98 - Intermediate rollout timing summary: env_steps=370186 infer_calls=92927 feedback_calls=92926 infer_wait=3515.546s infer_obs_pack=3.953s env_step=2371.183s feedback_total=16.524s feedback_obs_pack=5.470s feedback_info_pack=0.285s effective_fps=62.67
2026-09-28 12:58:02.914 | INFO     | plugrl_env_client.runner.rollout:log_timing_summary:98 - Intermediate rollout timing summary: env_steps=373590 infer_calls=93780 feedback_calls=93779 infer_wait=3523.107s infer_obs_pack=3.989s env_step=2393.307s feedback_total=16.672s feedback_obs_pack=5.520s feedback_info_pack=0.288s effective_fps=62.92
2026-09-28 12:58:02.915 | INFO     | plugrl_env_client.runner.rollout:log_timing_summary:98 - Intermediate rollout timing summary: env_steps=373556 infer_calls=93780 feedback_calls=93779 infer_wait=3523.725s infer_obs_pack=3.918s env_step=2392.842s feedback_total=16.822s feedback_obs_pack=5.501s feedback_info_pack=0.294s effective_fps=62.92
2026-09-28 12:58:02.915 | INFO     | plugrl_env_client.runner.rollout:log_timing_summary:98 - Intermediate rollout timing summary: env_steps=373579 infer_calls=93780 feedback_calls=93779 infer_wait=3522.503s infer_obs_pack=3.904s env_step=2394.268s feedback_total=16.743s feedback_obs_pack=5.411s feedback_info_pack=0.294s effective_fps=62.92
2026-09-28 12:58:32.925 | INFO     | plugrl_env_client.runner.rollout:log_timing_summary:98 - Intermediate rollout timing summary: env_steps=376859 infer_calls=94609 feedback_calls=94608 infer_wait=3532.029s infer_obs_pack=3.953s env_step=2414.245s feedback_total=16.970s feedback_obs_pack=5.549s feedback_info_pack=0.297s effective_fps=63.16
2026-09-28 12:58:32.927 | INFO     | plugrl_env_client.runner.rollout:log_timing_summary:98 - Intermediate rollout timing summary: env_steps=376893 infer_calls=94609 feedback_calls=94608 infer_wait=3531.682s infer_obs_pack=4.025s env_step=2414.434s feedback_total=16.819s feedback_obs_pack=5.568s feedback_info_pack=0.291s effective_fps=63.16
2026-09-28 12:58:32.933 | INFO     | plugrl_env_client.runner.rollout:log_timing_summary:98 - Intermediate rollout timing summary: env_steps=376877 infer_calls=94609 feedback_calls=94608 infer_wait=3530.890s infer_obs_pack=3.938s env_step=2415.596s feedback_total=16.891s feedback_obs_pack=5.458s feedback_info_pack=0.297s effective_fps=63.16
2026-09-28 12:59:02.928 | INFO     | plugrl_env_client.runner.rollout:log_timing_summary:98 - Intermediate rollout timing summary: env_steps=380190 infer_calls=95445 feedback_calls=95444 infer_wait=3540.420s infer_obs_pack=3.987s env_step=2435.545s feedback_total=17.116s feedback_obs_pack=5.597s feedback_info_pack=0.299s effective_fps=63.40
2026-09-28 12:59:02.933 | INFO     | plugrl_env_client.runner.rollout:log_timing_summary:98 - Intermediate rollout timing summary: env_steps=380230 infer_calls=95445 feedback_calls=95444 infer_wait=3540.084s infer_obs_pack=4.060s env_step=2435.729s feedback_total=16.964s feedback_obs_pack=5.618s feedback_info_pack=0.293s effective_fps=63.41
2026-09-28 12:59:02.934 | INFO     | plugrl_env_client.runner.rollout:log_timing_summary:98 - Intermediate rollout timing summary: env_steps=380201 infer_calls=95445 feedback_calls=95444 infer_wait=3539.490s infer_obs_pack=3.973s env_step=2436.680s feedback_total=17.041s feedback_obs_pack=5.506s feedback_info_pack=0.299s effective_fps=63.40
2026-09-28 13:01:16.972 | INFO     | plugrl_env_client.runner.rollout:log_timing_summary:98 - Intermediate rollout timing summary: env_steps=382408 infer_calls=96002 feedback_calls=96001 infer_wait=3660.057s infer_obs_pack=4.010s env_step=2449.751s feedback_total=17.212s feedback_obs_pack=5.629s feedback_info_pack=0.301s effective_fps=62.37
2026-09-28 13:01:16.975 | INFO     | plugrl_env_client.runner.rollout:log_timing_summary:98 - Intermediate rollout timing summary: env_steps=382447 infer_calls=96002 feedback_calls=96001 infer_wait=3659.573s infer_obs_pack=4.084s env_step=2450.074s feedback_total=17.062s feedback_obs_pack=5.650s feedback_info_pack=0.295s effective_fps=62.38
2026-09-28 13:01:16.979 | INFO     | plugrl_env_client.runner.rollout:log_timing_summary:98 - Intermediate rollout timing summary: env_steps=382421 infer_calls=96002 feedback_calls=96001 infer_wait=3658.693s infer_obs_pack=3.996s env_step=2451.322s feedback_total=17.139s feedback_obs_pack=5.538s feedback_info_pack=0.301s effective_fps=62.37
2026-09-28 13:01:46.978 | INFO     | plugrl_env_client.runner.rollout:log_timing_summary:98 - Intermediate rollout timing summary: env_steps=386092 infer_calls=96926 feedback_calls=96925 infer_wait=3667.406s infer_obs_pack=4.048s env_step=2472.074s feedback_total=17.374s feedback_obs_pack=5.682s feedback_info_pack=0.304s effective_fps=62.67
2026-09-28 13:01:46.979 | INFO     | plugrl_env_client.runner.rollout:log_timing_summary:98 - Intermediate rollout timing summary: env_steps=386135 infer_calls=96926 feedback_calls=96925 infer_wait=3666.920s infer_obs_pack=4.122s env_step=2472.389s feedback_total=17.224s feedback_obs_pack=5.703s feedback_info_pack=0.298s effective_fps=62.68
2026-09-28 13:01:46.983 | INFO     | plugrl_env_client.runner.rollout:log_timing_summary:98 - Intermediate rollout timing summary: env_steps=386106 infer_calls=96926 feedback_calls=96925 infer_wait=3665.897s infer_obs_pack=4.033s env_step=2473.784s feedback_total=17.299s feedback_obs_pack=5.590s feedback_info_pack=0.304s effective_fps=62.67
2026-09-28 13:02:16.981 | INFO     | plugrl_env_client.runner.rollout:log_timing_summary:98 - Intermediate rollout timing summary: env_steps=389622 infer_calls=97800 feedback_calls=97800 infer_wait=3674.666s infer_obs_pack=4.158s env_step=2494.319s feedback_total=17.378s feedback_obs_pack=5.754s feedback_info_pack=0.300s effective_fps=62.94
2026-09-28 13:02:16.984 | INFO     | plugrl_env_client.runner.rollout:log_timing_summary:98 - Intermediate rollout timing summary: env_steps=389575 infer_calls=97800 feedback_calls=97799 infer_wait=3675.133s infer_obs_pack=4.084s env_step=2494.025s feedback_total=17.534s feedback_obs_pack=5.734s feedback_info_pack=0.310s effective_fps=62.93
2026-09-28 13:02:16.987 | INFO     | plugrl_env_client.runner.rollout:log_timing_summary:98 - Intermediate rollout timing summary: env_steps=389593 infer_calls=97800 feedback_calls=97800 infer_wait=3673.812s infer_obs_pack=4.069s env_step=2495.551s feedback_total=17.455s feedback_obs_pack=5.640s feedback_info_pack=0.307s effective_fps=62.93
2026-09-28 13:02:46.989 | INFO     | plugrl_env_client.runner.rollout:log_timing_summary:98 - Intermediate rollout timing summary: env_steps=392868 infer_calls=98621 feedback_calls=98621 infer_wait=3682.074s infer_obs_pack=4.103s env_step=2516.981s feedback_total=17.608s feedback_obs_pack=5.693s feedback_info_pack=0.309s effective_fps=63.15
2026-09-28 13:02:47.001 | INFO     | plugrl_env_client.runner.rollout:log_timing_summary:98 - Intermediate rollout timing summary: env_steps=392895 infer_calls=98622 feedback_calls=98621 infer_wait=3683.374s infer_obs_pack=4.193s env_step=2515.323s feedback_total=17.527s feedback_obs_pack=5.802s feedback_info_pack=0.303s effective_fps=63.16
2026-09-28 13:02:47.003 | INFO     | plugrl_env_client.runner.rollout:log_timing_summary:98 - Intermediate rollout timing summary: env_steps=392852 infer_calls=98622 feedback_calls=98621 infer_wait=3683.717s infer_obs_pack=4.118s env_step=2515.159s feedback_total=17.677s feedback_obs_pack=5.783s feedback_info_pack=0.312s effective_fps=63.15
2026-09-28 13:03:16.995 | INFO     | plugrl_env_client.runner.rollout:log_timing_summary:98 - Intermediate rollout timing summary: env_steps=396194 infer_calls=99456 feedback_calls=99456 infer_wait=3690.283s infer_obs_pack=4.137s env_step=2538.472s feedback_total=17.759s feedback_obs_pack=5.740s feedback_info_pack=0.312s effective_fps=63.38
2026-09-28 13:03:17.007 | INFO     | plugrl_env_client.runner.rollout:log_timing_summary:98 - Intermediate rollout timing summary: env_steps=396177 infer_calls=99456 feedback_calls=99456 infer_wait=3692.180s infer_obs_pack=4.153s env_step=2536.392s feedback_total=17.827s feedback_obs_pack=5.832s feedback_info_pack=0.315s effective_fps=63.38
2026-09-28 13:03:17.023 | INFO     | plugrl_env_client.runner.rollout:log_timing_summary:98 - Intermediate rollout timing summary: env_steps=396227 infer_calls=99457 feedback_calls=99456 infer_wait=3691.591s infer_obs_pack=4.228s env_step=2536.817s feedback_total=17.676s feedback_obs_pack=5.850s feedback_info_pack=0.305s effective_fps=63.39
2026-09-28 13:05:29.488 | INFO     | plugrl_env_client.runner.rollout:log_timing_summary:98 - Intermediate rollout timing summary: env_steps=398400 infer_calls=100002 feedback_calls=100001 infer_wait=3809.887s infer_obs_pack=4.251s env_step=2550.783s feedback_total=17.773s feedback_obs_pack=5.882s feedback_info_pack=0.307s effective_fps=62.42
2026-09-28 13:05:29.498 | INFO     | plugrl_env_client.runner.rollout:log_timing_summary:98 - Intermediate rollout timing summary: env_steps=398343 infer_calls=100002 feedback_calls=100001 infer_wait=3810.809s infer_obs_pack=4.176s env_step=2550.044s feedback_total=17.926s feedback_obs_pack=5.866s feedback_info_pack=0.316s effective_fps=62.41
2026-09-28 13:05:29.503 | INFO     | plugrl_env_client.runner.rollout:log_timing_summary:98 - Intermediate rollout timing summary: env_steps=398370 infer_calls=100002 feedback_calls=100002 infer_wait=3808.539s infer_obs_pack=4.159s env_step=2552.522s feedback_total=17.857s feedback_obs_pack=5.773s feedback_info_pack=0.314s effective_fps=62.41
2026-09-28 13:05:59.499 | INFO     | plugrl_env_client.runner.rollout:log_timing_summary:98 - Intermediate rollout timing summary: env_steps=402088 infer_calls=100929 feedback_calls=100928 infer_wait=3817.180s infer_obs_pack=4.290s env_step=2573.160s feedback_total=17.933s feedback_obs_pack=5.935s feedback_info_pack=0.310s effective_fps=62.70
2026-09-28 13:05:59.499 | INFO     | plugrl_env_client.runner.rollout:log_timing_summary:98 - Intermediate rollout timing summary: env_steps=402032 infer_calls=100929 feedback_calls=100928 infer_wait=3818.383s infer_obs_pack=4.213s env_step=2572.131s feedback_total=18.091s feedback_obs_pack=5.919s feedback_info_pack=0.319s effective_fps=62.69
2026-09-28 13:05:59.508 | INFO     | plugrl_env_client.runner.rollout:log_timing_summary:98 - Intermediate rollout timing summary: env_steps=402058 infer_calls=100929 feedback_calls=100928 infer_wait=3815.809s infer_obs_pack=4.197s env_step=2574.919s feedback_total=18.019s feedback_obs_pack=5.825s feedback_info_pack=0.316s effective_fps=62.69
2026-09-28 13:06:29.510 | INFO     | plugrl_env_client.runner.rollout:log_timing_summary:98 - Intermediate rollout timing summary: env_steps=405589 infer_calls=101808 feedback_calls=101807 infer_wait=3824.699s infer_obs_pack=4.327s env_step=2595.322s feedback_total=18.088s feedback_obs_pack=5.986s feedback_info_pack=0.313s effective_fps=62.96
2026-09-28 13:06:29.512 | INFO     | plugrl_env_client.runner.rollout:log_timing_summary:98 - Intermediate rollout timing summary: env_steps=405556 infer_calls=101808 feedback_calls=101807 infer_wait=3823.964s infer_obs_pack=4.233s env_step=2596.439s feedback_total=18.174s feedback_obs_pack=5.875s feedback_info_pack=0.319s effective_fps=62.95
2026-09-28 13:06:29.512 | INFO     | plugrl_env_client.runner.rollout:log_timing_summary:98 - Intermediate rollout timing summary: env_steps=405532 infer_calls=101808 feedback_calls=101807 infer_wait=3826.386s infer_obs_pack=4.249s env_step=2593.813s feedback_total=18.249s feedback_obs_pack=5.970s feedback_info_pack=0.322s effective_fps=62.94
2026-09-28 13:06:59.513 | INFO     | plugrl_env_client.runner.rollout:log_timing_summary:98 - Intermediate rollout timing summary: env_steps=408892 infer_calls=102637 feedback_calls=102636 infer_wait=3833.132s infer_obs_pack=4.366s env_step=2616.579s feedback_total=18.237s feedback_obs_pack=6.036s feedback_info_pack=0.315s effective_fps=63.18
2026-09-28 13:06:59.516 | INFO     | plugrl_env_client.runner.rollout:log_timing_summary:98 - Intermediate rollout timing summary: env_steps=408859 infer_calls=102637 feedback_calls=102636 infer_wait=3832.386s infer_obs_pack=4.268s env_step=2617.711s feedback_total=18.324s feedback_obs_pack=5.923s feedback_info_pack=0.322s effective_fps=63.17
2026-09-28 13:06:59.517 | INFO     | plugrl_env_client.runner.rollout:log_timing_summary:98 - Intermediate rollout timing summary: env_steps=408838 infer_calls=102637 feedback_calls=102636 infer_wait=3834.438s infer_obs_pack=4.283s env_step=2615.457s feedback_total=18.397s feedback_obs_pack=6.019s feedback_info_pack=0.325s effective_fps=63.16
2026-09-28 13:07:29.518 | INFO     | plugrl_env_client.runner.rollout:log_timing_summary:98 - Intermediate rollout timing summary: env_steps=412133 infer_calls=103459 feedback_calls=103458 infer_wait=3840.601s infer_obs_pack=4.301s env_step=2639.188s feedback_total=18.471s feedback_obs_pack=5.969s feedback_info_pack=0.324s effective_fps=63.38
2026-09-28 13:07:29.518 | INFO     | plugrl_env_client.runner.rollout:log_timing_summary:98 - Intermediate rollout timing summary: env_steps=412152 infer_calls=103459 feedback_calls=103458 infer_wait=3842.088s infer_obs_pack=4.401s env_step=2637.316s feedback_total=18.384s feedback_obs_pack=6.083s feedback_info_pack=0.318s effective_fps=63.39
2026-09-28 13:07:29.523 | INFO     | plugrl_env_client.runner.rollout:log_timing_summary:98 - Intermediate rollout timing summary: env_steps=412109 infer_calls=103459 feedback_calls=103458 infer_wait=3842.959s infer_obs_pack=4.318s env_step=2636.637s feedback_total=18.541s feedback_obs_pack=6.067s feedback_info_pack=0.327s effective_fps=63.38
2026-09-28 13:09:42.443 | INFO     | plugrl_env_client.runner.rollout:log_timing_summary:98 - Intermediate rollout timing summary: env_steps=414295 infer_calls=104002 feedback_calls=104001 infer_wait=3959.803s infer_obs_pack=4.324s env_step=2652.698s feedback_total=18.576s feedback_obs_pack=6.005s feedback_info_pack=0.326s effective_fps=62.44
2026-09-28 13:09:42.443 | INFO     | plugrl_env_client.runner.rollout:log_timing_summary:98 - Intermediate rollout timing summary: env_steps=414313 infer_calls=104002 feedback_calls=104001 infer_wait=3960.940s infer_obs_pack=4.424s env_step=2651.188s feedback_total=18.479s feedback_obs_pack=6.114s feedback_info_pack=0.319s effective_fps=62.44
2026-09-28 13:09:42.447 | INFO     | plugrl_env_client.runner.rollout:log_timing_summary:98 - Intermediate rollout timing summary: env_steps=414271 infer_calls=104002 feedback_calls=104001 infer_wait=3961.770s infer_obs_pack=4.340s env_step=2650.552s feedback_total=18.636s feedback_obs_pack=6.098s feedback_info_pack=0.329s effective_fps=62.43
2026-09-28 13:10:12.455 | INFO     | plugrl_env_client.runner.rollout:log_timing_summary:98 - Intermediate rollout timing summary: env_steps=417916 infer_calls=104918 feedback_calls=104917 infer_wait=3969.204s infer_obs_pack=4.377s env_step=2672.790s feedback_total=18.797s feedback_obs_pack=6.151s feedback_info_pack=0.332s effective_fps=62.70
2026-09-28 13:10:12.455 | INFO     | plugrl_env_client.runner.rollout:log_timing_summary:98 - Intermediate rollout timing summary: env_steps=417945 infer_calls=104918 feedback_calls=104917 infer_wait=3967.073s infer_obs_pack=4.361s env_step=2675.101s feedback_total=18.737s feedback_obs_pack=6.057s feedback_info_pack=0.329s effective_fps=62.70
2026-09-28 13:10:12.455 | INFO     | plugrl_env_client.runner.rollout:log_timing_summary:98 - Intermediate rollout timing summary: env_steps=417967 infer_calls=104918 feedback_calls=104917 infer_wait=3968.148s infer_obs_pack=4.462s env_step=2673.657s feedback_total=18.638s feedback_obs_pack=6.167s feedback_info_pack=0.322s effective_fps=62.71
2026-09-28 13:10:42.457 | INFO     | plugrl_env_client.runner.rollout:log_timing_summary:98 - Intermediate rollout timing summary: env_steps=421407 infer_calls=105793 feedback_calls=105792 infer_wait=3976.895s infer_obs_pack=4.413s env_step=2694.781s feedback_total=18.954s feedback_obs_pack=6.202s feedback_info_pack=0.334s effective_fps=62.94
2026-09-28 13:10:42.458 | INFO     | plugrl_env_client.runner.rollout:log_timing_summary:98 - Intermediate rollout timing summary: env_steps=421449 infer_calls=105793 feedback_calls=105792 infer_wait=3975.640s infer_obs_pack=4.498s env_step=2695.842s feedback_total=18.794s feedback_obs_pack=6.218s feedback_info_pack=0.325s effective_fps=62.95
2026-09-28 13:10:42.462 | INFO     | plugrl_env_client.runner.rollout:log_timing_summary:98 - Intermediate rollout timing summary: env_steps=421428 infer_calls=105793 feedback_calls=105792 infer_wait=3975.072s infer_obs_pack=4.399s env_step=2696.780s feedback_total=18.893s feedback_obs_pack=6.107s feedback_info_pack=0.332s effective_fps=62.95
2026-09-28 13:11:12.459 | INFO     | plugrl_env_client.runner.rollout:log_timing_summary:98 - Intermediate rollout timing summary: env_steps=424659 infer_calls=106608 feedback_calls=106608 infer_wait=3985.164s infer_obs_pack=4.448s env_step=2716.207s feedback_total=19.103s feedback_obs_pack=6.249s feedback_info_pack=0.337s effective_fps=63.15
2026-09-28 13:11:12.460 | INFO     | plugrl_env_client.runner.rollout:log_timing_summary:98 - Intermediate rollout timing summary: env_steps=424704 infer_calls=106608 feedback_calls=106608 infer_wait=3983.726s infer_obs_pack=4.534s env_step=2717.456s feedback_total=18.942s feedback_obs_pack=6.265s feedback_info_pack=0.327s effective_fps=63.16
2026-09-28 13:11:12.473 | INFO     | plugrl_env_client.runner.rollout:log_timing_summary:98 - Intermediate rollout timing summary: env_steps=424685 infer_calls=106609 feedback_calls=106608 infer_wait=3983.951s infer_obs_pack=4.433s env_step=2717.608s feedback_total=19.041s feedback_obs_pack=6.153s feedback_info_pack=0.334s effective_fps=63.15
2026-09-28 13:11:42.469 | INFO     | plugrl_env_client.runner.rollout:log_timing_summary:98 - Intermediate rollout timing summary: env_steps=427989 infer_calls=107445 feedback_calls=107444 infer_wait=3993.725s infer_obs_pack=4.482s env_step=2737.343s feedback_total=19.254s feedback_obs_pack=6.301s feedback_info_pack=0.340s effective_fps=63.36
2026-09-28 13:11:42.470 | INFO     | plugrl_env_client.runner.rollout:log_timing_summary:98 - Intermediate rollout timing summary: env_steps=428040 infer_calls=107445 feedback_calls=107444 infer_wait=3992.350s infer_obs_pack=4.570s env_step=2738.524s feedback_total=19.096s feedback_obs_pack=6.314s feedback_info_pack=0.330s effective_fps=63.37
2026-09-28 13:11:42.476 | INFO     | plugrl_env_client.runner.rollout:log_timing_summary:98 - Intermediate rollout timing summary: env_steps=428019 infer_calls=107445 feedback_calls=107444 infer_wait=3992.210s infer_obs_pack=4.468s env_step=2739.050s feedback_total=19.188s feedback_obs_pack=6.201s feedback_info_pack=0.337s effective_fps=63.36
2026-09-28 13:13:55.607 | INFO     | plugrl_env_client.runner.rollout:log_timing_summary:98 - Intermediate rollout timing summary: env_steps=430226 infer_calls=108001 feedback_calls=108000 infer_wait=4111.195s infer_obs_pack=4.491s env_step=2752.981s feedback_total=19.289s feedback_obs_pack=6.233s feedback_info_pack=0.339s effective_fps=62.46
2026-09-28 13:13:55.607 | INFO     | plugrl_env_client.runner.rollout:log_timing_summary:98 - Intermediate rollout timing summary: env_steps=430197 infer_calls=108001 feedback_calls=108000 infer_wait=4112.404s infer_obs_pack=4.505s env_step=2751.596s feedback_total=19.350s feedback_obs_pack=6.333s feedback_info_pack=0.341s effective_fps=62.46
2026-09-28 13:13:55.609 | INFO     | plugrl_env_client.runner.rollout:log_timing_summary:98 - Intermediate rollout timing summary: env_steps=430255 infer_calls=108001 feedback_calls=108000 infer_wait=4111.097s infer_obs_pack=4.593s env_step=2752.710s feedback_total=19.193s feedback_obs_pack=6.346s feedback_info_pack=0.332s effective_fps=62.47
2026-09-28 13:14:25.608 | INFO     | plugrl_env_client.runner.rollout:log_timing_summary:98 - Intermediate rollout timing summary: env_steps=433858 infer_calls=108918 feedback_calls=108917 infer_wait=4119.352s infer_obs_pack=4.542s env_step=2774.314s feedback_total=19.514s feedback_obs_pack=6.386s feedback_info_pack=0.344s effective_fps=62.72
2026-09-28 13:14:25.609 | INFO     | plugrl_env_client.runner.rollout:log_timing_summary:98 - Intermediate rollout timing summary: env_steps=433914 infer_calls=108918 feedback_calls=108917 infer_wait=4118.608s infer_obs_pack=4.631s env_step=2774.860s feedback_total=19.354s feedback_obs_pack=6.399s feedback_info_pack=0.334s effective_fps=62.73
2026-09-28 13:14:25.610 | INFO     | plugrl_env_client.runner.rollout:log_timing_summary:98 - Intermediate rollout timing summary: env_steps=433881 infer_calls=108918 feedback_calls=108918 infer_wait=4118.630s infer_obs_pack=4.528s env_step=2775.210s feedback_total=19.452s feedback_obs_pack=6.285s feedback_info_pack=0.341s effective_fps=62.72
2026-09-28 13:14:55.610 | INFO     | plugrl_env_client.runner.rollout:log_timing_summary:98 - Intermediate rollout timing summary: env_steps=437542 infer_calls=109829 feedback_calls=109829 infer_wait=4126.131s infer_obs_pack=4.670s env_step=2796.997s feedback_total=19.515s feedback_obs_pack=6.452s feedback_info_pack=0.337s effective_fps=62.98
2026-09-28 13:14:55.620 | INFO     | plugrl_env_client.runner.rollout:log_timing_summary:98 - Intermediate rollout timing summary: env_steps=437495 infer_calls=109830 feedback_calls=109829 infer_wait=4126.340s infer_obs_pack=4.582s env_step=2797.001s feedback_total=19.674s feedback_obs_pack=6.438s feedback_info_pack=0.347s effective_fps=62.97
2026-09-28 13:14:55.622 | INFO     | plugrl_env_client.runner.rollout:log_timing_summary:98 - Intermediate rollout timing summary: env_steps=437511 infer_calls=109830 feedback_calls=109829 infer_wait=4125.958s infer_obs_pack=4.564s env_step=2797.555s feedback_total=19.615s feedback_obs_pack=6.337s feedback_info_pack=0.344s effective_fps=62.97
2026-09-28 13:15:25.616 | INFO     | plugrl_env_client.runner.rollout:log_timing_summary:98 - Intermediate rollout timing summary: env_steps=440823 infer_calls=110652 feedback_calls=110651 infer_wait=4134.338s infer_obs_pack=4.704s env_step=2818.488s feedback_total=19.671s feedback_obs_pack=6.503s feedback_info_pack=0.340s effective_fps=63.18
2026-09-28 13:15:25.623 | INFO     | plugrl_env_client.runner.rollout:log_timing_summary:98 - Intermediate rollout timing summary: env_steps=440782 infer_calls=110652 feedback_calls=110651 infer_wait=4134.469s infer_obs_pack=4.602s env_step=2818.732s feedback_total=19.766s feedback_obs_pack=6.385s feedback_info_pack=0.347s effective_fps=63.17
2026-09-28 13:15:25.626 | INFO     | plugrl_env_client.runner.rollout:log_timing_summary:98 - Intermediate rollout timing summary: env_steps=440765 infer_calls=110652 feedback_calls=110651 infer_wait=4135.316s infer_obs_pack=4.615s env_step=2817.729s feedback_total=19.822s feedback_obs_pack=6.486s feedback_info_pack=0.350s effective_fps=63.17
2026-09-28 13:15:55.622 | INFO     | plugrl_env_client.runner.rollout:log_timing_summary:98 - Intermediate rollout timing summary: env_steps=444106 infer_calls=111476 feedback_calls=111475 infer_wait=4142.510s infer_obs_pack=4.740s env_step=2840.019s feedback_total=19.814s feedback_obs_pack=6.551s feedback_info_pack=0.342s effective_fps=63.38
2026-09-28 13:15:55.626 | INFO     | plugrl_env_client.runner.rollout:log_timing_summary:98 - Intermediate rollout timing summary: env_steps=444061 infer_calls=111476 feedback_calls=111475 infer_wait=4143.201s infer_obs_pack=4.636s env_step=2839.698s feedback_total=19.914s feedback_obs_pack=6.432s feedback_info_pack=0.349s effective_fps=63.37
2026-09-28 13:15:55.632 | INFO     | plugrl_env_client.runner.rollout:log_timing_summary:98 - Intermediate rollout timing summary: env_steps=444049 infer_calls=111476 feedback_calls=111475 infer_wait=4143.942s infer_obs_pack=4.650s env_step=2838.799s feedback_total=19.967s feedback_obs_pack=6.534s feedback_info_pack=0.352s effective_fps=63.37
2026-09-28 13:18:08.188 | INFO     | plugrl_env_client.runner.rollout:log_timing_summary:98 - Intermediate rollout timing summary: env_steps=446196 infer_calls=112002 feedback_calls=112001 infer_wait=4261.389s infer_obs_pack=4.762s env_step=2853.500s feedback_total=19.911s feedback_obs_pack=6.581s feedback_info_pack=0.344s effective_fps=62.50
2026-09-28 13:18:08.188 | INFO     | plugrl_env_client.runner.rollout:log_timing_summary:98 - Intermediate rollout timing summary: env_steps=446146 infer_calls=112002 feedback_calls=112001 infer_wait=4262.728s infer_obs_pack=4.672s env_step=2852.378s feedback_total=20.059s feedback_obs_pack=6.564s feedback_info_pack=0.354s effective_fps=62.49
2026-09-28 13:18:08.192 | INFO     | plugrl_env_client.runner.rollout:log_timing_summary:98 - Intermediate rollout timing summary: env_steps=446159 infer_calls=112002 feedback_calls=112001 infer_wait=4262.081s infer_obs_pack=4.658s env_step=2853.194s feedback_total=20.006s feedback_obs_pack=6.462s feedback_info_pack=0.351s effective_fps=62.49
2026-09-28 13:18:38.194 | INFO     | plugrl_env_client.runner.rollout:log_timing_summary:98 - Intermediate rollout timing summary: env_steps=449850 infer_calls=112929 feedback_calls=112928 infer_wait=4269.386s infer_obs_pack=4.695s env_step=2875.545s feedback_total=20.169s feedback_obs_pack=6.515s feedback_info_pack=0.354s effective_fps=62.74
2026-09-28 13:18:38.194 | INFO     | plugrl_env_client.runner.rollout:log_timing_summary:98 - Intermediate rollout timing summary: env_steps=449892 infer_calls=112929 feedback_calls=112928 infer_wait=4268.828s infer_obs_pack=4.800s env_step=2875.724s feedback_total=20.074s feedback_obs_pack=6.635s feedback_info_pack=0.347s effective_fps=62.75
2026-09-28 13:18:38.195 | INFO     | plugrl_env_client.runner.rollout:log_timing_summary:98 - Intermediate rollout timing summary: env_steps=449836 infer_calls=112929 feedback_calls=112928 infer_wait=4269.971s infer_obs_pack=4.709s env_step=2874.803s feedback_total=20.220s feedback_obs_pack=6.618s feedback_info_pack=0.357s effective_fps=62.74
2026-09-28 13:19:08.195 | INFO     | plugrl_env_client.runner.rollout:log_timing_summary:98 - Intermediate rollout timing summary: env_steps=453499 infer_calls=113850 feedback_calls=113850 infer_wait=4277.405s infer_obs_pack=4.746s env_step=2897.032s feedback_total=20.379s feedback_obs_pack=6.671s feedback_info_pack=0.360s effective_fps=62.99
2026-09-28 13:19:08.199 | INFO     | plugrl_env_client.runner.rollout:log_timing_summary:98 - Intermediate rollout timing summary: env_steps=453527 infer_calls=113850 feedback_calls=113850 infer_wait=4276.973s infer_obs_pack=4.734s env_step=2897.623s feedback_total=20.332s feedback_obs_pack=6.568s feedback_info_pack=0.357s effective_fps=62.99
2026-09-28 13:19:08.210 | INFO     | plugrl_env_client.runner.rollout:log_timing_summary:98 - Intermediate rollout timing summary: env_steps=453564 infer_calls=113851 feedback_calls=113850 infer_wait=4276.132s infer_obs_pack=4.838s env_step=2898.092s feedback_total=20.234s feedback_obs_pack=6.688s feedback_info_pack=0.349s effective_fps=63.00
2026-09-28 13:19:38.211 | INFO     | plugrl_env_client.runner.rollout:log_timing_summary:98 - Intermediate rollout timing summary: env_steps=456802 infer_calls=114681 feedback_calls=114680 infer_wait=4285.835s infer_obs_pack=4.781s env_step=2918.304s feedback_total=20.530s feedback_obs_pack=6.719s feedback_info_pack=0.362s effective_fps=63.19
2026-09-28 13:19:38.213 | INFO     | plugrl_env_client.runner.rollout:log_timing_summary:98 - Intermediate rollout timing summary: env_steps=456868 infer_calls=114681 feedback_calls=114680 infer_wait=4284.428s infer_obs_pack=4.875s env_step=2919.489s feedback_total=20.382s feedback_obs_pack=6.737s feedback_info_pack=0.352s effective_fps=63.20
2026-09-28 13:19:38.220 | INFO     | plugrl_env_client.runner.rollout:log_timing_summary:98 - Intermediate rollout timing summary: env_steps=456841 infer_calls=114681 feedback_calls=114680 infer_wait=4285.580s infer_obs_pack=4.768s env_step=2918.731s feedback_total=20.480s feedback_obs_pack=6.615s feedback_info_pack=0.359s effective_fps=63.19
2026-09-28 13:20:08.219 | INFO     | plugrl_env_client.runner.rollout:log_timing_summary:98 - Intermediate rollout timing summary: env_steps=460041 infer_calls=115495 feedback_calls=115494 infer_wait=4294.765s infer_obs_pack=4.815s env_step=2939.075s feedback_total=20.676s feedback_obs_pack=6.767s feedback_info_pack=0.365s effective_fps=63.37
2026-09-28 13:20:08.219 | INFO     | plugrl_env_client.runner.rollout:log_timing_summary:98 - Intermediate rollout timing summary: env_steps=460109 infer_calls=115495 feedback_calls=115494 infer_wait=4292.939s infer_obs_pack=4.909s env_step=2940.679s feedback_total=20.527s feedback_obs_pack=6.784s feedback_info_pack=0.354s effective_fps=63.38
2026-09-28 13:20:08.225 | INFO     | plugrl_env_client.runner.rollout:log_timing_summary:98 - Intermediate rollout timing summary: env_steps=460091 infer_calls=115495 feedback_calls=115494 infer_wait=4293.893s infer_obs_pack=4.802s env_step=2940.120s feedback_total=20.635s feedback_obs_pack=6.667s feedback_info_pack=0.362s effective_fps=63.38
2026-09-28 13:22:20.069 | INFO     | plugrl_env_client.runner.rollout:log_timing_summary:98 - Intermediate rollout timing summary: env_steps=462060 infer_calls=116002 feedback_calls=116001 infer_wait=4413.418s infer_obs_pack=4.836s env_step=2952.086s feedback_total=20.766s feedback_obs_pack=6.797s feedback_info_pack=0.366s effective_fps=62.52
2026-09-28 13:22:20.069 | INFO     | plugrl_env_client.runner.rollout:log_timing_summary:98 - Intermediate rollout timing summary: env_steps=462103 infer_calls=116002 feedback_calls=116001 infer_wait=4412.668s infer_obs_pack=4.823s env_step=2952.993s feedback_total=20.726s feedback_obs_pack=6.696s feedback_info_pack=0.363s effective_fps=62.52
2026-09-28 13:22:20.070 | INFO     | plugrl_env_client.runner.rollout:log_timing_summary:98 - Intermediate rollout timing summary: env_steps=462127 infer_calls=116002 feedback_calls=116001 infer_wait=4411.650s infer_obs_pack=4.931s env_step=2953.624s feedback_total=20.620s feedback_obs_pack=6.817s feedback_info_pack=0.356s effective_fps=62.53
2026-09-28 13:22:50.071 | INFO     | plugrl_env_client.runner.rollout:log_timing_summary:98 - Intermediate rollout timing summary: env_steps=465718 infer_calls=116907 feedback_calls=116906 infer_wait=4419.276s infer_obs_pack=4.859s env_step=2976.061s feedback_total=20.882s feedback_obs_pack=6.747s feedback_info_pack=0.366s effective_fps=62.76
2026-09-28 13:22:50.071 | INFO     | plugrl_env_client.runner.rollout:log_timing_summary:98 - Intermediate rollout timing summary: env_steps=465668 infer_calls=116907 feedback_calls=116906 infer_wait=4421.577s infer_obs_pack=4.873s env_step=2973.590s feedback_total=20.925s feedback_obs_pack=6.849s feedback_info_pack=0.369s effective_fps=62.75
2026-09-28 13:22:50.072 | INFO     | plugrl_env_client.runner.rollout:log_timing_summary:98 - Intermediate rollout timing summary: env_steps=465734 infer_calls=116907 feedback_calls=116906 infer_wait=4419.645s infer_obs_pack=4.968s env_step=2975.295s feedback_total=20.778s feedback_obs_pack=6.869s feedback_info_pack=0.359s effective_fps=62.76
2026-09-28 13:23:20.075 | INFO     | plugrl_env_client.runner.rollout:log_timing_summary:98 - Intermediate rollout timing summary: env_steps=469463 infer_calls=117848 feedback_calls=117847 infer_wait=4426.406s infer_obs_pack=4.897s env_step=2998.585s feedback_total=21.048s feedback_obs_pack=6.800s feedback_info_pack=0.369s effective_fps=63.01
2026-09-28 13:23:20.075 | INFO     | plugrl_env_client.runner.rollout:log_timing_summary:98 - Intermediate rollout timing summary: env_steps=469418 infer_calls=117848 feedback_calls=117847 infer_wait=4428.606s infer_obs_pack=4.911s env_step=2996.225s feedback_total=21.088s feedback_obs_pack=6.903s feedback_info_pack=0.372s effective_fps=63.00
2026-09-28 13:23:20.075 | INFO     | plugrl_env_client.runner.rollout:log_timing_summary:98 - Intermediate rollout timing summary: env_steps=469483 infer_calls=117848 feedback_calls=117847 infer_wait=4427.024s infer_obs_pack=5.008s env_step=2997.568s feedback_total=20.943s feedback_obs_pack=6.923s feedback_info_pack=0.362s effective_fps=63.01
2026-09-28 13:23:50.077 | INFO     | plugrl_env_client.runner.rollout:log_timing_summary:98 - Intermediate rollout timing summary: env_steps=472817 infer_calls=118684 feedback_calls=118683 infer_wait=4435.651s infer_obs_pack=5.046s env_step=3018.622s feedback_total=21.090s feedback_obs_pack=6.971s feedback_info_pack=0.364s effective_fps=63.21
2026-09-28 13:23:50.079 | INFO     | plugrl_env_client.runner.rollout:log_timing_summary:98 - Intermediate rollout timing summary: env_steps=472756 infer_calls=118684 feedback_calls=118683 infer_wait=4436.885s infer_obs_pack=4.945s env_step=3017.640s feedback_total=21.237s feedback_obs_pack=6.951s feedback_info_pack=0.375s effective_fps=63.20
2026-09-28 13:23:50.081 | INFO     | plugrl_env_client.runner.rollout:log_timing_summary:98 - Intermediate rollout timing summary: env_steps=472796 infer_calls=118684 feedback_calls=118683 infer_wait=4434.972s infer_obs_pack=4.932s env_step=3019.686s feedback_total=21.211s feedback_obs_pack=6.854s feedback_info_pack=0.372s effective_fps=63.20
2026-09-28 13:24:20.081 | INFO     | plugrl_env_client.runner.rollout:log_timing_summary:98 - Intermediate rollout timing summary: env_steps=476091 infer_calls=119521 feedback_calls=119520 infer_wait=4445.254s infer_obs_pack=4.983s env_step=3038.962s feedback_total=21.389s feedback_obs_pack=7.001s feedback_info_pack=0.377s effective_fps=63.39
2026-09-28 13:24:20.083 | INFO     | plugrl_env_client.runner.rollout:log_timing_summary:98 - Intermediate rollout timing summary: env_steps=476144 infer_calls=119521 feedback_calls=119520 infer_wait=4444.198s infer_obs_pack=5.082s env_step=3039.760s feedback_total=21.244s feedback_obs_pack=7.020s feedback_info_pack=0.367s effective_fps=63.40
2026-09-28 13:24:20.083 | INFO     | plugrl_env_client.runner.rollout:log_timing_summary:98 - Intermediate rollout timing summary: env_steps=476131 infer_calls=119521 feedback_calls=119520 infer_wait=4443.013s infer_obs_pack=4.966s env_step=3041.341s feedback_total=21.362s feedback_obs_pack=6.904s feedback_info_pack=0.375s effective_fps=63.39
2026-09-28 13:26:30.633 | INFO     | plugrl_env_client.runner.rollout:log_timing_summary:98 - Intermediate rollout timing summary: env_steps=478006 infer_calls=120002 feedback_calls=120001 infer_wait=4563.436s infer_obs_pack=5.006s env_step=3051.153s feedback_total=21.474s feedback_obs_pack=7.028s feedback_info_pack=0.379s effective_fps=62.56
2026-09-28 13:26:30.634 | INFO     | plugrl_env_client.runner.rollout:log_timing_summary:98 - Intermediate rollout timing summary: env_steps=478039 infer_calls=120002 feedback_calls=120001 infer_wait=4561.190s infer_obs_pack=4.986s env_step=3053.537s feedback_total=21.450s feedback_obs_pack=6.932s feedback_info_pack=0.376s effective_fps=62.56
2026-09-28 13:26:30.638 | INFO     | plugrl_env_client.runner.rollout:log_timing_summary:98 - Intermediate rollout timing summary: env_steps=478052 infer_calls=120002 feedback_calls=120001 infer_wait=4562.597s infer_obs_pack=5.102s env_step=3051.738s feedback_total=21.330s feedback_obs_pack=7.048s feedback_info_pack=0.368s effective_fps=62.57
2026-09-28 13:27:00.634 | INFO     | plugrl_env_client.runner.rollout:log_timing_summary:98 - Intermediate rollout timing summary: env_steps=481662 infer_calls=120918 feedback_calls=120917 infer_wait=4570.850s infer_obs_pack=5.043s env_step=3073.404s feedback_total=21.636s feedback_obs_pack=7.081s feedback_info_pack=0.382s effective_fps=62.79
2026-09-28 13:27:00.638 | INFO     | plugrl_env_client.runner.rollout:log_timing_summary:98 - Intermediate rollout timing summary: env_steps=481689 infer_calls=120918 feedback_calls=120917 infer_wait=4568.267s infer_obs_pack=5.023s env_step=3076.135s feedback_total=21.608s feedback_obs_pack=6.984s feedback_info_pack=0.379s effective_fps=62.79
2026-09-28 13:27:00.643 | INFO     | plugrl_env_client.runner.rollout:log_timing_summary:98 - Intermediate rollout timing summary: env_steps=481699 infer_calls=120918 feedback_calls=120917 infer_wait=4570.445s infer_obs_pack=5.140s env_step=3073.552s feedback_total=21.491s feedback_obs_pack=7.101s feedback_info_pack=0.371s effective_fps=62.80
2026-09-28 13:27:30.636 | INFO     | plugrl_env_client.runner.rollout:log_timing_summary:98 - Intermediate rollout timing summary: env_steps=485347 infer_calls=121843 feedback_calls=121842 infer_wait=4577.924s infer_obs_pack=5.080s env_step=3095.993s feedback_total=21.798s feedback_obs_pack=7.134s feedback_info_pack=0.385s effective_fps=63.03
2026-09-28 13:27:30.643 | INFO     | plugrl_env_client.runner.rollout:log_timing_summary:98 - Intermediate rollout timing summary: env_steps=485387 infer_calls=121843 feedback_calls=121842 infer_wait=4577.677s infer_obs_pack=5.179s env_step=3095.979s feedback_total=21.656s feedback_obs_pack=7.154s feedback_info_pack=0.374s effective_fps=63.03
2026-09-28 13:27:30.644 | INFO     | plugrl_env_client.runner.rollout:log_timing_summary:98 - Intermediate rollout timing summary: env_steps=485372 infer_calls=121843 feedback_calls=121842 infer_wait=4575.257s infer_obs_pack=5.060s env_step=3098.814s feedback_total=21.769s feedback_obs_pack=7.037s feedback_info_pack=0.382s effective_fps=63.03
2026-09-28 13:28:00.645 | INFO     | plugrl_env_client.runner.rollout:log_timing_summary:98 - Intermediate rollout timing summary: env_steps=488709 infer_calls=122686 feedback_calls=122686 infer_wait=4585.968s infer_obs_pack=5.115s env_step=3117.639s feedback_total=21.955s feedback_obs_pack=7.183s feedback_info_pack=0.387s effective_fps=63.22
2026-09-28 13:28:00.651 | INFO     | plugrl_env_client.runner.rollout:log_timing_summary:98 - Intermediate rollout timing summary: env_steps=488749 infer_calls=122686 feedback_calls=122686 infer_wait=4585.636s infer_obs_pack=5.214s env_step=3117.713s feedback_total=21.807s feedback_obs_pack=7.203s feedback_info_pack=0.376s effective_fps=63.22
2026-09-28 13:28:00.667 | INFO     | plugrl_env_client.runner.rollout:log_timing_summary:98 - Intermediate rollout timing summary: env_steps=488733 infer_calls=122687 feedback_calls=122686 infer_wait=4583.825s infer_obs_pack=5.095s env_step=3119.955s feedback_total=21.920s feedback_obs_pack=7.085s feedback_info_pack=0.384s effective_fps=63.22
2026-09-28 13:28:30.654 | INFO     | plugrl_env_client.runner.rollout:log_timing_summary:98 - Intermediate rollout timing summary: env_steps=492061 infer_calls=123520 feedback_calls=123519 infer_wait=4594.246s infer_obs_pack=5.250s env_step=3138.795s feedback_total=21.955s feedback_obs_pack=7.253s feedback_info_pack=0.379s effective_fps=63.41
2026-09-28 13:28:30.660 | INFO     | plugrl_env_client.runner.rollout:log_timing_summary:98 - Intermediate rollout timing summary: env_steps=492028 infer_calls=123520 feedback_calls=123519 infer_wait=4594.435s infer_obs_pack=5.151s env_step=3138.871s feedback_total=22.103s feedback_obs_pack=7.232s feedback_info_pack=0.390s effective_fps=63.40
2026-09-28 13:28:30.671 | INFO     | plugrl_env_client.runner.rollout:log_timing_summary:98 - Intermediate rollout timing summary: env_steps=492049 infer_calls=123520 feedback_calls=123520 infer_wait=4592.374s infer_obs_pack=5.129s env_step=3141.099s feedback_total=22.072s feedback_obs_pack=7.132s feedback_info_pack=0.387s effective_fps=63.40
2026-09-28 13:30:42.899 | INFO     | plugrl_env_client.runner.rollout:log_timing_summary:98 - Intermediate rollout timing summary: env_steps=493942 infer_calls=124002 feedback_calls=124001 infer_wait=4714.257s infer_obs_pack=5.171s env_step=3151.109s feedback_total=22.190s feedback_obs_pack=7.261s feedback_info_pack=0.391s effective_fps=62.58
2026-09-28 13:30:42.906 | INFO     | plugrl_env_client.runner.rollout:log_timing_summary:98 - Intermediate rollout timing summary: env_steps=493968 infer_calls=124002 feedback_calls=124001 infer_wait=4711.989s infer_obs_pack=5.149s env_step=3153.532s feedback_total=22.165s feedback_obs_pack=7.163s feedback_info_pack=0.388s effective_fps=62.58
2026-09-28 13:30:42.909 | INFO     | plugrl_env_client.runner.rollout:log_timing_summary:98 - Intermediate rollout timing summary: env_steps=493981 infer_calls=124002 feedback_calls=124001 infer_wait=4714.036s infer_obs_pack=5.270s env_step=3151.079s feedback_total=22.041s feedback_obs_pack=7.281s feedback_info_pack=0.380s effective_fps=62.59
2026-09-28 13:31:12.904 | INFO     | plugrl_env_client.runner.rollout:log_timing_summary:98 - Intermediate rollout timing summary: env_steps=497599 infer_calls=124920 feedback_calls=124919 infer_wait=4721.450s infer_obs_pack=5.208s env_step=3173.587s feedback_total=22.350s feedback_obs_pack=7.314s feedback_info_pack=0.394s effective_fps=62.81
2026-09-28 13:31:12.906 | INFO     | plugrl_env_client.runner.rollout:log_timing_summary:98 - Intermediate rollout timing summary: env_steps=497625 infer_calls=124920 feedback_calls=124919 infer_wait=4719.261s infer_obs_pack=5.186s env_step=3175.922s feedback_total=22.326s feedback_obs_pack=7.216s feedback_info_pack=0.391s effective_fps=62.81
2026-09-28 13:31:12.910 | INFO     | plugrl_env_client.runner.rollout:log_timing_summary:98 - Intermediate rollout timing summary: env_steps=497642 infer_calls=124920 feedback_calls=124920 infer_wait=4721.544s infer_obs_pack=5.308s env_step=3173.233s feedback_total=22.202s feedback_obs_pack=7.334s feedback_info_pack=0.383s effective_fps=62.82
2026-09-28 13:31:42.908 | INFO     | plugrl_env_client.runner.rollout:log_timing_summary:98 - Intermediate rollout timing summary: env_steps=501287 infer_calls=125847 feedback_calls=125846 infer_wait=4728.855s infer_obs_pack=5.246s env_step=3195.838s feedback_total=22.513s feedback_obs_pack=7.367s feedback_info_pack=0.397s effective_fps=63.04
2026-09-28 13:31:42.911 | INFO     | plugrl_env_client.runner.rollout:log_timing_summary:98 - Intermediate rollout timing summary: env_steps=501323 infer_calls=125847 feedback_calls=125846 infer_wait=4726.261s infer_obs_pack=5.224s env_step=3198.592s feedback_total=22.486s feedback_obs_pack=7.268s feedback_info_pack=0.394s effective_fps=63.04
2026-09-28 13:31:42.915 | INFO     | plugrl_env_client.runner.rollout:log_timing_summary:98 - Intermediate rollout timing summary: env_steps=501334 infer_calls=125847 feedback_calls=125846 infer_wait=4728.958s infer_obs_pack=5.347s env_step=3195.475s feedback_total=22.364s feedback_obs_pack=7.388s feedback_info_pack=0.386s effective_fps=63.04
2026-09-28 13:32:12.915 | INFO     | plugrl_env_client.runner.rollout:log_timing_summary:98 - Intermediate rollout timing summary: env_steps=504700 infer_calls=126695 feedback_calls=126694 infer_wait=4734.567s infer_obs_pack=5.258s env_step=3219.969s feedback_total=22.641s feedback_obs_pack=7.319s feedback_info_pack=0.397s effective_fps=63.23
2026-09-28 13:32:12.935 | INFO     | plugrl_env_client.runner.rollout:log_timing_summary:98 - Intermediate rollout timing summary: env_steps=504665 infer_calls=126696 feedback_calls=126695 infer_wait=4736.652s infer_obs_pack=5.281s env_step=3217.743s feedback_total=22.672s feedback_obs_pack=7.417s feedback_info_pack=0.400s effective_fps=63.22
2026-09-28 13:32:12.938 | INFO     | plugrl_env_client.runner.rollout:log_timing_summary:98 - Intermediate rollout timing summary: env_steps=504718 infer_calls=126696 feedback_calls=126695 infer_wait=4737.269s infer_obs_pack=5.383s env_step=3216.865s feedback_total=22.515s feedback_obs_pack=7.437s feedback_info_pack=0.389s effective_fps=63.23
2026-09-28 13:32:42.923 | INFO     | plugrl_env_client.runner.rollout:log_timing_summary:98 - Intermediate rollout timing summary: env_steps=507995 infer_calls=127523 feedback_calls=127522 infer_wait=4743.293s infer_obs_pack=5.293s env_step=3240.937s feedback_total=22.789s feedback_obs_pack=7.367s feedback_info_pack=0.399s effective_fps=63.40
2026-09-28 13:32:42.941 | INFO     | plugrl_env_client.runner.rollout:log_timing_summary:98 - Intermediate rollout timing summary: env_steps=507960 infer_calls=127523 feedback_calls=127522 infer_wait=4745.261s infer_obs_pack=5.315s env_step=3238.837s feedback_total=22.817s feedback_obs_pack=7.464s feedback_info_pack=0.403s effective_fps=63.40
2026-09-28 13:32:42.941 | INFO     | plugrl_env_client.runner.rollout:log_timing_summary:98 - Intermediate rollout timing summary: env_steps=508013 infer_calls=127523 feedback_calls=127523 infer_wait=4745.548s infer_obs_pack=5.421s env_step=3238.276s feedback_total=22.660s feedback_obs_pack=7.486s feedback_info_pack=0.391s effective_fps=63.41
2026-09-28 13:34:54.782 | INFO     | plugrl_env_client.runner.rollout:log_timing_summary:98 - Intermediate rollout timing summary: env_steps=509869 infer_calls=128002 feedback_calls=128001 infer_wait=4864.395s infer_obs_pack=5.335s env_step=3251.371s feedback_total=22.903s feedback_obs_pack=7.491s feedback_info_pack=0.404s effective_fps=62.61
2026-09-28 13:34:54.788 | INFO     | plugrl_env_client.runner.rollout:log_timing_summary:98 - Intermediate rollout timing summary: env_steps=509920 infer_calls=128002 feedback_calls=128001 infer_wait=4865.060s infer_obs_pack=5.441s env_step=3250.430s feedback_total=22.747s feedback_obs_pack=7.515s feedback_info_pack=0.393s effective_fps=62.62
2026-09-28 13:34:54.789 | INFO     | plugrl_env_client.runner.rollout:log_timing_summary:98 - Intermediate rollout timing summary: env_steps=509907 infer_calls=128002 feedback_calls=128001 infer_wait=4862.535s infer_obs_pack=5.312s env_step=3253.387s feedback_total=22.872s feedback_obs_pack=7.394s feedback_info_pack=0.401s effective_fps=62.61
2026-09-28 13:35:24.791 | INFO     | plugrl_env_client.runner.rollout:log_timing_summary:98 - Intermediate rollout timing summary: env_steps=513602 infer_calls=128928 feedback_calls=128927 infer_wait=4872.416s infer_obs_pack=5.479s env_step=3272.732s feedback_total=22.908s feedback_obs_pack=7.568s feedback_info_pack=0.395s effective_fps=62.84
2026-09-28 13:35:24.792 | INFO     | plugrl_env_client.runner.rollout:log_timing_summary:98 - Intermediate rollout timing summary: env_steps=513603 infer_calls=128928 feedback_calls=128927 infer_wait=4869.958s infer_obs_pack=5.350s env_step=3275.627s feedback_total=23.035s feedback_obs_pack=7.446s feedback_info_pack=0.404s effective_fps=62.83
2026-09-28 13:35:24.792 | INFO     | plugrl_env_client.runner.rollout:log_timing_summary:98 - Intermediate rollout timing summary: env_steps=513558 infer_calls=128928 feedback_calls=128927 infer_wait=4871.523s infer_obs_pack=5.373s env_step=3273.913s feedback_total=23.066s feedback_obs_pack=7.545s feedback_info_pack=0.407s effective_fps=62.83
2026-09-28 13:35:54.794 | INFO     | plugrl_env_client.runner.rollout:log_timing_summary:98 - Intermediate rollout timing summary: env_steps=517253 infer_calls=129844 feedback_calls=129843 infer_wait=4880.164s infer_obs_pack=5.518s env_step=3294.643s feedback_total=23.070s feedback_obs_pack=7.621s feedback_info_pack=0.398s effective_fps=63.05
2026-09-28 13:35:54.795 | INFO     | plugrl_env_client.runner.rollout:log_timing_summary:98 - Intermediate rollout timing summary: env_steps=517258 infer_calls=129844 feedback_calls=129843 infer_wait=4876.714s infer_obs_pack=5.387s env_step=3298.545s feedback_total=23.193s feedback_obs_pack=7.498s feedback_info_pack=0.407s effective_fps=63.05
2026-09-28 13:35:54.795 | INFO     | plugrl_env_client.runner.rollout:log_timing_summary:98 - Intermediate rollout timing summary: env_steps=517208 infer_calls=129844 feedback_calls=129843 infer_wait=4879.056s infer_obs_pack=5.410s env_step=3296.047s feedback_total=23.225s feedback_obs_pack=7.597s feedback_info_pack=0.410s effective_fps=63.05
2026-09-28 13:36:24.797 | INFO     | plugrl_env_client.runner.rollout:log_timing_summary:98 - Intermediate rollout timing summary: env_steps=520750 infer_calls=130719 feedback_calls=130718 infer_wait=4884.343s infer_obs_pack=5.422s env_step=3320.592s feedback_total=23.350s feedback_obs_pack=7.548s feedback_info_pack=0.409s effective_fps=63.25
2026-09-28 13:36:24.800 | INFO     | plugrl_env_client.runner.rollout:log_timing_summary:98 - Intermediate rollout timing summary: env_steps=520690 infer_calls=130719 feedback_calls=130718 infer_wait=4887.282s infer_obs_pack=5.446s env_step=3317.499s feedback_total=23.382s feedback_obs_pack=7.648s feedback_info_pack=0.413s effective_fps=63.24
2026-09-28 13:36:24.800 | INFO     | plugrl_env_client.runner.rollout:log_timing_summary:98 - Intermediate rollout timing summary: env_steps=520737 infer_calls=130719 feedback_calls=130718 infer_wait=4888.019s infer_obs_pack=5.555s env_step=3316.462s feedback_total=23.229s feedback_obs_pack=7.674s feedback_info_pack=0.401s effective_fps=63.25
2026-09-28 13:36:54.802 | INFO     | plugrl_env_client.runner.rollout:log_timing_summary:98 - Intermediate rollout timing summary: env_steps=523980 infer_calls=131543 feedback_calls=131542 infer_wait=4895.948s infer_obs_pack=5.480s env_step=3338.523s feedback_total=23.531s feedback_obs_pack=7.696s feedback_info_pack=0.415s effective_fps=63.41
2026-09-28 13:36:54.804 | INFO     | plugrl_env_client.runner.rollout:log_timing_summary:98 - Intermediate rollout timing summary: env_steps=524029 infer_calls=131543 feedback_calls=131542 infer_wait=4896.125s infer_obs_pack=5.589s env_step=3338.045s feedback_total=23.381s feedback_obs_pack=7.723s feedback_info_pack=0.403s effective_fps=63.42
2026-09-28 13:36:54.804 | INFO     | plugrl_env_client.runner.rollout:log_timing_summary:98 - Intermediate rollout timing summary: env_steps=524029 infer_calls=131543 feedback_calls=131542 infer_wait=4892.928s infer_obs_pack=5.457s env_step=3341.706s feedback_total=23.500s feedback_obs_pack=7.596s feedback_info_pack=0.412s effective_fps=63.41
2026-09-28 13:39:05.089 | INFO     | plugrl_env_client.runner.rollout:log_timing_summary:98 - Intermediate rollout timing summary: env_steps=525805 infer_calls=132002 feedback_calls=132001 infer_wait=5014.475s infer_obs_pack=5.499s env_step=3350.111s feedback_total=23.614s feedback_obs_pack=7.723s feedback_info_pack=0.417s effective_fps=62.64
2026-09-28 13:39:05.091 | INFO     | plugrl_env_client.runner.rollout:log_timing_summary:98 - Intermediate rollout timing summary: env_steps=525852 infer_calls=132002 feedback_calls=132001 infer_wait=5014.331s infer_obs_pack=5.609s env_step=3349.956s feedback_total=23.462s feedback_obs_pack=7.749s feedback_info_pack=0.405s effective_fps=62.65
2026-09-28 13:39:05.094 | INFO     | plugrl_env_client.runner.rollout:log_timing_summary:98 - Intermediate rollout timing summary: env_steps=525856 infer_calls=132002 feedback_calls=132001 infer_wait=5011.281s infer_obs_pack=5.476s env_step=3353.474s feedback_total=23.580s feedback_obs_pack=7.622s feedback_info_pack=0.413s effective_fps=62.65
2026-09-28 13:39:35.091 | INFO     | plugrl_env_client.runner.rollout:log_timing_summary:98 - Intermediate rollout timing summary: env_steps=529475 infer_calls=132920 feedback_calls=132920 infer_wait=5021.727s infer_obs_pack=5.537s env_step=3372.528s feedback_total=23.774s feedback_obs_pack=7.776s feedback_info_pack=0.420s effective_fps=62.86
2026-09-28 13:39:35.093 | INFO     | plugrl_env_client.runner.rollout:log_timing_summary:98 - Intermediate rollout timing summary: env_steps=529510 infer_calls=132920 feedback_calls=132920 infer_wait=5021.705s infer_obs_pack=5.647s env_step=3372.244s feedback_total=23.623s feedback_obs_pack=7.803s feedback_info_pack=0.408s effective_fps=62.86
2026-09-28 13:39:35.105 | INFO     | plugrl_env_client.runner.rollout:log_timing_summary:98 - Intermediate rollout timing summary: env_steps=529518 infer_calls=132921 feedback_calls=132920 infer_wait=5018.576s infer_obs_pack=5.513s env_step=3375.854s feedback_total=23.738s feedback_obs_pack=7.675s feedback_info_pack=0.416s effective_fps=62.86
2026-09-28 13:40:05.095 | INFO     | plugrl_env_client.runner.rollout:log_timing_summary:98 - Intermediate rollout timing summary: env_steps=533213 infer_calls=133849 feedback_calls=133849 infer_wait=5028.858s infer_obs_pack=5.686s env_step=3394.747s feedback_total=23.785s feedback_obs_pack=7.857s feedback_info_pack=0.411s effective_fps=63.08
2026-09-28 13:40:05.097 | INFO     | plugrl_env_client.runner.rollout:log_timing_summary:98 - Intermediate rollout timing summary: env_steps=533175 infer_calls=133849 feedback_calls=133849 infer_wait=5028.931s infer_obs_pack=5.574s env_step=3394.987s feedback_total=23.938s feedback_obs_pack=7.830s feedback_info_pack=0.422s effective_fps=63.07
2026-09-28 13:40:05.109 | INFO     | plugrl_env_client.runner.rollout:log_timing_summary:98 - Intermediate rollout timing summary: env_steps=533216 infer_calls=133850 feedback_calls=133849 infer_wait=5025.736s infer_obs_pack=5.550s env_step=3398.355s feedback_total=23.901s feedback_obs_pack=7.728s feedback_info_pack=0.419s effective_fps=63.08
2026-09-28 13:40:35.098 | INFO     | plugrl_env_client.runner.rollout:log_timing_summary:98 - Intermediate rollout timing summary: env_steps=536691 infer_calls=134731 feedback_calls=134730 infer_wait=5036.400s infer_obs_pack=5.614s env_step=3417.187s feedback_total=24.098s feedback_obs_pack=7.881s feedback_info_pack=0.425s effective_fps=63.26
2026-09-28 13:40:35.119 | INFO     | plugrl_env_client.runner.rollout:log_timing_summary:98 - Intermediate rollout timing summary: env_steps=536725 infer_calls=134732 feedback_calls=134731 infer_wait=5033.738s infer_obs_pack=5.586s env_step=3420.031s feedback_total=24.059s feedback_obs_pack=7.779s feedback_info_pack=0.422s effective_fps=63.27
2026-09-28 13:40:35.119 | INFO     | plugrl_env_client.runner.rollout:log_timing_summary:98 - Intermediate rollout timing summary: env_steps=536732 infer_calls=134732 feedback_calls=134731 infer_wait=5036.753s infer_obs_pack=5.723s env_step=3416.543s feedback_total=23.943s feedback_obs_pack=7.911s feedback_info_pack=0.413s effective_fps=63.27
2026-09-28 13:41:05.100 | INFO     | plugrl_env_client.runner.rollout:log_timing_summary:98 - Intermediate rollout timing summary: env_steps=539974 infer_calls=135556 feedback_calls=135555 infer_wait=5045.015s infer_obs_pack=5.648s env_step=3438.264s feedback_total=24.242s feedback_obs_pack=7.929s feedback_info_pack=0.428s effective_fps=63.43
2026-09-28 13:41:05.128 | INFO     | plugrl_env_client.runner.rollout:log_timing_summary:98 - Intermediate rollout timing summary: env_steps=540026 infer_calls=135557 feedback_calls=135556 infer_wait=5045.046s infer_obs_pack=5.758s env_step=3437.947s feedback_total=24.092s feedback_obs_pack=7.960s feedback_info_pack=0.416s effective_fps=63.44
2026-09-28 13:41:05.131 | INFO     | plugrl_env_client.runner.rollout:log_timing_summary:98 - Intermediate rollout timing summary: env_steps=540003 infer_calls=135557 feedback_calls=135556 infer_wait=5042.350s infer_obs_pack=5.620s env_step=3441.122s feedback_total=24.204s feedback_obs_pack=7.827s feedback_info_pack=0.425s effective_fps=63.43
2026-09-28 13:43:15.358 | INFO     | plugrl_env_client.runner.rollout:log_timing_summary:98 - Intermediate rollout timing summary: env_steps=541798 infer_calls=136002 feedback_calls=136001 infer_wait=5163.796s infer_obs_pack=5.777s env_step=3449.259s feedback_total=24.170s feedback_obs_pack=7.986s feedback_info_pack=0.417s effective_fps=62.69
2026-09-28 13:43:15.359 | INFO     | plugrl_env_client.runner.rollout:log_timing_summary:98 - Intermediate rollout timing summary: env_steps=541751 infer_calls=136002 feedback_calls=136001 infer_wait=5163.900s infer_obs_pack=5.667s env_step=3449.475s feedback_total=24.322s feedback_obs_pack=7.955s feedback_info_pack=0.429s effective_fps=62.68
2026-09-28 13:43:15.360 | INFO     | plugrl_env_client.runner.rollout:log_timing_summary:98 - Intermediate rollout timing summary: env_steps=541779 infer_calls=136002 feedback_calls=136001 infer_wait=5160.927s infer_obs_pack=5.638s env_step=3452.612s feedback_total=24.281s feedback_obs_pack=7.853s feedback_info_pack=0.426s effective_fps=62.68
2026-09-28 13:43:45.363 | INFO     | plugrl_env_client.runner.rollout:log_timing_summary:98 - Intermediate rollout timing summary: env_steps=545431 infer_calls=136918 feedback_calls=136918 infer_wait=5168.183s infer_obs_pack=5.676s env_step=3475.018s feedback_total=24.442s feedback_obs_pack=7.905s feedback_info_pack=0.429s effective_fps=62.89
2026-09-28 13:43:45.364 | INFO     | plugrl_env_client.runner.rollout:log_timing_summary:98 - Intermediate rollout timing summary: env_steps=545450 infer_calls=136918 feedback_calls=136918 infer_wait=5170.962s infer_obs_pack=5.815s env_step=3471.757s feedback_total=24.330s feedback_obs_pack=8.039s feedback_info_pack=0.420s effective_fps=62.89
2026-09-28 13:43:45.377 | INFO     | plugrl_env_client.runner.rollout:log_timing_summary:98 - Intermediate rollout timing summary: env_steps=545400 infer_calls=136919 feedback_calls=136918 infer_wait=5171.292s infer_obs_pack=5.704s env_step=3471.761s feedback_total=24.482s feedback_obs_pack=8.008s feedback_info_pack=0.432s effective_fps=62.88
2026-09-28 13:44:15.367 | INFO     | plugrl_env_client.runner.rollout:log_timing_summary:98 - Intermediate rollout timing summary: env_steps=549027 infer_calls=137819 feedback_calls=137819 infer_wait=5178.704s infer_obs_pack=5.852s env_step=3493.677s feedback_total=24.487s feedback_obs_pack=8.091s feedback_info_pack=0.423s effective_fps=63.09
2026-09-28 13:44:15.381 | INFO     | plugrl_env_client.runner.rollout:log_timing_summary:98 - Intermediate rollout timing summary: env_steps=549021 infer_calls=137820 feedback_calls=137819 infer_wait=5175.241s infer_obs_pack=5.712s env_step=3497.646s feedback_total=24.598s feedback_obs_pack=7.957s feedback_info_pack=0.432s effective_fps=63.08
2026-09-28 13:44:15.383 | INFO     | plugrl_env_client.runner.rollout:log_timing_summary:98 - Intermediate rollout timing summary: env_steps=548990 infer_calls=137820 feedback_calls=137819 infer_wait=5179.022s infer_obs_pack=5.740s env_step=3493.703s feedback_total=24.640s feedback_obs_pack=8.060s feedback_info_pack=0.435s effective_fps=63.08
2026-09-28 13:44:45.367 | INFO     | plugrl_env_client.runner.rollout:log_timing_summary:98 - Intermediate rollout timing summary: env_steps=552614 infer_calls=138721 feedback_calls=138721 infer_wait=5186.340s infer_obs_pack=5.890s env_step=3515.693s feedback_total=24.652s feedback_obs_pack=8.148s feedback_info_pack=0.426s effective_fps=63.28
2026-09-28 13:44:45.393 | INFO     | plugrl_env_client.runner.rollout:log_timing_summary:98 - Intermediate rollout timing summary: env_steps=552586 infer_calls=138722 feedback_calls=138721 infer_wait=5186.621s infer_obs_pack=5.778s env_step=3515.777s feedback_total=24.800s feedback_obs_pack=8.113s feedback_info_pack=0.438s effective_fps=63.28
2026-09-28 13:44:45.394 | INFO     | plugrl_env_client.runner.rollout:log_timing_summary:98 - Intermediate rollout timing summary: env_steps=552606 infer_calls=138722 feedback_calls=138721 infer_wait=5182.570s infer_obs_pack=5.749s env_step=3519.996s feedback_total=24.756s feedback_obs_pack=8.009s feedback_info_pack=0.434s effective_fps=63.28
2026-09-28 13:45:15.374 | INFO     | plugrl_env_client.runner.rollout:log_timing_summary:98 - Intermediate rollout timing summary: env_steps=555877 infer_calls=139541 feedback_calls=139541 infer_wait=5195.060s infer_obs_pack=5.924s env_step=3536.676s feedback_total=24.796s feedback_obs_pack=8.196s feedback_info_pack=0.428s effective_fps=63.44
2026-09-28 13:45:15.395 | INFO     | plugrl_env_client.runner.rollout:log_timing_summary:98 - Intermediate rollout timing summary: env_steps=555851 infer_calls=139542 feedback_calls=139541 infer_wait=5194.863s infer_obs_pack=5.812s env_step=3537.238s feedback_total=24.943s feedback_obs_pack=8.160s feedback_info_pack=0.440s effective_fps=63.43
2026-09-28 13:45:15.396 | INFO     | plugrl_env_client.runner.rollout:log_timing_summary:98 - Intermediate rollout timing summary: env_steps=555864 infer_calls=139542 feedback_calls=139541 infer_wait=5191.013s infer_obs_pack=5.783s env_step=3541.246s feedback_total=24.902s feedback_obs_pack=8.058s feedback_info_pack=0.437s effective_fps=63.43
2026-09-28 13:47:26.395 | INFO     | plugrl_env_client.runner.rollout:log_timing_summary:98 - Intermediate rollout timing summary: env_steps=557692 infer_calls=140001 feedback_calls=140000 infer_wait=5310.164s infer_obs_pack=5.803s env_step=3552.923s feedback_total=24.985s feedback_obs_pack=8.085s feedback_info_pack=0.438s effective_fps=62.71
2026-09-28 13:47:26.399 | INFO     | plugrl_env_client.runner.rollout:log_timing_summary:98 - Intermediate rollout timing summary: env_steps=557709 infer_calls=140001 feedback_calls=140000 infer_wait=5314.209s infer_obs_pack=5.943s env_step=3548.374s feedback_total=24.878s feedback_obs_pack=8.223s feedback_info_pack=0.429s effective_fps=62.71
2026-09-28 13:47:26.399 | INFO     | plugrl_env_client.runner.rollout:log_timing_summary:98 - Intermediate rollout timing summary: env_steps=557674 infer_calls=140001 feedback_calls=140000 infer_wait=5314.009s infer_obs_pack=5.831s env_step=3548.922s feedback_total=25.029s feedback_obs_pack=8.189s feedback_info_pack=0.442s effective_fps=62.70
2026-09-28 13:47:56.399 | INFO     | plugrl_env_client.runner.rollout:log_timing_summary:98 - Intermediate rollout timing summary: env_steps=561231 infer_calls=140894 feedback_calls=140893 infer_wait=5321.653s infer_obs_pack=5.867s env_step=3570.951s feedback_total=25.187s feedback_obs_pack=8.240s feedback_info_pack=0.445s effective_fps=62.89
2026-09-28 13:47:56.399 | INFO     | plugrl_env_client.runner.rollout:log_timing_summary:98 - Intermediate rollout timing summary: env_steps=561253 infer_calls=140894 feedback_calls=140893 infer_wait=5317.452s infer_obs_pack=5.839s env_step=3575.307s feedback_total=25.142s feedback_obs_pack=8.136s feedback_info_pack=0.441s effective_fps=62.89
2026-09-28 13:47:56.400 | INFO     | plugrl_env_client.runner.rollout:log_timing_summary:98 - Intermediate rollout timing summary: env_steps=561267 infer_calls=140894 feedback_calls=140893 infer_wait=5321.712s infer_obs_pack=5.984s env_step=3570.533s feedback_total=25.036s feedback_obs_pack=8.275s feedback_info_pack=0.432s effective_fps=62.90
2026-09-28 13:48:26.403 | INFO     | plugrl_env_client.runner.rollout:log_timing_summary:98 - Intermediate rollout timing summary: env_steps=564832 infer_calls=141796 feedback_calls=141795 infer_wait=5325.313s infer_obs_pack=5.876s env_step=3597.106s feedback_total=25.302s feedback_obs_pack=8.188s feedback_info_pack=0.444s effective_fps=63.08
2026-09-28 13:48:26.403 | INFO     | plugrl_env_client.runner.rollout:log_timing_summary:98 - Intermediate rollout timing summary: env_steps=564827 infer_calls=141796 feedback_calls=141795 infer_wait=5329.108s infer_obs_pack=5.905s env_step=3593.160s feedback_total=25.348s feedback_obs_pack=8.293s feedback_info_pack=0.448s effective_fps=63.08
2026-09-28 13:48:26.404 | INFO     | plugrl_env_client.runner.rollout:log_timing_summary:98 - Intermediate rollout timing summary: env_steps=564858 infer_calls=141796 feedback_calls=141795 infer_wait=5328.938s infer_obs_pack=6.022s env_step=3592.968s feedback_total=25.196s feedback_obs_pack=8.328s feedback_info_pack=0.435s effective_fps=63.09
2026-09-28 13:48:56.409 | INFO     | plugrl_env_client.runner.rollout:log_timing_summary:98 - Intermediate rollout timing summary: env_steps=568495 infer_calls=142709 feedback_calls=142708 infer_wait=5336.062s infer_obs_pack=6.060s env_step=3615.507s feedback_total=25.353s feedback_obs_pack=8.381s feedback_info_pack=0.438s effective_fps=63.29
2026-09-28 13:48:56.409 | INFO     | plugrl_env_client.runner.rollout:log_timing_summary:98 - Intermediate rollout timing summary: env_steps=568467 infer_calls=142709 feedback_calls=142708 infer_wait=5332.773s infer_obs_pack=5.912s env_step=3619.314s feedback_total=25.461s feedback_obs_pack=8.240s feedback_info_pack=0.447s effective_fps=63.28
2026-09-28 13:48:56.409 | INFO     | plugrl_env_client.runner.rollout:log_timing_summary:98 - Intermediate rollout timing summary: env_steps=568455 infer_calls=142709 feedback_calls=142708 infer_wait=5336.720s infer_obs_pack=5.942s env_step=3615.211s feedback_total=25.508s feedback_obs_pack=8.346s feedback_info_pack=0.450s effective_fps=63.28
2026-09-28 13:49:26.412 | INFO     | plugrl_env_client.runner.rollout:log_timing_summary:98 - Intermediate rollout timing summary: env_steps=571778 infer_calls=143540 feedback_calls=143539 infer_wait=5340.960s infer_obs_pack=5.947s env_step=3640.824s feedback_total=25.610s feedback_obs_pack=8.288s feedback_info_pack=0.449s effective_fps=63.44
2026-09-28 13:49:26.412 | INFO     | plugrl_env_client.runner.rollout:log_timing_summary:98 - Intermediate rollout timing summary: env_steps=571759 infer_calls=143540 feedback_calls=143539 infer_wait=5345.461s infer_obs_pack=5.976s env_step=3636.159s feedback_total=25.657s feedback_obs_pack=8.394s feedback_info_pack=0.453s effective_fps=63.44
2026-09-28 13:49:26.415 | INFO     | plugrl_env_client.runner.rollout:log_timing_summary:98 - Intermediate rollout timing summary: env_steps=571802 infer_calls=143540 feedback_calls=143539 infer_wait=5344.703s infer_obs_pack=6.095s env_step=3636.543s feedback_total=25.510s feedback_obs_pack=8.436s feedback_info_pack=0.441s effective_fps=63.44
2026-09-28 13:51:37.918 | INFO     | plugrl_env_client.runner.rollout:log_timing_summary:98 - Intermediate rollout timing summary: env_steps=573592 infer_calls=144002 feedback_calls=144001 infer_wait=5464.833s infer_obs_pack=5.995s env_step=3648.124s feedback_total=25.739s feedback_obs_pack=8.421s feedback_info_pack=0.454s effective_fps=62.72
2026-09-28 13:51:37.919 | INFO     | plugrl_env_client.runner.rollout:log_timing_summary:98 - Intermediate rollout timing summary: env_steps=573614 infer_calls=144002 feedback_calls=144001 infer_wait=5460.621s infer_obs_pack=5.967s env_step=3652.496s feedback_total=25.692s feedback_obs_pack=8.314s feedback_info_pack=0.451s effective_fps=62.73
2026-09-28 13:51:37.924 | INFO     | plugrl_env_client.runner.rollout:log_timing_summary:98 - Intermediate rollout timing summary: env_steps=573645 infer_calls=144002 feedback_calls=144001 infer_wait=5464.207s infer_obs_pack=6.115s env_step=3648.383s feedback_total=25.590s feedback_obs_pack=8.463s feedback_info_pack=0.442s effective_fps=62.73
2026-09-28 13:52:07.919 | INFO     | plugrl_env_client.runner.rollout:log_timing_summary:98 - Intermediate rollout timing summary: env_steps=577245 infer_calls=144915 feedback_calls=144914 infer_wait=5468.103s infer_obs_pack=6.004s env_step=3674.673s feedback_total=25.853s feedback_obs_pack=8.366s feedback_info_pack=0.454s effective_fps=62.92
2026-09-28 13:52:07.920 | INFO     | plugrl_env_client.runner.rollout:log_timing_summary:98 - Intermediate rollout timing summary: env_steps=577231 infer_calls=144915 feedback_calls=144914 infer_wait=5472.276s infer_obs_pack=6.032s env_step=3670.349s feedback_total=25.899s feedback_obs_pack=8.474s feedback_info_pack=0.457s effective_fps=62.92
2026-09-28 13:52:07.928 | INFO     | plugrl_env_client.runner.rollout:log_timing_summary:98 - Intermediate rollout timing summary: env_steps=577282 infer_calls=144915 feedback_calls=144914 infer_wait=5471.845s infer_obs_pack=6.153s env_step=3670.405s feedback_total=25.750s feedback_obs_pack=8.516s feedback_info_pack=0.445s effective_fps=62.92
2026-09-28 13:52:37.922 | INFO     | plugrl_env_client.runner.rollout:log_timing_summary:98 - Intermediate rollout timing summary: env_steps=580922 infer_calls=145839 feedback_calls=145838 infer_wait=5475.389s infer_obs_pack=6.041s env_step=3697.045s feedback_total=26.016s feedback_obs_pack=8.419s feedback_info_pack=0.457s effective_fps=63.11
2026-09-28 13:52:37.923 | INFO     | plugrl_env_client.runner.rollout:log_timing_summary:98 - Intermediate rollout timing summary: env_steps=580913 infer_calls=145839 feedback_calls=145838 infer_wait=5479.916s infer_obs_pack=6.070s env_step=3692.370s feedback_total=26.062s feedback_obs_pack=8.528s feedback_info_pack=0.460s effective_fps=63.11
2026-09-28 13:52:37.931 | INFO     | plugrl_env_client.runner.rollout:log_timing_summary:98 - Intermediate rollout timing summary: env_steps=580962 infer_calls=145839 feedback_calls=145839 infer_wait=5479.057s infer_obs_pack=6.191s env_step=3692.852s feedback_total=25.912s feedback_obs_pack=8.570s feedback_info_pack=0.448s effective_fps=63.12
2026-09-28 13:53:07.924 | INFO     | plugrl_env_client.runner.rollout:log_timing_summary:98 - Intermediate rollout timing summary: env_steps=584591 infer_calls=146759 feedback_calls=146759 infer_wait=5482.762s infer_obs_pack=6.079s env_step=3719.333s feedback_total=26.177s feedback_obs_pack=8.472s feedback_info_pack=0.460s effective_fps=63.31
2026-09-28 13:53:07.925 | INFO     | plugrl_env_client.runner.rollout:log_timing_summary:98 - Intermediate rollout timing summary: env_steps=584588 infer_calls=146759 feedback_calls=146759 infer_wait=5486.955s infer_obs_pack=6.107s env_step=3715.000s feedback_total=26.221s feedback_obs_pack=8.581s feedback_info_pack=0.463s effective_fps=63.31
2026-09-28 13:53:07.941 | INFO     | plugrl_env_client.runner.rollout:log_timing_summary:98 - Intermediate rollout timing summary: env_steps=584624 infer_calls=146760 feedback_calls=146759 infer_wait=5486.473s infer_obs_pack=6.229s env_step=3715.106s feedback_total=26.072s feedback_obs_pack=8.624s feedback_info_pack=0.450s effective_fps=63.31
2026-09-28 13:53:37.924 | INFO     | plugrl_env_client.runner.rollout:log_timing_summary:98 - Intermediate rollout timing summary: env_steps=588007 infer_calls=147617 feedback_calls=147617 infer_wait=5491.200s infer_obs_pack=6.114s env_step=3740.570s feedback_total=26.335s feedback_obs_pack=8.521s feedback_info_pack=0.462s effective_fps=63.47
2026-09-28 13:53:37.929 | INFO     | plugrl_env_client.runner.rollout:log_timing_summary:98 - Intermediate rollout timing summary: env_steps=588004 infer_calls=147617 feedback_calls=147617 infer_wait=5494.892s infer_obs_pack=6.143s env_step=3736.743s feedback_total=26.378s feedback_obs_pack=8.631s feedback_info_pack=0.466s effective_fps=63.47
2026-09-28 13:53:37.949 | INFO     | plugrl_env_client.runner.rollout:log_timing_summary:98 - Intermediate rollout timing summary: env_steps=588035 infer_calls=147618 feedback_calls=147617 infer_wait=5494.700s infer_obs_pack=6.266s env_step=3736.557s feedback_total=26.225s feedback_obs_pack=8.675s feedback_info_pack=0.453s effective_fps=63.48
2026-09-28 13:55:46.460 | INFO     | plugrl_env_client.runner.rollout:log_timing_summary:98 - Intermediate rollout timing summary: env_steps=589531 infer_calls=148002 feedback_calls=148001 infer_wait=5613.471s infer_obs_pack=6.159s env_step=3746.549s feedback_total=26.446s feedback_obs_pack=8.653s feedback_info_pack=0.467s effective_fps=62.77
2026-09-28 13:55:46.461 | INFO     | plugrl_env_client.runner.rollout:log_timing_summary:98 - Intermediate rollout timing summary: env_steps=589535 infer_calls=148002 feedback_calls=148001 infer_wait=5609.761s infer_obs_pack=6.130s env_step=3750.402s feedback_total=26.403s feedback_obs_pack=8.543s feedback_info_pack=0.464s effective_fps=62.77
2026-09-28 13:55:46.463 | INFO     | plugrl_env_client.runner.rollout:log_timing_summary:98 - Intermediate rollout timing summary: env_steps=589560 infer_calls=148002 feedback_calls=148001 infer_wait=5613.272s infer_obs_pack=6.282s env_step=3746.354s feedback_total=26.293s feedback_obs_pack=8.697s feedback_info_pack=0.454s effective_fps=62.77
2026-09-28 13:56:16.467 | INFO     | plugrl_env_client.runner.rollout:log_timing_summary:98 - Intermediate rollout timing summary: env_steps=593319 infer_calls=148944 feedback_calls=148943 infer_wait=5620.618s infer_obs_pack=6.321s env_step=3768.665s feedback_total=26.457s feedback_obs_pack=8.752s feedback_info_pack=0.457s effective_fps=62.97
2026-09-28 13:56:16.467 | INFO     | plugrl_env_client.runner.rollout:log_timing_summary:98 - Intermediate rollout timing summary: env_steps=593286 infer_calls=148944 feedback_calls=148943 infer_wait=5616.816s infer_obs_pack=6.168s env_step=3773.010s feedback_total=26.565s feedback_obs_pack=8.596s feedback_info_pack=0.467s effective_fps=62.96
2026-09-28 13:56:16.468 | INFO     | plugrl_env_client.runner.rollout:log_timing_summary:98 - Intermediate rollout timing summary: env_steps=593288 infer_calls=148944 feedback_calls=148943 infer_wait=5620.834s infer_obs_pack=6.198s env_step=3768.852s feedback_total=26.610s feedback_obs_pack=8.707s feedback_info_pack=0.470s effective_fps=62.97
2026-09-28 13:56:46.468 | INFO     | plugrl_env_client.runner.rollout:log_timing_summary:98 - Intermediate rollout timing summary: env_steps=596983 infer_calls=149872 feedback_calls=149871 infer_wait=5628.236s infer_obs_pack=6.235s env_step=3791.108s feedback_total=26.771s feedback_obs_pack=8.761s feedback_info_pack=0.473s effective_fps=63.16
2026-09-28 13:56:46.469 | INFO     | plugrl_env_client.runner.rollout:log_timing_summary:98 - Intermediate rollout timing summary: env_steps=596979 infer_calls=149872 feedback_calls=149871 infer_wait=5624.346s infer_obs_pack=6.206s env_step=3795.137s feedback_total=26.728s feedback_obs_pack=8.649s feedback_info_pack=0.470s effective_fps=63.16
2026-09-28 13:56:46.470 | INFO     | plugrl_env_client.runner.rollout:log_timing_summary:98 - Intermediate rollout timing summary: env_steps=596999 infer_calls=149872 feedback_calls=149871 infer_wait=5627.977s infer_obs_pack=6.361s env_step=3790.961s feedback_total=26.619s feedback_obs_pack=8.805s feedback_info_pack=0.460s effective_fps=63.16
2026-09-28 13:57:16.469 | INFO     | plugrl_env_client.runner.rollout:log_timing_summary:98 - Intermediate rollout timing summary: env_steps=600626 infer_calls=150787 feedback_calls=150787 infer_wait=5631.614s infer_obs_pack=6.243s env_step=3817.533s feedback_total=26.887s feedback_obs_pack=8.701s feedback_info_pack=0.472s effective_fps=63.34
2026-09-28 13:57:16.474 | INFO     | plugrl_env_client.runner.rollout:log_timing_summary:98 - Intermediate rollout timing summary: env_steps=600630 infer_calls=150787 feedback_calls=150787 infer_wait=5635.627s infer_obs_pack=6.272s env_step=3813.386s feedback_total=26.931s feedback_obs_pack=8.814s feedback_info_pack=0.476s effective_fps=63.34
2026-09-28 13:57:16.485 | INFO     | plugrl_env_client.runner.rollout:log_timing_summary:98 - Intermediate rollout timing summary: env_steps=600646 infer_calls=150788 feedback_calls=150787 infer_wait=5635.154s infer_obs_pack=6.399s env_step=3813.456s feedback_total=26.779s feedback_obs_pack=8.859s feedback_info_pack=0.463s effective_fps=63.35
2026-09-28 13:57:46.474 | INFO     | plugrl_env_client.runner.rollout:log_timing_summary:98 - Intermediate rollout timing summary: env_steps=604033 infer_calls=151643 feedback_calls=151642 infer_wait=5639.652s infer_obs_pack=6.278s env_step=3839.167s feedback_total=27.050s feedback_obs_pack=8.750s feedback_info_pack=0.475s effective_fps=63.50
2026-09-28 13:57:46.474 | INFO     | plugrl_env_client.runner.rollout:log_timing_summary:98 - Intermediate rollout timing summary: env_steps=604034 infer_calls=151643 feedback_calls=151642 infer_wait=5643.941s infer_obs_pack=6.308s env_step=3834.749s feedback_total=27.086s feedback_obs_pack=8.864s feedback_info_pack=0.478s effective_fps=63.50
2026-09-28 13:57:46.487 | INFO     | plugrl_env_client.runner.rollout:log_timing_summary:98 - Intermediate rollout timing summary: env_steps=604056 infer_calls=151643 feedback_calls=151643 infer_wait=5643.349s infer_obs_pack=6.435s env_step=3834.939s feedback_total=26.933s feedback_obs_pack=8.909s feedback_info_pack=0.466s effective_fps=63.51
2026-09-28 13:59:53.702 | INFO     | plugrl_env_client.runner.rollout:log_timing_summary:98 - Intermediate rollout timing summary: env_steps=605459 infer_calls=152002 feedback_calls=152001 infer_wait=5761.864s infer_obs_pack=6.323s env_step=3843.917s feedback_total=27.154s feedback_obs_pack=8.885s feedback_info_pack=0.479s effective_fps=62.81
2026-09-28 13:59:53.703 | INFO     | plugrl_env_client.runner.rollout:log_timing_summary:98 - Intermediate rollout timing summary: env_steps=605486 infer_calls=152002 feedback_calls=152001 infer_wait=5761.016s infer_obs_pack=6.450s env_step=3844.352s feedback_total=26.996s feedback_obs_pack=8.932s feedback_info_pack=0.467s effective_fps=62.82
2026-09-28 13:59:53.709 | INFO     | plugrl_env_client.runner.rollout:log_timing_summary:98 - Intermediate rollout timing summary: env_steps=605461 infer_calls=152002 feedback_calls=152001 infer_wait=5757.728s infer_obs_pack=6.293s env_step=3848.191s feedback_total=27.117s feedback_obs_pack=8.772s feedback_info_pack=0.476s effective_fps=62.81
2026-09-28 14:00:23.703 | INFO     | plugrl_env_client.runner.rollout:log_timing_summary:98 - Intermediate rollout timing summary: env_steps=609018 infer_calls=152889 feedback_calls=152889 infer_wait=5768.302s infer_obs_pack=6.488s env_step=3866.734s feedback_total=27.153s feedback_obs_pack=8.984s feedback_info_pack=0.469s effective_fps=62.99
2026-09-28 14:00:23.706 | INFO     | plugrl_env_client.runner.rollout:log_timing_summary:98 - Intermediate rollout timing summary: env_steps=608990 infer_calls=152889 feedback_calls=152889 infer_wait=5769.797s infer_obs_pack=6.359s env_step=3865.658s feedback_total=27.310s feedback_obs_pack=8.937s feedback_info_pack=0.482s effective_fps=62.98
2026-09-28 14:00:23.719 | INFO     | plugrl_env_client.runner.rollout:log_timing_summary:98 - Intermediate rollout timing summary: env_steps=608999 infer_calls=152890 feedback_calls=152889 infer_wait=5765.375s infer_obs_pack=6.330s env_step=3870.225s feedback_total=27.274s feedback_obs_pack=8.823s feedback_info_pack=0.479s effective_fps=62.98
2026-09-28 14:00:53.710 | INFO     | plugrl_env_client.runner.rollout:log_timing_summary:98 - Intermediate rollout timing summary: env_steps=612630 infer_calls=153804 feedback_calls=153803 infer_wait=5777.144s infer_obs_pack=6.399s env_step=3887.971s feedback_total=27.471s feedback_obs_pack=8.990s feedback_info_pack=0.485s effective_fps=63.16
2026-09-28 14:00:53.710 | INFO     | plugrl_env_client.runner.rollout:log_timing_summary:98 - Intermediate rollout timing summary: env_steps=612663 infer_calls=153804 feedback_calls=153803 infer_wait=5775.681s infer_obs_pack=6.526s env_step=3889.025s feedback_total=27.314s feedback_obs_pack=9.036s feedback_info_pack=0.472s effective_fps=63.17
2026-09-28 14:00:53.722 | INFO     | plugrl_env_client.runner.rollout:log_timing_summary:98 - Intermediate rollout timing summary: env_steps=612643 infer_calls=153804 feedback_calls=153803 infer_wait=5772.511s infer_obs_pack=6.367s env_step=3892.760s feedback_total=27.431s feedback_obs_pack=8.875s feedback_info_pack=0.482s effective_fps=63.17
2026-09-28 14:01:23.712 | INFO     | plugrl_env_client.runner.rollout:log_timing_summary:98 - Intermediate rollout timing summary: env_steps=616269 infer_calls=154717 feedback_calls=154716 infer_wait=5784.353s infer_obs_pack=6.436s env_step=3910.430s feedback_total=27.632s feedback_obs_pack=9.042s feedback_info_pack=0.488s effective_fps=63.34
2026-09-28 14:01:23.715 | INFO     | plugrl_env_client.runner.rollout:log_timing_summary:98 - Intermediate rollout timing summary: env_steps=616292 infer_calls=154717 feedback_calls=154716 infer_wait=5783.282s infer_obs_pack=6.564s env_step=3911.085s feedback_total=27.475s feedback_obs_pack=9.089s feedback_info_pack=0.475s effective_fps=63.35
2026-09-28 14:01:23.722 | INFO     | plugrl_env_client.runner.rollout:log_timing_summary:98 - Intermediate rollout timing summary: env_steps=616280 infer_calls=154717 feedback_calls=154717 infer_wait=5779.684s infer_obs_pack=6.404s env_step=3915.251s feedback_total=27.592s feedback_obs_pack=8.927s feedback_info_pack=0.485s effective_fps=63.35
2026-09-28 14:01:53.713 | INFO     | plugrl_env_client.runner.rollout:log_timing_summary:98 - Intermediate rollout timing summary: env_steps=619785 infer_calls=155601 feedback_calls=155600 infer_wait=5791.862s infer_obs_pack=6.472s env_step=3932.597s feedback_total=27.788s feedback_obs_pack=9.093s feedback_info_pack=0.491s effective_fps=63.51
2026-09-28 14:01:53.719 | INFO     | plugrl_env_client.runner.rollout:log_timing_summary:98 - Intermediate rollout timing summary: env_steps=619811 infer_calls=155601 feedback_calls=155601 infer_wait=5791.305s infer_obs_pack=6.601s env_step=3932.735s feedback_total=27.631s feedback_obs_pack=9.141s feedback_info_pack=0.478s effective_fps=63.52
2026-09-28 14:01:53.725 | INFO     | plugrl_env_client.runner.rollout:log_timing_summary:98 - Intermediate rollout timing summary: env_steps=619791 infer_calls=155601 feedback_calls=155601 infer_wait=5787.472s infer_obs_pack=6.439s env_step=3937.136s feedback_total=27.747s feedback_obs_pack=8.977s feedback_info_pack=0.487s effective_fps=63.51
2026-09-28 14:04:02.050 | INFO     | plugrl_env_client.runner.rollout:log_timing_summary:98 - Intermediate rollout timing summary: env_steps=621381 infer_calls=156001 feedback_calls=156000 infer_wait=5905.209s infer_obs_pack=6.456s env_step=3947.575s feedback_total=27.819s feedback_obs_pack=9.000s feedback_info_pack=0.489s effective_fps=62.85
2026-09-28 14:04:02.053 | INFO     | plugrl_env_client.runner.rollout:log_timing_summary:98 - Intermediate rollout timing summary: env_steps=621399 infer_calls=156001 feedback_calls=156000 infer_wait=5909.073s infer_obs_pack=6.619s env_step=3943.150s feedback_total=27.705s feedback_obs_pack=9.164s feedback_info_pack=0.479s effective_fps=62.85
2026-09-28 14:04:02.055 | INFO     | plugrl_env_client.runner.rollout:log_timing_summary:98 - Intermediate rollout timing summary: env_steps=621381 infer_calls=156001 feedback_calls=156000 infer_wait=5909.815s infer_obs_pack=6.489s env_step=3942.833s feedback_total=27.861s feedback_obs_pack=9.116s feedback_info_pack=0.492s effective_fps=62.85
2026-09-28 14:04:32.053 | INFO     | plugrl_env_client.runner.rollout:log_timing_summary:98 - Intermediate rollout timing summary: env_steps=624946 infer_calls=156897 feedback_calls=156896 infer_wait=5912.842s infer_obs_pack=6.492s env_step=3969.609s feedback_total=27.979s feedback_obs_pack=9.050s feedback_info_pack=0.492s effective_fps=63.02
2026-09-28 14:04:32.054 | INFO     | plugrl_env_client.runner.rollout:log_timing_summary:98 - Intermediate rollout timing summary: env_steps=624967 infer_calls=156897 feedback_calls=156896 infer_wait=5916.793s infer_obs_pack=6.656s env_step=3965.094s feedback_total=27.865s feedback_obs_pack=9.217s feedback_info_pack=0.482s effective_fps=63.02
2026-09-28 14:04:32.059 | INFO     | plugrl_env_client.runner.rollout:log_timing_summary:98 - Intermediate rollout timing summary: env_steps=624946 infer_calls=156897 feedback_calls=156896 infer_wait=5917.491s infer_obs_pack=6.525s env_step=3964.826s feedback_total=28.021s feedback_obs_pack=9.168s feedback_info_pack=0.495s effective_fps=63.02
2026-09-28 14:05:02.057 | INFO     | plugrl_env_client.runner.rollout:log_timing_summary:98 - Intermediate rollout timing summary: env_steps=628637 infer_calls=157823 feedback_calls=157823 infer_wait=5920.180s infer_obs_pack=6.529s env_step=3991.936s feedback_total=28.140s feedback_obs_pack=9.103s feedback_info_pack=0.495s effective_fps=63.20
2026-09-28 14:05:02.069 | INFO     | plugrl_env_client.runner.rollout:log_timing_summary:98 - Intermediate rollout timing summary: env_steps=628660 infer_calls=157824 feedback_calls=157823 infer_wait=5923.765s infer_obs_pack=6.695s env_step=3987.791s feedback_total=28.028s feedback_obs_pack=9.273s feedback_info_pack=0.485s effective_fps=63.21
2026-09-28 14:05:02.071 | INFO     | plugrl_env_client.runner.rollout:log_timing_summary:98 - Intermediate rollout timing summary: env_steps=628635 infer_calls=157824 feedback_calls=157823 infer_wait=5924.898s infer_obs_pack=6.563s env_step=3987.091s feedback_total=28.182s feedback_obs_pack=9.222s feedback_info_pack=0.498s effective_fps=63.20
2026-09-28 14:05:32.058 | INFO     | plugrl_env_client.runner.rollout:log_timing_summary:98 - Intermediate rollout timing summary: env_steps=632258 infer_calls=158734 feedback_calls=158734 infer_wait=5927.629s infer_obs_pack=6.566s env_step=4014.149s feedback_total=28.300s feedback_obs_pack=9.155s feedback_info_pack=0.498s effective_fps=63.37
2026-09-28 14:05:32.073 | INFO     | plugrl_env_client.runner.rollout:log_timing_summary:98 - Intermediate rollout timing summary: env_steps=632267 infer_calls=158735 feedback_calls=158734 infer_wait=5932.288s infer_obs_pack=6.600s env_step=4009.371s feedback_total=28.341s feedback_obs_pack=9.274s feedback_info_pack=0.501s effective_fps=63.38
2026-09-28 14:05:32.073 | INFO     | plugrl_env_client.runner.rollout:log_timing_summary:98 - Intermediate rollout timing summary: env_steps=632293 infer_calls=158735 feedback_calls=158734 infer_wait=5931.002s infer_obs_pack=6.733s env_step=4010.225s feedback_total=28.186s feedback_obs_pack=9.326s feedback_info_pack=0.487s effective_fps=63.38
2026-09-28 14:06:02.064 | INFO     | plugrl_env_client.runner.rollout:log_timing_summary:98 - Intermediate rollout timing summary: env_steps=635843 infer_calls=159636 feedback_calls=159635 infer_wait=5935.281s infer_obs_pack=6.603s env_step=4036.163s feedback_total=28.461s feedback_obs_pack=9.207s feedback_info_pack=0.501s effective_fps=63.54
2026-09-28 14:06:02.082 | INFO     | plugrl_env_client.runner.rollout:log_timing_summary:98 - Intermediate rollout timing summary: env_steps=635861 infer_calls=159637 feedback_calls=159636 infer_wait=5939.773s infer_obs_pack=6.637s env_step=4031.559s feedback_total=28.500s feedback_obs_pack=9.326s feedback_info_pack=0.503s effective_fps=63.54
2026-09-28 14:06:02.083 | INFO     | plugrl_env_client.runner.rollout:log_timing_summary:98 - Intermediate rollout timing summary: env_steps=635885 infer_calls=159637 feedback_calls=159636 infer_wait=5938.598s infer_obs_pack=6.771s env_step=4032.290s feedback_total=28.348s feedback_obs_pack=9.382s feedback_info_pack=0.490s effective_fps=63.55
2026-09-28 14:08:09.678 | INFO     | plugrl_env_client.runner.rollout:log_timing_summary:98 - Intermediate rollout timing summary: env_steps=637331 infer_calls=160002 feedback_calls=160001 infer_wait=6056.760s infer_obs_pack=6.789s env_step=4041.575s feedback_total=28.415s feedback_obs_pack=9.403s feedback_info_pack=0.491s effective_fps=62.89
2026-09-28 14:08:09.682 | INFO     | plugrl_env_client.runner.rollout:log_timing_summary:98 - Intermediate rollout timing summary: env_steps=637303 infer_calls=160002 feedback_calls=160001 infer_wait=6053.151s infer_obs_pack=6.618s env_step=4045.776s feedback_total=28.528s feedback_obs_pack=9.228s feedback_info_pack=0.502s effective_fps=62.89
2026-09-28 14:08:09.684 | INFO     | plugrl_env_client.runner.rollout:log_timing_summary:98 - Intermediate rollout timing summary: env_steps=637318 infer_calls=160002 feedback_calls=160001 infer_wait=6058.008s infer_obs_pack=6.652s env_step=4040.787s feedback_total=28.568s feedback_obs_pack=9.348s feedback_info_pack=0.505s effective_fps=62.89
2026-09-28 14:08:39.682 | INFO     | plugrl_env_client.runner.rollout:log_timing_summary:98 - Intermediate rollout timing summary: env_steps=640731 infer_calls=160854 feedback_calls=160854 infer_wait=6064.929s infer_obs_pack=6.825s env_step=4063.085s feedback_total=28.572s feedback_obs_pack=9.453s feedback_info_pack=0.494s effective_fps=63.04
2026-09-28 14:08:39.683 | INFO     | plugrl_env_client.runner.rollout:log_timing_summary:98 - Intermediate rollout timing summary: env_steps=640696 infer_calls=160854 feedback_calls=160853 infer_wait=6061.140s infer_obs_pack=6.653s env_step=4067.472s feedback_total=28.680s feedback_obs_pack=9.277s feedback_info_pack=0.505s effective_fps=63.04
2026-09-28 14:08:39.704 | INFO     | plugrl_env_client.runner.rollout:log_timing_summary:98 - Intermediate rollout timing summary: env_steps=640716 infer_calls=160855 feedback_calls=160854 infer_wait=6066.585s infer_obs_pack=6.689s env_step=4061.904s feedback_total=28.723s feedback_obs_pack=9.398s feedback_info_pack=0.507s effective_fps=63.04
2026-09-28 14:09:09.683 | INFO     | plugrl_env_client.runner.rollout:log_timing_summary:98 - Intermediate rollout timing summary: env_steps=644338 infer_calls=161760 feedback_calls=161760 infer_wait=6072.206s infer_obs_pack=6.863s env_step=4085.470s feedback_total=28.729s feedback_obs_pack=9.506s feedback_info_pack=0.497s effective_fps=63.21
2026-09-28 14:09:09.697 | INFO     | plugrl_env_client.runner.rollout:log_timing_summary:98 - Intermediate rollout timing summary: env_steps=644305 infer_calls=161761 feedback_calls=161760 infer_wait=6068.544s infer_obs_pack=6.690s env_step=4089.745s feedback_total=28.839s feedback_obs_pack=9.329s feedback_info_pack=0.508s effective_fps=63.21
2026-09-28 14:09:09.707 | INFO     | plugrl_env_client.runner.rollout:log_timing_summary:98 - Intermediate rollout timing summary: env_steps=644337 infer_calls=161761 feedback_calls=161760 infer_wait=6073.976s infer_obs_pack=6.725s env_step=4084.188s feedback_total=28.882s feedback_obs_pack=9.450s feedback_info_pack=0.510s effective_fps=63.21
2026-09-28 14:09:39.687 | INFO     | plugrl_env_client.runner.rollout:log_timing_summary:98 - Intermediate rollout timing summary: env_steps=647947 infer_calls=162665 feedback_calls=162664 infer_wait=6079.348s infer_obs_pack=6.901s env_step=4107.997s feedback_total=28.887s feedback_obs_pack=9.558s feedback_info_pack=0.499s effective_fps=63.38
2026-09-28 14:09:39.701 | INFO     | plugrl_env_client.runner.rollout:log_timing_summary:98 - Intermediate rollout timing summary: env_steps=647911 infer_calls=162665 feedback_calls=162665 infer_wait=6075.719s infer_obs_pack=6.726s env_step=4112.239s feedback_total=28.998s feedback_obs_pack=9.381s feedback_info_pack=0.510s effective_fps=63.37
2026-09-28 14:09:39.714 | INFO     | plugrl_env_client.runner.rollout:log_timing_summary:98 - Intermediate rollout timing summary: env_steps=647937 infer_calls=162666 feedback_calls=162665 infer_wait=6081.535s infer_obs_pack=6.762s env_step=4106.298s feedback_total=29.042s feedback_obs_pack=9.503s feedback_info_pack=0.513s effective_fps=63.38
2026-09-28 14:10:09.695 | INFO     | plugrl_env_client.runner.rollout:log_timing_summary:98 - Intermediate rollout timing summary: env_steps=651588 infer_calls=163580 feedback_calls=163579 infer_wait=6086.572s infer_obs_pack=6.939s env_step=4130.437s feedback_total=29.045s feedback_obs_pack=9.611s feedback_info_pack=0.502s effective_fps=63.55
2026-09-28 14:10:09.702 | INFO     | plugrl_env_client.runner.rollout:log_timing_summary:98 - Intermediate rollout timing summary: env_steps=651553 infer_calls=163580 feedback_calls=163579 infer_wait=6083.376s infer_obs_pack=6.763s env_step=4134.241s feedback_total=29.157s feedback_obs_pack=9.433s feedback_info_pack=0.513s effective_fps=63.54
2026-09-28 14:10:09.718 | INFO     | plugrl_env_client.runner.rollout:log_timing_summary:98 - Intermediate rollout timing summary: env_steps=651578 infer_calls=163580 feedback_calls=163580 infer_wait=6088.797s infer_obs_pack=6.799s env_step=4128.704s feedback_total=29.200s feedback_obs_pack=9.556s feedback_info_pack=0.516s effective_fps=63.55
2026-09-28 14:12:17.597 | INFO     | plugrl_env_client.runner.rollout:log_timing_summary:98 - Intermediate rollout timing summary: env_steps=653232 infer_calls=164002 feedback_calls=164001 infer_wait=6200.506s infer_obs_pack=6.781s env_step=4144.848s feedback_total=29.233s feedback_obs_pack=9.458s feedback_info_pack=0.515s effective_fps=62.92
2026-09-28 14:12:17.598 | INFO     | plugrl_env_client.runner.rollout:log_timing_summary:98 - Intermediate rollout timing summary: env_steps=653270 infer_calls=164002 feedback_calls=164001 infer_wait=6203.737s infer_obs_pack=6.957s env_step=4141.014s feedback_total=29.120s feedback_obs_pack=9.636s feedback_info_pack=0.504s effective_fps=62.93
2026-09-28 14:12:17.602 | INFO     | plugrl_env_client.runner.rollout:log_timing_summary:98 - Intermediate rollout timing summary: env_steps=653259 infer_calls=164002 feedback_calls=164001 infer_wait=6206.011s infer_obs_pack=6.816s env_step=4139.217s feedback_total=29.276s feedback_obs_pack=9.580s feedback_info_pack=0.517s effective_fps=62.93
2026-09-28 14:12:47.606 | INFO     | plugrl_env_client.runner.rollout:log_timing_summary:98 - Intermediate rollout timing summary: env_steps=656608 infer_calls=164842 feedback_calls=164841 infer_wait=6214.108s infer_obs_pack=6.853s env_step=4160.805s feedback_total=29.427s feedback_obs_pack=9.630s feedback_info_pack=0.520s effective_fps=63.07
2026-09-28 14:12:47.607 | INFO     | plugrl_env_client.runner.rollout:log_timing_summary:98 - Intermediate rollout timing summary: env_steps=656604 infer_calls=164842 feedback_calls=164841 infer_wait=6212.313s infer_obs_pack=6.993s env_step=4162.122s feedback_total=29.269s feedback_obs_pack=9.686s feedback_info_pack=0.506s effective_fps=63.07
2026-09-28 14:12:47.608 | INFO     | plugrl_env_client.runner.rollout:log_timing_summary:98 - Intermediate rollout timing summary: env_steps=656579 infer_calls=164842 feedback_calls=164841 infer_wait=6208.358s infer_obs_pack=6.815s env_step=4166.699s feedback_total=29.377s feedback_obs_pack=9.506s feedback_info_pack=0.517s effective_fps=63.06
2026-09-28 14:13:17.608 | INFO     | plugrl_env_client.runner.rollout:log_timing_summary:98 - Intermediate rollout timing summary: env_steps=660135 infer_calls=165733 feedback_calls=165732 infer_wait=6215.593s infer_obs_pack=6.852s env_step=4189.138s feedback_total=29.532s feedback_obs_pack=9.558s feedback_info_pack=0.520s effective_fps=63.22
2026-09-28 14:13:17.608 | INFO     | plugrl_env_client.runner.rollout:log_timing_summary:98 - Intermediate rollout timing summary: env_steps=660152 infer_calls=165733 feedback_calls=165732 infer_wait=6219.842s infer_obs_pack=7.031s env_step=4184.257s feedback_total=29.425s feedback_obs_pack=9.738s feedback_info_pack=0.509s effective_fps=63.23
2026-09-28 14:13:17.610 | INFO     | plugrl_env_client.runner.rollout:log_timing_summary:98 - Intermediate rollout timing summary: env_steps=660160 infer_calls=165733 feedback_calls=165732 infer_wait=6221.719s infer_obs_pack=6.889s env_step=4182.865s feedback_total=29.585s feedback_obs_pack=9.682s feedback_info_pack=0.523s effective_fps=63.23
2026-09-28 14:13:47.611 | INFO     | plugrl_env_client.runner.rollout:log_timing_summary:98 - Intermediate rollout timing summary: env_steps=663658 infer_calls=166618 feedback_calls=166617 infer_wait=6223.359s infer_obs_pack=6.888s env_step=4211.033s feedback_total=29.694s feedback_obs_pack=9.610s feedback_info_pack=0.523s effective_fps=63.38
2026-09-28 14:13:47.612 | INFO     | plugrl_env_client.runner.rollout:log_timing_summary:98 - Intermediate rollout timing summary: env_steps=663681 infer_calls=166618 feedback_calls=166617 infer_wait=6227.215s infer_obs_pack=7.068s env_step=4206.544s feedback_total=29.584s feedback_obs_pack=9.792s feedback_info_pack=0.512s effective_fps=63.39
2026-09-28 14:13:47.613 | INFO     | plugrl_env_client.runner.rollout:log_timing_summary:98 - Intermediate rollout timing summary: env_steps=663681 infer_calls=166618 feedback_calls=166617 infer_wait=6228.967s infer_obs_pack=6.926s env_step=4205.281s feedback_total=29.745s feedback_obs_pack=9.736s feedback_info_pack=0.526s effective_fps=63.38
2026-09-28 14:14:17.615 | INFO     | plugrl_env_client.runner.rollout:log_timing_summary:98 - Intermediate rollout timing summary: env_steps=667167 infer_calls=167494 feedback_calls=167493 infer_wait=6234.790s infer_obs_pack=7.105s env_step=4228.627s feedback_total=29.748s feedback_obs_pack=9.845s feedback_info_pack=0.515s effective_fps=63.54
2026-09-28 14:14:17.615 | INFO     | plugrl_env_client.runner.rollout:log_timing_summary:98 - Intermediate rollout timing summary: env_steps=667152 infer_calls=167494 feedback_calls=167493 infer_wait=6231.118s infer_obs_pack=6.925s env_step=4232.941s feedback_total=29.855s feedback_obs_pack=9.662s feedback_info_pack=0.526s effective_fps=63.53
2026-09-28 14:14:17.616 | INFO     | plugrl_env_client.runner.rollout:log_timing_summary:98 - Intermediate rollout timing summary: env_steps=667167 infer_calls=167494 feedback_calls=167493 infer_wait=6236.735s infer_obs_pack=6.962s env_step=4227.178s feedback_total=29.907s feedback_obs_pack=9.789s feedback_info_pack=0.528s effective_fps=63.53
2026-09-28 14:16:28.578 | INFO     | plugrl_env_client.runner.rollout:log_timing_summary:98 - Intermediate rollout timing summary: env_steps=669193 infer_calls=168002 feedback_calls=168001 infer_wait=6354.567s infer_obs_pack=6.983s env_step=4240.120s feedback_total=29.998s feedback_obs_pack=9.820s feedback_info_pack=0.530s effective_fps=62.94
2026-09-28 14:16:28.578 | INFO     | plugrl_env_client.runner.rollout:log_timing_summary:98 - Intermediate rollout timing summary: env_steps=669171 infer_calls=168002 feedback_calls=168001 infer_wait=6349.361s infer_obs_pack=6.945s env_step=4245.468s feedback_total=29.946s feedback_obs_pack=9.692s feedback_info_pack=0.527s effective_fps=62.94
2026-09-28 14:16:28.581 | INFO     | plugrl_env_client.runner.rollout:log_timing_summary:98 - Intermediate rollout timing summary: env_steps=669191 infer_calls=168002 feedback_calls=168001 infer_wait=6352.954s infer_obs_pack=7.127s env_step=4241.229s feedback_total=29.838s feedback_obs_pack=9.875s feedback_info_pack=0.517s effective_fps=62.95
2026-09-28 14:16:58.578 | INFO     | plugrl_env_client.runner.rollout:log_timing_summary:98 - Intermediate rollout timing summary: env_steps=672026 infer_calls=168719 feedback_calls=168718 infer_wait=6358.686s infer_obs_pack=6.978s env_step=4265.836s feedback_total=30.093s feedback_obs_pack=9.740s feedback_info_pack=0.530s effective_fps=63.03
2026-09-28 14:16:58.584 | INFO     | plugrl_env_client.runner.rollout:log_timing_summary:98 - Intermediate rollout timing summary: env_steps=672046 infer_calls=168719 feedback_calls=168718 infer_wait=6363.812s infer_obs_pack=7.016s env_step=4260.574s feedback_total=30.144s feedback_obs_pack=9.869s feedback_info_pack=0.532s effective_fps=63.03
2026-09-28 14:16:58.586 | INFO     | plugrl_env_client.runner.rollout:log_timing_summary:98 - Intermediate rollout timing summary: env_steps=672043 infer_calls=168719 feedback_calls=168718 infer_wait=6362.245s infer_obs_pack=7.162s env_step=4261.623s feedback_total=29.984s feedback_obs_pack=9.922s feedback_info_pack=0.519s effective_fps=63.04
2026-09-28 14:17:28.581 | INFO     | plugrl_env_client.runner.rollout:log_timing_summary:98 - Intermediate rollout timing summary: env_steps=675028 infer_calls=169471 feedback_calls=169470 infer_wait=6367.285s infer_obs_pack=7.011s env_step=4286.927s feedback_total=30.253s feedback_obs_pack=9.787s feedback_info_pack=0.532s effective_fps=63.14
2026-09-28 14:17:28.587 | INFO     | plugrl_env_client.runner.rollout:log_timing_summary:98 - Intermediate rollout timing summary: env_steps=675042 infer_calls=169471 feedback_calls=169470 infer_wait=6372.390s infer_obs_pack=7.050s env_step=4281.677s feedback_total=30.300s feedback_obs_pack=9.919s feedback_info_pack=0.535s effective_fps=63.14
2026-09-28 14:17:28.590 | INFO     | plugrl_env_client.runner.rollout:log_timing_summary:98 - Intermediate rollout timing summary: env_steps=675041 infer_calls=169471 feedback_calls=169470 infer_wait=6371.387s infer_obs_pack=7.195s env_step=4282.169s feedback_total=30.139s feedback_obs_pack=9.970s feedback_info_pack=0.521s effective_fps=63.14
2026-09-28 14:17:58.584 | INFO     | plugrl_env_client.runner.rollout:log_timing_summary:98 - Intermediate rollout timing summary: env_steps=678630 infer_calls=170375 feedback_calls=170375 infer_wait=6374.476s infer_obs_pack=7.047s env_step=4309.406s feedback_total=30.411s feedback_obs_pack=9.838s feedback_info_pack=0.535s effective_fps=63.30
2026-09-28 14:17:58.595 | INFO     | plugrl_env_client.runner.rollout:log_timing_summary:98 - Intermediate rollout timing summary: env_steps=678641 infer_calls=170376 feedback_calls=170375 infer_wait=6380.042s infer_obs_pack=7.087s env_step=4303.698s feedback_total=30.459s feedback_obs_pack=9.972s feedback_info_pack=0.538s effective_fps=63.30
2026-09-28 14:17:58.595 | INFO     | plugrl_env_client.runner.rollout:log_timing_summary:98 - Intermediate rollout timing summary: env_steps=678650 infer_calls=170376 feedback_calls=170375 infer_wait=6378.910s infer_obs_pack=7.232s env_step=4304.319s feedback_total=30.296s feedback_obs_pack=10.022s feedback_info_pack=0.524s effective_fps=63.30
2026-09-28 14:18:28.595 | INFO     | plugrl_env_client.runner.rollout:log_timing_summary:98 - Intermediate rollout timing summary: env_steps=682248 infer_calls=171283 feedback_calls=171282 infer_wait=6387.515s infer_obs_pack=7.124s env_step=4325.886s feedback_total=30.619s feedback_obs_pack=10.025s feedback_info_pack=0.541s effective_fps=63.46
2026-09-28 14:18:28.596 | INFO     | plugrl_env_client.runner.rollout:log_timing_summary:98 - Intermediate rollout timing summary: env_steps=682257 infer_calls=171283 feedback_calls=171282 infer_wait=6386.412s infer_obs_pack=7.270s env_step=4326.473s feedback_total=30.456s feedback_obs_pack=10.076s feedback_info_pack=0.527s effective_fps=63.46
2026-09-28 14:18:28.597 | INFO     | plugrl_env_client.runner.rollout:log_timing_summary:98 - Intermediate rollout timing summary: env_steps=682240 infer_calls=171283 feedback_calls=171282 infer_wait=6382.059s infer_obs_pack=7.085s env_step=4331.490s feedback_total=30.574s feedback_obs_pack=9.890s feedback_info_pack=0.538s effective_fps=63.46
2026-09-28 14:20:45.436 | INFO     | plugrl_env_client.runner.rollout:log_timing_summary:98 - Intermediate rollout timing summary: env_steps=685113 infer_calls=172002 feedback_calls=172001 infer_wait=6506.483s infer_obs_pack=7.153s env_step=4343.493s feedback_total=30.745s feedback_obs_pack=10.067s feedback_info_pack=0.543s effective_fps=62.92
2026-09-28 14:20:45.437 | INFO     | plugrl_env_client.runner.rollout:log_timing_summary:98 - Intermediate rollout timing summary: env_steps=685105 infer_calls=172002 feedback_calls=172001 infer_wait=6500.751s infer_obs_pack=7.114s env_step=4349.372s feedback_total=30.699s feedback_obs_pack=9.931s feedback_info_pack=0.540s effective_fps=62.92
2026-09-28 14:20:45.440 | INFO     | plugrl_env_client.runner.rollout:log_timing_summary:98 - Intermediate rollout timing summary: env_steps=685119 infer_calls=172002 feedback_calls=172001 infer_wait=6505.379s infer_obs_pack=7.300s env_step=4344.078s feedback_total=30.584s feedback_obs_pack=10.118s feedback_info_pack=0.529s effective_fps=62.93
2026-09-28 14:21:15.443 | INFO     | plugrl_env_client.runner.rollout:log_timing_summary:98 - Intermediate rollout timing summary: env_steps=688395 infer_calls=172828 feedback_calls=172827 infer_wait=6508.931s infer_obs_pack=7.148s env_step=4370.891s feedback_total=30.847s feedback_obs_pack=9.981s feedback_info_pack=0.543s effective_fps=63.05
2026-09-28 14:21:15.445 | INFO     | plugrl_env_client.runner.rollout:log_timing_summary:98 - Intermediate rollout timing summary: env_steps=688402 infer_calls=172828 feedback_calls=172827 infer_wait=6515.154s infer_obs_pack=7.188s env_step=4364.520s feedback_total=30.894s feedback_obs_pack=10.118s feedback_info_pack=0.546s effective_fps=63.05
2026-09-28 14:21:15.452 | INFO     | plugrl_env_client.runner.rollout:log_timing_summary:98 - Intermediate rollout timing summary: env_steps=688408 infer_calls=172828 feedback_calls=172827 infer_wait=6513.889s infer_obs_pack=7.336s env_step=4365.259s feedback_total=30.739s feedback_obs_pack=10.172s feedback_info_pack=0.532s effective_fps=63.06
2026-09-28 14:21:45.447 | INFO     | plugrl_env_client.runner.rollout:log_timing_summary:98 - Intermediate rollout timing summary: env_steps=691893 infer_calls=173706 feedback_calls=173706 infer_wait=6516.650s infer_obs_pack=7.184s env_step=4392.843s feedback_total=31.006s feedback_obs_pack=10.032s feedback_info_pack=0.546s effective_fps=63.20
2026-09-28 14:21:45.458 | INFO     | plugrl_env_client.runner.rollout:log_timing_summary:98 - Intermediate rollout timing summary: env_steps=691908 infer_calls=173707 feedback_calls=173706 infer_wait=6521.681s infer_obs_pack=7.373s env_step=4387.138s feedback_total=30.895s feedback_obs_pack=10.223s feedback_info_pack=0.535s effective_fps=63.20
2026-09-28 14:21:45.459 | INFO     | plugrl_env_client.runner.rollout:log_timing_summary:98 - Intermediate rollout timing summary: env_steps=691902 infer_calls=173707 feedback_calls=173706 infer_wait=6523.140s infer_obs_pack=7.224s env_step=4386.214s feedback_total=31.052s feedback_obs_pack=10.170s feedback_info_pack=0.548s effective_fps=63.20
2026-09-28 14:22:15.453 | INFO     | plugrl_env_client.runner.rollout:log_timing_summary:98 - Intermediate rollout timing summary: env_steps=695496 infer_calls=174610 feedback_calls=174609 infer_wait=6523.956s infer_obs_pack=7.221s env_step=4415.208s feedback_total=31.167s feedback_obs_pack=10.084s feedback_info_pack=0.549s effective_fps=63.36
2026-09-28 14:22:15.460 | INFO     | plugrl_env_client.runner.rollout:log_timing_summary:98 - Intermediate rollout timing summary: env_steps=695502 infer_calls=174610 feedback_calls=174609 infer_wait=6530.545s infer_obs_pack=7.261s env_step=4408.471s feedback_total=31.212s feedback_obs_pack=10.223s feedback_info_pack=0.551s effective_fps=63.36
2026-09-28 14:22:15.460 | INFO     | plugrl_env_client.runner.rollout:log_timing_summary:98 - Intermediate rollout timing summary: env_steps=695506 infer_calls=174610 feedback_calls=174609 infer_wait=6529.237s infer_obs_pack=7.411s env_step=4409.238s feedback_total=31.056s feedback_obs_pack=10.276s feedback_info_pack=0.538s effective_fps=63.36
2026-09-28 14:22:45.459 | INFO     | plugrl_env_client.runner.rollout:log_timing_summary:98 - Intermediate rollout timing summary: env_steps=699087 infer_calls=175511 feedback_calls=175510 infer_wait=6531.467s infer_obs_pack=7.257s env_step=4437.364s feedback_total=31.324s feedback_obs_pack=10.136s feedback_info_pack=0.552s effective_fps=63.51
2026-09-28 14:22:45.460 | INFO     | plugrl_env_client.runner.rollout:log_timing_summary:98 - Intermediate rollout timing summary: env_steps=699099 infer_calls=175511 feedback_calls=175510 infer_wait=6538.027s infer_obs_pack=7.297s env_step=4430.658s feedback_total=31.370s feedback_obs_pack=10.276s feedback_info_pack=0.554s effective_fps=63.51
2026-09-28 14:22:45.461 | INFO     | plugrl_env_client.runner.rollout:log_timing_summary:98 - Intermediate rollout timing summary: env_steps=699092 infer_calls=175511 feedback_calls=175510 infer_wait=6536.390s infer_obs_pack=7.448s env_step=4431.749s feedback_total=31.213s feedback_obs_pack=10.329s feedback_info_pack=0.540s effective_fps=63.51
2026-09-28 14:24:54.399 | INFO     | plugrl_env_client.runner.rollout:log_timing_summary:98 - Intermediate rollout timing summary: env_steps=701038 infer_calls=176002 feedback_calls=176001 infer_wait=6648.169s infer_obs_pack=7.277s env_step=4449.416s feedback_total=31.412s feedback_obs_pack=10.165s feedback_info_pack=0.553s effective_fps=62.95
2026-09-28 14:24:54.402 | INFO     | plugrl_env_client.runner.rollout:log_timing_summary:98 - Intermediate rollout timing summary: env_steps=701050 infer_calls=176002 feedback_calls=176001 infer_wait=6652.662s infer_obs_pack=7.469s env_step=4444.238s feedback_total=31.298s feedback_obs_pack=10.358s feedback_info_pack=0.542s effective_fps=62.96
2026-09-28 14:24:54.404 | INFO     | plugrl_env_client.runner.rollout:log_timing_summary:98 - Intermediate rollout timing summary: env_steps=701055 infer_calls=176002 feedback_calls=176001 infer_wait=6654.678s infer_obs_pack=7.317s env_step=4442.768s feedback_total=31.457s feedback_obs_pack=10.304s feedback_info_pack=0.556s effective_fps=62.95
2026-09-28 14:25:24.402 | INFO     | plugrl_env_client.runner.rollout:log_timing_summary:98 - Intermediate rollout timing summary: env_steps=704184 infer_calls=176791 feedback_calls=176790 infer_wait=6656.815s infer_obs_pack=7.310s env_step=4470.473s feedback_total=31.555s feedback_obs_pack=10.210s feedback_info_pack=0.556s effective_fps=63.06
2026-09-28 14:25:24.403 | INFO     | plugrl_env_client.runner.rollout:log_timing_summary:98 - Intermediate rollout timing summary: env_steps=704197 infer_calls=176791 feedback_calls=176790 infer_wait=6661.740s infer_obs_pack=7.503s env_step=4464.850s feedback_total=31.447s feedback_obs_pack=10.405s feedback_info_pack=0.544s effective_fps=63.07
2026-09-28 14:25:24.408 | INFO     | plugrl_env_client.runner.rollout:log_timing_summary:98 - Intermediate rollout timing summary: env_steps=704201 infer_calls=176791 feedback_calls=176790 infer_wait=6663.069s infer_obs_pack=7.350s env_step=4464.073s feedback_total=31.604s feedback_obs_pack=10.351s feedback_info_pack=0.558s effective_fps=63.07
2026-09-28 14:25:54.408 | INFO     | plugrl_env_client.runner.rollout:log_timing_summary:98 - Intermediate rollout timing summary: env_steps=707438 infer_calls=177608 feedback_calls=177607 infer_wait=6665.513s infer_obs_pack=7.348s env_step=4491.466s feedback_total=31.705s feedback_obs_pack=10.258s feedback_info_pack=0.558s effective_fps=63.19
2026-09-28 14:25:54.409 | INFO     | plugrl_env_client.runner.rollout:log_timing_summary:98 - Intermediate rollout timing summary: env_steps=707458 infer_calls=177608 feedback_calls=177607 infer_wait=6671.795s infer_obs_pack=7.384s env_step=4485.032s feedback_total=31.754s feedback_obs_pack=10.401s feedback_info_pack=0.561s effective_fps=63.19
2026-09-28 14:25:54.409 | INFO     | plugrl_env_client.runner.rollout:log_timing_summary:98 - Intermediate rollout timing summary: env_steps=707451 infer_calls=177608 feedback_calls=177607 infer_wait=6669.525s infer_obs_pack=7.538s env_step=4486.761s feedback_total=31.592s feedback_obs_pack=10.453s feedback_info_pack=0.547s effective_fps=63.19
2026-09-28 14:26:24.414 | INFO     | plugrl_env_client.runner.rollout:log_timing_summary:98 - Intermediate rollout timing summary: env_steps=710988 infer_calls=178498 feedback_calls=178498 infer_wait=6673.216s infer_obs_pack=7.384s env_step=4513.428s feedback_total=31.864s feedback_obs_pack=10.310s feedback_info_pack=0.561s effective_fps=63.33
2026-09-28 14:26:24.426 | INFO     | plugrl_env_client.runner.rollout:log_timing_summary:98 - Intermediate rollout timing summary: env_steps=710996 infer_calls=178499 feedback_calls=178498 infer_wait=6677.131s infer_obs_pack=7.576s env_step=4508.824s feedback_total=31.754s feedback_obs_pack=10.506s feedback_info_pack=0.550s effective_fps=63.34
2026-09-28 14:26:24.428 | INFO     | plugrl_env_client.runner.rollout:log_timing_summary:98 - Intermediate rollout timing summary: env_steps=711012 infer_calls=178499 feedback_calls=178498 infer_wait=6679.358s infer_obs_pack=7.421s env_step=4507.153s feedback_total=31.912s feedback_obs_pack=10.453s feedback_info_pack=0.564s effective_fps=63.34
2026-09-28 14:26:54.420 | INFO     | plugrl_env_client.runner.rollout:log_timing_summary:98 - Intermediate rollout timing summary: env_steps=714580 infer_calls=179400 feedback_calls=179399 infer_wait=6680.509s infer_obs_pack=7.421s env_step=4535.801s feedback_total=32.023s feedback_obs_pack=10.362s feedback_info_pack=0.564s effective_fps=63.49
2026-09-28 14:26:54.427 | INFO     | plugrl_env_client.runner.rollout:log_timing_summary:98 - Intermediate rollout timing summary: env_steps=714587 infer_calls=179400 feedback_calls=179400 infer_wait=6684.688s infer_obs_pack=7.613s env_step=4530.927s feedback_total=31.914s feedback_obs_pack=10.559s feedback_info_pack=0.552s effective_fps=63.49
2026-09-28 14:26:54.438 | INFO     | plugrl_env_client.runner.rollout:log_timing_summary:98 - Intermediate rollout timing summary: env_steps=714591 infer_calls=179401 feedback_calls=179400 infer_wait=6687.058s infer_obs_pack=7.459s env_step=4529.121s feedback_total=32.071s feedback_obs_pack=10.506s feedback_info_pack=0.566s effective_fps=63.49
2026-09-28 14:29:07.340 | INFO     | plugrl_env_client.runner.rollout:log_timing_summary:98 - Intermediate rollout timing summary: env_steps=716987 infer_calls=180002 feedback_calls=180001 infer_wait=6804.823s infer_obs_pack=7.483s env_step=4544.033s feedback_total=32.178s feedback_obs_pack=10.541s feedback_info_pack=0.568s effective_fps=62.96
2026-09-28 14:29:07.341 | INFO     | plugrl_env_client.runner.rollout:log_timing_summary:98 - Intermediate rollout timing summary: env_steps=716973 infer_calls=180002 feedback_calls=180001 infer_wait=6798.434s infer_obs_pack=7.446s env_step=4550.567s feedback_total=32.129s feedback_obs_pack=10.397s feedback_info_pack=0.566s effective_fps=62.96
2026-09-28 14:29:07.342 | INFO     | plugrl_env_client.runner.rollout:log_timing_summary:98 - Intermediate rollout timing summary: env_steps=716978 infer_calls=180002 feedback_calls=180001 infer_wait=6802.453s infer_obs_pack=7.639s env_step=4545.845s feedback_total=32.021s feedback_obs_pack=10.595s feedback_info_pack=0.554s effective_fps=62.96
2026-09-28 14:29:37.341 | INFO     | plugrl_env_client.runner.rollout:log_timing_summary:98 - Intermediate rollout timing summary: env_steps=720179 infer_calls=180803 feedback_calls=180802 infer_wait=6813.438s infer_obs_pack=7.517s env_step=4565.108s feedback_total=32.327s feedback_obs_pack=10.589s feedback_info_pack=0.571s effective_fps=63.07
2026-09-28 14:29:37.346 | INFO     | plugrl_env_client.runner.rollout:log_timing_summary:98 - Intermediate rollout timing summary: env_steps=720163 infer_calls=180803 feedback_calls=180803 infer_wait=6806.856s infer_obs_pack=7.481s env_step=4571.845s feedback_total=32.273s feedback_obs_pack=10.444s feedback_info_pack=0.568s effective_fps=63.07
2026-09-28 14:29:37.347 | INFO     | plugrl_env_client.runner.rollout:log_timing_summary:98 - Intermediate rollout timing summary: env_steps=720169 infer_calls=180803 feedback_calls=180802 infer_wait=6811.269s infer_obs_pack=7.674s env_step=4566.720s feedback_total=32.173s feedback_obs_pack=10.644s feedback_info_pack=0.557s effective_fps=63.07
2026-09-28 14:30:07.343 | INFO     | plugrl_env_client.runner.rollout:log_timing_summary:98 - Intermediate rollout timing summary: env_steps=723355 infer_calls=181600 feedback_calls=181599 infer_wait=6821.946s infer_obs_pack=7.550s env_step=4586.299s feedback_total=32.474s feedback_obs_pack=10.636s feedback_info_pack=0.573s effective_fps=63.18
2026-09-28 14:30:07.352 | INFO     | plugrl_env_client.runner.rollout:log_timing_summary:98 - Intermediate rollout timing summary: env_steps=723335 infer_calls=181600 feedback_calls=181599 infer_wait=6815.136s infer_obs_pack=7.514s env_step=4593.263s feedback_total=32.419s feedback_obs_pack=10.490s feedback_info_pack=0.571s effective_fps=63.18
2026-09-28 14:30:07.353 | INFO     | plugrl_env_client.runner.rollout:log_timing_summary:98 - Intermediate rollout timing summary: env_steps=723339 infer_calls=181600 feedback_calls=181599 infer_wait=6820.114s infer_obs_pack=7.709s env_step=4587.567s feedback_total=32.320s feedback_obs_pack=10.692s feedback_info_pack=0.559s effective_fps=63.19
2026-09-28 14:30:37.349 | INFO     | plugrl_env_client.runner.rollout:log_timing_summary:98 - Intermediate rollout timing summary: env_steps=726941 infer_calls=182500 feedback_calls=182499 infer_wait=6829.547s infer_obs_pack=7.587s env_step=4608.367s feedback_total=32.633s feedback_obs_pack=10.689s feedback_info_pack=0.576s effective_fps=63.33
2026-09-28 14:30:37.356 | INFO     | plugrl_env_client.runner.rollout:log_timing_summary:98 - Intermediate rollout timing summary: env_steps=726925 infer_calls=182500 feedback_calls=182499 infer_wait=6822.485s infer_obs_pack=7.551s env_step=4615.578s feedback_total=32.578s feedback_obs_pack=10.542s feedback_info_pack=0.574s effective_fps=63.33
2026-09-28 14:30:37.357 | INFO     | plugrl_env_client.runner.rollout:log_timing_summary:98 - Intermediate rollout timing summary: env_steps=726921 infer_calls=182500 feedback_calls=182499 infer_wait=6827.529s infer_obs_pack=7.747s env_step=4609.812s feedback_total=32.480s feedback_obs_pack=10.746s feedback_info_pack=0.562s effective_fps=63.33
2026-09-28 14:31:07.354 | INFO     | plugrl_env_client.runner.rollout:log_timing_summary:98 - Intermediate rollout timing summary: env_steps=730511 infer_calls=183396 feedback_calls=183396 infer_wait=6836.950s infer_obs_pack=7.624s env_step=4630.631s feedback_total=32.790s feedback_obs_pack=10.741s feedback_info_pack=0.579s effective_fps=63.48
2026-09-28 14:31:07.369 | INFO     | plugrl_env_client.runner.rollout:log_timing_summary:98 - Intermediate rollout timing summary: env_steps=730496 infer_calls=183397 feedback_calls=183396 infer_wait=6829.993s infer_obs_pack=7.588s env_step=4637.744s feedback_total=32.738s feedback_obs_pack=10.594s feedback_info_pack=0.576s effective_fps=63.48
2026-09-28 14:31:07.370 | INFO     | plugrl_env_client.runner.rollout:log_timing_summary:98 - Intermediate rollout timing summary: env_steps=730491 infer_calls=183397 feedback_calls=183396 infer_wait=6834.881s infer_obs_pack=7.784s env_step=4632.130s feedback_total=32.641s feedback_obs_pack=10.800s feedback_info_pack=0.565s effective_fps=63.48
2026-09-28 14:33:20.458 | INFO     | plugrl_env_client.runner.rollout:log_timing_summary:98 - Intermediate rollout timing summary: env_steps=732921 infer_calls=184002 feedback_calls=184001 infer_wait=6955.253s infer_obs_pack=7.648s env_step=4645.201s feedback_total=32.897s feedback_obs_pack=10.777s feedback_info_pack=0.581s effective_fps=62.96
2026-09-28 14:33:20.458 | INFO     | plugrl_env_client.runner.rollout:log_timing_summary:98 - Intermediate rollout timing summary: env_steps=732906 infer_calls=184002 feedback_calls=184001 infer_wait=6952.593s infer_obs_pack=7.810s env_step=4647.276s feedback_total=32.748s feedback_obs_pack=10.835s feedback_info_pack=0.567s effective_fps=62.96
2026-09-28 14:33:20.464 | INFO     | plugrl_env_client.runner.rollout:log_timing_summary:98 - Intermediate rollout timing summary: env_steps=732909 infer_calls=184002 feedback_calls=184001 infer_wait=6947.980s infer_obs_pack=7.612s env_step=4652.624s feedback_total=32.845s feedback_obs_pack=10.629s feedback_info_pack=0.578s effective_fps=62.96
2026-09-28 14:33:50.458 | INFO     | plugrl_env_client.runner.rollout:log_timing_summary:98 - Intermediate rollout timing summary: env_steps=736031 infer_calls=184787 feedback_calls=184786 infer_wait=6961.608s infer_obs_pack=7.844s env_step=4667.944s feedback_total=32.898s feedback_obs_pack=10.886s feedback_info_pack=0.569s effective_fps=63.07
2026-09-28 14:33:50.459 | INFO     | plugrl_env_client.runner.rollout:log_timing_summary:98 - Intermediate rollout timing summary: env_steps=736049 infer_calls=184787 feedback_calls=184786 infer_wait=6963.776s infer_obs_pack=7.681s env_step=4666.384s feedback_total=33.042s feedback_obs_pack=10.823s feedback_info_pack=0.583s effective_fps=63.07
2026-09-28 14:33:50.466 | INFO     | plugrl_env_client.runner.rollout:log_timing_summary:98 - Intermediate rollout timing summary: env_steps=736043 infer_calls=184787 feedback_calls=184787 infer_wait=6956.730s infer_obs_pack=7.645s env_step=4673.574s feedback_total=32.991s feedback_obs_pack=10.677s feedback_info_pack=0.581s effective_fps=63.07
2026-09-28 14:34:20.462 | INFO     | plugrl_env_client.runner.rollout:log_timing_summary:98 - Intermediate rollout timing summary: env_steps=739169 infer_calls=185575 feedback_calls=185574 infer_wait=6970.149s infer_obs_pack=7.878s env_step=4689.097s feedback_total=33.043s feedback_obs_pack=10.934s feedback_info_pack=0.572s effective_fps=63.18
2026-09-28 14:34:20.462 | INFO     | plugrl_env_client.runner.rollout:log_timing_summary:98 - Intermediate rollout timing summary: env_steps=739191 infer_calls=185575 feedback_calls=185574 infer_wait=6972.399s infer_obs_pack=7.714s env_step=4687.465s feedback_total=33.186s feedback_obs_pack=10.871s feedback_info_pack=0.586s effective_fps=63.17
2026-09-28 14:34:20.469 | INFO     | plugrl_env_client.runner.rollout:log_timing_summary:98 - Intermediate rollout timing summary: env_steps=739185 infer_calls=185575 feedback_calls=185574 infer_wait=6965.595s infer_obs_pack=7.678s env_step=4694.411s feedback_total=33.133s feedback_obs_pack=10.722s feedback_info_pack=0.583s effective_fps=63.17
2026-09-28 14:34:50.464 | INFO     | plugrl_env_client.runner.rollout:log_timing_summary:98 - Intermediate rollout timing summary: env_steps=742789 infer_calls=186477 feedback_calls=186477 infer_wait=6979.732s infer_obs_pack=7.751s env_step=4709.796s feedback_total=33.345s feedback_obs_pack=10.924s feedback_info_pack=0.589s effective_fps=63.32
2026-09-28 14:34:50.466 | INFO     | plugrl_env_client.runner.rollout:log_timing_summary:98 - Intermediate rollout timing summary: env_steps=742765 infer_calls=186477 feedback_calls=186477 infer_wait=6977.876s infer_obs_pack=7.915s env_step=4711.030s feedback_total=33.203s feedback_obs_pack=10.986s feedback_info_pack=0.574s effective_fps=63.32
2026-09-28 14:34:50.478 | INFO     | plugrl_env_client.runner.rollout:log_timing_summary:98 - Intermediate rollout timing summary: env_steps=742784 infer_calls=186478 feedback_calls=186477 infer_wait=6972.892s infer_obs_pack=7.715s env_step=4716.784s feedback_total=33.294s feedback_obs_pack=10.775s feedback_info_pack=0.586s effective_fps=63.32
2026-09-28 14:35:20.469 | INFO     | plugrl_env_client.runner.rollout:log_timing_summary:98 - Intermediate rollout timing summary: env_steps=746422 infer_calls=187389 feedback_calls=187388 infer_wait=6987.215s infer_obs_pack=7.788s env_step=4731.983s feedback_total=33.505s feedback_obs_pack=10.977s feedback_info_pack=0.592s effective_fps=63.47
2026-09-28 14:35:20.472 | INFO     | plugrl_env_client.runner.rollout:log_timing_summary:98 - Intermediate rollout timing summary: env_steps=746393 infer_calls=187389 feedback_calls=187388 infer_wait=6985.214s infer_obs_pack=7.953s env_step=4733.352s feedback_total=33.363s feedback_obs_pack=11.040s feedback_info_pack=0.577s effective_fps=63.47
2026-09-28 14:35:20.493 | INFO     | plugrl_env_client.runner.rollout:log_timing_summary:98 - Intermediate rollout timing summary: env_steps=746417 infer_calls=187390 feedback_calls=187389 infer_wait=6980.198s infer_obs_pack=7.752s env_step=4739.155s feedback_total=33.452s feedback_obs_pack=10.827s feedback_info_pack=0.589s effective_fps=63.47
2026-09-28 14:37:34.530 | INFO     | plugrl_env_client.runner.rollout:log_timing_summary:98 - Intermediate rollout timing summary: env_steps=748856 infer_calls=188002 feedback_calls=188001 infer_wait=7098.733s infer_obs_pack=7.777s env_step=4754.429s feedback_total=33.559s feedback_obs_pack=10.862s feedback_info_pack=0.591s effective_fps=62.96
2026-09-28 14:37:34.532 | INFO     | plugrl_env_client.runner.rollout:log_timing_summary:98 - Intermediate rollout timing summary: env_steps=748834 infer_calls=188002 feedback_calls=188001 infer_wait=7104.030s infer_obs_pack=7.979s env_step=4748.364s feedback_total=33.470s feedback_obs_pack=11.076s feedback_info_pack=0.579s effective_fps=62.96
2026-09-28 14:37:34.532 | INFO     | plugrl_env_client.runner.rollout:log_timing_summary:98 - Intermediate rollout timing summary: env_steps=748864 infer_calls=188002 feedback_calls=188001 infer_wait=7105.772s infer_obs_pack=7.813s env_step=4747.264s feedback_total=33.611s feedback_obs_pack=11.013s feedback_info_pack=0.594s effective_fps=62.96
2026-09-28 14:38:04.533 | INFO     | plugrl_env_client.runner.rollout:log_timing_summary:98 - Intermediate rollout timing summary: env_steps=752025 infer_calls=188796 feedback_calls=188795 infer_wait=7114.593s infer_obs_pack=7.847s env_step=4768.122s feedback_total=33.769s feedback_obs_pack=11.063s feedback_info_pack=0.596s effective_fps=63.07
2026-09-28 14:38:04.534 | INFO     | plugrl_env_client.runner.rollout:log_timing_summary:98 - Intermediate rollout timing summary: env_steps=751999 infer_calls=188796 feedback_calls=188795 infer_wait=7112.541s infer_obs_pack=8.013s env_step=4769.544s feedback_total=33.617s feedback_obs_pack=11.123s feedback_info_pack=0.582s effective_fps=63.07
2026-09-28 14:38:04.534 | INFO     | plugrl_env_client.runner.rollout:log_timing_summary:98 - Intermediate rollout timing summary: env_steps=752014 infer_calls=188796 feedback_calls=188795 infer_wait=7107.741s infer_obs_pack=7.810s env_step=4775.108s feedback_total=33.707s feedback_obs_pack=10.909s feedback_info_pack=0.594s effective_fps=63.07
2026-09-28 14:38:34.539 | INFO     | plugrl_env_client.runner.rollout:log_timing_summary:98 - Intermediate rollout timing summary: env_steps=755171 infer_calls=189592 feedback_calls=189592 infer_wait=7121.189s infer_obs_pack=8.047s env_step=4790.589s feedback_total=33.765s feedback_obs_pack=11.174s feedback_info_pack=0.584s effective_fps=63.18
2026-09-28 14:38:34.552 | INFO     | plugrl_env_client.runner.rollout:log_timing_summary:98 - Intermediate rollout timing summary: env_steps=755189 infer_calls=189593 feedback_calls=189592 infer_wait=7116.476s infer_obs_pack=7.843s env_step=4796.078s feedback_total=33.855s feedback_obs_pack=10.956s feedback_info_pack=0.596s effective_fps=63.17
2026-09-28 14:38:34.552 | INFO     | plugrl_env_client.runner.rollout:log_timing_summary:98 - Intermediate rollout timing summary: env_steps=755196 infer_calls=189593 feedback_calls=189592 infer_wait=7123.393s infer_obs_pack=7.881s env_step=4789.030s feedback_total=33.917s feedback_obs_pack=11.111s feedback_info_pack=0.599s effective_fps=63.17
2026-09-28 14:39:04.542 | INFO     | plugrl_env_client.runner.rollout:log_timing_summary:98 - Intermediate rollout timing summary: env_steps=758590 infer_calls=190451 feedback_calls=190451 infer_wait=7128.714s infer_obs_pack=8.084s env_step=4812.717s feedback_total=33.928s feedback_obs_pack=11.227s feedback_info_pack=0.587s effective_fps=63.30
2026-09-28 14:39:04.553 | INFO     | plugrl_env_client.runner.rollout:log_timing_summary:98 - Intermediate rollout timing summary: env_steps=758610 infer_calls=190451 feedback_calls=190451 infer_wait=7124.569s infer_obs_pack=7.879s env_step=4817.641s feedback_total=34.020s feedback_obs_pack=11.009s feedback_info_pack=0.599s effective_fps=63.30
2026-09-28 14:39:04.565 | INFO     | plugrl_env_client.runner.rollout:log_timing_summary:98 - Intermediate rollout timing summary: env_steps=758619 infer_calls=190452 feedback_calls=190451 infer_wait=7131.508s infer_obs_pack=7.917s env_step=4810.585s feedback_total=34.080s feedback_obs_pack=11.163s feedback_info_pack=0.602s effective_fps=63.30
2026-09-28 14:39:34.552 | INFO     | plugrl_env_client.runner.rollout:log_timing_summary:98 - Intermediate rollout timing summary: env_steps=762096 infer_calls=191331 feedback_calls=191330 infer_wait=7136.104s infer_obs_pack=8.121s env_step=4835.005s feedback_total=34.084s feedback_obs_pack=11.279s feedback_info_pack=0.590s effective_fps=63.44
2026-09-28 14:39:34.558 | INFO     | plugrl_env_client.runner.rollout:log_timing_summary:98 - Intermediate rollout timing summary: env_steps=762107 infer_calls=191331 feedback_calls=191330 infer_wait=7132.393s infer_obs_pack=7.915s env_step=4839.487s feedback_total=34.178s feedback_obs_pack=11.060s feedback_info_pack=0.602s effective_fps=63.44
2026-09-28 14:39:34.566 | INFO     | plugrl_env_client.runner.rollout:log_timing_summary:98 - Intermediate rollout timing summary: env_steps=762122 infer_calls=191331 feedback_calls=191331 infer_wait=7139.258s infer_obs_pack=7.953s env_step=4832.500s feedback_total=34.239s feedback_obs_pack=11.215s feedback_info_pack=0.605s effective_fps=63.44
2026-09-28 14:41:49.629 | INFO     | plugrl_env_client.runner.rollout:log_timing_summary:98 - Intermediate rollout timing summary: env_steps=764769 infer_calls=192002 feedback_calls=192001 infer_wait=7254.317s infer_obs_pack=8.148s env_step=4851.620s feedback_total=34.200s feedback_obs_pack=11.318s feedback_info_pack=0.592s effective_fps=62.95
2026-09-28 14:41:49.630 | INFO     | plugrl_env_client.runner.rollout:log_timing_summary:98 - Intermediate rollout timing summary: env_steps=764786 infer_calls=192002 feedback_calls=192001 infer_wait=7257.665s infer_obs_pack=7.981s env_step=4848.905s feedback_total=34.357s feedback_obs_pack=11.254s feedback_info_pack=0.607s effective_fps=62.95
2026-09-28 14:41:49.632 | INFO     | plugrl_env_client.runner.rollout:log_timing_summary:98 - Intermediate rollout timing summary: env_steps=764778 infer_calls=192002 feedback_calls=192001 infer_wait=7250.687s infer_obs_pack=7.942s env_step=4856.014s feedback_total=34.295s feedback_obs_pack=11.099s feedback_info_pack=0.604s effective_fps=62.95
2026-09-28 14:42:19.631 | INFO     | plugrl_env_client.runner.rollout:log_timing_summary:98 - Intermediate rollout timing summary: env_steps=768088 infer_calls=192835 feedback_calls=192834 infer_wait=7266.518s infer_obs_pack=8.016s env_step=4869.738s feedback_total=34.506s feedback_obs_pack=11.303s feedback_info_pack=0.609s effective_fps=63.07
2026-09-28 14:42:19.633 | INFO     | plugrl_env_client.runner.rollout:log_timing_summary:98 - Intermediate rollout timing summary: env_steps=768087 infer_calls=192835 feedback_calls=192834 infer_wait=7262.494s infer_obs_pack=8.184s env_step=4873.137s feedback_total=34.344s feedback_obs_pack=11.366s feedback_info_pack=0.594s effective_fps=63.07
2026-09-28 14:42:19.639 | INFO     | plugrl_env_client.runner.rollout:log_timing_summary:98 - Intermediate rollout timing summary: env_steps=768095 infer_calls=192835 feedback_calls=192834 infer_wait=7259.130s infer_obs_pack=7.977s env_step=4877.258s feedback_total=34.448s feedback_obs_pack=11.147s feedback_info_pack=0.607s effective_fps=63.07
2026-09-28 14:42:49.634 | INFO     | plugrl_env_client.runner.rollout:log_timing_summary:98 - Intermediate rollout timing summary: env_steps=771297 infer_calls=193641 feedback_calls=193640 infer_wait=7271.279s infer_obs_pack=8.218s env_step=4894.044s feedback_total=34.491s feedback_obs_pack=11.414s feedback_info_pack=0.597s effective_fps=63.18
2026-09-28 14:42:49.634 | INFO     | plugrl_env_client.runner.rollout:log_timing_summary:98 - Intermediate rollout timing summary: env_steps=771302 infer_calls=193641 feedback_calls=193640 infer_wait=7275.029s infer_obs_pack=8.050s env_step=4890.924s feedback_total=34.653s feedback_obs_pack=11.350s feedback_info_pack=0.612s effective_fps=63.18
2026-09-28 14:42:49.646 | INFO     | plugrl_env_client.runner.rollout:log_timing_summary:98 - Intermediate rollout timing summary: env_steps=771314 infer_calls=193641 feedback_calls=193640 infer_wait=7267.433s infer_obs_pack=8.010s env_step=4898.661s feedback_total=34.593s feedback_obs_pack=11.193s feedback_info_pack=0.609s effective_fps=63.18
2026-09-28 14:43:19.635 | INFO     | plugrl_env_client.runner.rollout:log_timing_summary:98 - Intermediate rollout timing summary: env_steps=774825 infer_calls=194527 feedback_calls=194526 infer_wait=7278.978s infer_obs_pack=8.255s env_step=4916.013s feedback_total=34.648s feedback_obs_pack=11.466s feedback_info_pack=0.600s effective_fps=63.31
2026-09-28 14:43:19.635 | INFO     | plugrl_env_client.runner.rollout:log_timing_summary:98 - Intermediate rollout timing summary: env_steps=774825 infer_calls=194527 feedback_calls=194526 infer_wait=7282.829s infer_obs_pack=8.086s env_step=4912.794s feedback_total=34.816s feedback_obs_pack=11.405s feedback_info_pack=0.615s effective_fps=63.31
2026-09-28 14:43:19.647 | INFO     | plugrl_env_client.runner.rollout:log_timing_summary:98 - Intermediate rollout timing summary: env_steps=774847 infer_calls=194527 feedback_calls=194526 infer_wait=7274.869s infer_obs_pack=8.046s env_step=4920.903s feedback_total=34.748s feedback_obs_pack=11.243s feedback_info_pack=0.612s effective_fps=63.31
2026-09-28 14:43:49.636 | INFO     | plugrl_env_client.runner.rollout:log_timing_summary:98 - Intermediate rollout timing summary: env_steps=778508 infer_calls=195451 feedback_calls=195451 infer_wait=7290.185s infer_obs_pack=8.123s env_step=4935.096s feedback_total=34.975s feedback_obs_pack=11.458s feedback_info_pack=0.618s effective_fps=63.46
2026-09-28 14:43:49.639 | INFO     | plugrl_env_client.runner.rollout:log_timing_summary:98 - Intermediate rollout timing summary: env_steps=778500 infer_calls=195451 feedback_calls=195451 infer_wait=7286.514s infer_obs_pack=8.294s env_step=4938.134s feedback_total=34.809s feedback_obs_pack=11.520s feedback_info_pack=0.602s effective_fps=63.46
2026-09-28 14:43:49.652 | INFO     | plugrl_env_client.runner.rollout:log_timing_summary:98 - Intermediate rollout timing summary: env_steps=778525 infer_calls=195452 feedback_calls=195451 infer_wait=7282.241s infer_obs_pack=8.084s env_step=4943.190s feedback_total=34.909s feedback_obs_pack=11.296s feedback_info_pack=0.615s effective_fps=63.46
2026-09-28 14:46:00.377 | INFO     | plugrl_env_client.runner.rollout:log_timing_summary:98 - Intermediate rollout timing summary: env_steps=780715 infer_calls=196002 feedback_calls=196001 infer_wait=7399.347s infer_obs_pack=8.106s env_step=4956.604s feedback_total=35.005s feedback_obs_pack=11.328s feedback_info_pack=0.617s effective_fps=62.97
2026-09-28 14:46:00.381 | INFO     | plugrl_env_client.runner.rollout:log_timing_summary:98 - Intermediate rollout timing summary: env_steps=780703 infer_calls=196002 feedback_calls=196001 infer_wait=7407.260s infer_obs_pack=8.145s env_step=4948.563s feedback_total=35.071s feedback_obs_pack=11.490s feedback_info_pack=0.619s effective_fps=62.96
2026-09-28 14:46:00.384 | INFO     | plugrl_env_client.runner.rollout:log_timing_summary:98 - Intermediate rollout timing summary: env_steps=780686 infer_calls=196002 feedback_calls=196001 infer_wait=7403.641s infer_obs_pack=8.317s env_step=4951.548s feedback_total=34.904s feedback_obs_pack=11.551s feedback_info_pack=0.604s effective_fps=62.97
2026-09-28 14:46:30.389 | INFO     | plugrl_env_client.runner.rollout:log_timing_summary:98 - Intermediate rollout timing summary: env_steps=783976 infer_calls=196829 feedback_calls=196828 infer_wait=7412.182s infer_obs_pack=8.352s env_step=4972.706s feedback_total=35.045s feedback_obs_pack=11.599s feedback_info_pack=0.607s effective_fps=63.08
2026-09-28 14:46:30.389 | INFO     | plugrl_env_client.runner.rollout:log_timing_summary:98 - Intermediate rollout timing summary: env_steps=784009 infer_calls=196829 feedback_calls=196828 infer_wait=7407.964s infer_obs_pack=8.140s env_step=4977.696s feedback_total=35.152s feedback_obs_pack=11.376s feedback_info_pack=0.622s effective_fps=63.08
2026-09-28 14:46:30.390 | INFO     | plugrl_env_client.runner.rollout:log_timing_summary:98 - Intermediate rollout timing summary: env_steps=784003 infer_calls=196829 feedback_calls=196828 infer_wait=7415.575s infer_obs_pack=8.179s env_step=4969.959s feedback_total=35.216s feedback_obs_pack=11.537s feedback_info_pack=0.622s effective_fps=63.08
2026-09-28 14:47:00.390 | INFO     | plugrl_env_client.runner.rollout:log_timing_summary:98 - Intermediate rollout timing summary: env_steps=787268 infer_calls=197645 feedback_calls=197644 infer_wait=7416.163s infer_obs_pack=8.174s env_step=4999.197s feedback_total=35.299s feedback_obs_pack=11.422s feedback_info_pack=0.625s effective_fps=63.19
2026-09-28 14:47:00.390 | INFO     | plugrl_env_client.runner.rollout:log_timing_summary:98 - Intermediate rollout timing summary: env_steps=787217 infer_calls=197645 feedback_calls=197644 infer_wait=7420.937s infer_obs_pack=8.387s env_step=4993.640s feedback_total=35.194s feedback_obs_pack=11.650s feedback_info_pack=0.609s effective_fps=63.19
2026-09-28 14:47:00.391 | INFO     | plugrl_env_client.runner.rollout:log_timing_summary:98 - Intermediate rollout timing summary: env_steps=787257 infer_calls=197645 feedback_calls=197644 infer_wait=7424.260s infer_obs_pack=8.213s env_step=4990.965s feedback_total=35.371s feedback_obs_pack=11.590s feedback_info_pack=0.624s effective_fps=63.19
2026-09-28 14:47:30.395 | INFO     | plugrl_env_client.runner.rollout:log_timing_summary:98 - Intermediate rollout timing summary: env_steps=790772 infer_calls=198526 feedback_calls=198525 infer_wait=7431.986s infer_obs_pack=8.249s env_step=5012.924s feedback_total=35.524s feedback_obs_pack=11.641s feedback_info_pack=0.627s effective_fps=63.32
2026-09-28 14:47:30.396 | INFO     | plugrl_env_client.runner.rollout:log_timing_summary:98 - Intermediate rollout timing summary: env_steps=790773 infer_calls=198526 feedback_calls=198525 infer_wait=7423.930s infer_obs_pack=8.210s env_step=5021.109s feedback_total=35.454s feedback_obs_pack=11.473s feedback_info_pack=0.628s effective_fps=63.32
2026-09-28 14:47:30.396 | INFO     | plugrl_env_client.runner.rollout:log_timing_summary:98 - Intermediate rollout timing summary: env_steps=790723 infer_calls=198526 feedback_calls=198525 infer_wait=7428.773s infer_obs_pack=8.424s env_step=5015.483s feedback_total=35.350s feedback_obs_pack=11.701s feedback_info_pack=0.612s effective_fps=63.32
2026-09-28 14:48:00.396 | INFO     | plugrl_env_client.runner.rollout:log_timing_summary:98 - Intermediate rollout timing summary: env_steps=794475 infer_calls=199455 feedback_calls=199455 infer_wait=7439.383s infer_obs_pack=8.287s env_step=5035.185s feedback_total=35.688s feedback_obs_pack=11.695s feedback_info_pack=0.630s effective_fps=63.46
2026-09-28 14:48:00.400 | INFO     | plugrl_env_client.runner.rollout:log_timing_summary:98 - Intermediate rollout timing summary: env_steps=794473 infer_calls=199455 feedback_calls=199455 infer_wait=7431.135s infer_obs_pack=8.247s env_step=5043.570s feedback_total=35.617s feedback_obs_pack=11.526s feedback_info_pack=0.630s effective_fps=63.46
2026-09-28 14:48:00.400 | INFO     | plugrl_env_client.runner.rollout:log_timing_summary:98 - Intermediate rollout timing summary: env_steps=794429 infer_calls=199455 feedback_calls=199455 infer_wait=7436.157s infer_obs_pack=8.462s env_step=5037.761s feedback_total=35.511s feedback_obs_pack=11.755s feedback_info_pack=0.615s effective_fps=63.46
2026-09-28 14:50:12.388 | INFO     | plugrl_env_client.runner.rollout:log_timing_summary:98 - Intermediate rollout timing summary: env_steps=796652 infer_calls=200002 feedback_calls=200001 infer_wait=7549.743s infer_obs_pack=8.270s env_step=5056.747s feedback_total=35.713s feedback_obs_pack=11.557s feedback_info_pack=0.632s effective_fps=62.97
2026-09-28 14:50:12.391 | INFO     | plugrl_env_client.runner.rollout:log_timing_summary:98 - Intermediate rollout timing summary: env_steps=796656 infer_calls=200002 feedback_calls=200001 infer_wait=7557.440s infer_obs_pack=8.309s env_step=5048.923s feedback_total=35.784s feedback_obs_pack=11.727s feedback_info_pack=0.632s effective_fps=62.97
2026-09-28 14:50:12.394 | INFO     | plugrl_env_client.runner.rollout:log_timing_summary:98 - Intermediate rollout timing summary: env_steps=796603 infer_calls=200002 feedback_calls=200001 infer_wait=7554.715s infer_obs_pack=8.485s env_step=5050.991s feedback_total=35.606s feedback_obs_pack=11.786s feedback_info_pack=0.616s effective_fps=62.97
2026-09-28 14:50:42.394 | INFO     | plugrl_env_client.runner.rollout:log_timing_summary:98 - Intermediate rollout timing summary: env_steps=799981 infer_calls=200837 feedback_calls=200836 infer_wait=7565.733s infer_obs_pack=8.344s env_step=5070.317s feedback_total=35.936s feedback_obs_pack=11.777s feedback_info_pack=0.634s effective_fps=63.09
2026-09-28 14:50:42.399 | INFO     | plugrl_env_client.runner.rollout:log_timing_summary:98 - Intermediate rollout timing summary: env_steps=799930 infer_calls=200837 feedback_calls=200836 infer_wait=7563.142s infer_obs_pack=8.523s env_step=5072.258s feedback_total=35.752s feedback_obs_pack=11.835s feedback_info_pack=0.619s effective_fps=63.09
2026-09-28 14:50:42.401 | INFO     | plugrl_env_client.runner.rollout:log_timing_summary:98 - Intermediate rollout timing summary: env_steps=799973 infer_calls=200837 feedback_calls=200836 infer_wait=7558.423s infer_obs_pack=8.304s env_step=5077.764s feedback_total=35.860s feedback_obs_pack=11.605s feedback_info_pack=0.635s effective_fps=63.09
2026-09-28 14:51:12.395 | INFO     | plugrl_env_client.runner.rollout:log_timing_summary:98 - Intermediate rollout timing summary: env_steps=803261 infer_calls=201660 feedback_calls=201659 infer_wait=7574.324s infer_obs_pack=8.379s env_step=5091.409s feedback_total=36.088s feedback_obs_pack=11.824s feedback_info_pack=0.637s effective_fps=63.20
2026-09-28 14:51:12.401 | INFO     | plugrl_env_client.runner.rollout:log_timing_summary:98 - Intermediate rollout timing summary: env_steps=803211 infer_calls=201660 feedback_calls=201659 infer_wait=7571.675s infer_obs_pack=8.558s env_step=5093.418s feedback_total=35.901s feedback_obs_pack=11.883s feedback_info_pack=0.621s effective_fps=63.20
2026-09-28 14:51:12.404 | INFO     | plugrl_env_client.runner.rollout:log_timing_summary:98 - Intermediate rollout timing summary: env_steps=803252 infer_calls=201660 feedback_calls=201660 infer_wait=7566.750s infer_obs_pack=8.339s env_step=5099.130s feedback_total=36.010s feedback_obs_pack=11.653s feedback_info_pack=0.637s effective_fps=63.20
2026-09-28 14:51:42.403 | INFO     | plugrl_env_client.runner.rollout:log_timing_summary:98 - Intermediate rollout timing summary: env_steps=806686 infer_calls=202520 feedback_calls=202519 infer_wait=7582.284s infer_obs_pack=8.414s env_step=5113.134s feedback_total=36.248s feedback_obs_pack=11.880s feedback_info_pack=0.640s effective_fps=63.32
2026-09-28 14:51:42.406 | INFO     | plugrl_env_client.runner.rollout:log_timing_summary:98 - Intermediate rollout timing summary: env_steps=806642 infer_calls=202520 feedback_calls=202519 infer_wait=7579.878s infer_obs_pack=8.594s env_step=5114.906s feedback_total=36.051s feedback_obs_pack=11.933s feedback_info_pack=0.624s effective_fps=63.32
2026-09-28 14:51:42.409 | INFO     | plugrl_env_client.runner.rollout:log_timing_summary:98 - Intermediate rollout timing summary: env_steps=806675 infer_calls=202520 feedback_calls=202519 infer_wait=7575.196s infer_obs_pack=8.374s env_step=5120.366s feedback_total=36.161s feedback_obs_pack=11.702s feedback_info_pack=0.640s effective_fps=63.32
2026-09-28 14:52:12.406 | INFO     | plugrl_env_client.runner.rollout:log_timing_summary:98 - Intermediate rollout timing summary: env_steps=810385 infer_calls=203449 feedback_calls=203448 infer_wait=7589.910s infer_obs_pack=8.452s env_step=5135.167s feedback_total=36.410s feedback_obs_pack=11.934s feedback_info_pack=0.643s effective_fps=63.46
2026-09-28 14:52:12.407 | INFO     | plugrl_env_client.runner.rollout:log_timing_summary:98 - Intermediate rollout timing summary: env_steps=810349 infer_calls=203449 feedback_calls=203448 infer_wait=7587.013s infer_obs_pack=8.633s env_step=5137.429s feedback_total=36.213s feedback_obs_pack=11.988s feedback_info_pack=0.627s effective_fps=63.46
2026-09-28 14:52:12.412 | INFO     | plugrl_env_client.runner.rollout:log_timing_summary:98 - Intermediate rollout timing summary: env_steps=810379 infer_calls=203449 feedback_calls=203448 infer_wait=7582.759s infer_obs_pack=8.412s env_step=5142.467s feedback_total=36.323s feedback_obs_pack=11.755s feedback_info_pack=0.643s effective_fps=63.46
2026-09-28 14:54:22.896 | INFO     | plugrl_env_client.runner.rollout:log_timing_summary:98 - Intermediate rollout timing summary: env_steps=812583 infer_calls=204002 feedback_calls=204001 infer_wait=7707.271s infer_obs_pack=8.474s env_step=5148.088s feedback_total=36.506s feedback_obs_pack=11.966s feedback_info_pack=0.644s effective_fps=62.99
2026-09-28 14:54:22.897 | INFO     | plugrl_env_client.runner.rollout:log_timing_summary:98 - Intermediate rollout timing summary: env_steps=812574 infer_calls=204002 feedback_calls=204001 infer_wait=7699.946s infer_obs_pack=8.434s env_step=5155.558s feedback_total=36.419s feedback_obs_pack=11.787s feedback_info_pack=0.645s effective_fps=62.99
2026-09-28 14:54:22.897 | INFO     | plugrl_env_client.runner.rollout:log_timing_summary:98 - Intermediate rollout timing summary: env_steps=812556 infer_calls=204002 feedback_calls=204001 infer_wait=7704.124s infer_obs_pack=8.656s env_step=5150.606s feedback_total=36.310s feedback_obs_pack=12.020s feedback_info_pack=0.629s effective_fps=62.99
2026-09-28 14:54:52.908 | INFO     | plugrl_env_client.runner.rollout:log_timing_summary:98 - Intermediate rollout timing summary: env_steps=815843 infer_calls=204823 feedback_calls=204822 infer_wait=7708.886s infer_obs_pack=8.468s env_step=5176.319s feedback_total=36.565s feedback_obs_pack=11.834s feedback_info_pack=0.647s effective_fps=63.10
2026-09-28 14:54:52.909 | INFO     | plugrl_env_client.runner.rollout:log_timing_summary:98 - Intermediate rollout timing summary: env_steps=815855 infer_calls=204823 feedback_calls=204822 infer_wait=7715.887s infer_obs_pack=8.508s env_step=5169.180s feedback_total=36.652s feedback_obs_pack=12.015s feedback_info_pack=0.647s effective_fps=63.10
2026-09-28 14:54:52.909 | INFO     | plugrl_env_client.runner.rollout:log_timing_summary:98 - Intermediate rollout timing summary: env_steps=815830 infer_calls=204823 feedback_calls=204822 infer_wait=7712.405s infer_obs_pack=8.691s env_step=5172.025s feedback_total=36.459s feedback_obs_pack=12.067s feedback_info_pack=0.631s effective_fps=63.10
2026-09-28 14:55:22.910 | INFO     | plugrl_env_client.runner.rollout:log_timing_summary:98 - Intermediate rollout timing summary: env_steps=819121 infer_calls=205644 feedback_calls=205643 infer_wait=7717.279s infer_obs_pack=8.503s env_step=5197.625s feedback_total=36.710s feedback_obs_pack=11.880s feedback_info_pack=0.650s effective_fps=63.20
2026-09-28 14:55:22.911 | INFO     | plugrl_env_client.runner.rollout:log_timing_summary:98 - Intermediate rollout timing summary: env_steps=819131 infer_calls=205644 feedback_calls=205643 infer_wait=7724.232s infer_obs_pack=8.543s env_step=5190.536s feedback_total=36.796s feedback_obs_pack=12.063s feedback_info_pack=0.649s effective_fps=63.20
2026-09-28 14:55:22.913 | INFO     | plugrl_env_client.runner.rollout:log_timing_summary:98 - Intermediate rollout timing summary: env_steps=819101 infer_calls=205644 feedback_calls=205644 infer_wait=7720.966s infer_obs_pack=8.726s env_step=5193.165s feedback_total=36.602s feedback_obs_pack=12.114s feedback_info_pack=0.633s effective_fps=63.20
2026-09-28 14:55:52.914 | INFO     | plugrl_env_client.runner.rollout:log_timing_summary:98 - Intermediate rollout timing summary: env_steps=822444 infer_calls=206485 feedback_calls=206484 infer_wait=7729.593s infer_obs_pack=8.762s env_step=5214.225s feedback_total=36.750s feedback_obs_pack=12.163s feedback_info_pack=0.636s effective_fps=63.32
2026-09-28 14:55:52.914 | INFO     | plugrl_env_client.runner.rollout:log_timing_summary:98 - Intermediate rollout timing summary: env_steps=822475 infer_calls=206485 feedback_calls=206484 infer_wait=7725.538s infer_obs_pack=8.537s env_step=5219.060s feedback_total=36.860s feedback_obs_pack=11.928s feedback_info_pack=0.652s effective_fps=63.32
2026-09-28 14:55:52.916 | INFO     | plugrl_env_client.runner.rollout:log_timing_summary:98 - Intermediate rollout timing summary: env_steps=822478 infer_calls=206485 feedback_calls=206484 infer_wait=7732.494s infer_obs_pack=8.578s env_step=5211.962s feedback_total=36.947s feedback_obs_pack=12.112s feedback_info_pack=0.652s effective_fps=63.32
2026-09-28 14:56:22.916 | INFO     | plugrl_env_client.runner.rollout:log_timing_summary:98 - Intermediate rollout timing summary: env_steps=826130 infer_calls=207402 feedback_calls=207401 infer_wait=7733.038s infer_obs_pack=8.574s env_step=5241.223s feedback_total=37.022s feedback_obs_pack=11.981s feedback_info_pack=0.655s effective_fps=63.45
2026-09-28 14:56:22.917 | INFO     | plugrl_env_client.runner.rollout:log_timing_summary:98 - Intermediate rollout timing summary: env_steps=826090 infer_calls=207402 feedback_calls=207401 infer_wait=7737.346s infer_obs_pack=8.800s env_step=5236.133s feedback_total=36.909s feedback_obs_pack=12.216s feedback_info_pack=0.639s effective_fps=63.45
2026-09-28 14:56:22.920 | INFO     | plugrl_env_client.runner.rollout:log_timing_summary:98 - Intermediate rollout timing summary: env_steps=826138 infer_calls=207402 feedback_calls=207401 infer_wait=7739.521s infer_obs_pack=8.616s env_step=5234.603s feedback_total=37.107s feedback_obs_pack=12.165s feedback_info_pack=0.655s effective_fps=63.45
2026-09-28 14:58:35.899 | INFO     | plugrl_env_client.runner.rollout:log_timing_summary:98 - Intermediate rollout timing summary: env_steps=828525 infer_calls=208002 feedback_calls=208001 infer_wait=7851.114s infer_obs_pack=8.599s env_step=5255.909s feedback_total=37.128s feedback_obs_pack=12.015s feedback_info_pack=0.657s effective_fps=62.99
2026-09-28 14:58:35.899 | INFO     | plugrl_env_client.runner.rollout:log_timing_summary:98 - Intermediate rollout timing summary: env_steps=828484 infer_calls=208002 feedback_calls=208001 infer_wait=7854.911s infer_obs_pack=8.825s env_step=5251.331s feedback_total=37.014s feedback_obs_pack=12.251s feedback_info_pack=0.641s effective_fps=62.99
2026-09-28 14:58:35.900 | INFO     | plugrl_env_client.runner.rollout:log_timing_summary:98 - Intermediate rollout timing summary: env_steps=828529 infer_calls=208002 feedback_calls=208001 infer_wait=7857.493s infer_obs_pack=8.640s env_step=5249.394s feedback_total=37.211s feedback_obs_pack=12.200s feedback_info_pack=0.657s effective_fps=62.99
2026-09-28 14:59:05.904 | INFO     | plugrl_env_client.runner.rollout:log_timing_summary:98 - Intermediate rollout timing summary: env_steps=831834 infer_calls=208832 feedback_calls=208831 infer_wait=7859.539s infer_obs_pack=8.634s env_step=5277.179s feedback_total=37.280s feedback_obs_pack=12.063s feedback_info_pack=0.660s effective_fps=63.10
2026-09-28 14:59:05.905 | INFO     | plugrl_env_client.runner.rollout:log_timing_summary:98 - Intermediate rollout timing summary: env_steps=831832 infer_calls=208832 feedback_calls=208831 infer_wait=7866.206s infer_obs_pack=8.675s env_step=5270.365s feedback_total=37.358s feedback_obs_pack=12.249s feedback_info_pack=0.659s effective_fps=63.10
2026-09-28 14:59:05.905 | INFO     | plugrl_env_client.runner.rollout:log_timing_summary:98 - Intermediate rollout timing summary: env_steps=831785 infer_calls=208832 feedback_calls=208831 infer_wait=7863.594s infer_obs_pack=8.860s env_step=5272.344s feedback_total=37.159s feedback_obs_pack=12.299s feedback_info_pack=0.643s effective_fps=63.10
2026-09-28 14:59:35.907 | INFO     | plugrl_env_client.runner.rollout:log_timing_summary:98 - Intermediate rollout timing summary: env_steps=835134 infer_calls=209658 feedback_calls=209657 infer_wait=7868.143s infer_obs_pack=8.668s env_step=5298.271s feedback_total=37.432s feedback_obs_pack=12.114s feedback_info_pack=0.662s effective_fps=63.21
2026-09-28 14:59:35.907 | INFO     | plugrl_env_client.runner.rollout:log_timing_summary:98 - Intermediate rollout timing summary: env_steps=835079 infer_calls=209658 feedback_calls=209657 infer_wait=7871.858s infer_obs_pack=8.895s env_step=5293.773s feedback_total=37.306s feedback_obs_pack=12.347s feedback_info_pack=0.646s effective_fps=63.21
2026-09-28 14:59:35.911 | INFO     | plugrl_env_client.runner.rollout:log_timing_summary:98 - Intermediate rollout timing summary: env_steps=835132 infer_calls=209658 feedback_calls=209658 infer_wait=7874.797s infer_obs_pack=8.709s env_step=5291.475s feedback_total=37.504s feedback_obs_pack=12.297s feedback_info_pack=0.662s effective_fps=63.21
2026-09-28 15:00:05.912 | INFO     | plugrl_env_client.runner.rollout:log_timing_summary:98 - Intermediate rollout timing summary: env_steps=838478 infer_calls=210497 feedback_calls=210496 infer_wait=7876.207s infer_obs_pack=8.703s env_step=5319.900s feedback_total=37.585s feedback_obs_pack=12.166s feedback_info_pack=0.665s effective_fps=63.32
2026-09-28 15:00:05.912 | INFO     | plugrl_env_client.runner.rollout:log_timing_summary:98 - Intermediate rollout timing summary: env_steps=838415 infer_calls=210497 feedback_calls=210496 infer_wait=7880.474s infer_obs_pack=8.931s env_step=5314.846s feedback_total=37.453s feedback_obs_pack=12.396s feedback_info_pack=0.648s effective_fps=63.32
2026-09-28 15:00:05.915 | INFO     | plugrl_env_client.runner.rollout:log_timing_summary:98 - Intermediate rollout timing summary: env_steps=838473 infer_calls=210497 feedback_calls=210496 infer_wait=7883.279s infer_obs_pack=8.744s env_step=5312.681s feedback_total=37.655s feedback_obs_pack=12.346s feedback_info_pack=0.665s effective_fps=63.32
2026-09-28 15:00:35.913 | INFO     | plugrl_env_client.runner.rollout:log_timing_summary:98 - Intermediate rollout timing summary: env_steps=842158 infer_calls=211422 feedback_calls=211421 infer_wait=7883.952s infer_obs_pack=8.740s env_step=5341.817s feedback_total=37.747s feedback_obs_pack=12.218s feedback_info_pack=0.668s effective_fps=63.45
2026-09-28 15:00:35.916 | INFO     | plugrl_env_client.runner.rollout:log_timing_summary:98 - Intermediate rollout timing summary: env_steps=842097 infer_calls=211422 feedback_calls=211422 infer_wait=7887.975s infer_obs_pack=8.969s env_step=5337.000s feedback_total=37.614s feedback_obs_pack=12.449s feedback_info_pack=0.651s effective_fps=63.45
2026-09-28 15:00:35.917 | INFO     | plugrl_env_client.runner.rollout:log_timing_summary:98 - Intermediate rollout timing summary: env_steps=842162 infer_calls=211422 feedback_calls=211421 infer_wait=7890.278s infer_obs_pack=8.782s env_step=5335.347s feedback_total=37.815s feedback_obs_pack=12.400s feedback_info_pack=0.668s effective_fps=63.45
2026-09-28 15:02:47.183 | INFO     | plugrl_env_client.runner.rollout:log_timing_summary:98 - Intermediate rollout timing summary: env_steps=844472 infer_calls=212002 feedback_calls=212001 infer_wait=8007.074s infer_obs_pack=8.805s env_step=5349.604s feedback_total=37.918s feedback_obs_pack=12.433s feedback_info_pack=0.669s effective_fps=63.00
2026-09-28 15:02:47.185 | INFO     | plugrl_env_client.runner.rollout:log_timing_summary:98 - Intermediate rollout timing summary: env_steps=844464 infer_calls=212002 feedback_calls=212001 infer_wait=8001.333s infer_obs_pack=8.764s env_step=5355.488s feedback_total=37.850s feedback_obs_pack=12.252s feedback_info_pack=0.670s effective_fps=63.00
2026-09-28 15:02:47.187 | INFO     | plugrl_env_client.runner.rollout:log_timing_summary:98 - Intermediate rollout timing summary: env_steps=844407 infer_calls=212002 feedback_calls=212001 infer_wait=8004.882s infer_obs_pack=8.993s env_step=5351.153s feedback_total=37.714s feedback_obs_pack=12.483s feedback_info_pack=0.653s effective_fps=63.00
2026-09-28 15:03:17.187 | INFO     | plugrl_env_client.runner.rollout:log_timing_summary:98 - Intermediate rollout timing summary: env_steps=847719 infer_calls=212832 feedback_calls=212831 infer_wait=8013.521s infer_obs_pack=9.028s env_step=5372.197s feedback_total=37.867s feedback_obs_pack=12.531s feedback_info_pack=0.655s effective_fps=63.11
2026-09-28 15:03:17.189 | INFO     | plugrl_env_client.runner.rollout:log_timing_summary:98 - Intermediate rollout timing summary: env_steps=847767 infer_calls=212832 feedback_calls=212831 infer_wait=8009.944s infer_obs_pack=8.798s env_step=5376.565s feedback_total=37.998s feedback_obs_pack=12.299s feedback_info_pack=0.672s effective_fps=63.11
2026-09-28 15:03:17.190 | INFO     | plugrl_env_client.runner.rollout:log_timing_summary:98 - Intermediate rollout timing summary: env_steps=847787 infer_calls=212832 feedback_calls=212831 infer_wait=8015.484s infer_obs_pack=8.842s env_step=5370.895s feedback_total=38.067s feedback_obs_pack=12.483s feedback_info_pack=0.672s effective_fps=63.11
2026-09-28 15:03:47.192 | INFO     | plugrl_env_client.runner.rollout:log_timing_summary:98 - Intermediate rollout timing summary: env_steps=851089 infer_calls=213660 feedback_calls=213660 infer_wait=8023.819s infer_obs_pack=8.877s env_step=5392.258s feedback_total=38.210s feedback_obs_pack=12.531s feedback_info_pack=0.674s effective_fps=63.22
2026-09-28 15:03:47.193 | INFO     | plugrl_env_client.runner.rollout:log_timing_summary:98 - Intermediate rollout timing summary: env_steps=851070 infer_calls=213660 feedback_calls=213660 infer_wait=8018.127s infer_obs_pack=8.832s env_step=5398.080s feedback_total=38.147s feedback_obs_pack=12.347s feedback_info_pack=0.675s effective_fps=63.21
2026-09-28 15:03:47.205 | INFO     | plugrl_env_client.runner.rollout:log_timing_summary:98 - Intermediate rollout timing summary: env_steps=851012 infer_calls=213661 feedback_calls=213660 infer_wait=8022.298s infer_obs_pack=9.064s env_step=5393.120s feedback_total=38.015s feedback_obs_pack=12.579s feedback_info_pack=0.658s effective_fps=63.21
2026-09-28 15:04:17.195 | INFO     | plugrl_env_client.runner.rollout:log_timing_summary:98 - Intermediate rollout timing summary: env_steps=854324 infer_calls=214476 feedback_calls=214475 infer_wait=8026.768s infer_obs_pack=8.866s env_step=5419.149s feedback_total=38.289s feedback_obs_pack=12.393s feedback_info_pack=0.677s effective_fps=63.32
2026-09-28 15:04:17.203 | INFO     | plugrl_env_client.runner.rollout:log_timing_summary:98 - Intermediate rollout timing summary: env_steps=854340 infer_calls=214476 feedback_calls=214475 infer_wait=8032.245s infer_obs_pack=8.911s env_step=5413.544s feedback_total=38.357s feedback_obs_pack=12.578s feedback_info_pack=0.677s effective_fps=63.32
2026-09-28 15:04:17.211 | INFO     | plugrl_env_client.runner.rollout:log_timing_summary:98 - Intermediate rollout timing summary: env_steps=854265 infer_calls=214476 feedback_calls=214475 infer_wait=8030.930s infer_obs_pack=9.099s env_step=5414.190s feedback_total=38.161s feedback_obs_pack=12.628s feedback_info_pack=0.660s effective_fps=63.31
2026-09-28 15:04:47.197 | INFO     | plugrl_env_client.runner.rollout:log_timing_summary:98 - Intermediate rollout timing summary: env_steps=857949 infer_calls=215386 feedback_calls=215386 infer_wait=8034.751s infer_obs_pack=8.903s env_step=5440.824s feedback_total=38.454s feedback_obs_pack=12.446s feedback_info_pack=0.680s effective_fps=63.44
2026-09-28 15:04:47.209 | INFO     | plugrl_env_client.runner.rollout:log_timing_summary:98 - Intermediate rollout timing summary: env_steps=857960 infer_calls=215387 feedback_calls=215386 infer_wait=8039.945s infer_obs_pack=8.948s env_step=5435.510s feedback_total=38.520s feedback_obs_pack=12.631s feedback_info_pack=0.680s effective_fps=63.44
2026-09-28 15:04:47.214 | INFO     | plugrl_env_client.runner.rollout:log_timing_summary:98 - Intermediate rollout timing summary: env_steps=857896 infer_calls=215387 feedback_calls=215386 infer_wait=8038.308s infer_obs_pack=9.137s env_step=5436.473s feedback_total=38.323s feedback_obs_pack=12.681s feedback_info_pack=0.663s effective_fps=63.44
2026-09-28 15:06:59.637 | INFO     | plugrl_env_client.runner.rollout:log_timing_summary:98 - Intermediate rollout timing summary: env_steps=860401 infer_calls=216002 feedback_calls=216001 infer_wait=8152.098s infer_obs_pack=8.927s env_step=5455.690s feedback_total=38.562s feedback_obs_pack=12.481s feedback_info_pack=0.682s effective_fps=63.01
2026-09-28 15:06:59.637 | INFO     | plugrl_env_client.runner.rollout:log_timing_summary:98 - Intermediate rollout timing summary: env_steps=860417 infer_calls=216002 feedback_calls=216001 infer_wait=8157.276s infer_obs_pack=8.972s env_step=5450.382s feedback_total=38.627s feedback_obs_pack=12.666s feedback_info_pack=0.682s effective_fps=63.01
2026-09-28 15:06:59.644 | INFO     | plugrl_env_client.runner.rollout:log_timing_summary:98 - Intermediate rollout timing summary: env_steps=860349 infer_calls=216002 feedback_calls=216001 infer_wait=8155.181s infer_obs_pack=9.168s env_step=5451.802s feedback_total=38.430s feedback_obs_pack=12.718s feedback_info_pack=0.665s effective_fps=63.01
2026-09-28 15:07:29.640 | INFO     | plugrl_env_client.runner.rollout:log_timing_summary:98 - Intermediate rollout timing summary: env_steps=863676 infer_calls=216825 feedback_calls=216824 infer_wait=8160.502s infer_obs_pack=8.961s env_step=5476.978s feedback_total=38.709s feedback_obs_pack=12.527s feedback_info_pack=0.685s effective_fps=63.11
2026-09-28 15:07:29.641 | INFO     | plugrl_env_client.runner.rollout:log_timing_summary:98 - Intermediate rollout timing summary: env_steps=863690 infer_calls=216825 feedback_calls=216824 infer_wait=8166.142s infer_obs_pack=9.007s env_step=5471.213s feedback_total=38.770s feedback_obs_pack=12.714s feedback_info_pack=0.684s effective_fps=63.11
2026-09-28 15:07:29.648 | INFO     | plugrl_env_client.runner.rollout:log_timing_summary:98 - Intermediate rollout timing summary: env_steps=863627 infer_calls=216825 feedback_calls=216824 infer_wait=8163.665s infer_obs_pack=9.203s env_step=5473.012s feedback_total=38.578s feedback_obs_pack=12.765s feedback_info_pack=0.668s effective_fps=63.11
2026-09-28 15:07:59.641 | INFO     | plugrl_env_client.runner.rollout:log_timing_summary:98 - Intermediate rollout timing summary: env_steps=866912 infer_calls=217639 feedback_calls=217638 infer_wait=8169.165s infer_obs_pack=8.995s env_step=5498.008s feedback_total=38.859s feedback_obs_pack=12.574s feedback_info_pack=0.687s effective_fps=63.21
2026-09-28 15:07:59.645 | INFO     | plugrl_env_client.runner.rollout:log_timing_summary:98 - Intermediate rollout timing summary: env_steps=866939 infer_calls=217639 feedback_calls=217638 infer_wait=8175.126s infer_obs_pack=9.041s env_step=5491.934s feedback_total=38.913s feedback_obs_pack=12.761s feedback_info_pack=0.687s effective_fps=63.21
2026-09-28 15:07:59.649 | INFO     | plugrl_env_client.runner.rollout:log_timing_summary:98 - Intermediate rollout timing summary: env_steps=866868 infer_calls=217639 feedback_calls=217639 infer_wait=8172.249s infer_obs_pack=9.238s env_step=5494.123s feedback_total=38.725s feedback_obs_pack=12.813s feedback_info_pack=0.670s effective_fps=63.21
2026-09-28 15:08:29.642 | INFO     | plugrl_env_client.runner.rollout:log_timing_summary:98 - Intermediate rollout timing summary: env_steps=870185 infer_calls=218459 feedback_calls=218459 infer_wait=8177.798s infer_obs_pack=9.029s env_step=5519.072s feedback_total=39.005s feedback_obs_pack=12.624s feedback_info_pack=0.690s effective_fps=63.31
2026-09-28 15:08:29.662 | INFO     | plugrl_env_client.runner.rollout:log_timing_summary:98 - Intermediate rollout timing summary: env_steps=870138 infer_calls=218460 feedback_calls=218459 infer_wait=8180.401s infer_obs_pack=9.273s env_step=5515.667s feedback_total=38.882s feedback_obs_pack=12.864s feedback_info_pack=0.673s effective_fps=63.31
2026-09-28 15:08:29.665 | INFO     | plugrl_env_client.runner.rollout:log_timing_summary:98 - Intermediate rollout timing summary: env_steps=870205 infer_calls=218460 feedback_calls=218459 infer_wait=8183.830s infer_obs_pack=9.075s env_step=5512.929s feedback_total=39.064s feedback_obs_pack=12.809s feedback_info_pack=0.690s effective_fps=63.31
2026-09-28 15:08:59.647 | INFO     | plugrl_env_client.runner.rollout:log_timing_summary:98 - Intermediate rollout timing summary: env_steps=873693 infer_calls=219342 feedback_calls=219341 infer_wait=8185.739s infer_obs_pack=9.066s env_step=5540.796s feedback_total=39.164s feedback_obs_pack=12.676s feedback_info_pack=0.693s effective_fps=63.43
2026-09-28 15:08:59.673 | INFO     | plugrl_env_client.runner.rollout:log_timing_summary:98 - Intermediate rollout timing summary: env_steps=873723 infer_calls=219343 feedback_calls=219342 infer_wait=8191.503s infer_obs_pack=9.112s env_step=5534.936s feedback_total=39.219s feedback_obs_pack=12.861s feedback_info_pack=0.692s effective_fps=63.43
2026-09-28 15:08:59.674 | INFO     | plugrl_env_client.runner.rollout:log_timing_summary:98 - Intermediate rollout timing summary: env_steps=873655 infer_calls=219343 feedback_calls=219342 infer_wait=8188.143s infer_obs_pack=9.310s env_step=5537.601s feedback_total=39.038s feedback_obs_pack=12.917s feedback_info_pack=0.675s effective_fps=63.43
2026-09-28 15:11:13.548 | INFO     | plugrl_env_client.runner.rollout:log_timing_summary:98 - Intermediate rollout timing summary: env_steps=876325 infer_calls=220002 feedback_calls=220001 infer_wait=8303.105s infer_obs_pack=9.092s env_step=5557.084s feedback_total=39.281s feedback_obs_pack=12.715s feedback_info_pack=0.695s effective_fps=63.01
2026-09-28 15:11:13.548 | INFO     | plugrl_env_client.runner.rollout:log_timing_summary:98 - Intermediate rollout timing summary: env_steps=876275 infer_calls=220002 feedback_calls=220001 infer_wait=8305.652s infer_obs_pack=9.338s env_step=5553.710s feedback_total=39.154s feedback_obs_pack=12.956s feedback_info_pack=0.677s effective_fps=63.01
2026-09-28 15:11:13.549 | INFO     | plugrl_env_client.runner.rollout:log_timing_summary:98 - Intermediate rollout timing summary: env_steps=876341 infer_calls=220002 feedback_calls=220001 infer_wait=8309.505s infer_obs_pack=9.138s env_step=5550.557s feedback_total=39.338s feedback_obs_pack=12.900s feedback_info_pack=0.694s effective_fps=63.01
2026-09-28 15:11:43.550 | INFO     | plugrl_env_client.runner.rollout:log_timing_summary:98 - Intermediate rollout timing summary: env_steps=879593 infer_calls=220818 feedback_calls=220818 infer_wait=8318.442s infer_obs_pack=9.173s env_step=5571.314s feedback_total=39.488s feedback_obs_pack=12.949s feedback_info_pack=0.697s effective_fps=63.11
2026-09-28 15:11:43.567 | INFO     | plugrl_env_client.runner.rollout:log_timing_summary:98 - Intermediate rollout timing summary: env_steps=879568 infer_calls=220819 feedback_calls=220818 infer_wait=8311.809s infer_obs_pack=9.126s env_step=5578.087s feedback_total=39.427s feedback_obs_pack=12.765s feedback_info_pack=0.697s effective_fps=63.10
2026-09-28 15:11:43.568 | INFO     | plugrl_env_client.runner.rollout:log_timing_summary:98 - Intermediate rollout timing summary: env_steps=879535 infer_calls=220819 feedback_calls=220818 infer_wait=8314.211s infer_obs_pack=9.374s env_step=5574.854s feedback_total=39.306s feedback_obs_pack=13.007s feedback_info_pack=0.680s effective_fps=63.10
2026-09-28 15:12:13.556 | INFO     | plugrl_env_client.runner.rollout:log_timing_summary:98 - Intermediate rollout timing summary: env_steps=882874 infer_calls=221643 feedback_calls=221643 infer_wait=8327.262s infer_obs_pack=9.208s env_step=5592.190s feedback_total=39.638s feedback_obs_pack=12.997s feedback_info_pack=0.700s effective_fps=63.21
2026-09-28 15:12:13.580 | INFO     | plugrl_env_client.runner.rollout:log_timing_summary:98 - Intermediate rollout timing summary: env_steps=882824 infer_calls=221644 feedback_calls=221643 infer_wait=8322.707s infer_obs_pack=9.409s env_step=5596.058s feedback_total=39.455s feedback_obs_pack=13.055s feedback_info_pack=0.682s effective_fps=63.21
2026-09-28 15:12:13.583 | INFO     | plugrl_env_client.runner.rollout:log_timing_summary:98 - Intermediate rollout timing summary: env_steps=882857 infer_calls=221644 feedback_calls=221643 infer_wait=8320.176s infer_obs_pack=9.161s env_step=5599.419s feedback_total=39.579s feedback_obs_pack=12.813s feedback_info_pack=0.700s effective_fps=63.20
2026-09-28 15:12:43.571 | INFO     | plugrl_env_client.runner.rollout:log_timing_summary:98 - Intermediate rollout timing summary: env_steps=886146 infer_calls=222466 feedback_calls=222465 infer_wait=8335.705s infer_obs_pack=9.242s env_step=5613.458s feedback_total=39.783s feedback_obs_pack=13.045s feedback_info_pack=0.702s effective_fps=63.30
2026-09-28 15:12:43.582 | INFO     | plugrl_env_client.runner.rollout:log_timing_summary:98 - Intermediate rollout timing summary: env_steps=886101 infer_calls=222466 feedback_calls=222465 infer_wait=8331.421s infer_obs_pack=9.444s env_step=5617.041s feedback_total=39.601s feedback_obs_pack=13.103s feedback_info_pack=0.686s effective_fps=63.30
2026-09-28 15:12:43.584 | INFO     | plugrl_env_client.runner.rollout:log_timing_summary:98 - Intermediate rollout timing summary: env_steps=886137 infer_calls=222466 feedback_calls=222465 infer_wait=8328.663s infer_obs_pack=9.195s env_step=5620.621s feedback_total=39.728s feedback_obs_pack=12.861s feedback_info_pack=0.703s effective_fps=63.30
2026-09-28 15:13:13.573 | INFO     | plugrl_env_client.runner.rollout:log_timing_summary:98 - Intermediate rollout timing summary: env_steps=889676 infer_calls=223351 feedback_calls=223351 infer_wait=8343.519s infer_obs_pack=9.278s env_step=5635.321s feedback_total=39.940s feedback_obs_pack=13.096s feedback_info_pack=0.705s effective_fps=63.42
2026-09-28 15:13:13.585 | INFO     | plugrl_env_client.runner.rollout:log_timing_summary:98 - Intermediate rollout timing summary: env_steps=889628 infer_calls=223352 feedback_calls=223351 infer_wait=8339.353s infer_obs_pack=9.481s env_step=5638.777s feedback_total=39.759s feedback_obs_pack=13.154s feedback_info_pack=0.689s effective_fps=63.42
2026-09-28 15:13:13.589 | INFO     | plugrl_env_client.runner.rollout:log_timing_summary:98 - Intermediate rollout timing summary: env_steps=889664 infer_calls=223352 feedback_calls=223351 infer_wait=8336.402s infer_obs_pack=9.231s env_step=5642.557s feedback_total=39.886s feedback_obs_pack=12.912s feedback_info_pack=0.705s effective_fps=63.42
2026-09-28 15:15:27.001 | INFO     | plugrl_env_client.runner.rollout:log_timing_summary:98 - Intermediate rollout timing summary: env_steps=892271 infer_calls=224002 feedback_calls=224001 infer_wait=8460.619s infer_obs_pack=9.304s env_step=5651.416s feedback_total=40.053s feedback_obs_pack=13.133s feedback_info_pack=0.707s effective_fps=63.01
2026-09-28 15:15:27.003 | INFO     | plugrl_env_client.runner.rollout:log_timing_summary:98 - Intermediate rollout timing summary: env_steps=892219 infer_calls=224002 feedback_calls=224001 infer_wait=8456.854s infer_obs_pack=9.508s env_step=5654.452s feedback_total=39.872s feedback_obs_pack=13.192s feedback_info_pack=0.691s effective_fps=63.01
2026-09-28 15:15:27.006 | INFO     | plugrl_env_client.runner.rollout:log_timing_summary:98 - Intermediate rollout timing summary: env_steps=892248 infer_calls=224002 feedback_calls=224001 infer_wait=8454.139s infer_obs_pack=9.258s env_step=5657.996s feedback_total=40.001s feedback_obs_pack=12.949s feedback_info_pack=0.707s effective_fps=63.01
2026-09-28 15:15:57.004 | INFO     | plugrl_env_client.runner.rollout:log_timing_summary:98 - Intermediate rollout timing summary: env_steps=895509 infer_calls=224827 feedback_calls=224826 infer_wait=8465.225s infer_obs_pack=9.543s env_step=5675.773s feedback_total=40.024s feedback_obs_pack=13.243s feedback_info_pack=0.694s effective_fps=63.11
2026-09-28 15:15:57.006 | INFO     | plugrl_env_client.runner.rollout:log_timing_summary:98 - Intermediate rollout timing summary: env_steps=895552 infer_calls=224827 feedback_calls=224826 infer_wait=8469.303s infer_obs_pack=9.339s env_step=5672.427s feedback_total=40.199s feedback_obs_pack=13.181s feedback_info_pack=0.710s effective_fps=63.11
2026-09-28 15:15:57.010 | INFO     | plugrl_env_client.runner.rollout:log_timing_summary:98 - Intermediate rollout timing summary: env_steps=895536 infer_calls=224827 feedback_calls=224826 infer_wait=8462.432s infer_obs_pack=9.292s env_step=5679.400s feedback_total=40.149s feedback_obs_pack=12.997s feedback_info_pack=0.710s effective_fps=63.10
2026-09-28 15:16:27.005 | INFO     | plugrl_env_client.runner.rollout:log_timing_summary:98 - Intermediate rollout timing summary: env_steps=898756 infer_calls=225642 feedback_calls=225641 infer_wait=8473.393s infer_obs_pack=9.578s env_step=5697.303s feedback_total=40.167s feedback_obs_pack=13.293s feedback_info_pack=0.696s effective_fps=63.20
2026-09-28 15:16:27.007 | INFO     | plugrl_env_client.runner.rollout:log_timing_summary:98 - Intermediate rollout timing summary: env_steps=898789 infer_calls=225642 feedback_calls=225641 infer_wait=8478.328s infer_obs_pack=9.373s env_step=5693.093s feedback_total=40.347s feedback_obs_pack=13.228s feedback_info_pack=0.712s effective_fps=63.20
2026-09-28 15:16:27.013 | INFO     | plugrl_env_client.runner.rollout:log_timing_summary:98 - Intermediate rollout timing summary: env_steps=898780 infer_calls=225642 feedback_calls=225641 infer_wait=8471.205s infer_obs_pack=9.329s env_step=5700.321s feedback_total=40.294s feedback_obs_pack=13.045s feedback_info_pack=0.713s effective_fps=63.20
2026-09-28 15:16:57.007 | INFO     | plugrl_env_client.runner.rollout:log_timing_summary:98 - Intermediate rollout timing summary: env_steps=902049 infer_calls=226468 feedback_calls=226468 infer_wait=8481.791s infer_obs_pack=9.613s env_step=5718.598s feedback_total=40.309s feedback_obs_pack=13.341s feedback_info_pack=0.699s effective_fps=63.30
2026-09-28 15:16:57.011 | INFO     | plugrl_env_client.runner.rollout:log_timing_summary:98 - Intermediate rollout timing summary: env_steps=902086 infer_calls=226468 feedback_calls=226468 infer_wait=8486.902s infer_obs_pack=9.407s env_step=5714.220s feedback_total=40.492s feedback_obs_pack=13.276s feedback_info_pack=0.715s effective_fps=63.30
2026-09-28 15:16:57.023 | INFO     | plugrl_env_client.runner.rollout:log_timing_summary:98 - Intermediate rollout timing summary: env_steps=902071 infer_calls=226469 feedback_calls=226468 infer_wait=8479.588s infer_obs_pack=9.364s env_step=5721.634s feedback_total=40.444s feedback_obs_pack=13.094s feedback_info_pack=0.715s effective_fps=63.30
2026-09-28 15:17:27.019 | INFO     | plugrl_env_client.runner.rollout:log_timing_summary:98 - Intermediate rollout timing summary: env_steps=905551 infer_calls=227348 feedback_calls=227347 infer_wait=8489.945s infer_obs_pack=9.650s env_step=5740.126s feedback_total=40.466s feedback_obs_pack=13.395s feedback_info_pack=0.701s effective_fps=63.41
2026-09-28 15:17:27.020 | INFO     | plugrl_env_client.runner.rollout:log_timing_summary:98 - Intermediate rollout timing summary: env_steps=905585 infer_calls=227348 feedback_calls=227347 infer_wait=8494.908s infer_obs_pack=9.443s env_step=5735.894s feedback_total=40.651s feedback_obs_pack=13.328s feedback_info_pack=0.717s effective_fps=63.41
2026-09-28 15:17:27.026 | INFO     | plugrl_env_client.runner.rollout:log_timing_summary:98 - Intermediate rollout timing summary: env_steps=905573 infer_calls=227348 feedback_calls=227347 infer_wait=8487.134s infer_obs_pack=9.399s env_step=5743.763s feedback_total=40.598s feedback_obs_pack=13.144s feedback_info_pack=0.718s effective_fps=63.41
2026-09-28 15:19:40.880 | INFO     | plugrl_env_client.runner.rollout:log_timing_summary:98 - Intermediate rollout timing summary: env_steps=908183 infer_calls=228002 feedback_calls=228001 infer_wait=8613.006s infer_obs_pack=9.469s env_step=5751.407s feedback_total=40.769s feedback_obs_pack=13.366s feedback_info_pack=0.720s effective_fps=63.00
2026-09-28 15:19:40.882 | INFO     | plugrl_env_client.runner.rollout:log_timing_summary:98 - Intermediate rollout timing summary: env_steps=908154 infer_calls=228002 feedback_calls=228001 infer_wait=8608.191s infer_obs_pack=9.677s env_step=5755.497s feedback_total=40.582s feedback_obs_pack=13.433s feedback_info_pack=0.703s effective_fps=63.01
2026-09-28 15:19:40.882 | INFO     | plugrl_env_client.runner.rollout:log_timing_summary:98 - Intermediate rollout timing summary: env_steps=908176 infer_calls=228002 feedback_calls=228001 infer_wait=8605.027s infer_obs_pack=9.426s env_step=5759.483s feedback_total=40.712s feedback_obs_pack=13.181s feedback_info_pack=0.720s effective_fps=63.00
2026-09-28 15:20:10.882 | INFO     | plugrl_env_client.runner.rollout:log_timing_summary:98 - Intermediate rollout timing summary: env_steps=911418 infer_calls=228815 feedback_calls=228814 infer_wait=8621.674s infer_obs_pack=9.503s env_step=5772.423s feedback_total=40.921s feedback_obs_pack=13.417s feedback_info_pack=0.722s effective_fps=63.10
2026-09-28 15:20:10.884 | INFO     | plugrl_env_client.runner.rollout:log_timing_summary:98 - Intermediate rollout timing summary: env_steps=911391 infer_calls=228815 feedback_calls=228814 infer_wait=8616.861s infer_obs_pack=9.712s env_step=5776.512s feedback_total=40.735s feedback_obs_pack=13.481s feedback_info_pack=0.706s effective_fps=63.10
2026-09-28 15:20:10.887 | INFO     | plugrl_env_client.runner.rollout:log_timing_summary:98 - Intermediate rollout timing summary: env_steps=911416 infer_calls=228815 feedback_calls=228814 infer_wait=8613.521s infer_obs_pack=9.460s env_step=5780.688s feedback_total=40.856s feedback_obs_pack=13.229s feedback_info_pack=0.722s effective_fps=63.10
2026-09-28 15:20:40.884 | INFO     | plugrl_env_client.runner.rollout:log_timing_summary:98 - Intermediate rollout timing summary: env_steps=914684 infer_calls=229635 feedback_calls=229634 infer_wait=8630.268s infer_obs_pack=9.538s env_step=5793.519s feedback_total=41.071s feedback_obs_pack=13.466s feedback_info_pack=0.725s effective_fps=63.19
2026-09-28 15:20:40.888 | INFO     | plugrl_env_client.runner.rollout:log_timing_summary:98 - Intermediate rollout timing summary: env_steps=914658 infer_calls=229635 feedback_calls=229634 infer_wait=8625.594s infer_obs_pack=9.747s env_step=5797.477s feedback_total=40.879s feedback_obs_pack=13.529s feedback_info_pack=0.708s effective_fps=63.19
2026-09-28 15:20:40.892 | INFO     | plugrl_env_client.runner.rollout:log_timing_summary:98 - Intermediate rollout timing summary: env_steps=914676 infer_calls=229635 feedback_calls=229634 infer_wait=8622.066s infer_obs_pack=9.494s env_step=5801.846s feedback_total=41.000s feedback_obs_pack=13.275s feedback_info_pack=0.725s effective_fps=63.19
2026-09-28 15:21:10.888 | INFO     | plugrl_env_client.runner.rollout:log_timing_summary:98 - Intermediate rollout timing summary: env_steps=917990 infer_calls=230466 feedback_calls=230465 infer_wait=8638.992s infer_obs_pack=9.572s env_step=5814.491s feedback_total=41.218s feedback_obs_pack=13.516s feedback_info_pack=0.727s effective_fps=63.29
2026-09-28 15:21:10.889 | INFO     | plugrl_env_client.runner.rollout:log_timing_summary:98 - Intermediate rollout timing summary: env_steps=917967 infer_calls=230466 feedback_calls=230465 infer_wait=8633.985s infer_obs_pack=9.782s env_step=5818.774s feedback_total=41.029s feedback_obs_pack=13.578s feedback_info_pack=0.711s effective_fps=63.29
2026-09-28 15:21:10.895 | INFO     | plugrl_env_client.runner.rollout:log_timing_summary:98 - Intermediate rollout timing summary: env_steps=917981 infer_calls=230466 feedback_calls=230465 infer_wait=8630.613s infer_obs_pack=9.529s env_step=5822.985s feedback_total=41.155s feedback_obs_pack=13.325s feedback_info_pack=0.728s effective_fps=63.29
2026-09-28 15:21:40.888 | INFO     | plugrl_env_client.runner.rollout:log_timing_summary:98 - Intermediate rollout timing summary: env_steps=921305 infer_calls=231297 feedback_calls=231296 infer_wait=8647.246s infer_obs_pack=9.607s env_step=5835.920s feedback_total=41.371s feedback_obs_pack=13.565s feedback_info_pack=0.730s effective_fps=63.39
2026-09-28 15:21:40.908 | INFO     | plugrl_env_client.runner.rollout:log_timing_summary:98 - Intermediate rollout timing summary: env_steps=921284 infer_calls=231298 feedback_calls=231297 infer_wait=8642.112s infer_obs_pack=9.818s env_step=5840.354s feedback_total=41.178s feedback_obs_pack=13.627s feedback_info_pack=0.713s effective_fps=63.39
2026-09-28 15:21:40.908 | INFO     | plugrl_env_client.runner.rollout:log_timing_summary:98 - Intermediate rollout timing summary: env_steps=921291 infer_calls=231298 feedback_calls=231297 infer_wait=8639.174s infer_obs_pack=9.563s env_step=5844.114s feedback_total=41.312s feedback_obs_pack=13.376s feedback_info_pack=0.730s effective_fps=63.39
2026-09-28 15:23:56.411 | INFO     | plugrl_env_client.runner.rollout:log_timing_summary:98 - Intermediate rollout timing summary: env_steps=924095 infer_calls=232002 feedback_calls=232001 infer_wait=8759.837s infer_obs_pack=9.848s env_step=5857.873s feedback_total=41.301s feedback_obs_pack=13.668s feedback_info_pack=0.716s effective_fps=63.00
2026-09-28 15:23:56.413 | INFO     | plugrl_env_client.runner.rollout:log_timing_summary:98 - Intermediate rollout timing summary: env_steps=924098 infer_calls=232002 feedback_calls=232001 infer_wait=8757.299s infer_obs_pack=9.592s env_step=5861.232s feedback_total=41.435s feedback_obs_pack=13.417s feedback_info_pack=0.732s effective_fps=62.99
2026-09-28 15:23:56.418 | INFO     | plugrl_env_client.runner.rollout:log_timing_summary:98 - Intermediate rollout timing summary: env_steps=924108 infer_calls=232002 feedback_calls=232001 infer_wait=8765.611s infer_obs_pack=9.635s env_step=5852.820s feedback_total=41.495s feedback_obs_pack=13.606s feedback_info_pack=0.732s effective_fps=62.99
2026-09-28 15:24:26.418 | INFO     | plugrl_env_client.runner.rollout:log_timing_summary:98 - Intermediate rollout timing summary: env_steps=927395 infer_calls=232831 feedback_calls=232830 infer_wait=8768.453s infer_obs_pack=9.883s env_step=5878.948s feedback_total=41.447s feedback_obs_pack=13.716s feedback_info_pack=0.718s effective_fps=63.09
2026-09-28 15:24:26.419 | INFO     | plugrl_env_client.runner.rollout:log_timing_summary:98 - Intermediate rollout timing summary: env_steps=927408 infer_calls=232831 feedback_calls=232830 infer_wait=8774.220s infer_obs_pack=9.670s env_step=5873.908s feedback_total=41.642s feedback_obs_pack=13.654s feedback_info_pack=0.735s effective_fps=63.09
2026-09-28 15:24:26.421 | INFO     | plugrl_env_client.runner.rollout:log_timing_summary:98 - Intermediate rollout timing summary: env_steps=927406 infer_calls=232831 feedback_calls=232830 infer_wait=8765.624s infer_obs_pack=9.626s env_step=5882.612s feedback_total=41.582s feedback_obs_pack=13.464s feedback_info_pack=0.735s effective_fps=63.09
2026-09-28 15:24:56.421 | INFO     | plugrl_env_client.runner.rollout:log_timing_summary:98 - Intermediate rollout timing summary: env_steps=930690 infer_calls=233658 feedback_calls=233657 infer_wait=8776.904s infer_obs_pack=9.918s env_step=5900.188s feedback_total=41.595s feedback_obs_pack=13.765s feedback_info_pack=0.721s effective_fps=63.19
2026-09-28 15:24:56.425 | INFO     | plugrl_env_client.runner.rollout:log_timing_summary:98 - Intermediate rollout timing summary: env_steps=930706 infer_calls=233658 feedback_calls=233658 infer_wait=8782.452s infer_obs_pack=9.704s env_step=5895.379s feedback_total=41.788s feedback_obs_pack=13.702s feedback_info_pack=0.737s effective_fps=63.19
2026-09-28 15:24:56.427 | INFO     | plugrl_env_client.runner.rollout:log_timing_summary:98 - Intermediate rollout timing summary: env_steps=930702 infer_calls=233658 feedback_calls=233658 infer_wait=8774.310s infer_obs_pack=9.661s env_step=5903.628s feedback_total=41.725s feedback_obs_pack=13.511s feedback_info_pack=0.738s effective_fps=63.19
2026-09-28 15:25:26.427 | INFO     | plugrl_env_client.runner.rollout:log_timing_summary:98 - Intermediate rollout timing summary: env_steps=934006 infer_calls=234491 feedback_calls=234490 infer_wait=8785.257s infer_obs_pack=9.954s env_step=5921.523s feedback_total=41.746s feedback_obs_pack=13.816s feedback_info_pack=0.723s effective_fps=63.29
2026-09-28 15:25:26.427 | INFO     | plugrl_env_client.runner.rollout:log_timing_summary:98 - Intermediate rollout timing summary: env_steps=934018 infer_calls=234491 feedback_calls=234490 infer_wait=8791.073s infer_obs_pack=9.739s env_step=5916.447s feedback_total=41.935s feedback_obs_pack=13.751s feedback_info_pack=0.740s effective_fps=63.28
2026-09-28 15:25:26.432 | INFO     | plugrl_env_client.runner.rollout:log_timing_summary:98 - Intermediate rollout timing summary: env_steps=934015 infer_calls=234491 feedback_calls=234490 infer_wait=8782.740s infer_obs_pack=9.695s env_step=5924.895s feedback_total=41.871s feedback_obs_pack=13.558s feedback_info_pack=0.740s effective_fps=63.28
2026-09-28 15:25:56.433 | INFO     | plugrl_env_client.runner.rollout:log_timing_summary:98 - Intermediate rollout timing summary: env_steps=937390 infer_calls=235337 feedback_calls=235336 infer_wait=8791.038s infer_obs_pack=9.730s env_step=5946.283s feedback_total=42.025s feedback_obs_pack=13.607s feedback_info_pack=0.743s effective_fps=63.38
2026-09-28 15:25:56.434 | INFO     | plugrl_env_client.runner.rollout:log_timing_summary:98 - Intermediate rollout timing summary: env_steps=937371 infer_calls=235337 feedback_calls=235336 infer_wait=8793.681s infer_obs_pack=9.990s env_step=5942.777s feedback_total=41.898s feedback_obs_pack=13.866s feedback_info_pack=0.726s effective_fps=63.39
2026-09-28 15:25:56.434 | INFO     | plugrl_env_client.runner.rollout:log_timing_summary:98 - Intermediate rollout timing summary: env_steps=937386 infer_calls=235337 feedback_calls=235336 infer_wait=8799.143s infer_obs_pack=9.774s env_step=5938.069s feedback_total=42.084s feedback_obs_pack=13.800s feedback_info_pack=0.743s effective_fps=63.38
2026-09-28 15:28:11.492 | INFO     | plugrl_env_client.runner.rollout:log_timing_summary:98 - Intermediate rollout timing summary: env_steps=940033 infer_calls=236002 feedback_calls=236001 infer_wait=8917.980s infer_obs_pack=9.801s env_step=5954.038s feedback_total=42.202s feedback_obs_pack=13.838s feedback_info_pack=0.745s effective_fps=62.99
2026-09-28 15:28:11.497 | INFO     | plugrl_env_client.runner.rollout:log_timing_summary:98 - Intermediate rollout timing summary: env_steps=940021 infer_calls=236002 feedback_calls=236001 infer_wait=8912.071s infer_obs_pack=10.018s env_step=5959.204s feedback_total=42.014s feedback_obs_pack=13.905s feedback_info_pack=0.728s effective_fps=62.99
2026-09-28 15:28:11.499 | INFO     | plugrl_env_client.runner.rollout:log_timing_summary:98 - Intermediate rollout timing summary: env_steps=940042 infer_calls=236002 feedback_calls=236001 infer_wait=8909.492s infer_obs_pack=9.757s env_step=5962.646s feedback_total=42.142s feedback_obs_pack=13.645s feedback_info_pack=0.745s effective_fps=62.99
2026-09-28 15:28:41.495 | INFO     | plugrl_env_client.runner.rollout:log_timing_summary:98 - Intermediate rollout timing summary: env_steps=943293 infer_calls=236821 feedback_calls=236820 infer_wait=8926.540s infer_obs_pack=9.838s env_step=5975.169s feedback_total=42.351s feedback_obs_pack=13.886s feedback_info_pack=0.747s effective_fps=63.08
2026-09-28 15:28:41.501 | INFO     | plugrl_env_client.runner.rollout:log_timing_summary:98 - Intermediate rollout timing summary: env_steps=943272 infer_calls=236821 feedback_calls=236820 infer_wait=8920.817s infer_obs_pack=10.053s env_step=5980.149s feedback_total=42.160s feedback_obs_pack=13.954s feedback_info_pack=0.731s effective_fps=63.08
2026-09-28 15:28:41.502 | INFO     | plugrl_env_client.runner.rollout:log_timing_summary:98 - Intermediate rollout timing summary: env_steps=943304 infer_calls=236821 feedback_calls=236820 infer_wait=8918.149s infer_obs_pack=9.791s env_step=5983.689s feedback_total=42.287s feedback_obs_pack=13.692s feedback_info_pack=0.748s effective_fps=63.08
2026-09-28 15:29:11.498 | INFO     | plugrl_env_client.runner.rollout:log_timing_summary:98 - Intermediate rollout timing summary: env_steps=946579 infer_calls=237646 feedback_calls=237645 infer_wait=8935.205s infer_obs_pack=9.873s env_step=5996.192s feedback_total=42.500s feedback_obs_pack=13.934s feedback_info_pack=0.750s effective_fps=63.17
2026-09-28 15:29:11.503 | INFO     | plugrl_env_client.runner.rollout:log_timing_summary:98 - Intermediate rollout timing summary: env_steps=946556 infer_calls=237646 feedback_calls=237645 infer_wait=8929.389s infer_obs_pack=10.088s env_step=6001.264s feedback_total=42.304s feedback_obs_pack=14.002s feedback_info_pack=0.733s effective_fps=63.18
2026-09-28 15:29:11.506 | INFO     | plugrl_env_client.runner.rollout:log_timing_summary:98 - Intermediate rollout timing summary: env_steps=946591 infer_calls=237646 feedback_calls=237645 infer_wait=8926.659s infer_obs_pack=9.825s env_step=6004.873s feedback_total=42.435s feedback_obs_pack=13.739s feedback_info_pack=0.750s effective_fps=63.17
2026-09-28 15:29:41.499 | INFO     | plugrl_env_client.runner.rollout:log_timing_summary:98 - Intermediate rollout timing summary: env_steps=949850 infer_calls=238466 feedback_calls=238466 infer_wait=8943.901s infer_obs_pack=9.907s env_step=6017.184s feedback_total=42.647s feedback_obs_pack=13.984s feedback_info_pack=0.753s effective_fps=63.27
2026-09-28 15:29:41.507 | INFO     | plugrl_env_client.runner.rollout:log_timing_summary:98 - Intermediate rollout timing summary: env_steps=949857 infer_calls=238466 feedback_calls=238466 infer_wait=8935.324s infer_obs_pack=9.859s env_step=6025.902s feedback_total=42.581s feedback_obs_pack=13.788s feedback_info_pack=0.753s effective_fps=63.27
2026-09-28 15:29:41.509 | INFO     | plugrl_env_client.runner.rollout:log_timing_summary:98 - Intermediate rollout timing summary: env_steps=949810 infer_calls=238466 feedback_calls=238466 infer_wait=8937.911s infer_obs_pack=10.124s env_step=6022.435s feedback_total=42.449s feedback_obs_pack=14.052s feedback_info_pack=0.736s effective_fps=63.27
2026-09-28 15:30:11.506 | INFO     | plugrl_env_client.runner.rollout:log_timing_summary:98 - Intermediate rollout timing summary: env_steps=953095 infer_calls=239283 feedback_calls=239282 infer_wait=8952.711s infer_obs_pack=9.941s env_step=6038.062s feedback_total=42.799s feedback_obs_pack=14.036s feedback_info_pack=0.755s effective_fps=63.36
2026-09-28 15:30:11.510 | INFO     | plugrl_env_client.runner.rollout:log_timing_summary:98 - Intermediate rollout timing summary: env_steps=953117 infer_calls=239283 feedback_calls=239283 infer_wait=8943.699s infer_obs_pack=9.893s env_step=6047.233s feedback_total=42.724s feedback_obs_pack=13.835s feedback_info_pack=0.755s effective_fps=63.36
2026-09-28 15:30:11.511 | INFO     | plugrl_env_client.runner.rollout:log_timing_summary:98 - Intermediate rollout timing summary: env_steps=953067 infer_calls=239283 feedback_calls=239283 infer_wait=8946.318s infer_obs_pack=10.158s env_step=6043.722s feedback_total=42.597s feedback_obs_pack=14.100s feedback_info_pack=0.738s effective_fps=63.36
2026-09-28 15:32:28.570 | INFO     | plugrl_env_client.runner.rollout:log_timing_summary:98 - Intermediate rollout timing summary: env_steps=955983 infer_calls=240002 feedback_calls=240001 infer_wait=9062.703s infer_obs_pack=9.922s env_step=6065.018s feedback_total=42.852s feedback_obs_pack=13.876s feedback_info_pack=0.758s effective_fps=62.97
2026-09-28 15:32:28.573 | INFO     | plugrl_env_client.runner.rollout:log_timing_summary:98 - Intermediate rollout timing summary: env_steps=955961 infer_calls=240002 feedback_calls=240001 infer_wait=9071.790s infer_obs_pack=9.970s env_step=6055.785s feedback_total=42.926s feedback_obs_pack=14.079s feedback_info_pack=0.758s effective_fps=62.97
2026-09-28 15:32:28.574 | INFO     | plugrl_env_client.runner.rollout:log_timing_summary:98 - Intermediate rollout timing summary: env_steps=955934 infer_calls=240002 feedback_calls=240001 infer_wait=9065.454s infer_obs_pack=10.188s env_step=6061.375s feedback_total=42.728s feedback_obs_pack=14.142s feedback_info_pack=0.740s effective_fps=62.97
2026-09-28 15:32:58.572 | INFO     | plugrl_env_client.runner.rollout:log_timing_summary:98 - Intermediate rollout timing summary: env_steps=959255 infer_calls=240822 feedback_calls=240821 infer_wait=9071.379s infer_obs_pack=9.957s env_step=6086.035s feedback_total=43.000s feedback_obs_pack=13.923s feedback_info_pack=0.760s effective_fps=63.07
2026-09-28 15:32:58.575 | INFO     | plugrl_env_client.runner.rollout:log_timing_summary:98 - Intermediate rollout timing summary: env_steps=959228 infer_calls=240822 feedback_calls=240821 infer_wait=9079.892s infer_obs_pack=10.004s env_step=6077.378s feedback_total=43.075s feedback_obs_pack=14.127s feedback_info_pack=0.760s effective_fps=63.06
2026-09-28 15:32:58.577 | INFO     | plugrl_env_client.runner.rollout:log_timing_summary:98 - Intermediate rollout timing summary: env_steps=959203 infer_calls=240822 feedback_calls=240822 infer_wait=9074.082s infer_obs_pack=10.224s env_step=6082.449s feedback_total=42.870s feedback_obs_pack=14.190s feedback_info_pack=0.743s effective_fps=63.07
2026-09-28 15:33:28.572 | INFO     | plugrl_env_client.runner.rollout:log_timing_summary:98 - Intermediate rollout timing summary: env_steps=962557 infer_calls=241652 feedback_calls=241651 infer_wait=9079.754s infer_obs_pack=9.991s env_step=6107.358s feedback_total=43.146s feedback_obs_pack=13.972s feedback_info_pack=0.763s effective_fps=63.16
2026-09-28 15:33:28.579 | INFO     | plugrl_env_client.runner.rollout:log_timing_summary:98 - Intermediate rollout timing summary: env_steps=962505 infer_calls=241652 feedback_calls=241651 infer_wait=9082.623s infer_obs_pack=10.259s env_step=6103.593s feedback_total=43.019s feedback_obs_pack=14.239s feedback_info_pack=0.746s effective_fps=63.16
2026-09-28 15:33:28.580 | INFO     | plugrl_env_client.runner.rollout:log_timing_summary:98 - Intermediate rollout timing summary: env_steps=962540 infer_calls=241652 feedback_calls=241651 infer_wait=9088.344s infer_obs_pack=10.039s env_step=6098.619s feedback_total=43.228s feedback_obs_pack=14.175s feedback_info_pack=0.763s effective_fps=63.16
2026-09-28 15:33:58.574 | INFO     | plugrl_env_client.runner.rollout:log_timing_summary:98 - Intermediate rollout timing summary: env_steps=965842 infer_calls=242477 feedback_calls=242476 infer_wait=9088.540s infer_obs_pack=10.025s env_step=6128.265s feedback_total=43.290s feedback_obs_pack=14.019s feedback_info_pack=0.766s effective_fps=63.25
2026-09-28 15:33:58.582 | INFO     | plugrl_env_client.runner.rollout:log_timing_summary:98 - Intermediate rollout timing summary: env_steps=965792 infer_calls=242477 feedback_calls=242476 infer_wait=9090.975s infer_obs_pack=10.294s env_step=6124.931s feedback_total=43.171s feedback_obs_pack=14.288s feedback_info_pack=0.748s effective_fps=63.25
2026-09-28 15:33:58.582 | INFO     | plugrl_env_client.runner.rollout:log_timing_summary:98 - Intermediate rollout timing summary: env_steps=965824 infer_calls=242477 feedback_calls=242476 infer_wait=9096.723s infer_obs_pack=10.074s env_step=6119.930s feedback_total=43.378s feedback_obs_pack=14.226s feedback_info_pack=0.765s effective_fps=63.25
2026-09-28 15:34:28.576 | INFO     | plugrl_env_client.runner.rollout:log_timing_summary:98 - Intermediate rollout timing summary: env_steps=969191 infer_calls=243317 feedback_calls=243316 infer_wait=9097.006s infer_obs_pack=10.059s env_step=6149.482s feedback_total=43.440s feedback_obs_pack=14.068s feedback_info_pack=0.768s effective_fps=63.35
2026-09-28 15:34:28.584 | INFO     | plugrl_env_client.runner.rollout:log_timing_summary:98 - Intermediate rollout timing summary: env_steps=969176 infer_calls=243317 feedback_calls=243316 infer_wait=9104.995s infer_obs_pack=10.108s env_step=6141.343s feedback_total=43.532s feedback_obs_pack=14.275s feedback_info_pack=0.768s effective_fps=63.34
2026-09-28 15:34:28.588 | INFO     | plugrl_env_client.runner.rollout:log_timing_summary:98 - Intermediate rollout timing summary: env_steps=969138 infer_calls=243317 feedback_calls=243316 infer_wait=9099.466s infer_obs_pack=10.330s env_step=6146.122s feedback_total=43.328s feedback_obs_pack=14.339s feedback_info_pack=0.751s effective_fps=63.35
2026-09-28 15:36:44.021 | INFO     | plugrl_env_client.runner.rollout:log_timing_summary:98 - Intermediate rollout timing summary: env_steps=971898 infer_calls=244002 feedback_calls=244001 infer_wait=9223.405s infer_obs_pack=10.136s env_step=6158.114s feedback_total=43.652s feedback_obs_pack=14.315s feedback_info_pack=0.770s effective_fps=62.97
2026-09-28 15:36:44.022 | INFO     | plugrl_env_client.runner.rollout:log_timing_summary:98 - Intermediate rollout timing summary: env_steps=971915 infer_calls=244002 feedback_calls=244001 infer_wait=9215.592s infer_obs_pack=10.087s env_step=6166.086s feedback_total=43.561s feedback_obs_pack=14.107s feedback_info_pack=0.770s effective_fps=62.97
2026-09-28 15:36:44.027 | INFO     | plugrl_env_client.runner.rollout:log_timing_summary:98 - Intermediate rollout timing summary: env_steps=971865 infer_calls=244002 feedback_calls=244001 infer_wait=9218.120s infer_obs_pack=10.359s env_step=6162.645s feedback_total=43.447s feedback_obs_pack=14.378s feedback_info_pack=0.753s effective_fps=62.97
2026-09-28 15:37:14.022 | INFO     | plugrl_env_client.runner.rollout:log_timing_summary:98 - Intermediate rollout timing summary: env_steps=975168 infer_calls=244817 feedback_calls=244817 infer_wait=9224.166s infer_obs_pack=10.121s env_step=6187.211s feedback_total=43.705s feedback_obs_pack=14.154s feedback_info_pack=0.773s effective_fps=63.06
2026-09-28 15:37:14.022 | INFO     | plugrl_env_client.runner.rollout:log_timing_summary:98 - Intermediate rollout timing summary: env_steps=975146 infer_calls=244817 feedback_calls=244817 infer_wait=9232.142s infer_obs_pack=10.170s env_step=6179.072s feedback_total=43.799s feedback_obs_pack=14.362s feedback_info_pack=0.773s effective_fps=63.05
2026-09-28 15:37:14.036 | INFO     | plugrl_env_client.runner.rollout:log_timing_summary:98 - Intermediate rollout timing summary: env_steps=975123 infer_calls=244818 feedback_calls=244817 infer_wait=9226.496s infer_obs_pack=10.394s env_step=6183.969s feedback_total=43.596s feedback_obs_pack=14.427s feedback_info_pack=0.755s effective_fps=63.06
2026-09-28 15:37:44.026 | INFO     | plugrl_env_client.runner.rollout:log_timing_summary:98 - Intermediate rollout timing summary: env_steps=978393 infer_calls=245632 feedback_calls=245631 infer_wait=9240.449s infer_obs_pack=10.205s env_step=6200.465s feedback_total=43.946s feedback_obs_pack=14.413s feedback_info_pack=0.775s effective_fps=63.14
2026-09-28 15:37:44.031 | INFO     | plugrl_env_client.runner.rollout:log_timing_summary:98 - Intermediate rollout timing summary: env_steps=978411 infer_calls=245632 feedback_calls=245631 infer_wait=9232.991s infer_obs_pack=10.155s env_step=6208.090s feedback_total=43.851s feedback_obs_pack=14.201s feedback_info_pack=0.775s effective_fps=63.14
2026-09-28 15:37:44.038 | INFO     | plugrl_env_client.runner.rollout:log_timing_summary:98 - Intermediate rollout timing summary: env_steps=978368 infer_calls=245632 feedback_calls=245631 infer_wait=9235.284s infer_obs_pack=10.428s env_step=6204.875s feedback_total=43.738s feedback_obs_pack=14.475s feedback_info_pack=0.758s effective_fps=63.14
2026-09-28 15:38:14.030 | INFO     | plugrl_env_client.runner.rollout:log_timing_summary:98 - Intermediate rollout timing summary: env_steps=981674 infer_calls=246453 feedback_calls=246453 infer_wait=9248.576s infer_obs_pack=10.239s env_step=6222.034s feedback_total=44.093s feedback_obs_pack=14.463s feedback_info_pack=0.778s effective_fps=63.23
2026-09-28 15:38:14.041 | INFO     | plugrl_env_client.runner.rollout:log_timing_summary:98 - Intermediate rollout timing summary: env_steps=981683 infer_calls=246454 feedback_calls=246453 infer_wait=9241.654s infer_obs_pack=10.189s env_step=6229.140s feedback_total=43.997s feedback_obs_pack=14.247s feedback_info_pack=0.778s effective_fps=63.23
2026-09-28 15:38:14.043 | INFO     | plugrl_env_client.runner.rollout:log_timing_summary:98 - Intermediate rollout timing summary: env_steps=981641 infer_calls=246454 feedback_calls=246453 infer_wait=9244.096s infer_obs_pack=10.463s env_step=6225.750s feedback_total=43.885s feedback_obs_pack=14.524s feedback_info_pack=0.760s effective_fps=63.23
2026-09-28 15:38:44.035 | INFO     | plugrl_env_client.runner.rollout:log_timing_summary:98 - Intermediate rollout timing summary: env_steps=985040 infer_calls=247298 feedback_calls=247297 infer_wait=9257.019s infer_obs_pack=10.274s env_step=6243.289s feedback_total=44.240s feedback_obs_pack=14.512s feedback_info_pack=0.780s effective_fps=63.33
2026-09-28 15:38:44.044 | INFO     | plugrl_env_client.runner.rollout:log_timing_summary:98 - Intermediate rollout timing summary: env_steps=984990 infer_calls=247298 feedback_calls=247297 infer_wait=9252.593s infer_obs_pack=10.503s env_step=6246.929s feedback_total=44.036s feedback_obs_pack=14.573s feedback_info_pack=0.763s effective_fps=63.33
2026-09-28 15:38:44.046 | INFO     | plugrl_env_client.runner.rollout:log_timing_summary:98 - Intermediate rollout timing summary: env_steps=985045 infer_calls=247298 feedback_calls=247297 infer_wait=9250.097s infer_obs_pack=10.224s env_step=6250.392s feedback_total=44.145s feedback_obs_pack=14.296s feedback_info_pack=0.781s effective_fps=63.33
2026-09-28 15:40:59.925 | INFO     | plugrl_env_client.runner.rollout:log_timing_summary:98 - Intermediate rollout timing summary: env_steps=987856 infer_calls=248002 feedback_calls=248001 infer_wait=9367.706s infer_obs_pack=10.252s env_step=6268.408s feedback_total=44.267s feedback_obs_pack=14.336s feedback_info_pack=0.783s effective_fps=62.96
2026-09-28 15:40:59.930 | INFO     | plugrl_env_client.runner.rollout:log_timing_summary:98 - Intermediate rollout timing summary: env_steps=987797 infer_calls=248002 feedback_calls=248001 infer_wait=9370.806s infer_obs_pack=10.532s env_step=6264.339s feedback_total=44.160s feedback_obs_pack=14.615s feedback_info_pack=0.765s effective_fps=62.96
2026-09-28 15:40:59.930 | INFO     | plugrl_env_client.runner.rollout:log_timing_summary:98 - Intermediate rollout timing summary: env_steps=987845 infer_calls=248002 feedback_calls=248001 infer_wait=9375.298s infer_obs_pack=10.303s env_step=6260.646s feedback_total=44.364s feedback_obs_pack=14.552s feedback_info_pack=0.783s effective_fps=62.96
2026-09-28 15:41:29.935 | INFO     | plugrl_env_client.runner.rollout:log_timing_summary:98 - Intermediate rollout timing summary: env_steps=991150 infer_calls=248828 feedback_calls=248827 infer_wait=9376.096s infer_obs_pack=10.287s env_step=6289.724s feedback_total=44.418s feedback_obs_pack=14.384s feedback_info_pack=0.785s effective_fps=63.05
2026-09-28 15:41:29.936 | INFO     | plugrl_env_client.runner.rollout:log_timing_summary:98 - Intermediate rollout timing summary: env_steps=991134 infer_calls=248828 feedback_calls=248827 infer_wait=9383.882s infer_obs_pack=10.337s env_step=6281.762s feedback_total=44.510s feedback_obs_pack=14.601s feedback_info_pack=0.785s effective_fps=63.05
2026-09-28 15:41:29.936 | INFO     | plugrl_env_client.runner.rollout:log_timing_summary:98 - Intermediate rollout timing summary: env_steps=991087 infer_calls=248828 feedback_calls=248827 infer_wait=9379.295s infer_obs_pack=10.642s env_step=6285.469s feedback_total=44.308s feedback_obs_pack=14.663s feedback_info_pack=0.768s effective_fps=63.05
2026-09-28 15:41:59.941 | INFO     | plugrl_env_client.runner.rollout:log_timing_summary:98 - Intermediate rollout timing summary: env_steps=994464 infer_calls=249660 feedback_calls=249659 infer_wait=9384.524s infer_obs_pack=10.321s env_step=6310.992s feedback_total=44.568s feedback_obs_pack=14.432s feedback_info_pack=0.788s effective_fps=63.14
2026-09-28 15:41:59.942 | INFO     | plugrl_env_client.runner.rollout:log_timing_summary:98 - Intermediate rollout timing summary: env_steps=994396 infer_calls=249660 feedback_calls=249659 infer_wait=9387.883s infer_obs_pack=10.676s env_step=6306.578s feedback_total=44.451s feedback_obs_pack=14.711s feedback_info_pack=0.770s effective_fps=63.14
2026-09-28 15:41:59.942 | INFO     | plugrl_env_client.runner.rollout:log_timing_summary:98 - Intermediate rollout timing summary: env_steps=994443 infer_calls=249660 feedback_calls=249659 infer_wait=9392.012s infer_obs_pack=10.372s env_step=6303.335s feedback_total=44.654s feedback_obs_pack=14.650s feedback_info_pack=0.788s effective_fps=63.14
2026-09-28 15:42:29.942 | INFO     | plugrl_env_client.runner.rollout:log_timing_summary:98 - Intermediate rollout timing summary: env_steps=997743 infer_calls=250482 feedback_calls=250481 infer_wait=9392.937s infer_obs_pack=10.355s env_step=6332.272s feedback_total=44.720s feedback_obs_pack=14.484s feedback_info_pack=0.791s effective_fps=63.23
2026-09-28 15:42:29.946 | INFO     | plugrl_env_client.runner.rollout:log_timing_summary:98 - Intermediate rollout timing summary: env_steps=997668 infer_calls=250482 feedback_calls=250481 infer_wait=9396.536s infer_obs_pack=10.712s env_step=6327.614s feedback_total=44.601s feedback_obs_pack=14.758s feedback_info_pack=0.773s effective_fps=63.23
2026-09-28 15:42:29.947 | INFO     | plugrl_env_client.runner.rollout:log_timing_summary:98 - Intermediate rollout timing summary: env_steps=997711 infer_calls=250482 feedback_calls=250481 infer_wait=9400.799s infer_obs_pack=10.406s env_step=6324.241s feedback_total=44.801s feedback_obs_pack=14.698s feedback_info_pack=0.790s effective_fps=63.23
2026-09-28 15:42:59.943 | INFO     | plugrl_env_client.runner.rollout:log_timing_summary:98 - Intermediate rollout timing summary: env_steps=1001037 infer_calls=251308 feedback_calls=251307 infer_wait=9401.316s infer_obs_pack=10.389s env_step=6353.587s feedback_total=44.869s feedback_obs_pack=14.531s feedback_info_pack=0.793s effective_fps=63.32
2026-09-28 15:42:59.949 | INFO     | plugrl_env_client.runner.rollout:log_timing_summary:98 - Intermediate rollout timing summary: env_steps=1000956 infer_calls=251308 feedback_calls=251307 infer_wait=9405.282s infer_obs_pack=10.747s env_step=6348.560s feedback_total=44.748s feedback_obs_pack=14.807s feedback_info_pack=0.775s effective_fps=63.31
2026-09-28 15:42:59.950 | INFO     | plugrl_env_client.runner.rollout:log_timing_summary:98 - Intermediate rollout timing summary: env_steps=1000996 infer_calls=251308 feedback_calls=251307 infer_wait=9409.391s infer_obs_pack=10.440s env_step=6345.344s feedback_total=44.944s feedback_obs_pack=14.746s feedback_info_pack=0.793s effective_fps=63.31
2026-09-28 15:45:15.191 | INFO     | plugrl_env_client.runner.rollout:log_timing_summary:98 - Intermediate rollout timing summary: env_steps=1003720 infer_calls=252002 feedback_calls=252001 infer_wait=9523.371s infer_obs_pack=10.776s env_step=6365.456s feedback_total=44.870s feedback_obs_pack=14.847s feedback_info_pack=0.777s effective_fps=62.95
2026-09-28 15:45:15.192 | INFO     | plugrl_env_client.runner.rollout:log_timing_summary:98 - Intermediate rollout timing summary: env_steps=1003800 infer_calls=252002 feedback_calls=252001 infer_wait=9519.163s infer_obs_pack=10.417s env_step=6370.734s feedback_total=44.993s feedback_obs_pack=14.571s feedback_info_pack=0.795s effective_fps=62.95
2026-09-28 15:45:15.196 | INFO     | plugrl_env_client.runner.rollout:log_timing_summary:98 - Intermediate rollout timing summary: env_steps=1003756 infer_calls=252002 feedback_calls=252001 infer_wait=9527.394s infer_obs_pack=10.468s env_step=6362.331s feedback_total=45.068s feedback_obs_pack=14.786s feedback_info_pack=0.795s effective_fps=62.95
2026-09-28 15:45:45.191 | INFO     | plugrl_env_client.runner.rollout:log_timing_summary:98 - Intermediate rollout timing summary: env_steps=1006933 infer_calls=252807 feedback_calls=252807 infer_wait=9531.739s infer_obs_pack=10.810s env_step=6386.778s feedback_total=45.016s feedback_obs_pack=14.894s feedback_info_pack=0.780s effective_fps=63.03
2026-09-28 15:45:45.204 | INFO     | plugrl_env_client.runner.rollout:log_timing_summary:98 - Intermediate rollout timing summary: env_steps=1007008 infer_calls=252808 feedback_calls=252807 infer_wait=9528.068s infer_obs_pack=10.451s env_step=6391.538s feedback_total=45.138s feedback_obs_pack=14.618s feedback_info_pack=0.798s effective_fps=63.04
2026-09-28 15:45:45.206 | INFO     | plugrl_env_client.runner.rollout:log_timing_summary:98 - Intermediate rollout timing summary: env_steps=1006970 infer_calls=252808 feedback_calls=252807 infer_wait=9535.750s infer_obs_pack=10.502s env_step=6383.679s feedback_total=45.214s feedback_obs_pack=14.836s feedback_info_pack=0.798s effective_fps=63.03
2026-09-28 15:46:15.208 | INFO     | plugrl_env_client.runner.rollout:log_timing_summary:98 - Intermediate rollout timing summary: env_steps=1010197 infer_calls=253626 feedback_calls=253625 infer_wait=9540.239s infer_obs_pack=10.844s env_step=6407.984s feedback_total=45.166s feedback_obs_pack=14.946s feedback_info_pack=0.782s effective_fps=63.12
2026-09-28 15:46:15.209 | INFO     | plugrl_env_client.runner.rollout:log_timing_summary:98 - Intermediate rollout timing summary: env_steps=1010264 infer_calls=253626 feedback_calls=253625 infer_wait=9536.840s infer_obs_pack=10.485s env_step=6412.465s feedback_total=45.285s feedback_obs_pack=14.665s feedback_info_pack=0.800s effective_fps=63.12
2026-09-28 15:46:15.209 | INFO     | plugrl_env_client.runner.rollout:log_timing_summary:98 - Intermediate rollout timing summary: env_steps=1010236 infer_calls=253626 feedback_calls=253625 infer_wait=9543.921s infer_obs_pack=10.537s env_step=6405.213s feedback_total=45.359s feedback_obs_pack=14.884s feedback_info_pack=0.800s effective_fps=63.12
2026-09-28 15:46:45.211 | INFO     | plugrl_env_client.runner.rollout:log_timing_summary:98 - Intermediate rollout timing summary: env_steps=1013504 infer_calls=254446 feedback_calls=254445 infer_wait=9552.404s infer_obs_pack=10.571s env_step=6426.422s feedback_total=45.509s feedback_obs_pack=14.935s feedback_info_pack=0.803s effective_fps=63.21
2026-09-28 15:46:45.214 | INFO     | plugrl_env_client.runner.rollout:log_timing_summary:98 - Intermediate rollout timing summary: env_steps=1013466 infer_calls=254446 feedback_calls=254445 infer_wait=9548.819s infer_obs_pack=10.881s env_step=6429.102s feedback_total=45.311s feedback_obs_pack=14.993s feedback_info_pack=0.785s effective_fps=63.21
2026-09-28 15:46:45.214 | INFO     | plugrl_env_client.runner.rollout:log_timing_summary:98 - Intermediate rollout timing summary: env_steps=1013538 infer_calls=254446 feedback_calls=254445 infer_wait=9545.116s infer_obs_pack=10.519s env_step=6433.893s feedback_total=45.430s feedback_obs_pack=14.713s feedback_info_pack=0.803s effective_fps=63.21
2026-09-28 15:47:15.215 | INFO     | plugrl_env_client.runner.rollout:log_timing_summary:98 - Intermediate rollout timing summary: env_steps=1016841 infer_calls=255277 feedback_calls=255276 infer_wait=9553.456s infer_obs_pack=10.553s env_step=6455.236s feedback_total=45.583s feedback_obs_pack=14.762s feedback_info_pack=0.806s effective_fps=63.30
2026-09-28 15:47:15.215 | INFO     | plugrl_env_client.runner.rollout:log_timing_summary:98 - Intermediate rollout timing summary: env_steps=1016779 infer_calls=255277 feedback_calls=255276 infer_wait=9557.571s infer_obs_pack=10.916s env_step=6450.039s feedback_total=45.459s feedback_obs_pack=15.044s feedback_info_pack=0.787s effective_fps=63.30
2026-09-28 15:47:15.216 | INFO     | plugrl_env_client.runner.rollout:log_timing_summary:98 - Intermediate rollout timing summary: env_steps=1016810 infer_calls=255277 feedback_calls=255276 infer_wait=9560.784s infer_obs_pack=10.606s env_step=6447.728s feedback_total=45.659s feedback_obs_pack=14.983s feedback_info_pack=0.806s effective_fps=63.29
2026-09-28 15:49:31.820 | INFO     | plugrl_env_client.runner.rollout:log_timing_summary:98 - Intermediate rollout timing summary: env_steps=1019695 infer_calls=256002 feedback_calls=256001 infer_wait=9678.649s infer_obs_pack=10.635s env_step=6466.195s feedback_total=45.789s feedback_obs_pack=15.026s feedback_info_pack=0.808s effective_fps=62.94
2026-09-28 15:49:31.821 | INFO     | plugrl_env_client.runner.rollout:log_timing_summary:98 - Intermediate rollout timing summary: env_steps=1019731 infer_calls=256002 feedback_calls=256001 infer_wait=9671.830s infer_obs_pack=10.583s env_step=6473.197s feedback_total=45.713s feedback_obs_pack=14.803s feedback_info_pack=0.808s effective_fps=62.94
2026-09-28 15:49:31.823 | INFO     | plugrl_env_client.runner.rollout:log_timing_summary:98 - Intermediate rollout timing summary: env_steps=1019661 infer_calls=256002 feedback_calls=256001 infer_wait=9676.252s infer_obs_pack=10.946s env_step=6467.687s feedback_total=45.591s feedback_obs_pack=15.087s feedback_info_pack=0.790s effective_fps=62.94
2026-09-28 15:50:01.824 | INFO     | plugrl_env_client.runner.rollout:log_timing_summary:98 - Intermediate rollout timing summary: env_steps=1023004 infer_calls=256833 feedback_calls=256832 infer_wait=9686.972s infer_obs_pack=10.671s env_step=6487.563s feedback_total=45.936s feedback_obs_pack=15.075s feedback_info_pack=0.811s effective_fps=63.03
2026-09-28 15:50:01.824 | INFO     | plugrl_env_client.runner.rollout:log_timing_summary:98 - Intermediate rollout timing summary: env_steps=1022968 infer_calls=256833 feedback_calls=256832 infer_wait=9684.738s infer_obs_pack=10.982s env_step=6488.885s feedback_total=45.738s feedback_obs_pack=15.137s feedback_info_pack=0.792s effective_fps=63.03
2026-09-28 15:50:01.827 | INFO     | plugrl_env_client.runner.rollout:log_timing_summary:98 - Intermediate rollout timing summary: env_steps=1023033 infer_calls=256833 feedback_calls=256832 infer_wait=9680.313s infer_obs_pack=10.618s env_step=6494.398s feedback_total=45.865s feedback_obs_pack=14.853s feedback_info_pack=0.810s effective_fps=63.03
2026-09-28 15:50:31.828 | INFO     | plugrl_env_client.runner.rollout:log_timing_summary:98 - Intermediate rollout timing summary: env_steps=1026285 infer_calls=257650 feedback_calls=257649 infer_wait=9688.998s infer_obs_pack=10.652s env_step=6515.411s feedback_total=46.010s feedback_obs_pack=14.899s feedback_info_pack=0.813s effective_fps=63.11
2026-09-28 15:50:31.828 | INFO     | plugrl_env_client.runner.rollout:log_timing_summary:98 - Intermediate rollout timing summary: env_steps=1026258 infer_calls=257650 feedback_calls=257649 infer_wait=9695.280s infer_obs_pack=10.705s env_step=6508.957s feedback_total=46.077s feedback_obs_pack=15.122s feedback_info_pack=0.813s effective_fps=63.11
2026-09-28 15:50:31.828 | INFO     | plugrl_env_client.runner.rollout:log_timing_summary:98 - Intermediate rollout timing summary: env_steps=1026223 infer_calls=257650 feedback_calls=257649 infer_wait=9693.695s infer_obs_pack=11.016s env_step=6509.624s feedback_total=45.880s feedback_obs_pack=15.184s feedback_info_pack=0.795s effective_fps=63.11
2026-09-28 15:51:01.828 | INFO     | plugrl_env_client.runner.rollout:log_timing_summary:98 - Intermediate rollout timing summary: env_steps=1029550 infer_calls=258477 feedback_calls=258476 infer_wait=9704.035s infer_obs_pack=10.744s env_step=6529.883s feedback_total=46.225s feedback_obs_pack=15.170s feedback_info_pack=0.816s effective_fps=63.20
2026-09-28 15:51:01.831 | INFO     | plugrl_env_client.runner.rollout:log_timing_summary:98 - Intermediate rollout timing summary: env_steps=1029581 infer_calls=258477 feedback_calls=258476 infer_wait=9697.346s infer_obs_pack=10.691s env_step=6536.761s feedback_total=46.155s feedback_obs_pack=14.947s feedback_info_pack=0.816s effective_fps=63.20
2026-09-28 15:51:01.833 | INFO     | plugrl_env_client.runner.rollout:log_timing_summary:98 - Intermediate rollout timing summary: env_steps=1029514 infer_calls=258477 feedback_calls=258477 infer_wait=9702.511s infer_obs_pack=11.052s env_step=6530.493s feedback_total=46.030s feedback_obs_pack=15.236s feedback_info_pack=0.797s effective_fps=63.20
2026-09-28 15:51:31.846 | INFO     | plugrl_env_client.runner.rollout:log_timing_summary:98 - Intermediate rollout timing summary: env_steps=1032829 infer_calls=259301 feedback_calls=259300 infer_wait=9712.638s infer_obs_pack=10.778s env_step=6550.991s feedback_total=46.374s feedback_obs_pack=15.218s feedback_info_pack=0.818s effective_fps=63.28
2026-09-28 15:51:31.849 | INFO     | plugrl_env_client.runner.rollout:log_timing_summary:98 - Intermediate rollout timing summary: env_steps=1032863 infer_calls=259301 feedback_calls=259300 infer_wait=9706.027s infer_obs_pack=10.724s env_step=6557.790s feedback_total=46.301s feedback_obs_pack=14.995s feedback_info_pack=0.818s effective_fps=63.28
2026-09-28 15:51:31.849 | INFO     | plugrl_env_client.runner.rollout:log_timing_summary:98 - Intermediate rollout timing summary: env_steps=1032788 infer_calls=259301 feedback_calls=259300 infer_wait=9710.968s infer_obs_pack=11.087s env_step=6551.744s feedback_total=46.179s feedback_obs_pack=15.285s feedback_info_pack=0.800s effective_fps=63.28
2026-09-28 15:53:48.585 | INFO     | plugrl_env_client.runner.rollout:log_timing_summary:98 - Intermediate rollout timing summary: env_steps=1035580 infer_calls=260002 feedback_calls=260001 infer_wait=9829.683s infer_obs_pack=11.116s env_step=6569.495s feedback_total=46.306s feedback_obs_pack=15.326s feedback_info_pack=0.802s effective_fps=62.93
2026-09-28 15:53:48.590 | INFO     | plugrl_env_client.runner.rollout:log_timing_summary:98 - Intermediate rollout timing summary: env_steps=1035623 infer_calls=260002 feedback_calls=260001 infer_wait=9831.212s infer_obs_pack=10.807s env_step=6568.896s feedback_total=46.501s feedback_obs_pack=15.259s feedback_info_pack=0.820s effective_fps=62.93
2026-09-28 15:53:48.594 | INFO     | plugrl_env_client.runner.rollout:log_timing_summary:98 - Intermediate rollout timing summary: env_steps=1035653 infer_calls=260002 feedback_calls=260001 infer_wait=9825.148s infer_obs_pack=10.753s env_step=6575.151s feedback_total=46.426s feedback_obs_pack=15.035s feedback_info_pack=0.820s effective_fps=62.93
2026-09-28 15:54:18.586 | INFO     | plugrl_env_client.runner.rollout:log_timing_summary:98 - Intermediate rollout timing summary: env_steps=1038836 infer_calls=260819 feedback_calls=260818 infer_wait=9838.426s infer_obs_pack=11.156s env_step=6590.426s feedback_total=46.460s feedback_obs_pack=15.380s feedback_info_pack=0.805s effective_fps=63.01
2026-09-28 15:54:18.597 | INFO     | plugrl_env_client.runner.rollout:log_timing_summary:98 - Intermediate rollout timing summary: env_steps=1038910 infer_calls=260819 feedback_calls=260819 infer_wait=9833.506s infer_obs_pack=10.858s env_step=6596.418s feedback_total=46.572s feedback_obs_pack=15.084s feedback_info_pack=0.823s effective_fps=63.01
2026-09-28 15:54:18.608 | INFO     | plugrl_env_client.runner.rollout:log_timing_summary:98 - Intermediate rollout timing summary: env_steps=1038882 infer_calls=260820 feedback_calls=260819 infer_wait=9839.678s infer_obs_pack=10.907s env_step=6590.078s feedback_total=46.646s feedback_obs_pack=15.307s feedback_info_pack=0.823s effective_fps=63.01
2026-09-28 15:54:48.601 | INFO     | plugrl_env_client.runner.rollout:log_timing_summary:98 - Intermediate rollout timing summary: env_steps=1042055 infer_calls=261629 feedback_calls=261628 infer_wait=9846.994s infer_obs_pack=11.190s env_step=6611.567s feedback_total=46.604s feedback_obs_pack=15.427s feedback_info_pack=0.807s effective_fps=63.09
2026-09-28 15:54:48.605 | INFO     | plugrl_env_client.runner.rollout:log_timing_summary:98 - Intermediate rollout timing summary: env_steps=1042137 infer_calls=261629 feedback_calls=261628 infer_wait=9841.992s infer_obs_pack=10.892s env_step=6617.638s feedback_total=46.716s feedback_obs_pack=15.132s feedback_info_pack=0.826s effective_fps=63.09
2026-09-28 15:54:48.610 | INFO     | plugrl_env_client.runner.rollout:log_timing_summary:98 - Intermediate rollout timing summary: env_steps=1042114 infer_calls=261629 feedback_calls=261628 infer_wait=9848.434s infer_obs_pack=10.943s env_step=6611.029s feedback_total=46.789s feedback_obs_pack=15.355s feedback_info_pack=0.826s effective_fps=63.09
2026-09-28 15:55:18.611 | INFO     | plugrl_env_client.runner.rollout:log_timing_summary:98 - Intermediate rollout timing summary: env_steps=1045389 infer_calls=262450 feedback_calls=262449 infer_wait=9857.204s infer_obs_pack=10.977s env_step=6631.953s feedback_total=46.937s feedback_obs_pack=15.404s feedback_info_pack=0.829s effective_fps=63.18
2026-09-28 15:55:18.614 | INFO     | plugrl_env_client.runner.rollout:log_timing_summary:98 - Intermediate rollout timing summary: env_steps=1045326 infer_calls=262450 feedback_calls=262449 infer_wait=9855.558s infer_obs_pack=11.225s env_step=6632.708s feedback_total=46.748s feedback_obs_pack=15.475s feedback_info_pack=0.810s effective_fps=63.18
2026-09-28 15:55:18.614 | INFO     | plugrl_env_client.runner.rollout:log_timing_summary:98 - Intermediate rollout timing summary: env_steps=1045401 infer_calls=262450 feedback_calls=262449 infer_wait=9850.538s infer_obs_pack=10.925s env_step=6638.792s feedback_total=46.863s feedback_obs_pack=15.179s feedback_info_pack=0.828s effective_fps=63.18
2026-09-28 15:55:48.612 | INFO     | plugrl_env_client.runner.rollout:log_timing_summary:98 - Intermediate rollout timing summary: env_steps=1048651 infer_calls=263268 feedback_calls=263267 infer_wait=9865.537s infer_obs_pack=11.011s env_step=6653.321s feedback_total=47.083s feedback_obs_pack=15.451s feedback_info_pack=0.831s effective_fps=63.26
2026-09-28 15:55:48.616 | INFO     | plugrl_env_client.runner.rollout:log_timing_summary:98 - Intermediate rollout timing summary: env_steps=1048590 infer_calls=263268 feedback_calls=263267 infer_wait=9863.864s infer_obs_pack=11.259s env_step=6654.099s feedback_total=46.893s feedback_obs_pack=15.523s feedback_info_pack=0.812s effective_fps=63.26
2026-09-28 15:55:48.618 | INFO     | plugrl_env_client.runner.rollout:log_timing_summary:98 - Intermediate rollout timing summary: env_steps=1048663 infer_calls=263268 feedback_calls=263268 infer_wait=9859.158s infer_obs_pack=10.959s env_step=6659.866s feedback_total=47.012s feedback_obs_pack=15.227s feedback_info_pack=0.831s effective_fps=63.26
2026-09-28 15:58:07.684 | INFO     | plugrl_env_client.runner.rollout:log_timing_summary:98 - Intermediate rollout timing summary: env_steps=1051517 infer_calls=264002 feedback_calls=264001 infer_wait=9983.418s infer_obs_pack=11.291s env_step=6673.336s feedback_total=47.024s feedback_obs_pack=15.566s feedback_info_pack=0.814s effective_fps=62.91
2026-09-28 15:58:07.684 | INFO     | plugrl_env_client.runner.rollout:log_timing_summary:98 - Intermediate rollout timing summary: env_steps=1051570 infer_calls=264002 feedback_calls=264001 infer_wait=9986.047s infer_obs_pack=11.042s env_step=6671.603s feedback_total=47.218s feedback_obs_pack=15.495s feedback_info_pack=0.833s effective_fps=62.91
2026-09-28 15:58:07.684 | INFO     | plugrl_env_client.runner.rollout:log_timing_summary:98 - Intermediate rollout timing summary: env_steps=1051585 infer_calls=264002 feedback_calls=264001 infer_wait=9979.395s infer_obs_pack=10.989s env_step=6678.417s feedback_total=47.149s feedback_obs_pack=15.270s feedback_info_pack=0.833s effective_fps=62.91
2026-09-28 15:58:37.690 | INFO     | plugrl_env_client.runner.rollout:log_timing_summary:98 - Intermediate rollout timing summary: env_steps=1054730 infer_calls=264810 feedback_calls=264809 infer_wait=9992.392s infer_obs_pack=11.325s env_step=6694.057s feedback_total=47.166s feedback_obs_pack=15.615s feedback_info_pack=0.817s effective_fps=62.99
2026-09-28 15:58:37.690 | INFO     | plugrl_env_client.runner.rollout:log_timing_summary:98 - Intermediate rollout timing summary: env_steps=1054794 infer_calls=264810 feedback_calls=264809 infer_wait=9994.436s infer_obs_pack=11.075s env_step=6692.916s feedback_total=47.362s feedback_obs_pack=15.543s feedback_info_pack=0.836s effective_fps=62.99
2026-09-28 15:58:37.692 | INFO     | plugrl_env_client.runner.rollout:log_timing_summary:98 - Intermediate rollout timing summary: env_steps=1054803 infer_calls=264810 feedback_calls=264809 infer_wait=9987.972s infer_obs_pack=11.024s env_step=6699.534s feedback_total=47.297s feedback_obs_pack=15.318s feedback_info_pack=0.836s effective_fps=62.99
2026-09-28 15:59:07.691 | INFO     | plugrl_env_client.runner.rollout:log_timing_summary:98 - Intermediate rollout timing summary: env_steps=1058031 infer_calls=265622 feedback_calls=265621 infer_wait=10002.914s infer_obs_pack=11.109s env_step=6714.134s feedback_total=47.504s feedback_obs_pack=15.591s feedback_info_pack=0.839s effective_fps=63.07
2026-09-28 15:59:07.692 | INFO     | plugrl_env_client.runner.rollout:log_timing_summary:98 - Intermediate rollout timing summary: env_steps=1057968 infer_calls=265622 feedback_calls=265621 infer_wait=10001.281s infer_obs_pack=11.360s env_step=6714.852s feedback_total=47.313s feedback_obs_pack=15.663s feedback_info_pack=0.820s effective_fps=63.07
2026-09-28 15:59:07.698 | INFO     | plugrl_env_client.runner.rollout:log_timing_summary:98 - Intermediate rollout timing summary: env_steps=1058045 infer_calls=265622 feedback_calls=265622 infer_wait=9996.578s infer_obs_pack=11.058s env_step=6720.629s feedback_total=47.441s feedback_obs_pack=15.365s feedback_info_pack=0.838s effective_fps=63.07
2026-09-28 15:59:37.692 | INFO     | plugrl_env_client.runner.rollout:log_timing_summary:98 - Intermediate rollout timing summary: env_steps=1061298 infer_calls=266443 feedback_calls=266442 infer_wait=10011.753s infer_obs_pack=11.143s env_step=6734.985s feedback_total=47.651s feedback_obs_pack=15.640s feedback_info_pack=0.841s effective_fps=63.15
2026-09-28 15:59:37.694 | INFO     | plugrl_env_client.runner.rollout:log_timing_summary:98 - Intermediate rollout timing summary: env_steps=1061243 infer_calls=266443 feedback_calls=266442 infer_wait=10009.902s infer_obs_pack=11.395s env_step=6735.921s feedback_total=47.460s feedback_obs_pack=15.712s feedback_info_pack=0.822s effective_fps=63.15
2026-09-28 15:59:37.700 | INFO     | plugrl_env_client.runner.rollout:log_timing_summary:98 - Intermediate rollout timing summary: env_steps=1061323 infer_calls=266443 feedback_calls=266442 infer_wait=10004.583s infer_obs_pack=11.093s env_step=6742.326s feedback_total=47.587s feedback_obs_pack=15.413s feedback_info_pack=0.841s effective_fps=63.15
2026-09-28 16:00:07.700 | INFO     | plugrl_env_client.runner.rollout:log_timing_summary:98 - Intermediate rollout timing summary: env_steps=1064469 infer_calls=267253 feedback_calls=267252 infer_wait=10018.570s infer_obs_pack=11.429s env_step=6756.946s feedback_total=47.606s feedback_obs_pack=15.762s feedback_info_pack=0.825s effective_fps=63.23
2026-09-28 16:00:07.700 | INFO     | plugrl_env_client.runner.rollout:log_timing_summary:98 - Intermediate rollout timing summary: env_steps=1064527 infer_calls=267253 feedback_calls=267252 infer_wait=10020.544s infer_obs_pack=11.179s env_step=6755.885s feedback_total=47.798s feedback_obs_pack=15.688s feedback_info_pack=0.844s effective_fps=63.23
2026-09-28 16:00:07.702 | INFO     | plugrl_env_client.runner.rollout:log_timing_summary:98 - Intermediate rollout timing summary: env_steps=1064551 infer_calls=267253 feedback_calls=267252 infer_wait=10012.728s infer_obs_pack=11.127s env_step=6763.874s feedback_total=47.734s feedback_obs_pack=15.460s feedback_info_pack=0.843s effective_fps=63.23
2026-09-28 16:00:38.038 | INFO     | plugrl_env_client.runner.rollout:log_timing_summary:98 - Intermediate rollout timing summary: env_steps=1067528 infer_calls=268000 feedback_calls=267999 infer_wait=10023.757s infer_obs_pack=11.158s env_step=6782.901s feedback_total=47.867s feedback_obs_pack=15.504s feedback_info_pack=0.846s effective_fps=63.30
2026-09-28 16:00:38.041 | INFO     | plugrl_env_client.runner.rollout:log_timing_summary:98 - Intermediate rollout timing summary: env_steps=1067442 infer_calls=268000 feedback_calls=267999 infer_wait=10029.797s infer_obs_pack=11.461s env_step=6775.778s feedback_total=47.737s feedback_obs_pack=15.806s feedback_info_pack=0.827s effective_fps=63.29
2026-09-28 16:00:38.042 | INFO     | plugrl_env_client.runner.rollout:log_timing_summary:98 - Intermediate rollout timing summary: env_steps=1067500 infer_calls=268000 feedback_calls=267999 infer_wait=10031.280s infer_obs_pack=11.210s env_step=6775.212s feedback_total=47.932s feedback_obs_pack=15.733s feedback_info_pack=0.846s effective_fps=63.29
2026-09-28 16:02:27.206 | INFO     | plugrl_env_client.runner.rollout:log_timing_summary:98 - Final rollout timing summary: env_steps=1067503 infer_calls=268000 feedback_calls=268000 infer_wait=10031.280s infer_obs_pack=11.210s env_step=6775.233s feedback_total=47.932s feedback_obs_pack=15.733s feedback_info_pack=0.846s effective_fps=63.29
2026-09-28 16:02:27.206 | INFO     | plugrl_env_client.runner.run:run:156 - Server signalled the end of the run; collection stopped after 4406/100000000 episodes.
2026-09-28 16:02:27.206 | INFO     | plugrl_env_client.runner.rollout:log_timing_summary:98 - Final rollout timing summary: env_steps=1067445 infer_calls=268000 feedback_calls=268000 infer_wait=10029.797s infer_obs_pack=11.461s env_step=6775.798s feedback_total=47.737s feedback_obs_pack=15.806s feedback_info_pack=0.827s effective_fps=63.29
2026-09-28 16:02:27.206 | INFO     | plugrl_env_client.runner.run:run:156 - Server signalled the end of the run; collection stopped after 4403/100000000 episodes.
Created environment with name NutAssemblySquare
Action size is 7
2026-09-28 16:02:27.206 | INFO     | plugrl_env_client.runner.rollout:log_timing_summary:98 - Final rollout timing summary: env_steps=1067531 infer_calls=268000 feedback_calls=268000 infer_wait=10023.757s infer_obs_pack=11.158s env_step=6782.921s feedback_total=47.868s feedback_obs_pack=15.504s feedback_info_pack=0.846s effective_fps=63.30
2026-09-28 16:02:27.206 | INFO     | plugrl_env_client.runner.run:run:156 - Server signalled the end of the run; collection stopped after 4407/100000000 episodes.
Created environment with name NutAssemblySquare
Action size is 7
Created environment with name NutAssemblySquare
Action size is 7
Exception ignored in: <function MjRenderContext.__del__ at 0x77bec0db93a0>
Traceback (most recent call last):
  File "/home/guangzhao/zuogou/plugrl/plugrl-env-client/.venv-robomimic/lib/python3.11/site-packages/robosuite/utils/binding_utils.py", line 199, in __del__
    self.gl_ctx.free()
  File "/home/guangzhao/zuogou/plugrl/plugrl-env-client/.venv-robomimic/lib/python3.11/site-packages/robosuite/renderers/context/egl_context.py", line 149, in free
    EGL.eglMakeCurrent(EGL_DISPLAY, EGL.EGL_NO_SURFACE, EGL.EGL_NO_SURFACE, EGL.EGL_NO_CONTEXT)
  File "/home/guangzhao/zuogou/plugrl/plugrl-env-client/.venv-robomimic/lib/python3.11/site-packages/OpenGL/error.py", line 228, in glCheckError
    raise GLError(
Exception ignored in: <function MjRenderContext.__del__ at 0x74af871b53a0>
Traceback (most recent call last):
  File "/home/guangzhao/zuogou/plugrl/plugrl-env-client/.venv-robomimic/lib/python3.11/site-packages/robosuite/utils/binding_utils.py", line 199, in __del__
    self.gl_ctx.free()
  File "/home/guangzhao/zuogou/plugrl/plugrl-env-client/.venv-robomimic/lib/python3.11/site-packages/robosuite/renderers/context/egl_context.py", line 149, in free
    EGL.eglMakeCurrent(EGL_DISPLAY, EGL.EGL_NO_SURFACE, EGL.EGL_NO_SURFACE, EGL.EGL_NO_CONTEXT)
  File "/home/guangzhao/zuogou/plugrl/plugrl-env-client/.venv-robomimic/lib/python3.11/site-packages/OpenGL/error.py", line 228, in glCheckError
    raise GLError(
Exception ignored in: <function MjRenderContext.__del__ at 0x74318ab953a0>
Traceback (most recent call last):
  File "/home/guangzhao/zuogou/plugrl/plugrl-env-client/.venv-robomimic/lib/python3.11/site-packages/robosuite/utils/binding_utils.py", line 199, in __del__
    self.gl_ctx.free()
  File "/home/guangzhao/zuogou/plugrl/plugrl-env-client/.venv-robomimic/lib/python3.11/site-packages/robosuite/renderers/context/egl_context.py", line 149, in free
    EGL.eglMakeCurrent(EGL_DISPLAY, EGL.EGL_NO_SURFACE, EGL.EGL_NO_SURFACE, EGL.EGL_NO_CONTEXT)
  File "/home/guangzhao/zuogou/plugrl/plugrl-env-client/.venv-robomimic/lib/python3.11/site-packages/OpenGL/error.py", line 228, in glCheckError
    raise GLError(
OpenGL.error.GLError: GLError(
	err = 12289,
	baseOperation = eglMakeCurrent,
	cArguments = (
		<OpenGL._opaque.EGLDisplay_pointer object at 0x77be975a24e0>,
		<OpenGL._opaque.EGLSurface_pointer object at 0x77bec57756d0>,
		<OpenGL._opaque.EGLSurface_pointer object at 0x77bec57756d0>,
		<OpenGL._opaque.EGLContext_pointer object at 0x77bec57755b0>,
	),
	result = 0
)
Exception ignored in: <function EGLGLContext.__del__ at 0x77bec0db9260>
Traceback (most recent call last):
  File "/home/guangzhao/zuogou/plugrl/plugrl-env-client/.venv-robomimic/lib/python3.11/site-packages/robosuite/renderers/context/egl_context.py", line 155, in __del__
    self.free()
  File "/home/guangzhao/zuogou/plugrl/plugrl-env-client/.venv-robomimic/lib/python3.11/site-packages/robosuite/renderers/context/egl_context.py", line 149, in free
    EGL.eglMakeCurrent(EGL_DISPLAY, EGL.EGL_NO_SURFACE, EGL.EGL_NO_SURFACE, EGL.EGL_NO_CONTEXT)
  File "/home/guangzhao/zuogou/plugrl/plugrl-env-client/.venv-robomimic/lib/python3.11/site-packages/OpenGL/error.py", line 228, in glCheckError
    raise GLError(
OpenGL.error.GLError: GLError(
	err = 12289,
	baseOperation = eglMakeCurrent,
	cArguments = (
		<OpenGL._opaque.EGLDisplay_pointer object at 0x77be975a24e0>,
		<OpenGL._opaque.EGLSurface_pointer object at 0x77bec57756d0>,
		<OpenGL._opaque.EGLSurface_pointer object at 0x77bec57756d0>,
		<OpenGL._opaque.EGLContext_pointer object at 0x77bec57755b0>,
	),
	result = 0
)
OpenGL.error.GLError: GLError(
	err = 12289,
	baseOperation = eglMakeCurrent,
	cArguments = (
		<OpenGL._opaque.EGLDisplay_pointer object at 0x74316137e4e0>,
		<OpenGL._opaque.EGLSurface_pointer object at 0x74318f54d6d0>,
		<OpenGL._opaque.EGLSurface_pointer object at 0x74318f54d6d0>,
		<OpenGL._opaque.EGLContext_pointer object at 0x74318f54d5b0>,
	),
	result = 0
)
Exception ignored in: <function EGLGLContext.__del__ at 0x74318ab95260>
Traceback (most recent call last):
  File "/home/guangzhao/zuogou/plugrl/plugrl-env-client/.venv-robomimic/lib/python3.11/site-packages/robosuite/renderers/context/egl_context.py", line 155, in __del__
    self.free()
  File "/home/guangzhao/zuogou/plugrl/plugrl-env-client/.venv-robomimic/lib/python3.11/site-packages/robosuite/renderers/context/egl_context.py", line 149, in free
    EGL.eglMakeCurrent(EGL_DISPLAY, EGL.EGL_NO_SURFACE, EGL.EGL_NO_SURFACE, EGL.EGL_NO_CONTEXT)
  File "/home/guangzhao/zuogou/plugrl/plugrl-env-client/.venv-robomimic/lib/python3.11/site-packages/OpenGL/error.py", line 228, in glCheckError
    raise GLError(
OpenGL.error.GLError: GLError(
	err = 12289,
	baseOperation = eglMakeCurrent,
	cArguments = (
		<OpenGL._opaque.EGLDisplay_pointer object at 0x74316137e4e0>,
		<OpenGL._opaque.EGLSurface_pointer object at 0x74318f54d6d0>,
		<OpenGL._opaque.EGLSurface_pointer object at 0x74318f54d6d0>,
		<OpenGL._opaque.EGLContext_pointer object at 0x74318f54d5b0>,
	),
	result = 0
)
OpenGL.error.GLError: GLError(
	err = 12289,
	baseOperation = eglMakeCurrent,
	cArguments = (
		<OpenGL._opaque.EGLDisplay_pointer object at 0x74af5d99e4e0>,
		<OpenGL._opaque.EGLSurface_pointer object at 0x74af8bb6d6d0>,
		<OpenGL._opaque.EGLSurface_pointer object at 0x74af8bb6d6d0>,
		<OpenGL._opaque.EGLContext_pointer object at 0x74af8bb6d5b0>,
	),
	result = 0
)
Exception ignored in: <function EGLGLContext.__del__ at 0x74af871b5260>
Traceback (most recent call last):
  File "/home/guangzhao/zuogou/plugrl/plugrl-env-client/.venv-robomimic/lib/python3.11/site-packages/robosuite/renderers/context/egl_context.py", line 155, in __del__
    self.free()
  File "/home/guangzhao/zuogou/plugrl/plugrl-env-client/.venv-robomimic/lib/python3.11/site-packages/robosuite/renderers/context/egl_context.py", line 149, in free
    EGL.eglMakeCurrent(EGL_DISPLAY, EGL.EGL_NO_SURFACE, EGL.EGL_NO_SURFACE, EGL.EGL_NO_CONTEXT)
  File "/home/guangzhao/zuogou/plugrl/plugrl-env-client/.venv-robomimic/lib/python3.11/site-packages/OpenGL/error.py", line 228, in glCheckError
    raise GLError(
OpenGL.error.GLError: GLError(
	err = 12289,
	baseOperation = eglMakeCurrent,
	cArguments = (
		<OpenGL._opaque.EGLDisplay_pointer object at 0x74af5d99e4e0>,
		<OpenGL._opaque.EGLSurface_pointer object at 0x74af8bb6d6d0>,
		<OpenGL._opaque.EGLSurface_pointer object at 0x74af8bb6d6d0>,
		<OpenGL._opaque.EGLContext_pointer object at 0x74af8bb6d5b0>,
	),
	result = 0
)
