2026-10-01 23:25:38.167 | WARNING  | plugrl_env_client.envs:_load_env_modules:27 - Skip loading env module plugrl_env_client.envs.classic.classic_env: pygame is not installed. Please install it with pip install "plugrl-env-client[classic]".
2026-10-01 23:25:38.167 | WARNING  | plugrl_env_client.envs:_load_env_modules:27 - Skip loading env module plugrl_env_client.envs.atari.atari_env: Atari is not installed. Please install it with the 'atari' extra, e.g. 'pip install plugrl-env-client[atari]'
2026-10-01 23:25:38.167 | WARNING  | plugrl_env_client.envs:_load_env_modules:27 - Skip loading env module plugrl_env_client.envs.d4rl.d4rl_env: d4rl is not installed. Please install it with pip install "plugrl-env-client[d4rl]".
2026-10-01 23:25:38.168 | WARNING  | plugrl_env_client.envs:_load_env_modules:27 - Skip loading env module plugrl_env_client.envs.libero.libero_env: libero is not installed. Please install it with pip install "plugrl-env-client[libero]".
2026-10-01 23:25:38.168 | WARNING  | plugrl_env_client.envs:_load_env_modules:27 - Skip loading env module plugrl_env_client.envs.robomimic.robomimic_env: Robomimic is not installed. Please install it with the 'robomimic' extra, e.g. 'pip install plugrl-env-client[robomimic]'
2026-10-01 23:25:38.210 | INFO     | __main__:main:87 - Starting env client exp_name=rlinf-clients output_dir=runs/rlinf-clients recorder={'episode_freq': 0, 'thread0_only': True, 'record_video': False, 'video_fps': 30.0, 'record_full_rollout': False, 'record_obs_stats': True, 'record_episode_metrics': True, 'metric_window': 100}
2026-10-01 23:25:38.317 | WARNING  | plugrl_env_client.envs:_load_env_modules:27 - Skip loading env module plugrl_env_client.envs.classic.classic_env: pygame is not installed. Please install it with pip install "plugrl-env-client[classic]".
2026-10-01 23:25:38.318 | WARNING  | plugrl_env_client.envs:_load_env_modules:27 - Skip loading env module plugrl_env_client.envs.atari.atari_env: Atari is not installed. Please install it with the 'atari' extra, e.g. 'pip install plugrl-env-client[atari]'
2026-10-01 23:25:38.318 | WARNING  | plugrl_env_client.envs:_load_env_modules:27 - Skip loading env module plugrl_env_client.envs.d4rl.d4rl_env: d4rl is not installed. Please install it with pip install "plugrl-env-client[d4rl]".
2026-10-01 23:25:38.318 | WARNING  | plugrl_env_client.envs:_load_env_modules:27 - Skip loading env module plugrl_env_client.envs.libero.libero_env: libero is not installed. Please install it with pip install "plugrl-env-client[libero]".
2026-10-01 23:25:38.319 | WARNING  | plugrl_env_client.envs:_load_env_modules:27 - Skip loading env module plugrl_env_client.envs.robomimic.robomimic_env: Robomimic is not installed. Please install it with the 'robomimic' extra, e.g. 'pip install plugrl-env-client[robomimic]'
2026-10-01 23:25:38.323 | WARNING  | plugrl_env_client.envs:_load_env_modules:27 - Skip loading env module plugrl_env_client.envs.classic.classic_env: pygame is not installed. Please install it with pip install "plugrl-env-client[classic]".
2026-10-01 23:25:38.323 | WARNING  | plugrl_env_client.envs:_load_env_modules:27 - Skip loading env module plugrl_env_client.envs.atari.atari_env: Atari is not installed. Please install it with the 'atari' extra, e.g. 'pip install plugrl-env-client[atari]'
2026-10-01 23:25:38.323 | WARNING  | plugrl_env_client.envs:_load_env_modules:27 - Skip loading env module plugrl_env_client.envs.d4rl.d4rl_env: d4rl is not installed. Please install it with pip install "plugrl-env-client[d4rl]".
2026-10-01 23:25:38.324 | WARNING  | plugrl_env_client.envs:_load_env_modules:27 - Skip loading env module plugrl_env_client.envs.libero.libero_env: libero is not installed. Please install it with pip install "plugrl-env-client[libero]".
2026-10-01 23:25:38.324 | WARNING  | plugrl_env_client.envs:_load_env_modules:27 - Skip loading env module plugrl_env_client.envs.robomimic.robomimic_env: Robomimic is not installed. Please install it with the 'robomimic' extra, e.g. 'pip install plugrl-env-client[robomimic]'
2026-10-01 23:25:38.333 | WARNING  | plugrl_env_client.envs:_load_env_modules:27 - Skip loading env module plugrl_env_client.envs.classic.classic_env: pygame is not installed. Please install it with pip install "plugrl-env-client[classic]".
2026-10-01 23:25:38.333 | WARNING  | plugrl_env_client.envs:_load_env_modules:27 - Skip loading env module plugrl_env_client.envs.atari.atari_env: Atari is not installed. Please install it with the 'atari' extra, e.g. 'pip install plugrl-env-client[atari]'
2026-10-01 23:25:38.333 | WARNING  | plugrl_env_client.envs:_load_env_modules:27 - Skip loading env module plugrl_env_client.envs.classic.classic_env: pygame is not installed. Please install it with pip install "plugrl-env-client[classic]".
2026-10-01 23:25:38.333 | WARNING  | plugrl_env_client.envs:_load_env_modules:27 - Skip loading env module plugrl_env_client.envs.d4rl.d4rl_env: d4rl is not installed. Please install it with pip install "plugrl-env-client[d4rl]".
2026-10-01 23:25:38.333 | WARNING  | plugrl_env_client.envs:_load_env_modules:27 - Skip loading env module plugrl_env_client.envs.atari.atari_env: Atari is not installed. Please install it with the 'atari' extra, e.g. 'pip install plugrl-env-client[atari]'
2026-10-01 23:25:38.334 | WARNING  | plugrl_env_client.envs:_load_env_modules:27 - Skip loading env module plugrl_env_client.envs.libero.libero_env: libero is not installed. Please install it with pip install "plugrl-env-client[libero]".
2026-10-01 23:25:38.334 | WARNING  | plugrl_env_client.envs:_load_env_modules:27 - Skip loading env module plugrl_env_client.envs.d4rl.d4rl_env: d4rl is not installed. Please install it with pip install "plugrl-env-client[d4rl]".
2026-10-01 23:25:38.334 | WARNING  | plugrl_env_client.envs:_load_env_modules:27 - Skip loading env module plugrl_env_client.envs.libero.libero_env: libero is not installed. Please install it with pip install "plugrl-env-client[libero]".
2026-10-01 23:25:38.334 | WARNING  | plugrl_env_client.envs:_load_env_modules:27 - Skip loading env module plugrl_env_client.envs.robomimic.robomimic_env: Robomimic is not installed. Please install it with the 'robomimic' extra, e.g. 'pip install plugrl-env-client[robomimic]'
2026-10-01 23:25:38.334 | WARNING  | plugrl_env_client.envs:_load_env_modules:27 - Skip loading env module plugrl_env_client.envs.robomimic.robomimic_env: Robomimic is not installed. Please install it with the 'robomimic' extra, e.g. 'pip install plugrl-env-client[robomimic]'
2026-10-01 23:25:38.337 | WARNING  | plugrl_env_client.envs:_load_env_modules:27 - Skip loading env module plugrl_env_client.envs.classic.classic_env: pygame is not installed. Please install it with pip install "plugrl-env-client[classic]".
2026-10-01 23:25:38.337 | WARNING  | plugrl_env_client.envs:_load_env_modules:27 - Skip loading env module plugrl_env_client.envs.atari.atari_env: Atari is not installed. Please install it with the 'atari' extra, e.g. 'pip install plugrl-env-client[atari]'
2026-10-01 23:25:38.337 | WARNING  | plugrl_env_client.envs:_load_env_modules:27 - Skip loading env module plugrl_env_client.envs.d4rl.d4rl_env: d4rl is not installed. Please install it with pip install "plugrl-env-client[d4rl]".
2026-10-01 23:25:38.337 | WARNING  | plugrl_env_client.envs:_load_env_modules:27 - Skip loading env module plugrl_env_client.envs.libero.libero_env: libero is not installed. Please install it with pip install "plugrl-env-client[libero]".
2026-10-01 23:25:38.338 | WARNING  | plugrl_env_client.envs:_load_env_modules:27 - Skip loading env module plugrl_env_client.envs.robomimic.robomimic_env: Robomimic is not installed. Please install it with the 'robomimic' extra, e.g. 'pip install plugrl-env-client[robomimic]'
2026-10-01 23:25:38.338 | WARNING  | plugrl_env_client.envs:_load_env_modules:27 - Skip loading env module plugrl_env_client.envs.classic.classic_env: pygame is not installed. Please install it with pip install "plugrl-env-client[classic]".
2026-10-01 23:25:38.338 | WARNING  | plugrl_env_client.envs:_load_env_modules:27 - Skip loading env module plugrl_env_client.envs.atari.atari_env: Atari is not installed. Please install it with the 'atari' extra, e.g. 'pip install plugrl-env-client[atari]'
2026-10-01 23:25:38.339 | WARNING  | plugrl_env_client.envs:_load_env_modules:27 - Skip loading env module plugrl_env_client.envs.d4rl.d4rl_env: d4rl is not installed. Please install it with pip install "plugrl-env-client[d4rl]".
2026-10-01 23:25:38.339 | WARNING  | plugrl_env_client.envs:_load_env_modules:27 - Skip loading env module plugrl_env_client.envs.libero.libero_env: libero is not installed. Please install it with pip install "plugrl-env-client[libero]".
2026-10-01 23:25:38.339 | WARNING  | plugrl_env_client.envs:_load_env_modules:27 - Skip loading env module plugrl_env_client.envs.robomimic.robomimic_env: Robomimic is not installed. Please install it with the 'robomimic' extra, e.g. 'pip install plugrl-env-client[robomimic]'
2026-10-01 23:25:38.345 | WARNING  | plugrl_env_client.envs:_load_env_modules:27 - Skip loading env module plugrl_env_client.envs.classic.classic_env: pygame is not installed. Please install it with pip install "plugrl-env-client[classic]".
2026-10-01 23:25:38.345 | WARNING  | plugrl_env_client.envs:_load_env_modules:27 - Skip loading env module plugrl_env_client.envs.atari.atari_env: Atari is not installed. Please install it with the 'atari' extra, e.g. 'pip install plugrl-env-client[atari]'
2026-10-01 23:25:38.346 | WARNING  | plugrl_env_client.envs:_load_env_modules:27 - Skip loading env module plugrl_env_client.envs.d4rl.d4rl_env: d4rl is not installed. Please install it with pip install "plugrl-env-client[d4rl]".
2026-10-01 23:25:38.346 | WARNING  | plugrl_env_client.envs:_load_env_modules:27 - Skip loading env module plugrl_env_client.envs.libero.libero_env: libero is not installed. Please install it with pip install "plugrl-env-client[libero]".
2026-10-01 23:25:38.346 | WARNING  | plugrl_env_client.envs:_load_env_modules:27 - Skip loading env module plugrl_env_client.envs.robomimic.robomimic_env: Robomimic is not installed. Please install it with the 'robomimic' extra, e.g. 'pip install plugrl-env-client[robomimic]'
2026-10-01 23:25:38.349 | WARNING  | plugrl_env_client.envs:_load_env_modules:27 - Skip loading env module plugrl_env_client.envs.classic.classic_env: pygame is not installed. Please install it with pip install "plugrl-env-client[classic]".
2026-10-01 23:25:38.349 | WARNING  | plugrl_env_client.envs:_load_env_modules:27 - Skip loading env module plugrl_env_client.envs.classic.classic_env: pygame is not installed. Please install it with pip install "plugrl-env-client[classic]".
2026-10-01 23:25:38.349 | WARNING  | plugrl_env_client.envs:_load_env_modules:27 - Skip loading env module plugrl_env_client.envs.classic.classic_env: pygame is not installed. Please install it with pip install "plugrl-env-client[classic]".
2026-10-01 23:25:38.349 | WARNING  | plugrl_env_client.envs:_load_env_modules:27 - Skip loading env module plugrl_env_client.envs.atari.atari_env: Atari is not installed. Please install it with the 'atari' extra, e.g. 'pip install plugrl-env-client[atari]'
2026-10-01 23:25:38.349 | WARNING  | plugrl_env_client.envs:_load_env_modules:27 - Skip loading env module plugrl_env_client.envs.atari.atari_env: Atari is not installed. Please install it with the 'atari' extra, e.g. 'pip install plugrl-env-client[atari]'
2026-10-01 23:25:38.349 | WARNING  | plugrl_env_client.envs:_load_env_modules:27 - Skip loading env module plugrl_env_client.envs.atari.atari_env: Atari is not installed. Please install it with the 'atari' extra, e.g. 'pip install plugrl-env-client[atari]'
2026-10-01 23:25:38.350 | WARNING  | plugrl_env_client.envs:_load_env_modules:27 - Skip loading env module plugrl_env_client.envs.d4rl.d4rl_env: d4rl is not installed. Please install it with pip install "plugrl-env-client[d4rl]".
2026-10-01 23:25:38.350 | WARNING  | plugrl_env_client.envs:_load_env_modules:27 - Skip loading env module plugrl_env_client.envs.d4rl.d4rl_env: d4rl is not installed. Please install it with pip install "plugrl-env-client[d4rl]".
2026-10-01 23:25:38.350 | WARNING  | plugrl_env_client.envs:_load_env_modules:27 - Skip loading env module plugrl_env_client.envs.d4rl.d4rl_env: d4rl is not installed. Please install it with pip install "plugrl-env-client[d4rl]".
2026-10-01 23:25:38.350 | WARNING  | plugrl_env_client.envs:_load_env_modules:27 - Skip loading env module plugrl_env_client.envs.libero.libero_env: libero is not installed. Please install it with pip install "plugrl-env-client[libero]".
2026-10-01 23:25:38.350 | WARNING  | plugrl_env_client.envs:_load_env_modules:27 - Skip loading env module plugrl_env_client.envs.libero.libero_env: libero is not installed. Please install it with pip install "plugrl-env-client[libero]".
2026-10-01 23:25:38.350 | WARNING  | plugrl_env_client.envs:_load_env_modules:27 - Skip loading env module plugrl_env_client.envs.libero.libero_env: libero is not installed. Please install it with pip install "plugrl-env-client[libero]".
2026-10-01 23:25:38.351 | WARNING  | plugrl_env_client.envs:_load_env_modules:27 - Skip loading env module plugrl_env_client.envs.robomimic.robomimic_env: Robomimic is not installed. Please install it with the 'robomimic' extra, e.g. 'pip install plugrl-env-client[robomimic]'
2026-10-01 23:25:38.351 | WARNING  | plugrl_env_client.envs:_load_env_modules:27 - Skip loading env module plugrl_env_client.envs.robomimic.robomimic_env: Robomimic is not installed. Please install it with the 'robomimic' extra, e.g. 'pip install plugrl-env-client[robomimic]'
2026-10-01 23:25:38.351 | WARNING  | plugrl_env_client.envs:_load_env_modules:27 - Skip loading env module plugrl_env_client.envs.robomimic.robomimic_env: Robomimic is not installed. Please install it with the 'robomimic' extra, e.g. 'pip install plugrl-env-client[robomimic]'
2026-10-01 23:25:38.352 | WARNING  | plugrl_env_client.envs:_load_env_modules:27 - Skip loading env module plugrl_env_client.envs.classic.classic_env: pygame is not installed. Please install it with pip install "plugrl-env-client[classic]".
2026-10-01 23:25:38.352 | WARNING  | plugrl_env_client.envs:_load_env_modules:27 - Skip loading env module plugrl_env_client.envs.classic.classic_env: pygame is not installed. Please install it with pip install "plugrl-env-client[classic]".
2026-10-01 23:25:38.352 | WARNING  | plugrl_env_client.envs:_load_env_modules:27 - Skip loading env module plugrl_env_client.envs.classic.classic_env: pygame is not installed. Please install it with pip install "plugrl-env-client[classic]".
2026-10-01 23:25:38.352 | WARNING  | plugrl_env_client.envs:_load_env_modules:27 - Skip loading env module plugrl_env_client.envs.atari.atari_env: Atari is not installed. Please install it with the 'atari' extra, e.g. 'pip install plugrl-env-client[atari]'
2026-10-01 23:25:38.352 | WARNING  | plugrl_env_client.envs:_load_env_modules:27 - Skip loading env module plugrl_env_client.envs.atari.atari_env: Atari is not installed. Please install it with the 'atari' extra, e.g. 'pip install plugrl-env-client[atari]'
2026-10-01 23:25:38.352 | WARNING  | plugrl_env_client.envs:_load_env_modules:27 - Skip loading env module plugrl_env_client.envs.atari.atari_env: Atari is not installed. Please install it with the 'atari' extra, e.g. 'pip install plugrl-env-client[atari]'
2026-10-01 23:25:38.352 | WARNING  | plugrl_env_client.envs:_load_env_modules:27 - Skip loading env module plugrl_env_client.envs.d4rl.d4rl_env: d4rl is not installed. Please install it with pip install "plugrl-env-client[d4rl]".
2026-10-01 23:25:38.352 | WARNING  | plugrl_env_client.envs:_load_env_modules:27 - Skip loading env module plugrl_env_client.envs.d4rl.d4rl_env: d4rl is not installed. Please install it with pip install "plugrl-env-client[d4rl]".
2026-10-01 23:25:38.352 | WARNING  | plugrl_env_client.envs:_load_env_modules:27 - Skip loading env module plugrl_env_client.envs.d4rl.d4rl_env: d4rl is not installed. Please install it with pip install "plugrl-env-client[d4rl]".
2026-10-01 23:25:38.353 | WARNING  | plugrl_env_client.envs:_load_env_modules:27 - Skip loading env module plugrl_env_client.envs.libero.libero_env: libero is not installed. Please install it with pip install "plugrl-env-client[libero]".
2026-10-01 23:25:38.353 | WARNING  | plugrl_env_client.envs:_load_env_modules:27 - Skip loading env module plugrl_env_client.envs.libero.libero_env: libero is not installed. Please install it with pip install "plugrl-env-client[libero]".
2026-10-01 23:25:38.353 | WARNING  | plugrl_env_client.envs:_load_env_modules:27 - Skip loading env module plugrl_env_client.envs.libero.libero_env: libero is not installed. Please install it with pip install "plugrl-env-client[libero]".
2026-10-01 23:25:38.353 | WARNING  | plugrl_env_client.envs:_load_env_modules:27 - Skip loading env module plugrl_env_client.envs.robomimic.robomimic_env: Robomimic is not installed. Please install it with the 'robomimic' extra, e.g. 'pip install plugrl-env-client[robomimic]'
2026-10-01 23:25:38.353 | WARNING  | plugrl_env_client.envs:_load_env_modules:27 - Skip loading env module plugrl_env_client.envs.robomimic.robomimic_env: Robomimic is not installed. Please install it with the 'robomimic' extra, e.g. 'pip install plugrl-env-client[robomimic]'
2026-10-01 23:25:38.353 | WARNING  | plugrl_env_client.envs:_load_env_modules:27 - Skip loading env module plugrl_env_client.envs.robomimic.robomimic_env: Robomimic is not installed. Please install it with the 'robomimic' extra, e.g. 'pip install plugrl-env-client[robomimic]'
2026-10-01 23:25:38.353 | WARNING  | plugrl_env_client.envs:_load_env_modules:27 - Skip loading env module plugrl_env_client.envs.classic.classic_env: pygame is not installed. Please install it with pip install "plugrl-env-client[classic]".
2026-10-01 23:25:38.354 | WARNING  | plugrl_env_client.envs:_load_env_modules:27 - Skip loading env module plugrl_env_client.envs.atari.atari_env: Atari is not installed. Please install it with the 'atari' extra, e.g. 'pip install plugrl-env-client[atari]'
2026-10-01 23:25:38.354 | WARNING  | plugrl_env_client.envs:_load_env_modules:27 - Skip loading env module plugrl_env_client.envs.d4rl.d4rl_env: d4rl is not installed. Please install it with pip install "plugrl-env-client[d4rl]".
2026-10-01 23:25:38.354 | WARNING  | plugrl_env_client.envs:_load_env_modules:27 - Skip loading env module plugrl_env_client.envs.libero.libero_env: libero is not installed. Please install it with pip install "plugrl-env-client[libero]".
2026-10-01 23:25:38.355 | WARNING  | plugrl_env_client.envs:_load_env_modules:27 - Skip loading env module plugrl_env_client.envs.robomimic.robomimic_env: Robomimic is not installed. Please install it with the 'robomimic' extra, e.g. 'pip install plugrl-env-client[robomimic]'
2026-10-01 23:25:38.356 | WARNING  | plugrl_env_client.envs:_load_env_modules:27 - Skip loading env module plugrl_env_client.envs.classic.classic_env: pygame is not installed. Please install it with pip install "plugrl-env-client[classic]".
2026-10-01 23:25:38.356 | WARNING  | plugrl_env_client.envs:_load_env_modules:27 - Skip loading env module plugrl_env_client.envs.classic.classic_env: pygame is not installed. Please install it with pip install "plugrl-env-client[classic]".
2026-10-01 23:25:38.356 | WARNING  | plugrl_env_client.envs:_load_env_modules:27 - Skip loading env module plugrl_env_client.envs.atari.atari_env: Atari is not installed. Please install it with the 'atari' extra, e.g. 'pip install plugrl-env-client[atari]'
2026-10-01 23:25:38.356 | WARNING  | plugrl_env_client.envs:_load_env_modules:27 - Skip loading env module plugrl_env_client.envs.atari.atari_env: Atari is not installed. Please install it with the 'atari' extra, e.g. 'pip install plugrl-env-client[atari]'
2026-10-01 23:25:38.356 | WARNING  | plugrl_env_client.envs:_load_env_modules:27 - Skip loading env module plugrl_env_client.envs.d4rl.d4rl_env: d4rl is not installed. Please install it with pip install "plugrl-env-client[d4rl]".
2026-10-01 23:25:38.356 | WARNING  | plugrl_env_client.envs:_load_env_modules:27 - Skip loading env module plugrl_env_client.envs.d4rl.d4rl_env: d4rl is not installed. Please install it with pip install "plugrl-env-client[d4rl]".
2026-10-01 23:25:38.356 | WARNING  | plugrl_env_client.envs:_load_env_modules:27 - Skip loading env module plugrl_env_client.envs.libero.libero_env: libero is not installed. Please install it with pip install "plugrl-env-client[libero]".
2026-10-01 23:25:38.356 | WARNING  | plugrl_env_client.envs:_load_env_modules:27 - Skip loading env module plugrl_env_client.envs.libero.libero_env: libero is not installed. Please install it with pip install "plugrl-env-client[libero]".
2026-10-01 23:25:38.357 | WARNING  | plugrl_env_client.envs:_load_env_modules:27 - Skip loading env module plugrl_env_client.envs.robomimic.robomimic_env: Robomimic is not installed. Please install it with the 'robomimic' extra, e.g. 'pip install plugrl-env-client[robomimic]'
2026-10-01 23:25:38.357 | WARNING  | plugrl_env_client.envs:_load_env_modules:27 - Skip loading env module plugrl_env_client.envs.robomimic.robomimic_env: Robomimic is not installed. Please install it with the 'robomimic' extra, e.g. 'pip install plugrl-env-client[robomimic]'
2026-10-01 23:25:38.391 | INFO     | plugrl_env_client.agent.websocket_env_client_agent:_wait_for_server:203 - Waiting for server at ws://127.0.0.1:8800...
2026-10-01 23:25:38.392 | WARNING  | plugrl_env_client.agent.websocket_env_client_agent:_wait_for_server:252 - Server not available or connection failed. Retrying in 5 seconds...
2026-10-01 23:25:38.399 | INFO     | plugrl_env_client.agent.websocket_env_client_agent:_wait_for_server:203 - Waiting for server at ws://127.0.0.1:8800...
2026-10-01 23:25:38.400 | WARNING  | plugrl_env_client.agent.websocket_env_client_agent:_wait_for_server:252 - Server not available or connection failed. Retrying in 5 seconds...
2026-10-01 23:25:38.403 | INFO     | plugrl_env_client.agent.websocket_env_client_agent:_wait_for_server:203 - Waiting for server at ws://127.0.0.1:8800...
2026-10-01 23:25:38.404 | WARNING  | plugrl_env_client.agent.websocket_env_client_agent:_wait_for_server:252 - Server not available or connection failed. Retrying in 5 seconds...
2026-10-01 23:25:38.404 | INFO     | plugrl_env_client.agent.websocket_env_client_agent:_wait_for_server:203 - Waiting for server at ws://127.0.0.1:8800...
2026-10-01 23:25:38.405 | WARNING  | plugrl_env_client.agent.websocket_env_client_agent:_wait_for_server:252 - Server not available or connection failed. Retrying in 5 seconds...
2026-10-01 23:25:38.417 | INFO     | plugrl_env_client.agent.websocket_env_client_agent:_wait_for_server:203 - Waiting for server at ws://127.0.0.1:8800...
2026-10-01 23:25:38.418 | WARNING  | plugrl_env_client.agent.websocket_env_client_agent:_wait_for_server:252 - Server not available or connection failed. Retrying in 5 seconds...
2026-10-01 23:25:38.419 | INFO     | plugrl_env_client.agent.websocket_env_client_agent:_wait_for_server:203 - Waiting for server at ws://127.0.0.1:8800...
2026-10-01 23:25:38.420 | INFO     | plugrl_env_client.agent.websocket_env_client_agent:_wait_for_server:203 - Waiting for server at ws://127.0.0.1:8800...
2026-10-01 23:25:38.420 | WARNING  | plugrl_env_client.agent.websocket_env_client_agent:_wait_for_server:252 - Server not available or connection failed. Retrying in 5 seconds...
2026-10-01 23:25:38.420 | WARNING  | plugrl_env_client.agent.websocket_env_client_agent:_wait_for_server:252 - Server not available or connection failed. Retrying in 5 seconds...
2026-10-01 23:25:38.425 | INFO     | plugrl_env_client.agent.websocket_env_client_agent:_wait_for_server:203 - Waiting for server at ws://127.0.0.1:8800...
2026-10-01 23:25:38.426 | WARNING  | plugrl_env_client.agent.websocket_env_client_agent:_wait_for_server:252 - Server not available or connection failed. Retrying in 5 seconds...
2026-10-01 23:25:38.426 | INFO     | plugrl_env_client.agent.websocket_env_client_agent:_wait_for_server:203 - Waiting for server at ws://127.0.0.1:8800...
2026-10-01 23:25:38.427 | WARNING  | plugrl_env_client.agent.websocket_env_client_agent:_wait_for_server:252 - Server not available or connection failed. Retrying in 5 seconds...
2026-10-01 23:25:38.428 | INFO     | plugrl_env_client.agent.websocket_env_client_agent:_wait_for_server:203 - Waiting for server at ws://127.0.0.1:8800...
2026-10-01 23:25:38.429 | WARNING  | plugrl_env_client.agent.websocket_env_client_agent:_wait_for_server:252 - Server not available or connection failed. Retrying in 5 seconds...
2026-10-01 23:25:38.432 | INFO     | plugrl_env_client.agent.websocket_env_client_agent:_wait_for_server:203 - Waiting for server at ws://127.0.0.1:8800...
2026-10-01 23:25:38.432 | WARNING  | plugrl_env_client.agent.websocket_env_client_agent:_wait_for_server:252 - Server not available or connection failed. Retrying in 5 seconds...
2026-10-01 23:25:38.434 | INFO     | plugrl_env_client.agent.websocket_env_client_agent:_wait_for_server:203 - Waiting for server at ws://127.0.0.1:8800...
2026-10-01 23:25:38.435 | WARNING  | plugrl_env_client.agent.websocket_env_client_agent:_wait_for_server:252 - Server not available or connection failed. Retrying in 5 seconds...
2026-10-01 23:25:38.442 | INFO     | plugrl_env_client.agent.websocket_env_client_agent:_wait_for_server:203 - Waiting for server at ws://127.0.0.1:8800...
2026-10-01 23:25:38.443 | WARNING  | plugrl_env_client.agent.websocket_env_client_agent:_wait_for_server:252 - Server not available or connection failed. Retrying in 5 seconds...
2026-10-01 23:25:38.460 | INFO     | plugrl_env_client.agent.websocket_env_client_agent:_wait_for_server:203 - Waiting for server at ws://127.0.0.1:8800...
2026-10-01 23:25:38.461 | INFO     | plugrl_env_client.agent.websocket_env_client_agent:_wait_for_server:203 - Waiting for server at ws://127.0.0.1:8800...
2026-10-01 23:25:38.461 | WARNING  | plugrl_env_client.agent.websocket_env_client_agent:_wait_for_server:252 - Server not available or connection failed. Retrying in 5 seconds...
2026-10-01 23:25:38.462 | WARNING  | plugrl_env_client.agent.websocket_env_client_agent:_wait_for_server:252 - Server not available or connection failed. Retrying in 5 seconds...
2026-10-01 23:25:38.464 | INFO     | plugrl_env_client.agent.websocket_env_client_agent:_wait_for_server:203 - Waiting for server at ws://127.0.0.1:8800...
2026-10-01 23:25:38.465 | WARNING  | plugrl_env_client.agent.websocket_env_client_agent:_wait_for_server:252 - Server not available or connection failed. Retrying in 5 seconds...
2026-10-01 23:25:43.393 | WARNING  | plugrl_env_client.agent.websocket_env_client_agent:_wait_for_server:252 - Server not available or connection failed. Retrying in 5 seconds...
2026-10-01 23:25:43.401 | WARNING  | plugrl_env_client.agent.websocket_env_client_agent:_wait_for_server:252 - Server not available or connection failed. Retrying in 5 seconds...
2026-10-01 23:25:43.405 | WARNING  | plugrl_env_client.agent.websocket_env_client_agent:_wait_for_server:252 - Server not available or connection failed. Retrying in 5 seconds...
2026-10-01 23:25:43.406 | WARNING  | plugrl_env_client.agent.websocket_env_client_agent:_wait_for_server:252 - Server not available or connection failed. Retrying in 5 seconds...
2026-10-01 23:25:43.419 | WARNING  | plugrl_env_client.agent.websocket_env_client_agent:_wait_for_server:252 - Server not available or connection failed. Retrying in 5 seconds...
2026-10-01 23:25:43.421 | WARNING  | plugrl_env_client.agent.websocket_env_client_agent:_wait_for_server:252 - Server not available or connection failed. Retrying in 5 seconds...
2026-10-01 23:25:43.421 | WARNING  | plugrl_env_client.agent.websocket_env_client_agent:_wait_for_server:252 - Server not available or connection failed. Retrying in 5 seconds...
2026-10-01 23:25:43.426 | WARNING  | plugrl_env_client.agent.websocket_env_client_agent:_wait_for_server:252 - Server not available or connection failed. Retrying in 5 seconds...
2026-10-01 23:25:43.428 | WARNING  | plugrl_env_client.agent.websocket_env_client_agent:_wait_for_server:252 - Server not available or connection failed. Retrying in 5 seconds...
2026-10-01 23:25:43.430 | WARNING  | plugrl_env_client.agent.websocket_env_client_agent:_wait_for_server:252 - Server not available or connection failed. Retrying in 5 seconds...
2026-10-01 23:25:43.433 | WARNING  | plugrl_env_client.agent.websocket_env_client_agent:_wait_for_server:252 - Server not available or connection failed. Retrying in 5 seconds...
2026-10-01 23:25:43.436 | WARNING  | plugrl_env_client.agent.websocket_env_client_agent:_wait_for_server:252 - Server not available or connection failed. Retrying in 5 seconds...
2026-10-01 23:25:43.443 | WARNING  | plugrl_env_client.agent.websocket_env_client_agent:_wait_for_server:252 - Server not available or connection failed. Retrying in 5 seconds...
2026-10-01 23:25:43.461 | WARNING  | plugrl_env_client.agent.websocket_env_client_agent:_wait_for_server:252 - Server not available or connection failed. Retrying in 5 seconds...
2026-10-01 23:25:43.462 | WARNING  | plugrl_env_client.agent.websocket_env_client_agent:_wait_for_server:252 - Server not available or connection failed. Retrying in 5 seconds...
2026-10-01 23:25:43.465 | WARNING  | plugrl_env_client.agent.websocket_env_client_agent:_wait_for_server:252 - Server not available or connection failed. Retrying in 5 seconds...
2026-10-01 23:25:48.396 | INFO     | plugrl_env_client.runner.run:report_server_metadata:56 - Server metadata: {'protocol_version': 1, 'server': 'plugrl-rlinf', 'action_horizon': 1, 'action_dim': 6, 'num_envs': 16, 'lockstep': True, 'features': ['reuse-feedback-obs']}
2026-10-01 23:25:48.404 | INFO     | plugrl_env_client.runner.run:report_server_metadata:56 - Server metadata: {'protocol_version': 1, 'server': 'plugrl-rlinf', 'action_horizon': 1, 'action_dim': 6, 'num_envs': 16, 'lockstep': True, 'features': ['reuse-feedback-obs']}
2026-10-01 23:25:48.407 | INFO     | plugrl_env_client.runner.run:report_server_metadata:56 - Server metadata: {'protocol_version': 1, 'server': 'plugrl-rlinf', 'action_horizon': 1, 'action_dim': 6, 'num_envs': 16, 'lockstep': True, 'features': ['reuse-feedback-obs']}
2026-10-01 23:25:48.408 | INFO     | plugrl_env_client.runner.run:report_server_metadata:56 - Server metadata: {'protocol_version': 1, 'server': 'plugrl-rlinf', 'action_horizon': 1, 'action_dim': 6, 'num_envs': 16, 'lockstep': True, 'features': ['reuse-feedback-obs']}
2026-10-01 23:25:48.421 | INFO     | plugrl_env_client.runner.run:report_server_metadata:56 - Server metadata: {'protocol_version': 1, 'server': 'plugrl-rlinf', 'action_horizon': 1, 'action_dim': 6, 'num_envs': 16, 'lockstep': True, 'features': ['reuse-feedback-obs']}
2026-10-01 23:25:48.423 | INFO     | plugrl_env_client.runner.run:report_server_metadata:56 - Server metadata: {'protocol_version': 1, 'server': 'plugrl-rlinf', 'action_horizon': 1, 'action_dim': 6, 'num_envs': 16, 'lockstep': True, 'features': ['reuse-feedback-obs']}
2026-10-01 23:25:48.423 | INFO     | plugrl_env_client.runner.run:report_server_metadata:56 - Server metadata: {'protocol_version': 1, 'server': 'plugrl-rlinf', 'action_horizon': 1, 'action_dim': 6, 'num_envs': 16, 'lockstep': True, 'features': ['reuse-feedback-obs']}
2026-10-01 23:25:48.428 | INFO     | plugrl_env_client.runner.run:report_server_metadata:56 - Server metadata: {'protocol_version': 1, 'server': 'plugrl-rlinf', 'action_horizon': 1, 'action_dim': 6, 'num_envs': 16, 'lockstep': True, 'features': ['reuse-feedback-obs']}
2026-10-01 23:25:48.430 | INFO     | plugrl_env_client.runner.run:report_server_metadata:56 - Server metadata: {'protocol_version': 1, 'server': 'plugrl-rlinf', 'action_horizon': 1, 'action_dim': 6, 'num_envs': 16, 'lockstep': True, 'features': ['reuse-feedback-obs']}
2026-10-01 23:25:48.433 | INFO     | plugrl_env_client.runner.run:report_server_metadata:56 - Server metadata: {'protocol_version': 1, 'server': 'plugrl-rlinf', 'action_horizon': 1, 'action_dim': 6, 'num_envs': 16, 'lockstep': True, 'features': ['reuse-feedback-obs']}
2026-10-01 23:25:48.436 | INFO     | plugrl_env_client.runner.run:report_server_metadata:56 - Server metadata: {'protocol_version': 1, 'server': 'plugrl-rlinf', 'action_horizon': 1, 'action_dim': 6, 'num_envs': 16, 'lockstep': True, 'features': ['reuse-feedback-obs']}
2026-10-01 23:25:48.438 | INFO     | plugrl_env_client.runner.run:report_server_metadata:56 - Server metadata: {'protocol_version': 1, 'server': 'plugrl-rlinf', 'action_horizon': 1, 'action_dim': 6, 'num_envs': 16, 'lockstep': True, 'features': ['reuse-feedback-obs']}
2026-10-01 23:25:48.446 | INFO     | plugrl_env_client.runner.run:report_server_metadata:56 - Server metadata: {'protocol_version': 1, 'server': 'plugrl-rlinf', 'action_horizon': 1, 'action_dim': 6, 'num_envs': 16, 'lockstep': True, 'features': ['reuse-feedback-obs']}
2026-10-01 23:25:48.464 | INFO     | plugrl_env_client.runner.run:report_server_metadata:56 - Server metadata: {'protocol_version': 1, 'server': 'plugrl-rlinf', 'action_horizon': 1, 'action_dim': 6, 'num_envs': 16, 'lockstep': True, 'features': ['reuse-feedback-obs']}
2026-10-01 23:25:48.465 | INFO     | plugrl_env_client.runner.run:report_server_metadata:56 - Server metadata: {'protocol_version': 1, 'server': 'plugrl-rlinf', 'action_horizon': 1, 'action_dim': 6, 'num_envs': 16, 'lockstep': True, 'features': ['reuse-feedback-obs']}
2026-10-01 23:25:48.468 | INFO     | plugrl_env_client.runner.run:report_server_metadata:56 - Server metadata: {'protocol_version': 1, 'server': 'plugrl-rlinf', 'action_horizon': 1, 'action_dim': 6, 'num_envs': 16, 'lockstep': True, 'features': ['reuse-feedback-obs']}
2026-10-01 23:26:18.400 | INFO     | plugrl_env_client.runner.rollout:log_timing_summary:101 - Intermediate rollout timing summary: env_steps=1968 infer_calls=1968 feedback_calls=1968 infer_wait=29.290s infer_obs_pack=0.031s env_step=0.326s feedback_total=0.199s feedback_obs_pack=0.054s feedback_info_pack=0.009s effective_fps=65.94
2026-10-01 23:26:18.411 | INFO     | plugrl_env_client.runner.rollout:log_timing_summary:101 - Intermediate rollout timing summary: env_steps=1969 infer_calls=1969 feedback_calls=1969 infer_wait=29.328s infer_obs_pack=0.031s env_step=0.303s feedback_total=0.200s feedback_obs_pack=0.056s feedback_info_pack=0.009s effective_fps=65.94
2026-10-01 23:26:18.411 | INFO     | plugrl_env_client.runner.rollout:log_timing_summary:101 - Intermediate rollout timing summary: env_steps=1969 infer_calls=1969 feedback_calls=1969 infer_wait=29.304s infer_obs_pack=0.033s env_step=0.305s feedback_total=0.205s feedback_obs_pack=0.056s feedback_info_pack=0.009s effective_fps=65.97
2026-10-01 23:26:18.411 | INFO     | plugrl_env_client.runner.rollout:log_timing_summary:101 - Intermediate rollout timing summary: env_steps=1969 infer_calls=1969 feedback_calls=1969 infer_wait=29.322s infer_obs_pack=0.033s env_step=0.294s feedback_total=0.211s feedback_obs_pack=0.057s feedback_info_pack=0.009s effective_fps=65.94
2026-10-01 23:26:18.422 | INFO     | plugrl_env_client.runner.rollout:log_timing_summary:101 - Intermediate rollout timing summary: env_steps=1970 infer_calls=1970 feedback_calls=1970 infer_wait=29.299s infer_obs_pack=0.034s env_step=0.303s feedback_total=0.216s feedback_obs_pack=0.058s feedback_info_pack=0.010s effective_fps=65.99
2026-10-01 23:26:18.433 | INFO     | plugrl_env_client.runner.rollout:log_timing_summary:101 - Intermediate rollout timing summary: env_steps=1971 infer_calls=1971 feedback_calls=1971 infer_wait=29.335s infer_obs_pack=0.033s env_step=0.290s feedback_total=0.211s feedback_obs_pack=0.058s feedback_info_pack=0.010s effective_fps=65.99
2026-10-01 23:26:18.433 | INFO     | plugrl_env_client.runner.rollout:log_timing_summary:101 - Intermediate rollout timing summary: env_steps=1971 infer_calls=1971 feedback_calls=1971 infer_wait=29.352s infer_obs_pack=0.034s env_step=0.282s feedback_total=0.202s feedback_obs_pack=0.054s feedback_info_pack=0.009s effective_fps=65.99
2026-10-01 23:26:18.433 | INFO     | plugrl_env_client.runner.rollout:log_timing_summary:101 - Intermediate rollout timing summary: env_steps=1971 infer_calls=1971 feedback_calls=1971 infer_wait=29.352s infer_obs_pack=0.034s env_step=0.277s feedback_total=0.205s feedback_obs_pack=0.055s feedback_info_pack=0.009s effective_fps=65.99
2026-10-01 23:26:18.434 | INFO     | plugrl_env_client.runner.rollout:log_timing_summary:101 - Intermediate rollout timing summary: env_steps=1971 infer_calls=1971 feedback_calls=1971 infer_wait=29.345s infer_obs_pack=0.032s env_step=0.283s feedback_total=0.208s feedback_obs_pack=0.055s feedback_info_pack=0.010s effective_fps=65.99
2026-10-01 23:26:18.445 | INFO     | plugrl_env_client.runner.rollout:log_timing_summary:101 - Intermediate rollout timing summary: env_steps=1972 infer_calls=1972 feedback_calls=1972 infer_wait=29.363s infer_obs_pack=0.034s env_step=0.275s feedback_total=0.206s feedback_obs_pack=0.055s feedback_info_pack=0.011s effective_fps=66.00
2026-10-01 23:26:18.445 | INFO     | plugrl_env_client.runner.rollout:log_timing_summary:101 - Intermediate rollout timing summary: env_steps=1972 infer_calls=1972 feedback_calls=1972 infer_wait=29.372s infer_obs_pack=0.033s env_step=0.271s feedback_total=0.197s feedback_obs_pack=0.055s feedback_info_pack=0.010s effective_fps=66.01
2026-10-01 23:26:18.445 | INFO     | plugrl_env_client.runner.rollout:log_timing_summary:101 - Intermediate rollout timing summary: env_steps=1972 infer_calls=1972 feedback_calls=1972 infer_wait=29.364s infer_obs_pack=0.032s env_step=0.280s feedback_total=0.201s feedback_obs_pack=0.056s feedback_info_pack=0.009s effective_fps=66.00
2026-10-01 23:26:18.456 | INFO     | plugrl_env_client.runner.rollout:log_timing_summary:101 - Intermediate rollout timing summary: env_steps=1973 infer_calls=1973 feedback_calls=1973 infer_wait=29.405s infer_obs_pack=0.032s env_step=0.259s feedback_total=0.190s feedback_obs_pack=0.051s feedback_info_pack=0.009s effective_fps=66.02
2026-10-01 23:26:18.466 | INFO     | plugrl_env_client.runner.rollout:log_timing_summary:101 - Intermediate rollout timing summary: env_steps=1974 infer_calls=1974 feedback_calls=1974 infer_wait=29.369s infer_obs_pack=0.032s env_step=0.269s feedback_total=0.205s feedback_obs_pack=0.054s feedback_info_pack=0.011s effective_fps=66.07
2026-10-01 23:26:18.467 | INFO     | plugrl_env_client.runner.rollout:log_timing_summary:101 - Intermediate rollout timing summary: env_steps=1974 infer_calls=1974 feedback_calls=1974 infer_wait=29.394s infer_obs_pack=0.031s env_step=0.261s feedback_total=0.193s feedback_obs_pack=0.052s feedback_info_pack=0.009s effective_fps=66.07
2026-10-01 23:26:18.479 | INFO     | plugrl_env_client.runner.rollout:log_timing_summary:101 - Intermediate rollout timing summary: env_steps=1975 infer_calls=1975 feedback_calls=1975 infer_wait=29.404s infer_obs_pack=0.032s env_step=0.257s feedback_total=0.193s feedback_obs_pack=0.052s feedback_info_pack=0.009s effective_fps=66.08
2026-10-01 23:26:48.409 | INFO     | plugrl_env_client.runner.rollout:log_timing_summary:101 - Intermediate rollout timing summary: env_steps=3971 infer_calls=3971 feedback_calls=3971 infer_wait=58.561s infer_obs_pack=0.065s env_step=0.654s feedback_total=0.412s feedback_obs_pack=0.111s feedback_info_pack=0.018s effective_fps=66.52
2026-10-01 23:26:48.420 | INFO     | plugrl_env_client.runner.rollout:log_timing_summary:101 - Intermediate rollout timing summary: env_steps=3972 infer_calls=3972 feedback_calls=3972 infer_wait=58.629s infer_obs_pack=0.065s env_step=0.616s feedback_total=0.408s feedback_obs_pack=0.111s feedback_info_pack=0.018s effective_fps=66.51
2026-10-01 23:26:48.420 | INFO     | plugrl_env_client.runner.rollout:log_timing_summary:101 - Intermediate rollout timing summary: env_steps=3972 infer_calls=3972 feedback_calls=3972 infer_wait=58.595s infer_obs_pack=0.067s env_step=0.619s feedback_total=0.420s feedback_obs_pack=0.113s feedback_info_pack=0.019s effective_fps=66.53
2026-10-01 23:26:48.420 | INFO     | plugrl_env_client.runner.rollout:log_timing_summary:101 - Intermediate rollout timing summary: env_steps=3972 infer_calls=3972 feedback_calls=3972 infer_wait=58.620s infer_obs_pack=0.066s env_step=0.608s feedback_total=0.430s feedback_obs_pack=0.115s feedback_info_pack=0.019s effective_fps=66.51
2026-10-01 23:26:48.431 | INFO     | plugrl_env_client.runner.rollout:log_timing_summary:101 - Intermediate rollout timing summary: env_steps=3973 infer_calls=3973 feedback_calls=3973 infer_wait=58.609s infer_obs_pack=0.069s env_step=0.607s feedback_total=0.434s feedback_obs_pack=0.114s feedback_info_pack=0.021s effective_fps=66.53
2026-10-01 23:26:48.441 | INFO     | plugrl_env_client.runner.rollout:log_timing_summary:101 - Intermediate rollout timing summary: env_steps=3974 infer_calls=3974 feedback_calls=3974 infer_wait=58.656s infer_obs_pack=0.067s env_step=0.582s feedback_total=0.428s feedback_obs_pack=0.112s feedback_info_pack=0.020s effective_fps=66.53
2026-10-01 23:26:48.441 | INFO     | plugrl_env_client.runner.rollout:log_timing_summary:101 - Intermediate rollout timing summary: env_steps=3974 infer_calls=3974 feedback_calls=3974 infer_wait=58.617s infer_obs_pack=0.071s env_step=0.605s feedback_total=0.435s feedback_obs_pack=0.121s feedback_info_pack=0.021s effective_fps=66.53
2026-10-01 23:26:48.441 | INFO     | plugrl_env_client.runner.rollout:log_timing_summary:101 - Intermediate rollout timing summary: env_steps=3974 infer_calls=3974 feedback_calls=3974 infer_wait=58.669s infer_obs_pack=0.070s env_step=0.573s feedback_total=0.421s feedback_obs_pack=0.113s feedback_info_pack=0.019s effective_fps=66.53
2026-10-01 23:26:48.441 | INFO     | plugrl_env_client.runner.rollout:log_timing_summary:101 - Intermediate rollout timing summary: env_steps=3974 infer_calls=3974 feedback_calls=3974 infer_wait=58.648s infer_obs_pack=0.070s env_step=0.592s feedback_total=0.422s feedback_obs_pack=0.111s feedback_info_pack=0.019s effective_fps=66.53
2026-10-01 23:26:48.453 | INFO     | plugrl_env_client.runner.rollout:log_timing_summary:101 - Intermediate rollout timing summary: env_steps=3975 infer_calls=3975 feedback_calls=3975 infer_wait=58.681s infer_obs_pack=0.068s env_step=0.581s feedback_total=0.418s feedback_obs_pack=0.114s feedback_info_pack=0.019s effective_fps=66.53
2026-10-01 23:26:48.454 | INFO     | plugrl_env_client.runner.rollout:log_timing_summary:101 - Intermediate rollout timing summary: env_steps=3975 infer_calls=3975 feedback_calls=3975 infer_wait=58.690s infer_obs_pack=0.070s env_step=0.568s feedback_total=0.414s feedback_obs_pack=0.114s feedback_info_pack=0.020s effective_fps=66.54
2026-10-01 23:26:48.454 | INFO     | plugrl_env_client.runner.rollout:log_timing_summary:101 - Intermediate rollout timing summary: env_steps=3975 infer_calls=3975 feedback_calls=3975 infer_wait=58.702s infer_obs_pack=0.069s env_step=0.561s feedback_total=0.416s feedback_obs_pack=0.113s feedback_info_pack=0.023s effective_fps=66.53
2026-10-01 23:26:48.463 | INFO     | plugrl_env_client.runner.rollout:log_timing_summary:101 - Intermediate rollout timing summary: env_steps=3976 infer_calls=3976 feedback_calls=3976 infer_wait=58.769s infer_obs_pack=0.065s env_step=0.537s feedback_total=0.391s feedback_obs_pack=0.106s feedback_info_pack=0.018s effective_fps=66.53
2026-10-01 23:26:48.474 | INFO     | plugrl_env_client.runner.rollout:log_timing_summary:101 - Intermediate rollout timing summary: env_steps=3977 infer_calls=3977 feedback_calls=3977 infer_wait=58.725s infer_obs_pack=0.066s env_step=0.546s feedback_total=0.412s feedback_obs_pack=0.108s feedback_info_pack=0.022s effective_fps=66.56
2026-10-01 23:26:48.475 | INFO     | plugrl_env_client.runner.rollout:log_timing_summary:101 - Intermediate rollout timing summary: env_steps=3977 infer_calls=3977 feedback_calls=3977 infer_wait=58.788s infer_obs_pack=0.063s env_step=0.524s feedback_total=0.385s feedback_obs_pack=0.104s feedback_info_pack=0.018s effective_fps=66.55
2026-10-01 23:26:48.485 | INFO     | plugrl_env_client.runner.rollout:log_timing_summary:101 - Intermediate rollout timing summary: env_steps=3978 infer_calls=3978 feedback_calls=3978 infer_wait=58.760s infer_obs_pack=0.065s env_step=0.535s feedback_total=0.400s feedback_obs_pack=0.107s feedback_info_pack=0.018s effective_fps=66.57
2026-10-01 23:27:18.409 | INFO     | plugrl_env_client.runner.rollout:log_timing_summary:101 - Intermediate rollout timing summary: env_steps=6000 infer_calls=6000 feedback_calls=6000 infer_wait=87.815s infer_obs_pack=0.097s env_step=0.990s feedback_total=0.625s feedback_obs_pack=0.167s feedback_info_pack=0.028s effective_fps=67.02
2026-10-01 23:27:18.432 | INFO     | plugrl_env_client.runner.rollout:log_timing_summary:101 - Intermediate rollout timing summary: env_steps=6002 infer_calls=6002 feedback_calls=6002 infer_wait=87.897s infer_obs_pack=0.103s env_step=0.920s feedback_total=0.661s feedback_obs_pack=0.177s feedback_info_pack=0.029s effective_fps=67.00
2026-10-01 23:27:18.433 | INFO     | plugrl_env_client.runner.rollout:log_timing_summary:101 - Intermediate rollout timing summary: env_steps=6002 infer_calls=6002 feedback_calls=6002 infer_wait=87.892s infer_obs_pack=0.102s env_step=0.943s feedback_total=0.629s feedback_obs_pack=0.171s feedback_info_pack=0.028s effective_fps=67.01
2026-10-01 23:27:18.433 | INFO     | plugrl_env_client.runner.rollout:log_timing_summary:101 - Intermediate rollout timing summary: env_steps=6002 infer_calls=6002 feedback_calls=6002 infer_wait=87.904s infer_obs_pack=0.101s env_step=0.930s feedback_total=0.630s feedback_obs_pack=0.169s feedback_info_pack=0.028s effective_fps=67.01
2026-10-01 23:27:18.433 | INFO     | plugrl_env_client.runner.rollout:log_timing_summary:101 - Intermediate rollout timing summary: env_steps=6002 infer_calls=6002 feedback_calls=6002 infer_wait=87.879s infer_obs_pack=0.105s env_step=0.920s feedback_total=0.662s feedback_obs_pack=0.175s feedback_info_pack=0.033s effective_fps=67.01
2026-10-01 23:27:18.444 | INFO     | plugrl_env_client.runner.rollout:log_timing_summary:101 - Intermediate rollout timing summary: env_steps=6003 infer_calls=6003 feedback_calls=6003 infer_wait=87.936s infer_obs_pack=0.106s env_step=0.901s feedback_total=0.642s feedback_obs_pack=0.169s feedback_info_pack=0.030s effective_fps=67.01
2026-10-01 23:27:18.444 | INFO     | plugrl_env_client.runner.rollout:log_timing_summary:101 - Intermediate rollout timing summary: env_steps=6003 infer_calls=6003 feedback_calls=6003 infer_wait=87.991s infer_obs_pack=0.106s env_step=0.867s feedback_total=0.635s feedback_obs_pack=0.170s feedback_info_pack=0.029s effective_fps=67.00
2026-10-01 23:27:18.444 | INFO     | plugrl_env_client.runner.rollout:log_timing_summary:101 - Intermediate rollout timing summary: env_steps=6003 infer_calls=6003 feedback_calls=6003 infer_wait=87.962s infer_obs_pack=0.102s env_step=0.886s feedback_total=0.642s feedback_obs_pack=0.169s feedback_info_pack=0.029s effective_fps=67.00
2026-10-01 23:27:18.444 | INFO     | plugrl_env_client.runner.rollout:log_timing_summary:101 - Intermediate rollout timing summary: env_steps=6003 infer_calls=6003 feedback_calls=6003 infer_wait=87.901s infer_obs_pack=0.108s env_step=0.919s feedback_total=0.659s feedback_obs_pack=0.182s feedback_info_pack=0.031s effective_fps=67.01
2026-10-01 23:27:18.455 | INFO     | plugrl_env_client.runner.rollout:log_timing_summary:101 - Intermediate rollout timing summary: env_steps=6004 infer_calls=6004 feedback_calls=6004 infer_wait=88.013s infer_obs_pack=0.106s env_step=0.856s feedback_total=0.633s feedback_obs_pack=0.172s feedback_info_pack=0.034s effective_fps=67.00
2026-10-01 23:27:18.455 | INFO     | plugrl_env_client.runner.rollout:log_timing_summary:101 - Intermediate rollout timing summary: env_steps=6004 infer_calls=6004 feedback_calls=6004 infer_wait=88.016s infer_obs_pack=0.102s env_step=0.870s feedback_total=0.627s feedback_obs_pack=0.171s feedback_info_pack=0.028s effective_fps=67.00
2026-10-01 23:27:18.455 | INFO     | plugrl_env_client.runner.rollout:log_timing_summary:101 - Intermediate rollout timing summary: env_steps=6004 infer_calls=6004 feedback_calls=6004 infer_wait=88.007s infer_obs_pack=0.105s env_step=0.861s feedback_total=0.629s feedback_obs_pack=0.175s feedback_info_pack=0.030s effective_fps=67.01
2026-10-01 23:27:18.466 | INFO     | plugrl_env_client.runner.rollout:log_timing_summary:101 - Intermediate rollout timing summary: env_steps=6005 infer_calls=6005 feedback_calls=6005 infer_wait=88.113s infer_obs_pack=0.099s env_step=0.819s feedback_total=0.598s feedback_obs_pack=0.163s feedback_info_pack=0.027s effective_fps=67.00
2026-10-01 23:27:18.477 | INFO     | plugrl_env_client.runner.rollout:log_timing_summary:101 - Intermediate rollout timing summary: env_steps=6006 infer_calls=6006 feedback_calls=6006 infer_wait=88.081s infer_obs_pack=0.099s env_step=0.822s feedback_total=0.614s feedback_obs_pack=0.161s feedback_info_pack=0.032s effective_fps=67.02
2026-10-01 23:27:18.477 | INFO     | plugrl_env_client.runner.rollout:log_timing_summary:101 - Intermediate rollout timing summary: env_steps=6006 infer_calls=6006 feedback_calls=6006 infer_wait=88.148s infer_obs_pack=0.095s env_step=0.798s feedback_total=0.590s feedback_obs_pack=0.159s feedback_info_pack=0.027s effective_fps=67.01
2026-10-01 23:27:18.488 | INFO     | plugrl_env_client.runner.rollout:log_timing_summary:101 - Intermediate rollout timing summary: env_steps=6007 infer_calls=6007 feedback_calls=6007 infer_wait=88.127s infer_obs_pack=0.098s env_step=0.807s feedback_total=0.602s feedback_obs_pack=0.163s feedback_info_pack=0.028s effective_fps=67.02
2026-10-01 23:27:48.416 | INFO     | plugrl_env_client.runner.rollout:log_timing_summary:101 - Intermediate rollout timing summary: env_steps=8064 infer_calls=8064 feedback_calls=8064 infer_wait=117.081s infer_obs_pack=0.132s env_step=1.323s feedback_total=0.839s feedback_obs_pack=0.225s feedback_info_pack=0.037s effective_fps=67.55
2026-10-01 23:27:48.440 | INFO     | plugrl_env_client.runner.rollout:log_timing_summary:101 - Intermediate rollout timing summary: env_steps=8066 infer_calls=8066 feedback_calls=8066 infer_wait=117.195s infer_obs_pack=0.136s env_step=1.243s feedback_total=0.843s feedback_obs_pack=0.224s feedback_info_pack=0.038s effective_fps=67.55
2026-10-01 23:27:48.440 | INFO     | plugrl_env_client.runner.rollout:log_timing_summary:101 - Intermediate rollout timing summary: env_steps=8066 infer_calls=8066 feedback_calls=8066 infer_wait=117.170s infer_obs_pack=0.134s env_step=1.270s feedback_total=0.836s feedback_obs_pack=0.228s feedback_info_pack=0.037s effective_fps=67.55
2026-10-01 23:27:48.440 | INFO     | plugrl_env_client.runner.rollout:log_timing_summary:101 - Intermediate rollout timing summary: env_steps=8066 infer_calls=8066 feedback_calls=8066 infer_wait=117.152s infer_obs_pack=0.141s env_step=1.236s feedback_total=0.884s feedback_obs_pack=0.236s feedback_info_pack=0.045s effective_fps=67.55
2026-10-01 23:27:48.440 | INFO     | plugrl_env_client.runner.rollout:log_timing_summary:101 - Intermediate rollout timing summary: env_steps=8066 infer_calls=8066 feedback_calls=8066 infer_wait=117.211s infer_obs_pack=0.136s env_step=1.224s feedback_total=0.874s feedback_obs_pack=0.236s feedback_info_pack=0.039s effective_fps=67.53
2026-10-01 23:27:48.451 | INFO     | plugrl_env_client.runner.rollout:log_timing_summary:101 - Intermediate rollout timing summary: env_steps=8067 infer_calls=8067 feedback_calls=8067 infer_wait=117.258s infer_obs_pack=0.139s env_step=1.197s feedback_total=0.857s feedback_obs_pack=0.226s feedback_info_pack=0.040s effective_fps=67.53
2026-10-01 23:27:48.452 | INFO     | plugrl_env_client.runner.rollout:log_timing_summary:101 - Intermediate rollout timing summary: env_steps=8067 infer_calls=8067 feedback_calls=8067 infer_wait=117.215s infer_obs_pack=0.143s env_step=1.220s feedback_total=0.876s feedback_obs_pack=0.241s feedback_info_pack=0.041s effective_fps=67.53
2026-10-01 23:27:48.452 | INFO     | plugrl_env_client.runner.rollout:log_timing_summary:101 - Intermediate rollout timing summary: env_steps=8067 infer_calls=8067 feedback_calls=8067 infer_wait=117.289s infer_obs_pack=0.136s env_step=1.179s feedback_total=0.854s feedback_obs_pack=0.225s feedback_info_pack=0.039s effective_fps=67.53
2026-10-01 23:27:48.452 | INFO     | plugrl_env_client.runner.rollout:log_timing_summary:101 - Intermediate rollout timing summary: env_steps=8067 infer_calls=8067 feedback_calls=8067 infer_wait=117.313s infer_obs_pack=0.141s env_step=1.165s feedback_total=0.851s feedback_obs_pack=0.228s feedback_info_pack=0.039s effective_fps=67.52
2026-10-01 23:27:48.465 | INFO     | plugrl_env_client.runner.rollout:log_timing_summary:101 - Intermediate rollout timing summary: env_steps=8068 infer_calls=8068 feedback_calls=8068 infer_wait=117.328s infer_obs_pack=0.142s env_step=1.151s feedback_total=0.850s feedback_obs_pack=0.232s feedback_info_pack=0.046s effective_fps=67.53
2026-10-01 23:27:48.466 | INFO     | plugrl_env_client.runner.rollout:log_timing_summary:101 - Intermediate rollout timing summary: env_steps=8068 infer_calls=8068 feedback_calls=8068 infer_wait=117.350s infer_obs_pack=0.136s env_step=1.164s feedback_total=0.839s feedback_obs_pack=0.229s feedback_info_pack=0.037s effective_fps=67.52
2026-10-01 23:27:48.466 | INFO     | plugrl_env_client.runner.rollout:log_timing_summary:101 - Intermediate rollout timing summary: env_steps=8068 infer_calls=8068 feedback_calls=8068 infer_wait=117.339s infer_obs_pack=0.141s env_step=1.154s feedback_total=0.842s feedback_obs_pack=0.233s feedback_info_pack=0.040s effective_fps=67.53
2026-10-01 23:27:48.475 | INFO     | plugrl_env_client.runner.rollout:log_timing_summary:101 - Intermediate rollout timing summary: env_steps=8069 infer_calls=8069 feedback_calls=8069 infer_wait=117.465s infer_obs_pack=0.133s env_step=1.104s feedback_total=0.806s feedback_obs_pack=0.219s feedback_info_pack=0.038s effective_fps=67.52
2026-10-01 23:27:48.489 | INFO     | plugrl_env_client.runner.rollout:log_timing_summary:101 - Intermediate rollout timing summary: env_steps=8070 infer_calls=8070 feedback_calls=8070 infer_wait=117.524s infer_obs_pack=0.128s env_step=1.070s feedback_total=0.791s feedback_obs_pack=0.213s feedback_info_pack=0.036s effective_fps=67.52
2026-10-01 23:27:48.489 | INFO     | plugrl_env_client.runner.rollout:log_timing_summary:101 - Intermediate rollout timing summary: env_steps=8070 infer_calls=8070 feedback_calls=8070 infer_wait=117.461s infer_obs_pack=0.131s env_step=1.092s feedback_total=0.816s feedback_obs_pack=0.214s feedback_info_pack=0.042s effective_fps=67.53
2026-10-01 23:27:48.489 | INFO     | plugrl_env_client.runner.rollout:log_timing_summary:101 - Intermediate rollout timing summary: env_steps=8070 infer_calls=8070 feedback_calls=8070 infer_wait=117.496s infer_obs_pack=0.132s env_step=1.078s feedback_total=0.801s feedback_obs_pack=0.217s feedback_info_pack=0.037s effective_fps=67.53
2026-10-01 23:28:18.417 | INFO     | plugrl_env_client.runner.rollout:log_timing_summary:101 - Intermediate rollout timing summary: env_steps=10157 infer_calls=10157 feedback_calls=10157 infer_wait=146.345s infer_obs_pack=0.169s env_step=1.645s feedback_total=1.054s feedback_obs_pack=0.283s feedback_info_pack=0.047s effective_fps=68.07
2026-10-01 23:28:18.448 | INFO     | plugrl_env_client.runner.rollout:log_timing_summary:101 - Intermediate rollout timing summary: env_steps=10160 infer_calls=10160 feedback_calls=10160 infer_wait=146.439s infer_obs_pack=0.176s env_step=1.556s feedback_total=1.105s feedback_obs_pack=0.295s feedback_info_pack=0.056s effective_fps=68.06
2026-10-01 23:28:18.448 | INFO     | plugrl_env_client.runner.rollout:log_timing_summary:101 - Intermediate rollout timing summary: env_steps=10160 infer_calls=10160 feedback_calls=10160 infer_wait=146.462s infer_obs_pack=0.169s env_step=1.590s feedback_total=1.043s feedback_obs_pack=0.284s feedback_info_pack=0.046s effective_fps=68.07
2026-10-01 23:28:18.449 | INFO     | plugrl_env_client.runner.rollout:log_timing_summary:101 - Intermediate rollout timing summary: env_steps=10160 infer_calls=10160 feedback_calls=10160 infer_wait=146.469s infer_obs_pack=0.173s env_step=1.546s feedback_total=1.105s feedback_obs_pack=0.298s feedback_info_pack=0.048s effective_fps=68.05
2026-10-01 23:28:18.449 | INFO     | plugrl_env_client.runner.rollout:log_timing_summary:101 - Intermediate rollout timing summary: env_steps=10160 infer_calls=10160 feedback_calls=10160 infer_wait=146.482s infer_obs_pack=0.172s env_step=1.554s feedback_total=1.062s feedback_obs_pack=0.282s feedback_info_pack=0.048s effective_fps=68.06
2026-10-01 23:28:18.460 | INFO     | plugrl_env_client.runner.rollout:log_timing_summary:101 - Intermediate rollout timing summary: env_steps=10161 infer_calls=10161 feedback_calls=10161 infer_wait=146.596s infer_obs_pack=0.172s env_step=1.482s feedback_total=1.073s feedback_obs_pack=0.284s feedback_info_pack=0.049s effective_fps=68.05
2026-10-01 23:28:18.460 | INFO     | plugrl_env_client.runner.rollout:log_timing_summary:101 - Intermediate rollout timing summary: env_steps=10161 infer_calls=10161 feedback_calls=10161 infer_wait=146.519s infer_obs_pack=0.176s env_step=1.524s feedback_total=1.086s feedback_obs_pack=0.286s feedback_info_pack=0.050s effective_fps=68.06
2026-10-01 23:28:18.461 | INFO     | plugrl_env_client.runner.rollout:log_timing_summary:101 - Intermediate rollout timing summary: env_steps=10161 infer_calls=10161 feedback_calls=10161 infer_wait=146.512s infer_obs_pack=0.180s env_step=1.526s feedback_total=1.097s feedback_obs_pack=0.300s feedback_info_pack=0.052s effective_fps=68.05
2026-10-01 23:28:18.462 | INFO     | plugrl_env_client.runner.rollout:log_timing_summary:101 - Intermediate rollout timing summary: env_steps=10161 infer_calls=10161 feedback_calls=10161 infer_wait=146.629s infer_obs_pack=0.178s env_step=1.464s feedback_total=1.065s feedback_obs_pack=0.286s feedback_info_pack=0.048s effective_fps=68.04
2026-10-01 23:28:18.471 | INFO     | plugrl_env_client.runner.rollout:log_timing_summary:101 - Intermediate rollout timing summary: env_steps=10162 infer_calls=10162 feedback_calls=10162 infer_wait=146.674s infer_obs_pack=0.171s env_step=1.458s feedback_total=1.053s feedback_obs_pack=0.287s feedback_info_pack=0.046s effective_fps=68.04
2026-10-01 23:28:18.471 | INFO     | plugrl_env_client.runner.rollout:log_timing_summary:101 - Intermediate rollout timing summary: env_steps=10162 infer_calls=10162 feedback_calls=10162 infer_wait=146.629s infer_obs_pack=0.179s env_step=1.454s feedback_total=1.072s feedback_obs_pack=0.291s feedback_info_pack=0.058s effective_fps=68.05
2026-10-01 23:28:18.471 | INFO     | plugrl_env_client.runner.rollout:log_timing_summary:101 - Intermediate rollout timing summary: env_steps=10162 infer_calls=10162 feedback_calls=10162 infer_wait=146.667s infer_obs_pack=0.176s env_step=1.447s feedback_total=1.054s feedback_obs_pack=0.292s feedback_info_pack=0.051s effective_fps=68.04
2026-10-01 23:28:18.480 | INFO     | plugrl_env_client.runner.rollout:log_timing_summary:101 - Intermediate rollout timing summary: env_steps=10163 infer_calls=10163 feedback_calls=10163 infer_wait=146.812s infer_obs_pack=0.168s env_step=1.393s feedback_total=1.009s feedback_obs_pack=0.276s feedback_info_pack=0.047s effective_fps=68.03
2026-10-01 23:28:18.490 | INFO     | plugrl_env_client.runner.rollout:log_timing_summary:101 - Intermediate rollout timing summary: env_steps=10164 infer_calls=10164 feedback_calls=10164 infer_wait=146.884s infer_obs_pack=0.162s env_step=1.345s feedback_total=0.994s feedback_obs_pack=0.269s feedback_info_pack=0.044s effective_fps=68.04
2026-10-01 23:28:18.490 | INFO     | plugrl_env_client.runner.rollout:log_timing_summary:101 - Intermediate rollout timing summary: env_steps=10164 infer_calls=10164 feedback_calls=10164 infer_wait=146.860s infer_obs_pack=0.165s env_step=1.351s feedback_total=1.003s feedback_obs_pack=0.271s feedback_info_pack=0.046s effective_fps=68.04
2026-10-01 23:28:18.490 | INFO     | plugrl_env_client.runner.rollout:log_timing_summary:101 - Intermediate rollout timing summary: env_steps=10164 infer_calls=10164 feedback_calls=10164 infer_wait=146.797s infer_obs_pack=0.166s env_step=1.376s feedback_total=1.028s feedback_obs_pack=0.270s feedback_info_pack=0.053s effective_fps=68.05
2026-10-01 23:28:48.421 | INFO     | plugrl_env_client.runner.rollout:log_timing_summary:101 - Intermediate rollout timing summary: env_steps=12233 infer_calls=12233 feedback_calls=12233 infer_wait=175.597s infer_obs_pack=0.203s env_step=1.988s feedback_total=1.270s feedback_obs_pack=0.341s feedback_info_pack=0.057s effective_fps=68.32
2026-10-01 23:28:48.452 | INFO     | plugrl_env_client.runner.rollout:log_timing_summary:101 - Intermediate rollout timing summary: env_steps=12236 infer_calls=12236 feedback_calls=12236 infer_wait=175.792s infer_obs_pack=0.207s env_step=1.857s feedback_total=1.271s feedback_obs_pack=0.340s feedback_info_pack=0.058s effective_fps=68.31
2026-10-01 23:28:48.452 | INFO     | plugrl_env_client.runner.rollout:log_timing_summary:101 - Intermediate rollout timing summary: env_steps=12236 infer_calls=12236 feedback_calls=12236 infer_wait=175.736s infer_obs_pack=0.209s env_step=1.871s feedback_total=1.328s feedback_obs_pack=0.359s feedback_info_pack=0.059s effective_fps=68.30
2026-10-01 23:28:48.452 | INFO     | plugrl_env_client.runner.rollout:log_timing_summary:101 - Intermediate rollout timing summary: env_steps=12236 infer_calls=12236 feedback_calls=12236 infer_wait=175.730s infer_obs_pack=0.211s env_step=1.867s feedback_total=1.322s feedback_obs_pack=0.352s feedback_info_pack=0.067s effective_fps=68.31
2026-10-01 23:28:48.453 | INFO     | plugrl_env_client.runner.rollout:log_timing_summary:101 - Intermediate rollout timing summary: env_steps=12236 infer_calls=12236 feedback_calls=12236 infer_wait=175.749s infer_obs_pack=0.204s env_step=1.902s feedback_total=1.255s feedback_obs_pack=0.342s feedback_info_pack=0.056s effective_fps=68.32
2026-10-01 23:28:48.462 | INFO     | plugrl_env_client.runner.rollout:log_timing_summary:101 - Intermediate rollout timing summary: env_steps=12237 infer_calls=12237 feedback_calls=12237 infer_wait=175.895s infer_obs_pack=0.207s env_step=1.786s feedback_total=1.292s feedback_obs_pack=0.341s feedback_info_pack=0.059s effective_fps=68.29
2026-10-01 23:28:48.462 | INFO     | plugrl_env_client.runner.rollout:log_timing_summary:101 - Intermediate rollout timing summary: env_steps=12237 infer_calls=12237 feedback_calls=12237 infer_wait=175.792s infer_obs_pack=0.218s env_step=1.839s feedback_total=1.319s feedback_obs_pack=0.362s feedback_info_pack=0.062s effective_fps=68.30
2026-10-01 23:28:48.463 | INFO     | plugrl_env_client.runner.rollout:log_timing_summary:101 - Intermediate rollout timing summary: env_steps=12237 infer_calls=12237 feedback_calls=12237 infer_wait=175.810s infer_obs_pack=0.212s env_step=1.831s feedback_total=1.307s feedback_obs_pack=0.344s feedback_info_pack=0.060s effective_fps=68.30
2026-10-01 23:28:48.463 | INFO     | plugrl_env_client.runner.rollout:log_timing_summary:101 - Intermediate rollout timing summary: env_steps=12237 infer_calls=12237 feedback_calls=12237 infer_wait=175.942s infer_obs_pack=0.215s env_step=1.760s feedback_total=1.283s feedback_obs_pack=0.344s feedback_info_pack=0.058s effective_fps=68.29
2026-10-01 23:28:48.472 | INFO     | plugrl_env_client.runner.rollout:log_timing_summary:101 - Intermediate rollout timing summary: env_steps=12238 infer_calls=12238 feedback_calls=12238 infer_wait=175.925s infer_obs_pack=0.216s env_step=1.753s feedback_total=1.293s feedback_obs_pack=0.351s feedback_info_pack=0.071s effective_fps=68.30
2026-10-01 23:28:48.473 | INFO     | plugrl_env_client.runner.rollout:log_timing_summary:101 - Intermediate rollout timing summary: env_steps=12238 infer_calls=12238 feedback_calls=12238 infer_wait=176.007s infer_obs_pack=0.211s env_step=1.733s feedback_total=1.262s feedback_obs_pack=0.350s feedback_info_pack=0.061s effective_fps=68.29
2026-10-01 23:28:48.473 | INFO     | plugrl_env_client.runner.rollout:log_timing_summary:101 - Intermediate rollout timing summary: env_steps=12238 infer_calls=12238 feedback_calls=12238 infer_wait=176.014s infer_obs_pack=0.204s env_step=1.743s feedback_total=1.262s feedback_obs_pack=0.343s feedback_info_pack=0.055s effective_fps=68.28
2026-10-01 23:28:48.486 | INFO     | plugrl_env_client.runner.rollout:log_timing_summary:101 - Intermediate rollout timing summary: env_steps=12239 infer_calls=12239 feedback_calls=12239 infer_wait=176.165s infer_obs_pack=0.203s env_step=1.674s feedback_total=1.214s feedback_obs_pack=0.332s feedback_info_pack=0.056s effective_fps=68.28
2026-10-01 23:28:48.500 | INFO     | plugrl_env_client.runner.rollout:log_timing_summary:101 - Intermediate rollout timing summary: env_steps=12240 infer_calls=12240 feedback_calls=12240 infer_wait=176.147s infer_obs_pack=0.199s env_step=1.656s feedback_total=1.239s feedback_obs_pack=0.326s feedback_info_pack=0.064s effective_fps=68.29
2026-10-01 23:28:48.501 | INFO     | plugrl_env_client.runner.rollout:log_timing_summary:101 - Intermediate rollout timing summary: env_steps=12240 infer_calls=12240 feedback_calls=12240 infer_wait=176.226s infer_obs_pack=0.200s env_step=1.626s feedback_total=1.207s feedback_obs_pack=0.326s feedback_info_pack=0.056s effective_fps=68.28
2026-10-01 23:28:48.501 | INFO     | plugrl_env_client.runner.rollout:log_timing_summary:101 - Intermediate rollout timing summary: env_steps=12240 infer_calls=12240 feedback_calls=12240 infer_wait=176.252s infer_obs_pack=0.195s env_step=1.620s feedback_total=1.196s feedback_obs_pack=0.324s feedback_info_pack=0.053s effective_fps=68.28
2026-10-01 23:29:18.429 | INFO     | plugrl_env_client.runner.rollout:log_timing_summary:101 - Intermediate rollout timing summary: env_steps=14316 infer_calls=14316 feedback_calls=14316 infer_wait=204.869s infer_obs_pack=0.237s env_step=2.312s feedback_total=1.480s feedback_obs_pack=0.397s feedback_info_pack=0.065s effective_fps=68.53
2026-10-01 23:29:18.457 | INFO     | plugrl_env_client.runner.rollout:log_timing_summary:101 - Intermediate rollout timing summary: env_steps=14318 infer_calls=14318 feedback_calls=14318 infer_wait=205.071s infer_obs_pack=0.245s env_step=2.172s feedback_total=1.491s feedback_obs_pack=0.401s feedback_info_pack=0.067s effective_fps=68.51
2026-10-01 23:29:18.457 | INFO     | plugrl_env_client.runner.rollout:log_timing_summary:101 - Intermediate rollout timing summary: env_steps=14318 infer_calls=14318 feedback_calls=14318 infer_wait=205.017s infer_obs_pack=0.247s env_step=2.177s feedback_total=1.547s feedback_obs_pack=0.412s feedback_info_pack=0.080s effective_fps=68.51
2026-10-01 23:29:18.457 | INFO     | plugrl_env_client.runner.rollout:log_timing_summary:101 - Intermediate rollout timing summary: env_steps=14318 infer_calls=14318 feedback_calls=14318 infer_wait=205.004s infer_obs_pack=0.240s env_step=2.225s feedback_total=1.479s feedback_obs_pack=0.403s feedback_info_pack=0.066s effective_fps=68.52
2026-10-01 23:29:18.458 | INFO     | plugrl_env_client.runner.rollout:log_timing_summary:101 - Intermediate rollout timing summary: env_steps=14318 infer_calls=14318 feedback_calls=14318 infer_wait=205.006s infer_obs_pack=0.244s env_step=2.189s feedback_total=1.553s feedback_obs_pack=0.422s feedback_info_pack=0.069s effective_fps=68.51
2026-10-01 23:29:18.474 | INFO     | plugrl_env_client.runner.rollout:log_timing_summary:101 - Intermediate rollout timing summary: env_steps=14319 infer_calls=14319 feedback_calls=14319 infer_wait=205.106s infer_obs_pack=0.248s env_step=2.141s feedback_total=1.529s feedback_obs_pack=0.402s feedback_info_pack=0.070s effective_fps=68.50
2026-10-01 23:29:18.474 | INFO     | plugrl_env_client.runner.rollout:log_timing_summary:101 - Intermediate rollout timing summary: env_steps=14319 infer_calls=14319 feedback_calls=14319 infer_wait=205.220s infer_obs_pack=0.253s env_step=2.053s feedback_total=1.516s feedback_obs_pack=0.411s feedback_info_pack=0.083s effective_fps=68.50
2026-10-01 23:29:18.474 | INFO     | plugrl_env_client.runner.rollout:log_timing_summary:101 - Intermediate rollout timing summary: env_steps=14319 infer_calls=14319 feedback_calls=14319 infer_wait=205.214s infer_obs_pack=0.244s env_step=2.081s feedback_total=1.510s feedback_obs_pack=0.398s feedback_info_pack=0.069s effective_fps=68.50
2026-10-01 23:29:18.474 | INFO     | plugrl_env_client.runner.rollout:log_timing_summary:101 - Intermediate rollout timing summary: env_steps=14319 infer_calls=14319 feedback_calls=14319 infer_wait=205.319s infer_obs_pack=0.247s env_step=2.027s feedback_total=1.480s feedback_obs_pack=0.411s feedback_info_pack=0.071s effective_fps=68.49
2026-10-01 23:29:18.474 | INFO     | plugrl_env_client.runner.rollout:log_timing_summary:101 - Intermediate rollout timing summary: env_steps=14319 infer_calls=14319 feedback_calls=14319 infer_wait=205.238s infer_obs_pack=0.253s env_step=2.067s feedback_total=1.509s feedback_obs_pack=0.405s feedback_info_pack=0.068s effective_fps=68.49
2026-10-01 23:29:18.474 | INFO     | plugrl_env_client.runner.rollout:log_timing_summary:101 - Intermediate rollout timing summary: env_steps=14319 infer_calls=14319 feedback_calls=14319 infer_wait=205.327s infer_obs_pack=0.242s env_step=2.037s feedback_total=1.478s feedback_obs_pack=0.401s feedback_info_pack=0.066s effective_fps=68.48
2026-10-01 23:29:18.474 | INFO     | plugrl_env_client.runner.rollout:log_timing_summary:101 - Intermediate rollout timing summary: env_steps=14319 infer_calls=14319 feedback_calls=14319 infer_wait=205.102s infer_obs_pack=0.255s env_step=2.143s feedback_total=1.537s feedback_obs_pack=0.421s feedback_info_pack=0.072s effective_fps=68.50
2026-10-01 23:29:18.496 | INFO     | plugrl_env_client.runner.rollout:log_timing_summary:101 - Intermediate rollout timing summary: env_steps=14321 infer_calls=14321 feedback_calls=14321 infer_wait=205.521s infer_obs_pack=0.236s env_step=1.955s feedback_total=1.420s feedback_obs_pack=0.388s feedback_info_pack=0.067s effective_fps=68.48
2026-10-01 23:29:18.509 | INFO     | plugrl_env_client.runner.rollout:log_timing_summary:101 - Intermediate rollout timing summary: env_steps=14322 infer_calls=14322 feedback_calls=14322 infer_wait=205.615s infer_obs_pack=0.229s env_step=1.894s feedback_total=1.401s feedback_obs_pack=0.380s feedback_info_pack=0.062s effective_fps=68.48
2026-10-01 23:29:18.509 | INFO     | plugrl_env_client.runner.rollout:log_timing_summary:101 - Intermediate rollout timing summary: env_steps=14322 infer_calls=14322 feedback_calls=14322 infer_wait=205.583s infer_obs_pack=0.235s env_step=1.904s feedback_total=1.414s feedback_obs_pack=0.382s feedback_info_pack=0.065s effective_fps=68.48
2026-10-01 23:29:18.510 | INFO     | plugrl_env_client.runner.rollout:log_timing_summary:101 - Intermediate rollout timing summary: env_steps=14322 infer_calls=14322 feedback_calls=14322 infer_wait=205.512s infer_obs_pack=0.232s env_step=1.931s feedback_total=1.443s feedback_obs_pack=0.381s feedback_info_pack=0.075s effective_fps=68.49
2026-10-01 23:29:49.144 | INFO     | plugrl_env_client.runner.rollout:log_timing_summary:101 - Intermediate rollout timing summary: env_steps=16385 infer_calls=16385 feedback_calls=16385 infer_wait=235.067s infer_obs_pack=0.284s env_step=2.445s feedback_total=1.753s feedback_obs_pack=0.462s feedback_info_pack=0.081s effective_fps=68.40
2026-10-01 23:29:49.145 | INFO     | plugrl_env_client.runner.rollout:log_timing_summary:101 - Intermediate rollout timing summary: env_steps=16385 infer_calls=16385 feedback_calls=16385 infer_wait=235.064s infer_obs_pack=0.279s env_step=2.474s feedback_total=1.702s feedback_obs_pack=0.458s feedback_info_pack=0.077s effective_fps=68.41
2026-10-01 23:29:49.145 | INFO     | plugrl_env_client.runner.rollout:log_timing_summary:101 - Intermediate rollout timing summary: env_steps=16385 infer_calls=16385 feedback_calls=16385 infer_wait=234.941s infer_obs_pack=0.276s env_step=2.560s feedback_total=1.701s feedback_obs_pack=0.463s feedback_info_pack=0.075s effective_fps=68.42
2026-10-01 23:29:49.145 | INFO     | plugrl_env_client.runner.rollout:log_timing_summary:101 - Intermediate rollout timing summary: env_steps=16385 infer_calls=16385 feedback_calls=16385 infer_wait=234.983s infer_obs_pack=0.283s env_step=2.488s feedback_total=1.772s feedback_obs_pack=0.471s feedback_info_pack=0.091s effective_fps=68.41
2026-10-01 23:29:49.145 | INFO     | plugrl_env_client.runner.rollout:log_timing_summary:101 - Intermediate rollout timing summary: env_steps=16385 infer_calls=16385 feedback_calls=16385 infer_wait=235.177s infer_obs_pack=0.280s env_step=2.385s feedback_total=1.729s feedback_obs_pack=0.456s feedback_info_pack=0.079s effective_fps=68.39
2026-10-01 23:29:49.145 | INFO     | plugrl_env_client.runner.rollout:log_timing_summary:101 - Intermediate rollout timing summary: env_steps=16385 infer_calls=16385 feedback_calls=16385 infer_wait=235.197s infer_obs_pack=0.290s env_step=2.346s feedback_total=1.735s feedback_obs_pack=0.470s feedback_info_pack=0.095s effective_fps=68.39
2026-10-01 23:29:49.145 | INFO     | plugrl_env_client.runner.rollout:log_timing_summary:101 - Intermediate rollout timing summary: env_steps=16385 infer_calls=16385 feedback_calls=16385 infer_wait=235.219s infer_obs_pack=0.290s env_step=2.362s feedback_total=1.725s feedback_obs_pack=0.464s feedback_info_pack=0.079s effective_fps=68.39
2026-10-01 23:29:49.145 | INFO     | plugrl_env_client.runner.rollout:log_timing_summary:101 - Intermediate rollout timing summary: env_steps=16385 infer_calls=16385 feedback_calls=16385 infer_wait=234.965s infer_obs_pack=0.281s env_step=2.501s feedback_total=1.780s feedback_obs_pack=0.482s feedback_info_pack=0.079s effective_fps=68.41
2026-10-01 23:29:49.146 | INFO     | plugrl_env_client.runner.rollout:log_timing_summary:101 - Intermediate rollout timing summary: env_steps=16385 infer_calls=16385 feedback_calls=16385 infer_wait=235.510s infer_obs_pack=0.271s env_step=2.239s feedback_total=1.628s feedback_obs_pack=0.447s feedback_info_pack=0.076s effective_fps=68.37
2026-10-01 23:29:49.146 | INFO     | plugrl_env_client.runner.rollout:log_timing_summary:101 - Intermediate rollout timing summary: env_steps=16385 infer_calls=16385 feedback_calls=16385 infer_wait=235.501s infer_obs_pack=0.266s env_step=2.204s feedback_total=1.651s feedback_obs_pack=0.436s feedback_info_pack=0.085s effective_fps=68.38
2026-10-01 23:29:49.146 | INFO     | plugrl_env_client.runner.rollout:log_timing_summary:101 - Intermediate rollout timing summary: env_steps=16385 infer_calls=16385 feedback_calls=16385 infer_wait=234.846s infer_obs_pack=0.271s env_step=2.644s feedback_total=1.698s feedback_obs_pack=0.457s feedback_info_pack=0.075s effective_fps=68.43
2026-10-01 23:29:49.146 | INFO     | plugrl_env_client.runner.rollout:log_timing_summary:101 - Intermediate rollout timing summary: env_steps=16385 infer_calls=16385 feedback_calls=16385 infer_wait=235.070s infer_obs_pack=0.292s env_step=2.447s feedback_total=1.758s feedback_obs_pack=0.483s feedback_info_pack=0.081s effective_fps=68.39
2026-10-01 23:29:49.146 | INFO     | plugrl_env_client.runner.rollout:log_timing_summary:101 - Intermediate rollout timing summary: env_steps=16385 infer_calls=16385 feedback_calls=16385 infer_wait=235.594s infer_obs_pack=0.268s env_step=2.172s feedback_total=1.613s feedback_obs_pack=0.435s feedback_info_pack=0.074s effective_fps=68.37
2026-10-01 23:29:49.146 | INFO     | plugrl_env_client.runner.rollout:log_timing_summary:101 - Intermediate rollout timing summary: env_steps=16385 infer_calls=16385 feedback_calls=16385 infer_wait=235.639s infer_obs_pack=0.262s env_step=2.153s feedback_total=1.598s feedback_obs_pack=0.434s feedback_info_pack=0.070s effective_fps=68.37
2026-10-01 23:29:49.146 | INFO     | plugrl_env_client.runner.rollout:log_timing_summary:101 - Intermediate rollout timing summary: env_steps=16385 infer_calls=16385 feedback_calls=16385 infer_wait=235.299s infer_obs_pack=0.285s env_step=2.323s feedback_total=1.698s feedback_obs_pack=0.473s feedback_info_pack=0.081s effective_fps=68.38
2026-10-01 23:29:49.147 | INFO     | plugrl_env_client.runner.rollout:log_timing_summary:101 - Intermediate rollout timing summary: env_steps=16385 infer_calls=16385 feedback_calls=16385 infer_wait=235.325s infer_obs_pack=0.277s env_step=2.327s feedback_total=1.690s feedback_obs_pack=0.458s feedback_info_pack=0.075s effective_fps=68.38
2026-10-01 23:30:19.145 | INFO     | plugrl_env_client.runner.rollout:log_timing_summary:101 - Intermediate rollout timing summary: env_steps=18485 infer_calls=18485 feedback_calls=18485 infer_wait=264.454s infer_obs_pack=0.318s env_step=2.695s feedback_total=1.954s feedback_obs_pack=0.516s feedback_info_pack=0.089s effective_fps=68.61
2026-10-01 23:30:19.145 | INFO     | plugrl_env_client.runner.rollout:log_timing_summary:101 - Intermediate rollout timing summary: env_steps=18485 infer_calls=18485 feedback_calls=18485 infer_wait=264.511s infer_obs_pack=0.328s env_step=2.662s feedback_total=1.951s feedback_obs_pack=0.525s feedback_info_pack=0.091s effective_fps=68.60
2026-10-01 23:30:19.145 | INFO     | plugrl_env_client.runner.rollout:log_timing_summary:101 - Intermediate rollout timing summary: env_steps=18485 infer_calls=18485 feedback_calls=18485 infer_wait=264.348s infer_obs_pack=0.314s env_step=2.786s feedback_total=1.924s feedback_obs_pack=0.520s feedback_info_pack=0.087s effective_fps=68.62
2026-10-01 23:30:19.145 | INFO     | plugrl_env_client.runner.rollout:log_timing_summary:101 - Intermediate rollout timing summary: env_steps=18485 infer_calls=18485 feedback_calls=18485 infer_wait=264.268s infer_obs_pack=0.319s env_step=2.803s feedback_total=1.989s feedback_obs_pack=0.529s feedback_info_pack=0.102s effective_fps=68.62
2026-10-01 23:30:19.145 | INFO     | plugrl_env_client.runner.rollout:log_timing_summary:101 - Intermediate rollout timing summary: env_steps=18485 infer_calls=18485 feedback_calls=18485 infer_wait=264.356s infer_obs_pack=0.321s env_step=2.748s feedback_total=1.976s feedback_obs_pack=0.522s feedback_info_pack=0.090s effective_fps=68.62
2026-10-01 23:30:19.145 | INFO     | plugrl_env_client.runner.rollout:log_timing_summary:101 - Intermediate rollout timing summary: env_steps=18485 infer_calls=18485 feedback_calls=18485 infer_wait=264.513s infer_obs_pack=0.326s env_step=2.637s feedback_total=1.953s feedback_obs_pack=0.529s feedback_info_pack=0.107s effective_fps=68.61
2026-10-01 23:30:19.146 | INFO     | plugrl_env_client.runner.rollout:log_timing_summary:101 - Intermediate rollout timing summary: env_steps=18485 infer_calls=18485 feedback_calls=18485 infer_wait=264.856s infer_obs_pack=0.305s env_step=2.521s feedback_total=1.833s feedback_obs_pack=0.503s feedback_info_pack=0.086s effective_fps=68.59
2026-10-01 23:30:19.146 | INFO     | plugrl_env_client.runner.rollout:log_timing_summary:101 - Intermediate rollout timing summary: env_steps=18485 infer_calls=18485 feedback_calls=18485 infer_wait=264.229s infer_obs_pack=0.310s env_step=2.874s feedback_total=1.918s feedback_obs_pack=0.524s feedback_info_pack=0.085s effective_fps=68.63
2026-10-01 23:30:19.157 | INFO     | plugrl_env_client.runner.rollout:log_timing_summary:101 - Intermediate rollout timing summary: env_steps=18486 infer_calls=18486 feedback_calls=18486 infer_wait=264.257s infer_obs_pack=0.317s env_step=2.816s feedback_total=1.998s feedback_obs_pack=0.545s feedback_info_pack=0.088s effective_fps=68.62
2026-10-01 23:30:19.158 | INFO     | plugrl_env_client.runner.rollout:log_timing_summary:101 - Intermediate rollout timing summary: env_steps=18486 infer_calls=18486 feedback_calls=18486 infer_wait=264.614s infer_obs_pack=0.321s env_step=2.626s feedback_total=1.916s feedback_obs_pack=0.532s feedback_info_pack=0.092s effective_fps=68.60
2026-10-01 23:30:19.158 | INFO     | plugrl_env_client.runner.rollout:log_timing_summary:101 - Intermediate rollout timing summary: env_steps=18486 infer_calls=18486 feedback_calls=18486 infer_wait=264.995s infer_obs_pack=0.300s env_step=2.434s feedback_total=1.808s feedback_obs_pack=0.487s feedback_info_pack=0.083s effective_fps=68.58
2026-10-01 23:30:19.158 | INFO     | plugrl_env_client.runner.rollout:log_timing_summary:101 - Intermediate rollout timing summary: env_steps=18486 infer_calls=18486 feedback_calls=18486 infer_wait=264.655s infer_obs_pack=0.312s env_step=2.619s feedback_total=1.906s feedback_obs_pack=0.517s feedback_info_pack=0.085s effective_fps=68.60
2026-10-01 23:30:19.158 | INFO     | plugrl_env_client.runner.rollout:log_timing_summary:101 - Intermediate rollout timing summary: env_steps=18486 infer_calls=18486 feedback_calls=18486 infer_wait=265.025s infer_obs_pack=0.294s env_step=2.420s feedback_total=1.796s feedback_obs_pack=0.488s feedback_info_pack=0.079s effective_fps=68.58
2026-10-01 23:30:19.158 | INFO     | plugrl_env_client.runner.rollout:log_timing_summary:101 - Intermediate rollout timing summary: env_steps=18486 infer_calls=18486 feedback_calls=18486 infer_wait=264.851s infer_obs_pack=0.300s env_step=2.485s feedback_total=1.861s feedback_obs_pack=0.493s feedback_info_pack=0.096s effective_fps=68.59
2026-10-01 23:30:19.158 | INFO     | plugrl_env_client.runner.rollout:log_timing_summary:101 - Intermediate rollout timing summary: env_steps=18486 infer_calls=18486 feedback_calls=18486 infer_wait=264.395s infer_obs_pack=0.327s env_step=2.739s feedback_total=1.974s feedback_obs_pack=0.543s feedback_info_pack=0.091s effective_fps=68.61
2026-10-01 23:30:19.158 | INFO     | plugrl_env_client.runner.rollout:log_timing_summary:101 - Intermediate rollout timing summary: env_steps=18486 infer_calls=18486 feedback_calls=18486 infer_wait=264.115s infer_obs_pack=0.308s env_step=2.967s feedback_total=1.923s feedback_obs_pack=0.517s feedback_info_pack=0.085s effective_fps=68.64
2026-10-01 23:30:49.151 | INFO     | plugrl_env_client.runner.rollout:log_timing_summary:101 - Intermediate rollout timing summary: env_steps=20568 infer_calls=20568 feedback_calls=20568 infer_wait=293.522s infer_obs_pack=0.344s env_step=3.189s feedback_total=2.132s feedback_obs_pack=0.583s feedback_info_pack=0.096s effective_fps=68.75
2026-10-01 23:30:49.151 | INFO     | plugrl_env_client.runner.rollout:log_timing_summary:101 - Intermediate rollout timing summary: env_steps=20568 infer_calls=20568 feedback_calls=20568 infer_wait=293.652s infer_obs_pack=0.349s env_step=3.089s feedback_total=2.133s feedback_obs_pack=0.576s feedback_info_pack=0.097s effective_fps=68.74
2026-10-01 23:30:49.152 | INFO     | plugrl_env_client.runner.rollout:log_timing_summary:101 - Intermediate rollout timing summary: env_steps=20568 infer_calls=20568 feedback_calls=20568 infer_wait=293.638s infer_obs_pack=0.357s env_step=3.054s feedback_total=2.205s feedback_obs_pack=0.584s feedback_info_pack=0.102s effective_fps=68.73
2026-10-01 23:30:49.152 | INFO     | plugrl_env_client.runner.rollout:log_timing_summary:101 - Intermediate rollout timing summary: env_steps=20568 infer_calls=20568 feedback_calls=20568 infer_wait=294.205s infer_obs_pack=0.340s env_step=2.802s feedback_total=2.041s feedback_obs_pack=0.561s feedback_info_pack=0.095s effective_fps=68.70
2026-10-01 23:30:49.152 | INFO     | plugrl_env_client.runner.rollout:log_timing_summary:101 - Intermediate rollout timing summary: env_steps=20568 infer_calls=20568 feedback_calls=20568 infer_wait=293.823s infer_obs_pack=0.364s env_step=2.931s feedback_total=2.175s feedback_obs_pack=0.590s feedback_info_pack=0.118s effective_fps=68.72
2026-10-01 23:30:49.152 | INFO     | plugrl_env_client.runner.rollout:log_timing_summary:101 - Intermediate rollout timing summary: env_steps=20568 infer_calls=20568 feedback_calls=20568 infer_wait=293.545s infer_obs_pack=0.356s env_step=3.119s feedback_total=2.216s feedback_obs_pack=0.591s feedback_info_pack=0.113s effective_fps=68.73
2026-10-01 23:30:49.153 | INFO     | plugrl_env_client.runner.rollout:log_timing_summary:101 - Intermediate rollout timing summary: env_steps=20568 infer_calls=20568 feedback_calls=20568 infer_wait=293.833s infer_obs_pack=0.364s env_step=2.956s feedback_total=2.167s feedback_obs_pack=0.583s feedback_info_pack=0.100s effective_fps=68.72
2026-10-01 23:30:49.153 | INFO     | plugrl_env_client.runner.rollout:log_timing_summary:101 - Intermediate rollout timing summary: env_steps=20568 infer_calls=20568 feedback_calls=20568 infer_wait=293.745s infer_obs_pack=0.354s env_step=3.002s feedback_total=2.175s feedback_obs_pack=0.576s feedback_info_pack=0.099s effective_fps=68.73
2026-10-01 23:30:49.161 | INFO     | plugrl_env_client.runner.rollout:log_timing_summary:101 - Intermediate rollout timing summary: env_steps=20569 infer_calls=20569 feedback_calls=20569 infer_wait=293.699s infer_obs_pack=0.365s env_step=3.038s feedback_total=2.193s feedback_obs_pack=0.602s feedback_info_pack=0.102s effective_fps=68.72
2026-10-01 23:30:49.161 | INFO     | plugrl_env_client.runner.rollout:log_timing_summary:101 - Intermediate rollout timing summary: env_steps=20569 infer_calls=20569 feedback_calls=20569 infer_wait=294.208s infer_obs_pack=0.334s env_step=2.758s feedback_total=2.069s feedback_obs_pack=0.548s feedback_info_pack=0.107s effective_fps=68.71
2026-10-01 23:30:49.161 | INFO     | plugrl_env_client.runner.rollout:log_timing_summary:101 - Intermediate rollout timing summary: env_steps=20569 infer_calls=20569 feedback_calls=20569 infer_wait=293.533s infer_obs_pack=0.353s env_step=3.124s feedback_total=2.223s feedback_obs_pack=0.607s feedback_info_pack=0.098s effective_fps=68.74
2026-10-01 23:30:49.162 | INFO     | plugrl_env_client.runner.rollout:log_timing_summary:101 - Intermediate rollout timing summary: env_steps=20569 infer_calls=20569 feedback_calls=20569 infer_wait=293.996s infer_obs_pack=0.348s env_step=2.902s feedback_total=2.114s feedback_obs_pack=0.573s feedback_info_pack=0.094s effective_fps=68.71
2026-10-01 23:30:49.161 | INFO     | plugrl_env_client.runner.rollout:log_timing_summary:101 - Intermediate rollout timing summary: env_steps=20569 infer_calls=20569 feedback_calls=20569 infer_wait=293.380s infer_obs_pack=0.342s env_step=3.295s feedback_total=2.138s feedback_obs_pack=0.574s feedback_info_pack=0.096s effective_fps=68.76
2026-10-01 23:30:49.162 | INFO     | plugrl_env_client.runner.rollout:log_timing_summary:101 - Intermediate rollout timing summary: env_steps=20569 infer_calls=20569 feedback_calls=20569 infer_wait=294.359s infer_obs_pack=0.334s env_step=2.704s feedback_total=2.015s feedback_obs_pack=0.545s feedback_info_pack=0.093s effective_fps=68.70
2026-10-01 23:30:49.162 | INFO     | plugrl_env_client.runner.rollout:log_timing_summary:101 - Intermediate rollout timing summary: env_steps=20569 infer_calls=20569 feedback_calls=20569 infer_wait=293.933s infer_obs_pack=0.358s env_step=2.919s feedback_total=2.134s feedback_obs_pack=0.591s feedback_info_pack=0.104s effective_fps=68.71
2026-10-01 23:30:49.162 | INFO     | plugrl_env_client.runner.rollout:log_timing_summary:101 - Intermediate rollout timing summary: env_steps=20569 infer_calls=20569 feedback_calls=20569 infer_wait=294.399s infer_obs_pack=0.328s env_step=2.687s feedback_total=1.997s feedback_obs_pack=0.543s feedback_info_pack=0.088s effective_fps=68.70
2026-10-01 23:31:19.154 | INFO     | plugrl_env_client.runner.rollout:log_timing_summary:101 - Intermediate rollout timing summary: env_steps=22639 infer_calls=22639 feedback_calls=22639 infer_wait=322.834s infer_obs_pack=0.391s env_step=3.427s feedback_total=2.436s feedback_obs_pack=0.649s feedback_info_pack=0.124s effective_fps=68.79
2026-10-01 23:31:19.154 | INFO     | plugrl_env_client.runner.rollout:log_timing_summary:101 - Intermediate rollout timing summary: env_steps=22639 infer_calls=22639 feedback_calls=22639 infer_wait=322.786s infer_obs_pack=0.380s env_step=3.514s feedback_total=2.355s feedback_obs_pack=0.644s feedback_info_pack=0.105s effective_fps=68.80
2026-10-01 23:31:19.154 | INFO     | plugrl_env_client.runner.rollout:log_timing_summary:101 - Intermediate rollout timing summary: env_steps=22639 infer_calls=22639 feedback_calls=22639 infer_wait=323.134s infer_obs_pack=0.401s env_step=3.257s feedback_total=2.389s feedback_obs_pack=0.644s feedback_info_pack=0.110s effective_fps=68.77
2026-10-01 23:31:19.154 | INFO     | plugrl_env_client.runner.rollout:log_timing_summary:101 - Intermediate rollout timing summary: env_steps=22639 infer_calls=22639 feedback_calls=22639 infer_wait=322.956s infer_obs_pack=0.382s env_step=3.396s feedback_total=2.347s feedback_obs_pack=0.633s feedback_info_pack=0.106s effective_fps=68.79
2026-10-01 23:31:19.154 | INFO     | plugrl_env_client.runner.rollout:log_timing_summary:101 - Intermediate rollout timing summary: env_steps=22639 infer_calls=22639 feedback_calls=22639 infer_wait=323.547s infer_obs_pack=0.374s env_step=3.083s feedback_total=2.250s feedback_obs_pack=0.619s feedback_info_pack=0.105s effective_fps=68.76
2026-10-01 23:31:19.154 | INFO     | plugrl_env_client.runner.rollout:log_timing_summary:101 - Intermediate rollout timing summary: env_steps=22639 infer_calls=22639 feedback_calls=22639 infer_wait=323.070s infer_obs_pack=0.390s env_step=3.291s feedback_total=2.385s feedback_obs_pack=0.631s feedback_info_pack=0.109s effective_fps=68.78
2026-10-01 23:31:19.154 | INFO     | plugrl_env_client.runner.rollout:log_timing_summary:101 - Intermediate rollout timing summary: env_steps=22639 infer_calls=22639 feedback_calls=22639 infer_wait=323.125s infer_obs_pack=0.401s env_step=3.224s feedback_total=2.398s feedback_obs_pack=0.649s feedback_info_pack=0.130s effective_fps=68.78
2026-10-01 23:31:19.155 | INFO     | plugrl_env_client.runner.rollout:log_timing_summary:101 - Intermediate rollout timing summary: env_steps=22639 infer_calls=22639 feedback_calls=22639 infer_wait=322.932s infer_obs_pack=0.392s env_step=3.357s feedback_total=2.427s feedback_obs_pack=0.644s feedback_info_pack=0.112s effective_fps=68.79
2026-10-01 23:31:19.166 | INFO     | plugrl_env_client.runner.rollout:log_timing_summary:101 - Intermediate rollout timing summary: env_steps=22640 infer_calls=22640 feedback_calls=22640 infer_wait=322.815s infer_obs_pack=0.390s env_step=3.435s feedback_total=2.451s feedback_obs_pack=0.669s feedback_info_pack=0.110s effective_fps=68.80
2026-10-01 23:31:19.167 | INFO     | plugrl_env_client.runner.rollout:log_timing_summary:101 - Intermediate rollout timing summary: env_steps=22640 infer_calls=22640 feedback_calls=22640 infer_wait=323.566s infer_obs_pack=0.367s env_step=3.032s feedback_total=2.276s feedback_obs_pack=0.603s feedback_info_pack=0.117s effective_fps=68.76
2026-10-01 23:31:19.167 | INFO     | plugrl_env_client.runner.rollout:log_timing_summary:101 - Intermediate rollout timing summary: env_steps=22640 infer_calls=22640 feedback_calls=22640 infer_wait=322.654s infer_obs_pack=0.375s env_step=3.622s feedback_total=2.352s feedback_obs_pack=0.632s feedback_info_pack=0.105s effective_fps=68.81
2026-10-01 23:31:19.167 | INFO     | plugrl_env_client.runner.rollout:log_timing_summary:101 - Intermediate rollout timing summary: env_steps=22640 infer_calls=22640 feedback_calls=22640 infer_wait=323.332s infer_obs_pack=0.383s env_step=3.189s feedback_total=2.324s feedback_obs_pack=0.629s feedback_info_pack=0.103s effective_fps=68.77
2026-10-01 23:31:19.167 | INFO     | plugrl_env_client.runner.rollout:log_timing_summary:101 - Intermediate rollout timing summary: env_steps=22640 infer_calls=22640 feedback_calls=22640 infer_wait=323.258s infer_obs_pack=0.393s env_step=3.209s feedback_total=2.349s feedback_obs_pack=0.651s feedback_info_pack=0.114s effective_fps=68.77
2026-10-01 23:31:19.167 | INFO     | plugrl_env_client.runner.rollout:log_timing_summary:101 - Intermediate rollout timing summary: env_steps=22640 infer_calls=22640 feedback_calls=22640 infer_wait=323.759s infer_obs_pack=0.362s env_step=2.960s feedback_total=2.203s feedback_obs_pack=0.600s feedback_info_pack=0.097s effective_fps=68.75
2026-10-01 23:31:19.167 | INFO     | plugrl_env_client.runner.rollout:log_timing_summary:101 - Intermediate rollout timing summary: env_steps=22640 infer_calls=22640 feedback_calls=22640 infer_wait=322.993s infer_obs_pack=0.403s env_step=3.343s feedback_total=2.414s feedback_obs_pack=0.661s feedback_info_pack=0.112s effective_fps=68.78
2026-10-01 23:31:19.167 | INFO     | plugrl_env_client.runner.rollout:log_timing_summary:101 - Intermediate rollout timing summary: env_steps=22640 infer_calls=22640 feedback_calls=22640 infer_wait=323.710s infer_obs_pack=0.370s env_step=2.983s feedback_total=2.222s feedback_obs_pack=0.601s feedback_info_pack=0.102s effective_fps=68.76
2026-10-01 23:31:49.158 | INFO     | plugrl_env_client.runner.rollout:log_timing_summary:101 - Intermediate rollout timing summary: env_steps=24651 infer_calls=24651 feedback_calls=24651 infer_wait=352.249s infer_obs_pack=0.417s env_step=3.707s feedback_total=2.562s feedback_obs_pack=0.689s feedback_info_pack=0.116s effective_fps=68.68
2026-10-01 23:31:49.158 | INFO     | plugrl_env_client.runner.rollout:log_timing_summary:101 - Intermediate rollout timing summary: env_steps=24651 infer_calls=24651 feedback_calls=24651 infer_wait=352.098s infer_obs_pack=0.430s env_step=3.742s feedback_total=2.666s feedback_obs_pack=0.711s feedback_info_pack=0.135s effective_fps=68.68
2026-10-01 23:31:49.158 | INFO     | plugrl_env_client.runner.rollout:log_timing_summary:101 - Intermediate rollout timing summary: env_steps=24651 infer_calls=24651 feedback_calls=24651 infer_wait=352.060s infer_obs_pack=0.416s env_step=3.828s feedback_total=2.568s feedback_obs_pack=0.701s feedback_info_pack=0.115s effective_fps=68.69
2026-10-01 23:31:49.158 | INFO     | plugrl_env_client.runner.rollout:log_timing_summary:101 - Intermediate rollout timing summary: env_steps=24651 infer_calls=24651 feedback_calls=24651 infer_wait=352.469s infer_obs_pack=0.435s env_step=3.542s feedback_total=2.600s feedback_obs_pack=0.702s feedback_info_pack=0.119s effective_fps=68.66
2026-10-01 23:31:49.158 | INFO     | plugrl_env_client.runner.rollout:log_timing_summary:101 - Intermediate rollout timing summary: env_steps=24651 infer_calls=24651 feedback_calls=24651 infer_wait=352.369s infer_obs_pack=0.426s env_step=3.594s feedback_total=2.605s feedback_obs_pack=0.690s feedback_info_pack=0.119s effective_fps=68.67
2026-10-01 23:31:49.158 | INFO     | plugrl_env_client.runner.rollout:log_timing_summary:101 - Intermediate rollout timing summary: env_steps=24651 infer_calls=24651 feedback_calls=24651 infer_wait=352.442s infer_obs_pack=0.438s env_step=3.512s feedback_total=2.618s feedback_obs_pack=0.709s feedback_info_pack=0.142s effective_fps=68.66
2026-10-01 23:31:49.159 | INFO     | plugrl_env_client.runner.rollout:log_timing_summary:101 - Intermediate rollout timing summary: env_steps=24651 infer_calls=24651 feedback_calls=24651 infer_wait=352.901s infer_obs_pack=0.408s env_step=3.362s feedback_total=2.456s feedback_obs_pack=0.675s feedback_info_pack=0.114s effective_fps=68.64
2026-10-01 23:31:49.159 | INFO     | plugrl_env_client.runner.rollout:log_timing_summary:101 - Intermediate rollout timing summary: env_steps=24651 infer_calls=24651 feedback_calls=24651 infer_wait=352.206s infer_obs_pack=0.430s env_step=3.666s feedback_total=2.657s feedback_obs_pack=0.705s feedback_info_pack=0.122s effective_fps=68.67
2026-10-01 23:31:49.167 | INFO     | plugrl_env_client.runner.rollout:log_timing_summary:101 - Intermediate rollout timing summary: env_steps=24652 infer_calls=24652 feedback_calls=24652 infer_wait=352.100s infer_obs_pack=0.426s env_step=3.740s feedback_total=2.674s feedback_obs_pack=0.730s feedback_info_pack=0.119s effective_fps=68.68
2026-10-01 23:31:49.167 | INFO     | plugrl_env_client.runner.rollout:log_timing_summary:101 - Intermediate rollout timing summary: env_steps=24652 infer_calls=24652 feedback_calls=24652 infer_wait=352.678s infer_obs_pack=0.418s env_step=3.467s feedback_total=2.532s feedback_obs_pack=0.685s feedback_info_pack=0.112s effective_fps=68.65
2026-10-01 23:31:49.167 | INFO     | plugrl_env_client.runner.rollout:log_timing_summary:101 - Intermediate rollout timing summary: env_steps=24652 infer_calls=24652 feedback_calls=24652 infer_wait=351.943s infer_obs_pack=0.406s env_step=3.934s feedback_total=2.556s feedback_obs_pack=0.686s feedback_info_pack=0.113s effective_fps=68.70
2026-10-01 23:31:49.167 | INFO     | plugrl_env_client.runner.rollout:log_timing_summary:101 - Intermediate rollout timing summary: env_steps=24652 infer_calls=24652 feedback_calls=24652 infer_wait=353.128s infer_obs_pack=0.395s env_step=3.229s feedback_total=2.402s feedback_obs_pack=0.655s feedback_info_pack=0.105s effective_fps=68.64
2026-10-01 23:31:49.167 | INFO     | plugrl_env_client.runner.rollout:log_timing_summary:101 - Intermediate rollout timing summary: env_steps=24652 infer_calls=24652 feedback_calls=24652 infer_wait=352.578s infer_obs_pack=0.429s env_step=3.502s feedback_total=2.565s feedback_obs_pack=0.711s feedback_info_pack=0.124s effective_fps=68.65
2026-10-01 23:31:49.168 | INFO     | plugrl_env_client.runner.rollout:log_timing_summary:101 - Intermediate rollout timing summary: env_steps=24652 infer_calls=24652 feedback_calls=24652 infer_wait=352.917s infer_obs_pack=0.401s env_step=3.307s feedback_total=2.484s feedback_obs_pack=0.658s feedback_info_pack=0.128s effective_fps=68.65
2026-10-01 23:31:49.177 | INFO     | plugrl_env_client.runner.rollout:log_timing_summary:101 - Intermediate rollout timing summary: env_steps=24653 infer_calls=24653 feedback_calls=24653 infer_wait=353.100s infer_obs_pack=0.402s env_step=3.245s feedback_total=2.420s feedback_obs_pack=0.655s feedback_info_pack=0.111s effective_fps=68.64
2026-10-01 23:31:49.178 | INFO     | plugrl_env_client.runner.rollout:log_timing_summary:101 - Intermediate rollout timing summary: env_steps=24653 infer_calls=24653 feedback_calls=24653 infer_wait=352.299s infer_obs_pack=0.440s env_step=3.646s feedback_total=2.633s feedback_obs_pack=0.722s feedback_info_pack=0.123s effective_fps=68.67
2026-10-01 23:32:03.594 | WARNING  | plugrl_env_client.agent.websocket_env_client_agent:infer:341 - Connection closed during INFER/ACTION exchange. Error: no close frame received or sent. Retrying...
2026-10-01 23:32:03.594 | WARNING  | plugrl_env_client.agent.websocket_env_client_agent:infer:341 - Connection closed during INFER/ACTION exchange. Error: no close frame received or sent. Retrying...
2026-10-01 23:32:03.594 | WARNING  | plugrl_env_client.agent.websocket_env_client_agent:infer:341 - Connection closed during INFER/ACTION exchange. Error: no close frame received or sent. Retrying...
2026-10-01 23:32:03.594 | WARNING  | plugrl_env_client.agent.websocket_env_client_agent:_ensure_connection:267 - Connection closed. Attempting to re-establish connection.
2026-10-01 23:32:03.594 | WARNING  | plugrl_env_client.agent.websocket_env_client_agent:_ensure_connection:267 - Connection closed. Attempting to re-establish connection.
2026-10-01 23:32:03.594 | INFO     | plugrl_env_client.agent.websocket_env_client_agent:_wait_for_server:203 - Waiting for server at ws://127.0.0.1:8800...
2026-10-01 23:32:03.594 | INFO     | plugrl_env_client.agent.websocket_env_client_agent:_wait_for_server:203 - Waiting for server at ws://127.0.0.1:8800...
2026-10-01 23:32:03.594 | WARNING  | plugrl_env_client.agent.websocket_env_client_agent:_ensure_connection:267 - Connection closed. Attempting to re-establish connection.
2026-10-01 23:32:03.594 | INFO     | plugrl_env_client.agent.websocket_env_client_agent:_wait_for_server:203 - Waiting for server at ws://127.0.0.1:8800...
2026-10-01 23:32:03.594 | WARNING  | plugrl_env_client.agent.websocket_env_client_agent:infer:341 - Connection closed during INFER/ACTION exchange. Error: no close frame received or sent. Retrying...
2026-10-01 23:32:03.594 | WARNING  | plugrl_env_client.agent.websocket_env_client_agent:_wait_for_server:252 - Server not available or connection failed. Retrying in 5 seconds...
2026-10-01 23:32:03.594 | WARNING  | plugrl_env_client.agent.websocket_env_client_agent:_ensure_connection:267 - Connection closed. Attempting to re-establish connection.
2026-10-01 23:32:03.594 | WARNING  | plugrl_env_client.agent.websocket_env_client_agent:_wait_for_server:252 - Server not available or connection failed. Retrying in 5 seconds...
2026-10-01 23:32:03.594 | INFO     | plugrl_env_client.agent.websocket_env_client_agent:_wait_for_server:203 - Waiting for server at ws://127.0.0.1:8800...
2026-10-01 23:32:03.594 | WARNING  | plugrl_env_client.agent.websocket_env_client_agent:infer:341 - Connection closed during INFER/ACTION exchange. Error: no close frame received or sent. Retrying...
2026-10-01 23:32:03.594 | WARNING  | plugrl_env_client.agent.websocket_env_client_agent:infer:341 - Connection closed during INFER/ACTION exchange. Error: no close frame received or sent. Retrying...
2026-10-01 23:32:03.594 | WARNING  | plugrl_env_client.agent.websocket_env_client_agent:infer:341 - Connection closed during INFER/ACTION exchange. Error: no close frame received or sent. Retrying...
2026-10-01 23:32:03.594 | WARNING  | plugrl_env_client.agent.websocket_env_client_agent:infer:341 - Connection closed during INFER/ACTION exchange. Error: no close frame received or sent. Retrying...
2026-10-01 23:32:03.594 | WARNING  | plugrl_env_client.agent.websocket_env_client_agent:infer:341 - Connection closed during INFER/ACTION exchange. Error: no close frame received or sent. Retrying...
2026-10-01 23:32:03.594 | WARNING  | plugrl_env_client.agent.websocket_env_client_agent:_ensure_connection:267 - Connection closed. Attempting to re-establish connection.
2026-10-01 23:32:03.594 | WARNING  | plugrl_env_client.agent.websocket_env_client_agent:_wait_for_server:252 - Server not available or connection failed. Retrying in 5 seconds...
2026-10-01 23:32:03.594 | WARNING  | plugrl_env_client.agent.websocket_env_client_agent:_ensure_connection:267 - Connection closed. Attempting to re-establish connection.
2026-10-01 23:32:03.594 | INFO     | plugrl_env_client.agent.websocket_env_client_agent:_wait_for_server:203 - Waiting for server at ws://127.0.0.1:8800...
2026-10-01 23:32:03.594 | WARNING  | plugrl_env_client.agent.websocket_env_client_agent:_ensure_connection:267 - Connection closed. Attempting to re-establish connection.
2026-10-01 23:32:03.594 | WARNING  | plugrl_env_client.agent.websocket_env_client_agent:_ensure_connection:267 - Connection closed. Attempting to re-establish connection.
2026-10-01 23:32:03.594 | INFO     | plugrl_env_client.agent.websocket_env_client_agent:_wait_for_server:203 - Waiting for server at ws://127.0.0.1:8800...
2026-10-01 23:32:03.594 | WARNING  | plugrl_env_client.agent.websocket_env_client_agent:_ensure_connection:267 - Connection closed. Attempting to re-establish connection.
2026-10-01 23:32:03.594 | INFO     | plugrl_env_client.agent.websocket_env_client_agent:_wait_for_server:203 - Waiting for server at ws://127.0.0.1:8800...
2026-10-01 23:32:03.594 | INFO     | plugrl_env_client.agent.websocket_env_client_agent:_wait_for_server:203 - Waiting for server at ws://127.0.0.1:8800...
2026-10-01 23:32:03.594 | INFO     | plugrl_env_client.agent.websocket_env_client_agent:_wait_for_server:203 - Waiting for server at ws://127.0.0.1:8800...
2026-10-01 23:32:03.594 | WARNING  | plugrl_env_client.agent.websocket_env_client_agent:infer:341 - Connection closed during INFER/ACTION exchange. Error: no close frame received or sent. Retrying...
2026-10-01 23:32:03.594 | WARNING  | plugrl_env_client.agent.websocket_env_client_agent:_wait_for_server:252 - Server not available or connection failed. Retrying in 5 seconds...
2026-10-01 23:32:03.594 | WARNING  | plugrl_env_client.agent.websocket_env_client_agent:_wait_for_server:252 - Server not available or connection failed. Retrying in 5 seconds...
2026-10-01 23:32:03.594 | WARNING  | plugrl_env_client.agent.websocket_env_client_agent:_ensure_connection:267 - Connection closed. Attempting to re-establish connection.
2026-10-01 23:32:03.594 | WARNING  | plugrl_env_client.agent.websocket_env_client_agent:_wait_for_server:252 - Server not available or connection failed. Retrying in 5 seconds...
2026-10-01 23:32:03.594 | WARNING  | plugrl_env_client.agent.websocket_env_client_agent:_wait_for_server:252 - Server not available or connection failed. Retrying in 5 seconds...
2026-10-01 23:32:03.594 | WARNING  | plugrl_env_client.agent.websocket_env_client_agent:_wait_for_server:252 - Server not available or connection failed. Retrying in 5 seconds...
2026-10-01 23:32:03.595 | WARNING  | plugrl_env_client.agent.websocket_env_client_agent:infer:341 - Connection closed during INFER/ACTION exchange. Error: no close frame received or sent. Retrying...
2026-10-01 23:32:03.595 | WARNING  | plugrl_env_client.agent.websocket_env_client_agent:infer:341 - Connection closed during INFER/ACTION exchange. Error: no close frame received or sent. Retrying...
2026-10-01 23:32:03.595 | WARNING  | plugrl_env_client.agent.websocket_env_client_agent:infer:341 - Connection closed during INFER/ACTION exchange. Error: no close frame received or sent. Retrying...
2026-10-01 23:32:03.595 | WARNING  | plugrl_env_client.agent.websocket_env_client_agent:_ensure_connection:267 - Connection closed. Attempting to re-establish connection.
2026-10-01 23:32:03.595 | WARNING  | plugrl_env_client.agent.websocket_env_client_agent:_ensure_connection:267 - Connection closed. Attempting to re-establish connection.
2026-10-01 23:32:03.595 | WARNING  | plugrl_env_client.agent.websocket_env_client_agent:_ensure_connection:267 - Connection closed. Attempting to re-establish connection.
2026-10-01 23:32:03.595 | INFO     | plugrl_env_client.agent.websocket_env_client_agent:_wait_for_server:203 - Waiting for server at ws://127.0.0.1:8800...
2026-10-01 23:32:03.595 | INFO     | plugrl_env_client.agent.websocket_env_client_agent:_wait_for_server:203 - Waiting for server at ws://127.0.0.1:8800...
2026-10-01 23:32:03.595 | INFO     | plugrl_env_client.agent.websocket_env_client_agent:_wait_for_server:203 - Waiting for server at ws://127.0.0.1:8800...
2026-10-01 23:32:03.595 | WARNING  | plugrl_env_client.agent.websocket_env_client_agent:_wait_for_server:252 - Server not available or connection failed. Retrying in 5 seconds...
2026-10-01 23:32:03.595 | WARNING  | plugrl_env_client.agent.websocket_env_client_agent:infer:341 - Connection closed during INFER/ACTION exchange. Error: no close frame received or sent. Retrying...
2026-10-01 23:32:03.595 | WARNING  | plugrl_env_client.agent.websocket_env_client_agent:_wait_for_server:252 - Server not available or connection failed. Retrying in 5 seconds...
2026-10-01 23:32:03.595 | WARNING  | plugrl_env_client.agent.websocket_env_client_agent:_ensure_connection:267 - Connection closed. Attempting to re-establish connection.
2026-10-01 23:32:03.595 | INFO     | plugrl_env_client.agent.websocket_env_client_agent:_wait_for_server:203 - Waiting for server at ws://127.0.0.1:8800...
2026-10-01 23:32:03.595 | WARNING  | plugrl_env_client.agent.websocket_env_client_agent:infer:341 - Connection closed during INFER/ACTION exchange. Error: no close frame received or sent. Retrying...
2026-10-01 23:32:03.594 | INFO     | plugrl_env_client.agent.websocket_env_client_agent:_wait_for_server:203 - Waiting for server at ws://127.0.0.1:8800...
2026-10-01 23:32:03.595 | WARNING  | plugrl_env_client.agent.websocket_env_client_agent:infer:341 - Connection closed during INFER/ACTION exchange. Error: no close frame received or sent. Retrying...
2026-10-01 23:32:03.595 | WARNING  | plugrl_env_client.agent.websocket_env_client_agent:_wait_for_server:252 - Server not available or connection failed. Retrying in 5 seconds...
2026-10-01 23:32:03.595 | WARNING  | plugrl_env_client.agent.websocket_env_client_agent:_ensure_connection:267 - Connection closed. Attempting to re-establish connection.
2026-10-01 23:32:03.595 | INFO     | plugrl_env_client.agent.websocket_env_client_agent:_wait_for_server:203 - Waiting for server at ws://127.0.0.1:8800...
2026-10-01 23:32:03.595 | WARNING  | plugrl_env_client.agent.websocket_env_client_agent:_wait_for_server:252 - Server not available or connection failed. Retrying in 5 seconds...
2026-10-01 23:32:03.595 | WARNING  | plugrl_env_client.agent.websocket_env_client_agent:_wait_for_server:252 - Server not available or connection failed. Retrying in 5 seconds...
2026-10-01 23:32:03.595 | WARNING  | plugrl_env_client.agent.websocket_env_client_agent:_wait_for_server:252 - Server not available or connection failed. Retrying in 5 seconds...
2026-10-01 23:32:03.596 | WARNING  | plugrl_env_client.agent.websocket_env_client_agent:_ensure_connection:267 - Connection closed. Attempting to re-establish connection.
2026-10-01 23:32:03.596 | INFO     | plugrl_env_client.agent.websocket_env_client_agent:_wait_for_server:203 - Waiting for server at ws://127.0.0.1:8800...
2026-10-01 23:32:03.596 | WARNING  | plugrl_env_client.agent.websocket_env_client_agent:_wait_for_server:252 - Server not available or connection failed. Retrying in 5 seconds...
2026-10-01 23:32:03.596 | WARNING  | plugrl_env_client.agent.websocket_env_client_agent:_wait_for_server:252 - Server not available or connection failed. Retrying in 5 seconds...
2026-10-01 23:32:08.595 | WARNING  | plugrl_env_client.agent.websocket_env_client_agent:_wait_for_server:252 - Server not available or connection failed. Retrying in 5 seconds...
2026-10-01 23:32:08.595 | WARNING  | plugrl_env_client.agent.websocket_env_client_agent:_wait_for_server:252 - Server not available or connection failed. Retrying in 5 seconds...
2026-10-01 23:32:08.595 | WARNING  | plugrl_env_client.agent.websocket_env_client_agent:_wait_for_server:252 - Server not available or connection failed. Retrying in 5 seconds...
2026-10-01 23:32:08.595 | WARNING  | plugrl_env_client.agent.websocket_env_client_agent:_wait_for_server:252 - Server not available or connection failed. Retrying in 5 seconds...
2026-10-01 23:32:08.595 | WARNING  | plugrl_env_client.agent.websocket_env_client_agent:_wait_for_server:252 - Server not available or connection failed. Retrying in 5 seconds...
2026-10-01 23:32:08.595 | WARNING  | plugrl_env_client.agent.websocket_env_client_agent:_wait_for_server:252 - Server not available or connection failed. Retrying in 5 seconds...
2026-10-01 23:32:08.595 | WARNING  | plugrl_env_client.agent.websocket_env_client_agent:_wait_for_server:252 - Server not available or connection failed. Retrying in 5 seconds...
2026-10-01 23:32:08.595 | WARNING  | plugrl_env_client.agent.websocket_env_client_agent:_wait_for_server:252 - Server not available or connection failed. Retrying in 5 seconds...
2026-10-01 23:32:08.595 | WARNING  | plugrl_env_client.agent.websocket_env_client_agent:_wait_for_server:252 - Server not available or connection failed. Retrying in 5 seconds...
2026-10-01 23:32:08.595 | WARNING  | plugrl_env_client.agent.websocket_env_client_agent:_wait_for_server:252 - Server not available or connection failed. Retrying in 5 seconds...
2026-10-01 23:32:08.596 | WARNING  | plugrl_env_client.agent.websocket_env_client_agent:_wait_for_server:252 - Server not available or connection failed. Retrying in 5 seconds...
2026-10-01 23:32:08.596 | WARNING  | plugrl_env_client.agent.websocket_env_client_agent:_wait_for_server:252 - Server not available or connection failed. Retrying in 5 seconds...
2026-10-01 23:32:08.596 | WARNING  | plugrl_env_client.agent.websocket_env_client_agent:_wait_for_server:252 - Server not available or connection failed. Retrying in 5 seconds...
2026-10-01 23:32:08.596 | WARNING  | plugrl_env_client.agent.websocket_env_client_agent:_wait_for_server:252 - Server not available or connection failed. Retrying in 5 seconds...
2026-10-01 23:32:08.596 | WARNING  | plugrl_env_client.agent.websocket_env_client_agent:_wait_for_server:252 - Server not available or connection failed. Retrying in 5 seconds...
2026-10-01 23:32:08.597 | WARNING  | plugrl_env_client.agent.websocket_env_client_agent:_wait_for_server:252 - Server not available or connection failed. Retrying in 5 seconds...
