2026-10-01 23:38:44.623 | WARNING  | plugrl_env_client.envs:_load_env_modules:27 - Skip loading env module plugrl_env_client.envs.classic.classic_env: pygame is not installed. Please install it with pip install "plugrl-env-client[classic]".
2026-10-01 23:38:44.623 | WARNING  | plugrl_env_client.envs:_load_env_modules:27 - Skip loading env module plugrl_env_client.envs.atari.atari_env: Atari is not installed. Please install it with the 'atari' extra, e.g. 'pip install plugrl-env-client[atari]'
2026-10-01 23:38:44.623 | WARNING  | plugrl_env_client.envs:_load_env_modules:27 - Skip loading env module plugrl_env_client.envs.d4rl.d4rl_env: d4rl is not installed. Please install it with pip install "plugrl-env-client[d4rl]".
2026-10-01 23:38:44.623 | WARNING  | plugrl_env_client.envs:_load_env_modules:27 - Skip loading env module plugrl_env_client.envs.libero.libero_env: libero is not installed. Please install it with pip install "plugrl-env-client[libero]".
2026-10-01 23:38:44.624 | WARNING  | plugrl_env_client.envs:_load_env_modules:27 - Skip loading env module plugrl_env_client.envs.robomimic.robomimic_env: Robomimic is not installed. Please install it with the 'robomimic' extra, e.g. 'pip install plugrl-env-client[robomimic]'
2026-10-01 23:38:44.665 | INFO     | __main__:main:87 - Starting env client exp_name=rlinf-clients output_dir=runs/rlinf-clients recorder={'episode_freq': 0, 'thread0_only': True, 'record_video': False, 'video_fps': 30.0, 'record_full_rollout': False, 'record_obs_stats': True, 'record_episode_metrics': True, 'metric_window': 100}
2026-10-01 23:38:44.771 | WARNING  | plugrl_env_client.envs:_load_env_modules:27 - Skip loading env module plugrl_env_client.envs.classic.classic_env: pygame is not installed. Please install it with pip install "plugrl-env-client[classic]".
2026-10-01 23:38:44.771 | WARNING  | plugrl_env_client.envs:_load_env_modules:27 - Skip loading env module plugrl_env_client.envs.classic.classic_env: pygame is not installed. Please install it with pip install "plugrl-env-client[classic]".
2026-10-01 23:38:44.772 | WARNING  | plugrl_env_client.envs:_load_env_modules:27 - Skip loading env module plugrl_env_client.envs.atari.atari_env: Atari is not installed. Please install it with the 'atari' extra, e.g. 'pip install plugrl-env-client[atari]'
2026-10-01 23:38:44.772 | WARNING  | plugrl_env_client.envs:_load_env_modules:27 - Skip loading env module plugrl_env_client.envs.atari.atari_env: Atari is not installed. Please install it with the 'atari' extra, e.g. 'pip install plugrl-env-client[atari]'
2026-10-01 23:38:44.772 | WARNING  | plugrl_env_client.envs:_load_env_modules:27 - Skip loading env module plugrl_env_client.envs.d4rl.d4rl_env: d4rl is not installed. Please install it with pip install "plugrl-env-client[d4rl]".
2026-10-01 23:38:44.772 | WARNING  | plugrl_env_client.envs:_load_env_modules:27 - Skip loading env module plugrl_env_client.envs.d4rl.d4rl_env: d4rl is not installed. Please install it with pip install "plugrl-env-client[d4rl]".
2026-10-01 23:38:44.772 | WARNING  | plugrl_env_client.envs:_load_env_modules:27 - Skip loading env module plugrl_env_client.envs.libero.libero_env: libero is not installed. Please install it with pip install "plugrl-env-client[libero]".
2026-10-01 23:38:44.772 | WARNING  | plugrl_env_client.envs:_load_env_modules:27 - Skip loading env module plugrl_env_client.envs.libero.libero_env: libero is not installed. Please install it with pip install "plugrl-env-client[libero]".
2026-10-01 23:38:44.772 | WARNING  | plugrl_env_client.envs:_load_env_modules:27 - Skip loading env module plugrl_env_client.envs.robomimic.robomimic_env: Robomimic is not installed. Please install it with the 'robomimic' extra, e.g. 'pip install plugrl-env-client[robomimic]'
2026-10-01 23:38:44.772 | WARNING  | plugrl_env_client.envs:_load_env_modules:27 - Skip loading env module plugrl_env_client.envs.robomimic.robomimic_env: Robomimic is not installed. Please install it with the 'robomimic' extra, e.g. 'pip install plugrl-env-client[robomimic]'
2026-10-01 23:38:44.778 | WARNING  | plugrl_env_client.envs:_load_env_modules:27 - Skip loading env module plugrl_env_client.envs.classic.classic_env: pygame is not installed. Please install it with pip install "plugrl-env-client[classic]".
2026-10-01 23:38:44.779 | WARNING  | plugrl_env_client.envs:_load_env_modules:27 - Skip loading env module plugrl_env_client.envs.atari.atari_env: Atari is not installed. Please install it with the 'atari' extra, e.g. 'pip install plugrl-env-client[atari]'
2026-10-01 23:38:44.779 | WARNING  | plugrl_env_client.envs:_load_env_modules:27 - Skip loading env module plugrl_env_client.envs.d4rl.d4rl_env: d4rl is not installed. Please install it with pip install "plugrl-env-client[d4rl]".
2026-10-01 23:38:44.779 | WARNING  | plugrl_env_client.envs:_load_env_modules:27 - Skip loading env module plugrl_env_client.envs.libero.libero_env: libero is not installed. Please install it with pip install "plugrl-env-client[libero]".
2026-10-01 23:38:44.780 | WARNING  | plugrl_env_client.envs:_load_env_modules:27 - Skip loading env module plugrl_env_client.envs.robomimic.robomimic_env: Robomimic is not installed. Please install it with the 'robomimic' extra, e.g. 'pip install plugrl-env-client[robomimic]'
2026-10-01 23:38:44.787 | WARNING  | plugrl_env_client.envs:_load_env_modules:27 - Skip loading env module plugrl_env_client.envs.classic.classic_env: pygame is not installed. Please install it with pip install "plugrl-env-client[classic]".
2026-10-01 23:38:44.788 | WARNING  | plugrl_env_client.envs:_load_env_modules:27 - Skip loading env module plugrl_env_client.envs.atari.atari_env: Atari is not installed. Please install it with the 'atari' extra, e.g. 'pip install plugrl-env-client[atari]'
2026-10-01 23:38:44.788 | WARNING  | plugrl_env_client.envs:_load_env_modules:27 - Skip loading env module plugrl_env_client.envs.d4rl.d4rl_env: d4rl is not installed. Please install it with pip install "plugrl-env-client[d4rl]".
2026-10-01 23:38:44.788 | WARNING  | plugrl_env_client.envs:_load_env_modules:27 - Skip loading env module plugrl_env_client.envs.libero.libero_env: libero is not installed. Please install it with pip install "plugrl-env-client[libero]".
2026-10-01 23:38:44.789 | WARNING  | plugrl_env_client.envs:_load_env_modules:27 - Skip loading env module plugrl_env_client.envs.robomimic.robomimic_env: Robomimic is not installed. Please install it with the 'robomimic' extra, e.g. 'pip install plugrl-env-client[robomimic]'
2026-10-01 23:38:44.790 | WARNING  | plugrl_env_client.envs:_load_env_modules:27 - Skip loading env module plugrl_env_client.envs.classic.classic_env: pygame is not installed. Please install it with pip install "plugrl-env-client[classic]".
2026-10-01 23:38:44.790 | WARNING  | plugrl_env_client.envs:_load_env_modules:27 - Skip loading env module plugrl_env_client.envs.classic.classic_env: pygame is not installed. Please install it with pip install "plugrl-env-client[classic]".
2026-10-01 23:38:44.790 | WARNING  | plugrl_env_client.envs:_load_env_modules:27 - Skip loading env module plugrl_env_client.envs.atari.atari_env: Atari is not installed. Please install it with the 'atari' extra, e.g. 'pip install plugrl-env-client[atari]'
2026-10-01 23:38:44.790 | WARNING  | plugrl_env_client.envs:_load_env_modules:27 - Skip loading env module plugrl_env_client.envs.atari.atari_env: Atari is not installed. Please install it with the 'atari' extra, e.g. 'pip install plugrl-env-client[atari]'
2026-10-01 23:38:44.790 | WARNING  | plugrl_env_client.envs:_load_env_modules:27 - Skip loading env module plugrl_env_client.envs.d4rl.d4rl_env: d4rl is not installed. Please install it with pip install "plugrl-env-client[d4rl]".
2026-10-01 23:38:44.790 | WARNING  | plugrl_env_client.envs:_load_env_modules:27 - Skip loading env module plugrl_env_client.envs.d4rl.d4rl_env: d4rl is not installed. Please install it with pip install "plugrl-env-client[d4rl]".
2026-10-01 23:38:44.790 | WARNING  | plugrl_env_client.envs:_load_env_modules:27 - Skip loading env module plugrl_env_client.envs.libero.libero_env: libero is not installed. Please install it with pip install "plugrl-env-client[libero]".
2026-10-01 23:38:44.790 | WARNING  | plugrl_env_client.envs:_load_env_modules:27 - Skip loading env module plugrl_env_client.envs.libero.libero_env: libero is not installed. Please install it with pip install "plugrl-env-client[libero]".
2026-10-01 23:38:44.791 | WARNING  | plugrl_env_client.envs:_load_env_modules:27 - Skip loading env module plugrl_env_client.envs.robomimic.robomimic_env: Robomimic is not installed. Please install it with the 'robomimic' extra, e.g. 'pip install plugrl-env-client[robomimic]'
2026-10-01 23:38:44.791 | WARNING  | plugrl_env_client.envs:_load_env_modules:27 - Skip loading env module plugrl_env_client.envs.robomimic.robomimic_env: Robomimic is not installed. Please install it with the 'robomimic' extra, e.g. 'pip install plugrl-env-client[robomimic]'
2026-10-01 23:38:44.791 | WARNING  | plugrl_env_client.envs:_load_env_modules:27 - Skip loading env module plugrl_env_client.envs.classic.classic_env: pygame is not installed. Please install it with pip install "plugrl-env-client[classic]".
2026-10-01 23:38:44.791 | WARNING  | plugrl_env_client.envs:_load_env_modules:27 - Skip loading env module plugrl_env_client.envs.atari.atari_env: Atari is not installed. Please install it with the 'atari' extra, e.g. 'pip install plugrl-env-client[atari]'
2026-10-01 23:38:44.791 | WARNING  | plugrl_env_client.envs:_load_env_modules:27 - Skip loading env module plugrl_env_client.envs.d4rl.d4rl_env: d4rl is not installed. Please install it with pip install "plugrl-env-client[d4rl]".
2026-10-01 23:38:44.792 | WARNING  | plugrl_env_client.envs:_load_env_modules:27 - Skip loading env module plugrl_env_client.envs.libero.libero_env: libero is not installed. Please install it with pip install "plugrl-env-client[libero]".
2026-10-01 23:38:44.792 | WARNING  | plugrl_env_client.envs:_load_env_modules:27 - Skip loading env module plugrl_env_client.envs.robomimic.robomimic_env: Robomimic is not installed. Please install it with the 'robomimic' extra, e.g. 'pip install plugrl-env-client[robomimic]'
2026-10-01 23:38:44.800 | WARNING  | plugrl_env_client.envs:_load_env_modules:27 - Skip loading env module plugrl_env_client.envs.classic.classic_env: pygame is not installed. Please install it with pip install "plugrl-env-client[classic]".
2026-10-01 23:38:44.801 | WARNING  | plugrl_env_client.envs:_load_env_modules:27 - Skip loading env module plugrl_env_client.envs.atari.atari_env: Atari is not installed. Please install it with the 'atari' extra, e.g. 'pip install plugrl-env-client[atari]'
2026-10-01 23:38:44.801 | WARNING  | plugrl_env_client.envs:_load_env_modules:27 - Skip loading env module plugrl_env_client.envs.d4rl.d4rl_env: d4rl is not installed. Please install it with pip install "plugrl-env-client[d4rl]".
2026-10-01 23:38:44.801 | WARNING  | plugrl_env_client.envs:_load_env_modules:27 - Skip loading env module plugrl_env_client.envs.libero.libero_env: libero is not installed. Please install it with pip install "plugrl-env-client[libero]".
2026-10-01 23:38:44.802 | WARNING  | plugrl_env_client.envs:_load_env_modules:27 - Skip loading env module plugrl_env_client.envs.robomimic.robomimic_env: Robomimic is not installed. Please install it with the 'robomimic' extra, e.g. 'pip install plugrl-env-client[robomimic]'
2026-10-01 23:38:44.807 | WARNING  | plugrl_env_client.envs:_load_env_modules:27 - Skip loading env module plugrl_env_client.envs.classic.classic_env: pygame is not installed. Please install it with pip install "plugrl-env-client[classic]".
2026-10-01 23:38:44.807 | WARNING  | plugrl_env_client.envs:_load_env_modules:27 - Skip loading env module plugrl_env_client.envs.classic.classic_env: pygame is not installed. Please install it with pip install "plugrl-env-client[classic]".
2026-10-01 23:38:44.807 | WARNING  | plugrl_env_client.envs:_load_env_modules:27 - Skip loading env module plugrl_env_client.envs.classic.classic_env: pygame is not installed. Please install it with pip install "plugrl-env-client[classic]".
2026-10-01 23:38:44.807 | WARNING  | plugrl_env_client.envs:_load_env_modules:27 - Skip loading env module plugrl_env_client.envs.classic.classic_env: pygame is not installed. Please install it with pip install "plugrl-env-client[classic]".
2026-10-01 23:38:44.808 | WARNING  | plugrl_env_client.envs:_load_env_modules:27 - Skip loading env module plugrl_env_client.envs.classic.classic_env: pygame is not installed. Please install it with pip install "plugrl-env-client[classic]".
2026-10-01 23:38:44.808 | WARNING  | plugrl_env_client.envs:_load_env_modules:27 - Skip loading env module plugrl_env_client.envs.atari.atari_env: Atari is not installed. Please install it with the 'atari' extra, e.g. 'pip install plugrl-env-client[atari]'
2026-10-01 23:38:44.808 | WARNING  | plugrl_env_client.envs:_load_env_modules:27 - Skip loading env module plugrl_env_client.envs.atari.atari_env: Atari is not installed. Please install it with the 'atari' extra, e.g. 'pip install plugrl-env-client[atari]'
2026-10-01 23:38:44.808 | WARNING  | plugrl_env_client.envs:_load_env_modules:27 - Skip loading env module plugrl_env_client.envs.atari.atari_env: Atari is not installed. Please install it with the 'atari' extra, e.g. 'pip install plugrl-env-client[atari]'
2026-10-01 23:38:44.808 | WARNING  | plugrl_env_client.envs:_load_env_modules:27 - Skip loading env module plugrl_env_client.envs.atari.atari_env: Atari is not installed. Please install it with the 'atari' extra, e.g. 'pip install plugrl-env-client[atari]'
2026-10-01 23:38:44.808 | WARNING  | plugrl_env_client.envs:_load_env_modules:27 - Skip loading env module plugrl_env_client.envs.d4rl.d4rl_env: d4rl is not installed. Please install it with pip install "plugrl-env-client[d4rl]".
2026-10-01 23:38:44.808 | WARNING  | plugrl_env_client.envs:_load_env_modules:27 - Skip loading env module plugrl_env_client.envs.atari.atari_env: Atari is not installed. Please install it with the 'atari' extra, e.g. 'pip install plugrl-env-client[atari]'
2026-10-01 23:38:44.808 | WARNING  | plugrl_env_client.envs:_load_env_modules:27 - Skip loading env module plugrl_env_client.envs.d4rl.d4rl_env: d4rl is not installed. Please install it with pip install "plugrl-env-client[d4rl]".
2026-10-01 23:38:44.808 | WARNING  | plugrl_env_client.envs:_load_env_modules:27 - Skip loading env module plugrl_env_client.envs.d4rl.d4rl_env: d4rl is not installed. Please install it with pip install "plugrl-env-client[d4rl]".
2026-10-01 23:38:44.808 | WARNING  | plugrl_env_client.envs:_load_env_modules:27 - Skip loading env module plugrl_env_client.envs.classic.classic_env: pygame is not installed. Please install it with pip install "plugrl-env-client[classic]".
2026-10-01 23:38:44.808 | WARNING  | plugrl_env_client.envs:_load_env_modules:27 - Skip loading env module plugrl_env_client.envs.d4rl.d4rl_env: d4rl is not installed. Please install it with pip install "plugrl-env-client[d4rl]".
2026-10-01 23:38:44.808 | WARNING  | plugrl_env_client.envs:_load_env_modules:27 - Skip loading env module plugrl_env_client.envs.classic.classic_env: pygame is not installed. Please install it with pip install "plugrl-env-client[classic]".
2026-10-01 23:38:44.808 | WARNING  | plugrl_env_client.envs:_load_env_modules:27 - Skip loading env module plugrl_env_client.envs.libero.libero_env: libero is not installed. Please install it with pip install "plugrl-env-client[libero]".
2026-10-01 23:38:44.808 | WARNING  | plugrl_env_client.envs:_load_env_modules:27 - Skip loading env module plugrl_env_client.envs.libero.libero_env: libero is not installed. Please install it with pip install "plugrl-env-client[libero]".
2026-10-01 23:38:44.808 | WARNING  | plugrl_env_client.envs:_load_env_modules:27 - Skip loading env module plugrl_env_client.envs.d4rl.d4rl_env: d4rl is not installed. Please install it with pip install "plugrl-env-client[d4rl]".
2026-10-01 23:38:44.808 | WARNING  | plugrl_env_client.envs:_load_env_modules:27 - Skip loading env module plugrl_env_client.envs.libero.libero_env: libero is not installed. Please install it with pip install "plugrl-env-client[libero]".
2026-10-01 23:38:44.808 | WARNING  | plugrl_env_client.envs:_load_env_modules:27 - Skip loading env module plugrl_env_client.envs.atari.atari_env: Atari is not installed. Please install it with the 'atari' extra, e.g. 'pip install plugrl-env-client[atari]'
2026-10-01 23:38:44.808 | WARNING  | plugrl_env_client.envs:_load_env_modules:27 - Skip loading env module plugrl_env_client.envs.libero.libero_env: libero is not installed. Please install it with pip install "plugrl-env-client[libero]".
2026-10-01 23:38:44.808 | WARNING  | plugrl_env_client.envs:_load_env_modules:27 - Skip loading env module plugrl_env_client.envs.atari.atari_env: Atari is not installed. Please install it with the 'atari' extra, e.g. 'pip install plugrl-env-client[atari]'
2026-10-01 23:38:44.808 | WARNING  | plugrl_env_client.envs:_load_env_modules:27 - Skip loading env module plugrl_env_client.envs.libero.libero_env: libero is not installed. Please install it with pip install "plugrl-env-client[libero]".
2026-10-01 23:38:44.809 | WARNING  | plugrl_env_client.envs:_load_env_modules:27 - Skip loading env module plugrl_env_client.envs.d4rl.d4rl_env: d4rl is not installed. Please install it with pip install "plugrl-env-client[d4rl]".
2026-10-01 23:38:44.809 | WARNING  | plugrl_env_client.envs:_load_env_modules:27 - Skip loading env module plugrl_env_client.envs.d4rl.d4rl_env: d4rl is not installed. Please install it with pip install "plugrl-env-client[d4rl]".
2026-10-01 23:38:44.809 | WARNING  | plugrl_env_client.envs:_load_env_modules:27 - Skip loading env module plugrl_env_client.envs.libero.libero_env: libero is not installed. Please install it with pip install "plugrl-env-client[libero]".
2026-10-01 23:38:44.809 | WARNING  | plugrl_env_client.envs:_load_env_modules:27 - Skip loading env module plugrl_env_client.envs.libero.libero_env: libero is not installed. Please install it with pip install "plugrl-env-client[libero]".
2026-10-01 23:38:44.809 | WARNING  | plugrl_env_client.envs:_load_env_modules:27 - Skip loading env module plugrl_env_client.envs.robomimic.robomimic_env: Robomimic is not installed. Please install it with the 'robomimic' extra, e.g. 'pip install plugrl-env-client[robomimic]'
2026-10-01 23:38:44.809 | WARNING  | plugrl_env_client.envs:_load_env_modules:27 - Skip loading env module plugrl_env_client.envs.robomimic.robomimic_env: Robomimic is not installed. Please install it with the 'robomimic' extra, e.g. 'pip install plugrl-env-client[robomimic]'
2026-10-01 23:38:44.809 | WARNING  | plugrl_env_client.envs:_load_env_modules:27 - Skip loading env module plugrl_env_client.envs.robomimic.robomimic_env: Robomimic is not installed. Please install it with the 'robomimic' extra, e.g. 'pip install plugrl-env-client[robomimic]'
2026-10-01 23:38:44.809 | WARNING  | plugrl_env_client.envs:_load_env_modules:27 - Skip loading env module plugrl_env_client.envs.robomimic.robomimic_env: Robomimic is not installed. Please install it with the 'robomimic' extra, e.g. 'pip install plugrl-env-client[robomimic]'
2026-10-01 23:38:44.809 | WARNING  | plugrl_env_client.envs:_load_env_modules:27 - Skip loading env module plugrl_env_client.envs.robomimic.robomimic_env: Robomimic is not installed. Please install it with the 'robomimic' extra, e.g. 'pip install plugrl-env-client[robomimic]'
2026-10-01 23:38:44.809 | WARNING  | plugrl_env_client.envs:_load_env_modules:27 - Skip loading env module plugrl_env_client.envs.robomimic.robomimic_env: Robomimic is not installed. Please install it with the 'robomimic' extra, e.g. 'pip install plugrl-env-client[robomimic]'
2026-10-01 23:38:44.810 | WARNING  | plugrl_env_client.envs:_load_env_modules:27 - Skip loading env module plugrl_env_client.envs.robomimic.robomimic_env: Robomimic is not installed. Please install it with the 'robomimic' extra, e.g. 'pip install plugrl-env-client[robomimic]'
2026-10-01 23:38:44.810 | WARNING  | plugrl_env_client.envs:_load_env_modules:27 - Skip loading env module plugrl_env_client.envs.classic.classic_env: pygame is not installed. Please install it with pip install "plugrl-env-client[classic]".
2026-10-01 23:38:44.811 | WARNING  | plugrl_env_client.envs:_load_env_modules:27 - Skip loading env module plugrl_env_client.envs.atari.atari_env: Atari is not installed. Please install it with the 'atari' extra, e.g. 'pip install plugrl-env-client[atari]'
2026-10-01 23:38:44.811 | WARNING  | plugrl_env_client.envs:_load_env_modules:27 - Skip loading env module plugrl_env_client.envs.d4rl.d4rl_env: d4rl is not installed. Please install it with pip install "plugrl-env-client[d4rl]".
2026-10-01 23:38:44.811 | WARNING  | plugrl_env_client.envs:_load_env_modules:27 - Skip loading env module plugrl_env_client.envs.libero.libero_env: libero is not installed. Please install it with pip install "plugrl-env-client[libero]".
2026-10-01 23:38:44.812 | WARNING  | plugrl_env_client.envs:_load_env_modules:27 - Skip loading env module plugrl_env_client.envs.robomimic.robomimic_env: Robomimic is not installed. Please install it with the 'robomimic' extra, e.g. 'pip install plugrl-env-client[robomimic]'
2026-10-01 23:38:44.839 | INFO     | plugrl_env_client.agent.websocket_env_client_agent:_wait_for_server:203 - Waiting for server at ws://127.0.0.1:8800...
2026-10-01 23:38:44.839 | WARNING  | plugrl_env_client.agent.websocket_env_client_agent:_wait_for_server:252 - Server not available or connection failed. Retrying in 5 seconds...
2026-10-01 23:38:44.843 | INFO     | plugrl_env_client.agent.websocket_env_client_agent:_wait_for_server:203 - Waiting for server at ws://127.0.0.1:8800...
2026-10-01 23:38:44.843 | WARNING  | plugrl_env_client.agent.websocket_env_client_agent:_wait_for_server:252 - Server not available or connection failed. Retrying in 5 seconds...
2026-10-01 23:38:44.849 | INFO     | plugrl_env_client.agent.websocket_env_client_agent:_wait_for_server:203 - Waiting for server at ws://127.0.0.1:8800...
2026-10-01 23:38:44.850 | WARNING  | plugrl_env_client.agent.websocket_env_client_agent:_wait_for_server:252 - Server not available or connection failed. Retrying in 5 seconds...
2026-10-01 23:38:44.854 | INFO     | plugrl_env_client.agent.websocket_env_client_agent:_wait_for_server:203 - Waiting for server at ws://127.0.0.1:8800...
2026-10-01 23:38:44.855 | WARNING  | plugrl_env_client.agent.websocket_env_client_agent:_wait_for_server:252 - Server not available or connection failed. Retrying in 5 seconds...
2026-10-01 23:38:44.857 | INFO     | plugrl_env_client.agent.websocket_env_client_agent:_wait_for_server:203 - Waiting for server at ws://127.0.0.1:8800...
2026-10-01 23:38:44.858 | WARNING  | plugrl_env_client.agent.websocket_env_client_agent:_wait_for_server:252 - Server not available or connection failed. Retrying in 5 seconds...
2026-10-01 23:38:44.862 | INFO     | plugrl_env_client.agent.websocket_env_client_agent:_wait_for_server:203 - Waiting for server at ws://127.0.0.1:8800...
2026-10-01 23:38:44.863 | WARNING  | plugrl_env_client.agent.websocket_env_client_agent:_wait_for_server:252 - Server not available or connection failed. Retrying in 5 seconds...
2026-10-01 23:38:44.873 | INFO     | plugrl_env_client.agent.websocket_env_client_agent:_wait_for_server:203 - Waiting for server at ws://127.0.0.1:8800...
2026-10-01 23:38:44.874 | WARNING  | plugrl_env_client.agent.websocket_env_client_agent:_wait_for_server:252 - Server not available or connection failed. Retrying in 5 seconds...
2026-10-01 23:38:44.875 | INFO     | plugrl_env_client.agent.websocket_env_client_agent:_wait_for_server:203 - Waiting for server at ws://127.0.0.1:8800...
2026-10-01 23:38:44.876 | WARNING  | plugrl_env_client.agent.websocket_env_client_agent:_wait_for_server:252 - Server not available or connection failed. Retrying in 5 seconds...
2026-10-01 23:38:44.885 | INFO     | plugrl_env_client.agent.websocket_env_client_agent:_wait_for_server:203 - Waiting for server at ws://127.0.0.1:8800...
2026-10-01 23:38:44.886 | WARNING  | plugrl_env_client.agent.websocket_env_client_agent:_wait_for_server:252 - Server not available or connection failed. Retrying in 5 seconds...
2026-10-01 23:38:44.887 | INFO     | plugrl_env_client.agent.websocket_env_client_agent:_wait_for_server:203 - Waiting for server at ws://127.0.0.1:8800...
2026-10-01 23:38:44.888 | WARNING  | plugrl_env_client.agent.websocket_env_client_agent:_wait_for_server:252 - Server not available or connection failed. Retrying in 5 seconds...
2026-10-01 23:38:44.888 | INFO     | plugrl_env_client.agent.websocket_env_client_agent:_wait_for_server:203 - Waiting for server at ws://127.0.0.1:8800...
2026-10-01 23:38:44.889 | WARNING  | plugrl_env_client.agent.websocket_env_client_agent:_wait_for_server:252 - Server not available or connection failed. Retrying in 5 seconds...
2026-10-01 23:38:44.890 | INFO     | plugrl_env_client.agent.websocket_env_client_agent:_wait_for_server:203 - Waiting for server at ws://127.0.0.1:8800...
2026-10-01 23:38:44.891 | INFO     | plugrl_env_client.agent.websocket_env_client_agent:_wait_for_server:203 - Waiting for server at ws://127.0.0.1:8800...
2026-10-01 23:38:44.891 | WARNING  | plugrl_env_client.agent.websocket_env_client_agent:_wait_for_server:252 - Server not available or connection failed. Retrying in 5 seconds...
2026-10-01 23:38:44.892 | WARNING  | plugrl_env_client.agent.websocket_env_client_agent:_wait_for_server:252 - Server not available or connection failed. Retrying in 5 seconds...
2026-10-01 23:38:44.892 | INFO     | plugrl_env_client.agent.websocket_env_client_agent:_wait_for_server:203 - Waiting for server at ws://127.0.0.1:8800...
2026-10-01 23:38:44.893 | WARNING  | plugrl_env_client.agent.websocket_env_client_agent:_wait_for_server:252 - Server not available or connection failed. Retrying in 5 seconds...
2026-10-01 23:38:44.896 | INFO     | plugrl_env_client.agent.websocket_env_client_agent:_wait_for_server:203 - Waiting for server at ws://127.0.0.1:8800...
2026-10-01 23:38:44.896 | WARNING  | plugrl_env_client.agent.websocket_env_client_agent:_wait_for_server:252 - Server not available or connection failed. Retrying in 5 seconds...
2026-10-01 23:38:44.914 | INFO     | plugrl_env_client.agent.websocket_env_client_agent:_wait_for_server:203 - Waiting for server at ws://127.0.0.1:8800...
2026-10-01 23:38:44.915 | WARNING  | plugrl_env_client.agent.websocket_env_client_agent:_wait_for_server:252 - Server not available or connection failed. Retrying in 5 seconds...
2026-10-01 23:38:49.840 | WARNING  | plugrl_env_client.agent.websocket_env_client_agent:_wait_for_server:252 - Server not available or connection failed. Retrying in 5 seconds...
2026-10-01 23:38:49.844 | WARNING  | plugrl_env_client.agent.websocket_env_client_agent:_wait_for_server:252 - Server not available or connection failed. Retrying in 5 seconds...
2026-10-01 23:38:49.850 | WARNING  | plugrl_env_client.agent.websocket_env_client_agent:_wait_for_server:252 - Server not available or connection failed. Retrying in 5 seconds...
2026-10-01 23:38:49.856 | WARNING  | plugrl_env_client.agent.websocket_env_client_agent:_wait_for_server:252 - Server not available or connection failed. Retrying in 5 seconds...
2026-10-01 23:38:49.858 | WARNING  | plugrl_env_client.agent.websocket_env_client_agent:_wait_for_server:252 - Server not available or connection failed. Retrying in 5 seconds...
2026-10-01 23:38:49.863 | WARNING  | plugrl_env_client.agent.websocket_env_client_agent:_wait_for_server:252 - Server not available or connection failed. Retrying in 5 seconds...
2026-10-01 23:38:49.875 | WARNING  | plugrl_env_client.agent.websocket_env_client_agent:_wait_for_server:252 - Server not available or connection failed. Retrying in 5 seconds...
2026-10-01 23:38:49.876 | WARNING  | plugrl_env_client.agent.websocket_env_client_agent:_wait_for_server:252 - Server not available or connection failed. Retrying in 5 seconds...
2026-10-01 23:38:49.886 | WARNING  | plugrl_env_client.agent.websocket_env_client_agent:_wait_for_server:252 - Server not available or connection failed. Retrying in 5 seconds...
2026-10-01 23:38:49.888 | WARNING  | plugrl_env_client.agent.websocket_env_client_agent:_wait_for_server:252 - Server not available or connection failed. Retrying in 5 seconds...
2026-10-01 23:38:49.890 | WARNING  | plugrl_env_client.agent.websocket_env_client_agent:_wait_for_server:252 - Server not available or connection failed. Retrying in 5 seconds...
2026-10-01 23:38:49.892 | WARNING  | plugrl_env_client.agent.websocket_env_client_agent:_wait_for_server:252 - Server not available or connection failed. Retrying in 5 seconds...
2026-10-01 23:38:49.893 | WARNING  | plugrl_env_client.agent.websocket_env_client_agent:_wait_for_server:252 - Server not available or connection failed. Retrying in 5 seconds...
2026-10-01 23:38:49.893 | WARNING  | plugrl_env_client.agent.websocket_env_client_agent:_wait_for_server:252 - Server not available or connection failed. Retrying in 5 seconds...
2026-10-01 23:38:49.897 | WARNING  | plugrl_env_client.agent.websocket_env_client_agent:_wait_for_server:252 - Server not available or connection failed. Retrying in 5 seconds...
2026-10-01 23:38:49.915 | WARNING  | plugrl_env_client.agent.websocket_env_client_agent:_wait_for_server:252 - Server not available or connection failed. Retrying in 5 seconds...
2026-10-01 23:38:54.843 | INFO     | plugrl_env_client.runner.run:report_server_metadata:56 - Server metadata: {'protocol_version': 1, 'server': 'plugrl-rlinf', 'action_horizon': 1, 'action_dim': 6, 'num_envs': 16, 'lockstep': True, 'features': ['reuse-feedback-obs']}
2026-10-01 23:38:54.847 | INFO     | plugrl_env_client.runner.run:report_server_metadata:56 - Server metadata: {'protocol_version': 1, 'server': 'plugrl-rlinf', 'action_horizon': 1, 'action_dim': 6, 'num_envs': 16, 'lockstep': True, 'features': ['reuse-feedback-obs']}
2026-10-01 23:38:54.853 | INFO     | plugrl_env_client.runner.run:report_server_metadata:56 - Server metadata: {'protocol_version': 1, 'server': 'plugrl-rlinf', 'action_horizon': 1, 'action_dim': 6, 'num_envs': 16, 'lockstep': True, 'features': ['reuse-feedback-obs']}
2026-10-01 23:38:54.857 | INFO     | plugrl_env_client.runner.run:report_server_metadata:56 - Server metadata: {'protocol_version': 1, 'server': 'plugrl-rlinf', 'action_horizon': 1, 'action_dim': 6, 'num_envs': 16, 'lockstep': True, 'features': ['reuse-feedback-obs']}
2026-10-01 23:38:54.860 | INFO     | plugrl_env_client.runner.run:report_server_metadata:56 - Server metadata: {'protocol_version': 1, 'server': 'plugrl-rlinf', 'action_horizon': 1, 'action_dim': 6, 'num_envs': 16, 'lockstep': True, 'features': ['reuse-feedback-obs']}
2026-10-01 23:38:54.866 | INFO     | plugrl_env_client.runner.run:report_server_metadata:56 - Server metadata: {'protocol_version': 1, 'server': 'plugrl-rlinf', 'action_horizon': 1, 'action_dim': 6, 'num_envs': 16, 'lockstep': True, 'features': ['reuse-feedback-obs']}
2026-10-01 23:38:54.877 | INFO     | plugrl_env_client.runner.run:report_server_metadata:56 - Server metadata: {'protocol_version': 1, 'server': 'plugrl-rlinf', 'action_horizon': 1, 'action_dim': 6, 'num_envs': 16, 'lockstep': True, 'features': ['reuse-feedback-obs']}
2026-10-01 23:38:54.879 | INFO     | plugrl_env_client.runner.run:report_server_metadata:56 - Server metadata: {'protocol_version': 1, 'server': 'plugrl-rlinf', 'action_horizon': 1, 'action_dim': 6, 'num_envs': 16, 'lockstep': True, 'features': ['reuse-feedback-obs']}
2026-10-01 23:38:54.889 | INFO     | plugrl_env_client.runner.run:report_server_metadata:56 - Server metadata: {'protocol_version': 1, 'server': 'plugrl-rlinf', 'action_horizon': 1, 'action_dim': 6, 'num_envs': 16, 'lockstep': True, 'features': ['reuse-feedback-obs']}
2026-10-01 23:38:54.891 | INFO     | plugrl_env_client.runner.run:report_server_metadata:56 - Server metadata: {'protocol_version': 1, 'server': 'plugrl-rlinf', 'action_horizon': 1, 'action_dim': 6, 'num_envs': 16, 'lockstep': True, 'features': ['reuse-feedback-obs']}
2026-10-01 23:38:54.892 | INFO     | plugrl_env_client.runner.run:report_server_metadata:56 - Server metadata: {'protocol_version': 1, 'server': 'plugrl-rlinf', 'action_horizon': 1, 'action_dim': 6, 'num_envs': 16, 'lockstep': True, 'features': ['reuse-feedback-obs']}
2026-10-01 23:38:54.895 | INFO     | plugrl_env_client.runner.run:report_server_metadata:56 - Server metadata: {'protocol_version': 1, 'server': 'plugrl-rlinf', 'action_horizon': 1, 'action_dim': 6, 'num_envs': 16, 'lockstep': True, 'features': ['reuse-feedback-obs']}
2026-10-01 23:38:54.895 | INFO     | plugrl_env_client.runner.run:report_server_metadata:56 - Server metadata: {'protocol_version': 1, 'server': 'plugrl-rlinf', 'action_horizon': 1, 'action_dim': 6, 'num_envs': 16, 'lockstep': True, 'features': ['reuse-feedback-obs']}
2026-10-01 23:38:54.896 | INFO     | plugrl_env_client.runner.run:report_server_metadata:56 - Server metadata: {'protocol_version': 1, 'server': 'plugrl-rlinf', 'action_horizon': 1, 'action_dim': 6, 'num_envs': 16, 'lockstep': True, 'features': ['reuse-feedback-obs']}
2026-10-01 23:38:54.899 | INFO     | plugrl_env_client.runner.run:report_server_metadata:56 - Server metadata: {'protocol_version': 1, 'server': 'plugrl-rlinf', 'action_horizon': 1, 'action_dim': 6, 'num_envs': 16, 'lockstep': True, 'features': ['reuse-feedback-obs']}
2026-10-01 23:38:54.918 | INFO     | plugrl_env_client.runner.run:report_server_metadata:56 - Server metadata: {'protocol_version': 1, 'server': 'plugrl-rlinf', 'action_horizon': 1, 'action_dim': 6, 'num_envs': 16, 'lockstep': True, 'features': ['reuse-feedback-obs']}
2026-10-01 23:39:24.856 | INFO     | plugrl_env_client.runner.rollout:log_timing_summary:101 - Intermediate rollout timing summary: env_steps=1988 infer_calls=1988 feedback_calls=1988 infer_wait=29.289s infer_obs_pack=0.033s env_step=0.325s feedback_total=0.207s feedback_obs_pack=0.058s feedback_info_pack=0.009s effective_fps=66.59
2026-10-01 23:39:24.856 | INFO     | plugrl_env_client.runner.rollout:log_timing_summary:101 - Intermediate rollout timing summary: env_steps=1988 infer_calls=1988 feedback_calls=1988 infer_wait=29.292s infer_obs_pack=0.034s env_step=0.315s feedback_total=0.211s feedback_obs_pack=0.056s feedback_info_pack=0.009s effective_fps=66.60
2026-10-01 23:39:24.856 | INFO     | plugrl_env_client.runner.rollout:log_timing_summary:101 - Intermediate rollout timing summary: env_steps=1988 infer_calls=1988 feedback_calls=1988 infer_wait=29.301s infer_obs_pack=0.033s env_step=0.303s feedback_total=0.207s feedback_obs_pack=0.057s feedback_info_pack=0.011s effective_fps=66.61
2026-10-01 23:39:24.869 | INFO     | plugrl_env_client.runner.rollout:log_timing_summary:101 - Intermediate rollout timing summary: env_steps=1989 infer_calls=1989 feedback_calls=1989 infer_wait=29.305s infer_obs_pack=0.037s env_step=0.303s feedback_total=0.218s feedback_obs_pack=0.059s feedback_info_pack=0.010s effective_fps=66.61
2026-10-01 23:39:24.869 | INFO     | plugrl_env_client.runner.rollout:log_timing_summary:101 - Intermediate rollout timing summary: env_steps=1989 infer_calls=1989 feedback_calls=1989 infer_wait=29.343s infer_obs_pack=0.033s env_step=0.284s feedback_total=0.203s feedback_obs_pack=0.057s feedback_info_pack=0.009s effective_fps=66.61
2026-10-01 23:39:24.870 | INFO     | plugrl_env_client.runner.rollout:log_timing_summary:101 - Intermediate rollout timing summary: env_steps=1989 infer_calls=1989 feedback_calls=1989 infer_wait=29.292s infer_obs_pack=0.035s env_step=0.314s feedback_total=0.215s feedback_obs_pack=0.056s feedback_info_pack=0.010s effective_fps=66.62
2026-10-01 23:39:24.880 | INFO     | plugrl_env_client.runner.rollout:log_timing_summary:101 - Intermediate rollout timing summary: env_steps=1990 infer_calls=1990 feedback_calls=1990 infer_wait=29.352s infer_obs_pack=0.035s env_step=0.276s feedback_total=0.205s feedback_obs_pack=0.055s feedback_info_pack=0.010s effective_fps=66.63
2026-10-01 23:39:24.880 | INFO     | plugrl_env_client.runner.rollout:log_timing_summary:101 - Intermediate rollout timing summary: env_steps=1990 infer_calls=1990 feedback_calls=1990 infer_wait=29.324s infer_obs_pack=0.036s env_step=0.292s feedback_total=0.212s feedback_obs_pack=0.059s feedback_info_pack=0.010s effective_fps=66.64
2026-10-01 23:39:24.892 | INFO     | plugrl_env_client.runner.rollout:log_timing_summary:101 - Intermediate rollout timing summary: env_steps=1991 infer_calls=1991 feedback_calls=1991 infer_wait=29.331s infer_obs_pack=0.035s env_step=0.289s feedback_total=0.208s feedback_obs_pack=0.057s feedback_info_pack=0.009s effective_fps=66.67
2026-10-01 23:39:24.904 | INFO     | plugrl_env_client.runner.rollout:log_timing_summary:101 - Intermediate rollout timing summary: env_steps=1992 infer_calls=1992 feedback_calls=1992 infer_wait=29.390s infer_obs_pack=0.032s env_step=0.264s feedback_total=0.196s feedback_obs_pack=0.053s feedback_info_pack=0.009s effective_fps=66.66
2026-10-01 23:39:24.904 | INFO     | plugrl_env_client.runner.rollout:log_timing_summary:101 - Intermediate rollout timing summary: env_steps=1992 infer_calls=1992 feedback_calls=1992 infer_wait=29.382s infer_obs_pack=0.033s env_step=0.266s feedback_total=0.197s feedback_obs_pack=0.051s feedback_info_pack=0.009s effective_fps=66.67
2026-10-01 23:39:24.904 | INFO     | plugrl_env_client.runner.rollout:log_timing_summary:101 - Intermediate rollout timing summary: env_steps=1992 infer_calls=1992 feedback_calls=1992 infer_wait=29.385s infer_obs_pack=0.033s env_step=0.270s feedback_total=0.194s feedback_obs_pack=0.053s feedback_info_pack=0.009s effective_fps=66.66
2026-10-01 23:39:24.904 | INFO     | plugrl_env_client.runner.rollout:log_timing_summary:101 - Intermediate rollout timing summary: env_steps=1992 infer_calls=1992 feedback_calls=1992 infer_wait=29.355s infer_obs_pack=0.034s env_step=0.282s feedback_total=0.206s feedback_obs_pack=0.055s feedback_info_pack=0.012s effective_fps=66.67
2026-10-01 23:39:24.904 | INFO     | plugrl_env_client.runner.rollout:log_timing_summary:101 - Intermediate rollout timing summary: env_steps=1992 infer_calls=1992 feedback_calls=1992 infer_wait=29.339s infer_obs_pack=0.036s env_step=0.288s feedback_total=0.214s feedback_obs_pack=0.059s feedback_info_pack=0.009s effective_fps=66.67
2026-10-01 23:39:24.905 | INFO     | plugrl_env_client.runner.rollout:log_timing_summary:101 - Intermediate rollout timing summary: env_steps=1992 infer_calls=1992 feedback_calls=1992 infer_wait=29.373s infer_obs_pack=0.032s env_step=0.278s feedback_total=0.198s feedback_obs_pack=0.054s feedback_info_pack=0.009s effective_fps=66.67
2026-10-01 23:39:24.920 | INFO     | plugrl_env_client.runner.rollout:log_timing_summary:101 - Intermediate rollout timing summary: env_steps=1993 infer_calls=1993 feedback_calls=1993 infer_wait=29.399s infer_obs_pack=0.031s env_step=0.262s feedback_total=0.188s feedback_obs_pack=0.051s feedback_info_pack=0.009s effective_fps=66.70
2026-10-01 23:39:54.865 | INFO     | plugrl_env_client.runner.rollout:log_timing_summary:101 - Intermediate rollout timing summary: env_steps=4047 infer_calls=4047 feedback_calls=4047 infer_wait=58.582s infer_obs_pack=0.067s env_step=0.628s feedback_total=0.421s feedback_obs_pack=0.111s feedback_info_pack=0.018s effective_fps=67.79
2026-10-01 23:39:54.865 | INFO     | plugrl_env_client.runner.rollout:log_timing_summary:101 - Intermediate rollout timing summary: env_steps=4047 infer_calls=4047 feedback_calls=4047 infer_wait=58.585s infer_obs_pack=0.064s env_step=0.643s feedback_total=0.413s feedback_obs_pack=0.113s feedback_info_pack=0.018s effective_fps=67.78
2026-10-01 23:39:54.865 | INFO     | plugrl_env_client.runner.rollout:log_timing_summary:101 - Intermediate rollout timing summary: env_steps=4047 infer_calls=4047 feedback_calls=4047 infer_wait=58.581s infer_obs_pack=0.067s env_step=0.627s feedback_total=0.420s feedback_obs_pack=0.115s feedback_info_pack=0.021s effective_fps=67.79
2026-10-01 23:39:54.875 | INFO     | plugrl_env_client.runner.rollout:log_timing_summary:101 - Intermediate rollout timing summary: env_steps=4048 infer_calls=4048 feedback_calls=4048 infer_wait=58.660s infer_obs_pack=0.067s env_step=0.585s feedback_total=0.416s feedback_obs_pack=0.117s feedback_info_pack=0.018s effective_fps=67.77
2026-10-01 23:39:54.875 | INFO     | plugrl_env_client.runner.rollout:log_timing_summary:101 - Intermediate rollout timing summary: env_steps=4048 infer_calls=4048 feedback_calls=4048 infer_wait=58.591s infer_obs_pack=0.073s env_step=0.610s feedback_total=0.439s feedback_obs_pack=0.119s feedback_info_pack=0.021s effective_fps=67.79
2026-10-01 23:39:54.875 | INFO     | plugrl_env_client.runner.rollout:log_timing_summary:101 - Intermediate rollout timing summary: env_steps=4048 infer_calls=4048 feedback_calls=4048 infer_wait=58.601s infer_obs_pack=0.070s env_step=0.615s feedback_total=0.424s feedback_obs_pack=0.113s feedback_info_pack=0.020s effective_fps=67.79
2026-10-01 23:39:54.885 | INFO     | plugrl_env_client.runner.rollout:log_timing_summary:101 - Intermediate rollout timing summary: env_steps=4049 infer_calls=4049 feedback_calls=4049 infer_wait=58.623s infer_obs_pack=0.072s env_step=0.600s feedback_total=0.431s feedback_obs_pack=0.122s feedback_info_pack=0.020s effective_fps=67.79
2026-10-01 23:39:54.885 | INFO     | plugrl_env_client.runner.rollout:log_timing_summary:101 - Intermediate rollout timing summary: env_steps=4049 infer_calls=4049 feedback_calls=4049 infer_wait=58.631s infer_obs_pack=0.072s env_step=0.588s feedback_total=0.434s feedback_obs_pack=0.116s feedback_info_pack=0.021s effective_fps=67.79
2026-10-01 23:39:54.898 | INFO     | plugrl_env_client.runner.rollout:log_timing_summary:101 - Intermediate rollout timing summary: env_steps=4050 infer_calls=4050 feedback_calls=4050 infer_wait=58.657s infer_obs_pack=0.070s env_step=0.583s feedback_total=0.417s feedback_obs_pack=0.113s feedback_info_pack=0.019s effective_fps=67.81
2026-10-01 23:39:54.910 | INFO     | plugrl_env_client.runner.rollout:log_timing_summary:101 - Intermediate rollout timing summary: env_steps=4051 infer_calls=4051 feedback_calls=4051 infer_wait=58.675s infer_obs_pack=0.070s env_step=0.578s feedback_total=0.423s feedback_obs_pack=0.116s feedback_info_pack=0.019s effective_fps=67.80
2026-10-01 23:39:54.911 | INFO     | plugrl_env_client.runner.rollout:log_timing_summary:101 - Intermediate rollout timing summary: env_steps=4051 infer_calls=4051 feedback_calls=4051 infer_wait=58.718s infer_obs_pack=0.067s env_step=0.560s feedback_total=0.409s feedback_obs_pack=0.109s feedback_info_pack=0.024s effective_fps=67.79
2026-10-01 23:39:54.911 | INFO     | plugrl_env_client.runner.rollout:log_timing_summary:101 - Intermediate rollout timing summary: env_steps=4051 infer_calls=4051 feedback_calls=4051 infer_wait=58.769s infer_obs_pack=0.064s env_step=0.536s feedback_total=0.395s feedback_obs_pack=0.107s feedback_info_pack=0.017s effective_fps=67.78
2026-10-01 23:39:54.911 | INFO     | plugrl_env_client.runner.rollout:log_timing_summary:101 - Intermediate rollout timing summary: env_steps=4051 infer_calls=4051 feedback_calls=4051 infer_wait=58.714s infer_obs_pack=0.066s env_step=0.565s feedback_total=0.408s feedback_obs_pack=0.110s feedback_info_pack=0.019s effective_fps=67.80
2026-10-01 23:39:54.911 | INFO     | plugrl_env_client.runner.rollout:log_timing_summary:101 - Intermediate rollout timing summary: env_steps=4051 infer_calls=4051 feedback_calls=4051 infer_wait=58.748s infer_obs_pack=0.067s env_step=0.541s feedback_total=0.402s feedback_obs_pack=0.104s feedback_info_pack=0.019s effective_fps=67.79
2026-10-01 23:39:54.911 | INFO     | plugrl_env_client.runner.rollout:log_timing_summary:101 - Intermediate rollout timing summary: env_steps=4051 infer_calls=4051 feedback_calls=4051 infer_wait=58.710s infer_obs_pack=0.067s env_step=0.568s feedback_total=0.405s feedback_obs_pack=0.110s feedback_info_pack=0.019s effective_fps=67.80
2026-10-01 23:39:54.926 | INFO     | plugrl_env_client.runner.rollout:log_timing_summary:101 - Intermediate rollout timing summary: env_steps=4052 infer_calls=4052 feedback_calls=4052 infer_wait=58.776s infer_obs_pack=0.062s env_step=0.529s feedback_total=0.386s feedback_obs_pack=0.104s feedback_info_pack=0.017s effective_fps=67.81
2026-10-01 23:40:24.873 | INFO     | plugrl_env_client.runner.rollout:log_timing_summary:101 - Intermediate rollout timing summary: env_steps=6131 infer_calls=6131 feedback_calls=6131 infer_wait=87.869s infer_obs_pack=0.095s env_step=0.968s feedback_total=0.620s feedback_obs_pack=0.168s feedback_info_pack=0.028s effective_fps=68.46
2026-10-01 23:40:24.874 | INFO     | plugrl_env_client.runner.rollout:log_timing_summary:101 - Intermediate rollout timing summary: env_steps=6131 infer_calls=6131 feedback_calls=6131 infer_wait=87.889s infer_obs_pack=0.100s env_step=0.935s feedback_total=0.632s feedback_obs_pack=0.174s feedback_info_pack=0.033s effective_fps=68.46
2026-10-01 23:40:24.874 | INFO     | plugrl_env_client.runner.rollout:log_timing_summary:101 - Intermediate rollout timing summary: env_steps=6131 infer_calls=6131 feedback_calls=6131 infer_wait=87.847s infer_obs_pack=0.104s env_step=0.952s feedback_total=0.644s feedback_obs_pack=0.170s feedback_info_pack=0.027s effective_fps=68.47
2026-10-01 23:40:24.884 | INFO     | plugrl_env_client.runner.rollout:log_timing_summary:101 - Intermediate rollout timing summary: env_steps=6132 infer_calls=6132 feedback_calls=6132 infer_wait=87.904s infer_obs_pack=0.105s env_step=0.925s feedback_total=0.635s feedback_obs_pack=0.170s feedback_info_pack=0.030s effective_fps=68.46
2026-10-01 23:40:24.884 | INFO     | plugrl_env_client.runner.rollout:log_timing_summary:101 - Intermediate rollout timing summary: env_steps=6132 infer_calls=6132 feedback_calls=6132 infer_wait=87.933s infer_obs_pack=0.104s env_step=0.903s feedback_total=0.643s feedback_obs_pack=0.179s feedback_info_pack=0.029s effective_fps=68.45
2026-10-01 23:40:24.885 | INFO     | plugrl_env_client.runner.rollout:log_timing_summary:101 - Intermediate rollout timing summary: env_steps=6132 infer_calls=6132 feedback_calls=6132 infer_wait=87.871s infer_obs_pack=0.110s env_step=0.922s feedback_total=0.665s feedback_obs_pack=0.180s feedback_info_pack=0.031s effective_fps=68.46
2026-10-01 23:40:24.885 | INFO     | plugrl_env_client.runner.rollout:log_timing_summary:101 - Intermediate rollout timing summary: env_steps=6132 infer_calls=6132 feedback_calls=6132 infer_wait=87.910s infer_obs_pack=0.109s env_step=0.908s feedback_total=0.653s feedback_obs_pack=0.183s feedback_info_pack=0.029s effective_fps=68.45
2026-10-01 23:40:24.894 | INFO     | plugrl_env_client.runner.rollout:log_timing_summary:101 - Intermediate rollout timing summary: env_steps=6133 infer_calls=6133 feedback_calls=6133 infer_wait=87.914s infer_obs_pack=0.110s env_step=0.898s feedback_total=0.662s feedback_obs_pack=0.177s feedback_info_pack=0.032s effective_fps=68.46
2026-10-01 23:40:24.903 | INFO     | plugrl_env_client.runner.rollout:log_timing_summary:101 - Intermediate rollout timing summary: env_steps=6134 infer_calls=6134 feedback_calls=6134 infer_wait=87.995s infer_obs_pack=0.104s env_step=0.873s feedback_total=0.626s feedback_obs_pack=0.168s feedback_info_pack=0.029s effective_fps=68.46
2026-10-01 23:40:24.915 | INFO     | plugrl_env_client.runner.rollout:log_timing_summary:101 - Intermediate rollout timing summary: env_steps=6135 infer_calls=6135 feedback_calls=6135 infer_wait=88.041s infer_obs_pack=0.102s env_step=0.856s feedback_total=0.623s feedback_obs_pack=0.168s feedback_info_pack=0.036s effective_fps=68.45
2026-10-01 23:40:24.915 | INFO     | plugrl_env_client.runner.rollout:log_timing_summary:101 - Intermediate rollout timing summary: env_steps=6135 infer_calls=6135 feedback_calls=6135 infer_wait=88.112s infer_obs_pack=0.099s env_step=0.817s feedback_total=0.605s feedback_obs_pack=0.158s feedback_info_pack=0.029s effective_fps=68.45
2026-10-01 23:40:24.916 | INFO     | plugrl_env_client.runner.rollout:log_timing_summary:101 - Intermediate rollout timing summary: env_steps=6135 infer_calls=6135 feedback_calls=6135 infer_wait=88.099s infer_obs_pack=0.100s env_step=0.827s feedback_total=0.609s feedback_obs_pack=0.166s feedback_info_pack=0.027s effective_fps=68.44
2026-10-01 23:40:24.916 | INFO     | plugrl_env_client.runner.rollout:log_timing_summary:101 - Intermediate rollout timing summary: env_steps=6135 infer_calls=6135 feedback_calls=6135 infer_wait=87.959s infer_obs_pack=0.108s env_step=0.888s feedback_total=0.652s feedback_obs_pack=0.178s feedback_info_pack=0.030s effective_fps=68.46
2026-10-01 23:40:24.916 | INFO     | plugrl_env_client.runner.rollout:log_timing_summary:101 - Intermediate rollout timing summary: env_steps=6135 infer_calls=6135 feedback_calls=6135 infer_wait=88.071s infer_obs_pack=0.099s env_step=0.844s feedback_total=0.612s feedback_obs_pack=0.165s feedback_info_pack=0.028s effective_fps=68.45
2026-10-01 23:40:24.916 | INFO     | plugrl_env_client.runner.rollout:log_timing_summary:101 - Intermediate rollout timing summary: env_steps=6135 infer_calls=6135 feedback_calls=6135 infer_wait=88.013s infer_obs_pack=0.103s env_step=0.875s feedback_total=0.622s feedback_obs_pack=0.168s feedback_info_pack=0.029s effective_fps=68.46
2026-10-01 23:40:24.929 | INFO     | plugrl_env_client.runner.rollout:log_timing_summary:101 - Intermediate rollout timing summary: env_steps=6136 infer_calls=6136 feedback_calls=6136 infer_wait=88.132s infer_obs_pack=0.096s env_step=0.805s feedback_total=0.590s feedback_obs_pack=0.158s feedback_info_pack=0.026s effective_fps=68.46
2026-10-01 23:40:55.260 | INFO     | plugrl_env_client.runner.rollout:log_timing_summary:101 - Intermediate rollout timing summary: env_steps=8193 infer_calls=8193 feedback_calls=8193 infer_wait=117.576s infer_obs_pack=0.146s env_step=1.202s feedback_total=0.882s feedback_obs_pack=0.238s feedback_info_pack=0.042s effective_fps=68.39
2026-10-01 23:40:55.260 | INFO     | plugrl_env_client.runner.rollout:log_timing_summary:101 - Intermediate rollout timing summary: env_steps=8193 infer_calls=8193 feedback_calls=8193 infer_wait=117.612s infer_obs_pack=0.140s env_step=1.202s feedback_total=0.860s feedback_obs_pack=0.238s feedback_info_pack=0.039s effective_fps=68.38
2026-10-01 23:40:55.260 | INFO     | plugrl_env_client.runner.rollout:log_timing_summary:101 - Intermediate rollout timing summary: env_steps=8193 infer_calls=8193 feedback_calls=8193 infer_wait=117.585s infer_obs_pack=0.146s env_step=1.213s feedback_total=0.872s feedback_obs_pack=0.243s feedback_info_pack=0.038s effective_fps=68.38
2026-10-01 23:40:55.260 | INFO     | plugrl_env_client.runner.rollout:log_timing_summary:101 - Intermediate rollout timing summary: env_steps=8193 infer_calls=8193 feedback_calls=8193 infer_wait=117.520s infer_obs_pack=0.137s env_step=1.267s feedback_total=0.852s feedback_obs_pack=0.227s feedback_info_pack=0.036s effective_fps=68.40
2026-10-01 23:40:55.260 | INFO     | plugrl_env_client.runner.rollout:log_timing_summary:101 - Intermediate rollout timing summary: env_steps=8193 infer_calls=8193 feedback_calls=8193 infer_wait=117.575s infer_obs_pack=0.134s env_step=1.238s feedback_total=0.846s feedback_obs_pack=0.232s feedback_info_pack=0.044s effective_fps=68.39
2026-10-01 23:40:55.261 | INFO     | plugrl_env_client.runner.rollout:log_timing_summary:101 - Intermediate rollout timing summary: env_steps=8193 infer_calls=8193 feedback_calls=8193 infer_wait=117.565s infer_obs_pack=0.142s env_step=1.234s feedback_total=0.853s feedback_obs_pack=0.231s feedback_info_pack=0.040s effective_fps=68.39
2026-10-01 23:40:55.261 | INFO     | plugrl_env_client.runner.rollout:log_timing_summary:101 - Intermediate rollout timing summary: env_steps=8193 infer_calls=8193 feedback_calls=8193 infer_wait=117.513s infer_obs_pack=0.146s env_step=1.238s feedback_total=0.893s feedback_obs_pack=0.240s feedback_info_pack=0.043s effective_fps=68.39
2026-10-01 23:40:55.261 | INFO     | plugrl_env_client.runner.rollout:log_timing_summary:101 - Intermediate rollout timing summary: env_steps=8193 infer_calls=8193 feedback_calls=8193 infer_wait=117.680s infer_obs_pack=0.138s env_step=1.160s feedback_total=0.837s feedback_obs_pack=0.227s feedback_info_pack=0.038s effective_fps=68.38
2026-10-01 23:40:55.261 | INFO     | plugrl_env_client.runner.rollout:log_timing_summary:101 - Intermediate rollout timing summary: env_steps=8193 infer_calls=8193 feedback_calls=8193 infer_wait=117.840s infer_obs_pack=0.129s env_step=1.073s feedback_total=0.788s feedback_obs_pack=0.211s feedback_info_pack=0.034s effective_fps=68.37
2026-10-01 23:40:55.261 | INFO     | plugrl_env_client.runner.rollout:log_timing_summary:101 - Intermediate rollout timing summary: env_steps=8193 infer_calls=8193 feedback_calls=8193 infer_wait=117.629s infer_obs_pack=0.144s env_step=1.180s feedback_total=0.864s feedback_obs_pack=0.237s feedback_info_pack=0.040s effective_fps=68.38
2026-10-01 23:40:55.261 | INFO     | plugrl_env_client.runner.rollout:log_timing_summary:101 - Intermediate rollout timing summary: env_steps=8193 infer_calls=8193 feedback_calls=8193 infer_wait=117.779s infer_obs_pack=0.133s env_step=1.119s feedback_total=0.814s feedback_obs_pack=0.220s feedback_info_pack=0.037s effective_fps=68.36
2026-10-01 23:40:55.262 | INFO     | plugrl_env_client.runner.rollout:log_timing_summary:101 - Intermediate rollout timing summary: env_steps=8193 infer_calls=8193 feedback_calls=8193 infer_wait=117.736s infer_obs_pack=0.136s env_step=1.137s feedback_total=0.830s feedback_obs_pack=0.224s feedback_info_pack=0.047s effective_fps=68.37
2026-10-01 23:40:55.262 | INFO     | plugrl_env_client.runner.rollout:log_timing_summary:101 - Intermediate rollout timing summary: env_steps=8193 infer_calls=8193 feedback_calls=8193 infer_wait=117.696s infer_obs_pack=0.138s env_step=1.159s feedback_total=0.830s feedback_obs_pack=0.224s feedback_info_pack=0.038s effective_fps=68.38
2026-10-01 23:40:55.262 | INFO     | plugrl_env_client.runner.rollout:log_timing_summary:101 - Intermediate rollout timing summary: env_steps=8193 infer_calls=8193 feedback_calls=8193 infer_wait=117.525s infer_obs_pack=0.128s env_step=1.298s feedback_total=0.828s feedback_obs_pack=0.225s feedback_info_pack=0.037s effective_fps=68.40
2026-10-01 23:40:55.263 | INFO     | plugrl_env_client.runner.rollout:log_timing_summary:101 - Intermediate rollout timing summary: env_steps=8193 infer_calls=8193 feedback_calls=8193 infer_wait=117.790s infer_obs_pack=0.135s env_step=1.111s feedback_total=0.816s feedback_obs_pack=0.221s feedback_info_pack=0.036s effective_fps=68.36
2026-10-01 23:40:55.263 | INFO     | plugrl_env_client.runner.rollout:log_timing_summary:101 - Intermediate rollout timing summary: env_steps=8193 infer_calls=8193 feedback_calls=8193 infer_wait=117.829s infer_obs_pack=0.131s env_step=1.086s feedback_total=0.807s feedback_obs_pack=0.213s feedback_info_pack=0.038s effective_fps=68.36
2026-10-01 23:41:25.260 | INFO     | plugrl_env_client.runner.rollout:log_timing_summary:101 - Intermediate rollout timing summary: env_steps=10275 infer_calls=10275 feedback_calls=10275 infer_wait=146.871s infer_obs_pack=0.184s env_step=1.516s feedback_total=1.096s feedback_obs_pack=0.306s feedback_info_pack=0.049s effective_fps=68.65
2026-10-01 23:41:25.260 | INFO     | plugrl_env_client.runner.rollout:log_timing_summary:101 - Intermediate rollout timing summary: env_steps=10275 infer_calls=10275 feedback_calls=10275 infer_wait=146.852s infer_obs_pack=0.183s env_step=1.514s feedback_total=1.111s feedback_obs_pack=0.298s feedback_info_pack=0.053s effective_fps=68.66
2026-10-01 23:41:25.261 | INFO     | plugrl_env_client.runner.rollout:log_timing_summary:101 - Intermediate rollout timing summary: env_steps=10275 infer_calls=10275 feedback_calls=10275 infer_wait=146.869s infer_obs_pack=0.179s env_step=1.521s feedback_total=1.094s feedback_obs_pack=0.301s feedback_info_pack=0.049s effective_fps=68.65
2026-10-01 23:41:25.261 | INFO     | plugrl_env_client.runner.rollout:log_timing_summary:101 - Intermediate rollout timing summary: env_steps=10275 infer_calls=10275 feedback_calls=10275 infer_wait=146.766s infer_obs_pack=0.173s env_step=1.597s feedback_total=1.078s feedback_obs_pack=0.286s feedback_info_pack=0.046s effective_fps=68.68
2026-10-01 23:41:25.273 | INFO     | plugrl_env_client.runner.rollout:log_timing_summary:101 - Intermediate rollout timing summary: env_steps=10276 infer_calls=10276 feedback_calls=10276 infer_wait=146.851s infer_obs_pack=0.169s env_step=1.561s feedback_total=1.068s feedback_obs_pack=0.291s feedback_info_pack=0.055s effective_fps=68.67
2026-10-01 23:41:25.273 | INFO     | plugrl_env_client.runner.rollout:log_timing_summary:101 - Intermediate rollout timing summary: env_steps=10276 infer_calls=10276 feedback_calls=10276 infer_wait=146.801s infer_obs_pack=0.183s env_step=1.555s feedback_total=1.115s feedback_obs_pack=0.302s feedback_info_pack=0.053s effective_fps=68.67
2026-10-01 23:41:25.273 | INFO     | plugrl_env_client.runner.rollout:log_timing_summary:101 - Intermediate rollout timing summary: env_steps=10276 infer_calls=10276 feedback_calls=10276 infer_wait=146.839s infer_obs_pack=0.181s env_step=1.554s feedback_total=1.081s feedback_obs_pack=0.293s feedback_info_pack=0.051s effective_fps=68.66
2026-10-01 23:41:25.273 | INFO     | plugrl_env_client.runner.rollout:log_timing_summary:101 - Intermediate rollout timing summary: env_steps=10276 infer_calls=10276 feedback_calls=10276 infer_wait=146.801s infer_obs_pack=0.162s env_step=1.627s feedback_total=1.041s feedback_obs_pack=0.283s feedback_info_pack=0.047s effective_fps=68.68
2026-10-01 23:41:25.273 | INFO     | plugrl_env_client.runner.rollout:log_timing_summary:101 - Intermediate rollout timing summary: env_steps=10276 infer_calls=10276 feedback_calls=10276 infer_wait=146.991s infer_obs_pack=0.176s env_step=1.459s feedback_total=1.055s feedback_obs_pack=0.286s feedback_info_pack=0.048s effective_fps=68.65
2026-10-01 23:41:25.273 | INFO     | plugrl_env_client.runner.rollout:log_timing_summary:101 - Intermediate rollout timing summary: env_steps=10276 infer_calls=10276 feedback_calls=10276 infer_wait=146.950s infer_obs_pack=0.181s env_step=1.475s feedback_total=1.086s feedback_obs_pack=0.298s feedback_info_pack=0.050s effective_fps=68.65
2026-10-01 23:41:25.273 | INFO     | plugrl_env_client.runner.rollout:log_timing_summary:101 - Intermediate rollout timing summary: env_steps=10276 infer_calls=10276 feedback_calls=10276 infer_wait=147.013s infer_obs_pack=0.173s env_step=1.458s feedback_total=1.049s feedback_obs_pack=0.282s feedback_info_pack=0.048s effective_fps=68.65
2026-10-01 23:41:25.273 | INFO     | plugrl_env_client.runner.rollout:log_timing_summary:101 - Intermediate rollout timing summary: env_steps=10276 infer_calls=10276 feedback_calls=10276 infer_wait=147.111s infer_obs_pack=0.170s env_step=1.412s feedback_total=1.027s feedback_obs_pack=0.279s feedback_info_pack=0.046s effective_fps=68.63
2026-10-01 23:41:25.273 | INFO     | plugrl_env_client.runner.rollout:log_timing_summary:101 - Intermediate rollout timing summary: env_steps=10276 infer_calls=10276 feedback_calls=10276 infer_wait=147.063s infer_obs_pack=0.173s env_step=1.427s feedback_total=1.053s feedback_obs_pack=0.283s feedback_info_pack=0.059s effective_fps=68.64
2026-10-01 23:41:25.273 | INFO     | plugrl_env_client.runner.rollout:log_timing_summary:101 - Intermediate rollout timing summary: env_steps=10276 infer_calls=10276 feedback_calls=10276 infer_wait=147.187s infer_obs_pack=0.165s env_step=1.358s feedback_total=0.997s feedback_obs_pack=0.267s feedback_info_pack=0.044s effective_fps=68.64
2026-10-01 23:41:25.273 | INFO     | plugrl_env_client.runner.rollout:log_timing_summary:101 - Intermediate rollout timing summary: env_steps=10276 infer_calls=10276 feedback_calls=10276 infer_wait=147.120s infer_obs_pack=0.171s env_step=1.403s feedback_total=1.030s feedback_obs_pack=0.279s feedback_info_pack=0.045s effective_fps=68.63
2026-10-01 23:41:25.274 | INFO     | plugrl_env_client.runner.rollout:log_timing_summary:101 - Intermediate rollout timing summary: env_steps=10276 infer_calls=10276 feedback_calls=10276 infer_wait=147.184s infer_obs_pack=0.165s env_step=1.365s feedback_total=1.017s feedback_obs_pack=0.268s feedback_info_pack=0.048s effective_fps=68.63
2026-10-01 23:41:55.264 | INFO     | plugrl_env_client.runner.rollout:log_timing_summary:101 - Intermediate rollout timing summary: env_steps=12346 infer_calls=12346 feedback_calls=12346 infer_wait=176.044s infer_obs_pack=0.208s env_step=1.919s feedback_total=1.296s feedback_obs_pack=0.344s feedback_info_pack=0.056s effective_fps=68.79
2026-10-01 23:41:55.264 | INFO     | plugrl_env_client.runner.rollout:log_timing_summary:101 - Intermediate rollout timing summary: env_steps=12346 infer_calls=12346 feedback_calls=12346 infer_wait=176.173s infer_obs_pack=0.216s env_step=1.822s feedback_total=1.310s feedback_obs_pack=0.359s feedback_info_pack=0.059s effective_fps=68.77
2026-10-01 23:41:55.264 | INFO     | plugrl_env_client.runner.rollout:log_timing_summary:101 - Intermediate rollout timing summary: env_steps=12346 infer_calls=12346 feedback_calls=12346 infer_wait=176.121s infer_obs_pack=0.221s env_step=1.833s feedback_total=1.338s feedback_obs_pack=0.360s feedback_info_pack=0.064s effective_fps=68.77
2026-10-01 23:41:55.265 | INFO     | plugrl_env_client.runner.rollout:log_timing_summary:101 - Intermediate rollout timing summary: env_steps=12346 infer_calls=12346 feedback_calls=12346 infer_wait=176.168s infer_obs_pack=0.219s env_step=1.824s feedback_total=1.314s feedback_obs_pack=0.367s feedback_info_pack=0.059s effective_fps=68.77
2026-10-01 23:41:55.274 | INFO     | plugrl_env_client.runner.rollout:log_timing_summary:101 - Intermediate rollout timing summary: env_steps=12347 infer_calls=12347 feedback_calls=12347 infer_wait=176.121s infer_obs_pack=0.205s env_step=1.883s feedback_total=1.287s feedback_obs_pack=0.351s feedback_info_pack=0.066s effective_fps=68.79
2026-10-01 23:41:55.274 | INFO     | plugrl_env_client.runner.rollout:log_timing_summary:101 - Intermediate rollout timing summary: env_steps=12347 infer_calls=12347 feedback_calls=12347 infer_wait=176.072s infer_obs_pack=0.195s env_step=1.957s feedback_total=1.248s feedback_obs_pack=0.339s feedback_info_pack=0.056s effective_fps=68.80
2026-10-01 23:41:55.274 | INFO     | plugrl_env_client.runner.rollout:log_timing_summary:101 - Intermediate rollout timing summary: env_steps=12347 infer_calls=12347 feedback_calls=12347 infer_wait=176.107s infer_obs_pack=0.217s env_step=1.875s feedback_total=1.302s feedback_obs_pack=0.352s feedback_info_pack=0.062s effective_fps=68.79
2026-10-01 23:41:55.274 | INFO     | plugrl_env_client.runner.rollout:log_timing_summary:101 - Intermediate rollout timing summary: env_steps=12347 infer_calls=12347 feedback_calls=12347 infer_wait=176.112s infer_obs_pack=0.217s env_step=1.852s feedback_total=1.331s feedback_obs_pack=0.360s feedback_info_pack=0.064s effective_fps=68.78
2026-10-01 23:41:55.275 | INFO     | plugrl_env_client.runner.rollout:log_timing_summary:101 - Intermediate rollout timing summary: env_steps=12347 infer_calls=12347 feedback_calls=12347 infer_wait=176.300s infer_obs_pack=0.213s env_step=1.757s feedback_total=1.271s feedback_obs_pack=0.343s feedback_info_pack=0.058s effective_fps=68.77
2026-10-01 23:41:55.275 | INFO     | plugrl_env_client.runner.rollout:log_timing_summary:101 - Intermediate rollout timing summary: env_steps=12347 infer_calls=12347 feedback_calls=12347 infer_wait=176.270s infer_obs_pack=0.218s env_step=1.767s feedback_total=1.301s feedback_obs_pack=0.357s feedback_info_pack=0.060s effective_fps=68.76
2026-10-01 23:41:55.275 | INFO     | plugrl_env_client.runner.rollout:log_timing_summary:101 - Intermediate rollout timing summary: env_steps=12347 infer_calls=12347 feedback_calls=12347 infer_wait=176.555s infer_obs_pack=0.198s env_step=1.635s feedback_total=1.217s feedback_obs_pack=0.321s feedback_info_pack=0.058s effective_fps=68.75
2026-10-01 23:41:55.275 | INFO     | plugrl_env_client.runner.rollout:log_timing_summary:101 - Intermediate rollout timing summary: env_steps=12347 infer_calls=12347 feedback_calls=12347 infer_wait=176.451s infer_obs_pack=0.203s env_step=1.700s feedback_total=1.235s feedback_obs_pack=0.335s feedback_info_pack=0.055s effective_fps=68.75
2026-10-01 23:41:55.275 | INFO     | plugrl_env_client.runner.rollout:log_timing_summary:101 - Intermediate rollout timing summary: env_steps=12347 infer_calls=12347 feedback_calls=12347 infer_wait=176.480s infer_obs_pack=0.206s env_step=1.679s feedback_total=1.234s feedback_obs_pack=0.335s feedback_info_pack=0.054s effective_fps=68.75
2026-10-01 23:41:55.275 | INFO     | plugrl_env_client.runner.rollout:log_timing_summary:101 - Intermediate rollout timing summary: env_steps=12347 infer_calls=12347 feedback_calls=12347 infer_wait=176.343s infer_obs_pack=0.208s env_step=1.748s feedback_total=1.261s feedback_obs_pack=0.339s feedback_info_pack=0.058s effective_fps=68.76
2026-10-01 23:41:55.276 | INFO     | plugrl_env_client.runner.rollout:log_timing_summary:101 - Intermediate rollout timing summary: env_steps=12347 infer_calls=12347 feedback_calls=12347 infer_wait=176.552s infer_obs_pack=0.198s env_step=1.633s feedback_total=1.198s feedback_obs_pack=0.320s feedback_info_pack=0.052s effective_fps=68.75
2026-10-01 23:41:55.276 | INFO     | plugrl_env_client.runner.rollout:log_timing_summary:101 - Intermediate rollout timing summary: env_steps=12347 infer_calls=12347 feedback_calls=12347 infer_wait=176.375s infer_obs_pack=0.210s env_step=1.722s feedback_total=1.275s feedback_obs_pack=0.342s feedback_info_pack=0.071s effective_fps=68.75
2026-10-01 23:42:25.270 | INFO     | plugrl_env_client.runner.rollout:log_timing_summary:101 - Intermediate rollout timing summary: env_steps=14474 infer_calls=14474 feedback_calls=14474 infer_wait=205.321s infer_obs_pack=0.244s env_step=2.238s feedback_total=1.512s feedback_obs_pack=0.402s feedback_info_pack=0.065s effective_fps=69.15
2026-10-01 23:42:25.271 | INFO     | plugrl_env_client.runner.rollout:log_timing_summary:101 - Intermediate rollout timing summary: env_steps=14474 infer_calls=14474 feedback_calls=14474 infer_wait=205.489s infer_obs_pack=0.251s env_step=2.123s feedback_total=1.525s feedback_obs_pack=0.417s feedback_info_pack=0.068s effective_fps=69.13
2026-10-01 23:42:25.271 | INFO     | plugrl_env_client.runner.rollout:log_timing_summary:101 - Intermediate rollout timing summary: env_steps=14474 infer_calls=14474 feedback_calls=14474 infer_wait=205.403s infer_obs_pack=0.259s env_step=2.145s feedback_total=1.561s feedback_obs_pack=0.420s feedback_info_pack=0.076s effective_fps=69.13
2026-10-01 23:42:25.271 | INFO     | plugrl_env_client.runner.rollout:log_timing_summary:101 - Intermediate rollout timing summary: env_steps=14474 infer_calls=14474 feedback_calls=14474 infer_wait=205.487s infer_obs_pack=0.255s env_step=2.123s feedback_total=1.528s feedback_obs_pack=0.427s feedback_info_pack=0.069s effective_fps=69.12
2026-10-01 23:42:25.281 | INFO     | plugrl_env_client.runner.rollout:log_timing_summary:101 - Intermediate rollout timing summary: env_steps=14475 infer_calls=14475 feedback_calls=14475 infer_wait=205.419s infer_obs_pack=0.237s env_step=2.190s feedback_total=1.497s feedback_obs_pack=0.409s feedback_info_pack=0.077s effective_fps=69.14
2026-10-01 23:42:25.281 | INFO     | plugrl_env_client.runner.rollout:log_timing_summary:101 - Intermediate rollout timing summary: env_steps=14475 infer_calls=14475 feedback_calls=14475 infer_wait=205.369s infer_obs_pack=0.228s env_step=2.271s feedback_total=1.458s feedback_obs_pack=0.395s feedback_info_pack=0.065s effective_fps=69.15
2026-10-01 23:42:25.282 | INFO     | plugrl_env_client.runner.rollout:log_timing_summary:101 - Intermediate rollout timing summary: env_steps=14475 infer_calls=14475 feedback_calls=14475 infer_wait=205.424s infer_obs_pack=0.252s env_step=2.153s feedback_total=1.544s feedback_obs_pack=0.417s feedback_info_pack=0.074s effective_fps=69.13
2026-10-01 23:42:25.282 | INFO     | plugrl_env_client.runner.rollout:log_timing_summary:101 - Intermediate rollout timing summary: env_steps=14475 infer_calls=14475 feedback_calls=14475 infer_wait=205.691s infer_obs_pack=0.242s env_step=2.029s feedback_total=1.470s feedback_obs_pack=0.396s feedback_info_pack=0.068s effective_fps=69.12
2026-10-01 23:42:25.282 | INFO     | plugrl_env_client.runner.rollout:log_timing_summary:101 - Intermediate rollout timing summary: env_steps=14475 infer_calls=14475 feedback_calls=14475 infer_wait=205.621s infer_obs_pack=0.249s env_step=2.050s feedback_total=1.488s feedback_obs_pack=0.403s feedback_info_pack=0.068s effective_fps=69.12
2026-10-01 23:42:25.282 | INFO     | plugrl_env_client.runner.rollout:log_timing_summary:101 - Intermediate rollout timing summary: env_steps=14475 infer_calls=14475 feedback_calls=14475 infer_wait=205.722s infer_obs_pack=0.244s env_step=2.007s feedback_total=1.483s feedback_obs_pack=0.397s feedback_info_pack=0.082s effective_fps=69.11
2026-10-01 23:42:25.282 | INFO     | plugrl_env_client.runner.rollout:log_timing_summary:101 - Intermediate rollout timing summary: env_steps=14475 infer_calls=14475 feedback_calls=14475 infer_wait=205.828s infer_obs_pack=0.240s env_step=1.961s feedback_total=1.443s feedback_obs_pack=0.392s feedback_info_pack=0.063s effective_fps=69.10
2026-10-01 23:42:25.282 | INFO     | plugrl_env_client.runner.rollout:log_timing_summary:101 - Intermediate rollout timing summary: env_steps=14475 infer_calls=14475 feedback_calls=14475 infer_wait=205.923s infer_obs_pack=0.231s env_step=1.905s feedback_total=1.398s feedback_obs_pack=0.375s feedback_info_pack=0.061s effective_fps=69.11
2026-10-01 23:42:25.282 | INFO     | plugrl_env_client.runner.rollout:log_timing_summary:101 - Intermediate rollout timing summary: env_steps=14475 infer_calls=14475 feedback_calls=14475 infer_wait=205.382s infer_obs_pack=0.254s env_step=2.191s feedback_total=1.521s feedback_obs_pack=0.412s feedback_info_pack=0.072s effective_fps=69.14
2026-10-01 23:42:25.282 | INFO     | plugrl_env_client.runner.rollout:log_timing_summary:101 - Intermediate rollout timing summary: env_steps=14475 infer_calls=14475 feedback_calls=14475 infer_wait=205.815s infer_obs_pack=0.236s env_step=1.975s feedback_total=1.438s feedback_obs_pack=0.391s feedback_info_pack=0.064s effective_fps=69.10
2026-10-01 23:42:25.283 | INFO     | plugrl_env_client.runner.rollout:log_timing_summary:101 - Intermediate rollout timing summary: env_steps=14475 infer_calls=14475 feedback_calls=14475 infer_wait=205.592s infer_obs_pack=0.255s env_step=2.062s feedback_total=1.518s feedback_obs_pack=0.417s feedback_info_pack=0.070s effective_fps=69.12
2026-10-01 23:42:25.283 | INFO     | plugrl_env_client.runner.rollout:log_timing_summary:101 - Intermediate rollout timing summary: env_steps=14475 infer_calls=14475 feedback_calls=14475 infer_wait=205.924s infer_obs_pack=0.231s env_step=1.906s feedback_total=1.422s feedback_obs_pack=0.376s feedback_info_pack=0.067s effective_fps=69.10
2026-10-01 23:42:55.273 | INFO     | plugrl_env_client.runner.rollout:log_timing_summary:101 - Intermediate rollout timing summary: env_steps=16544 infer_calls=16544 feedback_calls=16544 infer_wait=234.694s infer_obs_pack=0.296s env_step=2.448s feedback_total=1.783s feedback_obs_pack=0.480s feedback_info_pack=0.086s effective_fps=69.16
2026-10-01 23:42:55.273 | INFO     | plugrl_env_client.runner.rollout:log_timing_summary:101 - Intermediate rollout timing summary: env_steps=16544 infer_calls=16544 feedback_calls=16544 infer_wait=234.623s infer_obs_pack=0.278s env_step=2.550s feedback_total=1.721s feedback_obs_pack=0.458s feedback_info_pack=0.073s effective_fps=69.17
2026-10-01 23:42:55.274 | INFO     | plugrl_env_client.runner.rollout:log_timing_summary:101 - Intermediate rollout timing summary: env_steps=16544 infer_calls=16544 feedback_calls=16544 infer_wait=234.777s infer_obs_pack=0.287s env_step=2.431s feedback_total=1.747s feedback_obs_pack=0.478s feedback_info_pack=0.078s effective_fps=69.15
2026-10-01 23:42:55.274 | INFO     | plugrl_env_client.runner.rollout:log_timing_summary:101 - Intermediate rollout timing summary: env_steps=16544 infer_calls=16544 feedback_calls=16544 infer_wait=234.785s infer_obs_pack=0.293s env_step=2.422s feedback_total=1.754s feedback_obs_pack=0.489s feedback_info_pack=0.078s effective_fps=69.15
2026-10-01 23:42:55.283 | INFO     | plugrl_env_client.runner.rollout:log_timing_summary:101 - Intermediate rollout timing summary: env_steps=16545 infer_calls=16545 feedback_calls=16545 infer_wait=234.638s infer_obs_pack=0.262s env_step=2.589s feedback_total=1.674s feedback_obs_pack=0.453s feedback_info_pack=0.075s effective_fps=69.18
2026-10-01 23:42:55.283 | INFO     | plugrl_env_client.runner.rollout:log_timing_summary:101 - Intermediate rollout timing summary: env_steps=16545 infer_calls=16545 feedback_calls=16545 infer_wait=234.669s infer_obs_pack=0.290s env_step=2.503s feedback_total=1.737s feedback_obs_pack=0.470s feedback_info_pack=0.082s effective_fps=69.17
2026-10-01 23:42:55.283 | INFO     | plugrl_env_client.runner.rollout:log_timing_summary:101 - Intermediate rollout timing summary: env_steps=16545 infer_calls=16545 feedback_calls=16545 infer_wait=234.920s infer_obs_pack=0.287s env_step=2.350s feedback_total=1.707s feedback_obs_pack=0.462s feedback_info_pack=0.078s effective_fps=69.15
2026-10-01 23:42:55.284 | INFO     | plugrl_env_client.runner.rollout:log_timing_summary:101 - Intermediate rollout timing summary: env_steps=16545 infer_calls=16545 feedback_calls=16545 infer_wait=235.289s infer_obs_pack=0.265s env_step=2.176s feedback_total=1.624s feedback_obs_pack=0.429s feedback_info_pack=0.077s effective_fps=69.12
2026-10-01 23:42:55.284 | INFO     | plugrl_env_client.runner.rollout:log_timing_summary:101 - Intermediate rollout timing summary: env_steps=16545 infer_calls=16545 feedback_calls=16545 infer_wait=235.006s infer_obs_pack=0.279s env_step=2.324s feedback_total=1.689s feedback_obs_pack=0.455s feedback_info_pack=0.078s effective_fps=69.14
2026-10-01 23:42:55.284 | INFO     | plugrl_env_client.runner.rollout:log_timing_summary:101 - Intermediate rollout timing summary: env_steps=16545 infer_calls=16545 feedback_calls=16545 infer_wait=235.055s infer_obs_pack=0.280s env_step=2.297s feedback_total=1.694s feedback_obs_pack=0.455s feedback_info_pack=0.093s effective_fps=69.13
2026-10-01 23:42:55.284 | INFO     | plugrl_env_client.runner.rollout:log_timing_summary:101 - Intermediate rollout timing summary: env_steps=16545 infer_calls=16545 feedback_calls=16545 infer_wait=234.907s infer_obs_pack=0.291s env_step=2.355s feedback_total=1.735s feedback_obs_pack=0.477s feedback_info_pack=0.081s effective_fps=69.14
2026-10-01 23:42:55.284 | INFO     | plugrl_env_client.runner.rollout:log_timing_summary:101 - Intermediate rollout timing summary: env_steps=16545 infer_calls=16545 feedback_calls=16545 infer_wait=235.280s infer_obs_pack=0.264s env_step=2.179s feedback_total=1.601s feedback_obs_pack=0.429s feedback_info_pack=0.070s effective_fps=69.13
2026-10-01 23:42:55.284 | INFO     | plugrl_env_client.runner.rollout:log_timing_summary:101 - Intermediate rollout timing summary: env_steps=16545 infer_calls=16545 feedback_calls=16545 infer_wait=234.710s infer_obs_pack=0.273s env_step=2.495s feedback_total=1.716s feedback_obs_pack=0.469s feedback_info_pack=0.089s effective_fps=69.17
2026-10-01 23:42:55.284 | INFO     | plugrl_env_client.runner.rollout:log_timing_summary:101 - Intermediate rollout timing summary: env_steps=16545 infer_calls=16545 feedback_calls=16545 infer_wait=234.732s infer_obs_pack=0.287s env_step=2.450s feedback_total=1.760s feedback_obs_pack=0.475s feedback_info_pack=0.084s effective_fps=69.16
2026-10-01 23:42:55.284 | INFO     | plugrl_env_client.runner.rollout:log_timing_summary:101 - Intermediate rollout timing summary: env_steps=16545 infer_calls=16545 feedback_calls=16545 infer_wait=235.158s infer_obs_pack=0.270s env_step=2.257s feedback_total=1.647s feedback_obs_pack=0.447s feedback_info_pack=0.074s effective_fps=69.13
2026-10-01 23:42:55.284 | INFO     | plugrl_env_client.runner.rollout:log_timing_summary:101 - Intermediate rollout timing summary: env_steps=16545 infer_calls=16545 feedback_calls=16545 infer_wait=235.177s infer_obs_pack=0.274s env_step=2.239s feedback_total=1.651s feedback_obs_pack=0.447s feedback_info_pack=0.072s effective_fps=69.13
2026-10-01 23:43:25.284 | INFO     | plugrl_env_client.runner.rollout:log_timing_summary:101 - Intermediate rollout timing summary: env_steps=18668 infer_calls=18668 feedback_calls=18668 infer_wait=263.969s infer_obs_pack=0.326s env_step=2.804s feedback_total=1.955s feedback_obs_pack=0.528s feedback_info_pack=0.092s effective_fps=69.38
2026-10-01 23:43:25.284 | INFO     | plugrl_env_client.runner.rollout:log_timing_summary:101 - Intermediate rollout timing summary: env_steps=18668 infer_calls=18668 feedback_calls=18668 infer_wait=263.922s infer_obs_pack=0.295s env_step=2.906s feedback_total=1.884s feedback_obs_pack=0.509s feedback_info_pack=0.084s effective_fps=69.40
2026-10-01 23:43:25.285 | INFO     | plugrl_env_client.runner.rollout:log_timing_summary:101 - Intermediate rollout timing summary: env_steps=18668 infer_calls=18668 feedback_calls=18668 infer_wait=264.050s infer_obs_pack=0.326s env_step=2.749s feedback_total=1.976s feedback_obs_pack=0.541s feedback_info_pack=0.088s effective_fps=69.37
2026-10-01 23:43:25.285 | INFO     | plugrl_env_client.runner.rollout:log_timing_summary:101 - Intermediate rollout timing summary: env_steps=18668 infer_calls=18668 feedback_calls=18668 infer_wait=264.015s infer_obs_pack=0.323s env_step=2.754s feedback_total=1.985s feedback_obs_pack=0.535s feedback_info_pack=0.094s effective_fps=69.38
2026-10-01 23:43:25.285 | INFO     | plugrl_env_client.runner.rollout:log_timing_summary:101 - Intermediate rollout timing summary: env_steps=18668 infer_calls=18668 feedback_calls=18668 infer_wait=263.974s infer_obs_pack=0.311s env_step=2.808s feedback_total=1.944s feedback_obs_pack=0.530s feedback_info_pack=0.101s effective_fps=69.39
2026-10-01 23:43:25.285 | INFO     | plugrl_env_client.runner.rollout:log_timing_summary:101 - Intermediate rollout timing summary: env_steps=18668 infer_calls=18668 feedback_calls=18668 infer_wait=263.894s infer_obs_pack=0.312s env_step=2.877s feedback_total=1.938s feedback_obs_pack=0.518s feedback_info_pack=0.083s effective_fps=69.39
2026-10-01 23:43:25.285 | INFO     | plugrl_env_client.runner.rollout:log_timing_summary:101 - Intermediate rollout timing summary: env_steps=18668 infer_calls=18668 feedback_calls=18668 infer_wait=264.078s infer_obs_pack=0.330s env_step=2.732s feedback_total=1.978s feedback_obs_pack=0.552s feedback_info_pack=0.088s effective_fps=69.37
2026-10-01 23:43:25.285 | INFO     | plugrl_env_client.runner.rollout:log_timing_summary:101 - Intermediate rollout timing summary: env_steps=18668 infer_calls=18668 feedback_calls=18668 infer_wait=264.207s infer_obs_pack=0.326s env_step=2.654s feedback_total=1.934s feedback_obs_pack=0.523s feedback_info_pack=0.088s effective_fps=69.37
2026-10-01 23:43:25.285 | INFO     | plugrl_env_client.runner.rollout:log_timing_summary:101 - Intermediate rollout timing summary: env_steps=18668 infer_calls=18668 feedback_calls=18668 infer_wait=264.210s infer_obs_pack=0.328s env_step=2.654s feedback_total=1.957s feedback_obs_pack=0.540s feedback_info_pack=0.090s effective_fps=69.36
2026-10-01 23:43:25.285 | INFO     | plugrl_env_client.runner.rollout:log_timing_summary:101 - Intermediate rollout timing summary: env_steps=18668 infer_calls=18668 feedback_calls=18668 infer_wait=264.331s infer_obs_pack=0.313s env_step=2.620s feedback_total=1.899s feedback_obs_pack=0.513s feedback_info_pack=0.087s effective_fps=69.36
2026-10-01 23:43:25.285 | INFO     | plugrl_env_client.runner.rollout:log_timing_summary:101 - Intermediate rollout timing summary: env_steps=18668 infer_calls=18668 feedback_calls=18668 infer_wait=264.649s infer_obs_pack=0.299s env_step=2.449s feedback_total=1.830s feedback_obs_pack=0.483s feedback_info_pack=0.087s effective_fps=69.34
2026-10-01 23:43:25.286 | INFO     | plugrl_env_client.runner.rollout:log_timing_summary:101 - Intermediate rollout timing summary: env_steps=18668 infer_calls=18668 feedback_calls=18668 infer_wait=264.473s infer_obs_pack=0.307s env_step=2.552s feedback_total=1.863s feedback_obs_pack=0.506s feedback_info_pack=0.084s effective_fps=69.35
2026-10-01 23:43:25.286 | INFO     | plugrl_env_client.runner.rollout:log_timing_summary:101 - Intermediate rollout timing summary: env_steps=18668 infer_calls=18668 feedback_calls=18668 infer_wait=264.369s infer_obs_pack=0.316s env_step=2.592s feedback_total=1.912s feedback_obs_pack=0.515s feedback_info_pack=0.105s effective_fps=69.35
2026-10-01 23:43:25.286 | INFO     | plugrl_env_client.runner.rollout:log_timing_summary:101 - Intermediate rollout timing summary: env_steps=18668 infer_calls=18668 feedback_calls=18668 infer_wait=264.512s infer_obs_pack=0.310s env_step=2.522s feedback_total=1.861s feedback_obs_pack=0.505s feedback_info_pack=0.081s effective_fps=69.34
2026-10-01 23:43:25.286 | INFO     | plugrl_env_client.runner.rollout:log_timing_summary:101 - Intermediate rollout timing summary: env_steps=18668 infer_calls=18668 feedback_calls=18668 infer_wait=264.639s infer_obs_pack=0.297s env_step=2.454s feedback_total=1.806s feedback_obs_pack=0.484s feedback_info_pack=0.079s effective_fps=69.35
2026-10-01 23:43:25.286 | INFO     | plugrl_env_client.runner.rollout:log_timing_summary:101 - Intermediate rollout timing summary: env_steps=18668 infer_calls=18668 feedback_calls=18668 infer_wait=263.976s infer_obs_pack=0.335s env_step=2.754s feedback_total=2.013s feedback_obs_pack=0.544s feedback_info_pack=0.097s effective_fps=69.38
2026-10-01 23:43:55.290 | INFO     | plugrl_env_client.runner.rollout:log_timing_summary:101 - Intermediate rollout timing summary: env_steps=20695 infer_calls=20695 feedback_calls=20695 infer_wait=293.366s infer_obs_pack=0.362s env_step=3.043s feedback_total=2.192s feedback_obs_pack=0.601s feedback_info_pack=0.098s effective_fps=69.22
2026-10-01 23:43:55.290 | INFO     | plugrl_env_client.runner.rollout:log_timing_summary:101 - Intermediate rollout timing summary: env_steps=20695 infer_calls=20695 feedback_calls=20695 infer_wait=293.281s infer_obs_pack=0.345s env_step=3.112s feedback_total=2.154s feedback_obs_pack=0.586s feedback_info_pack=0.113s effective_fps=69.24
2026-10-01 23:43:55.290 | INFO     | plugrl_env_client.runner.rollout:log_timing_summary:101 - Intermediate rollout timing summary: env_steps=20695 infer_calls=20695 feedback_calls=20695 infer_wait=293.234s infer_obs_pack=0.328s env_step=3.219s feedback_total=2.083s feedback_obs_pack=0.563s feedback_info_pack=0.093s effective_fps=69.25
2026-10-01 23:43:55.290 | INFO     | plugrl_env_client.runner.rollout:log_timing_summary:101 - Intermediate rollout timing summary: env_steps=20695 infer_calls=20695 feedback_calls=20695 infer_wait=293.286s infer_obs_pack=0.372s env_step=3.052s feedback_total=2.232s feedback_obs_pack=0.607s feedback_info_pack=0.107s effective_fps=69.23
2026-10-01 23:43:55.290 | INFO     | plugrl_env_client.runner.rollout:log_timing_summary:101 - Intermediate rollout timing summary: env_steps=20695 infer_calls=20695 feedback_calls=20695 infer_wait=293.342s infer_obs_pack=0.355s env_step=3.043s feedback_total=2.197s feedback_obs_pack=0.592s feedback_info_pack=0.104s effective_fps=69.23
2026-10-01 23:43:55.290 | INFO     | plugrl_env_client.runner.rollout:log_timing_summary:101 - Intermediate rollout timing summary: env_steps=20695 infer_calls=20695 feedback_calls=20695 infer_wait=293.192s infer_obs_pack=0.345s env_step=3.194s feedback_total=2.144s feedback_obs_pack=0.573s feedback_info_pack=0.092s effective_fps=69.24
2026-10-01 23:43:55.290 | INFO     | plugrl_env_client.runner.rollout:log_timing_summary:101 - Intermediate rollout timing summary: env_steps=20695 infer_calls=20695 feedback_calls=20695 infer_wait=293.284s infer_obs_pack=0.359s env_step=3.108s feedback_total=2.161s feedback_obs_pack=0.584s feedback_info_pack=0.102s effective_fps=69.23
2026-10-01 23:43:55.291 | INFO     | plugrl_env_client.runner.rollout:log_timing_summary:101 - Intermediate rollout timing summary: env_steps=20695 infer_calls=20695 feedback_calls=20695 infer_wait=293.548s infer_obs_pack=0.363s env_step=2.939s feedback_total=2.172s feedback_obs_pack=0.599s feedback_info_pack=0.099s effective_fps=69.21
2026-10-01 23:43:55.291 | INFO     | plugrl_env_client.runner.rollout:log_timing_summary:101 - Intermediate rollout timing summary: env_steps=20695 infer_calls=20695 feedback_calls=20695 infer_wait=293.407s infer_obs_pack=0.366s env_step=3.023s feedback_total=2.190s feedback_obs_pack=0.611s feedback_info_pack=0.098s effective_fps=69.22
2026-10-01 23:43:55.291 | INFO     | plugrl_env_client.runner.rollout:log_timing_summary:101 - Intermediate rollout timing summary: env_steps=20695 infer_calls=20695 feedback_calls=20695 infer_wait=293.833s infer_obs_pack=0.340s env_step=2.825s feedback_total=2.068s feedback_obs_pack=0.561s feedback_info_pack=0.093s effective_fps=69.20
2026-10-01 23:43:55.291 | INFO     | plugrl_env_client.runner.rollout:log_timing_summary:101 - Intermediate rollout timing summary: env_steps=20695 infer_calls=20695 feedback_calls=20695 infer_wait=293.671s infer_obs_pack=0.350s env_step=2.904s feedback_total=2.107s feedback_obs_pack=0.569s feedback_info_pack=0.097s effective_fps=69.21
2026-10-01 23:43:55.291 | INFO     | plugrl_env_client.runner.rollout:log_timing_summary:101 - Intermediate rollout timing summary: env_steps=20695 infer_calls=20695 feedback_calls=20695 infer_wait=293.721s infer_obs_pack=0.350s env_step=2.876s feedback_total=2.117s feedback_obs_pack=0.571s feedback_info_pack=0.117s effective_fps=69.20
2026-10-01 23:43:55.292 | INFO     | plugrl_env_client.runner.rollout:log_timing_summary:101 - Intermediate rollout timing summary: env_steps=20695 infer_calls=20695 feedback_calls=20695 infer_wait=293.872s infer_obs_pack=0.343s env_step=2.802s feedback_total=2.065s feedback_obs_pack=0.561s feedback_info_pack=0.090s effective_fps=69.20
2026-10-01 23:43:55.292 | INFO     | plugrl_env_client.runner.rollout:log_timing_summary:101 - Intermediate rollout timing summary: env_steps=20695 infer_calls=20695 feedback_calls=20695 infer_wait=294.030s infer_obs_pack=0.332s env_step=2.717s feedback_total=2.030s feedback_obs_pack=0.536s feedback_info_pack=0.096s effective_fps=69.19
2026-10-01 23:43:55.292 | INFO     | plugrl_env_client.runner.rollout:log_timing_summary:101 - Intermediate rollout timing summary: env_steps=20695 infer_calls=20695 feedback_calls=20695 infer_wait=294.021s infer_obs_pack=0.330s env_step=2.721s feedback_total=2.002s feedback_obs_pack=0.537s feedback_info_pack=0.088s effective_fps=69.20
2026-10-01 23:43:55.293 | INFO     | plugrl_env_client.runner.rollout:log_timing_summary:101 - Intermediate rollout timing summary: env_steps=20695 infer_calls=20695 feedback_calls=20695 infer_wait=293.539s infer_obs_pack=0.362s env_step=2.944s feedback_total=2.146s feedback_obs_pack=0.581s feedback_info_pack=0.098s effective_fps=69.22
2026-10-01 23:44:25.291 | INFO     | plugrl_env_client.runner.rollout:log_timing_summary:101 - Intermediate rollout timing summary: env_steps=22705 infer_calls=22705 feedback_calls=22705 infer_wait=322.631s infer_obs_pack=0.391s env_step=3.349s feedback_total=2.418s feedback_obs_pack=0.652s feedback_info_pack=0.114s effective_fps=69.06
2026-10-01 23:44:25.291 | INFO     | plugrl_env_client.runner.rollout:log_timing_summary:101 - Intermediate rollout timing summary: env_steps=22705 infer_calls=22705 feedback_calls=22705 infer_wait=322.645s infer_obs_pack=0.401s env_step=3.355s feedback_total=2.416s feedback_obs_pack=0.661s feedback_info_pack=0.108s effective_fps=69.05
2026-10-01 23:44:25.291 | INFO     | plugrl_env_client.runner.rollout:log_timing_summary:101 - Intermediate rollout timing summary: env_steps=22705 infer_calls=22705 feedback_calls=22705 infer_wait=322.483s infer_obs_pack=0.380s env_step=3.507s feedback_total=2.353s feedback_obs_pack=0.630s feedback_info_pack=0.101s effective_fps=69.07
2026-10-01 23:44:25.291 | INFO     | plugrl_env_client.runner.rollout:log_timing_summary:101 - Intermediate rollout timing summary: env_steps=22705 infer_calls=22705 feedback_calls=22705 infer_wait=322.577s infer_obs_pack=0.411s env_step=3.349s feedback_total=2.453s feedback_obs_pack=0.668s feedback_info_pack=0.118s effective_fps=69.06
2026-10-01 23:44:25.291 | INFO     | plugrl_env_client.runner.rollout:log_timing_summary:101 - Intermediate rollout timing summary: env_steps=22705 infer_calls=22705 feedback_calls=22705 infer_wait=322.511s infer_obs_pack=0.361s env_step=3.542s feedback_total=2.289s feedback_obs_pack=0.616s feedback_info_pack=0.102s effective_fps=69.07
2026-10-01 23:44:25.291 | INFO     | plugrl_env_client.runner.rollout:log_timing_summary:101 - Intermediate rollout timing summary: env_steps=22705 infer_calls=22705 feedback_calls=22705 infer_wait=322.546s infer_obs_pack=0.381s env_step=3.429s feedback_total=2.377s feedback_obs_pack=0.647s feedback_info_pack=0.124s effective_fps=69.07
2026-10-01 23:44:25.291 | INFO     | plugrl_env_client.runner.rollout:log_timing_summary:101 - Intermediate rollout timing summary: env_steps=22705 infer_calls=22705 feedback_calls=22705 infer_wait=322.879s infer_obs_pack=0.398s env_step=3.225s feedback_total=2.385s feedback_obs_pack=0.657s feedback_info_pack=0.109s effective_fps=69.04
2026-10-01 23:44:25.291 | INFO     | plugrl_env_client.runner.rollout:log_timing_summary:101 - Intermediate rollout timing summary: env_steps=22705 infer_calls=22705 feedback_calls=22705 infer_wait=322.576s infer_obs_pack=0.393s env_step=3.413s feedback_total=2.370s feedback_obs_pack=0.640s feedback_info_pack=0.112s effective_fps=69.06
2026-10-01 23:44:25.291 | INFO     | plugrl_env_client.runner.rollout:log_timing_summary:101 - Intermediate rollout timing summary: env_steps=22705 infer_calls=22705 feedback_calls=22705 infer_wait=323.200s infer_obs_pack=0.374s env_step=3.097s feedback_total=2.268s feedback_obs_pack=0.615s feedback_info_pack=0.102s effective_fps=69.03
2026-10-01 23:44:25.301 | INFO     | plugrl_env_client.runner.rollout:log_timing_summary:101 - Intermediate rollout timing summary: env_steps=22706 infer_calls=22706 feedback_calls=22706 infer_wait=322.737s infer_obs_pack=0.400s env_step=3.312s feedback_total=2.404s feedback_obs_pack=0.671s feedback_info_pack=0.107s effective_fps=69.05
2026-10-01 23:44:25.301 | INFO     | plugrl_env_client.runner.rollout:log_timing_summary:101 - Intermediate rollout timing summary: env_steps=22706 infer_calls=22706 feedback_calls=22706 infer_wait=322.864s infer_obs_pack=0.397s env_step=3.237s feedback_total=2.360s feedback_obs_pack=0.639s feedback_info_pack=0.108s effective_fps=69.04
2026-10-01 23:44:25.301 | INFO     | plugrl_env_client.runner.rollout:log_timing_summary:101 - Intermediate rollout timing summary: env_steps=22706 infer_calls=22706 feedback_calls=22706 infer_wait=323.399s infer_obs_pack=0.366s env_step=2.989s feedback_total=2.235s feedback_obs_pack=0.592s feedback_info_pack=0.106s effective_fps=69.02
2026-10-01 23:44:25.301 | INFO     | plugrl_env_client.runner.rollout:log_timing_summary:101 - Intermediate rollout timing summary: env_steps=22706 infer_calls=22706 feedback_calls=22706 infer_wait=323.081s infer_obs_pack=0.384s env_step=3.152s feedback_total=2.322s feedback_obs_pack=0.626s feedback_info_pack=0.128s effective_fps=69.03
2026-10-01 23:44:25.301 | INFO     | plugrl_env_client.runner.rollout:log_timing_summary:101 - Intermediate rollout timing summary: env_steps=22706 infer_calls=22706 feedback_calls=22706 infer_wait=323.029s infer_obs_pack=0.384s env_step=3.186s feedback_total=2.314s feedback_obs_pack=0.624s feedback_info_pack=0.107s effective_fps=69.03
2026-10-01 23:44:25.301 | INFO     | plugrl_env_client.runner.rollout:log_timing_summary:101 - Intermediate rollout timing summary: env_steps=22706 infer_calls=22706 feedback_calls=22706 infer_wait=323.238s infer_obs_pack=0.377s env_step=3.076s feedback_total=2.269s feedback_obs_pack=0.616s feedback_info_pack=0.099s effective_fps=69.02
2026-10-01 23:44:25.302 | INFO     | plugrl_env_client.runner.rollout:log_timing_summary:101 - Intermediate rollout timing summary: env_steps=22706 infer_calls=22706 feedback_calls=22706 infer_wait=323.405s infer_obs_pack=0.363s env_step=2.988s feedback_total=2.200s feedback_obs_pack=0.591s feedback_info_pack=0.097s effective_fps=69.02
2026-10-01 23:44:55.291 | INFO     | plugrl_env_client.runner.rollout:log_timing_summary:101 - Intermediate rollout timing summary: env_steps=24788 infer_calls=24788 feedback_calls=24788 infer_wait=351.755s infer_obs_pack=0.417s env_step=3.824s feedback_total=2.571s feedback_obs_pack=0.687s feedback_info_pack=0.112s effective_fps=69.13
2026-10-01 23:44:55.292 | INFO     | plugrl_env_client.runner.rollout:log_timing_summary:101 - Intermediate rollout timing summary: env_steps=24788 infer_calls=24788 feedback_calls=24788 infer_wait=352.552s infer_obs_pack=0.407s env_step=3.373s feedback_total=2.474s feedback_obs_pack=0.671s feedback_info_pack=0.111s effective_fps=69.08
2026-10-01 23:44:55.303 | INFO     | plugrl_env_client.runner.rollout:log_timing_summary:101 - Intermediate rollout timing summary: env_steps=24789 infer_calls=24789 feedback_calls=24789 infer_wait=351.813s infer_obs_pack=0.393s env_step=3.855s feedback_total=2.493s feedback_obs_pack=0.670s feedback_info_pack=0.112s effective_fps=69.14
2026-10-01 23:44:55.303 | INFO     | plugrl_env_client.runner.rollout:log_timing_summary:101 - Intermediate rollout timing summary: env_steps=24789 infer_calls=24789 feedback_calls=24789 infer_wait=351.953s infer_obs_pack=0.439s env_step=3.656s feedback_total=2.635s feedback_obs_pack=0.720s feedback_info_pack=0.118s effective_fps=69.11
2026-10-01 23:44:55.303 | INFO     | plugrl_env_client.runner.rollout:log_timing_summary:101 - Intermediate rollout timing summary: env_steps=24789 infer_calls=24789 feedback_calls=24789 infer_wait=351.862s infer_obs_pack=0.450s env_step=3.656s feedback_total=2.685s feedback_obs_pack=0.730s feedback_info_pack=0.130s effective_fps=69.12
2026-10-01 23:44:55.303 | INFO     | plugrl_env_client.runner.rollout:log_timing_summary:101 - Intermediate rollout timing summary: env_steps=24789 infer_calls=24789 feedback_calls=24789 infer_wait=351.883s infer_obs_pack=0.427s env_step=3.720s feedback_total=2.588s feedback_obs_pack=0.698s feedback_info_pack=0.122s effective_fps=69.12
2026-10-01 23:44:55.303 | INFO     | plugrl_env_client.runner.rollout:log_timing_summary:101 - Intermediate rollout timing summary: env_steps=24789 infer_calls=24789 feedback_calls=24789 infer_wait=352.409s infer_obs_pack=0.420s env_step=3.442s feedback_total=2.537s feedback_obs_pack=0.685s feedback_info_pack=0.140s effective_fps=69.09
2026-10-01 23:44:55.303 | INFO     | plugrl_env_client.runner.rollout:log_timing_summary:101 - Intermediate rollout timing summary: env_steps=24789 infer_calls=24789 feedback_calls=24789 infer_wait=351.821s infer_obs_pack=0.418s env_step=3.744s feedback_total=2.602s feedback_obs_pack=0.709s feedback_info_pack=0.136s effective_fps=69.13
2026-10-01 23:44:55.303 | INFO     | plugrl_env_client.runner.rollout:log_timing_summary:101 - Intermediate rollout timing summary: env_steps=24789 infer_calls=24789 feedback_calls=24789 infer_wait=351.937s infer_obs_pack=0.425s env_step=3.652s feedback_total=2.637s feedback_obs_pack=0.711s feedback_info_pack=0.124s effective_fps=69.12
2026-10-01 23:44:55.303 | INFO     | plugrl_env_client.runner.rollout:log_timing_summary:101 - Intermediate rollout timing summary: env_steps=24789 infer_calls=24789 feedback_calls=24789 infer_wait=352.042s infer_obs_pack=0.436s env_step=3.612s feedback_total=2.623s feedback_obs_pack=0.733s feedback_info_pack=0.117s effective_fps=69.11
2026-10-01 23:44:55.303 | INFO     | plugrl_env_client.runner.rollout:log_timing_summary:101 - Intermediate rollout timing summary: env_steps=24789 infer_calls=24789 feedback_calls=24789 infer_wait=352.147s infer_obs_pack=0.436s env_step=3.545s feedback_total=2.586s feedback_obs_pack=0.701s feedback_info_pack=0.118s effective_fps=69.11
2026-10-01 23:44:55.303 | INFO     | plugrl_env_client.runner.rollout:log_timing_summary:101 - Intermediate rollout timing summary: env_steps=24789 infer_calls=24789 feedback_calls=24789 infer_wait=352.186s infer_obs_pack=0.437s env_step=3.523s feedback_total=2.611s feedback_obs_pack=0.718s feedback_info_pack=0.119s effective_fps=69.10
2026-10-01 23:44:55.303 | INFO     | plugrl_env_client.runner.rollout:log_timing_summary:101 - Intermediate rollout timing summary: env_steps=24789 infer_calls=24789 feedback_calls=24789 infer_wait=352.328s infer_obs_pack=0.421s env_step=3.489s feedback_total=2.536s feedback_obs_pack=0.683s feedback_info_pack=0.117s effective_fps=69.09
2026-10-01 23:44:55.304 | INFO     | plugrl_env_client.runner.rollout:log_timing_summary:101 - Intermediate rollout timing summary: env_steps=24789 infer_calls=24789 feedback_calls=24789 infer_wait=352.752s infer_obs_pack=0.401s env_step=3.265s feedback_total=2.442s feedback_obs_pack=0.647s feedback_info_pack=0.117s effective_fps=69.08
2026-10-01 23:44:55.304 | INFO     | plugrl_env_client.runner.rollout:log_timing_summary:101 - Intermediate rollout timing summary: env_steps=24789 infer_calls=24789 feedback_calls=24789 infer_wait=352.747s infer_obs_pack=0.397s env_step=3.270s feedback_total=2.409s feedback_obs_pack=0.647s feedback_info_pack=0.106s effective_fps=69.08
2026-10-01 23:44:55.304 | INFO     | plugrl_env_client.runner.rollout:log_timing_summary:101 - Intermediate rollout timing summary: env_steps=24789 infer_calls=24789 feedback_calls=24789 infer_wait=352.601s infer_obs_pack=0.410s env_step=3.348s feedback_total=2.474s feedback_obs_pack=0.671s feedback_info_pack=0.108s effective_fps=69.08
2026-10-01 23:45:08.115 | WARNING  | plugrl_env_client.agent.websocket_env_client_agent:infer:341 - Connection closed during INFER/ACTION exchange. Error: no close frame received or sent. Retrying...
2026-10-01 23:45:08.115 | WARNING  | plugrl_env_client.agent.websocket_env_client_agent:infer:341 - Connection closed during INFER/ACTION exchange. Error: no close frame received or sent. Retrying...
2026-10-01 23:45:08.115 | WARNING  | plugrl_env_client.agent.websocket_env_client_agent:infer:341 - Connection closed during INFER/ACTION exchange. Error: no close frame received or sent. Retrying...
2026-10-01 23:45:08.116 | WARNING  | plugrl_env_client.agent.websocket_env_client_agent:_ensure_connection:267 - Connection closed. Attempting to re-establish connection.
2026-10-01 23:45:08.116 | INFO     | plugrl_env_client.agent.websocket_env_client_agent:_wait_for_server:203 - Waiting for server at ws://127.0.0.1:8800...
2026-10-01 23:45:08.116 | WARNING  | plugrl_env_client.agent.websocket_env_client_agent:_ensure_connection:267 - Connection closed. Attempting to re-establish connection.
2026-10-01 23:45:08.116 | WARNING  | plugrl_env_client.agent.websocket_env_client_agent:_ensure_connection:267 - Connection closed. Attempting to re-establish connection.
2026-10-01 23:45:08.116 | INFO     | plugrl_env_client.agent.websocket_env_client_agent:_wait_for_server:203 - Waiting for server at ws://127.0.0.1:8800...
2026-10-01 23:45:08.116 | INFO     | plugrl_env_client.agent.websocket_env_client_agent:_wait_for_server:203 - Waiting for server at ws://127.0.0.1:8800...
2026-10-01 23:45:08.116 | WARNING  | plugrl_env_client.agent.websocket_env_client_agent:infer:341 - Connection closed during INFER/ACTION exchange. Error: no close frame received or sent. Retrying...
2026-10-01 23:45:08.116 | WARNING  | plugrl_env_client.agent.websocket_env_client_agent:infer:341 - Connection closed during INFER/ACTION exchange. Error: no close frame received or sent. Retrying...
2026-10-01 23:45:08.116 | WARNING  | plugrl_env_client.agent.websocket_env_client_agent:infer:341 - Connection closed during INFER/ACTION exchange. Error: no close frame received or sent. Retrying...
2026-10-01 23:45:08.116 | WARNING  | plugrl_env_client.agent.websocket_env_client_agent:_ensure_connection:267 - Connection closed. Attempting to re-establish connection.
2026-10-01 23:45:08.116 | WARNING  | plugrl_env_client.agent.websocket_env_client_agent:_ensure_connection:267 - Connection closed. Attempting to re-establish connection.
2026-10-01 23:45:08.116 | WARNING  | plugrl_env_client.agent.websocket_env_client_agent:_ensure_connection:267 - Connection closed. Attempting to re-establish connection.
2026-10-01 23:45:08.116 | INFO     | plugrl_env_client.agent.websocket_env_client_agent:_wait_for_server:203 - Waiting for server at ws://127.0.0.1:8800...
2026-10-01 23:45:08.116 | INFO     | plugrl_env_client.agent.websocket_env_client_agent:_wait_for_server:203 - Waiting for server at ws://127.0.0.1:8800...
2026-10-01 23:45:08.116 | INFO     | plugrl_env_client.agent.websocket_env_client_agent:_wait_for_server:203 - Waiting for server at ws://127.0.0.1:8800...
2026-10-01 23:45:08.116 | WARNING  | plugrl_env_client.agent.websocket_env_client_agent:_wait_for_server:252 - Server not available or connection failed. Retrying in 5 seconds...
2026-10-01 23:45:08.116 | WARNING  | plugrl_env_client.agent.websocket_env_client_agent:infer:341 - Connection closed during INFER/ACTION exchange. Error: no close frame received or sent. Retrying...
2026-10-01 23:45:08.116 | WARNING  | plugrl_env_client.agent.websocket_env_client_agent:_wait_for_server:252 - Server not available or connection failed. Retrying in 5 seconds...
2026-10-01 23:45:08.116 | WARNING  | plugrl_env_client.agent.websocket_env_client_agent:_wait_for_server:252 - Server not available or connection failed. Retrying in 5 seconds...
2026-10-01 23:45:08.116 | WARNING  | plugrl_env_client.agent.websocket_env_client_agent:_wait_for_server:252 - Server not available or connection failed. Retrying in 5 seconds...
2026-10-01 23:45:08.116 | WARNING  | plugrl_env_client.agent.websocket_env_client_agent:_ensure_connection:267 - Connection closed. Attempting to re-establish connection.
2026-10-01 23:45:08.116 | WARNING  | plugrl_env_client.agent.websocket_env_client_agent:infer:341 - Connection closed during INFER/ACTION exchange. Error: no close frame received or sent. Retrying...
2026-10-01 23:45:08.116 | INFO     | plugrl_env_client.agent.websocket_env_client_agent:_wait_for_server:203 - Waiting for server at ws://127.0.0.1:8800...
2026-10-01 23:45:08.116 | WARNING  | plugrl_env_client.agent.websocket_env_client_agent:_wait_for_server:252 - Server not available or connection failed. Retrying in 5 seconds...
2026-10-01 23:45:08.116 | WARNING  | plugrl_env_client.agent.websocket_env_client_agent:_wait_for_server:252 - Server not available or connection failed. Retrying in 5 seconds...
2026-10-01 23:45:08.116 | WARNING  | plugrl_env_client.agent.websocket_env_client_agent:_ensure_connection:267 - Connection closed. Attempting to re-establish connection.
2026-10-01 23:45:08.116 | WARNING  | plugrl_env_client.agent.websocket_env_client_agent:infer:341 - Connection closed during INFER/ACTION exchange. Error: no close frame received or sent. Retrying...
2026-10-01 23:45:08.116 | INFO     | plugrl_env_client.agent.websocket_env_client_agent:_wait_for_server:203 - Waiting for server at ws://127.0.0.1:8800...
2026-10-01 23:45:08.116 | WARNING  | plugrl_env_client.agent.websocket_env_client_agent:_ensure_connection:267 - Connection closed. Attempting to re-establish connection.
2026-10-01 23:45:08.116 | WARNING  | plugrl_env_client.agent.websocket_env_client_agent:_wait_for_server:252 - Server not available or connection failed. Retrying in 5 seconds...
2026-10-01 23:45:08.116 | INFO     | plugrl_env_client.agent.websocket_env_client_agent:_wait_for_server:203 - Waiting for server at ws://127.0.0.1:8800...
2026-10-01 23:45:08.116 | WARNING  | plugrl_env_client.agent.websocket_env_client_agent:infer:341 - Connection closed during INFER/ACTION exchange. Error: no close frame received or sent. Retrying...
2026-10-01 23:45:08.116 | WARNING  | plugrl_env_client.agent.websocket_env_client_agent:infer:341 - Connection closed during INFER/ACTION exchange. Error: no close frame received or sent. Retrying...
2026-10-01 23:45:08.116 | WARNING  | plugrl_env_client.agent.websocket_env_client_agent:_wait_for_server:252 - Server not available or connection failed. Retrying in 5 seconds...
2026-10-01 23:45:08.116 | WARNING  | plugrl_env_client.agent.websocket_env_client_agent:_ensure_connection:267 - Connection closed. Attempting to re-establish connection.
2026-10-01 23:45:08.116 | WARNING  | plugrl_env_client.agent.websocket_env_client_agent:_ensure_connection:267 - Connection closed. Attempting to re-establish connection.
2026-10-01 23:45:08.116 | INFO     | plugrl_env_client.agent.websocket_env_client_agent:_wait_for_server:203 - Waiting for server at ws://127.0.0.1:8800...
2026-10-01 23:45:08.116 | INFO     | plugrl_env_client.agent.websocket_env_client_agent:_wait_for_server:203 - Waiting for server at ws://127.0.0.1:8800...
2026-10-01 23:45:08.116 | WARNING  | plugrl_env_client.agent.websocket_env_client_agent:infer:341 - Connection closed during INFER/ACTION exchange. Error: no close frame received or sent. Retrying...
2026-10-01 23:45:08.116 | WARNING  | plugrl_env_client.agent.websocket_env_client_agent:infer:341 - Connection closed during INFER/ACTION exchange. Error: no close frame received or sent. Retrying...
2026-10-01 23:45:08.116 | WARNING  | plugrl_env_client.agent.websocket_env_client_agent:_ensure_connection:267 - Connection closed. Attempting to re-establish connection.
2026-10-01 23:45:08.117 | WARNING  | plugrl_env_client.agent.websocket_env_client_agent:_wait_for_server:252 - Server not available or connection failed. Retrying in 5 seconds...
2026-10-01 23:45:08.117 | WARNING  | plugrl_env_client.agent.websocket_env_client_agent:_ensure_connection:267 - Connection closed. Attempting to re-establish connection.
2026-10-01 23:45:08.117 | INFO     | plugrl_env_client.agent.websocket_env_client_agent:_wait_for_server:203 - Waiting for server at ws://127.0.0.1:8800...
2026-10-01 23:45:08.117 | INFO     | plugrl_env_client.agent.websocket_env_client_agent:_wait_for_server:203 - Waiting for server at ws://127.0.0.1:8800...
2026-10-01 23:45:08.117 | WARNING  | plugrl_env_client.agent.websocket_env_client_agent:_wait_for_server:252 - Server not available or connection failed. Retrying in 5 seconds...
2026-10-01 23:45:08.117 | WARNING  | plugrl_env_client.agent.websocket_env_client_agent:_wait_for_server:252 - Server not available or connection failed. Retrying in 5 seconds...
2026-10-01 23:45:08.117 | WARNING  | plugrl_env_client.agent.websocket_env_client_agent:_wait_for_server:252 - Server not available or connection failed. Retrying in 5 seconds...
2026-10-01 23:45:08.117 | WARNING  | plugrl_env_client.agent.websocket_env_client_agent:_wait_for_server:252 - Server not available or connection failed. Retrying in 5 seconds...
2026-10-01 23:45:08.117 | WARNING  | plugrl_env_client.agent.websocket_env_client_agent:infer:341 - Connection closed during INFER/ACTION exchange. Error: no close frame received or sent. Retrying...
2026-10-01 23:45:08.117 | WARNING  | plugrl_env_client.agent.websocket_env_client_agent:_ensure_connection:267 - Connection closed. Attempting to re-establish connection.
2026-10-01 23:45:08.117 | INFO     | plugrl_env_client.agent.websocket_env_client_agent:_wait_for_server:203 - Waiting for server at ws://127.0.0.1:8800...
2026-10-01 23:45:08.117 | WARNING  | plugrl_env_client.agent.websocket_env_client_agent:_wait_for_server:252 - Server not available or connection failed. Retrying in 5 seconds...
2026-10-01 23:45:08.117 | WARNING  | plugrl_env_client.agent.websocket_env_client_agent:infer:341 - Connection closed during INFER/ACTION exchange. Error: no close frame received or sent. Retrying...
2026-10-01 23:45:08.118 | WARNING  | plugrl_env_client.agent.websocket_env_client_agent:_ensure_connection:267 - Connection closed. Attempting to re-establish connection.
2026-10-01 23:45:08.118 | INFO     | plugrl_env_client.agent.websocket_env_client_agent:_wait_for_server:203 - Waiting for server at ws://127.0.0.1:8800...
2026-10-01 23:45:08.118 | WARNING  | plugrl_env_client.agent.websocket_env_client_agent:_wait_for_server:252 - Server not available or connection failed. Retrying in 5 seconds...
2026-10-01 23:45:08.118 | WARNING  | plugrl_env_client.agent.websocket_env_client_agent:infer:341 - Connection closed during INFER/ACTION exchange. Error: no close frame received or sent. Retrying...
2026-10-01 23:45:08.118 | WARNING  | plugrl_env_client.agent.websocket_env_client_agent:_ensure_connection:267 - Connection closed. Attempting to re-establish connection.
2026-10-01 23:45:08.118 | INFO     | plugrl_env_client.agent.websocket_env_client_agent:_wait_for_server:203 - Waiting for server at ws://127.0.0.1:8800...
2026-10-01 23:45:08.118 | WARNING  | plugrl_env_client.agent.websocket_env_client_agent:_wait_for_server:252 - Server not available or connection failed. Retrying in 5 seconds...
2026-10-01 23:45:13.117 | WARNING  | plugrl_env_client.agent.websocket_env_client_agent:_wait_for_server:252 - Server not available or connection failed. Retrying in 5 seconds...
2026-10-01 23:45:13.117 | WARNING  | plugrl_env_client.agent.websocket_env_client_agent:_wait_for_server:252 - Server not available or connection failed. Retrying in 5 seconds...
2026-10-01 23:45:13.117 | WARNING  | plugrl_env_client.agent.websocket_env_client_agent:_wait_for_server:252 - Server not available or connection failed. Retrying in 5 seconds...
2026-10-01 23:45:13.117 | WARNING  | plugrl_env_client.agent.websocket_env_client_agent:_wait_for_server:252 - Server not available or connection failed. Retrying in 5 seconds...
2026-10-01 23:45:13.117 | WARNING  | plugrl_env_client.agent.websocket_env_client_agent:_wait_for_server:252 - Server not available or connection failed. Retrying in 5 seconds...
2026-10-01 23:45:13.117 | WARNING  | plugrl_env_client.agent.websocket_env_client_agent:_wait_for_server:252 - Server not available or connection failed. Retrying in 5 seconds...
2026-10-01 23:45:13.117 | WARNING  | plugrl_env_client.agent.websocket_env_client_agent:_wait_for_server:252 - Server not available or connection failed. Retrying in 5 seconds...
2026-10-01 23:45:13.117 | WARNING  | plugrl_env_client.agent.websocket_env_client_agent:_wait_for_server:252 - Server not available or connection failed. Retrying in 5 seconds...
2026-10-01 23:45:13.117 | WARNING  | plugrl_env_client.agent.websocket_env_client_agent:_wait_for_server:252 - Server not available or connection failed. Retrying in 5 seconds...
2026-10-01 23:45:13.117 | WARNING  | plugrl_env_client.agent.websocket_env_client_agent:_wait_for_server:252 - Server not available or connection failed. Retrying in 5 seconds...
2026-10-01 23:45:13.117 | WARNING  | plugrl_env_client.agent.websocket_env_client_agent:_wait_for_server:252 - Server not available or connection failed. Retrying in 5 seconds...
2026-10-01 23:45:13.117 | WARNING  | plugrl_env_client.agent.websocket_env_client_agent:_wait_for_server:252 - Server not available or connection failed. Retrying in 5 seconds...
2026-10-01 23:45:13.118 | WARNING  | plugrl_env_client.agent.websocket_env_client_agent:_wait_for_server:252 - Server not available or connection failed. Retrying in 5 seconds...
2026-10-01 23:45:13.118 | WARNING  | plugrl_env_client.agent.websocket_env_client_agent:_wait_for_server:252 - Server not available or connection failed. Retrying in 5 seconds...
2026-10-01 23:45:13.118 | WARNING  | plugrl_env_client.agent.websocket_env_client_agent:_wait_for_server:252 - Server not available or connection failed. Retrying in 5 seconds...
2026-10-01 23:45:13.119 | WARNING  | plugrl_env_client.agent.websocket_env_client_agent:_wait_for_server:252 - Server not available or connection failed. Retrying in 5 seconds...
