2026-09-27 12:30:47.363 | WARNING  | plugrl_env_client.envs:_load_env_modules:27 - Skip loading env module plugrl_env_client.envs.classic.classic_env: pygame is not installed. Please install it with pip install "plugrl-env-client[classic]".
2026-09-27 12:30:47.363 | WARNING  | plugrl_env_client.envs:_load_env_modules:27 - Skip loading env module plugrl_env_client.envs.atari.atari_env: Atari is not installed. Please install it with the 'atari' extra, e.g. 'pip install plugrl-env-client[atari]'
2026-09-27 12:30:47.363 | WARNING  | plugrl_env_client.envs:_load_env_modules:27 - Skip loading env module plugrl_env_client.envs.d4rl.d4rl_env: d4rl is not installed. Please install it with pip install "plugrl-env-client[d4rl]".
2026-09-27 12:30:47.363 | WARNING  | plugrl_env_client.envs:_load_env_modules:27 - Skip loading env module plugrl_env_client.envs.libero.libero_env: libero is not installed. Please install it with pip install "plugrl-env-client[libero]".
[robosuite WARNING] No private macro file found! (macros.py:53)
[robosuite WARNING] It is recommended to use a private macro file (macros.py:54)
[robosuite WARNING] To setup, run: python /home/guangzhao/zuogou/plugrl/plugrl-env-client/.venv-robomimic/lib/python3.11/site-packages/robosuite/scripts/setup_macros.py (macros.py:55)
2026-09-27 12:30:47.975 | INFO     | __main__:main:83 - Starting env client exp_name=robomimic-v1-nenv1-20260927-123047-1f719adc output_dir=runs/robomimic-v1-nenv1-20260927-123047-1f719adc recorder={'episode_freq': 0, 'thread0_only': True, 'record_video': False, 'video_fps': 30.0, 'record_full_rollout': False, 'record_obs_stats': True, 'record_episode_metrics': True, 'metric_window': 100}
2026-09-27 12:30:48.081 | WARNING  | plugrl_env_client.envs:_load_env_modules:27 - Skip loading env module plugrl_env_client.envs.classic.classic_env: pygame is not installed. Please install it with pip install "plugrl-env-client[classic]".
2026-09-27 12:30:48.081 | WARNING  | plugrl_env_client.envs:_load_env_modules:27 - Skip loading env module plugrl_env_client.envs.classic.classic_env: pygame is not installed. Please install it with pip install "plugrl-env-client[classic]".
2026-09-27 12:30:48.081 | WARNING  | plugrl_env_client.envs:_load_env_modules:27 - Skip loading env module plugrl_env_client.envs.atari.atari_env: Atari is not installed. Please install it with the 'atari' extra, e.g. 'pip install plugrl-env-client[atari]'
2026-09-27 12:30:48.081 | WARNING  | plugrl_env_client.envs:_load_env_modules:27 - Skip loading env module plugrl_env_client.envs.atari.atari_env: Atari is not installed. Please install it with the 'atari' extra, e.g. 'pip install plugrl-env-client[atari]'
2026-09-27 12:30:48.081 | WARNING  | plugrl_env_client.envs:_load_env_modules:27 - Skip loading env module plugrl_env_client.envs.d4rl.d4rl_env: d4rl is not installed. Please install it with pip install "plugrl-env-client[d4rl]".
2026-09-27 12:30:48.081 | WARNING  | plugrl_env_client.envs:_load_env_modules:27 - Skip loading env module plugrl_env_client.envs.d4rl.d4rl_env: d4rl is not installed. Please install it with pip install "plugrl-env-client[d4rl]".
2026-09-27 12:30:48.081 | WARNING  | plugrl_env_client.envs:_load_env_modules:27 - Skip loading env module plugrl_env_client.envs.libero.libero_env: libero is not installed. Please install it with pip install "plugrl-env-client[libero]".
2026-09-27 12:30:48.081 | WARNING  | plugrl_env_client.envs:_load_env_modules:27 - Skip loading env module plugrl_env_client.envs.libero.libero_env: libero is not installed. Please install it with pip install "plugrl-env-client[libero]".
2026-09-27 12:30:48.081 | WARNING  | plugrl_env_client.envs:_load_env_modules:27 - Skip loading env module plugrl_env_client.envs.classic.classic_env: pygame is not installed. Please install it with pip install "plugrl-env-client[classic]".
2026-09-27 12:30:48.082 | WARNING  | plugrl_env_client.envs:_load_env_modules:27 - Skip loading env module plugrl_env_client.envs.atari.atari_env: Atari is not installed. Please install it with the 'atari' extra, e.g. 'pip install plugrl-env-client[atari]'
2026-09-27 12:30:48.082 | WARNING  | plugrl_env_client.envs:_load_env_modules:27 - Skip loading env module plugrl_env_client.envs.d4rl.d4rl_env: d4rl is not installed. Please install it with pip install "plugrl-env-client[d4rl]".
2026-09-27 12:30:48.082 | WARNING  | plugrl_env_client.envs:_load_env_modules:27 - Skip loading env module plugrl_env_client.envs.libero.libero_env: libero is not installed. Please install it with pip install "plugrl-env-client[libero]".
[robosuite WARNING] No private macro file found! (macros.py:53)
[robosuite WARNING] No private macro file found! (macros.py:53)
[robosuite WARNING] It is recommended to use a private macro file (macros.py:54)
[robosuite WARNING] It is recommended to use a private macro file (macros.py:54)
[robosuite WARNING] To setup, run: python /home/guangzhao/zuogou/plugrl/plugrl-env-client/.venv-robomimic/lib/python3.11/site-packages/robosuite/scripts/setup_macros.py (macros.py:55)
[robosuite WARNING] To setup, run: python /home/guangzhao/zuogou/plugrl/plugrl-env-client/.venv-robomimic/lib/python3.11/site-packages/robosuite/scripts/setup_macros.py (macros.py:55)
[robosuite WARNING] No private macro file found! (macros.py:53)
[robosuite WARNING] It is recommended to use a private macro file (macros.py:54)
[robosuite WARNING] To setup, run: python /home/guangzhao/zuogou/plugrl/plugrl-env-client/.venv-robomimic/lib/python3.11/site-packages/robosuite/scripts/setup_macros.py (macros.py:55)
2026-09-27 12:30:50.000 | INFO     | plugrl_env_client.agent.websocket_env_client_agent:_wait_for_server:67 - Waiting for server at ws://127.0.0.1:9600...
2026-09-27 12:30:50.003 | INFO     | plugrl_env_client.runner.run:report_server_metadata:56 - Server metadata: {'protocol_version': 1, 'server': 'plugrl-server', 'server_version': '0.1.0', 'algorithm': 'FPOAlgorithm', 'policy': 'FPOPolicy', 'action_dim': 7, 'action_horizon': 4}
2026-09-27 12:30:50.004 | INFO     | plugrl_env_client.agent.websocket_env_client_agent:_wait_for_server:67 - Waiting for server at ws://127.0.0.1:9600...
2026-09-27 12:30:50.005 | INFO     | plugrl_env_client.agent.websocket_env_client_agent:_wait_for_server:67 - Waiting for server at ws://127.0.0.1:9600...
2026-09-27 12:30:50.007 | INFO     | plugrl_env_client.runner.run:report_server_metadata:56 - Server metadata: {'protocol_version': 1, 'server': 'plugrl-server', 'server_version': '0.1.0', 'algorithm': 'FPOAlgorithm', 'policy': 'FPOPolicy', 'action_dim': 7, 'action_horizon': 4}
2026-09-27 12:30:50.007 | INFO     | plugrl_env_client.runner.run:report_server_metadata:56 - Server metadata: {'protocol_version': 1, 'server': 'plugrl-server', 'server_version': '0.1.0', 'algorithm': 'FPOAlgorithm', 'policy': 'FPOPolicy', 'action_dim': 7, 'action_horizon': 4}
2026-09-27 12:31:20.014 | INFO     | plugrl_env_client.runner.rollout:log_timing_summary:98 - Intermediate rollout timing summary: env_steps=3342 infer_calls=836 feedback_calls=835 infer_wait=7.924s infer_obs_pack=0.035s env_step=21.774s feedback_total=0.152s feedback_obs_pack=0.049s feedback_info_pack=0.003s effective_fps=111.83
2026-09-27 12:31:20.018 | INFO     | plugrl_env_client.runner.rollout:log_timing_summary:98 - Intermediate rollout timing summary: env_steps=3342 infer_calls=836 feedback_calls=835 infer_wait=8.226s infer_obs_pack=0.036s env_step=21.472s feedback_total=0.147s feedback_obs_pack=0.048s feedback_info_pack=0.003s effective_fps=111.84
2026-09-27 12:31:20.020 | INFO     | plugrl_env_client.runner.rollout:log_timing_summary:98 - Intermediate rollout timing summary: env_steps=3343 infer_calls=836 feedback_calls=835 infer_wait=8.269s infer_obs_pack=0.035s env_step=21.435s feedback_total=0.146s feedback_obs_pack=0.048s feedback_info_pack=0.003s effective_fps=111.86
2026-09-27 12:31:50.015 | INFO     | plugrl_env_client.runner.rollout:log_timing_summary:98 - Intermediate rollout timing summary: env_steps=6066 infer_calls=1517 feedback_calls=1516 infer_wait=16.967s infer_obs_pack=0.067s env_step=42.448s feedback_total=0.293s feedback_obs_pack=0.098s feedback_info_pack=0.005s effective_fps=101.48
2026-09-27 12:31:50.023 | INFO     | plugrl_env_client.runner.rollout:log_timing_summary:98 - Intermediate rollout timing summary: env_steps=6067 infer_calls=1517 feedback_calls=1516 infer_wait=17.830s infer_obs_pack=0.068s env_step=41.597s feedback_total=0.282s feedback_obs_pack=0.095s feedback_info_pack=0.005s effective_fps=101.49
2026-09-27 12:31:50.029 | INFO     | plugrl_env_client.runner.rollout:log_timing_summary:98 - Intermediate rollout timing summary: env_steps=6067 infer_calls=1517 feedback_calls=1516 infer_wait=17.084s infer_obs_pack=0.068s env_step=42.345s feedback_total=0.282s feedback_obs_pack=0.095s feedback_info_pack=0.005s effective_fps=101.49
2026-09-27 12:32:20.015 | INFO     | plugrl_env_client.runner.rollout:log_timing_summary:98 - Intermediate rollout timing summary: env_steps=8781 infer_calls=2196 feedback_calls=2195 infer_wait=26.575s infer_obs_pack=0.098s env_step=62.565s feedback_total=0.431s feedback_obs_pack=0.143s feedback_info_pack=0.007s effective_fps=97.93
2026-09-27 12:32:20.026 | INFO     | plugrl_env_client.runner.rollout:log_timing_summary:98 - Intermediate rollout timing summary: env_steps=8782 infer_calls=2196 feedback_calls=2195 infer_wait=27.308s infer_obs_pack=0.100s env_step=61.833s feedback_total=0.419s feedback_obs_pack=0.142s feedback_info_pack=0.007s effective_fps=97.95
2026-09-27 12:32:20.035 | INFO     | plugrl_env_client.runner.rollout:log_timing_summary:98 - Intermediate rollout timing summary: env_steps=8784 infer_calls=2196 feedback_calls=2196 infer_wait=26.572s infer_obs_pack=0.101s env_step=62.581s feedback_total=0.420s feedback_obs_pack=0.144s feedback_info_pack=0.007s effective_fps=97.96
2026-09-27 12:32:50.020 | INFO     | plugrl_env_client.runner.rollout:log_timing_summary:98 - Intermediate rollout timing summary: env_steps=11481 infer_calls=2871 feedback_calls=2870 infer_wait=35.719s infer_obs_pack=0.130s env_step=83.144s feedback_total=0.569s feedback_obs_pack=0.188s feedback_info_pack=0.010s effective_fps=96.03
2026-09-27 12:32:50.028 | INFO     | plugrl_env_client.runner.rollout:log_timing_summary:98 - Intermediate rollout timing summary: env_steps=11482 infer_calls=2871 feedback_calls=2870 infer_wait=36.456s infer_obs_pack=0.134s env_step=82.400s feedback_total=0.559s feedback_obs_pack=0.193s feedback_info_pack=0.009s effective_fps=96.04
2026-09-27 12:32:50.039 | INFO     | plugrl_env_client.runner.rollout:log_timing_summary:98 - Intermediate rollout timing summary: env_steps=11484 infer_calls=2871 feedback_calls=2871 infer_wait=36.287s infer_obs_pack=0.132s env_step=82.596s feedback_total=0.555s feedback_obs_pack=0.189s feedback_info_pack=0.010s effective_fps=96.04
2026-09-27 12:33:20.026 | INFO     | plugrl_env_client.runner.rollout:log_timing_summary:98 - Intermediate rollout timing summary: env_steps=14241 infer_calls=3561 feedback_calls=3560 infer_wait=44.874s infer_obs_pack=0.162s env_step=103.710s feedback_total=0.707s feedback_obs_pack=0.234s feedback_info_pack=0.012s effective_fps=95.29
2026-09-27 12:33:20.031 | INFO     | plugrl_env_client.runner.rollout:log_timing_summary:98 - Intermediate rollout timing summary: env_steps=14242 infer_calls=3561 feedback_calls=3560 infer_wait=45.585s infer_obs_pack=0.166s env_step=102.997s feedback_total=0.691s feedback_obs_pack=0.238s feedback_info_pack=0.012s effective_fps=95.30
2026-09-27 12:33:20.039 | INFO     | plugrl_env_client.runner.rollout:log_timing_summary:98 - Intermediate rollout timing summary: env_steps=14243 infer_calls=3561 feedback_calls=3560 infer_wait=45.955s infer_obs_pack=0.169s env_step=102.649s feedback_total=0.691s feedback_obs_pack=0.235s feedback_info_pack=0.012s effective_fps=95.29
2026-09-27 12:35:52.970 | INFO     | plugrl_env_client.runner.rollout:log_timing_summary:98 - Intermediate rollout timing summary: env_steps=16001 infer_calls=4001 feedback_calls=4000 infer_wait=184.304s infer_obs_pack=0.183s env_step=117.041s feedback_total=0.796s feedback_obs_pack=0.264s feedback_info_pack=0.013s effective_fps=52.93
2026-09-27 12:35:52.971 | INFO     | plugrl_env_client.runner.rollout:log_timing_summary:98 - Intermediate rollout timing summary: env_steps=16001 infer_calls=4001 feedback_calls=4000 infer_wait=185.113s infer_obs_pack=0.188s env_step=116.219s feedback_total=0.781s feedback_obs_pack=0.269s feedback_info_pack=0.014s effective_fps=52.93
2026-09-27 12:35:52.971 | INFO     | plugrl_env_client.runner.rollout:log_timing_summary:98 - Intermediate rollout timing summary: env_steps=16001 infer_calls=4001 feedback_calls=4000 infer_wait=185.429s infer_obs_pack=0.194s env_step=115.922s feedback_total=0.779s feedback_obs_pack=0.266s feedback_info_pack=0.014s effective_fps=52.93
2026-09-27 12:36:22.972 | INFO     | plugrl_env_client.runner.rollout:log_timing_summary:98 - Intermediate rollout timing summary: env_steps=18760 infer_calls=4690 feedback_calls=4690 infer_wait=194.106s infer_obs_pack=0.228s env_step=136.961s feedback_total=0.921s feedback_obs_pack=0.313s feedback_info_pack=0.016s effective_fps=56.47
2026-09-27 12:36:22.993 | INFO     | plugrl_env_client.runner.rollout:log_timing_summary:98 - Intermediate rollout timing summary: env_steps=18761 infer_calls=4691 feedback_calls=4690 infer_wait=194.329s infer_obs_pack=0.221s env_step=136.743s feedback_total=0.916s feedback_obs_pack=0.315s feedback_info_pack=0.016s effective_fps=56.47
2026-09-27 12:36:22.997 | INFO     | plugrl_env_client.runner.rollout:log_timing_summary:98 - Intermediate rollout timing summary: env_steps=18761 infer_calls=4691 feedback_calls=4690 infer_wait=193.828s infer_obs_pack=0.215s env_step=137.250s feedback_total=0.942s feedback_obs_pack=0.311s feedback_info_pack=0.016s effective_fps=56.47
2026-09-27 12:36:52.978 | INFO     | plugrl_env_client.runner.rollout:log_timing_summary:98 - Intermediate rollout timing summary: env_steps=21478 infer_calls=5370 feedback_calls=5369 infer_wait=203.723s infer_obs_pack=0.263s env_step=157.067s feedback_total=1.060s feedback_obs_pack=0.358s feedback_info_pack=0.019s effective_fps=59.31
2026-09-27 12:36:53.008 | INFO     | plugrl_env_client.runner.rollout:log_timing_summary:98 - Intermediate rollout timing summary: env_steps=21481 infer_calls=5371 feedback_calls=5370 infer_wait=203.200s infer_obs_pack=0.249s env_step=157.603s feedback_total=1.081s feedback_obs_pack=0.360s feedback_info_pack=0.018s effective_fps=59.32
2026-09-27 12:36:53.010 | INFO     | plugrl_env_client.runner.rollout:log_timing_summary:98 - Intermediate rollout timing summary: env_steps=21481 infer_calls=5371 feedback_calls=5370 infer_wait=203.665s infer_obs_pack=0.254s env_step=157.139s feedback_total=1.053s feedback_obs_pack=0.363s feedback_info_pack=0.018s effective_fps=59.32
2026-09-27 12:37:22.984 | INFO     | plugrl_env_client.runner.rollout:log_timing_summary:98 - Intermediate rollout timing summary: env_steps=24291 infer_calls=6073 feedback_calls=6072 infer_wait=212.842s infer_obs_pack=0.296s env_step=177.669s feedback_total=1.199s feedback_obs_pack=0.404s feedback_info_pack=0.021s effective_fps=61.97
2026-09-27 12:37:23.022 | INFO     | plugrl_env_client.runner.rollout:log_timing_summary:98 - Intermediate rollout timing summary: env_steps=24293 infer_calls=6074 feedback_calls=6073 infer_wait=212.038s infer_obs_pack=0.284s env_step=178.483s feedback_total=1.225s feedback_obs_pack=0.410s feedback_info_pack=0.022s effective_fps=61.97
2026-09-27 12:37:23.030 | INFO     | plugrl_env_client.runner.rollout:log_timing_summary:98 - Intermediate rollout timing summary: env_steps=24293 infer_calls=6074 feedback_calls=6073 infer_wait=213.086s infer_obs_pack=0.287s env_step=177.449s feedback_total=1.189s feedback_obs_pack=0.408s feedback_info_pack=0.020s effective_fps=61.97
2026-09-27 12:37:52.986 | INFO     | plugrl_env_client.runner.rollout:log_timing_summary:98 - Intermediate rollout timing summary: env_steps=27183 infer_calls=6796 feedback_calls=6795 infer_wait=222.051s infer_obs_pack=0.328s env_step=198.164s feedback_total=1.348s feedback_obs_pack=0.454s feedback_info_pack=0.024s effective_fps=64.43
2026-09-27 12:37:53.024 | INFO     | plugrl_env_client.runner.rollout:log_timing_summary:98 - Intermediate rollout timing summary: env_steps=27187 infer_calls=6797 feedback_calls=6796 infer_wait=220.663s infer_obs_pack=0.315s env_step=199.560s feedback_total=1.375s feedback_obs_pack=0.457s feedback_info_pack=0.024s effective_fps=64.44
2026-09-27 12:37:53.041 | INFO     | plugrl_env_client.runner.rollout:log_timing_summary:98 - Intermediate rollout timing summary: env_steps=27188 infer_calls=6797 feedback_calls=6797 infer_wait=221.716s infer_obs_pack=0.320s env_step=198.526s feedback_total=1.340s feedback_obs_pack=0.458s feedback_info_pack=0.023s effective_fps=64.44
2026-09-27 12:38:22.997 | INFO     | plugrl_env_client.runner.rollout:log_timing_summary:98 - Intermediate rollout timing summary: env_steps=30037 infer_calls=7510 feedback_calls=7509 infer_wait=230.913s infer_obs_pack=0.360s env_step=219.009s feedback_total=1.495s feedback_obs_pack=0.501s feedback_info_pack=0.030s effective_fps=66.49
2026-09-27 12:38:23.030 | INFO     | plugrl_env_client.runner.rollout:log_timing_summary:98 - Intermediate rollout timing summary: env_steps=30041 infer_calls=7511 feedback_calls=7510 infer_wait=229.659s infer_obs_pack=0.351s env_step=220.275s feedback_total=1.516s feedback_obs_pack=0.503s feedback_info_pack=0.027s effective_fps=66.49
2026-09-27 12:38:23.045 | INFO     | plugrl_env_client.runner.rollout:log_timing_summary:98 - Intermediate rollout timing summary: env_steps=30044 infer_calls=7511 feedback_calls=7511 infer_wait=230.688s infer_obs_pack=0.355s env_step=219.251s feedback_total=1.489s feedback_obs_pack=0.505s feedback_info_pack=0.025s effective_fps=66.50
2026-09-27 12:40:49.077 | INFO     | plugrl_env_client.runner.rollout:log_timing_summary:98 - Intermediate rollout timing summary: env_steps=32001 infer_calls=8001 feedback_calls=8000 infer_wait=360.866s infer_obs_pack=0.372s env_step=234.913s feedback_total=1.617s feedback_obs_pack=0.536s feedback_info_pack=0.029s effective_fps=53.53
2026-09-27 12:40:49.080 | INFO     | plugrl_env_client.runner.rollout:log_timing_summary:98 - Intermediate rollout timing summary: env_steps=32001 infer_calls=8001 feedback_calls=8000 infer_wait=362.148s infer_obs_pack=0.383s env_step=233.655s feedback_total=1.596s feedback_obs_pack=0.533s feedback_info_pack=0.032s effective_fps=53.53
2026-09-27 12:40:49.080 | INFO     | plugrl_env_client.runner.rollout:log_timing_summary:98 - Intermediate rollout timing summary: env_steps=32001 infer_calls=8001 feedback_calls=8000 infer_wait=362.130s infer_obs_pack=0.377s env_step=233.643s feedback_total=1.585s feedback_obs_pack=0.537s feedback_info_pack=0.027s effective_fps=53.54
2026-09-27 12:41:19.081 | INFO     | plugrl_env_client.runner.rollout:log_timing_summary:98 - Intermediate rollout timing summary: env_steps=34968 infer_calls=8742 feedback_calls=8742 infer_wait=370.893s infer_obs_pack=0.416s env_step=254.608s feedback_total=1.752s feedback_obs_pack=0.581s feedback_info_pack=0.034s effective_fps=55.71
2026-09-27 12:41:19.082 | INFO     | plugrl_env_client.runner.rollout:log_timing_summary:98 - Intermediate rollout timing summary: env_steps=34968 infer_calls=8742 feedback_calls=8742 infer_wait=369.294s infer_obs_pack=0.408s env_step=256.163s feedback_total=1.780s feedback_obs_pack=0.588s feedback_info_pack=0.031s effective_fps=55.71
2026-09-27 12:41:19.104 | INFO     | plugrl_env_client.runner.rollout:log_timing_summary:98 - Intermediate rollout timing summary: env_steps=34969 infer_calls=8743 feedback_calls=8742 infer_wait=370.901s infer_obs_pack=0.410s env_step=254.582s feedback_total=1.744s feedback_obs_pack=0.584s feedback_info_pack=0.029s effective_fps=55.72
2026-09-27 12:41:49.090 | INFO     | plugrl_env_client.runner.rollout:log_timing_summary:98 - Intermediate rollout timing summary: env_steps=37857 infer_calls=9465 feedback_calls=9464 infer_wait=378.240s infer_obs_pack=0.443s env_step=276.926s feedback_total=1.928s feedback_obs_pack=0.638s feedback_info_pack=0.033s effective_fps=57.57
2026-09-27 12:41:49.093 | INFO     | plugrl_env_client.runner.rollout:log_timing_summary:98 - Intermediate rollout timing summary: env_steps=37857 infer_calls=9465 feedback_calls=9464 infer_wait=379.732s infer_obs_pack=0.449s env_step=275.484s feedback_total=1.899s feedback_obs_pack=0.628s feedback_info_pack=0.037s effective_fps=57.57
2026-09-27 12:41:49.105 | INFO     | plugrl_env_client.runner.rollout:log_timing_summary:98 - Intermediate rollout timing summary: env_steps=37859 infer_calls=9465 feedback_calls=9464 infer_wait=379.715s infer_obs_pack=0.444s env_step=275.453s feedback_total=1.901s feedback_obs_pack=0.632s feedback_info_pack=0.032s effective_fps=57.58
2026-09-27 12:42:19.090 | INFO     | plugrl_env_client.runner.rollout:log_timing_summary:98 - Intermediate rollout timing summary: env_steps=40724 infer_calls=10181 feedback_calls=10181 infer_wait=386.951s infer_obs_pack=0.476s env_step=297.918s feedback_total=2.078s feedback_obs_pack=0.685s feedback_info_pack=0.036s effective_fps=59.24
2026-09-27 12:42:19.105 | INFO     | plugrl_env_client.runner.rollout:log_timing_summary:98 - Intermediate rollout timing summary: env_steps=40725 infer_calls=10182 feedback_calls=10181 infer_wait=388.234s infer_obs_pack=0.483s env_step=296.689s feedback_total=2.052s feedback_obs_pack=0.676s feedback_info_pack=0.039s effective_fps=59.24
2026-09-27 12:42:19.106 | INFO     | plugrl_env_client.runner.rollout:log_timing_summary:98 - Intermediate rollout timing summary: env_steps=40725 infer_calls=10182 feedback_calls=10181 infer_wait=388.611s infer_obs_pack=0.476s env_step=296.260s feedback_total=2.049s feedback_obs_pack=0.678s feedback_info_pack=0.034s effective_fps=59.25
2026-09-27 12:42:49.099 | INFO     | plugrl_env_client.runner.rollout:log_timing_summary:98 - Intermediate rollout timing summary: env_steps=43609 infer_calls=10903 feedback_calls=10902 infer_wait=395.958s infer_obs_pack=0.511s env_step=318.619s feedback_total=2.223s feedback_obs_pack=0.733s feedback_info_pack=0.038s effective_fps=60.80
2026-09-27 12:42:49.107 | INFO     | plugrl_env_client.runner.rollout:log_timing_summary:98 - Intermediate rollout timing summary: env_steps=43610 infer_calls=10903 feedback_calls=10902 infer_wait=397.649s infer_obs_pack=0.509s env_step=316.916s feedback_total=2.198s feedback_obs_pack=0.725s feedback_info_pack=0.036s effective_fps=60.80
2026-09-27 12:42:49.109 | INFO     | plugrl_env_client.runner.rollout:log_timing_summary:98 - Intermediate rollout timing summary: env_steps=43611 infer_calls=10903 feedback_calls=10902 infer_wait=396.507s infer_obs_pack=0.517s env_step=318.122s feedback_total=2.197s feedback_obs_pack=0.723s feedback_info_pack=0.042s effective_fps=60.80
2026-09-27 12:43:19.119 | INFO     | plugrl_env_client.runner.rollout:log_timing_summary:98 - Intermediate rollout timing summary: env_steps=46485 infer_calls=11622 feedback_calls=11621 infer_wait=404.789s infer_obs_pack=0.543s env_step=339.511s feedback_total=2.372s feedback_obs_pack=0.782s feedback_info_pack=0.041s effective_fps=62.21
2026-09-27 12:43:19.120 | INFO     | plugrl_env_client.runner.rollout:log_timing_summary:98 - Intermediate rollout timing summary: env_steps=46485 infer_calls=11622 feedback_calls=11621 infer_wait=406.571s infer_obs_pack=0.543s env_step=337.705s feedback_total=2.345s feedback_obs_pack=0.772s feedback_info_pack=0.039s effective_fps=62.22
2026-09-27 12:43:19.121 | INFO     | plugrl_env_client.runner.rollout:log_timing_summary:98 - Intermediate rollout timing summary: env_steps=46485 infer_calls=11622 feedback_calls=11621 infer_wait=405.168s infer_obs_pack=0.551s env_step=339.173s feedback_total=2.350s feedback_obs_pack=0.773s feedback_info_pack=0.044s effective_fps=62.21
2026-09-27 12:45:41.409 | INFO     | plugrl_env_client.runner.rollout:log_timing_summary:98 - Intermediate rollout timing summary: env_steps=48001 infer_calls=12001 feedback_calls=12000 infer_wait=537.520s infer_obs_pack=0.560s env_step=348.888s feedback_total=2.422s feedback_obs_pack=0.796s feedback_info_pack=0.040s effective_fps=53.97
2026-09-27 12:45:41.410 | INFO     | plugrl_env_client.runner.rollout:log_timing_summary:98 - Intermediate rollout timing summary: env_steps=48001 infer_calls=12001 feedback_calls=12000 infer_wait=536.291s infer_obs_pack=0.571s env_step=350.176s feedback_total=2.429s feedback_obs_pack=0.797s feedback_info_pack=0.046s effective_fps=53.97
2026-09-27 12:45:41.412 | INFO     | plugrl_env_client.runner.rollout:log_timing_summary:98 - Intermediate rollout timing summary: env_steps=48001 infer_calls=12001 feedback_calls=12000 infer_wait=536.024s infer_obs_pack=0.560s env_step=350.409s feedback_total=2.451s feedback_obs_pack=0.807s feedback_info_pack=0.042s effective_fps=53.97
2026-09-27 12:46:11.410 | INFO     | plugrl_env_client.runner.rollout:log_timing_summary:98 - Intermediate rollout timing summary: env_steps=50982 infer_calls=12746 feedback_calls=12745 infer_wait=546.484s infer_obs_pack=0.595s env_step=369.609s feedback_total=2.578s feedback_obs_pack=0.844s feedback_info_pack=0.043s effective_fps=55.46
2026-09-27 12:46:11.412 | INFO     | plugrl_env_client.runner.rollout:log_timing_summary:98 - Intermediate rollout timing summary: env_steps=50983 infer_calls=12746 feedback_calls=12745 infer_wait=544.707s infer_obs_pack=0.608s env_step=371.442s feedback_total=2.590s feedback_obs_pack=0.846s feedback_info_pack=0.048s effective_fps=55.46
2026-09-27 12:46:11.414 | INFO     | plugrl_env_client.runner.rollout:log_timing_summary:98 - Intermediate rollout timing summary: env_steps=50982 infer_calls=12746 feedback_calls=12745 infer_wait=544.567s infer_obs_pack=0.594s env_step=371.561s feedback_total=2.605s feedback_obs_pack=0.857s feedback_info_pack=0.044s effective_fps=55.46
2026-09-27 12:46:41.413 | INFO     | plugrl_env_client.runner.rollout:log_timing_summary:98 - Intermediate rollout timing summary: env_steps=53690 infer_calls=13423 feedback_calls=13422 infer_wait=555.824s infer_obs_pack=0.628s env_step=389.989s feedback_total=2.716s feedback_obs_pack=0.892s feedback_info_pack=0.045s effective_fps=56.57
2026-09-27 12:46:41.416 | INFO     | plugrl_env_client.runner.rollout:log_timing_summary:98 - Intermediate rollout timing summary: env_steps=53691 infer_calls=13423 feedback_calls=13422 infer_wait=553.825s infer_obs_pack=0.641s env_step=392.049s feedback_total=2.726s feedback_obs_pack=0.892s feedback_info_pack=0.051s effective_fps=56.56
2026-09-27 12:46:41.418 | INFO     | plugrl_env_client.runner.rollout:log_timing_summary:98 - Intermediate rollout timing summary: env_steps=53691 infer_calls=13423 feedback_calls=13422 infer_wait=554.419s infer_obs_pack=0.624s env_step=391.438s feedback_total=2.738s feedback_obs_pack=0.904s feedback_info_pack=0.047s effective_fps=56.56
2026-09-27 12:47:11.417 | INFO     | plugrl_env_client.runner.rollout:log_timing_summary:98 - Intermediate rollout timing summary: env_steps=56396 infer_calls=14099 feedback_calls=14099 infer_wait=563.917s infer_obs_pack=0.672s env_step=411.682s feedback_total=2.861s feedback_obs_pack=0.937s feedback_info_pack=0.053s effective_fps=57.60
2026-09-27 12:47:11.433 | INFO     | plugrl_env_client.runner.rollout:log_timing_summary:98 - Intermediate rollout timing summary: env_steps=56397 infer_calls=14100 feedback_calls=14099 infer_wait=563.206s infer_obs_pack=0.658s env_step=412.389s feedback_total=2.872s feedback_obs_pack=0.951s feedback_info_pack=0.049s effective_fps=57.60
2026-09-27 12:47:11.434 | INFO     | plugrl_env_client.runner.rollout:log_timing_summary:98 - Intermediate rollout timing summary: env_steps=56397 infer_calls=14100 feedback_calls=14099 infer_wait=565.445s infer_obs_pack=0.663s env_step=410.101s feedback_total=2.853s feedback_obs_pack=0.938s feedback_info_pack=0.047s effective_fps=57.60
2026-09-27 12:47:41.418 | INFO     | plugrl_env_client.runner.rollout:log_timing_summary:98 - Intermediate rollout timing summary: env_steps=59117 infer_calls=14780 feedback_calls=14779 infer_wait=573.514s infer_obs_pack=0.705s env_step=431.801s feedback_total=3.002s feedback_obs_pack=0.986s feedback_info_pack=0.055s effective_fps=58.59
2026-09-27 12:47:41.439 | INFO     | plugrl_env_client.runner.rollout:log_timing_summary:98 - Intermediate rollout timing summary: env_steps=59120 infer_calls=14780 feedback_calls=14780 infer_wait=574.445s infer_obs_pack=0.700s env_step=430.820s feedback_total=2.988s feedback_obs_pack=0.986s feedback_info_pack=0.049s effective_fps=58.60
2026-09-27 12:47:41.439 | INFO     | plugrl_env_client.runner.rollout:log_timing_summary:98 - Intermediate rollout timing summary: env_steps=59120 infer_calls=14780 feedback_calls=14780 infer_wait=573.125s infer_obs_pack=0.689s env_step=432.191s feedback_total=3.008s feedback_obs_pack=1.000s feedback_info_pack=0.051s effective_fps=58.59
2026-09-27 12:48:11.432 | INFO     | plugrl_env_client.runner.rollout:log_timing_summary:98 - Intermediate rollout timing summary: env_steps=61769 infer_calls=15443 feedback_calls=15442 infer_wait=582.673s infer_obs_pack=0.737s env_step=452.381s feedback_total=3.134s feedback_obs_pack=1.032s feedback_info_pack=0.058s effective_fps=59.45
2026-09-27 12:48:11.442 | INFO     | plugrl_env_client.runner.rollout:log_timing_summary:98 - Intermediate rollout timing summary: env_steps=61771 infer_calls=15443 feedback_calls=15442 infer_wait=582.714s infer_obs_pack=0.721s env_step=452.332s feedback_total=3.139s feedback_obs_pack=1.044s feedback_info_pack=0.054s effective_fps=59.46
2026-09-27 12:48:11.449 | INFO     | plugrl_env_client.runner.rollout:log_timing_summary:98 - Intermediate rollout timing summary: env_steps=61771 infer_calls=15443 feedback_calls=15442 infer_wait=583.939s infer_obs_pack=0.732s env_step=451.053s feedback_total=3.123s feedback_obs_pack=1.033s feedback_info_pack=0.052s effective_fps=59.46
2026-09-27 12:50:43.632 | INFO     | plugrl_env_client.runner.rollout:log_timing_summary:98 - Intermediate rollout timing summary: env_steps=64001 infer_calls=16001 feedback_calls=16000 infer_wait=719.005s infer_obs_pack=0.759s env_step=467.937s feedback_total=3.234s feedback_obs_pack=1.070s feedback_info_pack=0.054s effective_fps=53.74
2026-09-27 12:50:43.633 | INFO     | plugrl_env_client.runner.rollout:log_timing_summary:98 - Intermediate rollout timing summary: env_steps=64001 infer_calls=16001 feedback_calls=16000 infer_wait=717.554s infer_obs_pack=0.765s env_step=469.459s feedback_total=3.251s feedback_obs_pack=1.072s feedback_info_pack=0.060s effective_fps=53.74
2026-09-27 12:50:43.635 | INFO     | plugrl_env_client.runner.rollout:log_timing_summary:98 - Intermediate rollout timing summary: env_steps=64001 infer_calls=16001 feedback_calls=16000 infer_wait=717.255s infer_obs_pack=0.748s env_step=469.738s feedback_total=3.258s feedback_obs_pack=1.082s feedback_info_pack=0.056s effective_fps=53.74
2026-09-27 12:51:13.634 | INFO     | plugrl_env_client.runner.rollout:log_timing_summary:98 - Intermediate rollout timing summary: env_steps=66656 infer_calls=16664 feedback_calls=16664 infer_wait=726.916s infer_obs_pack=0.797s env_step=489.821s feedback_total=3.389s feedback_obs_pack=1.118s feedback_info_pack=0.062s effective_fps=54.59
2026-09-27 12:51:13.636 | INFO     | plugrl_env_client.runner.rollout:log_timing_summary:98 - Intermediate rollout timing summary: env_steps=66656 infer_calls=16664 feedback_calls=16664 infer_wait=726.581s infer_obs_pack=0.783s env_step=490.142s feedback_total=3.388s feedback_obs_pack=1.127s feedback_info_pack=0.058s effective_fps=54.60
2026-09-27 12:51:13.652 | INFO     | plugrl_env_client.runner.rollout:log_timing_summary:98 - Intermediate rollout timing summary: env_steps=66657 infer_calls=16665 feedback_calls=16664 infer_wait=728.409s infer_obs_pack=0.791s env_step=488.276s feedback_total=3.371s feedback_obs_pack=1.115s feedback_info_pack=0.056s effective_fps=54.60
2026-09-27 12:51:43.649 | INFO     | plugrl_env_client.runner.rollout:log_timing_summary:98 - Intermediate rollout timing summary: env_steps=69397 infer_calls=17350 feedback_calls=17349 infer_wait=735.993s infer_obs_pack=0.831s env_step=510.476s feedback_total=3.527s feedback_obs_pack=1.164s feedback_info_pack=0.065s effective_fps=55.48
2026-09-27 12:51:43.650 | INFO     | plugrl_env_client.runner.rollout:log_timing_summary:98 - Intermediate rollout timing summary: env_steps=69397 infer_calls=17350 feedback_calls=17349 infer_wait=735.674s infer_obs_pack=0.815s env_step=510.780s feedback_total=3.524s feedback_obs_pack=1.174s feedback_info_pack=0.060s effective_fps=55.48
2026-09-27 12:51:43.653 | INFO     | plugrl_env_client.runner.rollout:log_timing_summary:98 - Intermediate rollout timing summary: env_steps=69398 infer_calls=17350 feedback_calls=17349 infer_wait=737.844s infer_obs_pack=0.824s env_step=508.560s feedback_total=3.506s feedback_obs_pack=1.161s feedback_info_pack=0.058s effective_fps=55.49
2026-09-27 12:52:13.649 | INFO     | plugrl_env_client.runner.rollout:log_timing_summary:98 - Intermediate rollout timing summary: env_steps=72218 infer_calls=18055 feedback_calls=18054 infer_wait=744.929s infer_obs_pack=0.866s env_step=531.248s feedback_total=3.671s feedback_obs_pack=1.211s feedback_info_pack=0.067s effective_fps=56.39
2026-09-27 12:52:13.650 | INFO     | plugrl_env_client.runner.rollout:log_timing_summary:98 - Intermediate rollout timing summary: env_steps=72218 infer_calls=18055 feedback_calls=18054 infer_wait=744.831s infer_obs_pack=0.847s env_step=531.333s feedback_total=3.667s feedback_obs_pack=1.220s feedback_info_pack=0.063s effective_fps=56.39
2026-09-27 12:52:13.655 | INFO     | plugrl_env_client.runner.rollout:log_timing_summary:98 - Intermediate rollout timing summary: env_steps=72219 infer_calls=18055 feedback_calls=18054 infer_wait=746.470s infer_obs_pack=0.857s env_step=529.641s feedback_total=3.649s feedback_obs_pack=1.207s feedback_info_pack=0.061s effective_fps=56.39
2026-09-27 12:52:43.652 | INFO     | plugrl_env_client.runner.rollout:log_timing_summary:98 - Intermediate rollout timing summary: env_steps=75098 infer_calls=18775 feedback_calls=18774 infer_wait=753.867s infer_obs_pack=0.900s env_step=552.013s feedback_total=3.825s feedback_obs_pack=1.259s feedback_info_pack=0.070s effective_fps=57.30
2026-09-27 12:52:43.656 | INFO     | plugrl_env_client.runner.rollout:log_timing_summary:98 - Intermediate rollout timing summary: env_steps=75099 infer_calls=18775 feedback_calls=18774 infer_wait=753.752s infer_obs_pack=0.878s env_step=552.118s feedback_total=3.812s feedback_obs_pack=1.267s feedback_info_pack=0.065s effective_fps=57.30
2026-09-27 12:52:43.657 | INFO     | plugrl_env_client.runner.rollout:log_timing_summary:98 - Intermediate rollout timing summary: env_steps=75099 infer_calls=18775 feedback_calls=18774 infer_wait=754.939s infer_obs_pack=0.890s env_step=550.879s feedback_total=3.794s feedback_obs_pack=1.254s feedback_info_pack=0.063s effective_fps=57.31
2026-09-27 12:53:13.654 | INFO     | plugrl_env_client.runner.rollout:log_timing_summary:98 - Intermediate rollout timing summary: env_steps=77970 infer_calls=19493 feedback_calls=19492 infer_wait=762.211s infer_obs_pack=0.933s env_step=573.373s feedback_total=3.973s feedback_obs_pack=1.308s feedback_info_pack=0.072s effective_fps=58.17
2026-09-27 12:53:13.661 | INFO     | plugrl_env_client.runner.rollout:log_timing_summary:98 - Intermediate rollout timing summary: env_steps=77970 infer_calls=19493 feedback_calls=19492 infer_wait=763.742s infer_obs_pack=0.923s env_step=571.783s feedback_total=3.938s feedback_obs_pack=1.300s feedback_info_pack=0.065s effective_fps=58.17
2026-09-27 12:53:13.663 | INFO     | plugrl_env_client.runner.rollout:log_timing_summary:98 - Intermediate rollout timing summary: env_steps=77971 infer_calls=19493 feedback_calls=19492 infer_wait=762.847s infer_obs_pack=0.913s env_step=572.729s feedback_total=3.963s feedback_obs_pack=1.315s feedback_info_pack=0.068s effective_fps=58.17
2026-09-27 12:55:39.488 | INFO     | plugrl_env_client.runner.rollout:log_timing_summary:98 - Intermediate rollout timing summary: env_steps=80001 infer_calls=20001 feedback_calls=20000 infer_wait=893.931s infer_obs_pack=0.936s env_step=587.261s feedback_total=4.067s feedback_obs_pack=1.348s feedback_info_pack=0.070s effective_fps=53.83
2026-09-27 12:55:39.498 | INFO     | plugrl_env_client.runner.rollout:log_timing_summary:98 - Intermediate rollout timing summary: env_steps=80001 infer_calls=20001 feedback_calls=20000 infer_wait=895.249s infer_obs_pack=0.946s env_step=585.901s feedback_total=4.042s feedback_obs_pack=1.333s feedback_info_pack=0.067s effective_fps=53.83
2026-09-27 12:55:39.501 | INFO     | plugrl_env_client.runner.rollout:log_timing_summary:98 - Intermediate rollout timing summary: env_steps=80001 infer_calls=20001 feedback_calls=20000 infer_wait=893.458s infer_obs_pack=0.956s env_step=587.769s feedback_total=4.074s feedback_obs_pack=1.341s feedback_info_pack=0.074s effective_fps=53.83
2026-09-27 12:56:09.490 | INFO     | plugrl_env_client.runner.rollout:log_timing_summary:98 - Intermediate rollout timing summary: env_steps=82949 infer_calls=20738 feedback_calls=20737 infer_wait=902.679s infer_obs_pack=0.969s env_step=608.199s feedback_total=4.227s feedback_obs_pack=1.398s feedback_info_pack=0.072s effective_fps=54.71
2026-09-27 12:56:09.501 | INFO     | plugrl_env_client.runner.rollout:log_timing_summary:98 - Intermediate rollout timing summary: env_steps=82951 infer_calls=20738 feedback_calls=20737 infer_wait=904.069s infer_obs_pack=0.980s env_step=606.775s feedback_total=4.193s feedback_obs_pack=1.381s feedback_info_pack=0.069s effective_fps=54.72
2026-09-27 12:56:09.506 | INFO     | plugrl_env_client.runner.rollout:log_timing_summary:98 - Intermediate rollout timing summary: env_steps=82952 infer_calls=20738 feedback_calls=20738 infer_wait=901.722s infer_obs_pack=0.989s env_step=609.203s feedback_total=4.228s feedback_obs_pack=1.389s feedback_info_pack=0.077s effective_fps=54.71
2026-09-27 12:56:39.507 | INFO     | plugrl_env_client.runner.rollout:log_timing_summary:98 - Intermediate rollout timing summary: env_steps=85825 infer_calls=21457 feedback_calls=21456 infer_wait=912.846s infer_obs_pack=1.012s env_step=627.705s feedback_total=4.343s feedback_obs_pack=1.427s feedback_info_pack=0.072s effective_fps=55.52
2026-09-27 12:56:39.507 | INFO     | plugrl_env_client.runner.rollout:log_timing_summary:98 - Intermediate rollout timing summary: env_steps=85825 infer_calls=21457 feedback_calls=21456 infer_wait=910.781s infer_obs_pack=1.025s env_step=629.837s feedback_total=4.380s feedback_obs_pack=1.436s feedback_info_pack=0.079s effective_fps=55.51
2026-09-27 12:56:39.508 | INFO     | plugrl_env_client.runner.rollout:log_timing_summary:98 - Intermediate rollout timing summary: env_steps=85825 infer_calls=21457 feedback_calls=21456 infer_wait=911.500s infer_obs_pack=1.001s env_step=629.096s feedback_total=4.375s feedback_obs_pack=1.445s feedback_info_pack=0.075s effective_fps=55.52
2026-09-27 12:57:09.513 | INFO     | plugrl_env_client.runner.rollout:log_timing_summary:98 - Intermediate rollout timing summary: env_steps=88677 infer_calls=22170 feedback_calls=22169 infer_wait=921.710s infer_obs_pack=1.047s env_step=648.550s feedback_total=4.491s feedback_obs_pack=1.472s feedback_info_pack=0.074s effective_fps=56.27
2026-09-27 12:57:09.513 | INFO     | plugrl_env_client.runner.rollout:log_timing_summary:98 - Intermediate rollout timing summary: env_steps=88677 infer_calls=22170 feedback_calls=22169 infer_wait=919.409s infer_obs_pack=1.057s env_step=650.916s feedback_total=4.530s feedback_obs_pack=1.483s feedback_info_pack=0.082s effective_fps=56.27
2026-09-27 12:57:09.519 | INFO     | plugrl_env_client.runner.rollout:log_timing_summary:98 - Intermediate rollout timing summary: env_steps=88677 infer_calls=22170 feedback_calls=22169 infer_wait=920.388s infer_obs_pack=1.033s env_step=649.932s feedback_total=4.518s feedback_obs_pack=1.491s feedback_info_pack=0.077s effective_fps=56.27
2026-09-27 12:57:39.520 | INFO     | plugrl_env_client.runner.rollout:log_timing_summary:98 - Intermediate rollout timing summary: env_steps=91509 infer_calls=22878 feedback_calls=22877 infer_wait=930.764s infer_obs_pack=1.081s env_step=669.205s feedback_total=4.642s feedback_obs_pack=1.523s feedback_info_pack=0.077s effective_fps=56.99
2026-09-27 12:57:39.520 | INFO     | plugrl_env_client.runner.rollout:log_timing_summary:98 - Intermediate rollout timing summary: env_steps=91509 infer_calls=22878 feedback_calls=22877 infer_wait=928.361s infer_obs_pack=1.090s env_step=671.679s feedback_total=4.676s feedback_obs_pack=1.529s feedback_info_pack=0.084s effective_fps=56.99
2026-09-27 12:57:39.525 | INFO     | plugrl_env_client.runner.rollout:log_timing_summary:98 - Intermediate rollout timing summary: env_steps=91510 infer_calls=22878 feedback_calls=22877 infer_wait=928.852s infer_obs_pack=1.066s env_step=671.177s feedback_total=4.664s feedback_obs_pack=1.538s feedback_info_pack=0.079s effective_fps=56.99
2026-09-27 12:58:09.522 | INFO     | plugrl_env_client.runner.rollout:log_timing_summary:98 - Intermediate rollout timing summary: env_steps=94370 infer_calls=23593 feedback_calls=23592 infer_wait=939.418s infer_obs_pack=1.115s env_step=690.250s feedback_total=4.792s feedback_obs_pack=1.570s feedback_info_pack=0.079s effective_fps=57.70
2026-09-27 12:58:09.527 | INFO     | plugrl_env_client.runner.rollout:log_timing_summary:98 - Intermediate rollout timing summary: env_steps=94370 infer_calls=23593 feedback_calls=23592 infer_wait=937.304s infer_obs_pack=1.126s env_step=692.434s feedback_total=4.831s feedback_obs_pack=1.577s feedback_info_pack=0.087s effective_fps=57.69
2026-09-27 12:58:09.531 | INFO     | plugrl_env_client.runner.rollout:log_timing_summary:98 - Intermediate rollout timing summary: env_steps=94371 infer_calls=23593 feedback_calls=23592 infer_wait=937.685s infer_obs_pack=1.098s env_step=692.052s feedback_total=4.812s feedback_obs_pack=1.587s feedback_info_pack=0.082s effective_fps=57.70
2026-09-27 13:00:33.999 | INFO     | plugrl_env_client.runner.rollout:log_timing_summary:98 - Intermediate rollout timing summary: env_steps=96001 infer_calls=24001 feedback_calls=24000 infer_wait=1070.062s infer_obs_pack=1.117s env_step=703.967s feedback_total=4.898s feedback_obs_pack=1.615s feedback_info_pack=0.083s effective_fps=53.93
2026-09-27 13:00:34.002 | INFO     | plugrl_env_client.runner.rollout:log_timing_summary:98 - Intermediate rollout timing summary: env_steps=96001 infer_calls=24001 feedback_calls=24000 infer_wait=1069.788s infer_obs_pack=1.145s env_step=704.255s feedback_total=4.915s feedback_obs_pack=1.604s feedback_info_pack=0.088s effective_fps=53.93
2026-09-27 13:00:34.008 | INFO     | plugrl_env_client.runner.rollout:log_timing_summary:98 - Intermediate rollout timing summary: env_steps=96001 infer_calls=24001 feedback_calls=24000 infer_wait=1072.018s infer_obs_pack=1.133s env_step=701.963s feedback_total=4.877s feedback_obs_pack=1.598s feedback_info_pack=0.080s effective_fps=53.93
2026-09-27 13:01:04.000 | INFO     | plugrl_env_client.runner.rollout:log_timing_summary:98 - Intermediate rollout timing summary: env_steps=98678 infer_calls=24670 feedback_calls=24669 infer_wait=1079.526s infer_obs_pack=1.149s env_step=724.223s feedback_total=5.033s feedback_obs_pack=1.660s feedback_info_pack=0.086s effective_fps=54.52
2026-09-27 13:01:04.007 | INFO     | plugrl_env_client.runner.rollout:log_timing_summary:98 - Intermediate rollout timing summary: env_steps=98680 infer_calls=24670 feedback_calls=24670 infer_wait=1079.432s infer_obs_pack=1.181s env_step=724.330s feedback_total=5.060s feedback_obs_pack=1.650s feedback_info_pack=0.091s effective_fps=54.52
2026-09-27 13:01:04.012 | INFO     | plugrl_env_client.runner.rollout:log_timing_summary:98 - Intermediate rollout timing summary: env_steps=98680 infer_calls=24670 feedback_calls=24670 infer_wait=1080.649s infer_obs_pack=1.167s env_step=723.054s feedback_total=5.012s feedback_obs_pack=1.644s feedback_info_pack=0.083s effective_fps=54.52
2026-09-27 13:01:34.019 | INFO     | plugrl_env_client.runner.rollout:log_timing_summary:98 - Intermediate rollout timing summary: env_steps=101449 infer_calls=25363 feedback_calls=25362 infer_wait=1088.976s infer_obs_pack=1.180s env_step=744.510s feedback_total=5.168s feedback_obs_pack=1.706s feedback_info_pack=0.088s effective_fps=55.14
2026-09-27 13:01:34.021 | INFO     | plugrl_env_client.runner.rollout:log_timing_summary:98 - Intermediate rollout timing summary: env_steps=101449 infer_calls=25363 feedback_calls=25362 infer_wait=1090.062s infer_obs_pack=1.200s env_step=743.365s feedback_total=5.151s feedback_obs_pack=1.689s feedback_info_pack=0.085s effective_fps=55.14
2026-09-27 13:01:34.022 | INFO     | plugrl_env_client.runner.rollout:log_timing_summary:98 - Intermediate rollout timing summary: env_steps=101449 infer_calls=25363 feedback_calls=25362 infer_wait=1088.709s infer_obs_pack=1.215s env_step=744.784s feedback_total=5.200s feedback_obs_pack=1.700s feedback_info_pack=0.093s effective_fps=55.14
2026-09-27 13:02:04.023 | INFO     | plugrl_env_client.runner.rollout:log_timing_summary:98 - Intermediate rollout timing summary: env_steps=104156 infer_calls=26039 feedback_calls=26039 infer_wait=1098.055s infer_obs_pack=1.213s env_step=765.155s feedback_total=5.304s feedback_obs_pack=1.753s feedback_info_pack=0.090s effective_fps=55.71
2026-09-27 13:02:04.036 | INFO     | plugrl_env_client.runner.rollout:log_timing_summary:98 - Intermediate rollout timing summary: env_steps=104157 infer_calls=26040 feedback_calls=26039 infer_wait=1098.536s infer_obs_pack=1.249s env_step=764.694s feedback_total=5.331s feedback_obs_pack=1.744s feedback_info_pack=0.096s effective_fps=55.70
2026-09-27 13:02:04.037 | INFO     | plugrl_env_client.runner.rollout:log_timing_summary:98 - Intermediate rollout timing summary: env_steps=104157 infer_calls=26040 feedback_calls=26039 infer_wait=1099.386s infer_obs_pack=1.232s env_step=763.779s feedback_total=5.283s feedback_obs_pack=1.734s feedback_info_pack=0.087s effective_fps=55.71
2026-09-27 13:02:34.029 | INFO     | plugrl_env_client.runner.rollout:log_timing_summary:98 - Intermediate rollout timing summary: env_steps=106833 infer_calls=26709 feedback_calls=26708 infer_wait=1107.376s infer_obs_pack=1.246s env_step=785.562s feedback_total=5.439s feedback_obs_pack=1.802s feedback_info_pack=0.093s effective_fps=56.24
2026-09-27 13:02:34.036 | INFO     | plugrl_env_client.runner.rollout:log_timing_summary:98 - Intermediate rollout timing summary: env_steps=106834 infer_calls=26709 feedback_calls=26708 infer_wait=1107.821s infer_obs_pack=1.282s env_step=785.127s feedback_total=5.470s feedback_obs_pack=1.795s feedback_info_pack=0.098s effective_fps=56.24
2026-09-27 13:02:34.037 | INFO     | plugrl_env_client.runner.rollout:log_timing_summary:98 - Intermediate rollout timing summary: env_steps=106835 infer_calls=26709 feedback_calls=26708 infer_wait=1108.692s infer_obs_pack=1.264s env_step=784.189s feedback_total=5.420s feedback_obs_pack=1.781s feedback_info_pack=0.090s effective_fps=56.24
2026-09-27 13:03:04.038 | INFO     | plugrl_env_client.runner.rollout:log_timing_summary:98 - Intermediate rollout timing summary: env_steps=109592 infer_calls=27398 feedback_calls=27398 infer_wait=1117.185s infer_obs_pack=1.277s env_step=805.484s feedback_total=5.578s feedback_obs_pack=1.852s feedback_info_pack=0.095s effective_fps=56.80
2026-09-27 13:03:04.043 | INFO     | plugrl_env_client.runner.rollout:log_timing_summary:98 - Intermediate rollout timing summary: env_steps=109592 infer_calls=27398 feedback_calls=27398 infer_wait=1116.985s infer_obs_pack=1.315s env_step=805.692s feedback_total=5.606s feedback_obs_pack=1.842s feedback_info_pack=0.100s effective_fps=56.80
2026-09-27 13:03:04.059 | INFO     | plugrl_env_client.runner.rollout:log_timing_summary:98 - Intermediate rollout timing summary: env_steps=109593 infer_calls=27399 feedback_calls=27398 infer_wait=1118.194s infer_obs_pack=1.300s env_step=804.424s feedback_total=5.555s feedback_obs_pack=1.828s feedback_info_pack=0.092s effective_fps=56.80
2026-09-27 13:03:34.437 | INFO     | plugrl_env_client.runner.rollout:log_timing_summary:98 - Intermediate rollout timing summary: env_steps=112001 infer_calls=28001 feedback_calls=28000 infer_wait=1129.615s infer_obs_pack=1.347s env_step=823.210s feedback_total=5.723s feedback_obs_pack=1.881s feedback_info_pack=0.103s effective_fps=57.15
2026-09-27 13:03:34.437 | INFO     | plugrl_env_client.runner.rollout:log_timing_summary:98 - Intermediate rollout timing summary: env_steps=112001 infer_calls=28001 feedback_calls=28000 infer_wait=1130.140s infer_obs_pack=1.334s env_step=822.599s feedback_total=5.675s feedback_obs_pack=1.868s feedback_info_pack=0.094s effective_fps=57.15
2026-09-27 13:03:34.439 | INFO     | plugrl_env_client.runner.rollout:log_timing_summary:98 - Intermediate rollout timing summary: env_steps=112001 infer_calls=28001 feedback_calls=28000 infer_wait=1129.120s infer_obs_pack=1.308s env_step=823.693s feedback_total=5.700s feedback_obs_pack=1.894s feedback_info_pack=0.097s effective_fps=57.15
2026-09-27 13:05:38.241 | INFO     | plugrl_env_client.runner.rollout:log_timing_summary:98 - Intermediate rollout timing summary: env_steps=112005 infer_calls=28002 feedback_calls=28001 infer_wait=1253.920s infer_obs_pack=1.334s env_step=822.622s feedback_total=5.675s feedback_obs_pack=1.868s feedback_info_pack=0.094s effective_fps=53.76
2026-09-27 13:05:38.242 | INFO     | plugrl_env_client.runner.rollout:log_timing_summary:98 - Intermediate rollout timing summary: env_steps=112005 infer_calls=28002 feedback_calls=28001 infer_wait=1252.893s infer_obs_pack=1.308s env_step=823.722s feedback_total=5.700s feedback_obs_pack=1.894s feedback_info_pack=0.097s effective_fps=53.75
2026-09-27 13:05:38.247 | INFO     | plugrl_env_client.runner.rollout:log_timing_summary:98 - Intermediate rollout timing summary: env_steps=112005 infer_calls=28002 feedback_calls=28001 infer_wait=1253.397s infer_obs_pack=1.347s env_step=823.237s feedback_total=5.724s feedback_obs_pack=1.881s feedback_info_pack=0.103s effective_fps=53.75
2026-09-27 13:06:08.246 | INFO     | plugrl_env_client.runner.rollout:log_timing_summary:98 - Intermediate rollout timing summary: env_steps=114757 infer_calls=28690 feedback_calls=28689 infer_wait=1263.007s infer_obs_pack=1.368s env_step=843.246s feedback_total=5.816s feedback_obs_pack=1.918s feedback_info_pack=0.096s effective_fps=54.30
2026-09-27 13:06:08.247 | INFO     | plugrl_env_client.runner.rollout:log_timing_summary:98 - Intermediate rollout timing summary: env_steps=114757 infer_calls=28690 feedback_calls=28689 infer_wait=1262.756s infer_obs_pack=1.379s env_step=843.601s feedback_total=5.861s feedback_obs_pack=1.928s feedback_info_pack=0.105s effective_fps=54.29
2026-09-27 13:06:08.248 | INFO     | plugrl_env_client.runner.rollout:log_timing_summary:98 - Intermediate rollout timing summary: env_steps=114757 infer_calls=28690 feedback_calls=28689 infer_wait=1262.614s infer_obs_pack=1.339s env_step=843.723s feedback_total=5.839s feedback_obs_pack=1.939s feedback_info_pack=0.099s effective_fps=54.30
2026-09-27 13:06:38.257 | INFO     | plugrl_env_client.runner.rollout:log_timing_summary:98 - Intermediate rollout timing summary: env_steps=117613 infer_calls=29404 feedback_calls=29403 infer_wait=1271.877s infer_obs_pack=1.401s env_step=864.085s feedback_total=5.964s feedback_obs_pack=1.967s feedback_info_pack=0.099s effective_fps=54.87
2026-09-27 13:06:38.257 | INFO     | plugrl_env_client.runner.rollout:log_timing_summary:98 - Intermediate rollout timing summary: env_steps=117613 infer_calls=29404 feedback_calls=29403 infer_wait=1271.585s infer_obs_pack=1.412s env_step=864.482s feedback_total=6.007s feedback_obs_pack=1.975s feedback_info_pack=0.108s effective_fps=54.87
2026-09-27 13:06:38.257 | INFO     | plugrl_env_client.runner.rollout:log_timing_summary:98 - Intermediate rollout timing summary: env_steps=117613 infer_calls=29404 feedback_calls=29403 infer_wait=1271.422s infer_obs_pack=1.373s env_step=864.617s feedback_total=5.992s feedback_obs_pack=1.988s feedback_info_pack=0.102s effective_fps=54.87
2026-09-27 13:07:08.268 | INFO     | plugrl_env_client.runner.rollout:log_timing_summary:98 - Intermediate rollout timing summary: env_steps=120501 infer_calls=30126 feedback_calls=30125 infer_wait=1280.685s infer_obs_pack=1.405s env_step=885.067s feedback_total=6.142s feedback_obs_pack=2.035s feedback_info_pack=0.104s effective_fps=55.45
2026-09-27 13:07:08.269 | INFO     | plugrl_env_client.runner.rollout:log_timing_summary:98 - Intermediate rollout timing summary: env_steps=120501 infer_calls=30126 feedback_calls=30125 infer_wait=1280.729s infer_obs_pack=1.434s env_step=884.945s feedback_total=6.112s feedback_obs_pack=2.014s feedback_info_pack=0.101s effective_fps=55.45
2026-09-27 13:07:08.273 | INFO     | plugrl_env_client.runner.rollout:log_timing_summary:98 - Intermediate rollout timing summary: env_steps=120501 infer_calls=30126 feedback_calls=30125 infer_wait=1280.426s infer_obs_pack=1.446s env_step=885.351s feedback_total=6.160s feedback_obs_pack=2.024s feedback_info_pack=0.110s effective_fps=55.44
2026-09-27 13:07:38.280 | INFO     | plugrl_env_client.runner.rollout:log_timing_summary:98 - Intermediate rollout timing summary: env_steps=123385 infer_calls=30847 feedback_calls=30846 infer_wait=1288.913s infer_obs_pack=1.468s env_step=906.467s feedback_total=6.266s feedback_obs_pack=2.061s feedback_info_pack=0.103s effective_fps=56.00
2026-09-27 13:07:38.281 | INFO     | plugrl_env_client.runner.rollout:log_timing_summary:98 - Intermediate rollout timing summary: env_steps=123385 infer_calls=30847 feedback_calls=30846 infer_wait=1289.962s infer_obs_pack=1.437s env_step=905.493s feedback_total=6.295s feedback_obs_pack=2.086s feedback_info_pack=0.107s effective_fps=56.00
2026-09-27 13:07:38.283 | INFO     | plugrl_env_client.runner.rollout:log_timing_summary:98 - Intermediate rollout timing summary: env_steps=123385 infer_calls=30847 feedback_calls=30846 infer_wait=1289.153s infer_obs_pack=1.479s env_step=906.337s feedback_total=6.310s feedback_obs_pack=2.074s feedback_info_pack=0.113s effective_fps=56.00
2026-09-27 13:08:08.285 | INFO     | plugrl_env_client.runner.rollout:log_timing_summary:98 - Intermediate rollout timing summary: env_steps=126231 infer_calls=31558 feedback_calls=31557 infer_wait=1297.861s infer_obs_pack=1.512s env_step=927.333s feedback_total=6.461s feedback_obs_pack=2.123s feedback_info_pack=0.115s effective_fps=56.53
2026-09-27 13:08:08.286 | INFO     | plugrl_env_client.runner.rollout:log_timing_summary:98 - Intermediate rollout timing summary: env_steps=126231 infer_calls=31558 feedback_calls=31557 infer_wait=1298.871s infer_obs_pack=1.470s env_step=926.292s feedback_total=6.446s feedback_obs_pack=2.136s feedback_info_pack=0.109s effective_fps=56.53
2026-09-27 13:08:08.290 | INFO     | plugrl_env_client.runner.rollout:log_timing_summary:98 - Intermediate rollout timing summary: env_steps=126231 infer_calls=31558 feedback_calls=31557 infer_wait=1297.740s infer_obs_pack=1.500s env_step=927.345s feedback_total=6.416s feedback_obs_pack=2.108s feedback_info_pack=0.106s effective_fps=56.53
2026-09-27 13:10:32.901 | INFO     | plugrl_env_client.runner.rollout:log_timing_summary:98 - Intermediate rollout timing summary: env_steps=128001 infer_calls=32001 feedback_calls=32000 infer_wait=1430.107s infer_obs_pack=1.490s env_step=939.485s feedback_total=6.538s feedback_obs_pack=2.166s feedback_info_pack=0.111s effective_fps=53.84
2026-09-27 13:10:32.902 | INFO     | plugrl_env_client.runner.rollout:log_timing_summary:98 - Intermediate rollout timing summary: env_steps=128001 infer_calls=32001 feedback_calls=32000 infer_wait=1429.485s infer_obs_pack=1.535s env_step=940.135s feedback_total=6.553s feedback_obs_pack=2.153s feedback_info_pack=0.117s effective_fps=53.83
2026-09-27 13:10:32.903 | INFO     | plugrl_env_client.runner.rollout:log_timing_summary:98 - Intermediate rollout timing summary: env_steps=128001 infer_calls=32001 feedback_calls=32000 infer_wait=1429.356s infer_obs_pack=1.521s env_step=940.152s feedback_total=6.509s feedback_obs_pack=2.136s feedback_info_pack=0.107s effective_fps=53.84
2026-09-27 13:11:02.903 | INFO     | plugrl_env_client.runner.rollout:log_timing_summary:98 - Intermediate rollout timing summary: env_steps=130948 infer_calls=32737 feedback_calls=32737 infer_wait=1438.049s infer_obs_pack=1.569s env_step=961.261s feedback_total=6.711s feedback_obs_pack=2.203s feedback_info_pack=0.119s effective_fps=54.39
2026-09-27 13:11:02.920 | INFO     | plugrl_env_client.runner.rollout:log_timing_summary:98 - Intermediate rollout timing summary: env_steps=130949 infer_calls=32738 feedback_calls=32737 infer_wait=1438.850s infer_obs_pack=1.524s env_step=960.444s feedback_total=6.697s feedback_obs_pack=2.216s feedback_info_pack=0.113s effective_fps=54.39
2026-09-27 13:11:02.925 | INFO     | plugrl_env_client.runner.rollout:log_timing_summary:98 - Intermediate rollout timing summary: env_steps=130949 infer_calls=32738 feedback_calls=32737 infer_wait=1438.166s infer_obs_pack=1.554s env_step=961.059s feedback_total=6.662s feedback_obs_pack=2.185s feedback_info_pack=0.110s effective_fps=54.39
2026-09-27 13:11:32.905 | INFO     | plugrl_env_client.runner.rollout:log_timing_summary:98 - Intermediate rollout timing summary: env_steps=133809 infer_calls=33453 feedback_calls=33452 infer_wait=1446.352s infer_obs_pack=1.602s env_step=982.658s feedback_total=6.867s feedback_obs_pack=2.249s feedback_info_pack=0.122s effective_fps=54.90
2026-09-27 13:11:32.926 | INFO     | plugrl_env_client.runner.rollout:log_timing_summary:98 - Intermediate rollout timing summary: env_steps=133811 infer_calls=33453 feedback_calls=33452 infer_wait=1448.080s infer_obs_pack=1.556s env_step=980.924s feedback_total=6.844s feedback_obs_pack=2.263s feedback_info_pack=0.116s effective_fps=54.90
2026-09-27 13:11:32.931 | INFO     | plugrl_env_client.runner.rollout:log_timing_summary:98 - Intermediate rollout timing summary: env_steps=133812 infer_calls=33453 feedback_calls=33453 infer_wait=1446.797s infer_obs_pack=1.587s env_step=982.131s feedback_total=6.813s feedback_obs_pack=2.232s feedback_info_pack=0.113s effective_fps=54.90
2026-09-27 13:12:02.906 | INFO     | plugrl_env_client.runner.rollout:log_timing_summary:98 - Intermediate rollout timing summary: env_steps=136636 infer_calls=34159 feedback_calls=34159 infer_wait=1455.253s infer_obs_pack=1.635s env_step=1003.457s feedback_total=7.014s feedback_obs_pack=2.296s feedback_info_pack=0.124s effective_fps=55.38
2026-09-27 13:12:02.932 | INFO     | plugrl_env_client.runner.rollout:log_timing_summary:98 - Intermediate rollout timing summary: env_steps=136638 infer_calls=34160 feedback_calls=34159 infer_wait=1457.087s infer_obs_pack=1.591s env_step=1001.614s feedback_total=6.998s feedback_obs_pack=2.314s feedback_info_pack=0.118s effective_fps=55.38
2026-09-27 13:12:02.932 | INFO     | plugrl_env_client.runner.rollout:log_timing_summary:98 - Intermediate rollout timing summary: env_steps=136639 infer_calls=34160 feedback_calls=34159 infer_wait=1456.031s infer_obs_pack=1.619s env_step=1002.599s feedback_total=6.956s feedback_obs_pack=2.278s feedback_info_pack=0.115s effective_fps=55.38
2026-09-27 13:12:32.910 | INFO     | plugrl_env_client.runner.rollout:log_timing_summary:98 - Intermediate rollout timing summary: env_steps=139488 infer_calls=34872 feedback_calls=34872 infer_wait=1463.816s infer_obs_pack=1.668s env_step=1024.601s feedback_total=7.164s feedback_obs_pack=2.344s feedback_info_pack=0.127s effective_fps=55.86
2026-09-27 13:12:32.933 | INFO     | plugrl_env_client.runner.rollout:log_timing_summary:98 - Intermediate rollout timing summary: env_steps=139489 infer_calls=34873 feedback_calls=34872 infer_wait=1465.158s infer_obs_pack=1.651s env_step=1023.178s feedback_total=7.103s feedback_obs_pack=2.328s feedback_info_pack=0.117s effective_fps=55.86
2026-09-27 13:12:32.934 | INFO     | plugrl_env_client.runner.rollout:log_timing_summary:98 - Intermediate rollout timing summary: env_steps=139489 infer_calls=34873 feedback_calls=34872 infer_wait=1465.844s infer_obs_pack=1.627s env_step=1022.555s feedback_total=7.146s feedback_obs_pack=2.364s feedback_info_pack=0.121s effective_fps=55.86
2026-09-27 13:13:02.911 | INFO     | plugrl_env_client.runner.rollout:log_timing_summary:98 - Intermediate rollout timing summary: env_steps=142353 infer_calls=35589 feedback_calls=35588 infer_wait=1472.538s infer_obs_pack=1.701s env_step=1045.581s feedback_total=7.313s feedback_obs_pack=2.392s feedback_info_pack=0.130s effective_fps=56.33
2026-09-27 13:13:02.935 | INFO     | plugrl_env_client.runner.rollout:log_timing_summary:98 - Intermediate rollout timing summary: env_steps=142356 infer_calls=35589 feedback_calls=35589 infer_wait=1475.203s infer_obs_pack=1.659s env_step=1042.897s feedback_total=7.298s feedback_obs_pack=2.412s feedback_info_pack=0.123s effective_fps=56.33
2026-09-27 13:13:02.951 | INFO     | plugrl_env_client.runner.rollout:log_timing_summary:98 - Intermediate rollout timing summary: env_steps=142357 infer_calls=35590 feedback_calls=35589 infer_wait=1473.365s infer_obs_pack=1.685s env_step=1044.686s feedback_total=7.254s feedback_obs_pack=2.379s feedback_info_pack=0.120s effective_fps=56.33
2026-09-27 13:15:25.499 | INFO     | plugrl_env_client.runner.rollout:log_timing_summary:98 - Intermediate rollout timing summary: env_steps=144001 infer_calls=36001 feedback_calls=36000 infer_wait=1605.591s infer_obs_pack=1.677s env_step=1054.893s feedback_total=7.389s feedback_obs_pack=2.439s feedback_info_pack=0.124s effective_fps=53.94
2026-09-27 13:15:25.499 | INFO     | plugrl_env_client.runner.rollout:log_timing_summary:98 - Intermediate rollout timing summary: env_steps=144001 infer_calls=36001 feedback_calls=36000 infer_wait=1602.858s infer_obs_pack=1.720s env_step=1057.678s feedback_total=7.398s feedback_obs_pack=2.420s feedback_info_pack=0.131s effective_fps=53.94
2026-09-27 13:15:25.500 | INFO     | plugrl_env_client.runner.rollout:log_timing_summary:98 - Intermediate rollout timing summary: env_steps=144001 infer_calls=36001 feedback_calls=36000 infer_wait=1603.889s infer_obs_pack=1.704s env_step=1056.541s feedback_total=7.338s feedback_obs_pack=2.406s feedback_info_pack=0.121s effective_fps=53.94
2026-09-27 13:15:55.502 | INFO     | plugrl_env_client.runner.rollout:log_timing_summary:98 - Intermediate rollout timing summary: env_steps=146713 infer_calls=36679 feedback_calls=36678 infer_wait=1613.413s infer_obs_pack=1.736s env_step=1076.736s feedback_total=7.471s feedback_obs_pack=2.451s feedback_info_pack=0.123s effective_fps=54.35
2026-09-27 13:15:55.504 | INFO     | plugrl_env_client.runner.rollout:log_timing_summary:98 - Intermediate rollout timing summary: env_steps=146713 infer_calls=36679 feedback_calls=36678 infer_wait=1614.275s infer_obs_pack=1.712s env_step=1075.931s feedback_total=7.529s feedback_obs_pack=2.488s feedback_info_pack=0.127s effective_fps=54.35
2026-09-27 13:15:55.505 | INFO     | plugrl_env_client.runner.rollout:log_timing_summary:98 - Intermediate rollout timing summary: env_steps=146713 infer_calls=36679 feedback_calls=36678 infer_wait=1612.433s infer_obs_pack=1.753s env_step=1077.834s feedback_total=7.534s feedback_obs_pack=2.465s feedback_info_pack=0.134s effective_fps=54.35
2026-09-27 13:16:25.505 | INFO     | plugrl_env_client.runner.rollout:log_timing_summary:98 - Intermediate rollout timing summary: env_steps=149430 infer_calls=37358 feedback_calls=37357 infer_wait=1622.777s infer_obs_pack=1.770s env_step=1097.091s feedback_total=7.610s feedback_obs_pack=2.497s feedback_info_pack=0.126s effective_fps=54.75
2026-09-27 13:16:25.506 | INFO     | plugrl_env_client.runner.rollout:log_timing_summary:98 - Intermediate rollout timing summary: env_steps=149430 infer_calls=37358 feedback_calls=37357 infer_wait=1621.665s infer_obs_pack=1.787s env_step=1098.311s feedback_total=7.671s feedback_obs_pack=2.512s feedback_info_pack=0.136s effective_fps=54.75
2026-09-27 13:16:25.508 | INFO     | plugrl_env_client.runner.rollout:log_timing_summary:98 - Intermediate rollout timing summary: env_steps=149430 infer_calls=37358 feedback_calls=37357 infer_wait=1623.459s infer_obs_pack=1.748s env_step=1096.469s feedback_total=7.663s feedback_obs_pack=2.535s feedback_info_pack=0.129s effective_fps=54.75
2026-09-27 13:16:55.509 | INFO     | plugrl_env_client.runner.rollout:log_timing_summary:98 - Intermediate rollout timing summary: env_steps=152132 infer_calls=38033 feedback_calls=38033 infer_wait=1631.435s infer_obs_pack=1.823s env_step=1118.263s feedback_total=7.806s feedback_obs_pack=2.559s feedback_info_pack=0.139s effective_fps=55.13
2026-09-27 13:16:55.512 | INFO     | plugrl_env_client.runner.rollout:log_timing_summary:98 - Intermediate rollout timing summary: env_steps=152132 infer_calls=38033 feedback_calls=38033 infer_wait=1632.616s infer_obs_pack=1.780s env_step=1117.034s feedback_total=7.801s feedback_obs_pack=2.584s feedback_info_pack=0.132s effective_fps=55.14
2026-09-27 13:16:55.513 | INFO     | plugrl_env_client.runner.rollout:log_timing_summary:98 - Intermediate rollout timing summary: env_steps=152131 infer_calls=38033 feedback_calls=38032 infer_wait=1632.222s infer_obs_pack=1.804s env_step=1117.380s feedback_total=7.740s feedback_obs_pack=2.541s feedback_info_pack=0.128s effective_fps=55.14
2026-09-27 13:17:25.510 | INFO     | plugrl_env_client.runner.rollout:log_timing_summary:98 - Intermediate rollout timing summary: env_steps=154873 infer_calls=38719 feedback_calls=38718 infer_wait=1641.039s infer_obs_pack=1.855s env_step=1138.383s feedback_total=7.942s feedback_obs_pack=2.605s feedback_info_pack=0.141s effective_fps=55.53
2026-09-27 13:17:25.515 | INFO     | plugrl_env_client.runner.rollout:log_timing_summary:98 - Intermediate rollout timing summary: env_steps=154874 infer_calls=38719 feedback_calls=38718 infer_wait=1641.849s infer_obs_pack=1.815s env_step=1137.510s feedback_total=7.944s feedback_obs_pack=2.632s feedback_info_pack=0.134s effective_fps=55.53
2026-09-27 13:17:25.518 | INFO     | plugrl_env_client.runner.rollout:log_timing_summary:98 - Intermediate rollout timing summary: env_steps=154874 infer_calls=38719 feedback_calls=38718 infer_wait=1641.405s infer_obs_pack=1.837s env_step=1137.915s feedback_total=7.878s feedback_obs_pack=2.586s feedback_info_pack=0.133s effective_fps=55.53
2026-09-27 13:17:55.520 | INFO     | plugrl_env_client.runner.rollout:log_timing_summary:98 - Intermediate rollout timing summary: env_steps=157605 infer_calls=39402 feedback_calls=39401 infer_wait=1650.405s infer_obs_pack=1.848s env_step=1158.675s feedback_total=8.080s feedback_obs_pack=2.679s feedback_info_pack=0.136s effective_fps=55.91
2026-09-27 13:17:55.520 | INFO     | plugrl_env_client.runner.rollout:log_timing_summary:98 - Intermediate rollout timing summary: env_steps=157605 infer_calls=39402 feedback_calls=39401 infer_wait=1650.275s infer_obs_pack=1.888s env_step=1158.880s feedback_total=8.077s feedback_obs_pack=2.653s feedback_info_pack=0.143s effective_fps=55.91
2026-09-27 13:17:55.526 | INFO     | plugrl_env_client.runner.rollout:log_timing_summary:98 - Intermediate rollout timing summary: env_steps=157605 infer_calls=39402 feedback_calls=39401 infer_wait=1651.007s infer_obs_pack=1.869s env_step=1158.040s feedback_total=8.015s feedback_obs_pack=2.633s feedback_info_pack=0.136s effective_fps=55.91
2026-09-27 13:20:29.979 | INFO     | plugrl_env_client.runner.rollout:log_timing_summary:98 - Intermediate rollout timing summary: env_steps=160001 infer_calls=40001 feedback_calls=40000 infer_wait=1787.408s infer_obs_pack=1.901s env_step=1175.841s feedback_total=8.134s feedback_obs_pack=2.673s feedback_info_pack=0.138s effective_fps=53.81
2026-09-27 13:20:29.983 | INFO     | plugrl_env_client.runner.rollout:log_timing_summary:98 - Intermediate rollout timing summary: env_steps=160001 infer_calls=40001 feedback_calls=40000 infer_wait=1786.859s infer_obs_pack=1.917s env_step=1176.510s feedback_total=8.199s feedback_obs_pack=2.693s feedback_info_pack=0.146s effective_fps=53.81
2026-09-27 13:20:29.983 | INFO     | plugrl_env_client.runner.rollout:log_timing_summary:98 - Intermediate rollout timing summary: env_steps=160001 infer_calls=40001 feedback_calls=40000 infer_wait=1786.570s infer_obs_pack=1.876s env_step=1176.724s feedback_total=8.201s feedback_obs_pack=2.722s feedback_info_pack=0.138s effective_fps=53.81
2026-09-27 13:20:59.982 | INFO     | plugrl_env_client.runner.rollout:log_timing_summary:98 - Intermediate rollout timing summary: env_steps=162958 infer_calls=40740 feedback_calls=40739 infer_wait=1795.986s infer_obs_pack=1.936s env_step=1196.953s feedback_total=8.290s feedback_obs_pack=2.721s feedback_info_pack=0.140s effective_fps=54.26
2026-09-27 13:20:59.987 | INFO     | plugrl_env_client.runner.rollout:log_timing_summary:98 - Intermediate rollout timing summary: env_steps=162958 infer_calls=40740 feedback_calls=40739 infer_wait=1795.261s infer_obs_pack=1.912s env_step=1197.725s feedback_total=8.357s feedback_obs_pack=2.770s feedback_info_pack=0.141s effective_fps=54.26
2026-09-27 13:20:59.988 | INFO     | plugrl_env_client.runner.rollout:log_timing_summary:98 - Intermediate rollout timing summary: env_steps=162959 infer_calls=40740 feedback_calls=40739 infer_wait=1795.462s infer_obs_pack=1.950s env_step=1197.602s feedback_total=8.357s feedback_obs_pack=2.744s feedback_info_pack=0.148s effective_fps=54.26
2026-09-27 13:21:29.986 | INFO     | plugrl_env_client.runner.rollout:log_timing_summary:98 - Intermediate rollout timing summary: env_steps=165862 infer_calls=41466 feedback_calls=41465 infer_wait=1804.559s infer_obs_pack=1.972s env_step=1218.076s feedback_total=8.440s feedback_obs_pack=2.768s feedback_info_pack=0.143s effective_fps=54.68
2026-09-27 13:21:29.992 | INFO     | plugrl_env_client.runner.rollout:log_timing_summary:98 - Intermediate rollout timing summary: env_steps=165864 infer_calls=41466 feedback_calls=41466 infer_wait=1804.003s infer_obs_pack=1.945s env_step=1218.688s feedback_total=8.506s feedback_obs_pack=2.818s feedback_info_pack=0.143s effective_fps=54.68
2026-09-27 13:21:29.999 | INFO     | plugrl_env_client.runner.rollout:log_timing_summary:98 - Intermediate rollout timing summary: env_steps=165864 infer_calls=41466 feedback_calls=41466 infer_wait=1804.387s infer_obs_pack=1.988s env_step=1218.381s feedback_total=8.511s feedback_obs_pack=2.792s feedback_info_pack=0.151s effective_fps=54.68
2026-09-27 13:21:59.990 | INFO     | plugrl_env_client.runner.rollout:log_timing_summary:98 - Intermediate rollout timing summary: env_steps=168743 infer_calls=42186 feedback_calls=42185 infer_wait=1813.132s infer_obs_pack=2.006s env_step=1239.207s feedback_total=8.585s feedback_obs_pack=2.815s feedback_info_pack=0.145s effective_fps=55.09
2026-09-27 13:21:59.994 | INFO     | plugrl_env_client.runner.rollout:log_timing_summary:98 - Intermediate rollout timing summary: env_steps=168743 infer_calls=42186 feedback_calls=42185 infer_wait=1812.833s infer_obs_pack=1.977s env_step=1239.559s feedback_total=8.659s feedback_obs_pack=2.865s feedback_info_pack=0.146s effective_fps=55.09
2026-09-27 13:22:00.018 | INFO     | plugrl_env_client.runner.rollout:log_timing_summary:98 - Intermediate rollout timing summary: env_steps=168745 infer_calls=42187 feedback_calls=42186 infer_wait=1813.139s infer_obs_pack=2.021s env_step=1239.346s feedback_total=8.660s feedback_obs_pack=2.839s feedback_info_pack=0.153s effective_fps=55.09
2026-09-27 13:22:30.005 | INFO     | plugrl_env_client.runner.rollout:log_timing_summary:98 - Intermediate rollout timing summary: env_steps=171645 infer_calls=42912 feedback_calls=42911 infer_wait=1821.769s infer_obs_pack=2.042s env_step=1260.271s feedback_total=8.735s feedback_obs_pack=2.863s feedback_info_pack=0.147s effective_fps=55.50
2026-09-27 13:22:30.013 | INFO     | plugrl_env_client.runner.rollout:log_timing_summary:98 - Intermediate rollout timing summary: env_steps=171645 infer_calls=42912 feedback_calls=42911 infer_wait=1821.839s infer_obs_pack=2.011s env_step=1260.267s feedback_total=8.810s feedback_obs_pack=2.914s feedback_info_pack=0.148s effective_fps=55.50
2026-09-27 13:22:30.020 | INFO     | plugrl_env_client.runner.rollout:log_timing_summary:98 - Intermediate rollout timing summary: env_steps=171647 infer_calls=42912 feedback_calls=42911 infer_wait=1821.959s infer_obs_pack=2.054s env_step=1260.221s feedback_total=8.815s feedback_obs_pack=2.891s feedback_info_pack=0.156s effective_fps=55.49
2026-09-27 13:23:00.011 | INFO     | plugrl_env_client.runner.rollout:log_timing_summary:98 - Intermediate rollout timing summary: env_steps=174549 infer_calls=43638 feedback_calls=43637 infer_wait=1830.428s infer_obs_pack=2.076s env_step=1281.313s feedback_total=8.885s feedback_obs_pack=2.911s feedback_info_pack=0.150s effective_fps=55.90
2026-09-27 13:23:00.017 | INFO     | plugrl_env_client.runner.rollout:log_timing_summary:98 - Intermediate rollout timing summary: env_steps=174550 infer_calls=43638 feedback_calls=43637 infer_wait=1830.670s infer_obs_pack=2.044s env_step=1281.133s feedback_total=8.963s feedback_obs_pack=2.963s feedback_info_pack=0.151s effective_fps=55.90
2026-09-27 13:23:00.024 | INFO     | plugrl_env_client.runner.rollout:log_timing_summary:98 - Intermediate rollout timing summary: env_steps=174551 infer_calls=43638 feedback_calls=43637 infer_wait=1830.987s infer_obs_pack=2.087s env_step=1280.892s feedback_total=8.968s feedback_obs_pack=2.941s feedback_info_pack=0.158s effective_fps=55.89
2026-09-27 13:25:22.821 | INFO     | plugrl_env_client.runner.rollout:log_timing_summary:98 - Intermediate rollout timing summary: env_steps=176001 infer_calls=44001 feedback_calls=44000 infer_wait=1962.981s infer_obs_pack=2.062s env_step=1291.470s feedback_total=9.042s feedback_obs_pack=2.987s feedback_info_pack=0.152s effective_fps=53.90
2026-09-27 13:25:22.827 | INFO     | plugrl_env_client.runner.rollout:log_timing_summary:98 - Intermediate rollout timing summary: env_steps=176001 infer_calls=44001 feedback_calls=44000 infer_wait=1962.456s infer_obs_pack=2.092s env_step=1291.946s feedback_total=8.961s feedback_obs_pack=2.935s feedback_info_pack=0.151s effective_fps=53.90
2026-09-27 13:25:22.829 | INFO     | plugrl_env_client.runner.rollout:log_timing_summary:98 - Intermediate rollout timing summary: env_steps=176001 infer_calls=44001 feedback_calls=44000 infer_wait=1963.412s infer_obs_pack=2.103s env_step=1291.119s feedback_total=9.047s feedback_obs_pack=2.968s feedback_info_pack=0.160s effective_fps=53.89
2026-09-27 13:25:52.824 | INFO     | plugrl_env_client.runner.rollout:log_timing_summary:98 - Intermediate rollout timing summary: env_steps=178925 infer_calls=44732 feedback_calls=44731 infer_wait=1972.000s infer_obs_pack=2.097s env_step=1312.144s feedback_total=9.194s feedback_obs_pack=3.035s feedback_info_pack=0.155s effective_fps=54.29
2026-09-27 13:25:52.831 | INFO     | plugrl_env_client.runner.rollout:log_timing_summary:98 - Intermediate rollout timing summary: env_steps=178926 infer_calls=44732 feedback_calls=44731 infer_wait=1971.939s infer_obs_pack=2.137s env_step=1312.288s feedback_total=9.197s feedback_obs_pack=3.017s feedback_info_pack=0.162s effective_fps=54.29
2026-09-27 13:25:52.835 | INFO     | plugrl_env_client.runner.rollout:log_timing_summary:98 - Intermediate rollout timing summary: env_steps=178926 infer_calls=44732 feedback_calls=44731 infer_wait=1971.463s infer_obs_pack=2.127s env_step=1312.639s feedback_total=9.110s feedback_obs_pack=2.983s feedback_info_pack=0.154s effective_fps=54.30
2026-09-27 13:26:22.826 | INFO     | plugrl_env_client.runner.rollout:log_timing_summary:98 - Intermediate rollout timing summary: env_steps=181801 infer_calls=45451 feedback_calls=45450 infer_wait=1981.102s infer_obs_pack=2.129s env_step=1332.750s feedback_total=9.339s feedback_obs_pack=3.083s feedback_info_pack=0.157s effective_fps=54.67
2026-09-27 13:26:22.831 | INFO     | plugrl_env_client.runner.rollout:log_timing_summary:98 - Intermediate rollout timing summary: env_steps=181802 infer_calls=45451 feedback_calls=45450 infer_wait=1980.719s infer_obs_pack=2.170s env_step=1333.210s feedback_total=9.345s feedback_obs_pack=3.064s feedback_info_pack=0.165s effective_fps=54.67
2026-09-27 13:26:22.841 | INFO     | plugrl_env_client.runner.rollout:log_timing_summary:98 - Intermediate rollout timing summary: env_steps=181803 infer_calls=45451 feedback_calls=45450 infer_wait=1980.404s infer_obs_pack=2.161s env_step=1333.404s feedback_total=9.258s feedback_obs_pack=3.030s feedback_info_pack=0.157s effective_fps=54.67
2026-09-27 13:26:52.831 | INFO     | plugrl_env_client.runner.rollout:log_timing_summary:98 - Intermediate rollout timing summary: env_steps=184576 infer_calls=46144 feedback_calls=46144 infer_wait=1989.996s infer_obs_pack=2.162s env_step=1353.564s feedback_total=9.487s feedback_obs_pack=3.130s feedback_info_pack=0.160s effective_fps=55.01
2026-09-27 13:26:52.850 | INFO     | plugrl_env_client.runner.rollout:log_timing_summary:98 - Intermediate rollout timing summary: env_steps=184577 infer_calls=46145 feedback_calls=46144 infer_wait=1989.437s infer_obs_pack=2.193s env_step=1354.091s feedback_total=9.402s feedback_obs_pack=3.076s feedback_info_pack=0.159s effective_fps=55.01
2026-09-27 13:26:52.850 | INFO     | plugrl_env_client.runner.rollout:log_timing_summary:98 - Intermediate rollout timing summary: env_steps=184577 infer_calls=46145 feedback_calls=46144 infer_wait=1989.272s infer_obs_pack=2.202s env_step=1354.369s feedback_total=9.502s feedback_obs_pack=3.114s feedback_info_pack=0.167s effective_fps=55.01
2026-09-27 13:27:22.832 | INFO     | plugrl_env_client.runner.rollout:log_timing_summary:98 - Intermediate rollout timing summary: env_steps=187364 infer_calls=46841 feedback_calls=46841 infer_wait=1998.820s infer_obs_pack=2.196s env_step=1374.443s feedback_total=9.634s feedback_obs_pack=3.179s feedback_info_pack=0.162s effective_fps=55.35
2026-09-27 13:27:22.854 | INFO     | plugrl_env_client.runner.rollout:log_timing_summary:98 - Intermediate rollout timing summary: env_steps=187365 infer_calls=46842 feedback_calls=46841 infer_wait=1997.966s infer_obs_pack=2.237s env_step=1375.378s feedback_total=9.655s feedback_obs_pack=3.162s feedback_info_pack=0.170s effective_fps=55.35
2026-09-27 13:27:22.856 | INFO     | plugrl_env_client.runner.rollout:log_timing_summary:98 - Intermediate rollout timing summary: env_steps=187365 infer_calls=46842 feedback_calls=46841 infer_wait=1998.550s infer_obs_pack=2.226s env_step=1374.680s feedback_total=9.554s feedback_obs_pack=3.124s feedback_info_pack=0.162s effective_fps=55.35
2026-09-27 13:27:52.848 | INFO     | plugrl_env_client.runner.rollout:log_timing_summary:98 - Intermediate rollout timing summary: env_steps=190201 infer_calls=47551 feedback_calls=47550 infer_wait=2007.439s infer_obs_pack=2.229s env_step=1395.543s feedback_total=9.783s feedback_obs_pack=3.227s feedback_info_pack=0.165s effective_fps=55.70
2026-09-27 13:27:52.856 | INFO     | plugrl_env_client.runner.rollout:log_timing_summary:98 - Intermediate rollout timing summary: env_steps=190203 infer_calls=47551 feedback_calls=47550 infer_wait=2007.280s infer_obs_pack=2.269s env_step=1395.775s feedback_total=9.801s feedback_obs_pack=3.209s feedback_info_pack=0.172s effective_fps=55.69
2026-09-27 13:27:52.859 | INFO     | plugrl_env_client.runner.rollout:log_timing_summary:98 - Intermediate rollout timing summary: env_steps=190203 infer_calls=47551 feedback_calls=47550 infer_wait=2007.182s infer_obs_pack=2.259s env_step=1395.750s feedback_total=9.705s feedback_obs_pack=3.172s feedback_info_pack=0.164s effective_fps=55.70
2026-09-27 13:30:20.119 | INFO     | plugrl_env_client.runner.rollout:log_timing_summary:98 - Intermediate rollout timing summary: env_steps=192001 infer_calls=48001 feedback_calls=48000 infer_wait=2140.693s infer_obs_pack=2.290s env_step=1409.430s feedback_total=9.901s feedback_obs_pack=3.239s feedback_info_pack=0.174s effective_fps=53.90
2026-09-27 13:30:20.120 | INFO     | plugrl_env_client.runner.rollout:log_timing_summary:98 - Intermediate rollout timing summary: env_steps=192001 infer_calls=48001 feedback_calls=48000 infer_wait=2141.322s infer_obs_pack=2.281s env_step=1408.680s feedback_total=9.797s feedback_obs_pack=3.202s feedback_info_pack=0.166s effective_fps=53.90
2026-09-27 13:30:20.121 | INFO     | plugrl_env_client.runner.rollout:log_timing_summary:98 - Intermediate rollout timing summary: env_steps=192001 infer_calls=48001 feedback_calls=48000 infer_wait=2141.814s infer_obs_pack=2.249s env_step=1408.254s feedback_total=9.877s feedback_obs_pack=3.259s feedback_info_pack=0.166s effective_fps=53.90
2026-09-27 13:30:50.121 | INFO     | plugrl_env_client.runner.rollout:log_timing_summary:98 - Intermediate rollout timing summary: env_steps=194749 infer_calls=48688 feedback_calls=48687 infer_wait=2150.623s infer_obs_pack=2.314s env_step=1429.098s feedback_total=9.933s feedback_obs_pack=3.247s feedback_info_pack=0.168s effective_fps=54.22
2026-09-27 13:30:50.124 | INFO     | plugrl_env_client.runner.rollout:log_timing_summary:98 - Intermediate rollout timing summary: env_steps=194750 infer_calls=48688 feedback_calls=48687 infer_wait=2150.291s infer_obs_pack=2.322s env_step=1429.565s feedback_total=10.037s feedback_obs_pack=3.284s feedback_info_pack=0.177s effective_fps=54.21
2026-09-27 13:30:50.128 | INFO     | plugrl_env_client.runner.rollout:log_timing_summary:98 - Intermediate rollout timing summary: env_steps=194750 infer_calls=48688 feedback_calls=48687 infer_wait=2151.368s infer_obs_pack=2.280s env_step=1428.424s feedback_total=10.016s feedback_obs_pack=3.307s feedback_info_pack=0.168s effective_fps=54.22
2026-09-27 13:31:20.126 | INFO     | plugrl_env_client.runner.rollout:log_timing_summary:98 - Intermediate rollout timing summary: env_steps=197396 infer_calls=49349 feedback_calls=49349 infer_wait=2159.105s infer_obs_pack=2.356s env_step=1450.476s feedback_total=10.172s feedback_obs_pack=3.334s feedback_info_pack=0.179s effective_fps=54.50
2026-09-27 13:31:20.142 | INFO     | plugrl_env_client.runner.rollout:log_timing_summary:98 - Intermediate rollout timing summary: env_steps=197397 infer_calls=49350 feedback_calls=49349 infer_wait=2160.582s infer_obs_pack=2.346s env_step=1448.884s feedback_total=10.063s feedback_obs_pack=3.292s feedback_info_pack=0.170s effective_fps=54.50
2026-09-27 13:31:20.144 | INFO     | plugrl_env_client.runner.rollout:log_timing_summary:98 - Intermediate rollout timing summary: env_steps=197397 infer_calls=49350 feedback_calls=49349 infer_wait=2161.311s infer_obs_pack=2.314s env_step=1448.216s feedback_total=10.154s feedback_obs_pack=3.354s feedback_info_pack=0.171s effective_fps=54.50
2026-09-27 13:31:50.134 | INFO     | plugrl_env_client.runner.rollout:log_timing_summary:98 - Intermediate rollout timing summary: env_steps=200135 infer_calls=50034 feedback_calls=50033 infer_wait=2168.576s infer_obs_pack=2.391s env_step=1470.725s feedback_total=10.307s feedback_obs_pack=3.380s feedback_info_pack=0.181s effective_fps=54.80
2026-09-27 13:31:50.159 | INFO     | plugrl_env_client.runner.rollout:log_timing_summary:98 - Intermediate rollout timing summary: env_steps=200137 infer_calls=50035 feedback_calls=50034 infer_wait=2170.117s infer_obs_pack=2.381s env_step=1469.083s feedback_total=10.199s feedback_obs_pack=3.340s feedback_info_pack=0.173s effective_fps=54.81
2026-09-27 13:31:50.159 | INFO     | plugrl_env_client.runner.rollout:log_timing_summary:98 - Intermediate rollout timing summary: env_steps=200137 infer_calls=50035 feedback_calls=50034 infer_wait=2170.556s infer_obs_pack=2.347s env_step=1468.699s feedback_total=10.298s feedback_obs_pack=3.405s feedback_info_pack=0.173s effective_fps=54.80
2026-09-27 13:32:20.135 | INFO     | plugrl_env_client.runner.rollout:log_timing_summary:98 - Intermediate rollout timing summary: env_steps=202848 infer_calls=50712 feedback_calls=50712 infer_wait=2178.032s infer_obs_pack=2.423s env_step=1490.981s feedback_total=10.446s feedback_obs_pack=3.426s feedback_info_pack=0.184s effective_fps=55.09
2026-09-27 13:32:20.162 | INFO     | plugrl_env_client.runner.rollout:log_timing_summary:98 - Intermediate rollout timing summary: env_steps=202849 infer_calls=50713 feedback_calls=50712 infer_wait=2179.865s infer_obs_pack=2.378s env_step=1489.118s feedback_total=10.433s feedback_obs_pack=3.452s feedback_info_pack=0.176s effective_fps=55.10
2026-09-27 13:32:20.168 | INFO     | plugrl_env_client.runner.rollout:log_timing_summary:98 - Intermediate rollout timing summary: env_steps=202850 infer_calls=50713 feedback_calls=50712 infer_wait=2179.632s infer_obs_pack=2.413s env_step=1489.299s feedback_total=10.331s feedback_obs_pack=3.385s feedback_info_pack=0.175s effective_fps=55.10
2026-09-27 13:32:50.157 | INFO     | plugrl_env_client.runner.rollout:log_timing_summary:98 - Intermediate rollout timing summary: env_steps=205565 infer_calls=51392 feedback_calls=51391 infer_wait=2187.460s infer_obs_pack=2.458s env_step=1511.298s feedback_total=10.580s feedback_obs_pack=3.472s feedback_info_pack=0.186s effective_fps=55.38
2026-09-27 13:32:50.167 | INFO     | plugrl_env_client.runner.rollout:log_timing_summary:98 - Intermediate rollout timing summary: env_steps=205567 infer_calls=51392 feedback_calls=51391 infer_wait=2188.662s infer_obs_pack=2.412s env_step=1510.046s feedback_total=10.571s feedback_obs_pack=3.499s feedback_info_pack=0.178s effective_fps=55.38
2026-09-27 13:32:50.169 | INFO     | plugrl_env_client.runner.rollout:log_timing_summary:98 - Intermediate rollout timing summary: env_steps=205567 infer_calls=51392 feedback_calls=51391 infer_wait=2189.324s infer_obs_pack=2.446s env_step=1509.331s feedback_total=10.464s feedback_obs_pack=3.429s feedback_info_pack=0.177s effective_fps=55.39
2026-09-27 13:35:25.686 | INFO     | plugrl_env_client.runner.rollout:log_timing_summary:98 - Intermediate rollout timing summary: env_steps=208001 infer_calls=52001 feedback_calls=52000 infer_wait=2327.098s infer_obs_pack=2.475s env_step=1526.825s feedback_total=10.579s feedback_obs_pack=3.468s feedback_info_pack=0.179s effective_fps=53.79
2026-09-27 13:35:25.686 | INFO     | plugrl_env_client.runner.rollout:log_timing_summary:98 - Intermediate rollout timing summary: env_steps=208001 infer_calls=52001 feedback_calls=52000 infer_wait=2323.886s infer_obs_pack=2.489s env_step=1530.144s feedback_total=10.704s feedback_obs_pack=3.517s feedback_info_pack=0.189s effective_fps=53.79
2026-09-27 13:35:25.687 | INFO     | plugrl_env_client.runner.rollout:log_timing_summary:98 - Intermediate rollout timing summary: env_steps=208001 infer_calls=52001 feedback_calls=52000 infer_wait=2325.949s infer_obs_pack=2.443s env_step=1528.024s feedback_total=10.691s feedback_obs_pack=3.540s feedback_info_pack=0.180s effective_fps=53.79
2026-09-27 13:35:55.689 | INFO     | plugrl_env_client.runner.rollout:log_timing_summary:98 - Intermediate rollout timing summary: env_steps=210925 infer_calls=52732 feedback_calls=52731 infer_wait=2332.397s infer_obs_pack=2.523s env_step=1551.330s feedback_total=10.860s feedback_obs_pack=3.565s feedback_info_pack=0.191s effective_fps=54.12
2026-09-27 13:35:55.690 | INFO     | plugrl_env_client.runner.rollout:log_timing_summary:98 - Intermediate rollout timing summary: env_steps=210925 infer_calls=52732 feedback_calls=52731 infer_wait=2334.417s infer_obs_pack=2.476s env_step=1549.255s feedback_total=10.843s feedback_obs_pack=3.589s feedback_info_pack=0.183s effective_fps=54.13
2026-09-27 13:35:55.698 | INFO     | plugrl_env_client.runner.rollout:log_timing_summary:98 - Intermediate rollout timing summary: env_steps=210925 infer_calls=52732 feedback_calls=52731 infer_wait=2335.774s infer_obs_pack=2.508s env_step=1547.854s feedback_total=10.730s feedback_obs_pack=3.515s feedback_info_pack=0.182s effective_fps=54.13
2026-09-27 13:36:25.697 | INFO     | plugrl_env_client.runner.rollout:log_timing_summary:98 - Intermediate rollout timing summary: env_steps=213817 infer_calls=53455 feedback_calls=53454 infer_wait=2341.157s infer_obs_pack=2.555s env_step=1572.275s feedback_total=11.011s feedback_obs_pack=3.613s feedback_info_pack=0.194s effective_fps=54.45
2026-09-27 13:36:25.698 | INFO     | plugrl_env_client.runner.rollout:log_timing_summary:98 - Intermediate rollout timing summary: env_steps=213817 infer_calls=53455 feedback_calls=53454 infer_wait=2343.385s infer_obs_pack=2.509s env_step=1569.988s feedback_total=10.996s feedback_obs_pack=3.639s feedback_info_pack=0.185s effective_fps=54.45
2026-09-27 13:36:25.702 | INFO     | plugrl_env_client.runner.rollout:log_timing_summary:98 - Intermediate rollout timing summary: env_steps=213817 infer_calls=53455 feedback_calls=53454 infer_wait=2344.417s infer_obs_pack=2.541s env_step=1568.913s feedback_total=10.880s feedback_obs_pack=3.564s feedback_info_pack=0.184s effective_fps=54.45
2026-09-27 13:36:55.701 | INFO     | plugrl_env_client.runner.rollout:log_timing_summary:98 - Intermediate rollout timing summary: env_steps=216683 infer_calls=54171 feedback_calls=54170 infer_wait=2351.853s infer_obs_pack=2.541s env_step=1591.229s feedback_total=11.143s feedback_obs_pack=3.687s feedback_info_pack=0.188s effective_fps=54.76
2026-09-27 13:36:55.703 | INFO     | plugrl_env_client.runner.rollout:log_timing_summary:98 - Intermediate rollout timing summary: env_steps=216683 infer_calls=54171 feedback_calls=54170 infer_wait=2353.353s infer_obs_pack=2.574s env_step=1589.680s feedback_total=11.026s feedback_obs_pack=3.611s feedback_info_pack=0.186s effective_fps=54.76
2026-09-27 13:36:55.706 | INFO     | plugrl_env_client.runner.rollout:log_timing_summary:98 - Intermediate rollout timing summary: env_steps=216683 infer_calls=54171 feedback_calls=54170 infer_wait=2349.980s infer_obs_pack=2.588s env_step=1593.164s feedback_total=11.159s feedback_obs_pack=3.660s feedback_info_pack=0.196s effective_fps=54.76
2026-09-27 13:37:25.702 | INFO     | plugrl_env_client.runner.rollout:log_timing_summary:98 - Intermediate rollout timing summary: env_steps=219568 infer_calls=54892 feedback_calls=54892 infer_wait=2360.635s infer_obs_pack=2.573s env_step=1612.149s feedback_total=11.295s feedback_obs_pack=3.736s feedback_info_pack=0.190s effective_fps=55.08
2026-09-27 13:37:25.717 | INFO     | plugrl_env_client.runner.rollout:log_timing_summary:98 - Intermediate rollout timing summary: env_steps=219569 infer_calls=54893 feedback_calls=54892 infer_wait=2358.290s infer_obs_pack=2.622s env_step=1614.562s feedback_total=11.311s feedback_obs_pack=3.711s feedback_info_pack=0.199s effective_fps=55.07
2026-09-27 13:37:25.721 | INFO     | plugrl_env_client.runner.rollout:log_timing_summary:98 - Intermediate rollout timing summary: env_steps=219569 infer_calls=54893 feedback_calls=54892 infer_wait=2362.465s infer_obs_pack=2.606s env_step=1610.289s feedback_total=11.174s feedback_obs_pack=3.657s feedback_info_pack=0.189s effective_fps=55.08
2026-09-27 13:37:55.706 | INFO     | plugrl_env_client.runner.rollout:log_timing_summary:98 - Intermediate rollout timing summary: env_steps=222441 infer_calls=55611 feedback_calls=55610 infer_wait=2369.921s infer_obs_pack=2.605s env_step=1632.553s feedback_total=11.444s feedback_obs_pack=3.783s feedback_info_pack=0.193s effective_fps=55.38
2026-09-27 13:37:55.721 | INFO     | plugrl_env_client.runner.rollout:log_timing_summary:98 - Intermediate rollout timing summary: env_steps=222444 infer_calls=55611 feedback_calls=55611 infer_wait=2366.763s infer_obs_pack=2.655s env_step=1635.798s feedback_total=11.456s feedback_obs_pack=3.758s feedback_info_pack=0.201s effective_fps=55.38
2026-09-27 13:37:55.739 | INFO     | plugrl_env_client.runner.rollout:log_timing_summary:98 - Intermediate rollout timing summary: env_steps=222445 infer_calls=55612 feedback_calls=55611 infer_wait=2371.301s infer_obs_pack=2.641s env_step=1631.167s feedback_total=11.323s feedback_obs_pack=3.704s feedback_info_pack=0.191s effective_fps=55.38
2026-09-27 13:40:19.432 | INFO     | plugrl_env_client.runner.rollout:log_timing_summary:98 - Intermediate rollout timing summary: env_steps=224001 infer_calls=56001 feedback_calls=56000 infer_wait=2502.312s infer_obs_pack=2.624s env_step=1643.721s feedback_total=11.531s feedback_obs_pack=3.810s feedback_info_pack=0.194s effective_fps=53.84
2026-09-27 13:40:19.437 | INFO     | plugrl_env_client.runner.rollout:log_timing_summary:98 - Intermediate rollout timing summary: env_steps=224001 infer_calls=56001 feedback_calls=56000 infer_wait=2498.705s infer_obs_pack=2.673s env_step=1647.409s feedback_total=11.537s feedback_obs_pack=3.784s feedback_info_pack=0.203s effective_fps=53.84
2026-09-27 13:40:19.439 | INFO     | plugrl_env_client.runner.rollout:log_timing_summary:98 - Intermediate rollout timing summary: env_steps=224001 infer_calls=56001 feedback_calls=56000 infer_wait=2503.545s infer_obs_pack=2.663s env_step=1642.456s feedback_total=11.406s feedback_obs_pack=3.730s feedback_info_pack=0.193s effective_fps=53.85
2026-09-27 13:40:49.436 | INFO     | plugrl_env_client.runner.rollout:log_timing_summary:98 - Intermediate rollout timing summary: env_steps=226937 infer_calls=56735 feedback_calls=56734 infer_wait=2511.212s infer_obs_pack=2.659s env_step=1664.505s feedback_total=11.697s feedback_obs_pack=3.866s feedback_info_pack=0.197s effective_fps=54.16
2026-09-27 13:40:49.439 | INFO     | plugrl_env_client.runner.rollout:log_timing_summary:98 - Intermediate rollout timing summary: env_steps=226938 infer_calls=56735 feedback_calls=56734 infer_wait=2506.550s infer_obs_pack=2.710s env_step=1669.248s feedback_total=11.699s feedback_obs_pack=3.838s feedback_info_pack=0.205s effective_fps=54.16
2026-09-27 13:40:49.447 | INFO     | plugrl_env_client.runner.rollout:log_timing_summary:98 - Intermediate rollout timing summary: env_steps=226939 infer_calls=56735 feedback_calls=56734 infer_wait=2512.064s infer_obs_pack=2.697s env_step=1663.627s feedback_total=11.567s feedback_obs_pack=3.781s feedback_info_pack=0.195s effective_fps=54.16
2026-09-27 13:41:19.440 | INFO     | plugrl_env_client.runner.rollout:log_timing_summary:98 - Intermediate rollout timing summary: env_steps=229868 infer_calls=57467 feedback_calls=57467 infer_wait=2515.403s infer_obs_pack=2.743s env_step=1690.094s feedback_total=11.850s feedback_obs_pack=3.887s feedback_info_pack=0.208s effective_fps=54.47
2026-09-27 13:41:19.452 | INFO     | plugrl_env_client.runner.rollout:log_timing_summary:98 - Intermediate rollout timing summary: env_steps=229869 infer_calls=57468 feedback_calls=57467 infer_wait=2520.228s infer_obs_pack=2.695s env_step=1685.197s feedback_total=11.851s feedback_obs_pack=3.914s feedback_info_pack=0.199s effective_fps=54.47
2026-09-27 13:41:19.454 | INFO     | plugrl_env_client.runner.rollout:log_timing_summary:98 - Intermediate rollout timing summary: env_steps=229869 infer_calls=57468 feedback_calls=57467 infer_wait=2520.777s infer_obs_pack=2.730s env_step=1684.613s feedback_total=11.721s feedback_obs_pack=3.828s feedback_info_pack=0.197s effective_fps=54.47
2026-09-27 13:41:49.446 | INFO     | plugrl_env_client.runner.rollout:log_timing_summary:98 - Intermediate rollout timing summary: env_steps=232725 infer_calls=58182 feedback_calls=58181 infer_wait=2524.144s infer_obs_pack=2.776s env_step=1711.055s feedback_total=12.005s feedback_obs_pack=3.937s feedback_info_pack=0.211s effective_fps=54.76
2026-09-27 13:41:49.453 | INFO     | plugrl_env_client.runner.rollout:log_timing_summary:98 - Intermediate rollout timing summary: env_steps=232726 infer_calls=58182 feedback_calls=58181 infer_wait=2529.085s infer_obs_pack=2.727s env_step=1706.048s feedback_total=11.994s feedback_obs_pack=3.961s feedback_info_pack=0.202s effective_fps=54.76
2026-09-27 13:41:49.459 | INFO     | plugrl_env_client.runner.rollout:log_timing_summary:98 - Intermediate rollout timing summary: env_steps=232728 infer_calls=58182 feedback_calls=58182 infer_wait=2529.904s infer_obs_pack=2.763s env_step=1705.194s feedback_total=11.865s feedback_obs_pack=3.874s feedback_info_pack=0.200s effective_fps=54.76
2026-09-27 13:42:19.448 | INFO     | plugrl_env_client.runner.rollout:log_timing_summary:98 - Intermediate rollout timing summary: env_steps=235583 infer_calls=58896 feedback_calls=58895 infer_wait=2532.334s infer_obs_pack=2.811s env_step=1732.568s feedback_total=12.152s feedback_obs_pack=3.986s feedback_info_pack=0.213s effective_fps=55.04
2026-09-27 13:42:19.456 | INFO     | plugrl_env_client.runner.rollout:log_timing_summary:98 - Intermediate rollout timing summary: env_steps=235583 infer_calls=58896 feedback_calls=58895 infer_wait=2538.219s infer_obs_pack=2.759s env_step=1726.613s feedback_total=12.147s feedback_obs_pack=4.008s feedback_info_pack=0.204s effective_fps=55.05
2026-09-27 13:42:19.479 | INFO     | plugrl_env_client.runner.rollout:log_timing_summary:98 - Intermediate rollout timing summary: env_steps=235585 infer_calls=58897 feedback_calls=58896 infer_wait=2538.990s infer_obs_pack=2.796s env_step=1725.824s feedback_total=12.017s feedback_obs_pack=3.923s feedback_info_pack=0.202s effective_fps=55.05
2026-09-27 13:42:49.448 | INFO     | plugrl_env_client.runner.rollout:log_timing_summary:98 - Intermediate rollout timing summary: env_steps=238457 infer_calls=59615 feedback_calls=59614 infer_wait=2541.243s infer_obs_pack=2.844s env_step=1753.357s feedback_total=12.305s feedback_obs_pack=4.034s feedback_info_pack=0.216s effective_fps=55.33
2026-09-27 13:42:49.459 | INFO     | plugrl_env_client.runner.rollout:log_timing_summary:98 - Intermediate rollout timing summary: env_steps=238458 infer_calls=59615 feedback_calls=59614 infer_wait=2546.956s infer_obs_pack=2.792s env_step=1747.580s feedback_total=12.293s feedback_obs_pack=4.057s feedback_info_pack=0.206s effective_fps=55.33
2026-09-27 13:42:49.493 | INFO     | plugrl_env_client.runner.rollout:log_timing_summary:98 - Intermediate rollout timing summary: env_steps=238461 infer_calls=59616 feedback_calls=59615 infer_wait=2547.938s infer_obs_pack=2.829s env_step=1746.583s feedback_total=12.171s feedback_obs_pack=3.973s feedback_info_pack=0.205s effective_fps=55.33
2026-09-27 13:45:12.991 | INFO     | plugrl_env_client.runner.rollout:log_timing_summary:98 - Intermediate rollout timing summary: env_steps=240001 infer_calls=60001 feedback_calls=60000 infer_wait=2679.867s infer_obs_pack=2.847s env_step=1757.994s feedback_total=12.248s feedback_obs_pack=3.998s feedback_info_pack=0.206s effective_fps=53.90
2026-09-27 13:45:12.991 | INFO     | plugrl_env_client.runner.rollout:log_timing_summary:98 - Intermediate rollout timing summary: env_steps=240001 infer_calls=60001 feedback_calls=60000 infer_wait=2678.436s infer_obs_pack=2.810s env_step=1759.475s feedback_total=12.372s feedback_obs_pack=4.082s feedback_info_pack=0.208s effective_fps=53.90
2026-09-27 13:45:12.993 | INFO     | plugrl_env_client.runner.rollout:log_timing_summary:98 - Intermediate rollout timing summary: env_steps=240001 infer_calls=60001 feedback_calls=60000 infer_wait=2672.869s infer_obs_pack=2.863s env_step=1765.106s feedback_total=12.388s feedback_obs_pack=4.061s feedback_info_pack=0.217s effective_fps=53.89
2026-09-27 13:45:42.995 | INFO     | plugrl_env_client.runner.rollout:log_timing_summary:98 - Intermediate rollout timing summary: env_steps=242820 infer_calls=60705 feedback_calls=60705 infer_wait=2687.559s infer_obs_pack=2.841s env_step=1780.065s feedback_total=12.516s feedback_obs_pack=4.128s feedback_info_pack=0.210s effective_fps=54.16
2026-09-27 13:45:42.996 | INFO     | plugrl_env_client.runner.rollout:log_timing_summary:98 - Intermediate rollout timing summary: env_steps=242820 infer_calls=60705 feedback_calls=60705 infer_wait=2689.096s infer_obs_pack=2.880s env_step=1778.479s feedback_total=12.391s feedback_obs_pack=4.044s feedback_info_pack=0.208s effective_fps=54.17
2026-09-27 13:45:43.012 | INFO     | plugrl_env_client.runner.rollout:log_timing_summary:98 - Intermediate rollout timing summary: env_steps=242821 infer_calls=60706 feedback_calls=60705 infer_wait=2681.923s infer_obs_pack=2.898s env_step=1785.781s feedback_total=12.532s feedback_obs_pack=4.108s feedback_info_pack=0.219s effective_fps=54.16
2026-09-27 13:46:12.997 | INFO     | plugrl_env_client.runner.rollout:log_timing_summary:98 - Intermediate rollout timing summary: env_steps=245475 infer_calls=61369 feedback_calls=61368 infer_wait=2696.488s infer_obs_pack=2.872s env_step=1800.852s feedback_total=12.659s feedback_obs_pack=4.177s feedback_info_pack=0.212s effective_fps=54.39
2026-09-27 13:46:13.001 | INFO     | plugrl_env_client.runner.rollout:log_timing_summary:98 - Intermediate rollout timing summary: env_steps=245476 infer_calls=61369 feedback_calls=61369 infer_wait=2699.106s infer_obs_pack=2.912s env_step=1798.208s feedback_total=12.520s feedback_obs_pack=4.089s feedback_info_pack=0.211s effective_fps=54.40
2026-09-27 13:46:13.029 | INFO     | plugrl_env_client.runner.rollout:log_timing_summary:98 - Intermediate rollout timing summary: env_steps=245477 infer_calls=61370 feedback_calls=61369 infer_wait=2691.537s infer_obs_pack=2.930s env_step=1805.915s feedback_total=12.664s feedback_obs_pack=4.153s feedback_info_pack=0.222s effective_fps=54.39
2026-09-27 13:46:43.003 | INFO     | plugrl_env_client.runner.rollout:log_timing_summary:98 - Intermediate rollout timing summary: env_steps=248234 infer_calls=62059 feedback_calls=62058 infer_wait=2708.330s infer_obs_pack=2.944s env_step=1818.707s feedback_total=12.651s feedback_obs_pack=4.133s feedback_info_pack=0.213s effective_fps=54.65
2026-09-27 13:46:43.004 | INFO     | plugrl_env_client.runner.rollout:log_timing_summary:98 - Intermediate rollout timing summary: env_steps=248234 infer_calls=62059 feedback_calls=62058 infer_wait=2705.947s infer_obs_pack=2.904s env_step=1821.114s feedback_total=12.803s feedback_obs_pack=4.224s feedback_info_pack=0.215s effective_fps=54.64
2026-09-27 13:46:43.038 | INFO     | plugrl_env_client.runner.rollout:log_timing_summary:98 - Intermediate rollout timing summary: env_steps=248237 infer_calls=62060 feedback_calls=62059 infer_wait=2700.934s infer_obs_pack=2.963s env_step=1826.249s feedback_total=12.799s feedback_obs_pack=4.200s feedback_info_pack=0.224s effective_fps=54.64
2026-09-27 13:47:13.008 | INFO     | plugrl_env_client.runner.rollout:log_timing_summary:98 - Intermediate rollout timing summary: env_steps=250952 infer_calls=62738 feedback_calls=62738 infer_wait=2715.399s infer_obs_pack=2.935s env_step=1841.387s feedback_total=12.942s feedback_obs_pack=4.275s feedback_info_pack=0.217s effective_fps=54.88
2026-09-27 13:47:13.011 | INFO     | plugrl_env_client.runner.rollout:log_timing_summary:98 - Intermediate rollout timing summary: env_steps=250951 infer_calls=62738 feedback_calls=62737 infer_wait=2717.474s infer_obs_pack=2.977s env_step=1839.286s feedback_total=12.785s feedback_obs_pack=4.181s feedback_info_pack=0.215s effective_fps=54.88
2026-09-27 13:47:13.046 | INFO     | plugrl_env_client.runner.rollout:log_timing_summary:98 - Intermediate rollout timing summary: env_steps=250954 infer_calls=62739 feedback_calls=62738 infer_wait=2710.270s infer_obs_pack=2.997s env_step=1846.646s feedback_total=12.932s feedback_obs_pack=4.246s feedback_info_pack=0.227s effective_fps=54.88
2026-09-27 13:47:43.010 | INFO     | plugrl_env_client.runner.rollout:log_timing_summary:98 - Intermediate rollout timing summary: env_steps=253687 infer_calls=63422 feedback_calls=63421 infer_wait=2725.040s infer_obs_pack=2.967s env_step=1861.468s feedback_total=13.075s feedback_obs_pack=4.321s feedback_info_pack=0.219s effective_fps=55.12
2026-09-27 13:47:43.013 | INFO     | plugrl_env_client.runner.rollout:log_timing_summary:98 - Intermediate rollout timing summary: env_steps=253687 infer_calls=63422 feedback_calls=63421 infer_wait=2726.440s infer_obs_pack=3.011s env_step=1860.030s feedback_total=12.922s feedback_obs_pack=4.228s feedback_info_pack=0.217s effective_fps=55.12
2026-09-27 13:47:43.051 | INFO     | plugrl_env_client.runner.rollout:log_timing_summary:98 - Intermediate rollout timing summary: env_steps=253689 infer_calls=63423 feedback_calls=63422 infer_wait=2719.776s infer_obs_pack=3.030s env_step=1866.849s feedback_total=13.080s feedback_obs_pack=4.298s feedback_info_pack=0.229s effective_fps=55.12
2026-09-27 13:50:17.060 | INFO     | plugrl_env_client.runner.rollout:log_timing_summary:98 - Intermediate rollout timing summary: env_steps=256001 infer_calls=64001 feedback_calls=64000 infer_wait=2862.609s infer_obs_pack=3.040s env_step=1877.657s feedback_total=13.044s feedback_obs_pack=4.272s feedback_info_pack=0.219s effective_fps=53.82
2026-09-27 13:50:17.066 | INFO     | plugrl_env_client.runner.rollout:log_timing_summary:98 - Intermediate rollout timing summary: env_steps=256001 infer_calls=64001 feedback_calls=64000 infer_wait=2862.199s infer_obs_pack=2.993s env_step=1878.132s feedback_total=13.189s feedback_obs_pack=4.359s feedback_info_pack=0.221s effective_fps=53.82
2026-09-27 13:50:17.068 | INFO     | plugrl_env_client.runner.rollout:log_timing_summary:98 - Intermediate rollout timing summary: env_steps=256001 infer_calls=64001 feedback_calls=64000 infer_wait=2856.878s infer_obs_pack=3.063s env_step=1883.526s feedback_total=13.192s feedback_obs_pack=4.336s feedback_info_pack=0.231s effective_fps=53.82
2026-09-27 13:50:47.065 | INFO     | plugrl_env_client.runner.rollout:log_timing_summary:98 - Intermediate rollout timing summary: env_steps=259004 infer_calls=64751 feedback_calls=64751 infer_wait=2870.705s infer_obs_pack=3.074s env_step=1899.250s feedback_total=13.202s feedback_obs_pack=4.324s feedback_info_pack=0.222s effective_fps=54.11
2026-09-27 13:50:47.077 | INFO     | plugrl_env_client.runner.rollout:log_timing_summary:98 - Intermediate rollout timing summary: env_steps=259005 infer_calls=64752 feedback_calls=64751 infer_wait=2865.594s infer_obs_pack=3.097s env_step=1904.496s feedback_total=13.361s feedback_obs_pack=4.386s feedback_info_pack=0.234s effective_fps=54.11
2026-09-27 13:50:47.079 | INFO     | plugrl_env_client.runner.rollout:log_timing_summary:98 - Intermediate rollout timing summary: env_steps=259005 infer_calls=64752 feedback_calls=64751 infer_wait=2870.784s infer_obs_pack=3.027s env_step=1899.239s feedback_total=13.355s feedback_obs_pack=4.412s feedback_info_pack=0.224s effective_fps=54.11
2026-09-27 13:51:17.070 | INFO     | plugrl_env_client.runner.rollout:log_timing_summary:98 - Intermediate rollout timing summary: env_steps=261894 infer_calls=65474 feedback_calls=65473 infer_wait=2879.529s infer_obs_pack=3.107s env_step=1920.128s feedback_total=13.352s feedback_obs_pack=4.371s feedback_info_pack=0.224s effective_fps=54.38
2026-09-27 13:51:17.082 | INFO     | plugrl_env_client.runner.rollout:log_timing_summary:98 - Intermediate rollout timing summary: env_steps=261896 infer_calls=65474 feedback_calls=65474 infer_wait=2874.294s infer_obs_pack=3.130s env_step=1925.501s feedback_total=13.511s feedback_obs_pack=4.433s feedback_info_pack=0.236s effective_fps=54.38
2026-09-27 13:51:17.082 | INFO     | plugrl_env_client.runner.rollout:log_timing_summary:98 - Intermediate rollout timing summary: env_steps=261896 infer_calls=65474 feedback_calls=65474 infer_wait=2879.359s infer_obs_pack=3.059s env_step=1920.375s feedback_total=13.502s feedback_obs_pack=4.460s feedback_info_pack=0.226s effective_fps=54.38
2026-09-27 13:51:47.073 | INFO     | plugrl_env_client.runner.rollout:log_timing_summary:98 - Intermediate rollout timing summary: env_steps=264805 infer_calls=66202 feedback_calls=66201 infer_wait=2888.480s infer_obs_pack=3.140s env_step=1940.866s feedback_total=13.510s feedback_obs_pack=4.418s feedback_info_pack=0.227s effective_fps=54.64
2026-09-27 13:51:47.083 | INFO     | plugrl_env_client.runner.rollout:log_timing_summary:98 - Intermediate rollout timing summary: env_steps=264806 infer_calls=66202 feedback_calls=66201 infer_wait=2887.889s infer_obs_pack=3.092s env_step=1941.533s feedback_total=13.658s feedback_obs_pack=4.511s feedback_info_pack=0.229s effective_fps=54.64
2026-09-27 13:51:47.087 | INFO     | plugrl_env_client.runner.rollout:log_timing_summary:98 - Intermediate rollout timing summary: env_steps=264808 infer_calls=66202 feedback_calls=66202 infer_wait=2883.057s infer_obs_pack=3.165s env_step=1946.436s feedback_total=13.662s feedback_obs_pack=4.481s feedback_info_pack=0.239s effective_fps=54.64
2026-09-27 13:52:17.073 | INFO     | plugrl_env_client.runner.rollout:log_timing_summary:98 - Intermediate rollout timing summary: env_steps=267692 infer_calls=66923 feedback_calls=66923 infer_wait=2896.867s infer_obs_pack=3.173s env_step=1962.175s feedback_total=13.660s feedback_obs_pack=4.465s feedback_info_pack=0.229s effective_fps=54.90
2026-09-27 13:52:17.090 | INFO     | plugrl_env_client.runner.rollout:log_timing_summary:98 - Intermediate rollout timing summary: env_steps=267693 infer_calls=66924 feedback_calls=66923 infer_wait=2896.838s infer_obs_pack=3.125s env_step=1962.283s feedback_total=13.814s feedback_obs_pack=4.561s feedback_info_pack=0.231s effective_fps=54.90
2026-09-27 13:52:17.091 | INFO     | plugrl_env_client.runner.rollout:log_timing_summary:98 - Intermediate rollout timing summary: env_steps=267694 infer_calls=66924 feedback_calls=66923 infer_wait=2891.650s infer_obs_pack=3.199s env_step=1967.543s feedback_total=13.815s feedback_obs_pack=4.531s feedback_info_pack=0.242s effective_fps=54.90
2026-09-27 13:52:47.083 | INFO     | plugrl_env_client.runner.rollout:log_timing_summary:98 - Intermediate rollout timing summary: env_steps=270581 infer_calls=67646 feedback_calls=67645 infer_wait=2905.308s infer_obs_pack=3.207s env_step=1983.436s feedback_total=13.814s feedback_obs_pack=4.511s feedback_info_pack=0.232s effective_fps=55.16
2026-09-27 13:52:47.095 | INFO     | plugrl_env_client.runner.rollout:log_timing_summary:98 - Intermediate rollout timing summary: env_steps=270583 infer_calls=67646 feedback_calls=67645 infer_wait=2900.194s infer_obs_pack=3.231s env_step=1988.693s feedback_total=13.972s feedback_obs_pack=4.582s feedback_info_pack=0.244s effective_fps=55.15
2026-09-27 13:52:47.095 | INFO     | plugrl_env_client.runner.rollout:log_timing_summary:98 - Intermediate rollout timing summary: env_steps=270582 infer_calls=67646 feedback_calls=67645 infer_wait=2905.424s infer_obs_pack=3.158s env_step=1983.396s feedback_total=13.966s feedback_obs_pack=4.609s feedback_info_pack=0.234s effective_fps=55.15
2026-09-27 13:55:07.115 | INFO     | plugrl_env_client.runner.rollout:log_timing_summary:98 - Intermediate rollout timing summary: env_steps=272001 infer_calls=68001 feedback_calls=68000 infer_wait=3035.093s infer_obs_pack=3.173s env_step=1993.600s feedback_total=14.040s feedback_obs_pack=4.632s feedback_info_pack=0.235s effective_fps=53.91
2026-09-27 13:55:07.116 | INFO     | plugrl_env_client.runner.rollout:log_timing_summary:98 - Intermediate rollout timing summary: env_steps=272001 infer_calls=68001 feedback_calls=68000 infer_wait=3035.111s infer_obs_pack=3.223s env_step=1993.518s feedback_total=13.887s feedback_obs_pack=4.534s feedback_info_pack=0.233s effective_fps=53.91
2026-09-27 13:55:07.116 | INFO     | plugrl_env_client.runner.rollout:log_timing_summary:98 - Intermediate rollout timing summary: env_steps=272001 infer_calls=68001 feedback_calls=68000 infer_wait=3030.180s infer_obs_pack=3.248s env_step=1998.576s feedback_total=14.051s feedback_obs_pack=4.605s feedback_info_pack=0.245s effective_fps=53.90
2026-09-27 13:55:37.117 | INFO     | plugrl_env_client.runner.rollout:log_timing_summary:98 - Intermediate rollout timing summary: env_steps=275085 infer_calls=68772 feedback_calls=68771 infer_wait=3043.519s infer_obs_pack=3.207s env_step=2014.847s feedback_total=14.211s feedback_obs_pack=4.681s feedback_info_pack=0.238s effective_fps=54.20
2026-09-27 13:55:37.117 | INFO     | plugrl_env_client.runner.rollout:log_timing_summary:98 - Intermediate rollout timing summary: env_steps=275085 infer_calls=68772 feedback_calls=68771 infer_wait=3038.339s infer_obs_pack=3.282s env_step=2020.088s feedback_total=14.225s feedback_obs_pack=4.656s feedback_info_pack=0.248s effective_fps=54.19
2026-09-27 13:55:37.120 | INFO     | plugrl_env_client.runner.rollout:log_timing_summary:98 - Intermediate rollout timing summary: env_steps=275085 infer_calls=68772 feedback_calls=68771 infer_wait=3043.342s infer_obs_pack=3.259s env_step=2014.961s feedback_total=14.057s feedback_obs_pack=4.585s feedback_info_pack=0.236s effective_fps=54.20
2026-09-27 13:56:07.124 | INFO     | plugrl_env_client.runner.rollout:log_timing_summary:98 - Intermediate rollout timing summary: env_steps=277957 infer_calls=69490 feedback_calls=69489 infer_wait=3046.763s infer_obs_pack=3.314s env_step=2041.381s feedback_total=14.371s feedback_obs_pack=4.702s feedback_info_pack=0.251s effective_fps=54.44
2026-09-27 13:56:07.127 | INFO     | plugrl_env_client.runner.rollout:log_timing_summary:98 - Intermediate rollout timing summary: env_steps=277957 infer_calls=69490 feedback_calls=69489 infer_wait=3051.826s infer_obs_pack=3.291s env_step=2036.173s feedback_total=14.208s feedback_obs_pack=4.631s feedback_info_pack=0.238s effective_fps=54.44
2026-09-27 13:56:07.129 | INFO     | plugrl_env_client.runner.rollout:log_timing_summary:98 - Intermediate rollout timing summary: env_steps=277957 infer_calls=69490 feedback_calls=69489 infer_wait=3052.447s infer_obs_pack=3.239s env_step=2035.633s feedback_total=14.361s feedback_obs_pack=4.728s feedback_info_pack=0.240s effective_fps=54.44
2026-09-27 13:56:37.127 | INFO     | plugrl_env_client.runner.rollout:log_timing_summary:98 - Intermediate rollout timing summary: env_steps=280731 infer_calls=70183 feedback_calls=70182 infer_wait=3056.253s infer_obs_pack=3.348s env_step=2061.605s feedback_total=14.511s feedback_obs_pack=4.748s feedback_info_pack=0.253s effective_fps=54.66
2026-09-27 13:56:37.130 | INFO     | plugrl_env_client.runner.rollout:log_timing_summary:98 - Intermediate rollout timing summary: env_steps=280732 infer_calls=70183 feedback_calls=70183 infer_wait=3061.540s infer_obs_pack=3.270s env_step=2056.260s feedback_total=14.497s feedback_obs_pack=4.775s feedback_info_pack=0.243s effective_fps=54.66
2026-09-27 13:56:37.130 | INFO     | plugrl_env_client.runner.rollout:log_timing_summary:98 - Intermediate rollout timing summary: env_steps=280732 infer_calls=70183 feedback_calls=70183 infer_wait=3061.080s infer_obs_pack=3.323s env_step=2056.642s feedback_total=14.343s feedback_obs_pack=4.676s feedback_info_pack=0.240s effective_fps=54.67
2026-09-27 13:57:07.131 | INFO     | plugrl_env_client.runner.rollout:log_timing_summary:98 - Intermediate rollout timing summary: env_steps=283502 infer_calls=70876 feedback_calls=70875 infer_wait=3070.318s infer_obs_pack=3.356s env_step=2077.118s feedback_total=14.482s feedback_obs_pack=4.726s feedback_info_pack=0.243s effective_fps=54.89
2026-09-27 13:57:07.135 | INFO     | plugrl_env_client.runner.rollout:log_timing_summary:98 - Intermediate rollout timing summary: env_steps=283503 infer_calls=70876 feedback_calls=70875 infer_wait=3065.521s infer_obs_pack=3.379s env_step=2082.067s feedback_total=14.646s feedback_obs_pack=4.796s feedback_info_pack=0.255s effective_fps=54.88
2026-09-27 13:57:07.137 | INFO     | plugrl_env_client.runner.rollout:log_timing_summary:98 - Intermediate rollout timing summary: env_steps=283503 infer_calls=70876 feedback_calls=70875 infer_wait=3070.772s infer_obs_pack=3.304s env_step=2076.753s feedback_total=14.632s feedback_obs_pack=4.823s feedback_info_pack=0.245s effective_fps=54.88
2026-09-27 13:57:37.133 | INFO     | plugrl_env_client.runner.rollout:log_timing_summary:98 - Intermediate rollout timing summary: env_steps=286191 infer_calls=71548 feedback_calls=71547 infer_wait=3079.251s infer_obs_pack=3.390s env_step=2097.901s feedback_total=14.621s feedback_obs_pack=4.773s feedback_info_pack=0.245s effective_fps=55.09
2026-09-27 13:57:37.139 | INFO     | plugrl_env_client.runner.rollout:log_timing_summary:98 - Intermediate rollout timing summary: env_steps=286192 infer_calls=71548 feedback_calls=71548 infer_wait=3075.035s infer_obs_pack=3.415s env_step=2102.261s feedback_total=14.792s feedback_obs_pack=4.846s feedback_info_pack=0.258s effective_fps=55.08
2026-09-27 13:57:37.144 | INFO     | plugrl_env_client.runner.rollout:log_timing_summary:98 - Intermediate rollout timing summary: env_steps=286192 infer_calls=71548 feedback_calls=71548 infer_wait=3080.004s infer_obs_pack=3.336s env_step=2097.242s feedback_total=14.775s feedback_obs_pack=4.869s feedback_info_pack=0.247s effective_fps=55.09
2026-09-27 14:00:01.838 | INFO     | plugrl_env_client.runner.rollout:log_timing_summary:98 - Intermediate rollout timing summary: env_steps=288001 infer_calls=72001 feedback_calls=72000 infer_wait=3205.448s infer_obs_pack=3.438s env_step=2116.359s feedback_total=14.884s feedback_obs_pack=4.878s feedback_info_pack=0.259s effective_fps=53.93
2026-09-27 14:00:01.839 | INFO     | plugrl_env_client.runner.rollout:log_timing_summary:98 - Intermediate rollout timing summary: env_steps=288001 infer_calls=72001 feedback_calls=72000 infer_wait=3210.771s infer_obs_pack=3.358s env_step=2110.980s feedback_total=14.868s feedback_obs_pack=4.902s feedback_info_pack=0.249s effective_fps=53.93
2026-09-27 14:00:01.839 | INFO     | plugrl_env_client.runner.rollout:log_timing_summary:98 - Intermediate rollout timing summary: env_steps=288001 infer_calls=72001 feedback_calls=72000 infer_wait=3210.376s infer_obs_pack=3.412s env_step=2111.294s feedback_total=14.709s feedback_obs_pack=4.803s feedback_info_pack=0.247s effective_fps=53.93
2026-09-27 14:00:31.840 | INFO     | plugrl_env_client.runner.rollout:log_timing_summary:98 - Intermediate rollout timing summary: env_steps=290786 infer_calls=72697 feedback_calls=72696 infer_wait=3214.818s infer_obs_pack=3.471s env_step=2136.701s feedback_total=15.027s feedback_obs_pack=4.925s feedback_info_pack=0.262s effective_fps=54.15
2026-09-27 14:00:31.841 | INFO     | plugrl_env_client.runner.rollout:log_timing_summary:98 - Intermediate rollout timing summary: env_steps=290786 infer_calls=72697 feedback_calls=72696 infer_wait=3219.674s infer_obs_pack=3.390s env_step=2131.791s feedback_total=15.011s feedback_obs_pack=4.949s feedback_info_pack=0.251s effective_fps=54.15
2026-09-27 14:00:31.843 | INFO     | plugrl_env_client.runner.rollout:log_timing_summary:98 - Intermediate rollout timing summary: env_steps=290787 infer_calls=72697 feedback_calls=72696 infer_wait=3219.646s infer_obs_pack=3.448s env_step=2131.737s feedback_total=14.850s feedback_obs_pack=4.848s feedback_info_pack=0.249s effective_fps=54.15
2026-09-27 14:01:01.840 | INFO     | plugrl_env_client.runner.rollout:log_timing_summary:98 - Intermediate rollout timing summary: env_steps=293521 infer_calls=73381 feedback_calls=73380 infer_wait=3224.482s infer_obs_pack=3.503s env_step=2156.758s feedback_total=15.164s feedback_obs_pack=4.972s feedback_info_pack=0.264s effective_fps=54.36
2026-09-27 14:01:01.844 | INFO     | plugrl_env_client.runner.rollout:log_timing_summary:98 - Intermediate rollout timing summary: env_steps=293522 infer_calls=73381 feedback_calls=73380 infer_wait=3229.443s infer_obs_pack=3.422s env_step=2151.745s feedback_total=15.149s feedback_obs_pack=4.994s feedback_info_pack=0.254s effective_fps=54.36
2026-09-27 14:01:01.848 | INFO     | plugrl_env_client.runner.rollout:log_timing_summary:98 - Intermediate rollout timing summary: env_steps=293521 infer_calls=73381 feedback_calls=73380 infer_wait=3228.665s infer_obs_pack=3.481s env_step=2152.434s feedback_total=14.985s feedback_obs_pack=4.894s feedback_info_pack=0.251s effective_fps=54.36
2026-09-27 14:01:31.850 | INFO     | plugrl_env_client.runner.rollout:log_timing_summary:98 - Intermediate rollout timing summary: env_steps=296271 infer_calls=74068 feedback_calls=74067 infer_wait=3233.905s infer_obs_pack=3.536s env_step=2177.052s feedback_total=15.310s feedback_obs_pack=5.019s feedback_info_pack=0.267s effective_fps=54.56
2026-09-27 14:01:31.852 | INFO     | plugrl_env_client.runner.rollout:log_timing_summary:98 - Intermediate rollout timing summary: env_steps=296271 infer_calls=74068 feedback_calls=74067 infer_wait=3239.031s infer_obs_pack=3.454s env_step=2171.892s feedback_total=15.282s feedback_obs_pack=5.040s feedback_info_pack=0.256s effective_fps=54.57
2026-09-27 14:01:31.852 | INFO     | plugrl_env_client.runner.rollout:log_timing_summary:98 - Intermediate rollout timing summary: env_steps=296271 infer_calls=74068 feedback_calls=74067 infer_wait=3238.112s infer_obs_pack=3.518s env_step=2172.695s feedback_total=15.127s feedback_obs_pack=4.940s feedback_info_pack=0.254s effective_fps=54.57
2026-09-27 14:02:01.852 | INFO     | plugrl_env_client.runner.rollout:log_timing_summary:98 - Intermediate rollout timing summary: env_steps=298893 infer_calls=74724 feedback_calls=74723 infer_wait=3244.181s infer_obs_pack=3.571s env_step=2196.503s feedback_total=15.438s feedback_obs_pack=5.064s feedback_info_pack=0.269s effective_fps=54.75
2026-09-27 14:02:01.855 | INFO     | plugrl_env_client.runner.rollout:log_timing_summary:98 - Intermediate rollout timing summary: env_steps=298894 infer_calls=74724 feedback_calls=74723 infer_wait=3248.417s infer_obs_pack=3.487s env_step=2192.230s feedback_total=15.417s feedback_obs_pack=5.086s feedback_info_pack=0.258s effective_fps=54.75
2026-09-27 14:02:01.856 | INFO     | plugrl_env_client.runner.rollout:log_timing_summary:98 - Intermediate rollout timing summary: env_steps=298894 infer_calls=74724 feedback_calls=74723 infer_wait=3247.517s infer_obs_pack=3.551s env_step=2193.018s feedback_total=15.258s feedback_obs_pack=4.987s feedback_info_pack=0.256s effective_fps=54.75
2026-09-27 14:02:31.855 | INFO     | plugrl_env_client.runner.rollout:log_timing_summary:98 - Intermediate rollout timing summary: env_steps=301597 infer_calls=75400 feedback_calls=75399 infer_wait=3253.616s infer_obs_pack=3.603s env_step=2216.799s feedback_total=15.570s feedback_obs_pack=5.110s feedback_info_pack=0.271s effective_fps=54.94
2026-09-27 14:02:31.860 | INFO     | plugrl_env_client.runner.rollout:log_timing_summary:98 - Intermediate rollout timing summary: env_steps=301597 infer_calls=75400 feedback_calls=75399 infer_wait=3256.750s infer_obs_pack=3.583s env_step=2213.509s feedback_total=15.388s feedback_obs_pack=5.032s feedback_info_pack=0.258s effective_fps=54.94
2026-09-27 14:02:31.861 | INFO     | plugrl_env_client.runner.rollout:log_timing_summary:98 - Intermediate rollout timing summary: env_steps=301598 infer_calls=75400 feedback_calls=75399 infer_wait=3258.364s infer_obs_pack=3.518s env_step=2212.007s feedback_total=15.553s feedback_obs_pack=5.134s feedback_info_pack=0.262s effective_fps=54.94
2026-09-27 14:05:04.233 | INFO     | plugrl_env_client.runner.rollout:log_timing_summary:98 - Intermediate rollout timing summary: env_steps=304001 infer_calls=76001 feedback_calls=76000 infer_wait=3387.827s infer_obs_pack=3.631s env_step=2234.719s feedback_total=15.689s feedback_obs_pack=5.150s feedback_info_pack=0.274s effective_fps=53.88
2026-09-27 14:05:04.234 | INFO     | plugrl_env_client.runner.rollout:log_timing_summary:98 - Intermediate rollout timing summary: env_steps=304001 infer_calls=76001 feedback_calls=76000 infer_wait=3393.533s infer_obs_pack=3.548s env_step=2228.961s feedback_total=15.675s feedback_obs_pack=5.174s feedback_info_pack=0.264s effective_fps=53.88
2026-09-27 14:05:04.236 | INFO     | plugrl_env_client.runner.rollout:log_timing_summary:98 - Intermediate rollout timing summary: env_steps=304001 infer_calls=76001 feedback_calls=76000 infer_wait=3391.417s infer_obs_pack=3.611s env_step=2230.962s feedback_total=15.513s feedback_obs_pack=5.072s feedback_info_pack=0.260s effective_fps=53.89
2026-09-27 14:05:34.234 | INFO     | plugrl_env_client.runner.rollout:log_timing_summary:98 - Intermediate rollout timing summary: env_steps=307014 infer_calls=76754 feedback_calls=76753 infer_wait=3402.216s infer_obs_pack=3.582s env_step=2249.956s feedback_total=15.842s feedback_obs_pack=5.223s feedback_info_pack=0.266s effective_fps=54.13
2026-09-27 14:05:34.240 | INFO     | plugrl_env_client.runner.rollout:log_timing_summary:98 - Intermediate rollout timing summary: env_steps=307015 infer_calls=76754 feedback_calls=76753 infer_wait=3399.818s infer_obs_pack=3.645s env_step=2252.242s feedback_total=15.681s feedback_obs_pack=5.121s feedback_info_pack=0.263s effective_fps=54.13
2026-09-27 14:05:34.241 | INFO     | plugrl_env_client.runner.rollout:log_timing_summary:98 - Intermediate rollout timing summary: env_steps=307014 infer_calls=76754 feedback_calls=76753 infer_wait=3395.985s infer_obs_pack=3.666s env_step=2256.244s feedback_total=15.859s feedback_obs_pack=5.200s feedback_info_pack=0.277s effective_fps=54.13
2026-09-27 14:06:04.251 | INFO     | plugrl_env_client.runner.rollout:log_timing_summary:98 - Intermediate rollout timing summary: env_steps=309865 infer_calls=77467 feedback_calls=77466 infer_wait=3410.725s infer_obs_pack=3.615s env_step=2271.164s feedback_total=15.994s feedback_obs_pack=5.273s feedback_info_pack=0.269s effective_fps=54.35
2026-09-27 14:06:04.252 | INFO     | plugrl_env_client.runner.rollout:log_timing_summary:98 - Intermediate rollout timing summary: env_steps=309865 infer_calls=77467 feedback_calls=77466 infer_wait=3408.534s infer_obs_pack=3.678s env_step=2273.236s feedback_total=15.830s feedback_obs_pack=5.167s feedback_info_pack=0.265s effective_fps=54.35
2026-09-27 14:06:04.253 | INFO     | plugrl_env_client.runner.rollout:log_timing_summary:98 - Intermediate rollout timing summary: env_steps=309865 infer_calls=77467 feedback_calls=77466 infer_wait=3404.726s infer_obs_pack=3.698s env_step=2277.219s feedback_total=16.007s feedback_obs_pack=5.248s feedback_info_pack=0.279s effective_fps=54.35
2026-09-27 14:06:34.253 | INFO     | plugrl_env_client.runner.rollout:log_timing_summary:98 - Intermediate rollout timing summary: env_steps=312736 infer_calls=78184 feedback_calls=78184 infer_wait=3420.084s infer_obs_pack=3.646s env_step=2291.512s feedback_total=16.144s feedback_obs_pack=5.319s feedback_info_pack=0.271s effective_fps=54.57
2026-09-27 14:06:34.257 | INFO     | plugrl_env_client.runner.rollout:log_timing_summary:98 - Intermediate rollout timing summary: env_steps=312735 infer_calls=78184 feedback_calls=78183 infer_wait=3417.248s infer_obs_pack=3.711s env_step=2294.229s feedback_total=15.982s feedback_obs_pack=5.213s feedback_info_pack=0.268s effective_fps=54.57
2026-09-27 14:06:34.261 | INFO     | plugrl_env_client.runner.rollout:log_timing_summary:98 - Intermediate rollout timing summary: env_steps=312736 infer_calls=78184 feedback_calls=78184 infer_wait=3413.083s infer_obs_pack=3.730s env_step=2298.567s feedback_total=16.160s feedback_obs_pack=5.299s feedback_info_pack=0.282s effective_fps=54.56
2026-09-27 14:07:04.258 | INFO     | plugrl_env_client.runner.rollout:log_timing_summary:98 - Intermediate rollout timing summary: env_steps=315592 infer_calls=78898 feedback_calls=78898 infer_wait=3428.698s infer_obs_pack=3.678s env_step=2312.601s feedback_total=16.291s feedback_obs_pack=5.366s feedback_info_pack=0.274s effective_fps=54.78
2026-09-27 14:07:04.271 | INFO     | plugrl_env_client.runner.rollout:log_timing_summary:98 - Intermediate rollout timing summary: env_steps=315593 infer_calls=78899 feedback_calls=78898 infer_wait=3421.977s infer_obs_pack=3.763s env_step=2319.379s feedback_total=16.314s feedback_obs_pack=5.350s feedback_info_pack=0.284s effective_fps=54.78
2026-09-27 14:07:04.277 | INFO     | plugrl_env_client.runner.rollout:log_timing_summary:98 - Intermediate rollout timing summary: env_steps=315593 infer_calls=78899 feedback_calls=78898 infer_wait=3426.160s infer_obs_pack=3.747s env_step=2315.034s feedback_total=16.133s feedback_obs_pack=5.262s feedback_info_pack=0.270s effective_fps=54.78
2026-09-27 14:07:34.261 | INFO     | plugrl_env_client.runner.rollout:log_timing_summary:98 - Intermediate rollout timing summary: env_steps=318498 infer_calls=79625 feedback_calls=79624 infer_wait=3437.067s infer_obs_pack=3.714s env_step=2333.924s feedback_total=16.445s feedback_obs_pack=5.415s feedback_info_pack=0.276s effective_fps=55.00
2026-09-27 14:07:34.272 | INFO     | plugrl_env_client.runner.rollout:log_timing_summary:98 - Intermediate rollout timing summary: env_steps=318498 infer_calls=79625 feedback_calls=79624 infer_wait=3430.708s infer_obs_pack=3.796s env_step=2340.335s feedback_total=16.471s feedback_obs_pack=5.399s feedback_info_pack=0.287s effective_fps=55.00
2026-09-27 14:07:34.277 | INFO     | plugrl_env_client.runner.rollout:log_timing_summary:98 - Intermediate rollout timing summary: env_steps=318500 infer_calls=79625 feedback_calls=79625 infer_wait=3435.078s infer_obs_pack=3.782s env_step=2335.806s feedback_total=16.289s feedback_obs_pack=5.309s feedback_info_pack=0.273s effective_fps=55.00
2026-09-27 14:09:57.936 | INFO     | plugrl_env_client.runner.rollout:log_timing_summary:98 - Intermediate rollout timing summary: env_steps=320001 infer_calls=80001 feedback_calls=80000 infer_wait=3569.415s infer_obs_pack=3.731s env_step=2345.094s feedback_total=16.525s feedback_obs_pack=5.440s feedback_info_pack=0.277s effective_fps=53.92
2026-09-27 14:09:57.937 | INFO     | plugrl_env_client.runner.rollout:log_timing_summary:98 - Intermediate rollout timing summary: env_steps=320001 infer_calls=80001 feedback_calls=80000 infer_wait=3562.813s infer_obs_pack=3.814s env_step=2351.737s feedback_total=16.550s feedback_obs_pack=5.423s feedback_info_pack=0.288s effective_fps=53.92
2026-09-27 14:09:57.939 | INFO     | plugrl_env_client.runner.rollout:log_timing_summary:98 - Intermediate rollout timing summary: env_steps=320001 infer_calls=80001 feedback_calls=80000 infer_wait=3567.088s infer_obs_pack=3.799s env_step=2347.300s feedback_total=16.367s feedback_obs_pack=5.334s feedback_info_pack=0.274s effective_fps=53.92
2026-09-27 14:10:27.938 | INFO     | plugrl_env_client.runner.rollout:log_timing_summary:98 - Intermediate rollout timing summary: env_steps=323002 infer_calls=80751 feedback_calls=80750 infer_wait=3571.100s infer_obs_pack=3.847s env_step=2373.136s feedback_total=16.712s feedback_obs_pack=5.471s feedback_info_pack=0.291s effective_fps=54.15
2026-09-27 14:10:27.939 | INFO     | plugrl_env_client.runner.rollout:log_timing_summary:98 - Intermediate rollout timing summary: env_steps=323002 infer_calls=80751 feedback_calls=80750 infer_wait=3577.740s infer_obs_pack=3.764s env_step=2366.458s feedback_total=16.685s feedback_obs_pack=5.490s feedback_info_pack=0.280s effective_fps=54.15
2026-09-27 14:10:27.944 | INFO     | plugrl_env_client.runner.rollout:log_timing_summary:98 - Intermediate rollout timing summary: env_steps=323003 infer_calls=80751 feedback_calls=80750 infer_wait=3575.458s infer_obs_pack=3.834s env_step=2368.620s feedback_total=16.525s feedback_obs_pack=5.382s feedback_info_pack=0.276s effective_fps=54.15
2026-09-27 14:10:57.946 | INFO     | plugrl_env_client.runner.rollout:log_timing_summary:98 - Intermediate rollout timing summary: env_steps=325829 infer_calls=81458 feedback_calls=81457 infer_wait=3586.408s infer_obs_pack=3.795s env_step=2387.505s feedback_total=16.833s feedback_obs_pack=5.538s feedback_info_pack=0.282s effective_fps=54.35
2026-09-27 14:10:57.947 | INFO     | plugrl_env_client.runner.rollout:log_timing_summary:98 - Intermediate rollout timing summary: env_steps=325829 infer_calls=81458 feedback_calls=81457 infer_wait=3579.801s infer_obs_pack=3.880s env_step=2394.140s feedback_total=16.868s feedback_obs_pack=5.523s feedback_info_pack=0.293s effective_fps=54.35
2026-09-27 14:10:57.950 | INFO     | plugrl_env_client.runner.rollout:log_timing_summary:98 - Intermediate rollout timing summary: env_steps=325829 infer_calls=81458 feedback_calls=81457 infer_wait=3584.821s infer_obs_pack=3.865s env_step=2388.962s feedback_total=16.677s feedback_obs_pack=5.434s feedback_info_pack=0.279s effective_fps=54.36
2026-09-27 14:11:27.950 | INFO     | plugrl_env_client.runner.rollout:log_timing_summary:98 - Intermediate rollout timing summary: env_steps=328582 infer_calls=82146 feedback_calls=82145 infer_wait=3595.809s infer_obs_pack=3.827s env_step=2407.827s feedback_total=16.973s feedback_obs_pack=5.583s feedback_info_pack=0.285s effective_fps=54.54
2026-09-27 14:11:27.951 | INFO     | plugrl_env_client.runner.rollout:log_timing_summary:98 - Intermediate rollout timing summary: env_steps=328583 infer_calls=82146 feedback_calls=82145 infer_wait=3593.318s infer_obs_pack=3.898s env_step=2410.179s feedback_total=16.817s feedback_obs_pack=5.479s feedback_info_pack=0.281s effective_fps=54.54
2026-09-27 14:11:27.955 | INFO     | plugrl_env_client.runner.rollout:log_timing_summary:98 - Intermediate rollout timing summary: env_steps=328582 infer_calls=82146 feedback_calls=82145 infer_wait=3589.225s infer_obs_pack=3.913s env_step=2414.439s feedback_total=17.013s feedback_obs_pack=5.573s feedback_info_pack=0.296s effective_fps=54.54
2026-09-27 14:11:57.955 | INFO     | plugrl_env_client.runner.rollout:log_timing_summary:98 - Intermediate rollout timing summary: env_steps=331249 infer_calls=82813 feedback_calls=82812 infer_wait=3605.324s infer_obs_pack=3.859s env_step=2428.033s feedback_total=17.110s feedback_obs_pack=5.630s feedback_info_pack=0.287s effective_fps=54.71
2026-09-27 14:11:57.955 | INFO     | plugrl_env_client.runner.rollout:log_timing_summary:98 - Intermediate rollout timing summary: env_steps=331249 infer_calls=82813 feedback_calls=82812 infer_wait=3602.904s infer_obs_pack=3.930s env_step=2430.325s feedback_total=16.946s feedback_obs_pack=5.523s feedback_info_pack=0.284s effective_fps=54.71
2026-09-27 14:11:57.957 | INFO     | plugrl_env_client.runner.rollout:log_timing_summary:98 - Intermediate rollout timing summary: env_steps=331249 infer_calls=82813 feedback_calls=82812 infer_wait=3598.063s infer_obs_pack=3.949s env_step=2435.323s feedback_total=17.149s feedback_obs_pack=5.618s feedback_info_pack=0.298s effective_fps=54.71
2026-09-27 14:12:27.962 | INFO     | plugrl_env_client.runner.rollout:log_timing_summary:98 - Intermediate rollout timing summary: env_steps=333990 infer_calls=83498 feedback_calls=83497 infer_wait=3614.123s infer_obs_pack=3.892s env_step=2448.959s feedback_total=17.250s feedback_obs_pack=5.680s feedback_info_pack=0.289s effective_fps=54.89
2026-09-27 14:12:27.963 | INFO     | plugrl_env_client.runner.rollout:log_timing_summary:98 - Intermediate rollout timing summary: env_steps=333990 infer_calls=83498 feedback_calls=83497 infer_wait=3612.156s infer_obs_pack=3.963s env_step=2450.791s feedback_total=17.086s feedback_obs_pack=5.572s feedback_info_pack=0.286s effective_fps=54.90
2026-09-27 14:12:27.964 | INFO     | plugrl_env_client.runner.rollout:log_timing_summary:98 - Intermediate rollout timing summary: env_steps=333992 infer_calls=83498 feedback_calls=83498 infer_wait=3607.395s infer_obs_pack=3.981s env_step=2455.716s feedback_total=17.288s feedback_obs_pack=5.664s feedback_info_pack=0.300s effective_fps=54.89
2026-09-27 14:14:54.479 | INFO     | plugrl_env_client.runner.rollout:log_timing_summary:98 - Intermediate rollout timing summary: env_steps=336001 infer_calls=84001 feedback_calls=84000 infer_wait=3743.569s infer_obs_pack=3.986s env_step=2465.685s feedback_total=17.189s feedback_obs_pack=5.608s feedback_info_pack=0.289s effective_fps=53.93
2026-09-27 14:14:54.482 | INFO     | plugrl_env_client.runner.rollout:log_timing_summary:98 - Intermediate rollout timing summary: env_steps=336001 infer_calls=84001 feedback_calls=84000 infer_wait=3745.727s infer_obs_pack=3.916s env_step=2463.665s feedback_total=17.352s feedback_obs_pack=5.714s feedback_info_pack=0.291s effective_fps=53.93
2026-09-27 14:14:54.483 | INFO     | plugrl_env_client.runner.rollout:log_timing_summary:98 - Intermediate rollout timing summary: env_steps=336001 infer_calls=84001 feedback_calls=84000 infer_wait=3738.246s infer_obs_pack=4.008s env_step=2471.174s feedback_total=17.388s feedback_obs_pack=5.699s feedback_info_pack=0.302s effective_fps=53.93
2026-09-27 14:15:24.482 | INFO     | plugrl_env_client.runner.rollout:log_timing_summary:98 - Intermediate rollout timing summary: env_steps=338762 infer_calls=84691 feedback_calls=84690 infer_wait=3755.364s infer_obs_pack=3.948s env_step=2483.746s feedback_total=17.492s feedback_obs_pack=5.760s feedback_info_pack=0.293s effective_fps=54.11
2026-09-27 14:15:24.484 | INFO     | plugrl_env_client.runner.rollout:log_timing_summary:98 - Intermediate rollout timing summary: env_steps=338763 infer_calls=84691 feedback_calls=84690 infer_wait=3747.631s infer_obs_pack=4.044s env_step=2491.501s feedback_total=17.533s feedback_obs_pack=5.750s feedback_info_pack=0.305s effective_fps=54.11
2026-09-27 14:15:24.484 | INFO     | plugrl_env_client.runner.rollout:log_timing_summary:98 - Intermediate rollout timing summary: env_steps=338764 infer_calls=84691 feedback_calls=84691 infer_wait=3752.592s infer_obs_pack=4.019s env_step=2486.388s feedback_total=17.326s feedback_obs_pack=5.652s feedback_info_pack=0.291s effective_fps=54.11
2026-09-27 14:15:54.483 | INFO     | plugrl_env_client.runner.rollout:log_timing_summary:98 - Intermediate rollout timing summary: env_steps=341407 infer_calls=85352 feedback_calls=85351 infer_wait=3765.039s infer_obs_pack=3.981s env_step=2503.792s feedback_total=17.626s feedback_obs_pack=5.806s feedback_info_pack=0.296s effective_fps=54.27
2026-09-27 14:15:54.485 | INFO     | plugrl_env_client.runner.rollout:log_timing_summary:98 - Intermediate rollout timing summary: env_steps=341407 infer_calls=85352 feedback_calls=85351 infer_wait=3761.979s infer_obs_pack=4.050s env_step=2506.728s feedback_total=17.459s feedback_obs_pack=5.696s feedback_info_pack=0.295s effective_fps=54.28
2026-09-27 14:15:54.489 | INFO     | plugrl_env_client.runner.rollout:log_timing_summary:98 - Intermediate rollout timing summary: env_steps=341408 infer_calls=85352 feedback_calls=85352 infer_wait=3756.646s infer_obs_pack=4.077s env_step=2512.217s feedback_total=17.668s feedback_obs_pack=5.795s feedback_info_pack=0.307s effective_fps=54.27
2026-09-27 14:16:24.488 | INFO     | plugrl_env_client.runner.rollout:log_timing_summary:98 - Intermediate rollout timing summary: env_steps=344106 infer_calls=86027 feedback_calls=86026 infer_wait=3774.564s infer_obs_pack=4.012s env_step=2523.998s feedback_total=17.759s feedback_obs_pack=5.851s feedback_info_pack=0.298s effective_fps=54.44
2026-09-27 14:16:24.492 | INFO     | plugrl_env_client.runner.rollout:log_timing_summary:98 - Intermediate rollout timing summary: env_steps=344106 infer_calls=86027 feedback_calls=86026 infer_wait=3771.405s infer_obs_pack=4.082s env_step=2527.025s feedback_total=17.601s feedback_obs_pack=5.743s feedback_info_pack=0.297s effective_fps=54.45
2026-09-27 14:16:24.494 | INFO     | plugrl_env_client.runner.rollout:log_timing_summary:98 - Intermediate rollout timing summary: env_steps=344107 infer_calls=86027 feedback_calls=86026 infer_wait=3766.055s infer_obs_pack=4.113s env_step=2532.531s feedback_total=17.800s feedback_obs_pack=5.842s feedback_info_pack=0.310s effective_fps=54.44
2026-09-27 14:16:54.493 | INFO     | plugrl_env_client.runner.rollout:log_timing_summary:98 - Intermediate rollout timing summary: env_steps=346873 infer_calls=86719 feedback_calls=86718 infer_wait=3783.742s infer_obs_pack=4.044s env_step=2544.536s feedback_total=17.904s feedback_obs_pack=5.902s feedback_info_pack=0.300s effective_fps=54.62
2026-09-27 14:16:54.494 | INFO     | plugrl_env_client.runner.rollout:log_timing_summary:98 - Intermediate rollout timing summary: env_steps=346873 infer_calls=86719 feedback_calls=86718 infer_wait=3775.552s infer_obs_pack=4.146s env_step=2552.752s feedback_total=17.940s feedback_obs_pack=5.888s feedback_info_pack=0.312s effective_fps=54.62
2026-09-27 14:16:54.496 | INFO     | plugrl_env_client.runner.rollout:log_timing_summary:98 - Intermediate rollout timing summary: env_steps=346874 infer_calls=86719 feedback_calls=86718 infer_wait=3780.515s infer_obs_pack=4.115s env_step=2547.636s feedback_total=17.739s feedback_obs_pack=5.790s feedback_info_pack=0.300s effective_fps=54.63
2026-09-27 14:17:24.496 | INFO     | plugrl_env_client.runner.rollout:log_timing_summary:98 - Intermediate rollout timing summary: env_steps=349739 infer_calls=87435 feedback_calls=87434 infer_wait=3784.310s infer_obs_pack=4.179s env_step=2573.702s feedback_total=18.088s feedback_obs_pack=5.937s feedback_info_pack=0.315s effective_fps=54.82
2026-09-27 14:17:24.500 | INFO     | plugrl_env_client.runner.rollout:log_timing_summary:98 - Intermediate rollout timing summary: env_steps=349739 infer_calls=87435 feedback_calls=87434 infer_wait=3789.242s infer_obs_pack=4.149s env_step=2568.610s feedback_total=17.884s feedback_obs_pack=5.837s feedback_info_pack=0.302s effective_fps=54.82
2026-09-27 14:17:24.506 | INFO     | plugrl_env_client.runner.rollout:log_timing_summary:98 - Intermediate rollout timing summary: env_steps=349739 infer_calls=87435 feedback_calls=87434 infer_wait=3792.715s infer_obs_pack=4.079s env_step=2565.277s feedback_total=18.051s feedback_obs_pack=5.949s feedback_info_pack=0.303s effective_fps=54.82
2026-09-27 14:19:54.295 | INFO     | plugrl_env_client.runner.rollout:log_timing_summary:98 - Intermediate rollout timing summary: env_steps=352001 infer_calls=88001 feedback_calls=88000 infer_wait=3916.814s infer_obs_pack=4.204s env_step=2590.759s feedback_total=18.211s feedback_obs_pack=5.977s feedback_info_pack=0.317s effective_fps=53.91
2026-09-27 14:19:54.297 | INFO     | plugrl_env_client.runner.rollout:log_timing_summary:98 - Intermediate rollout timing summary: env_steps=352001 infer_calls=88001 feedback_calls=88000 infer_wait=3925.576s infer_obs_pack=4.104s env_step=2581.971s feedback_total=18.167s feedback_obs_pack=5.986s feedback_info_pack=0.305s effective_fps=53.91
2026-09-27 14:19:54.298 | INFO     | plugrl_env_client.runner.rollout:log_timing_summary:98 - Intermediate rollout timing summary: env_steps=352001 infer_calls=88001 feedback_calls=88000 infer_wait=3921.646s infer_obs_pack=4.175s env_step=2585.760s feedback_total=18.007s feedback_obs_pack=5.874s feedback_info_pack=0.304s effective_fps=53.91
2026-09-27 14:20:24.298 | INFO     | plugrl_env_client.runner.rollout:log_timing_summary:98 - Intermediate rollout timing summary: env_steps=354969 infer_calls=88743 feedback_calls=88742 infer_wait=3933.551s infer_obs_pack=4.136s env_step=2603.682s feedback_total=18.325s feedback_obs_pack=6.036s feedback_info_pack=0.307s effective_fps=54.11
2026-09-27 14:20:24.300 | INFO     | plugrl_env_client.runner.rollout:log_timing_summary:98 - Intermediate rollout timing summary: env_steps=354969 infer_calls=88743 feedback_calls=88742 infer_wait=3925.513s infer_obs_pack=4.238s env_step=2611.758s feedback_total=18.367s feedback_obs_pack=6.025s feedback_info_pack=0.319s effective_fps=54.11
2026-09-27 14:20:24.305 | INFO     | plugrl_env_client.runner.rollout:log_timing_summary:98 - Intermediate rollout timing summary: env_steps=354970 infer_calls=88743 feedback_calls=88742 infer_wait=3930.133s infer_obs_pack=4.209s env_step=2606.953s feedback_total=18.181s feedback_obs_pack=5.925s feedback_info_pack=0.306s effective_fps=54.12
2026-09-27 14:20:54.305 | INFO     | plugrl_env_client.runner.rollout:log_timing_summary:98 - Intermediate rollout timing summary: env_steps=357908 infer_calls=89477 feedback_calls=89477 infer_wait=3934.153s infer_obs_pack=4.274s env_step=2632.805s feedback_total=18.520s feedback_obs_pack=6.073s feedback_info_pack=0.322s effective_fps=54.31
2026-09-27 14:20:54.321 | INFO     | plugrl_env_client.runner.rollout:log_timing_summary:98 - Intermediate rollout timing summary: env_steps=357909 infer_calls=89478 feedback_calls=89477 infer_wait=3938.662s infer_obs_pack=4.243s env_step=2628.138s feedback_total=18.331s feedback_obs_pack=5.973s feedback_info_pack=0.309s effective_fps=54.32
2026-09-27 14:20:54.326 | INFO     | plugrl_env_client.runner.rollout:log_timing_summary:98 - Intermediate rollout timing summary: env_steps=357909 infer_calls=89478 feedback_calls=89477 infer_wait=3942.372s infer_obs_pack=4.169s env_step=2624.581s feedback_total=18.480s feedback_obs_pack=6.085s feedback_info_pack=0.310s effective_fps=54.31
2026-09-27 14:21:24.306 | INFO     | plugrl_env_client.runner.rollout:log_timing_summary:98 - Intermediate rollout timing summary: env_steps=360765 infer_calls=90192 feedback_calls=90191 infer_wait=3942.766s infer_obs_pack=4.307s env_step=2653.880s feedback_total=18.677s feedback_obs_pack=6.127s feedback_info_pack=0.324s effective_fps=54.50
2026-09-27 14:21:24.321 | INFO     | plugrl_env_client.runner.rollout:log_timing_summary:98 - Intermediate rollout timing summary: env_steps=360768 infer_calls=90192 feedback_calls=90192 infer_wait=3947.132s infer_obs_pack=4.282s env_step=2649.359s feedback_total=18.484s feedback_obs_pack=6.022s feedback_info_pack=0.311s effective_fps=54.50
2026-09-27 14:21:24.329 | INFO     | plugrl_env_client.runner.rollout:log_timing_summary:98 - Intermediate rollout timing summary: env_steps=360768 infer_calls=90192 feedback_calls=90192 infer_wait=3951.463s infer_obs_pack=4.202s env_step=2645.190s feedback_total=18.634s feedback_obs_pack=6.134s feedback_info_pack=0.312s effective_fps=54.50
2026-09-27 14:21:54.315 | INFO     | plugrl_env_client.runner.rollout:log_timing_summary:98 - Intermediate rollout timing summary: env_steps=363605 infer_calls=90902 feedback_calls=90901 infer_wait=3951.804s infer_obs_pack=4.339s env_step=2674.549s feedback_total=18.826s feedback_obs_pack=6.174s feedback_info_pack=0.327s effective_fps=54.68
2026-09-27 14:21:54.325 | INFO     | plugrl_env_client.runner.rollout:log_timing_summary:98 - Intermediate rollout timing summary: env_steps=363607 infer_calls=90902 feedback_calls=90901 infer_wait=3955.638s infer_obs_pack=4.314s env_step=2670.547s feedback_total=18.637s feedback_obs_pack=6.070s feedback_info_pack=0.314s effective_fps=54.68
2026-09-27 14:21:54.333 | INFO     | plugrl_env_client.runner.rollout:log_timing_summary:98 - Intermediate rollout timing summary: env_steps=363607 infer_calls=90902 feedback_calls=90901 infer_wait=3960.181s infer_obs_pack=4.233s env_step=2666.181s feedback_total=18.780s feedback_obs_pack=6.180s feedback_info_pack=0.314s effective_fps=54.68
2026-09-27 14:22:24.315 | INFO     | plugrl_env_client.runner.rollout:log_timing_summary:98 - Intermediate rollout timing summary: env_steps=366473 infer_calls=91619 feedback_calls=91618 infer_wait=3960.708s infer_obs_pack=4.372s env_step=2695.347s feedback_total=18.976s feedback_obs_pack=6.226s feedback_info_pack=0.329s effective_fps=54.87
2026-09-27 14:22:24.328 | INFO     | plugrl_env_client.runner.rollout:log_timing_summary:98 - Intermediate rollout timing summary: env_steps=366475 infer_calls=91619 feedback_calls=91618 infer_wait=3964.385s infer_obs_pack=4.349s env_step=2691.496s feedback_total=18.787s feedback_obs_pack=6.116s feedback_info_pack=0.316s effective_fps=54.87
2026-09-27 14:22:24.338 | INFO     | plugrl_env_client.runner.rollout:log_timing_summary:98 - Intermediate rollout timing summary: env_steps=366476 infer_calls=91619 feedback_calls=91619 infer_wait=3968.813s infer_obs_pack=4.266s env_step=2687.247s feedback_total=18.934s feedback_obs_pack=6.229s feedback_info_pack=0.317s effective_fps=54.87
2026-09-27 14:24:46.486 | INFO     | plugrl_env_client.runner.rollout:log_timing_summary:98 - Intermediate rollout timing summary: env_steps=368001 infer_calls=92001 feedback_calls=92000 infer_wait=4095.152s infer_obs_pack=4.367s env_step=2702.728s feedback_total=18.864s feedback_obs_pack=6.141s feedback_info_pack=0.317s effective_fps=53.95
2026-09-27 14:24:46.486 | INFO     | plugrl_env_client.runner.rollout:log_timing_summary:98 - Intermediate rollout timing summary: env_steps=368001 infer_calls=92001 feedback_calls=92000 infer_wait=4091.627s infer_obs_pack=4.389s env_step=2706.440s feedback_total=19.054s feedback_obs_pack=6.251s feedback_info_pack=0.331s effective_fps=53.95
2026-09-27 14:24:46.487 | INFO     | plugrl_env_client.runner.rollout:log_timing_summary:98 - Intermediate rollout timing summary: env_steps=368001 infer_calls=92001 feedback_calls=92000 infer_wait=4099.741s infer_obs_pack=4.283s env_step=2698.300s feedback_total=19.016s feedback_obs_pack=6.257s feedback_info_pack=0.318s effective_fps=53.95
2026-09-27 14:25:16.502 | INFO     | plugrl_env_client.runner.rollout:log_timing_summary:98 - Intermediate rollout timing summary: env_steps=371037 infer_calls=92760 feedback_calls=92759 infer_wait=4103.696s infer_obs_pack=4.402s env_step=2723.877s feedback_total=19.030s feedback_obs_pack=6.190s feedback_info_pack=0.320s effective_fps=54.16
2026-09-27 14:25:16.504 | INFO     | plugrl_env_client.runner.rollout:log_timing_summary:98 - Intermediate rollout timing summary: env_steps=371037 infer_calls=92760 feedback_calls=92759 infer_wait=4108.395s infer_obs_pack=4.316s env_step=2719.343s feedback_total=19.177s feedback_obs_pack=6.308s feedback_info_pack=0.321s effective_fps=54.16
2026-09-27 14:25:16.504 | INFO     | plugrl_env_client.runner.rollout:log_timing_summary:98 - Intermediate rollout timing summary: env_steps=371037 infer_calls=92760 feedback_calls=92759 infer_wait=4099.571s infer_obs_pack=4.425s env_step=2728.195s feedback_total=19.213s feedback_obs_pack=6.302s feedback_info_pack=0.333s effective_fps=54.15
2026-09-27 14:25:46.507 | INFO     | plugrl_env_client.runner.rollout:log_timing_summary:98 - Intermediate rollout timing summary: env_steps=373793 infer_calls=93449 feedback_calls=93448 infer_wait=4117.509s infer_obs_pack=4.349s env_step=2739.951s feedback_total=19.313s feedback_obs_pack=6.357s feedback_info_pack=0.323s effective_fps=54.32
2026-09-27 14:25:46.508 | INFO     | plugrl_env_client.runner.rollout:log_timing_summary:98 - Intermediate rollout timing summary: env_steps=373794 infer_calls=93449 feedback_calls=93448 infer_wait=4113.227s infer_obs_pack=4.434s env_step=2744.073s feedback_total=19.163s feedback_obs_pack=6.236s feedback_info_pack=0.322s effective_fps=54.32
2026-09-27 14:25:46.512 | INFO     | plugrl_env_client.runner.rollout:log_timing_summary:98 - Intermediate rollout timing summary: env_steps=373794 infer_calls=93449 feedback_calls=93448 infer_wait=4108.946s infer_obs_pack=4.459s env_step=2748.541s feedback_total=19.352s feedback_obs_pack=6.348s feedback_info_pack=0.336s effective_fps=54.32
2026-09-27 14:26:16.508 | INFO     | plugrl_env_client.runner.rollout:log_timing_summary:98 - Intermediate rollout timing summary: env_steps=376491 infer_calls=94123 feedback_calls=94122 infer_wait=4122.401s infer_obs_pack=4.469s env_step=2764.618s feedback_total=19.297s feedback_obs_pack=6.282s feedback_info_pack=0.324s effective_fps=54.48
2026-09-27 14:26:16.509 | INFO     | plugrl_env_client.runner.rollout:log_timing_summary:98 - Intermediate rollout timing summary: env_steps=376491 infer_calls=94123 feedback_calls=94122 infer_wait=4126.539s infer_obs_pack=4.382s env_step=2760.642s feedback_total=19.450s feedback_obs_pack=6.404s feedback_info_pack=0.325s effective_fps=54.48
2026-09-27 14:26:16.518 | INFO     | plugrl_env_client.runner.rollout:log_timing_summary:98 - Intermediate rollout timing summary: env_steps=376492 infer_calls=94123 feedback_calls=94123 infer_wait=4118.681s infer_obs_pack=4.492s env_step=2768.536s feedback_total=19.486s feedback_obs_pack=6.394s feedback_info_pack=0.338s effective_fps=54.48
2026-09-27 14:26:46.512 | INFO     | plugrl_env_client.runner.rollout:log_timing_summary:98 - Intermediate rollout timing summary: env_steps=379192 infer_calls=94798 feedback_calls=94798 infer_wait=4131.757s infer_obs_pack=4.503s env_step=2784.991s feedback_total=19.427s feedback_obs_pack=6.326s feedback_info_pack=0.327s effective_fps=54.63
2026-09-27 14:26:46.513 | INFO     | plugrl_env_client.runner.rollout:log_timing_summary:98 - Intermediate rollout timing summary: env_steps=379192 infer_calls=94798 feedback_calls=94798 infer_wait=4135.713s infer_obs_pack=4.414s env_step=2781.192s feedback_total=19.588s feedback_obs_pack=6.451s feedback_info_pack=0.328s effective_fps=54.63
2026-09-27 14:26:46.536 | INFO     | plugrl_env_client.runner.rollout:log_timing_summary:98 - Intermediate rollout timing summary: env_steps=379193 infer_calls=94799 feedback_calls=94798 infer_wait=4127.976s infer_obs_pack=4.526s env_step=2788.973s feedback_total=19.629s feedback_obs_pack=6.448s feedback_info_pack=0.341s effective_fps=54.63
2026-09-27 14:27:16.514 | INFO     | plugrl_env_client.runner.rollout:log_timing_summary:98 - Intermediate rollout timing summary: env_steps=381853 infer_calls=95464 feedback_calls=95463 infer_wait=4141.676s infer_obs_pack=4.535s env_step=2804.794s feedback_total=19.562s feedback_obs_pack=6.371s feedback_info_pack=0.329s effective_fps=54.78
2026-09-27 14:27:16.514 | INFO     | plugrl_env_client.runner.rollout:log_timing_summary:98 - Intermediate rollout timing summary: env_steps=381853 infer_calls=95464 feedback_calls=95463 infer_wait=4145.532s infer_obs_pack=4.445s env_step=2801.100s feedback_total=19.719s feedback_obs_pack=6.496s feedback_info_pack=0.330s effective_fps=54.78
2026-09-27 14:27:16.536 | INFO     | plugrl_env_client.runner.rollout:log_timing_summary:98 - Intermediate rollout timing summary: env_steps=381855 infer_calls=95464 feedback_calls=95463 infer_wait=4137.087s infer_obs_pack=4.558s env_step=2809.582s feedback_total=19.767s feedback_obs_pack=6.494s feedback_info_pack=0.343s effective_fps=54.78
2026-09-27 14:29:48.241 | INFO     | plugrl_env_client.runner.rollout:log_timing_summary:98 - Intermediate rollout timing summary: env_steps=384001 infer_calls=96001 feedback_calls=96000 infer_wait=4277.041s infer_obs_pack=4.562s env_step=2820.932s feedback_total=19.671s feedback_obs_pack=6.407s feedback_info_pack=0.331s effective_fps=53.92
2026-09-27 14:29:48.242 | INFO     | plugrl_env_client.runner.rollout:log_timing_summary:98 - Intermediate rollout timing summary: env_steps=384001 infer_calls=96001 feedback_calls=96000 infer_wait=4281.032s infer_obs_pack=4.471s env_step=2817.108s feedback_total=19.823s feedback_obs_pack=6.532s feedback_info_pack=0.332s effective_fps=53.91
2026-09-27 14:29:48.244 | INFO     | plugrl_env_client.runner.rollout:log_timing_summary:98 - Intermediate rollout timing summary: env_steps=384001 infer_calls=96001 feedback_calls=96000 infer_wait=4272.586s infer_obs_pack=4.584s env_step=2825.569s feedback_total=19.874s feedback_obs_pack=6.531s feedback_info_pack=0.345s effective_fps=53.91
2026-09-27 14:30:18.244 | INFO     | plugrl_env_client.runner.rollout:log_timing_summary:98 - Intermediate rollout timing summary: env_steps=386681 infer_calls=96671 feedback_calls=96670 infer_wait=4286.708s infer_obs_pack=4.594s env_step=2840.996s feedback_total=19.802s feedback_obs_pack=6.450s feedback_info_pack=0.333s effective_fps=54.07
2026-09-27 14:30:18.244 | INFO     | plugrl_env_client.runner.rollout:log_timing_summary:98 - Intermediate rollout timing summary: env_steps=386682 infer_calls=96671 feedback_calls=96670 infer_wait=4281.547s infer_obs_pack=4.618s env_step=2846.333s feedback_total=20.010s feedback_obs_pack=6.576s feedback_info_pack=0.347s effective_fps=54.06
2026-09-27 14:30:18.247 | INFO     | plugrl_env_client.runner.rollout:log_timing_summary:98 - Intermediate rollout timing summary: env_steps=386682 infer_calls=96671 feedback_calls=96670 infer_wait=4290.208s infer_obs_pack=4.502s env_step=2837.659s feedback_total=19.961s feedback_obs_pack=6.578s feedback_info_pack=0.334s effective_fps=54.06
2026-09-27 14:30:48.245 | INFO     | plugrl_env_client.runner.rollout:log_timing_summary:98 - Intermediate rollout timing summary: env_steps=389404 infer_calls=97351 feedback_calls=97351 infer_wait=4295.892s infer_obs_pack=4.627s env_step=2861.529s feedback_total=19.937s feedback_obs_pack=6.496s feedback_info_pack=0.338s effective_fps=54.22
2026-09-27 14:30:48.260 | INFO     | plugrl_env_client.runner.rollout:log_timing_summary:98 - Intermediate rollout timing summary: env_steps=389405 infer_calls=97352 feedback_calls=97351 infer_wait=4290.647s infer_obs_pack=4.651s env_step=2866.962s feedback_total=20.154s feedback_obs_pack=6.626s feedback_info_pack=0.351s effective_fps=54.22
2026-09-27 14:30:48.261 | INFO     | plugrl_env_client.runner.rollout:log_timing_summary:98 - Intermediate rollout timing summary: env_steps=389405 infer_calls=97352 feedback_calls=97351 infer_wait=4299.279s infer_obs_pack=4.539s env_step=2858.314s feedback_total=20.098s feedback_obs_pack=6.625s feedback_info_pack=0.336s effective_fps=54.22
2026-09-27 14:31:18.255 | INFO     | plugrl_env_client.runner.rollout:log_timing_summary:98 - Intermediate rollout timing summary: env_steps=392189 infer_calls=98048 feedback_calls=98047 infer_wait=4304.726s infer_obs_pack=4.661s env_step=2882.418s feedback_total=20.077s feedback_obs_pack=6.542s feedback_info_pack=0.341s effective_fps=54.38
2026-09-27 14:31:18.261 | INFO     | plugrl_env_client.runner.rollout:log_timing_summary:98 - Intermediate rollout timing summary: env_steps=392190 infer_calls=98048 feedback_calls=98047 infer_wait=4299.513s infer_obs_pack=4.684s env_step=2887.808s feedback_total=20.296s feedback_obs_pack=6.672s feedback_info_pack=0.354s effective_fps=54.38
2026-09-27 14:31:18.261 | INFO     | plugrl_env_client.runner.rollout:log_timing_summary:98 - Intermediate rollout timing summary: env_steps=392190 infer_calls=98048 feedback_calls=98047 infer_wait=4308.341s infer_obs_pack=4.570s env_step=2878.969s feedback_total=20.237s feedback_obs_pack=6.671s feedback_info_pack=0.339s effective_fps=54.38
2026-09-27 14:31:48.261 | INFO     | plugrl_env_client.runner.rollout:log_timing_summary:98 - Intermediate rollout timing summary: env_steps=395090 infer_calls=98773 feedback_calls=98772 infer_wait=4313.528s infer_obs_pack=4.693s env_step=2903.322s feedback_total=20.226s feedback_obs_pack=6.589s feedback_info_pack=0.343s effective_fps=54.56
2026-09-27 14:31:48.263 | INFO     | plugrl_env_client.runner.rollout:log_timing_summary:98 - Intermediate rollout timing summary: env_steps=395092 infer_calls=98773 feedback_calls=98773 infer_wait=4308.223s infer_obs_pack=4.717s env_step=2908.800s feedback_total=20.449s feedback_obs_pack=6.720s feedback_info_pack=0.356s effective_fps=54.55
2026-09-27 14:31:48.268 | INFO     | plugrl_env_client.runner.rollout:log_timing_summary:98 - Intermediate rollout timing summary: env_steps=395092 infer_calls=98773 feedback_calls=98773 infer_wait=4316.821s infer_obs_pack=4.603s env_step=2900.191s feedback_total=20.390s feedback_obs_pack=6.719s feedback_info_pack=0.341s effective_fps=54.56
2026-09-27 14:32:18.267 | INFO     | plugrl_env_client.runner.rollout:log_timing_summary:98 - Intermediate rollout timing summary: env_steps=397932 infer_calls=99483 feedback_calls=99483 infer_wait=4322.095s infer_obs_pack=4.727s env_step=2924.463s feedback_total=20.374s feedback_obs_pack=6.635s feedback_info_pack=0.345s effective_fps=54.72
2026-09-27 14:32:18.271 | INFO     | plugrl_env_client.runner.rollout:log_timing_summary:98 - Intermediate rollout timing summary: env_steps=397932 infer_calls=99483 feedback_calls=99483 infer_wait=4317.080s infer_obs_pack=4.749s env_step=2929.654s feedback_total=20.600s feedback_obs_pack=6.769s feedback_info_pack=0.359s effective_fps=54.72
2026-09-27 14:32:18.271 | INFO     | plugrl_env_client.runner.rollout:log_timing_summary:98 - Intermediate rollout timing summary: env_steps=397932 infer_calls=99483 feedback_calls=99483 infer_wait=4325.878s infer_obs_pack=4.634s env_step=2920.838s feedback_total=20.540s feedback_obs_pack=6.768s feedback_info_pack=0.344s effective_fps=54.72
2026-09-27 14:34:47.554 | INFO     | plugrl_env_client.runner.rollout:log_timing_summary:98 - Intermediate rollout timing summary: env_steps=400001 infer_calls=100001 feedback_calls=100000 infer_wait=4455.810s infer_obs_pack=4.751s env_step=2939.820s feedback_total=20.480s feedback_obs_pack=6.668s feedback_info_pack=0.347s effective_fps=53.90
2026-09-27 14:34:47.558 | INFO     | plugrl_env_client.runner.rollout:log_timing_summary:98 - Intermediate rollout timing summary: env_steps=400001 infer_calls=100001 feedback_calls=100000 infer_wait=4459.515s infer_obs_pack=4.658s env_step=2936.263s feedback_total=20.655s feedback_obs_pack=6.804s feedback_info_pack=0.346s effective_fps=53.90
2026-09-27 14:34:47.559 | INFO     | plugrl_env_client.runner.rollout:log_timing_summary:98 - Intermediate rollout timing summary: env_steps=400001 infer_calls=100001 feedback_calls=100000 infer_wait=4451.260s infer_obs_pack=4.774s env_step=2944.539s feedback_total=20.710s feedback_obs_pack=6.806s feedback_info_pack=0.361s effective_fps=53.90
2026-09-27 14:35:17.561 | INFO     | plugrl_env_client.runner.rollout:log_timing_summary:98 - Intermediate rollout timing summary: env_steps=402925 infer_calls=100732 feedback_calls=100731 infer_wait=4464.714s infer_obs_pack=4.785s env_step=2960.606s feedback_total=20.638s feedback_obs_pack=6.716s feedback_info_pack=0.350s effective_fps=54.08
2026-09-27 14:35:17.563 | INFO     | plugrl_env_client.runner.rollout:log_timing_summary:98 - Intermediate rollout timing summary: env_steps=402926 infer_calls=100732 feedback_calls=100731 infer_wait=4467.677s infer_obs_pack=4.695s env_step=2957.786s feedback_total=20.817s feedback_obs_pack=6.854s feedback_info_pack=0.348s effective_fps=54.08
2026-09-27 14:35:17.564 | INFO     | plugrl_env_client.runner.rollout:log_timing_summary:98 - Intermediate rollout timing summary: env_steps=402926 infer_calls=100732 feedback_calls=100731 infer_wait=4460.076s infer_obs_pack=4.810s env_step=2965.411s feedback_total=20.870s feedback_obs_pack=6.855s feedback_info_pack=0.364s effective_fps=54.08
2026-09-27 14:35:47.566 | INFO     | plugrl_env_client.runner.rollout:log_timing_summary:98 - Intermediate rollout timing summary: env_steps=405753 infer_calls=101439 feedback_calls=101438 infer_wait=4468.902s infer_obs_pack=4.843s env_step=2986.297s feedback_total=21.017s feedback_obs_pack=6.904s feedback_info_pack=0.366s effective_fps=54.24
2026-09-27 14:35:47.566 | INFO     | plugrl_env_client.runner.rollout:log_timing_summary:98 - Intermediate rollout timing summary: env_steps=405753 infer_calls=101439 feedback_calls=101438 infer_wait=4476.476s infer_obs_pack=4.728s env_step=2978.697s feedback_total=20.959s feedback_obs_pack=6.901s feedback_info_pack=0.350s effective_fps=54.24
2026-09-27 14:35:47.568 | INFO     | plugrl_env_client.runner.rollout:log_timing_summary:98 - Intermediate rollout timing summary: env_steps=405753 infer_calls=101439 feedback_calls=101438 infer_wait=4473.144s infer_obs_pack=4.819s env_step=2981.892s feedback_total=20.780s feedback_obs_pack=6.761s feedback_info_pack=0.352s effective_fps=54.24
2026-09-27 14:36:17.578 | INFO     | plugrl_env_client.runner.rollout:log_timing_summary:98 - Intermediate rollout timing summary: env_steps=408573 infer_calls=102144 feedback_calls=102143 infer_wait=4485.597s infer_obs_pack=4.760s env_step=2999.291s feedback_total=21.108s feedback_obs_pack=6.948s feedback_info_pack=0.353s effective_fps=54.40
2026-09-27 14:36:17.580 | INFO     | plugrl_env_client.runner.rollout:log_timing_summary:98 - Intermediate rollout timing summary: env_steps=408573 infer_calls=102144 feedback_calls=102143 infer_wait=4477.658s infer_obs_pack=4.876s env_step=3007.261s feedback_total=21.165s feedback_obs_pack=6.950s feedback_info_pack=0.369s effective_fps=54.40
2026-09-27 14:36:17.583 | INFO     | plugrl_env_client.runner.rollout:log_timing_summary:98 - Intermediate rollout timing summary: env_steps=408573 infer_calls=102144 feedback_calls=102143 infer_wait=4481.739s infer_obs_pack=4.853s env_step=3003.007s feedback_total=20.927s feedback_obs_pack=6.810s feedback_info_pack=0.354s effective_fps=54.40
2026-09-27 14:36:47.581 | INFO     | plugrl_env_client.runner.rollout:log_timing_summary:98 - Intermediate rollout timing summary: env_steps=411455 infer_calls=102864 feedback_calls=102863 infer_wait=4494.681s infer_obs_pack=4.791s env_step=3019.910s feedback_total=21.264s feedback_obs_pack=6.995s feedback_info_pack=0.355s effective_fps=54.56
2026-09-27 14:36:47.584 | INFO     | plugrl_env_client.runner.rollout:log_timing_summary:98 - Intermediate rollout timing summary: env_steps=411456 infer_calls=102864 feedback_calls=102864 infer_wait=4490.464s infer_obs_pack=4.885s env_step=3023.985s feedback_total=21.077s feedback_obs_pack=6.857s feedback_info_pack=0.357s effective_fps=54.57
2026-09-27 14:36:47.591 | INFO     | plugrl_env_client.runner.rollout:log_timing_summary:98 - Intermediate rollout timing summary: env_steps=411456 infer_calls=102864 feedback_calls=102864 infer_wait=4486.359s infer_obs_pack=4.908s env_step=3028.277s feedback_total=21.313s feedback_obs_pack=6.998s feedback_info_pack=0.372s effective_fps=54.56
2026-09-27 14:37:17.593 | INFO     | plugrl_env_client.runner.rollout:log_timing_summary:98 - Intermediate rollout timing summary: env_steps=414321 infer_calls=103581 feedback_calls=103580 infer_wait=4503.787s infer_obs_pack=4.827s env_step=3040.513s feedback_total=21.414s feedback_obs_pack=7.042s feedback_info_pack=0.358s effective_fps=54.73
2026-09-27 14:37:17.593 | INFO     | plugrl_env_client.runner.rollout:log_timing_summary:98 - Intermediate rollout timing summary: env_steps=414321 infer_calls=103581 feedback_calls=103580 infer_wait=4495.000s infer_obs_pack=4.942s env_step=3049.342s feedback_total=21.463s feedback_obs_pack=7.046s feedback_info_pack=0.374s effective_fps=54.73
2026-09-27 14:37:17.594 | INFO     | plugrl_env_client.runner.rollout:log_timing_summary:98 - Intermediate rollout timing summary: env_steps=414321 infer_calls=103581 feedback_calls=103580 infer_wait=4499.648s infer_obs_pack=4.917s env_step=3044.511s feedback_total=21.224s feedback_obs_pack=6.904s feedback_info_pack=0.359s effective_fps=54.73
2026-09-27 14:39:43.144 | INFO     | plugrl_env_client.runner.rollout:log_timing_summary:98 - Intermediate rollout timing summary: env_steps=416001 infer_calls=104001 feedback_calls=104000 infer_wait=4636.712s infer_obs_pack=4.848s env_step=3052.954s feedback_total=21.501s feedback_obs_pack=7.070s feedback_info_pack=0.359s effective_fps=53.91
2026-09-27 14:39:43.144 | INFO     | plugrl_env_client.runner.rollout:log_timing_summary:98 - Intermediate rollout timing summary: env_steps=416001 infer_calls=104001 feedback_calls=104000 infer_wait=4628.210s infer_obs_pack=4.962s env_step=3061.505s feedback_total=21.551s feedback_obs_pack=7.073s feedback_info_pack=0.376s effective_fps=53.91
2026-09-27 14:39:43.148 | INFO     | plugrl_env_client.runner.rollout:log_timing_summary:98 - Intermediate rollout timing summary: env_steps=416001 infer_calls=104001 feedback_calls=104000 infer_wait=4632.410s infer_obs_pack=4.937s env_step=3057.122s feedback_total=21.314s feedback_obs_pack=6.931s feedback_info_pack=0.361s effective_fps=53.92
2026-09-27 14:40:13.151 | INFO     | plugrl_env_client.runner.rollout:log_timing_summary:98 - Intermediate rollout timing summary: env_steps=418761 infer_calls=104691 feedback_calls=104690 infer_wait=4646.313s infer_obs_pack=4.880s env_step=3073.075s feedback_total=21.641s feedback_obs_pack=7.117s feedback_info_pack=0.361s effective_fps=54.06
2026-09-27 14:40:13.151 | INFO     | plugrl_env_client.runner.rollout:log_timing_summary:98 - Intermediate rollout timing summary: env_steps=418761 infer_calls=104691 feedback_calls=104690 infer_wait=4637.341s infer_obs_pack=4.995s env_step=3082.094s feedback_total=21.689s feedback_obs_pack=7.120s feedback_info_pack=0.378s effective_fps=54.06
2026-09-27 14:40:13.156 | INFO     | plugrl_env_client.runner.rollout:log_timing_summary:98 - Intermediate rollout timing summary: env_steps=418762 infer_calls=104691 feedback_calls=104690 infer_wait=4641.210s infer_obs_pack=4.970s env_step=3078.048s feedback_total=21.450s feedback_obs_pack=6.977s feedback_info_pack=0.363s effective_fps=54.06
2026-09-27 14:40:43.162 | INFO     | plugrl_env_client.runner.rollout:log_timing_summary:98 - Intermediate rollout timing summary: env_steps=421501 infer_calls=105376 feedback_calls=105375 infer_wait=4650.515s infer_obs_pack=5.002s env_step=3098.468s feedback_total=21.586s feedback_obs_pack=7.026s feedback_info_pack=0.365s effective_fps=54.21
2026-09-27 14:40:43.163 | INFO     | plugrl_env_client.runner.rollout:log_timing_summary:98 - Intermediate rollout timing summary: env_steps=421501 infer_calls=105376 feedback_calls=105375 infer_wait=4646.555s infer_obs_pack=5.028s env_step=3102.611s feedback_total=21.827s feedback_obs_pack=7.166s feedback_info_pack=0.381s effective_fps=54.21
2026-09-27 14:40:43.170 | INFO     | plugrl_env_client.runner.rollout:log_timing_summary:98 - Intermediate rollout timing summary: env_steps=421501 infer_calls=105376 feedback_calls=105375 infer_wait=4655.904s infer_obs_pack=4.912s env_step=3093.214s feedback_total=21.787s feedback_obs_pack=7.168s feedback_info_pack=0.364s effective_fps=54.21
2026-09-27 14:41:13.181 | INFO     | plugrl_env_client.runner.rollout:log_timing_summary:98 - Intermediate rollout timing summary: env_steps=424161 infer_calls=106041 feedback_calls=106040 infer_wait=4659.770s infer_obs_pack=5.036s env_step=3118.953s feedback_total=21.715s feedback_obs_pack=7.070s feedback_info_pack=0.367s effective_fps=54.34
2026-09-27 14:41:13.182 | INFO     | plugrl_env_client.runner.rollout:log_timing_summary:98 - Intermediate rollout timing summary: env_steps=424161 infer_calls=106041 feedback_calls=106040 infer_wait=4656.074s infer_obs_pack=5.060s env_step=3122.832s feedback_total=21.961s feedback_obs_pack=7.212s feedback_info_pack=0.383s effective_fps=54.34
2026-09-27 14:41:13.183 | INFO     | plugrl_env_client.runner.rollout:log_timing_summary:98 - Intermediate rollout timing summary: env_steps=424161 infer_calls=106041 feedback_calls=106040 infer_wait=4664.708s infer_obs_pack=4.943s env_step=3114.155s feedback_total=21.916s feedback_obs_pack=7.214s feedback_info_pack=0.366s effective_fps=54.34
2026-09-27 14:41:43.185 | INFO     | plugrl_env_client.runner.rollout:log_timing_summary:98 - Intermediate rollout timing summary: env_steps=426886 infer_calls=106722 feedback_calls=106721 infer_wait=4674.264s infer_obs_pack=4.974s env_step=3134.324s feedback_total=22.049s feedback_obs_pack=7.259s feedback_info_pack=0.368s effective_fps=54.48
2026-09-27 14:41:43.186 | INFO     | plugrl_env_client.runner.rollout:log_timing_summary:98 - Intermediate rollout timing summary: env_steps=426886 infer_calls=106722 feedback_calls=106721 infer_wait=4668.976s infer_obs_pack=5.070s env_step=3139.473s feedback_total=21.849s feedback_obs_pack=7.117s feedback_info_pack=0.370s effective_fps=54.48
2026-09-27 14:41:43.188 | INFO     | plugrl_env_client.runner.rollout:log_timing_summary:98 - Intermediate rollout timing summary: env_steps=426886 infer_calls=106722 feedback_calls=106721 infer_wait=4665.842s infer_obs_pack=5.092s env_step=3142.795s feedback_total=22.096s feedback_obs_pack=7.258s feedback_info_pack=0.385s effective_fps=54.48
2026-09-27 14:42:13.191 | INFO     | plugrl_env_client.runner.rollout:log_timing_summary:98 - Intermediate rollout timing summary: env_steps=429633 infer_calls=107409 feedback_calls=107408 infer_wait=4678.527s infer_obs_pack=5.102s env_step=3159.649s feedback_total=21.982s feedback_obs_pack=7.161s feedback_info_pack=0.372s effective_fps=54.62
2026-09-27 14:42:13.195 | INFO     | plugrl_env_client.runner.rollout:log_timing_summary:98 - Intermediate rollout timing summary: env_steps=429633 infer_calls=107409 feedback_calls=107408 infer_wait=4674.632s infer_obs_pack=5.126s env_step=3163.728s feedback_total=22.235s feedback_obs_pack=7.305s feedback_info_pack=0.388s effective_fps=54.62
2026-09-27 14:42:13.196 | INFO     | plugrl_env_client.runner.rollout:log_timing_summary:98 - Intermediate rollout timing summary: env_steps=429633 infer_calls=107409 feedback_calls=107408 infer_wait=4683.834s infer_obs_pack=5.006s env_step=3154.484s feedback_total=22.184s feedback_obs_pack=7.306s feedback_info_pack=0.371s effective_fps=54.62
2026-09-27 14:44:46.630 | INFO     | plugrl_env_client.runner.rollout:log_timing_summary:98 - Intermediate rollout timing summary: env_steps=432001 infer_calls=108001 feedback_calls=108000 infer_wait=4813.858s infer_obs_pack=5.131s env_step=3177.515s feedback_total=22.100s feedback_obs_pack=7.201s feedback_info_pack=0.374s effective_fps=53.87
2026-09-27 14:44:46.631 | INFO     | plugrl_env_client.runner.rollout:log_timing_summary:98 - Intermediate rollout timing summary: env_steps=432001 infer_calls=108001 feedback_calls=108000 infer_wait=4818.252s infer_obs_pack=5.035s env_step=3173.257s feedback_total=22.302s feedback_obs_pack=7.347s feedback_info_pack=0.373s effective_fps=53.87
2026-09-27 14:44:46.633 | INFO     | plugrl_env_client.runner.rollout:log_timing_summary:98 - Intermediate rollout timing summary: env_steps=432001 infer_calls=108001 feedback_calls=108000 infer_wait=4810.017s infer_obs_pack=5.157s env_step=3181.531s feedback_total=22.354s feedback_obs_pack=7.345s feedback_info_pack=0.390s effective_fps=53.87
2026-09-27 14:45:16.631 | INFO     | plugrl_env_client.runner.rollout:log_timing_summary:98 - Intermediate rollout timing summary: env_steps=434824 infer_calls=108706 feedback_calls=108706 infer_wait=4827.391s infer_obs_pack=5.070s env_step=3193.823s feedback_total=22.448s feedback_obs_pack=7.397s feedback_info_pack=0.375s effective_fps=54.02
2026-09-27 14:45:16.647 | INFO     | plugrl_env_client.runner.rollout:log_timing_summary:98 - Intermediate rollout timing summary: env_steps=434825 infer_calls=108707 feedback_calls=108706 infer_wait=4823.094s infer_obs_pack=5.164s env_step=3197.992s feedback_total=22.247s feedback_obs_pack=7.247s feedback_info_pack=0.376s effective_fps=54.03
2026-09-27 14:45:16.648 | INFO     | plugrl_env_client.runner.rollout:log_timing_summary:98 - Intermediate rollout timing summary: env_steps=434825 infer_calls=108707 feedback_calls=108706 infer_wait=4819.083s infer_obs_pack=5.194s env_step=3202.180s feedback_total=22.504s feedback_obs_pack=7.392s feedback_info_pack=0.392s effective_fps=54.02
2026-09-27 14:45:46.634 | INFO     | plugrl_env_client.runner.rollout:log_timing_summary:98 - Intermediate rollout timing summary: env_steps=437712 infer_calls=109428 feedback_calls=109428 infer_wait=4835.744s infer_obs_pack=5.104s env_step=3215.165s feedback_total=22.601s feedback_obs_pack=7.446s feedback_info_pack=0.378s effective_fps=54.18
2026-09-27 14:45:46.660 | INFO     | plugrl_env_client.runner.rollout:log_timing_summary:98 - Intermediate rollout timing summary: env_steps=437713 infer_calls=109429 feedback_calls=109428 infer_wait=4832.027s infer_obs_pack=5.199s env_step=3218.770s feedback_total=22.395s feedback_obs_pack=7.294s feedback_info_pack=0.379s effective_fps=54.18
2026-09-27 14:45:46.660 | INFO     | plugrl_env_client.runner.rollout:log_timing_summary:98 - Intermediate rollout timing summary: env_steps=437713 infer_calls=109429 feedback_calls=109428 infer_wait=4828.263s infer_obs_pack=5.228s env_step=3222.703s feedback_total=22.659s feedback_obs_pack=7.441s feedback_info_pack=0.395s effective_fps=54.18
2026-09-27 14:46:16.641 | INFO     | plugrl_env_client.runner.rollout:log_timing_summary:98 - Intermediate rollout timing summary: env_steps=440588 infer_calls=110147 feedback_calls=110147 infer_wait=4844.437s infer_obs_pack=5.136s env_step=3236.188s feedback_total=22.745s feedback_obs_pack=7.493s feedback_info_pack=0.380s effective_fps=54.34
2026-09-27 14:46:16.663 | INFO     | plugrl_env_client.runner.rollout:log_timing_summary:98 - Intermediate rollout timing summary: env_steps=440589 infer_calls=110148 feedback_calls=110147 infer_wait=4837.240s infer_obs_pack=5.260s env_step=3243.431s feedback_total=22.811s feedback_obs_pack=7.488s feedback_info_pack=0.398s effective_fps=54.34
2026-09-27 14:46:16.665 | INFO     | plugrl_env_client.runner.rollout:log_timing_summary:98 - Intermediate rollout timing summary: env_steps=440589 infer_calls=110148 feedback_calls=110147 infer_wait=4840.435s infer_obs_pack=5.232s env_step=3240.039s feedback_total=22.555s feedback_obs_pack=7.341s feedback_info_pack=0.381s effective_fps=54.34
2026-09-27 14:46:46.643 | INFO     | plugrl_env_client.runner.rollout:log_timing_summary:98 - Intermediate rollout timing summary: env_steps=443484 infer_calls=110871 feedback_calls=110871 infer_wait=4853.108s infer_obs_pack=5.168s env_step=3257.219s feedback_total=22.898s feedback_obs_pack=7.541s feedback_info_pack=0.382s effective_fps=54.49
2026-09-27 14:46:46.668 | INFO     | plugrl_env_client.runner.rollout:log_timing_summary:98 - Intermediate rollout timing summary: env_steps=443485 infer_calls=110872 feedback_calls=110871 infer_wait=4846.047s infer_obs_pack=5.293s env_step=3264.327s feedback_total=22.962s feedback_obs_pack=7.536s feedback_info_pack=0.400s effective_fps=54.49
2026-09-27 14:46:46.671 | INFO     | plugrl_env_client.runner.rollout:log_timing_summary:98 - Intermediate rollout timing summary: env_steps=443486 infer_calls=110872 feedback_calls=110871 infer_wait=4849.359s infer_obs_pack=5.265s env_step=3260.818s feedback_total=22.710s feedback_obs_pack=7.389s feedback_info_pack=0.384s effective_fps=54.49
2026-09-27 14:47:16.650 | INFO     | plugrl_env_client.runner.rollout:log_timing_summary:98 - Intermediate rollout timing summary: env_steps=446368 infer_calls=111592 feedback_calls=111592 infer_wait=4861.833s infer_obs_pack=5.201s env_step=3278.204s feedback_total=23.047s feedback_obs_pack=7.588s feedback_info_pack=0.385s effective_fps=54.65
2026-09-27 14:47:16.668 | INFO     | plugrl_env_client.runner.rollout:log_timing_summary:98 - Intermediate rollout timing summary: env_steps=446369 infer_calls=111593 feedback_calls=111592 infer_wait=4855.063s infer_obs_pack=5.326s env_step=3285.008s feedback_total=23.113s feedback_obs_pack=7.584s feedback_info_pack=0.403s effective_fps=54.65
2026-09-27 14:47:16.674 | INFO     | plugrl_env_client.runner.rollout:log_timing_summary:98 - Intermediate rollout timing summary: env_steps=446370 infer_calls=111593 feedback_calls=111592 infer_wait=4858.139s infer_obs_pack=5.301s env_step=3281.739s feedback_total=22.858s feedback_obs_pack=7.437s feedback_info_pack=0.386s effective_fps=54.65
2026-09-27 14:49:43.163 | INFO     | plugrl_env_client.runner.rollout:log_timing_summary:98 - Intermediate rollout timing summary: env_steps=448001 infer_calls=112001 feedback_calls=112000 infer_wait=4989.193s infer_obs_pack=5.345s env_step=3297.197s feedback_total=23.202s feedback_obs_pack=7.612s feedback_info_pack=0.404s effective_fps=53.88
2026-09-27 14:49:43.165 | INFO     | plugrl_env_client.runner.rollout:log_timing_summary:98 - Intermediate rollout timing summary: env_steps=448001 infer_calls=112001 feedback_calls=112000 infer_wait=4992.776s infer_obs_pack=5.320s env_step=3293.420s feedback_total=22.943s feedback_obs_pack=7.463s feedback_info_pack=0.387s effective_fps=53.88
2026-09-27 14:49:43.166 | INFO     | plugrl_env_client.runner.rollout:log_timing_summary:98 - Intermediate rollout timing summary: env_steps=448001 infer_calls=112001 feedback_calls=112000 infer_wait=4996.360s infer_obs_pack=5.220s env_step=3290.011s feedback_total=23.137s feedback_obs_pack=7.618s feedback_info_pack=0.386s effective_fps=53.88
2026-09-27 14:50:13.167 | INFO     | plugrl_env_client.runner.rollout:log_timing_summary:98 - Intermediate rollout timing summary: env_steps=450830 infer_calls=112708 feedback_calls=112707 infer_wait=5004.691s infer_obs_pack=5.253s env_step=3311.373s feedback_total=23.292s feedback_obs_pack=7.665s feedback_info_pack=0.389s effective_fps=54.03
2026-09-27 14:50:13.167 | INFO     | plugrl_env_client.runner.rollout:log_timing_summary:98 - Intermediate rollout timing summary: env_steps=450829 infer_calls=112708 feedback_calls=112707 infer_wait=4998.076s infer_obs_pack=5.379s env_step=3318.015s feedback_total=23.359s feedback_obs_pack=7.662s feedback_info_pack=0.407s effective_fps=54.02
2026-09-27 14:50:13.169 | INFO     | plugrl_env_client.runner.rollout:log_timing_summary:98 - Intermediate rollout timing summary: env_steps=450829 infer_calls=112708 feedback_calls=112707 infer_wait=5001.380s infer_obs_pack=5.353s env_step=3314.517s feedback_total=23.097s feedback_obs_pack=7.510s feedback_info_pack=0.390s effective_fps=54.03
2026-09-27 14:50:43.173 | INFO     | plugrl_env_client.runner.rollout:log_timing_summary:98 - Intermediate rollout timing summary: env_steps=453693 infer_calls=113424 feedback_calls=113423 infer_wait=5006.583s infer_obs_pack=5.411s env_step=3339.217s feedback_total=23.508s feedback_obs_pack=7.711s feedback_info_pack=0.409s effective_fps=54.17
2026-09-27 14:50:43.173 | INFO     | plugrl_env_client.runner.rollout:log_timing_summary:98 - Intermediate rollout timing summary: env_steps=453693 infer_calls=113424 feedback_calls=113423 infer_wait=5010.173s infer_obs_pack=5.386s env_step=3335.432s feedback_total=23.242s feedback_obs_pack=7.557s feedback_info_pack=0.392s effective_fps=54.18
2026-09-27 14:50:43.176 | INFO     | plugrl_env_client.runner.rollout:log_timing_summary:98 - Intermediate rollout timing summary: env_steps=453693 infer_calls=113424 feedback_calls=113423 infer_wait=5013.541s infer_obs_pack=5.286s env_step=3332.230s feedback_total=23.444s feedback_obs_pack=7.713s feedback_info_pack=0.391s effective_fps=54.18
2026-09-27 14:51:13.190 | INFO     | plugrl_env_client.runner.rollout:log_timing_summary:98 - Intermediate rollout timing summary: env_steps=456537 infer_calls=114135 feedback_calls=114134 infer_wait=5022.218s infer_obs_pack=5.321s env_step=3353.257s feedback_total=23.599s feedback_obs_pack=7.763s feedback_info_pack=0.394s effective_fps=54.32
2026-09-27 14:51:13.190 | INFO     | plugrl_env_client.runner.rollout:log_timing_summary:98 - Intermediate rollout timing summary: env_steps=456537 infer_calls=114135 feedback_calls=114134 infer_wait=5018.765s infer_obs_pack=5.419s env_step=3356.555s feedback_total=23.390s feedback_obs_pack=7.603s feedback_info_pack=0.396s effective_fps=54.32
2026-09-27 14:51:13.192 | INFO     | plugrl_env_client.runner.rollout:log_timing_summary:98 - Intermediate rollout timing summary: env_steps=456537 infer_calls=114135 feedback_calls=114134 infer_wait=5015.332s infer_obs_pack=5.444s env_step=3360.185s feedback_total=23.657s feedback_obs_pack=7.759s feedback_info_pack=0.412s effective_fps=54.32
2026-09-27 14:51:43.194 | INFO     | plugrl_env_client.runner.rollout:log_timing_summary:98 - Intermediate rollout timing summary: env_steps=459408 infer_calls=114852 feedback_calls=114852 infer_wait=5023.573s infer_obs_pack=5.477s env_step=3381.644s feedback_total=23.807s feedback_obs_pack=7.810s feedback_info_pack=0.414s effective_fps=54.47
2026-09-27 14:51:43.195 | INFO     | plugrl_env_client.runner.rollout:log_timing_summary:98 - Intermediate rollout timing summary: env_steps=459407 infer_calls=114852 feedback_calls=114851 infer_wait=5027.826s infer_obs_pack=5.452s env_step=3377.196s feedback_total=23.541s feedback_obs_pack=7.649s feedback_info_pack=0.398s effective_fps=54.47
2026-09-27 14:51:43.195 | INFO     | plugrl_env_client.runner.rollout:log_timing_summary:98 - Intermediate rollout timing summary: env_steps=459408 infer_calls=114852 feedback_calls=114852 infer_wait=5030.755s infer_obs_pack=5.353s env_step=3374.425s feedback_total=23.749s feedback_obs_pack=7.813s feedback_info_pack=0.396s effective_fps=54.47
2026-09-27 14:52:13.198 | INFO     | plugrl_env_client.runner.rollout:log_timing_summary:98 - Intermediate rollout timing summary: env_steps=462259 infer_calls=115565 feedback_calls=115564 infer_wait=5040.117s infer_obs_pack=5.386s env_step=3394.768s feedback_total=23.900s feedback_obs_pack=7.861s feedback_info_pack=0.398s effective_fps=54.61
2026-09-27 14:52:13.199 | INFO     | plugrl_env_client.runner.rollout:log_timing_summary:98 - Intermediate rollout timing summary: env_steps=462259 infer_calls=115565 feedback_calls=115564 infer_wait=5036.395s infer_obs_pack=5.485s env_step=3398.330s feedback_total=23.692s feedback_obs_pack=7.696s feedback_info_pack=0.401s effective_fps=54.62
2026-09-27 14:52:13.200 | INFO     | plugrl_env_client.runner.rollout:log_timing_summary:98 - Intermediate rollout timing summary: env_steps=462259 infer_calls=115565 feedback_calls=115564 infer_wait=5032.058s infer_obs_pack=5.512s env_step=3402.871s feedback_total=23.955s feedback_obs_pack=7.857s feedback_info_pack=0.417s effective_fps=54.61
2026-09-27 14:54:36.249 | INFO     | plugrl_env_client.runner.rollout:log_timing_summary:98 - Intermediate rollout timing summary: env_steps=464001 infer_calls=116001 feedback_calls=116000 infer_wait=5166.119s infer_obs_pack=5.506s env_step=3411.473s feedback_total=23.782s feedback_obs_pack=7.725s feedback_info_pack=0.402s effective_fps=53.91
2026-09-27 14:54:36.249 | INFO     | plugrl_env_client.runner.rollout:log_timing_summary:98 - Intermediate rollout timing summary: env_steps=464001 infer_calls=116001 feedback_calls=116000 infer_wait=5170.228s infer_obs_pack=5.405s env_step=3407.526s feedback_total=23.990s feedback_obs_pack=7.889s feedback_info_pack=0.400s effective_fps=53.91
2026-09-27 14:54:36.250 | INFO     | plugrl_env_client.runner.rollout:log_timing_summary:98 - Intermediate rollout timing summary: env_steps=464001 infer_calls=116001 feedback_calls=116000 infer_wait=5162.131s infer_obs_pack=5.532s env_step=3415.669s feedback_total=24.045s feedback_obs_pack=7.885s feedback_info_pack=0.418s effective_fps=53.91
2026-09-27 14:55:06.252 | INFO     | plugrl_env_client.runner.rollout:log_timing_summary:98 - Intermediate rollout timing summary: env_steps=466684 infer_calls=116671 feedback_calls=116671 infer_wait=5175.191s infer_obs_pack=5.538s env_step=3432.124s feedback_total=23.917s feedback_obs_pack=7.773s feedback_info_pack=0.405s effective_fps=54.03
2026-09-27 14:55:06.268 | INFO     | plugrl_env_client.runner.rollout:log_timing_summary:98 - Intermediate rollout timing summary: env_steps=466685 infer_calls=116672 feedback_calls=116671 infer_wait=5179.887s infer_obs_pack=5.438s env_step=3427.608s feedback_total=24.128s feedback_obs_pack=7.937s feedback_info_pack=0.402s effective_fps=54.03
2026-09-27 14:55:06.275 | INFO     | plugrl_env_client.runner.rollout:log_timing_summary:98 - Intermediate rollout timing summary: env_steps=466685 infer_calls=116672 feedback_calls=116671 infer_wait=5171.325s infer_obs_pack=5.564s env_step=3436.224s feedback_total=24.181s feedback_obs_pack=7.933s feedback_info_pack=0.421s effective_fps=54.03
2026-09-27 14:55:36.275 | INFO     | plugrl_env_client.runner.rollout:log_timing_summary:98 - Intermediate rollout timing summary: env_steps=469373 infer_calls=117344 feedback_calls=117343 infer_wait=5184.392s infer_obs_pack=5.571s env_step=3452.664s feedback_total=24.055s feedback_obs_pack=7.819s feedback_info_pack=0.407s effective_fps=54.16
2026-09-27 14:55:36.277 | INFO     | plugrl_env_client.runner.rollout:log_timing_summary:98 - Intermediate rollout timing summary: env_steps=469373 infer_calls=117344 feedback_calls=117343 infer_wait=5180.599s infer_obs_pack=5.596s env_step=3456.678s feedback_total=24.316s feedback_obs_pack=7.981s feedback_info_pack=0.423s effective_fps=54.16
2026-09-27 14:55:36.280 | INFO     | plugrl_env_client.runner.rollout:log_timing_summary:98 - Intermediate rollout timing summary: env_steps=469373 infer_calls=117344 feedback_calls=117343 infer_wait=5189.627s infer_obs_pack=5.472s env_step=3447.602s feedback_total=24.263s feedback_obs_pack=7.983s feedback_info_pack=0.405s effective_fps=54.16
2026-09-27 14:56:06.277 | INFO     | plugrl_env_client.runner.rollout:log_timing_summary:98 - Intermediate rollout timing summary: env_steps=472106 infer_calls=118027 feedback_calls=118026 infer_wait=5193.541s infer_obs_pack=5.605s env_step=3473.236s feedback_total=24.189s feedback_obs_pack=7.864s feedback_info_pack=0.409s effective_fps=54.29
2026-09-27 14:56:06.283 | INFO     | plugrl_env_client.runner.rollout:log_timing_summary:98 - Intermediate rollout timing summary: env_steps=472107 infer_calls=118027 feedback_calls=118026 infer_wait=5199.598s infer_obs_pack=5.503s env_step=3467.354s feedback_total=24.397s feedback_obs_pack=8.028s feedback_info_pack=0.407s effective_fps=54.28
2026-09-27 14:56:06.284 | INFO     | plugrl_env_client.runner.rollout:log_timing_summary:98 - Intermediate rollout timing summary: env_steps=472106 infer_calls=118027 feedback_calls=118026 infer_wait=5190.216s infer_obs_pack=5.629s env_step=3476.779s feedback_total=24.458s feedback_obs_pack=8.032s feedback_info_pack=0.425s effective_fps=54.28
2026-09-27 14:56:36.283 | INFO     | plugrl_env_client.runner.rollout:log_timing_summary:98 - Intermediate rollout timing summary: env_steps=474849 infer_calls=118713 feedback_calls=118712 infer_wait=5202.846s infer_obs_pack=5.640s env_step=3493.643s feedback_total=24.324s feedback_obs_pack=7.909s feedback_info_pack=0.411s effective_fps=54.41
2026-09-27 14:56:36.288 | INFO     | plugrl_env_client.runner.rollout:log_timing_summary:98 - Intermediate rollout timing summary: env_steps=474849 infer_calls=118713 feedback_calls=118712 infer_wait=5208.943s infer_obs_pack=5.535s env_step=3487.732s feedback_total=24.533s feedback_obs_pack=8.074s feedback_info_pack=0.409s effective_fps=54.41
2026-09-27 14:56:36.290 | INFO     | plugrl_env_client.runner.rollout:log_timing_summary:98 - Intermediate rollout timing summary: env_steps=474849 infer_calls=118713 feedback_calls=118712 infer_wait=5199.458s infer_obs_pack=5.661s env_step=3497.255s feedback_total=24.602s feedback_obs_pack=8.085s feedback_info_pack=0.428s effective_fps=54.41
2026-09-27 14:57:06.302 | INFO     | plugrl_env_client.runner.rollout:log_timing_summary:98 - Intermediate rollout timing summary: env_steps=477565 infer_calls=119392 feedback_calls=119391 infer_wait=5219.016s infer_obs_pack=5.567s env_step=3507.390s feedback_total=24.670s feedback_obs_pack=8.120s feedback_info_pack=0.412s effective_fps=54.54
2026-09-27 14:57:06.304 | INFO     | plugrl_env_client.runner.rollout:log_timing_summary:98 - Intermediate rollout timing summary: env_steps=477565 infer_calls=119392 feedback_calls=119391 infer_wait=5208.281s infer_obs_pack=5.694s env_step=3518.159s feedback_total=24.738s feedback_obs_pack=8.132s feedback_info_pack=0.431s effective_fps=54.54
2026-09-27 14:57:06.309 | INFO     | plugrl_env_client.runner.rollout:log_timing_summary:98 - Intermediate rollout timing summary: env_steps=477565 infer_calls=119392 feedback_calls=119391 infer_wait=5212.201s infer_obs_pack=5.672s env_step=3514.042s feedback_total=24.455s feedback_obs_pack=7.954s feedback_info_pack=0.414s effective_fps=54.54
2026-09-27 14:59:40.021 | INFO     | plugrl_env_client.runner.rollout:log_timing_summary:98 - Intermediate rollout timing summary: env_steps=480001 infer_calls=120001 feedback_calls=120000 infer_wait=5354.446s infer_obs_pack=5.595s env_step=3525.426s feedback_total=24.792s feedback_obs_pack=8.164s feedback_info_pack=0.414s effective_fps=53.87
2026-09-27 14:59:40.022 | INFO     | plugrl_env_client.runner.rollout:log_timing_summary:98 - Intermediate rollout timing summary: env_steps=480001 infer_calls=120001 feedback_calls=120000 infer_wait=5347.269s infer_obs_pack=5.702s env_step=3532.431s feedback_total=24.578s feedback_obs_pack=7.994s feedback_info_pack=0.416s effective_fps=53.87
2026-09-27 14:59:40.026 | INFO     | plugrl_env_client.runner.rollout:log_timing_summary:98 - Intermediate rollout timing summary: env_steps=480001 infer_calls=120001 feedback_calls=120000 infer_wait=5343.547s infer_obs_pack=5.730s env_step=3536.356s feedback_total=24.861s feedback_obs_pack=8.174s feedback_info_pack=0.433s effective_fps=53.87
2026-09-27 15:00:10.023 | INFO     | plugrl_env_client.runner.rollout:log_timing_summary:98 - Intermediate rollout timing summary: env_steps=482846 infer_calls=120712 feedback_calls=120711 infer_wait=5356.385s infer_obs_pack=5.735s env_step=3553.019s feedback_total=24.724s feedback_obs_pack=8.040s feedback_info_pack=0.418s effective_fps=54.01
2026-09-27 15:00:10.023 | INFO     | plugrl_env_client.runner.rollout:log_timing_summary:98 - Intermediate rollout timing summary: env_steps=482846 infer_calls=120712 feedback_calls=120711 infer_wait=5363.175s infer_obs_pack=5.628s env_step=3546.400s feedback_total=24.945s feedback_obs_pack=8.211s feedback_info_pack=0.416s effective_fps=54.01
2026-09-27 15:00:10.028 | INFO     | plugrl_env_client.runner.rollout:log_timing_summary:98 - Intermediate rollout timing summary: env_steps=482846 infer_calls=120712 feedback_calls=120711 infer_wait=5352.084s infer_obs_pack=5.762s env_step=3557.527s feedback_total=25.011s feedback_obs_pack=8.222s feedback_info_pack=0.435s effective_fps=54.01
2026-09-27 15:00:40.027 | INFO     | plugrl_env_client.runner.rollout:log_timing_summary:98 - Intermediate rollout timing summary: env_steps=485693 infer_calls=121424 feedback_calls=121423 infer_wait=5365.478s infer_obs_pack=5.767s env_step=3573.639s feedback_total=24.866s feedback_obs_pack=8.087s feedback_info_pack=0.421s effective_fps=54.15
2026-09-27 15:00:40.030 | INFO     | plugrl_env_client.runner.rollout:log_timing_summary:98 - Intermediate rollout timing summary: env_steps=485693 infer_calls=121424 feedback_calls=121423 infer_wait=5372.050s infer_obs_pack=5.660s env_step=3567.233s feedback_total=25.096s feedback_obs_pack=8.258s feedback_info_pack=0.419s effective_fps=54.15
2026-09-27 15:00:40.031 | INFO     | plugrl_env_client.runner.rollout:log_timing_summary:98 - Intermediate rollout timing summary: env_steps=485693 infer_calls=121424 feedback_calls=121423 infer_wait=5360.679s infer_obs_pack=5.795s env_step=3578.632s feedback_total=25.161s feedback_obs_pack=8.270s feedback_info_pack=0.438s effective_fps=54.14
2026-09-27 15:01:10.035 | INFO     | plugrl_env_client.runner.rollout:log_timing_summary:98 - Intermediate rollout timing summary: env_steps=488564 infer_calls=122141 feedback_calls=122141 infer_wait=5369.357s infer_obs_pack=5.827s env_step=3599.656s feedback_total=25.312s feedback_obs_pack=8.317s feedback_info_pack=0.440s effective_fps=54.28
2026-09-27 15:01:10.035 | INFO     | plugrl_env_client.runner.rollout:log_timing_summary:98 - Intermediate rollout timing summary: env_steps=488564 infer_calls=122141 feedback_calls=122141 infer_wait=5374.171s infer_obs_pack=5.800s env_step=3594.652s feedback_total=25.015s feedback_obs_pack=8.134s feedback_info_pack=0.423s effective_fps=54.29
2026-09-27 15:01:10.048 | INFO     | plugrl_env_client.runner.rollout:log_timing_summary:98 - Intermediate rollout timing summary: env_steps=488565 infer_calls=122142 feedback_calls=122141 infer_wait=5380.831s infer_obs_pack=5.696s env_step=3588.164s feedback_total=25.250s feedback_obs_pack=8.309s feedback_info_pack=0.421s effective_fps=54.29
2026-09-27 15:01:40.036 | INFO     | plugrl_env_client.runner.rollout:log_timing_summary:98 - Intermediate rollout timing summary: env_steps=491375 infer_calls=122844 feedback_calls=122843 infer_wait=5377.696s infer_obs_pack=5.859s env_step=3621.023s feedback_total=25.460s feedback_obs_pack=8.364s feedback_info_pack=0.443s effective_fps=54.42
2026-09-27 15:01:40.041 | INFO     | plugrl_env_client.runner.rollout:log_timing_summary:98 - Intermediate rollout timing summary: env_steps=491376 infer_calls=122844 feedback_calls=122844 infer_wait=5383.162s infer_obs_pack=5.832s env_step=3615.368s feedback_total=25.166s feedback_obs_pack=8.179s feedback_info_pack=0.425s effective_fps=54.42
2026-09-27 15:01:40.064 | INFO     | plugrl_env_client.runner.rollout:log_timing_summary:98 - Intermediate rollout timing summary: env_steps=491377 infer_calls=122845 feedback_calls=122844 infer_wait=5389.723s infer_obs_pack=5.728s env_step=3608.993s feedback_total=25.397s feedback_obs_pack=8.356s feedback_info_pack=0.424s effective_fps=54.42
2026-09-27 15:02:10.040 | INFO     | plugrl_env_client.runner.rollout:log_timing_summary:98 - Intermediate rollout timing summary: env_steps=494223 infer_calls=123556 feedback_calls=123555 infer_wait=5387.074s infer_obs_pack=5.891s env_step=3641.360s feedback_total=25.606s feedback_obs_pack=8.410s feedback_info_pack=0.445s effective_fps=54.55
2026-09-27 15:02:10.049 | INFO     | plugrl_env_client.runner.rollout:log_timing_summary:98 - Intermediate rollout timing summary: env_steps=494223 infer_calls=123556 feedback_calls=123555 infer_wait=5391.981s infer_obs_pack=5.865s env_step=3636.258s feedback_total=25.311s feedback_obs_pack=8.225s feedback_info_pack=0.428s effective_fps=54.55
2026-09-27 15:02:10.078 | INFO     | plugrl_env_client.runner.rollout:log_timing_summary:98 - Intermediate rollout timing summary: env_steps=494225 infer_calls=123557 feedback_calls=123556 infer_wait=5397.880s infer_obs_pack=5.761s env_step=3630.545s feedback_total=25.548s feedback_obs_pack=8.404s feedback_info_pack=0.426s effective_fps=54.55
2026-09-27 15:04:36.034 | INFO     | plugrl_env_client.runner.rollout:log_timing_summary:98 - Intermediate rollout timing summary: env_steps=496001 infer_calls=124001 feedback_calls=124000 infer_wait=5524.578s infer_obs_pack=5.885s env_step=3649.459s feedback_total=25.404s feedback_obs_pack=8.254s feedback_info_pack=0.429s effective_fps=53.88
2026-09-27 15:04:36.036 | INFO     | plugrl_env_client.runner.rollout:log_timing_summary:98 - Intermediate rollout timing summary: env_steps=496001 infer_calls=124001 feedback_calls=124000 infer_wait=5519.128s infer_obs_pack=5.911s env_step=3655.113s feedback_total=25.702s feedback_obs_pack=8.440s feedback_info_pack=0.447s effective_fps=53.88
2026-09-27 15:04:36.038 | INFO     | plugrl_env_client.runner.rollout:log_timing_summary:98 - Intermediate rollout timing summary: env_steps=496001 infer_calls=124001 feedback_calls=124000 infer_wait=5531.099s infer_obs_pack=5.780s env_step=3643.100s feedback_total=25.641s feedback_obs_pack=8.433s feedback_info_pack=0.428s effective_fps=53.88
2026-09-27 15:05:06.040 | INFO     | plugrl_env_client.runner.rollout:log_timing_summary:98 - Intermediate rollout timing summary: env_steps=498860 infer_calls=124715 feedback_calls=124715 infer_wait=5539.906s infer_obs_pack=5.812s env_step=3664.001s feedback_total=25.790s feedback_obs_pack=8.481s feedback_info_pack=0.430s effective_fps=54.02
2026-09-27 15:05:06.053 | INFO     | plugrl_env_client.runner.rollout:log_timing_summary:98 - Intermediate rollout timing summary: env_steps=498861 infer_calls=124716 feedback_calls=124715 infer_wait=5527.786s infer_obs_pack=5.944s env_step=3676.179s feedback_total=25.849s feedback_obs_pack=8.488s feedback_info_pack=0.449s effective_fps=54.01
2026-09-27 15:05:06.056 | INFO     | plugrl_env_client.runner.rollout:log_timing_summary:98 - Intermediate rollout timing summary: env_steps=498861 infer_calls=124716 feedback_calls=124715 infer_wait=5533.450s infer_obs_pack=5.918s env_step=3670.303s feedback_total=25.553s feedback_obs_pack=8.300s feedback_info_pack=0.432s effective_fps=54.02
2026-09-27 15:05:36.053 | INFO     | plugrl_env_client.runner.rollout:log_timing_summary:98 - Intermediate rollout timing summary: env_steps=501721 infer_calls=125431 feedback_calls=125430 infer_wait=5536.525s infer_obs_pack=5.977s env_step=3697.145s feedback_total=26.000s feedback_obs_pack=8.538s feedback_info_pack=0.452s effective_fps=54.15
2026-09-27 15:05:36.054 | INFO     | plugrl_env_client.runner.rollout:log_timing_summary:98 - Intermediate rollout timing summary: env_steps=501721 infer_calls=125431 feedback_calls=125430 infer_wait=5548.727s infer_obs_pack=5.844s env_step=3684.900s feedback_total=25.939s feedback_obs_pack=8.528s feedback_info_pack=0.433s effective_fps=54.15
2026-09-27 15:05:36.064 | INFO     | plugrl_env_client.runner.rollout:log_timing_summary:98 - Intermediate rollout timing summary: env_steps=501722 infer_calls=125431 feedback_calls=125430 infer_wait=5541.932s infer_obs_pack=5.954s env_step=3691.524s feedback_total=25.707s feedback_obs_pack=8.351s feedback_info_pack=0.434s effective_fps=54.15
2026-09-27 15:06:06.063 | INFO     | plugrl_env_client.runner.rollout:log_timing_summary:98 - Intermediate rollout timing summary: env_steps=504625 infer_calls=126157 feedback_calls=126156 infer_wait=5557.256s infer_obs_pack=5.876s env_step=3706.080s feedback_total=26.089s feedback_obs_pack=8.578s feedback_info_pack=0.435s effective_fps=54.29
2026-09-27 15:06:06.067 | INFO     | plugrl_env_client.runner.rollout:log_timing_summary:98 - Intermediate rollout timing summary: env_steps=504625 infer_calls=126157 feedback_calls=126156 infer_wait=5545.362s infer_obs_pack=6.010s env_step=3718.020s feedback_total=26.152s feedback_obs_pack=8.588s feedback_info_pack=0.455s effective_fps=54.29
2026-09-27 15:06:06.070 | INFO     | plugrl_env_client.runner.rollout:log_timing_summary:98 - Intermediate rollout timing summary: env_steps=504626 infer_calls=126157 feedback_calls=126156 infer_wait=5550.820s infer_obs_pack=5.988s env_step=3712.333s feedback_total=25.862s feedback_obs_pack=8.398s feedback_info_pack=0.437s effective_fps=54.29
2026-09-27 15:06:36.069 | INFO     | plugrl_env_client.runner.rollout:log_timing_summary:98 - Intermediate rollout timing summary: env_steps=507487 infer_calls=126872 feedback_calls=126871 infer_wait=5565.951s infer_obs_pack=5.909s env_step=3727.099s feedback_total=26.234s feedback_obs_pack=8.625s feedback_info_pack=0.437s effective_fps=54.42
2026-09-27 15:06:36.071 | INFO     | plugrl_env_client.runner.rollout:log_timing_summary:98 - Intermediate rollout timing summary: env_steps=507486 infer_calls=126872 feedback_calls=126871 infer_wait=5559.667s infer_obs_pack=6.021s env_step=3733.191s feedback_total=26.007s feedback_obs_pack=8.445s feedback_info_pack=0.439s effective_fps=54.42
2026-09-27 15:06:36.074 | INFO     | plugrl_env_client.runner.rollout:log_timing_summary:98 - Intermediate rollout timing summary: env_steps=507487 infer_calls=126872 feedback_calls=126871 infer_wait=5554.430s infer_obs_pack=6.043s env_step=3738.657s feedback_total=26.304s feedback_obs_pack=8.638s feedback_info_pack=0.457s effective_fps=54.42
2026-09-27 15:07:06.073 | INFO     | plugrl_env_client.runner.rollout:log_timing_summary:98 - Intermediate rollout timing summary: env_steps=510249 infer_calls=127563 feedback_calls=127562 infer_wait=5568.454s infer_obs_pack=6.053s env_step=3754.119s feedback_total=26.148s feedback_obs_pack=8.490s feedback_info_pack=0.441s effective_fps=54.54
2026-09-27 15:07:06.078 | INFO     | plugrl_env_client.runner.rollout:log_timing_summary:98 - Intermediate rollout timing summary: env_steps=510250 infer_calls=127563 feedback_calls=127562 infer_wait=5563.220s infer_obs_pack=6.075s env_step=3759.585s feedback_total=26.444s feedback_obs_pack=8.684s feedback_info_pack=0.460s effective_fps=54.54
2026-09-27 15:07:06.081 | INFO     | plugrl_env_client.runner.rollout:log_timing_summary:98 - Intermediate rollout timing summary: env_steps=510249 infer_calls=127563 feedback_calls=127562 infer_wait=5575.260s infer_obs_pack=5.941s env_step=3747.512s feedback_total=26.377s feedback_obs_pack=8.674s feedback_info_pack=0.440s effective_fps=54.54
2026-09-27 15:09:31.419 | INFO     | plugrl_env_client.runner.rollout:log_timing_summary:98 - Intermediate rollout timing summary: env_steps=512001 infer_calls=128001 feedback_calls=128000 infer_wait=5695.546s infer_obs_pack=6.098s env_step=3772.420s feedback_total=26.532s feedback_obs_pack=8.714s feedback_info_pack=0.461s effective_fps=53.89
2026-09-27 15:09:31.422 | INFO     | plugrl_env_client.runner.rollout:log_timing_summary:98 - Intermediate rollout timing summary: env_steps=512001 infer_calls=128001 feedback_calls=128000 infer_wait=5700.924s infer_obs_pack=6.073s env_step=3766.815s feedback_total=26.233s feedback_obs_pack=8.519s feedback_info_pack=0.443s effective_fps=53.89
2026-09-27 15:09:31.425 | INFO     | plugrl_env_client.runner.rollout:log_timing_summary:98 - Intermediate rollout timing summary: env_steps=512001 infer_calls=128001 feedback_calls=128000 infer_wait=5707.564s infer_obs_pack=5.962s env_step=3760.366s feedback_total=26.465s feedback_obs_pack=8.703s feedback_info_pack=0.441s effective_fps=53.89
2026-09-27 15:10:01.423 | INFO     | plugrl_env_client.runner.rollout:log_timing_summary:98 - Intermediate rollout timing summary: env_steps=514683 infer_calls=128671 feedback_calls=128670 infer_wait=5710.510s infer_obs_pack=6.105s env_step=3786.953s feedback_total=26.363s feedback_obs_pack=8.562s feedback_info_pack=0.445s effective_fps=54.01
2026-09-27 15:10:01.423 | INFO     | plugrl_env_client.runner.rollout:log_timing_summary:98 - Intermediate rollout timing summary: env_steps=514684 infer_calls=128671 feedback_calls=128671 infer_wait=5704.759s infer_obs_pack=6.131s env_step=3792.942s feedback_total=26.663s feedback_obs_pack=8.759s feedback_info_pack=0.463s effective_fps=54.00
2026-09-27 15:10:01.425 | INFO     | plugrl_env_client.runner.rollout:log_timing_summary:98 - Intermediate rollout timing summary: env_steps=514684 infer_calls=128671 feedback_calls=128671 infer_wait=5716.875s infer_obs_pack=5.994s env_step=3780.776s feedback_total=26.601s feedback_obs_pack=8.749s feedback_info_pack=0.444s effective_fps=54.01
2026-09-27 15:10:31.425 | INFO     | plugrl_env_client.runner.rollout:log_timing_summary:98 - Intermediate rollout timing summary: env_steps=517429 infer_calls=129358 feedback_calls=129357 infer_wait=5720.122s infer_obs_pack=6.137s env_step=3807.060s feedback_total=26.502s feedback_obs_pack=8.609s feedback_info_pack=0.447s effective_fps=54.13
2026-09-27 15:10:31.428 | INFO     | plugrl_env_client.runner.rollout:log_timing_summary:98 - Intermediate rollout timing summary: env_steps=517429 infer_calls=129358 feedback_calls=129357 infer_wait=5726.457s infer_obs_pack=6.027s env_step=3800.919s feedback_total=26.738s feedback_obs_pack=8.796s feedback_info_pack=0.446s effective_fps=54.12
2026-09-27 15:10:31.430 | INFO     | plugrl_env_client.runner.rollout:log_timing_summary:98 - Intermediate rollout timing summary: env_steps=517429 infer_calls=129358 feedback_calls=129357 infer_wait=5713.686s infer_obs_pack=6.164s env_step=3813.742s feedback_total=26.800s feedback_obs_pack=8.805s feedback_info_pack=0.466s effective_fps=54.12
2026-09-27 15:11:01.429 | INFO     | plugrl_env_client.runner.rollout:log_timing_summary:98 - Intermediate rollout timing summary: env_steps=520109 infer_calls=130028 feedback_calls=130027 infer_wait=5729.294s infer_obs_pack=6.170s env_step=3827.611s feedback_total=26.636s feedback_obs_pack=8.655s feedback_info_pack=0.450s effective_fps=54.24
2026-09-27 15:11:01.433 | INFO     | plugrl_env_client.runner.rollout:log_timing_summary:98 - Intermediate rollout timing summary: env_steps=520109 infer_calls=130028 feedback_calls=130027 infer_wait=5735.829s infer_obs_pack=6.058s env_step=3821.277s feedback_total=26.871s feedback_obs_pack=8.841s feedback_info_pack=0.448s effective_fps=54.23
2026-09-27 15:11:01.433 | INFO     | plugrl_env_client.runner.rollout:log_timing_summary:98 - Intermediate rollout timing summary: env_steps=520110 infer_calls=130028 feedback_calls=130027 infer_wait=5723.414s infer_obs_pack=6.198s env_step=3833.734s feedback_total=26.938s feedback_obs_pack=8.850s feedback_info_pack=0.468s effective_fps=54.23
2026-09-27 15:11:31.445 | INFO     | plugrl_env_client.runner.rollout:log_timing_summary:98 - Intermediate rollout timing summary: env_steps=522805 infer_calls=130702 feedback_calls=130701 infer_wait=5732.784s infer_obs_pack=6.231s env_step=3854.100s feedback_total=27.074s feedback_obs_pack=8.896s feedback_info_pack=0.471s effective_fps=54.34
2026-09-27 15:11:31.445 | INFO     | plugrl_env_client.runner.rollout:log_timing_summary:98 - Intermediate rollout timing summary: env_steps=522805 infer_calls=130702 feedback_calls=130701 infer_wait=5744.803s infer_obs_pack=6.090s env_step=3842.035s feedback_total=27.007s feedback_obs_pack=8.889s feedback_info_pack=0.451s effective_fps=54.35
2026-09-27 15:11:31.446 | INFO     | plugrl_env_client.runner.rollout:log_timing_summary:98 - Intermediate rollout timing summary: env_steps=522805 infer_calls=130702 feedback_calls=130701 infer_wait=5738.938s infer_obs_pack=6.202s env_step=3847.706s feedback_total=26.770s feedback_obs_pack=8.701s feedback_info_pack=0.452s effective_fps=54.35
2026-09-27 15:12:01.456 | INFO     | plugrl_env_client.runner.rollout:log_timing_summary:98 - Intermediate rollout timing summary: env_steps=525509 infer_calls=131378 feedback_calls=131377 infer_wait=5747.724s infer_obs_pack=6.239s env_step=3868.655s feedback_total=26.900s feedback_obs_pack=8.745s feedback_info_pack=0.454s effective_fps=54.46
2026-09-27 15:12:01.457 | INFO     | plugrl_env_client.runner.rollout:log_timing_summary:98 - Intermediate rollout timing summary: env_steps=525509 infer_calls=131378 feedback_calls=131377 infer_wait=5742.582s infer_obs_pack=6.262s env_step=3874.040s feedback_total=27.211s feedback_obs_pack=8.940s feedback_info_pack=0.473s effective_fps=54.46
2026-09-27 15:12:01.460 | INFO     | plugrl_env_client.runner.rollout:log_timing_summary:98 - Intermediate rollout timing summary: env_steps=525509 infer_calls=131378 feedback_calls=131377 infer_wait=5753.868s infer_obs_pack=6.123s env_step=3862.701s feedback_total=27.149s feedback_obs_pack=8.936s feedback_info_pack=0.453s effective_fps=54.46
2026-09-27 15:14:31.980 | INFO     | plugrl_env_client.runner.rollout:log_timing_summary:98 - Intermediate rollout timing summary: env_steps=528001 infer_calls=132001 feedback_calls=132000 infer_wait=5885.485s infer_obs_pack=6.151s env_step=3881.350s feedback_total=27.276s feedback_obs_pack=8.980s feedback_info_pack=0.455s effective_fps=53.88
2026-09-27 15:14:31.989 | INFO     | plugrl_env_client.runner.rollout:log_timing_summary:98 - Intermediate rollout timing summary: env_steps=528001 infer_calls=132001 feedback_calls=132000 infer_wait=5874.258s infer_obs_pack=6.291s env_step=3892.638s feedback_total=27.336s feedback_obs_pack=8.982s feedback_info_pack=0.475s effective_fps=53.87
2026-09-27 15:14:31.991 | INFO     | plugrl_env_client.runner.rollout:log_timing_summary:98 - Intermediate rollout timing summary: env_steps=528001 infer_calls=132001 feedback_calls=132000 infer_wait=5879.345s infer_obs_pack=6.270s env_step=3887.296s feedback_total=27.029s feedback_obs_pack=8.786s feedback_info_pack=0.456s effective_fps=53.88
2026-09-27 15:15:01.983 | INFO     | plugrl_env_client.runner.rollout:log_timing_summary:98 - Intermediate rollout timing summary: env_steps=530902 infer_calls=132726 feedback_calls=132725 infer_wait=5894.320s infer_obs_pack=6.183s env_step=3902.207s feedback_total=27.434s feedback_obs_pack=9.028s feedback_info_pack=0.458s effective_fps=54.01
2026-09-27 15:15:01.993 | INFO     | plugrl_env_client.runner.rollout:log_timing_summary:98 - Intermediate rollout timing summary: env_steps=530903 infer_calls=132726 feedback_calls=132725 infer_wait=5888.210s infer_obs_pack=6.303s env_step=3908.117s feedback_total=27.193s feedback_obs_pack=8.834s feedback_info_pack=0.459s effective_fps=54.01
2026-09-27 15:15:01.995 | INFO     | plugrl_env_client.runner.rollout:log_timing_summary:98 - Intermediate rollout timing summary: env_steps=530903 infer_calls=132726 feedback_calls=132725 infer_wait=5882.749s infer_obs_pack=6.324s env_step=3913.853s feedback_total=27.487s feedback_obs_pack=9.029s feedback_info_pack=0.478s effective_fps=54.01
2026-09-27 15:15:31.984 | INFO     | plugrl_env_client.runner.rollout:log_timing_summary:98 - Intermediate rollout timing summary: env_steps=533767 infer_calls=133442 feedback_calls=133441 infer_wait=5903.127s infer_obs_pack=6.215s env_step=3923.097s feedback_total=27.590s feedback_obs_pack=9.079s feedback_info_pack=0.460s effective_fps=54.13
2026-09-27 15:15:31.996 | INFO     | plugrl_env_client.runner.rollout:log_timing_summary:98 - Intermediate rollout timing summary: env_steps=533768 infer_calls=133442 feedback_calls=133442 infer_wait=5896.970s infer_obs_pack=6.337s env_step=3929.056s feedback_total=27.343s feedback_obs_pack=8.881s feedback_info_pack=0.461s effective_fps=54.14
2026-09-27 15:15:32.021 | INFO     | plugrl_env_client.runner.rollout:log_timing_summary:98 - Intermediate rollout timing summary: env_steps=533769 infer_calls=133443 feedback_calls=133442 infer_wait=5891.486s infer_obs_pack=6.356s env_step=3934.843s feedback_total=27.638s feedback_obs_pack=9.077s feedback_info_pack=0.480s effective_fps=54.13
2026-09-27 15:16:01.985 | INFO     | plugrl_env_client.runner.rollout:log_timing_summary:98 - Intermediate rollout timing summary: env_steps=536638 infer_calls=134160 feedback_calls=134159 infer_wait=5911.696s infer_obs_pack=6.248s env_step=3944.230s feedback_total=27.740s feedback_obs_pack=9.126s feedback_info_pack=0.462s effective_fps=54.26
2026-09-27 15:16:01.997 | INFO     | plugrl_env_client.runner.rollout:log_timing_summary:98 - Intermediate rollout timing summary: env_steps=536639 infer_calls=134160 feedback_calls=134159 infer_wait=5905.980s infer_obs_pack=6.370s env_step=3949.746s feedback_total=27.497s feedback_obs_pack=8.930s feedback_info_pack=0.464s effective_fps=54.26
2026-09-27 15:16:02.027 | INFO     | plugrl_env_client.runner.rollout:log_timing_summary:98 - Intermediate rollout timing summary: env_steps=536642 infer_calls=134161 feedback_calls=134160 infer_wait=5900.496s infer_obs_pack=6.389s env_step=3955.538s feedback_total=27.793s feedback_obs_pack=9.124s feedback_info_pack=0.483s effective_fps=54.26
2026-09-27 15:16:31.998 | INFO     | plugrl_env_client.runner.rollout:log_timing_summary:98 - Intermediate rollout timing summary: env_steps=539457 infer_calls=134865 feedback_calls=134864 infer_wait=5920.543s infer_obs_pack=6.280s env_step=3965.094s feedback_total=27.893s feedback_obs_pack=9.173s feedback_info_pack=0.465s effective_fps=54.38
2026-09-27 15:16:32.000 | INFO     | plugrl_env_client.runner.rollout:log_timing_summary:98 - Intermediate rollout timing summary: env_steps=539457 infer_calls=134865 feedback_calls=134864 infer_wait=5915.012s infer_obs_pack=6.403s env_step=3970.409s feedback_total=27.647s feedback_obs_pack=8.978s feedback_info_pack=0.466s effective_fps=54.38
2026-09-27 15:16:32.027 | INFO     | plugrl_env_client.runner.rollout:log_timing_summary:98 - Intermediate rollout timing summary: env_steps=539460 infer_calls=134865 feedback_calls=134865 infer_wait=5908.806s infer_obs_pack=6.423s env_step=3976.928s feedback_total=27.946s feedback_obs_pack=9.174s feedback_info_pack=0.485s effective_fps=54.38
2026-09-27 15:17:02.000 | INFO     | plugrl_env_client.runner.rollout:log_timing_summary:98 - Intermediate rollout timing summary: env_steps=542326 infer_calls=135582 feedback_calls=135581 infer_wait=5929.828s infer_obs_pack=6.313s env_step=3985.517s feedback_total=28.041s feedback_obs_pack=9.223s feedback_info_pack=0.467s effective_fps=54.51
2026-09-27 15:17:02.007 | INFO     | plugrl_env_client.runner.rollout:log_timing_summary:98 - Intermediate rollout timing summary: env_steps=542326 infer_calls=135582 feedback_calls=135581 infer_wait=5923.765s infer_obs_pack=6.435s env_step=3991.369s feedback_total=27.792s feedback_obs_pack=9.025s feedback_info_pack=0.468s effective_fps=54.51
2026-09-27 15:17:02.050 | INFO     | plugrl_env_client.runner.rollout:log_timing_summary:98 - Intermediate rollout timing summary: env_steps=542329 infer_calls=135583 feedback_calls=135582 infer_wait=5917.014s infer_obs_pack=6.458s env_step=3998.435s feedback_total=28.100s feedback_obs_pack=9.224s feedback_info_pack=0.488s effective_fps=54.51
2026-09-27 15:19:26.600 | INFO     | plugrl_env_client.runner.rollout:log_timing_summary:98 - Intermediate rollout timing summary: env_steps=544001 infer_calls=136001 feedback_calls=136000 infer_wait=6055.755s infer_obs_pack=6.458s env_step=4003.783s feedback_total=27.884s feedback_obs_pack=9.052s feedback_info_pack=0.470s effective_fps=53.89
2026-09-27 15:19:26.602 | INFO     | plugrl_env_client.runner.rollout:log_timing_summary:98 - Intermediate rollout timing summary: env_steps=544001 infer_calls=136001 feedback_calls=136000 infer_wait=6048.897s infer_obs_pack=6.477s env_step=4010.926s feedback_total=28.192s feedback_obs_pack=9.251s feedback_info_pack=0.489s effective_fps=53.89
2026-09-27 15:19:26.605 | INFO     | plugrl_env_client.runner.rollout:log_timing_summary:98 - Intermediate rollout timing summary: env_steps=544001 infer_calls=136001 feedback_calls=136000 infer_wait=6061.417s infer_obs_pack=6.331s env_step=3998.356s feedback_total=28.130s feedback_obs_pack=9.251s feedback_info_pack=0.469s effective_fps=53.89
2026-09-27 15:19:56.601 | INFO     | plugrl_env_client.runner.rollout:log_timing_summary:98 - Intermediate rollout timing summary: env_steps=546925 infer_calls=136732 feedback_calls=136731 infer_wait=6064.689s infer_obs_pack=6.491s env_step=4024.543s feedback_total=28.036s feedback_obs_pack=9.103s feedback_info_pack=0.472s effective_fps=54.02
2026-09-27 15:19:56.609 | INFO     | plugrl_env_client.runner.rollout:log_timing_summary:98 - Intermediate rollout timing summary: env_steps=546926 infer_calls=136732 feedback_calls=136731 infer_wait=6057.150s infer_obs_pack=6.510s env_step=4032.372s feedback_total=28.354s feedback_obs_pack=9.307s feedback_info_pack=0.492s effective_fps=54.02
2026-09-27 15:19:56.609 | INFO     | plugrl_env_client.runner.rollout:log_timing_summary:98 - Intermediate rollout timing summary: env_steps=546926 infer_calls=136732 feedback_calls=136731 infer_wait=6070.418s infer_obs_pack=6.364s env_step=4019.049s feedback_total=28.290s feedback_obs_pack=9.299s feedback_info_pack=0.471s effective_fps=54.02
2026-09-27 15:20:26.612 | INFO     | plugrl_env_client.runner.rollout:log_timing_summary:98 - Intermediate rollout timing summary: env_steps=549761 infer_calls=137441 feedback_calls=137440 infer_wait=6073.442s infer_obs_pack=6.524s env_step=4045.498s feedback_total=28.191s feedback_obs_pack=9.153s feedback_info_pack=0.475s effective_fps=54.14
2026-09-27 15:20:26.614 | INFO     | plugrl_env_client.runner.rollout:log_timing_summary:98 - Intermediate rollout timing summary: env_steps=549762 infer_calls=137441 feedback_calls=137440 infer_wait=6079.345s infer_obs_pack=6.398s env_step=4039.829s feedback_total=28.439s feedback_obs_pack=9.348s feedback_info_pack=0.474s effective_fps=54.14
2026-09-27 15:20:26.616 | INFO     | plugrl_env_client.runner.rollout:log_timing_summary:98 - Intermediate rollout timing summary: env_steps=549762 infer_calls=137441 feedback_calls=137440 infer_wait=6065.867s infer_obs_pack=6.542s env_step=4053.361s feedback_total=28.504s feedback_obs_pack=9.354s feedback_info_pack=0.494s effective_fps=54.14
2026-09-27 15:20:56.617 | INFO     | plugrl_env_client.runner.rollout:log_timing_summary:98 - Intermediate rollout timing summary: env_steps=552542 infer_calls=138136 feedback_calls=138135 infer_wait=6082.142s infer_obs_pack=6.558s env_step=4066.513s feedback_total=28.330s feedback_obs_pack=9.198s feedback_info_pack=0.477s effective_fps=54.26
2026-09-27 15:20:56.619 | INFO     | plugrl_env_client.runner.rollout:log_timing_summary:98 - Intermediate rollout timing summary: env_steps=552542 infer_calls=138136 feedback_calls=138135 infer_wait=6074.566s infer_obs_pack=6.575s env_step=4074.386s feedback_total=28.641s feedback_obs_pack=9.401s feedback_info_pack=0.497s effective_fps=54.26
2026-09-27 15:20:56.623 | INFO     | plugrl_env_client.runner.rollout:log_timing_summary:98 - Intermediate rollout timing summary: env_steps=552542 infer_calls=138136 feedback_calls=138135 infer_wait=6088.623s infer_obs_pack=6.430s env_step=4060.269s feedback_total=28.587s feedback_obs_pack=9.394s feedback_info_pack=0.476s effective_fps=54.26
2026-09-27 15:21:26.620 | INFO     | plugrl_env_client.runner.rollout:log_timing_summary:98 - Intermediate rollout timing summary: env_steps=555427 infer_calls=138857 feedback_calls=138856 infer_wait=6091.175s infer_obs_pack=6.594s env_step=4087.188s feedback_total=28.471s feedback_obs_pack=9.245s feedback_info_pack=0.479s effective_fps=54.38
2026-09-27 15:21:26.625 | INFO     | plugrl_env_client.runner.rollout:log_timing_summary:98 - Intermediate rollout timing summary: env_steps=555428 infer_calls=138857 feedback_calls=138857 infer_wait=6083.760s infer_obs_pack=6.608s env_step=4094.894s feedback_total=28.798s feedback_obs_pack=9.451s feedback_info_pack=0.499s effective_fps=54.38
2026-09-27 15:21:26.647 | INFO     | plugrl_env_client.runner.rollout:log_timing_summary:98 - Intermediate rollout timing summary: env_steps=555429 infer_calls=138858 feedback_calls=138857 infer_wait=6096.914s infer_obs_pack=6.464s env_step=4081.698s feedback_total=28.734s feedback_obs_pack=9.442s feedback_info_pack=0.479s effective_fps=54.38
2026-09-27 15:21:56.621 | INFO     | plugrl_env_client.runner.rollout:log_timing_summary:98 - Intermediate rollout timing summary: env_steps=558212 infer_calls=139553 feedback_calls=139553 infer_wait=6099.946s infer_obs_pack=6.627s env_step=4108.130s feedback_total=28.610s feedback_obs_pack=9.290s feedback_info_pack=0.482s effective_fps=54.50
2026-09-27 15:21:56.644 | INFO     | plugrl_env_client.runner.rollout:log_timing_summary:98 - Intermediate rollout timing summary: env_steps=558213 infer_calls=139554 feedback_calls=139553 infer_wait=6093.228s infer_obs_pack=6.640s env_step=4115.158s feedback_total=28.939s feedback_obs_pack=9.498s feedback_info_pack=0.502s effective_fps=54.49
2026-09-27 15:21:56.649 | INFO     | plugrl_env_client.runner.rollout:log_timing_summary:98 - Intermediate rollout timing summary: env_steps=558214 infer_calls=139554 feedback_calls=139553 infer_wait=6106.457s infer_obs_pack=6.495s env_step=4101.870s feedback_total=28.876s feedback_obs_pack=9.489s feedback_info_pack=0.481s effective_fps=54.49
2026-09-27 15:24:23.240 | INFO     | plugrl_env_client.runner.rollout:log_timing_summary:98 - Intermediate rollout timing summary: env_steps=560001 infer_calls=140001 feedback_calls=140000 infer_wait=6232.313s infer_obs_pack=6.649s env_step=4122.189s feedback_total=28.704s feedback_obs_pack=9.320s feedback_info_pack=0.483s effective_fps=53.90
2026-09-27 15:24:23.241 | INFO     | plugrl_env_client.runner.rollout:log_timing_summary:98 - Intermediate rollout timing summary: env_steps=560001 infer_calls=140001 feedback_calls=140000 infer_wait=6239.480s infer_obs_pack=6.516s env_step=4115.254s feedback_total=28.969s feedback_obs_pack=9.520s feedback_info_pack=0.483s effective_fps=53.90
2026-09-27 15:24:23.245 | INFO     | plugrl_env_client.runner.rollout:log_timing_summary:98 - Intermediate rollout timing summary: env_steps=560001 infer_calls=140001 feedback_calls=140000 infer_wait=6226.020s infer_obs_pack=6.665s env_step=4128.782s feedback_total=29.028s feedback_obs_pack=9.528s feedback_info_pack=0.503s effective_fps=53.90
2026-09-27 15:24:53.241 | INFO     | plugrl_env_client.runner.rollout:log_timing_summary:98 - Intermediate rollout timing summary: env_steps=562726 infer_calls=140682 feedback_calls=140681 infer_wait=6241.830s infer_obs_pack=6.682s env_step=4142.392s feedback_total=28.841s feedback_obs_pack=9.365s feedback_info_pack=0.486s effective_fps=54.01
2026-09-27 15:24:53.242 | INFO     | plugrl_env_client.runner.rollout:log_timing_summary:98 - Intermediate rollout timing summary: env_steps=562726 infer_calls=140682 feedback_calls=140681 infer_wait=6248.322s infer_obs_pack=6.550s env_step=4136.114s feedback_total=29.116s feedback_obs_pack=9.570s feedback_info_pack=0.485s effective_fps=54.00
2026-09-27 15:24:53.253 | INFO     | plugrl_env_client.runner.rollout:log_timing_summary:98 - Intermediate rollout timing summary: env_steps=562727 infer_calls=140682 feedback_calls=140681 infer_wait=6235.440s infer_obs_pack=6.698s env_step=4149.088s feedback_total=29.171s feedback_obs_pack=9.575s feedback_info_pack=0.506s effective_fps=54.00
2026-09-27 15:25:23.243 | INFO     | plugrl_env_client.runner.rollout:log_timing_summary:98 - Intermediate rollout timing summary: env_steps=565428 infer_calls=141357 feedback_calls=141357 infer_wait=6257.346s infer_obs_pack=6.581s env_step=4156.820s feedback_total=29.246s feedback_obs_pack=9.615s feedback_info_pack=0.487s effective_fps=54.11
2026-09-27 15:25:23.244 | INFO     | plugrl_env_client.runner.rollout:log_timing_summary:98 - Intermediate rollout timing summary: env_steps=565428 infer_calls=141357 feedback_calls=141357 infer_wait=6251.076s infer_obs_pack=6.715s env_step=4162.873s feedback_total=28.974s feedback_obs_pack=9.410s feedback_info_pack=0.488s effective_fps=54.11
2026-09-27 15:25:23.268 | INFO     | plugrl_env_client.runner.rollout:log_timing_summary:98 - Intermediate rollout timing summary: env_steps=565429 infer_calls=141358 feedback_calls=141357 infer_wait=6244.893s infer_obs_pack=6.731s env_step=4169.369s feedback_total=29.309s feedback_obs_pack=9.621s feedback_info_pack=0.508s effective_fps=54.11
2026-09-27 15:25:53.261 | INFO     | plugrl_env_client.runner.rollout:log_timing_summary:98 - Intermediate rollout timing summary: env_steps=568133 infer_calls=142034 feedback_calls=142033 infer_wait=6266.697s infer_obs_pack=6.613s env_step=4177.209s feedback_total=29.380s feedback_obs_pack=9.661s feedback_info_pack=0.490s effective_fps=54.21
2026-09-27 15:25:53.264 | INFO     | plugrl_env_client.runner.rollout:log_timing_summary:98 - Intermediate rollout timing summary: env_steps=568133 infer_calls=142034 feedback_calls=142033 infer_wait=6260.155s infer_obs_pack=6.747s env_step=4183.528s feedback_total=29.111s feedback_obs_pack=9.455s feedback_info_pack=0.490s effective_fps=54.21
2026-09-27 15:25:53.271 | INFO     | plugrl_env_client.runner.rollout:log_timing_summary:98 - Intermediate rollout timing summary: env_steps=568135 infer_calls=142034 feedback_calls=142033 infer_wait=6254.451s infer_obs_pack=6.763s env_step=4189.539s feedback_total=29.445s feedback_obs_pack=9.666s feedback_info_pack=0.514s effective_fps=54.21
2026-09-27 15:26:23.265 | INFO     | plugrl_env_client.runner.rollout:log_timing_summary:98 - Intermediate rollout timing summary: env_steps=570890 infer_calls=142723 feedback_calls=142722 infer_wait=6276.103s infer_obs_pack=6.646s env_step=4197.514s feedback_total=29.524s feedback_obs_pack=9.708s feedback_info_pack=0.492s effective_fps=54.32
2026-09-27 15:26:23.266 | INFO     | plugrl_env_client.runner.rollout:log_timing_summary:98 - Intermediate rollout timing summary: env_steps=570892 infer_calls=142723 feedback_calls=142723 infer_wait=6269.178s infer_obs_pack=6.782s env_step=4204.223s feedback_total=29.246s feedback_obs_pack=9.503s feedback_info_pack=0.492s effective_fps=54.32
2026-09-27 15:26:23.297 | INFO     | plugrl_env_client.runner.rollout:log_timing_summary:98 - Intermediate rollout timing summary: env_steps=570893 infer_calls=142724 feedback_calls=142723 infer_wait=6263.482s infer_obs_pack=6.797s env_step=4210.244s feedback_total=29.590s feedback_obs_pack=9.713s feedback_info_pack=0.516s effective_fps=54.32
2026-09-27 15:26:53.277 | INFO     | plugrl_env_client.runner.rollout:log_timing_summary:98 - Intermediate rollout timing summary: env_steps=573673 infer_calls=143419 feedback_calls=143418 infer_wait=6285.340s infer_obs_pack=6.679s env_step=4217.996s feedback_total=29.670s feedback_obs_pack=9.755s feedback_info_pack=0.494s effective_fps=54.43
2026-09-27 15:26:53.277 | INFO     | plugrl_env_client.runner.rollout:log_timing_summary:98 - Intermediate rollout timing summary: env_steps=573673 infer_calls=143419 feedback_calls=143418 infer_wait=6278.331s infer_obs_pack=6.819s env_step=4224.789s feedback_total=29.388s feedback_obs_pack=9.551s feedback_info_pack=0.495s effective_fps=54.43
2026-09-27 15:26:53.300 | INFO     | plugrl_env_client.runner.rollout:log_timing_summary:98 - Intermediate rollout timing summary: env_steps=573676 infer_calls=143419 feedback_calls=143419 infer_wait=6272.612s infer_obs_pack=6.830s env_step=4230.835s feedback_total=29.728s feedback_obs_pack=9.759s feedback_info_pack=0.519s effective_fps=54.43
2026-09-27 15:29:21.308 | INFO     | plugrl_env_client.runner.rollout:log_timing_summary:98 - Intermediate rollout timing summary: env_steps=576001 infer_calls=144001 feedback_calls=144000 infer_wait=6415.932s infer_obs_pack=6.705s env_step=4235.195s feedback_total=29.786s feedback_obs_pack=9.794s feedback_info_pack=0.496s effective_fps=53.89
2026-09-27 15:29:21.314 | INFO     | plugrl_env_client.runner.rollout:log_timing_summary:98 - Intermediate rollout timing summary: env_steps=576001 infer_calls=144001 feedback_calls=144000 infer_wait=6402.900s infer_obs_pack=6.856s env_step=4248.319s feedback_total=29.848s feedback_obs_pack=9.801s feedback_info_pack=0.521s effective_fps=53.89
2026-09-27 15:29:21.315 | INFO     | plugrl_env_client.runner.rollout:log_timing_summary:98 - Intermediate rollout timing summary: env_steps=576001 infer_calls=144001 feedback_calls=144000 infer_wait=6408.751s infer_obs_pack=6.846s env_step=4242.163s feedback_total=29.509s feedback_obs_pack=9.593s feedback_info_pack=0.497s effective_fps=53.90
2026-09-27 15:29:51.310 | INFO     | plugrl_env_client.runner.rollout:log_timing_summary:98 - Intermediate rollout timing summary: env_steps=578822 infer_calls=144706 feedback_calls=144705 infer_wait=6425.643s infer_obs_pack=6.737s env_step=4255.196s feedback_total=29.929s feedback_obs_pack=9.840s feedback_info_pack=0.499s effective_fps=54.01
2026-09-27 15:29:51.319 | INFO     | plugrl_env_client.runner.rollout:log_timing_summary:98 - Intermediate rollout timing summary: env_steps=578824 infer_calls=144706 feedback_calls=144706 infer_wait=6417.640s infer_obs_pack=6.878s env_step=4262.984s feedback_total=29.649s feedback_obs_pack=9.640s feedback_info_pack=0.499s effective_fps=54.01
2026-09-27 15:29:51.334 | INFO     | plugrl_env_client.runner.rollout:log_timing_summary:98 - Intermediate rollout timing summary: env_steps=578825 infer_calls=144707 feedback_calls=144706 infer_wait=6412.480s infer_obs_pack=6.888s env_step=4268.471s feedback_total=29.990s feedback_obs_pack=9.848s feedback_info_pack=0.523s effective_fps=54.01
2026-09-27 15:30:21.318 | INFO     | plugrl_env_client.runner.rollout:log_timing_summary:98 - Intermediate rollout timing summary: env_steps=581645 infer_calls=145412 feedback_calls=145411 infer_wait=6434.818s infer_obs_pack=6.770s env_step=4275.730s feedback_total=30.078s feedback_obs_pack=9.891s feedback_info_pack=0.501s effective_fps=54.12
2026-09-27 15:30:21.323 | INFO     | plugrl_env_client.runner.rollout:log_timing_summary:98 - Intermediate rollout timing summary: env_steps=581646 infer_calls=145412 feedback_calls=145411 infer_wait=6427.294s infer_obs_pack=6.910s env_step=4283.041s feedback_total=29.792s feedback_obs_pack=9.686s feedback_info_pack=0.501s effective_fps=54.12
2026-09-27 15:30:21.341 | INFO     | plugrl_env_client.runner.rollout:log_timing_summary:98 - Intermediate rollout timing summary: env_steps=581648 infer_calls=145412 feedback_calls=145412 infer_wait=6421.218s infer_obs_pack=6.922s env_step=4289.449s feedback_total=30.132s feedback_obs_pack=9.895s feedback_info_pack=0.526s effective_fps=54.12
2026-09-27 15:30:51.334 | INFO     | plugrl_env_client.runner.rollout:log_timing_summary:98 - Intermediate rollout timing summary: env_steps=584485 infer_calls=146122 feedback_calls=146121 infer_wait=6443.648s infer_obs_pack=6.804s env_step=4296.618s feedback_total=30.225s feedback_obs_pack=9.937s feedback_info_pack=0.503s effective_fps=54.23
2026-09-27 15:30:51.337 | INFO     | plugrl_env_client.runner.rollout:log_timing_summary:98 - Intermediate rollout timing summary: env_steps=584485 infer_calls=146122 feedback_calls=146121 infer_wait=6436.097s infer_obs_pack=6.946s env_step=4303.950s feedback_total=29.938s feedback_obs_pack=9.732s feedback_info_pack=0.504s effective_fps=54.23
2026-09-27 15:30:51.343 | INFO     | plugrl_env_client.runner.rollout:log_timing_summary:98 - Intermediate rollout timing summary: env_steps=584485 infer_calls=146122 feedback_calls=146121 infer_wait=6429.987s infer_obs_pack=6.955s env_step=4310.383s feedback_total=30.282s feedback_obs_pack=9.943s feedback_info_pack=0.528s effective_fps=54.23
2026-09-27 15:31:21.342 | INFO     | plugrl_env_client.runner.rollout:log_timing_summary:98 - Intermediate rollout timing summary: env_steps=587321 infer_calls=146831 feedback_calls=146830 infer_wait=6452.261s infer_obs_pack=6.835s env_step=4317.717s feedback_total=30.371s feedback_obs_pack=9.983s feedback_info_pack=0.506s effective_fps=54.35
2026-09-27 15:31:21.345 | INFO     | plugrl_env_client.runner.rollout:log_timing_summary:98 - Intermediate rollout timing summary: env_steps=587321 infer_calls=146831 feedback_calls=146830 infer_wait=6444.703s infer_obs_pack=6.978s env_step=4325.054s feedback_total=30.087s feedback_obs_pack=9.778s feedback_info_pack=0.506s effective_fps=54.35
2026-09-27 15:31:21.348 | INFO     | plugrl_env_client.runner.rollout:log_timing_summary:98 - Intermediate rollout timing summary: env_steps=587322 infer_calls=146831 feedback_calls=146830 infer_wait=6438.801s infer_obs_pack=6.989s env_step=4331.274s feedback_total=30.436s feedback_obs_pack=9.990s feedback_info_pack=0.531s effective_fps=54.34
2026-09-27 15:31:51.347 | INFO     | plugrl_env_client.runner.rollout:log_timing_summary:98 - Intermediate rollout timing summary: env_steps=590218 infer_calls=147555 feedback_calls=147554 infer_wait=6461.140s infer_obs_pack=6.867s env_step=4338.544s feedback_total=30.521s feedback_obs_pack=10.031s feedback_info_pack=0.508s effective_fps=54.46
2026-09-27 15:31:51.351 | INFO     | plugrl_env_client.runner.rollout:log_timing_summary:98 - Intermediate rollout timing summary: env_steps=590219 infer_calls=147555 feedback_calls=147554 infer_wait=6453.339s infer_obs_pack=7.012s env_step=4346.110s feedback_total=30.241s feedback_obs_pack=9.826s feedback_info_pack=0.509s effective_fps=54.46
2026-09-27 15:31:51.353 | INFO     | plugrl_env_client.runner.rollout:log_timing_summary:98 - Intermediate rollout timing summary: env_steps=590219 infer_calls=147555 feedback_calls=147554 infer_wait=6447.785s infer_obs_pack=7.022s env_step=4351.997s feedback_total=30.586s feedback_obs_pack=10.038s feedback_info_pack=0.534s effective_fps=54.46
2026-09-27 15:34:15.704 | INFO     | plugrl_env_client.runner.rollout:log_timing_summary:98 - Intermediate rollout timing summary: env_steps=592001 infer_calls=148001 feedback_calls=148000 infer_wait=6578.897s infer_obs_pack=7.043s env_step=4365.044s feedback_total=30.681s feedback_obs_pack=10.069s feedback_info_pack=0.535s effective_fps=53.91
2026-09-27 15:34:15.705 | INFO     | plugrl_env_client.runner.rollout:log_timing_summary:98 - Intermediate rollout timing summary: env_steps=592001 infer_calls=148001 feedback_calls=148000 infer_wait=6592.006s infer_obs_pack=6.886s env_step=4351.850s feedback_total=30.614s feedback_obs_pack=10.060s feedback_info_pack=0.510s effective_fps=53.91
2026-09-27 15:34:15.707 | INFO     | plugrl_env_client.runner.rollout:log_timing_summary:98 - Intermediate rollout timing summary: env_steps=592001 infer_calls=148001 feedback_calls=148000 infer_wait=6584.810s infer_obs_pack=7.033s env_step=4358.807s feedback_total=30.335s feedback_obs_pack=9.855s feedback_info_pack=0.510s effective_fps=53.91
2026-09-27 15:34:45.719 | INFO     | plugrl_env_client.runner.rollout:log_timing_summary:98 - Intermediate rollout timing summary: env_steps=594845 infer_calls=148712 feedback_calls=148711 infer_wait=6587.918s infer_obs_pack=7.075s env_step=4385.731s feedback_total=30.839s feedback_obs_pack=10.118s feedback_info_pack=0.539s effective_fps=54.02
2026-09-27 15:34:45.720 | INFO     | plugrl_env_client.runner.rollout:log_timing_summary:98 - Intermediate rollout timing summary: env_steps=594845 infer_calls=148712 feedback_calls=148711 infer_wait=6593.655s infer_obs_pack=7.066s env_step=4379.675s feedback_total=30.487s feedback_obs_pack=9.903s feedback_info_pack=0.512s effective_fps=54.02
2026-09-27 15:34:45.720 | INFO     | plugrl_env_client.runner.rollout:log_timing_summary:98 - Intermediate rollout timing summary: env_steps=594845 infer_calls=148712 feedback_calls=148711 infer_wait=6600.686s infer_obs_pack=6.919s env_step=4372.870s feedback_total=30.779s feedback_obs_pack=10.110s feedback_info_pack=0.512s effective_fps=54.02
2026-09-27 15:35:15.725 | INFO     | plugrl_env_client.runner.rollout:log_timing_summary:98 - Intermediate rollout timing summary: env_steps=597684 infer_calls=149421 feedback_calls=149421 infer_wait=6609.763s infer_obs_pack=6.951s env_step=4393.495s feedback_total=30.929s feedback_obs_pack=10.158s feedback_info_pack=0.515s effective_fps=54.13
2026-09-27 15:35:15.742 | INFO     | plugrl_env_client.runner.rollout:log_timing_summary:98 - Intermediate rollout timing summary: env_steps=597685 infer_calls=149422 feedback_calls=149421 infer_wait=6597.006s infer_obs_pack=7.108s env_step=4406.371s feedback_total=30.986s feedback_obs_pack=10.166s feedback_info_pack=0.542s effective_fps=54.13
2026-09-27 15:35:15.744 | INFO     | plugrl_env_client.runner.rollout:log_timing_summary:98 - Intermediate rollout timing summary: env_steps=597685 infer_calls=149422 feedback_calls=149421 infer_wait=6602.203s infer_obs_pack=7.100s env_step=4400.852s feedback_total=30.632s feedback_obs_pack=9.955s feedback_info_pack=0.515s effective_fps=54.13
2026-09-27 15:35:45.732 | INFO     | plugrl_env_client.runner.rollout:log_timing_summary:98 - Intermediate rollout timing summary: env_steps=600465 infer_calls=150117 feedback_calls=150116 infer_wait=6619.203s infer_obs_pack=6.983s env_step=4413.773s feedback_total=31.074s feedback_obs_pack=10.204s feedback_info_pack=0.517s effective_fps=54.24
2026-09-27 15:35:45.746 | INFO     | plugrl_env_client.runner.rollout:log_timing_summary:98 - Intermediate rollout timing summary: env_steps=600466 infer_calls=150117 feedback_calls=150116 infer_wait=6611.198s infer_obs_pack=7.135s env_step=4421.565s feedback_total=30.772s feedback_obs_pack=10.002s feedback_info_pack=0.517s effective_fps=54.24
2026-09-27 15:35:45.749 | INFO     | plugrl_env_client.runner.rollout:log_timing_summary:98 - Intermediate rollout timing summary: env_steps=600466 infer_calls=150117 feedback_calls=150116 infer_wait=6606.197s infer_obs_pack=7.141s env_step=4426.896s feedback_total=31.126s feedback_obs_pack=10.213s feedback_info_pack=0.544s effective_fps=54.24
2026-09-27 15:36:15.734 | INFO     | plugrl_env_client.runner.rollout:log_timing_summary:98 - Intermediate rollout timing summary: env_steps=603151 infer_calls=150788 feedback_calls=150787 infer_wait=6628.349s infer_obs_pack=7.018s env_step=4434.353s feedback_total=31.209s feedback_obs_pack=10.250s feedback_info_pack=0.519s effective_fps=54.33
2026-09-27 15:36:15.748 | INFO     | plugrl_env_client.runner.rollout:log_timing_summary:98 - Intermediate rollout timing summary: env_steps=603152 infer_calls=150788 feedback_calls=150788 infer_wait=6620.881s infer_obs_pack=7.167s env_step=4441.615s feedback_total=30.902s feedback_obs_pack=10.046s feedback_info_pack=0.519s effective_fps=54.34
2026-09-27 15:36:15.765 | INFO     | plugrl_env_client.runner.rollout:log_timing_summary:98 - Intermediate rollout timing summary: env_steps=603153 infer_calls=150789 feedback_calls=150788 infer_wait=6616.151s infer_obs_pack=7.175s env_step=4446.672s feedback_total=31.267s feedback_obs_pack=10.261s feedback_info_pack=0.546s effective_fps=54.33
2026-09-27 15:36:45.735 | INFO     | plugrl_env_client.runner.rollout:log_timing_summary:98 - Intermediate rollout timing summary: env_steps=605880 infer_calls=151470 feedback_calls=151470 infer_wait=6637.734s infer_obs_pack=7.050s env_step=4454.685s feedback_total=31.347s feedback_obs_pack=10.296s feedback_info_pack=0.522s effective_fps=54.43
2026-09-27 15:36:45.758 | INFO     | plugrl_env_client.runner.rollout:log_timing_summary:98 - Intermediate rollout timing summary: env_steps=605881 infer_calls=151471 feedback_calls=151470 infer_wait=6630.540s infer_obs_pack=7.200s env_step=4461.684s feedback_total=31.034s feedback_obs_pack=10.092s feedback_info_pack=0.522s effective_fps=54.43
2026-09-27 15:36:45.769 | INFO     | plugrl_env_client.runner.rollout:log_timing_summary:98 - Intermediate rollout timing summary: env_steps=605883 infer_calls=151471 feedback_calls=151470 infer_wait=6625.145s infer_obs_pack=7.209s env_step=4467.399s feedback_total=31.405s feedback_obs_pack=10.308s feedback_info_pack=0.549s effective_fps=54.43
2026-09-27 15:39:19.069 | INFO     | plugrl_env_client.runner.rollout:log_timing_summary:98 - Intermediate rollout timing summary: env_steps=608001 infer_calls=152001 feedback_calls=152000 infer_wait=6775.014s infer_obs_pack=7.076s env_step=4470.522s feedback_total=31.452s feedback_obs_pack=10.332s feedback_info_pack=0.523s effective_fps=53.88
2026-09-27 15:39:19.069 | INFO     | plugrl_env_client.runner.rollout:log_timing_summary:98 - Intermediate rollout timing summary: env_steps=608001 infer_calls=152001 feedback_calls=152000 infer_wait=6762.849s infer_obs_pack=7.234s env_step=4482.771s feedback_total=31.511s feedback_obs_pack=10.343s feedback_info_pack=0.551s effective_fps=53.88
2026-09-27 15:39:19.072 | INFO     | plugrl_env_client.runner.rollout:log_timing_summary:98 - Intermediate rollout timing summary: env_steps=608001 infer_calls=152001 feedback_calls=152000 infer_wait=6767.684s infer_obs_pack=7.225s env_step=4477.638s feedback_total=31.138s feedback_obs_pack=10.127s feedback_info_pack=0.524s effective_fps=53.88
2026-09-27 15:39:49.072 | INFO     | plugrl_env_client.runner.rollout:log_timing_summary:98 - Intermediate rollout timing summary: env_steps=610792 infer_calls=152698 feedback_calls=152698 infer_wait=6784.497s infer_obs_pack=7.109s env_step=4490.758s feedback_total=31.593s feedback_obs_pack=10.384s feedback_info_pack=0.526s effective_fps=53.99
2026-09-27 15:39:49.088 | INFO     | plugrl_env_client.runner.rollout:log_timing_summary:98 - Intermediate rollout timing summary: env_steps=610793 infer_calls=152699 feedback_calls=152698 infer_wait=6776.772s infer_obs_pack=7.260s env_step=4498.278s feedback_total=31.279s feedback_obs_pack=10.177s feedback_info_pack=0.526s effective_fps=53.99
2026-09-27 15:39:49.088 | INFO     | plugrl_env_client.runner.rollout:log_timing_summary:98 - Intermediate rollout timing summary: env_steps=610793 infer_calls=152699 feedback_calls=152698 infer_wait=6772.239s infer_obs_pack=7.267s env_step=4503.107s feedback_total=31.657s feedback_obs_pack=10.395s feedback_info_pack=0.553s effective_fps=53.98
2026-09-27 15:40:19.074 | INFO     | plugrl_env_client.runner.rollout:log_timing_summary:98 - Intermediate rollout timing summary: env_steps=613544 infer_calls=153386 feedback_calls=153386 infer_wait=6793.436s infer_obs_pack=7.142s env_step=4511.530s feedback_total=31.737s feedback_obs_pack=10.435s feedback_info_pack=0.528s effective_fps=54.09
2026-09-27 15:40:19.091 | INFO     | plugrl_env_client.runner.rollout:log_timing_summary:98 - Intermediate rollout timing summary: env_steps=613545 infer_calls=153387 feedback_calls=153386 infer_wait=6781.577s infer_obs_pack=7.306s env_step=4523.484s feedback_total=31.797s feedback_obs_pack=10.441s feedback_info_pack=0.556s effective_fps=54.08
2026-09-27 15:40:19.091 | INFO     | plugrl_env_client.runner.rollout:log_timing_summary:98 - Intermediate rollout timing summary: env_steps=613545 infer_calls=153387 feedback_calls=153386 infer_wait=6786.181s infer_obs_pack=7.293s env_step=4518.585s feedback_total=31.419s feedback_obs_pack=10.222s feedback_info_pack=0.528s effective_fps=54.09
2026-09-27 15:40:49.075 | INFO     | plugrl_env_client.runner.rollout:log_timing_summary:98 - Intermediate rollout timing summary: env_steps=616303 infer_calls=154076 feedback_calls=154075 infer_wait=6802.373s infer_obs_pack=7.174s env_step=4532.312s feedback_total=31.875s feedback_obs_pack=10.481s feedback_info_pack=0.531s effective_fps=54.19
2026-09-27 15:40:49.100 | INFO     | plugrl_env_client.runner.rollout:log_timing_summary:98 - Intermediate rollout timing summary: env_steps=616305 infer_calls=154077 feedback_calls=154076 infer_wait=6791.107s infer_obs_pack=7.339s env_step=4543.681s feedback_total=31.934s feedback_obs_pack=10.488s feedback_info_pack=0.558s effective_fps=54.19
2026-09-27 15:40:49.101 | INFO     | plugrl_env_client.runner.rollout:log_timing_summary:98 - Intermediate rollout timing summary: env_steps=616305 infer_calls=154077 feedback_calls=154076 infer_wait=6795.173s infer_obs_pack=7.327s env_step=4539.319s feedback_total=31.555s feedback_obs_pack=10.268s feedback_info_pack=0.531s effective_fps=54.19
2026-09-27 15:41:19.080 | INFO     | plugrl_env_client.runner.rollout:log_timing_summary:98 - Intermediate rollout timing summary: env_steps=619075 infer_calls=154769 feedback_calls=154768 infer_wait=6810.975s infer_obs_pack=7.211s env_step=4553.422s feedback_total=32.016s feedback_obs_pack=10.529s feedback_info_pack=0.533s effective_fps=54.29
2026-09-27 15:41:19.108 | INFO     | plugrl_env_client.runner.rollout:log_timing_summary:98 - Intermediate rollout timing summary: env_steps=619077 infer_calls=154770 feedback_calls=154769 infer_wait=6800.385s infer_obs_pack=7.373s env_step=4564.119s feedback_total=32.081s feedback_obs_pack=10.538s feedback_info_pack=0.560s effective_fps=54.29
2026-09-27 15:41:19.108 | INFO     | plugrl_env_client.runner.rollout:log_timing_summary:98 - Intermediate rollout timing summary: env_steps=619077 infer_calls=154770 feedback_calls=154769 infer_wait=6804.238s infer_obs_pack=7.360s env_step=4559.972s feedback_total=31.692s feedback_obs_pack=10.314s feedback_info_pack=0.533s effective_fps=54.29
2026-09-27 15:41:49.098 | INFO     | plugrl_env_client.runner.rollout:log_timing_summary:98 - Intermediate rollout timing summary: env_steps=621949 infer_calls=155488 feedback_calls=155487 infer_wait=6820.076s infer_obs_pack=7.243s env_step=4574.040s feedback_total=32.166s feedback_obs_pack=10.577s feedback_info_pack=0.535s effective_fps=54.40
2026-09-27 15:41:49.108 | INFO     | plugrl_env_client.runner.rollout:log_timing_summary:98 - Intermediate rollout timing summary: env_steps=621950 infer_calls=155488 feedback_calls=155487 infer_wait=6813.236s infer_obs_pack=7.393s env_step=4580.676s feedback_total=31.840s feedback_obs_pack=10.360s feedback_info_pack=0.535s effective_fps=54.40
2026-09-27 15:41:49.114 | INFO     | plugrl_env_client.runner.rollout:log_timing_summary:98 - Intermediate rollout timing summary: env_steps=621951 infer_calls=155488 feedback_calls=155487 infer_wait=6808.596s infer_obs_pack=7.407s env_step=4585.614s feedback_total=32.236s feedback_obs_pack=10.586s feedback_info_pack=0.563s effective_fps=54.40
2026-09-27 15:44:20.358 | INFO     | plugrl_env_client.runner.rollout:log_timing_summary:98 - Intermediate rollout timing summary: env_steps=624001 infer_calls=156001 feedback_calls=156000 infer_wait=6948.910s infer_obs_pack=7.417s env_step=4596.033s feedback_total=31.949s feedback_obs_pack=10.394s feedback_info_pack=0.537s effective_fps=53.87
2026-09-27 15:44:20.361 | INFO     | plugrl_env_client.runner.rollout:log_timing_summary:98 - Intermediate rollout timing summary: env_steps=624001 infer_calls=156001 feedback_calls=156000 infer_wait=6955.966s infer_obs_pack=7.266s env_step=4589.198s feedback_total=32.271s feedback_obs_pack=10.610s feedback_info_pack=0.537s effective_fps=53.86
2026-09-27 15:44:20.361 | INFO     | plugrl_env_client.runner.rollout:log_timing_summary:98 - Intermediate rollout timing summary: env_steps=624001 infer_calls=156001 feedback_calls=156000 infer_wait=6944.593s infer_obs_pack=7.430s env_step=4600.649s feedback_total=32.345s feedback_obs_pack=10.619s feedback_info_pack=0.565s effective_fps=53.86
2026-09-27 15:44:50.361 | INFO     | plugrl_env_client.runner.rollout:log_timing_summary:98 - Intermediate rollout timing summary: env_steps=626836 infer_calls=156709 feedback_calls=156709 infer_wait=6953.780s infer_obs_pack=7.462s env_step=4621.159s feedback_total=32.501s feedback_obs_pack=10.666s feedback_info_pack=0.567s effective_fps=53.97
2026-09-27 15:44:50.362 | INFO     | plugrl_env_client.runner.rollout:log_timing_summary:98 - Intermediate rollout timing summary: env_steps=626836 infer_calls=156709 feedback_calls=156709 infer_wait=6957.093s infer_obs_pack=7.449s env_step=4617.553s feedback_total=32.101s feedback_obs_pack=10.439s feedback_info_pack=0.539s effective_fps=53.97
2026-09-27 15:44:50.381 | INFO     | plugrl_env_client.runner.rollout:log_timing_summary:98 - Intermediate rollout timing summary: env_steps=626837 infer_calls=156710 feedback_calls=156709 infer_wait=6964.751s infer_obs_pack=7.300s env_step=4610.123s feedback_total=32.436s feedback_obs_pack=10.662s feedback_info_pack=0.540s effective_fps=53.97
2026-09-27 15:45:20.365 | INFO     | plugrl_env_client.runner.rollout:log_timing_summary:98 - Intermediate rollout timing summary: env_steps=629764 infer_calls=157441 feedback_calls=157441 infer_wait=6965.735s infer_obs_pack=7.484s env_step=4638.603s feedback_total=32.258s feedback_obs_pack=10.485s feedback_info_pack=0.542s effective_fps=54.08
2026-09-27 15:45:20.365 | INFO     | plugrl_env_client.runner.rollout:log_timing_summary:98 - Intermediate rollout timing summary: env_steps=629764 infer_calls=157441 feedback_calls=157441 infer_wait=6962.537s infer_obs_pack=7.495s env_step=4642.100s feedback_total=32.655s feedback_obs_pack=10.717s feedback_info_pack=0.570s effective_fps=54.08
2026-09-27 15:45:20.386 | INFO     | plugrl_env_client.runner.rollout:log_timing_summary:98 - Intermediate rollout timing summary: env_steps=629766 infer_calls=157442 feedback_calls=157441 infer_wait=6973.370s infer_obs_pack=7.332s env_step=4631.200s feedback_total=32.593s feedback_obs_pack=10.717s feedback_info_pack=0.542s effective_fps=54.08
2026-09-27 15:45:50.367 | INFO     | plugrl_env_client.runner.rollout:log_timing_summary:98 - Intermediate rollout timing summary: env_steps=632643 infer_calls=158161 feedback_calls=158160 infer_wait=6970.867s infer_obs_pack=7.530s env_step=4663.469s feedback_total=32.803s feedback_obs_pack=10.763s feedback_info_pack=0.572s effective_fps=54.19
2026-09-27 15:45:50.367 | INFO     | plugrl_env_client.runner.rollout:log_timing_summary:98 - Intermediate rollout timing summary: env_steps=632642 infer_calls=158161 feedback_calls=158160 infer_wait=6974.976s infer_obs_pack=7.516s env_step=4659.056s feedback_total=32.411s feedback_obs_pack=10.534s feedback_info_pack=0.544s effective_fps=54.19
2026-09-27 15:45:50.400 | INFO     | plugrl_env_client.runner.rollout:log_timing_summary:98 - Intermediate rollout timing summary: env_steps=632645 infer_calls=158162 feedback_calls=158161 infer_wait=6982.179s infer_obs_pack=7.365s env_step=4652.107s feedback_total=32.740s feedback_obs_pack=10.765s feedback_info_pack=0.545s effective_fps=54.19
2026-09-27 15:46:20.368 | INFO     | plugrl_env_client.runner.rollout:log_timing_summary:98 - Intermediate rollout timing summary: env_steps=635571 infer_calls=158893 feedback_calls=158892 infer_wait=6983.454s infer_obs_pack=7.553s env_step=4680.268s feedback_total=32.566s feedback_obs_pack=10.583s feedback_info_pack=0.547s effective_fps=54.30
2026-09-27 15:46:20.370 | INFO     | plugrl_env_client.runner.rollout:log_timing_summary:98 - Intermediate rollout timing summary: env_steps=635571 infer_calls=158893 feedback_calls=158892 infer_wait=6979.336s infer_obs_pack=7.564s env_step=4684.694s feedback_total=32.962s feedback_obs_pack=10.812s feedback_info_pack=0.575s effective_fps=54.30
2026-09-27 15:46:20.404 | INFO     | plugrl_env_client.runner.rollout:log_timing_summary:98 - Intermediate rollout timing summary: env_steps=635574 infer_calls=158894 feedback_calls=158893 infer_wait=6991.332s infer_obs_pack=7.398s env_step=4672.652s feedback_total=32.894s feedback_obs_pack=10.812s feedback_info_pack=0.547s effective_fps=54.30
2026-09-27 15:46:50.374 | INFO     | plugrl_env_client.runner.rollout:log_timing_summary:98 - Intermediate rollout timing summary: env_steps=638453 infer_calls=159614 feedback_calls=159613 infer_wait=6992.271s infer_obs_pack=7.586s env_step=4701.156s feedback_total=32.716s feedback_obs_pack=10.629s feedback_info_pack=0.549s effective_fps=54.41
2026-09-27 15:46:50.374 | INFO     | plugrl_env_client.runner.rollout:log_timing_summary:98 - Intermediate rollout timing summary: env_steps=638454 infer_calls=159614 feedback_calls=159613 infer_wait=6988.343s infer_obs_pack=7.597s env_step=4705.388s feedback_total=33.116s feedback_obs_pack=10.859s feedback_info_pack=0.577s effective_fps=54.41
2026-09-27 15:46:50.414 | INFO     | plugrl_env_client.runner.rollout:log_timing_summary:98 - Intermediate rollout timing summary: env_steps=638457 infer_calls=159615 feedback_calls=159614 infer_wait=7000.049s infer_obs_pack=7.430s env_step=4693.640s feedback_total=33.046s feedback_obs_pack=10.860s feedback_info_pack=0.550s effective_fps=54.41
2026-09-27 15:49:13.885 | INFO     | plugrl_env_client.runner.rollout:log_timing_summary:98 - Intermediate rollout timing summary: env_steps=640001 infer_calls=160001 feedback_calls=160000 infer_wait=7124.403s infer_obs_pack=7.603s env_step=4712.376s feedback_total=32.794s feedback_obs_pack=10.655s feedback_info_pack=0.550s effective_fps=53.88
2026-09-27 15:49:13.885 | INFO     | plugrl_env_client.runner.rollout:log_timing_summary:98 - Intermediate rollout timing summary: env_steps=640001 infer_calls=160001 feedback_calls=160000 infer_wait=7120.700s infer_obs_pack=7.615s env_step=4716.377s feedback_total=33.199s feedback_obs_pack=10.885s feedback_info_pack=0.579s effective_fps=53.88
2026-09-27 15:49:13.888 | INFO     | plugrl_env_client.runner.rollout:log_timing_summary:98 - Intermediate rollout timing summary: env_steps=640001 infer_calls=160001 feedback_calls=160000 infer_wait=7132.265s infer_obs_pack=7.448s env_step=4704.736s feedback_total=33.129s feedback_obs_pack=10.885s feedback_info_pack=0.551s effective_fps=53.88
2026-09-27 15:49:43.889 | INFO     | plugrl_env_client.runner.rollout:log_timing_summary:98 - Intermediate rollout timing summary: env_steps=642745 infer_calls=160687 feedback_calls=160686 infer_wait=7129.421s infer_obs_pack=7.648s env_step=4737.371s feedback_total=33.341s feedback_obs_pack=10.933s feedback_info_pack=0.581s effective_fps=53.98
2026-09-27 15:49:43.889 | INFO     | plugrl_env_client.runner.rollout:log_timing_summary:98 - Intermediate rollout timing summary: env_steps=642745 infer_calls=160687 feedback_calls=160686 infer_wait=7133.137s infer_obs_pack=7.636s env_step=4733.359s feedback_total=32.937s feedback_obs_pack=10.705s feedback_info_pack=0.553s effective_fps=53.98
2026-09-27 15:49:43.892 | INFO     | plugrl_env_client.runner.rollout:log_timing_summary:98 - Intermediate rollout timing summary: env_steps=642746 infer_calls=160687 feedback_calls=160686 infer_wait=7141.368s infer_obs_pack=7.480s env_step=4725.358s feedback_total=33.266s feedback_obs_pack=10.932s feedback_info_pack=0.553s effective_fps=53.98
2026-09-27 15:50:13.889 | INFO     | plugrl_env_client.runner.rollout:log_timing_summary:98 - Intermediate rollout timing summary: env_steps=645510 infer_calls=161378 feedback_calls=161377 infer_wait=7138.539s infer_obs_pack=7.682s env_step=4757.970s feedback_total=33.480s feedback_obs_pack=10.980s feedback_info_pack=0.584s effective_fps=54.07
2026-09-27 15:50:13.894 | INFO     | plugrl_env_client.runner.rollout:log_timing_summary:98 - Intermediate rollout timing summary: env_steps=645511 infer_calls=161378 feedback_calls=161377 infer_wait=7150.847s infer_obs_pack=7.511s env_step=4745.599s feedback_total=33.406s feedback_obs_pack=10.981s feedback_info_pack=0.556s effective_fps=54.07
2026-09-27 15:50:13.894 | INFO     | plugrl_env_client.runner.rollout:log_timing_summary:98 - Intermediate rollout timing summary: env_steps=645511 infer_calls=161378 feedback_calls=161377 infer_wait=7142.466s infer_obs_pack=7.669s env_step=4753.747s feedback_total=33.079s feedback_obs_pack=10.750s feedback_info_pack=0.555s effective_fps=54.08
2026-09-27 15:50:43.905 | INFO     | plugrl_env_client.runner.rollout:log_timing_summary:98 - Intermediate rollout timing summary: env_steps=648245 infer_calls=162062 feedback_calls=162061 infer_wait=7151.881s infer_obs_pack=7.701s env_step=4774.063s feedback_total=33.213s feedback_obs_pack=10.795s feedback_info_pack=0.557s effective_fps=54.17
2026-09-27 15:50:43.906 | INFO     | plugrl_env_client.runner.rollout:log_timing_summary:98 - Intermediate rollout timing summary: env_steps=648245 infer_calls=162062 feedback_calls=162061 infer_wait=7159.991s infer_obs_pack=7.543s env_step=4766.181s feedback_total=33.550s feedback_obs_pack=11.029s feedback_info_pack=0.558s effective_fps=54.17
2026-09-27 15:50:43.907 | INFO     | plugrl_env_client.runner.rollout:log_timing_summary:98 - Intermediate rollout timing summary: env_steps=648245 infer_calls=162062 feedback_calls=162061 infer_wait=7148.073s infer_obs_pack=7.715s env_step=4778.171s feedback_total=33.622s feedback_obs_pack=11.029s feedback_info_pack=0.586s effective_fps=54.17
2026-09-27 15:51:13.907 | INFO     | plugrl_env_client.runner.rollout:log_timing_summary:98 - Intermediate rollout timing summary: env_steps=650973 infer_calls=162744 feedback_calls=162743 infer_wait=7160.873s infer_obs_pack=7.733s env_step=4794.795s feedback_total=33.345s feedback_obs_pack=10.840s feedback_info_pack=0.560s effective_fps=54.26
2026-09-27 15:51:13.907 | INFO     | plugrl_env_client.runner.rollout:log_timing_summary:98 - Intermediate rollout timing summary: env_steps=650973 infer_calls=162744 feedback_calls=162743 infer_wait=7157.493s infer_obs_pack=7.749s env_step=4798.460s feedback_total=33.763s feedback_obs_pack=11.077s feedback_info_pack=0.592s effective_fps=54.26
2026-09-27 15:51:13.908 | INFO     | plugrl_env_client.runner.rollout:log_timing_summary:98 - Intermediate rollout timing summary: env_steps=650973 infer_calls=162744 feedback_calls=162743 infer_wait=7169.112s infer_obs_pack=7.578s env_step=4786.783s feedback_total=33.683s feedback_obs_pack=11.076s feedback_info_pack=0.560s effective_fps=54.26
2026-09-27 15:51:43.913 | INFO     | plugrl_env_client.runner.rollout:log_timing_summary:98 - Intermediate rollout timing summary: env_steps=653641 infer_calls=163411 feedback_calls=163410 infer_wait=7166.267s infer_obs_pack=7.783s env_step=4819.409s feedback_total=33.898s feedback_obs_pack=11.123s feedback_info_pack=0.594s effective_fps=54.35
2026-09-27 15:51:43.913 | INFO     | plugrl_env_client.runner.rollout:log_timing_summary:98 - Intermediate rollout timing summary: env_steps=653641 infer_calls=163411 feedback_calls=163410 infer_wait=7178.723s infer_obs_pack=7.610s env_step=4806.900s feedback_total=33.819s feedback_obs_pack=11.122s feedback_info_pack=0.562s effective_fps=54.35
2026-09-27 15:51:43.913 | INFO     | plugrl_env_client.runner.rollout:log_timing_summary:98 - Intermediate rollout timing summary: env_steps=653641 infer_calls=163411 feedback_calls=163410 infer_wait=7170.240s infer_obs_pack=7.765s env_step=4815.154s feedback_total=33.481s feedback_obs_pack=10.886s feedback_info_pack=0.562s effective_fps=54.35
2026-09-27 15:54:15.790 | INFO     | plugrl_env_client.runner.rollout:log_timing_summary:98 - Intermediate rollout timing summary: env_steps=656001 infer_calls=164001 feedback_calls=164000 infer_wait=7299.925s infer_obs_pack=7.811s env_step=4837.381s feedback_total=34.024s feedback_obs_pack=11.169s feedback_info_pack=0.596s effective_fps=53.86
2026-09-27 15:54:15.792 | INFO     | plugrl_env_client.runner.rollout:log_timing_summary:98 - Intermediate rollout timing summary: env_steps=656001 infer_calls=164001 feedback_calls=164000 infer_wait=7312.299s infer_obs_pack=7.638s env_step=4824.958s feedback_total=33.940s feedback_obs_pack=11.165s feedback_info_pack=0.564s effective_fps=53.86
2026-09-27 15:54:15.795 | INFO     | plugrl_env_client.runner.rollout:log_timing_summary:98 - Intermediate rollout timing summary: env_steps=656001 infer_calls=164001 feedback_calls=164000 infer_wait=7304.672s infer_obs_pack=7.792s env_step=4832.364s feedback_total=33.597s feedback_obs_pack=10.924s feedback_info_pack=0.564s effective_fps=53.87
2026-09-27 15:54:45.793 | INFO     | plugrl_env_client.runner.rollout:log_timing_summary:98 - Intermediate rollout timing summary: env_steps=658797 infer_calls=164700 feedback_calls=164699 infer_wait=7322.022s infer_obs_pack=7.670s env_step=4844.945s feedback_total=34.081s feedback_obs_pack=11.212s feedback_info_pack=0.567s effective_fps=53.96
2026-09-27 15:54:45.793 | INFO     | plugrl_env_client.runner.rollout:log_timing_summary:98 - Intermediate rollout timing summary: env_steps=658797 infer_calls=164700 feedback_calls=164699 infer_wait=7309.363s infer_obs_pack=7.847s env_step=4857.648s feedback_total=34.173s feedback_obs_pack=11.220s feedback_info_pack=0.599s effective_fps=53.96
2026-09-27 15:54:45.802 | INFO     | plugrl_env_client.runner.rollout:log_timing_summary:98 - Intermediate rollout timing summary: env_steps=658798 infer_calls=164700 feedback_calls=164699 infer_wait=7313.518s infer_obs_pack=7.826s env_step=4853.231s feedback_total=33.739s feedback_obs_pack=10.970s feedback_info_pack=0.566s effective_fps=53.96
2026-09-27 15:55:15.799 | INFO     | plugrl_env_client.runner.rollout:log_timing_summary:98 - Intermediate rollout timing summary: env_steps=661557 infer_calls=165390 feedback_calls=165389 infer_wait=7331.181s infer_obs_pack=7.701s env_step=4865.512s feedback_total=34.214s feedback_obs_pack=11.258s feedback_info_pack=0.570s effective_fps=54.05
2026-09-27 15:55:15.800 | INFO     | plugrl_env_client.runner.rollout:log_timing_summary:98 - Intermediate rollout timing summary: env_steps=661557 infer_calls=165390 feedback_calls=165389 infer_wait=7318.873s infer_obs_pack=7.882s env_step=4877.862s feedback_total=34.309s feedback_obs_pack=11.265s feedback_info_pack=0.601s effective_fps=54.05
2026-09-27 15:55:15.804 | INFO     | plugrl_env_client.runner.rollout:log_timing_summary:98 - Intermediate rollout timing summary: env_steps=661558 infer_calls=165390 feedback_calls=165389 infer_wait=7322.750s infer_obs_pack=7.858s env_step=4873.721s feedback_total=33.873s feedback_obs_pack=11.017s feedback_info_pack=0.568s effective_fps=54.06
2026-09-27 15:55:45.803 | INFO     | plugrl_env_client.runner.rollout:log_timing_summary:98 - Intermediate rollout timing summary: env_steps=664340 infer_calls=166085 feedback_calls=166085 infer_wait=7327.928s infer_obs_pack=7.914s env_step=4898.529s feedback_total=34.447s feedback_obs_pack=11.311s feedback_info_pack=0.604s effective_fps=54.15
2026-09-27 15:55:45.820 | INFO     | plugrl_env_client.runner.rollout:log_timing_summary:98 - Intermediate rollout timing summary: env_steps=664341 infer_calls=166086 feedback_calls=166085 infer_wait=7332.062s infer_obs_pack=7.890s env_step=4894.136s feedback_total=34.011s feedback_obs_pack=11.063s feedback_info_pack=0.571s effective_fps=54.15
2026-09-27 15:55:45.820 | INFO     | plugrl_env_client.runner.rollout:log_timing_summary:98 - Intermediate rollout timing summary: env_steps=664341 infer_calls=166086 feedback_calls=166085 infer_wait=7340.584s infer_obs_pack=7.737s env_step=4885.833s feedback_total=34.358s feedback_obs_pack=11.305s feedback_info_pack=0.572s effective_fps=54.15
2026-09-27 15:56:15.807 | INFO     | plugrl_env_client.runner.rollout:log_timing_summary:98 - Intermediate rollout timing summary: env_steps=667099 infer_calls=166775 feedback_calls=166774 infer_wait=7336.911s infer_obs_pack=7.946s env_step=4919.260s feedback_total=34.591s feedback_obs_pack=11.358s feedback_info_pack=0.606s effective_fps=54.24
2026-09-27 15:56:15.820 | INFO     | plugrl_env_client.runner.rollout:log_timing_summary:98 - Intermediate rollout timing summary: env_steps=667100 infer_calls=166775 feedback_calls=166775 infer_wait=7349.303s infer_obs_pack=7.769s env_step=4906.819s feedback_total=34.505s feedback_obs_pack=11.352s feedback_info_pack=0.574s effective_fps=54.24
2026-09-27 15:56:15.837 | INFO     | plugrl_env_client.runner.rollout:log_timing_summary:98 - Intermediate rollout timing summary: env_steps=667101 infer_calls=166776 feedback_calls=166775 infer_wait=7341.088s infer_obs_pack=7.926s env_step=4914.823s feedback_total=34.160s feedback_obs_pack=11.110s feedback_info_pack=0.573s effective_fps=54.24
2026-09-27 15:56:45.810 | INFO     | plugrl_env_client.runner.rollout:log_timing_summary:98 - Intermediate rollout timing summary: env_steps=669900 infer_calls=167475 feedback_calls=167475 infer_wait=7345.835s infer_obs_pack=7.981s env_step=4940.037s feedback_total=34.742s feedback_obs_pack=11.407s feedback_info_pack=0.609s effective_fps=54.34
2026-09-27 15:56:45.833 | INFO     | plugrl_env_client.runner.rollout:log_timing_summary:98 - Intermediate rollout timing summary: env_steps=669901 infer_calls=167476 feedback_calls=167475 infer_wait=7358.444s infer_obs_pack=7.802s env_step=4927.396s feedback_total=34.652s feedback_obs_pack=11.399s feedback_info_pack=0.577s effective_fps=54.34
2026-09-27 15:56:45.841 | INFO     | plugrl_env_client.runner.rollout:log_timing_summary:98 - Intermediate rollout timing summary: env_steps=669902 infer_calls=167476 feedback_calls=167475 infer_wait=7350.399s infer_obs_pack=7.959s env_step=4935.217s feedback_total=34.308s feedback_obs_pack=11.159s feedback_info_pack=0.576s effective_fps=54.34
2026-09-27 15:59:12.339 | INFO     | plugrl_env_client.runner.rollout:log_timing_summary:98 - Intermediate rollout timing summary: env_steps=672001 infer_calls=168001 feedback_calls=168000 infer_wait=7476.462s infer_obs_pack=8.006s env_step=4955.706s feedback_total=34.859s feedback_obs_pack=11.444s feedback_info_pack=0.610s effective_fps=53.87
2026-09-27 15:59:12.341 | INFO     | plugrl_env_client.runner.rollout:log_timing_summary:98 - Intermediate rollout timing summary: env_steps=672001 infer_calls=168001 feedback_calls=168000 infer_wait=7488.466s infer_obs_pack=7.827s env_step=4943.649s feedback_total=34.769s feedback_obs_pack=11.436s feedback_info_pack=0.579s effective_fps=53.87
2026-09-27 15:59:12.344 | INFO     | plugrl_env_client.runner.rollout:log_timing_summary:98 - Intermediate rollout timing summary: env_steps=672001 infer_calls=168001 feedback_calls=168000 infer_wait=7481.078s infer_obs_pack=7.986s env_step=4950.818s feedback_total=34.417s feedback_obs_pack=11.194s feedback_info_pack=0.577s effective_fps=53.87
2026-09-27 15:59:42.345 | INFO     | plugrl_env_client.runner.rollout:log_timing_summary:98 - Intermediate rollout timing summary: env_steps=674778 infer_calls=168695 feedback_calls=168694 infer_wait=7484.946s infer_obs_pack=8.040s env_step=4976.930s feedback_total=35.012s feedback_obs_pack=11.491s feedback_info_pack=0.613s effective_fps=53.96
2026-09-27 15:59:42.345 | INFO     | plugrl_env_client.runner.rollout:log_timing_summary:98 - Intermediate rollout timing summary: env_steps=674778 infer_calls=168695 feedback_calls=168694 infer_wait=7498.152s infer_obs_pack=7.858s env_step=4963.674s feedback_total=34.920s feedback_obs_pack=11.484s feedback_info_pack=0.581s effective_fps=53.96
2026-09-27 15:59:42.346 | INFO     | plugrl_env_client.runner.rollout:log_timing_summary:98 - Intermediate rollout timing summary: env_steps=674778 infer_calls=168695 feedback_calls=168694 infer_wait=7489.885s infer_obs_pack=8.018s env_step=4971.707s feedback_total=34.570s feedback_obs_pack=11.240s feedback_info_pack=0.580s effective_fps=53.96
2026-09-27 16:00:12.347 | INFO     | plugrl_env_client.runner.rollout:log_timing_summary:98 - Intermediate rollout timing summary: env_steps=677564 infer_calls=169391 feedback_calls=169391 infer_wait=7493.954s infer_obs_pack=8.073s env_step=4997.628s feedback_total=35.161s feedback_obs_pack=11.539s feedback_info_pack=0.616s effective_fps=54.05
2026-09-27 16:00:12.352 | INFO     | plugrl_env_client.runner.rollout:log_timing_summary:98 - Intermediate rollout timing summary: env_steps=677564 infer_calls=169391 feedback_calls=169391 infer_wait=7507.235s infer_obs_pack=7.891s env_step=4984.293s feedback_total=35.079s feedback_obs_pack=11.539s feedback_info_pack=0.584s effective_fps=54.06
2026-09-27 16:00:12.368 | INFO     | plugrl_env_client.runner.rollout:log_timing_summary:98 - Intermediate rollout timing summary: env_steps=677565 infer_calls=169392 feedback_calls=169391 infer_wait=7498.667s infer_obs_pack=8.052s env_step=4992.644s feedback_total=34.722s feedback_obs_pack=11.287s feedback_info_pack=0.582s effective_fps=54.06
2026-09-27 16:00:42.351 | INFO     | plugrl_env_client.runner.rollout:log_timing_summary:98 - Intermediate rollout timing summary: env_steps=680386 infer_calls=170097 feedback_calls=170096 infer_wait=7503.137s infer_obs_pack=8.107s env_step=5018.147s feedback_total=35.315s feedback_obs_pack=11.589s feedback_info_pack=0.618s effective_fps=54.15
2026-09-27 16:00:42.385 | INFO     | plugrl_env_client.runner.rollout:log_timing_summary:98 - Intermediate rollout timing summary: env_steps=680389 infer_calls=170098 feedback_calls=170097 infer_wait=7516.269s infer_obs_pack=7.923s env_step=5004.997s feedback_total=35.224s feedback_obs_pack=11.586s feedback_info_pack=0.586s effective_fps=54.15
2026-09-27 16:00:42.387 | INFO     | plugrl_env_client.runner.rollout:log_timing_summary:98 - Intermediate rollout timing summary: env_steps=680389 infer_calls=170098 feedback_calls=170097 infer_wait=7507.154s infer_obs_pack=8.086s env_step=5013.875s feedback_total=34.869s feedback_obs_pack=11.335s feedback_info_pack=0.585s effective_fps=54.15
2026-09-27 16:01:12.359 | INFO     | plugrl_env_client.runner.rollout:log_timing_summary:98 - Intermediate rollout timing summary: env_steps=683225 infer_calls=170807 feedback_calls=170806 infer_wait=7511.745s infer_obs_pack=8.139s env_step=5039.254s feedback_total=35.460s feedback_obs_pack=11.638s feedback_info_pack=0.621s effective_fps=54.25
2026-09-27 16:01:12.399 | INFO     | plugrl_env_client.runner.rollout:log_timing_summary:98 - Intermediate rollout timing summary: env_steps=683229 infer_calls=170808 feedback_calls=170807 infer_wait=7516.562s infer_obs_pack=8.122s env_step=5034.183s feedback_total=35.012s feedback_obs_pack=11.381s feedback_info_pack=0.587s effective_fps=54.25
2026-09-27 16:01:12.400 | INFO     | plugrl_env_client.runner.rollout:log_timing_summary:98 - Intermediate rollout timing summary: env_steps=683229 infer_calls=170808 feedback_calls=170807 infer_wait=7525.232s infer_obs_pack=7.955s env_step=5025.750s feedback_total=35.374s feedback_obs_pack=11.640s feedback_info_pack=0.589s effective_fps=54.25
2026-09-27 16:01:42.374 | INFO     | plugrl_env_client.runner.rollout:log_timing_summary:98 - Intermediate rollout timing summary: env_steps=686009 infer_calls=171503 feedback_calls=171502 infer_wait=7520.801s infer_obs_pack=8.172s env_step=5059.926s feedback_total=35.601s feedback_obs_pack=11.685s feedback_info_pack=0.623s effective_fps=54.34
2026-09-27 16:01:42.404 | INFO     | plugrl_env_client.runner.rollout:log_timing_summary:98 - Intermediate rollout timing summary: env_steps=686013 infer_calls=171504 feedback_calls=171503 infer_wait=7534.725s infer_obs_pack=7.987s env_step=5045.974s feedback_total=35.518s feedback_obs_pack=11.687s feedback_info_pack=0.591s effective_fps=54.34
2026-09-27 16:01:42.405 | INFO     | plugrl_env_client.runner.rollout:log_timing_summary:98 - Intermediate rollout timing summary: env_steps=686013 infer_calls=171504 feedback_calls=171503 infer_wait=7525.199s infer_obs_pack=8.155s env_step=5055.259s feedback_total=35.153s feedback_obs_pack=11.427s feedback_info_pack=0.590s effective_fps=54.34
2026-09-27 16:04:08.344 | INFO     | plugrl_env_client.runner.rollout:log_timing_summary:98 - Intermediate rollout timing summary: env_steps=688001 infer_calls=172001 feedback_calls=172000 infer_wait=7666.205s infer_obs_pack=8.009s env_step=5060.226s feedback_total=35.620s feedback_obs_pack=11.720s feedback_info_pack=0.593s effective_fps=53.88
2026-09-27 16:04:08.344 | INFO     | plugrl_env_client.runner.rollout:log_timing_summary:98 - Intermediate rollout timing summary: env_steps=688001 infer_calls=172001 feedback_calls=172000 infer_wait=7656.379s infer_obs_pack=8.178s env_step=5069.812s feedback_total=35.254s feedback_obs_pack=11.459s feedback_info_pack=0.591s effective_fps=53.88
2026-09-27 16:04:08.347 | INFO     | plugrl_env_client.runner.rollout:log_timing_summary:98 - Intermediate rollout timing summary: env_steps=688001 infer_calls=172001 feedback_calls=172000 infer_wait=7651.799s infer_obs_pack=8.196s env_step=5074.692s feedback_total=35.702s feedback_obs_pack=11.718s feedback_info_pack=0.625s effective_fps=53.87
2026-09-27 16:04:38.350 | INFO     | plugrl_env_client.runner.rollout:log_timing_summary:98 - Intermediate rollout timing summary: env_steps=690633 infer_calls=172659 feedback_calls=172658 infer_wait=7675.313s infer_obs_pack=8.042s env_step=5080.846s feedback_total=35.758s feedback_obs_pack=11.766s feedback_info_pack=0.595s effective_fps=53.96
2026-09-27 16:04:38.351 | INFO     | plugrl_env_client.runner.rollout:log_timing_summary:98 - Intermediate rollout timing summary: env_steps=690633 infer_calls=172659 feedback_calls=172658 infer_wait=7665.807s infer_obs_pack=8.213s env_step=5090.106s feedback_total=35.390s feedback_obs_pack=11.505s feedback_info_pack=0.594s effective_fps=53.96
2026-09-27 16:04:38.351 | INFO     | plugrl_env_client.runner.rollout:log_timing_summary:98 - Intermediate rollout timing summary: env_steps=690633 infer_calls=172659 feedback_calls=172658 infer_wait=7661.666s infer_obs_pack=8.229s env_step=5094.550s feedback_total=35.839s feedback_obs_pack=11.764s feedback_info_pack=0.627s effective_fps=53.95
2026-09-27 16:05:08.352 | INFO     | plugrl_env_client.runner.rollout:log_timing_summary:98 - Intermediate rollout timing summary: env_steps=693351 infer_calls=173338 feedback_calls=173337 infer_wait=7671.203s infer_obs_pack=8.261s env_step=5114.738s feedback_total=35.975s feedback_obs_pack=11.810s feedback_info_pack=0.630s effective_fps=54.04
2026-09-27 16:05:08.354 | INFO     | plugrl_env_client.runner.rollout:log_timing_summary:98 - Intermediate rollout timing summary: env_steps=693352 infer_calls=173338 feedback_calls=173338 infer_wait=7675.546s infer_obs_pack=8.245s env_step=5110.093s feedback_total=35.524s feedback_obs_pack=11.550s feedback_info_pack=0.596s effective_fps=54.04
2026-09-27 16:05:08.357 | INFO     | plugrl_env_client.runner.rollout:log_timing_summary:98 - Intermediate rollout timing summary: env_steps=693352 infer_calls=173338 feedback_calls=173338 infer_wait=7684.429s infer_obs_pack=8.075s env_step=5101.457s feedback_total=35.894s feedback_obs_pack=11.813s feedback_info_pack=0.597s effective_fps=54.04
2026-09-27 16:05:38.357 | INFO     | plugrl_env_client.runner.rollout:log_timing_summary:98 - Intermediate rollout timing summary: env_steps=696112 infer_calls=174028 feedback_calls=174028 infer_wait=7680.938s infer_obs_pack=8.296s env_step=5134.716s feedback_total=36.115s feedback_obs_pack=11.860s feedback_info_pack=0.632s effective_fps=54.13
2026-09-27 16:05:38.376 | INFO     | plugrl_env_client.runner.rollout:log_timing_summary:98 - Intermediate rollout timing summary: env_steps=696113 infer_calls=174029 feedback_calls=174028 infer_wait=7684.986s infer_obs_pack=8.277s env_step=5130.391s feedback_total=35.657s feedback_obs_pack=11.596s feedback_info_pack=0.598s effective_fps=54.13
2026-09-27 16:05:38.380 | INFO     | plugrl_env_client.runner.rollout:log_timing_summary:98 - Intermediate rollout timing summary: env_steps=696113 infer_calls=174029 feedback_calls=174028 infer_wait=7693.843s infer_obs_pack=8.107s env_step=5121.782s feedback_total=36.033s feedback_obs_pack=11.860s feedback_info_pack=0.600s effective_fps=54.13
2026-09-27 16:06:08.360 | INFO     | plugrl_env_client.runner.rollout:log_timing_summary:98 - Intermediate rollout timing summary: env_steps=698814 infer_calls=174704 feedback_calls=174703 infer_wait=7690.336s infer_obs_pack=8.329s env_step=5155.042s feedback_total=36.253s feedback_obs_pack=11.905s feedback_info_pack=0.634s effective_fps=54.21
2026-09-27 16:06:08.385 | INFO     | plugrl_env_client.runner.rollout:log_timing_summary:98 - Intermediate rollout timing summary: env_steps=698817 infer_calls=174705 feedback_calls=174704 infer_wait=7694.628s infer_obs_pack=8.309s env_step=5150.480s feedback_total=35.790s feedback_obs_pack=11.640s feedback_info_pack=0.600s effective_fps=54.22
2026-09-27 16:06:08.387 | INFO     | plugrl_env_client.runner.rollout:log_timing_summary:98 - Intermediate rollout timing summary: env_steps=698817 infer_calls=174705 feedback_calls=174704 infer_wait=7703.309s infer_obs_pack=8.138s env_step=5142.045s feedback_total=36.168s feedback_obs_pack=11.904s feedback_info_pack=0.602s effective_fps=54.22
2026-09-27 16:06:38.363 | INFO     | plugrl_env_client.runner.rollout:log_timing_summary:98 - Intermediate rollout timing summary: env_steps=701546 infer_calls=175387 feedback_calls=175386 infer_wait=7699.655s infer_obs_pack=8.361s env_step=5175.447s feedback_total=36.392s feedback_obs_pack=11.953s feedback_info_pack=0.637s effective_fps=54.30
2026-09-27 16:06:38.404 | INFO     | plugrl_env_client.runner.rollout:log_timing_summary:98 - Intermediate rollout timing summary: env_steps=701549 infer_calls=175388 feedback_calls=175387 infer_wait=7712.056s infer_obs_pack=8.171s env_step=5163.041s feedback_total=36.303s feedback_obs_pack=11.950s feedback_info_pack=0.604s effective_fps=54.30
2026-09-27 16:06:38.405 | INFO     | plugrl_env_client.runner.rollout:log_timing_summary:98 - Intermediate rollout timing summary: env_steps=701549 infer_calls=175388 feedback_calls=175387 infer_wait=7704.541s infer_obs_pack=8.342s env_step=5170.298s feedback_total=35.934s feedback_obs_pack=11.689s feedback_info_pack=0.603s effective_fps=54.30
2026-09-27 16:09:11.601 | INFO     | plugrl_env_client.runner.rollout:log_timing_summary:98 - Intermediate rollout timing summary: env_steps=704001 infer_calls=176001 feedback_calls=176000 infer_wait=7834.160s infer_obs_pack=8.390s env_step=5193.926s feedback_total=36.516s feedback_obs_pack=11.995s feedback_info_pack=0.639s effective_fps=53.85
2026-09-27 16:09:11.607 | INFO     | plugrl_env_client.runner.rollout:log_timing_summary:98 - Intermediate rollout timing summary: env_steps=704001 infer_calls=176001 feedback_calls=176000 infer_wait=7846.417s infer_obs_pack=8.201s env_step=5181.619s feedback_total=36.428s feedback_obs_pack=11.993s feedback_info_pack=0.606s effective_fps=53.85
2026-09-27 16:09:11.607 | INFO     | plugrl_env_client.runner.rollout:log_timing_summary:98 - Intermediate rollout timing summary: env_steps=704001 infer_calls=176001 feedback_calls=176000 infer_wait=7839.116s infer_obs_pack=8.373s env_step=5188.670s feedback_total=36.056s feedback_obs_pack=11.732s feedback_info_pack=0.605s effective_fps=53.85
2026-09-27 16:09:41.607 | INFO     | plugrl_env_client.runner.rollout:log_timing_summary:98 - Intermediate rollout timing summary: env_steps=706917 infer_calls=176730 feedback_calls=176729 infer_wait=7842.791s infer_obs_pack=8.423s env_step=5214.987s feedback_total=36.679s feedback_obs_pack=12.046s feedback_info_pack=0.641s effective_fps=53.95
2026-09-27 16:09:41.608 | INFO     | plugrl_env_client.runner.rollout:log_timing_summary:98 - Intermediate rollout timing summary: env_steps=706917 infer_calls=176730 feedback_calls=176729 infer_wait=7848.054s infer_obs_pack=8.406s env_step=5209.422s feedback_total=36.214s feedback_obs_pack=11.779s feedback_info_pack=0.607s effective_fps=53.95
2026-09-27 16:09:41.612 | INFO     | plugrl_env_client.runner.rollout:log_timing_summary:98 - Intermediate rollout timing summary: env_steps=706918 infer_calls=176730 feedback_calls=176729 infer_wait=7855.637s infer_obs_pack=8.234s env_step=5202.082s feedback_total=36.594s feedback_obs_pack=12.047s feedback_info_pack=0.609s effective_fps=53.95
2026-09-27 16:10:11.615 | INFO     | plugrl_env_client.runner.rollout:log_timing_summary:98 - Intermediate rollout timing summary: env_steps=709737 infer_calls=177435 feedback_calls=177434 infer_wait=7856.986s infer_obs_pack=8.441s env_step=5230.197s feedback_total=36.360s feedback_obs_pack=11.826s feedback_info_pack=0.610s effective_fps=54.05
2026-09-27 16:10:11.615 | INFO     | plugrl_env_client.runner.rollout:log_timing_summary:98 - Intermediate rollout timing summary: env_steps=709737 infer_calls=177435 feedback_calls=177434 infer_wait=7864.961s infer_obs_pack=8.267s env_step=5222.468s feedback_total=36.739s feedback_obs_pack=12.094s feedback_info_pack=0.611s effective_fps=54.04
2026-09-27 16:10:11.617 | INFO     | plugrl_env_client.runner.rollout:log_timing_summary:98 - Intermediate rollout timing summary: env_steps=709737 infer_calls=177435 feedback_calls=177434 infer_wait=7851.502s infer_obs_pack=8.456s env_step=5235.998s feedback_total=36.821s feedback_obs_pack=12.092s feedback_info_pack=0.644s effective_fps=54.04
2026-09-27 16:10:41.622 | INFO     | plugrl_env_client.runner.rollout:log_timing_summary:98 - Intermediate rollout timing summary: env_steps=712576 infer_calls=178144 feedback_calls=178144 infer_wait=7865.571s infer_obs_pack=8.475s env_step=5251.316s feedback_total=36.508s feedback_obs_pack=11.872s feedback_info_pack=0.612s effective_fps=54.14
2026-09-27 16:10:41.623 | INFO     | plugrl_env_client.runner.rollout:log_timing_summary:98 - Intermediate rollout timing summary: env_steps=712575 infer_calls=178144 feedback_calls=178143 infer_wait=7860.926s infer_obs_pack=8.489s env_step=5256.285s feedback_total=36.970s feedback_obs_pack=12.139s feedback_info_pack=0.646s effective_fps=54.14
2026-09-27 16:10:41.624 | INFO     | plugrl_env_client.runner.rollout:log_timing_summary:98 - Intermediate rollout timing summary: env_steps=712575 infer_calls=178144 feedback_calls=178143 infer_wait=7874.351s infer_obs_pack=8.300s env_step=5242.783s feedback_total=36.892s feedback_obs_pack=12.142s feedback_info_pack=0.614s effective_fps=54.14
2026-09-27 16:11:11.623 | INFO     | plugrl_env_client.runner.rollout:log_timing_summary:98 - Intermediate rollout timing summary: env_steps=715347 infer_calls=178837 feedback_calls=178836 infer_wait=7874.205s infer_obs_pack=8.507s env_step=5272.392s feedback_total=36.651s feedback_obs_pack=11.919s feedback_info_pack=0.614s effective_fps=54.23
2026-09-27 16:11:11.624 | INFO     | plugrl_env_client.runner.rollout:log_timing_summary:98 - Intermediate rollout timing summary: env_steps=715345 infer_calls=178837 feedback_calls=178836 infer_wait=7883.483s infer_obs_pack=8.332s env_step=5263.358s feedback_total=37.041s feedback_obs_pack=12.191s feedback_info_pack=0.616s effective_fps=54.22
2026-09-27 16:11:11.629 | INFO     | plugrl_env_client.runner.rollout:log_timing_summary:98 - Intermediate rollout timing summary: env_steps=715346 infer_calls=178837 feedback_calls=178836 infer_wait=7870.139s infer_obs_pack=8.522s env_step=5276.780s feedback_total=37.119s feedback_obs_pack=12.186s feedback_info_pack=0.649s effective_fps=54.22
2026-09-27 16:11:41.645 | INFO     | plugrl_env_client.runner.rollout:log_timing_summary:98 - Intermediate rollout timing summary: env_steps=718145 infer_calls=179537 feedback_calls=179536 infer_wait=7883.346s infer_obs_pack=8.545s env_step=5292.967s feedback_total=36.799s feedback_obs_pack=11.967s feedback_info_pack=0.617s effective_fps=54.32
2026-09-27 16:11:41.646 | INFO     | plugrl_env_client.runner.rollout:log_timing_summary:98 - Intermediate rollout timing summary: env_steps=718145 infer_calls=179537 feedback_calls=179536 infer_wait=7892.757s infer_obs_pack=8.365s env_step=5283.808s feedback_total=37.185s feedback_obs_pack=12.238s feedback_info_pack=0.619s effective_fps=54.31
2026-09-27 16:11:41.651 | INFO     | plugrl_env_client.runner.rollout:log_timing_summary:98 - Intermediate rollout timing summary: env_steps=718145 infer_calls=179537 feedback_calls=179536 infer_wait=7878.998s infer_obs_pack=8.554s env_step=5297.659s feedback_total=37.260s feedback_obs_pack=12.233s feedback_info_pack=0.651s effective_fps=54.31
2026-09-27 16:14:04.351 | INFO     | plugrl_env_client.runner.rollout:log_timing_summary:98 - Intermediate rollout timing summary: env_steps=720001 infer_calls=180001 feedback_calls=180000 infer_wait=8007.880s infer_obs_pack=8.575s env_step=5311.280s feedback_total=37.355s feedback_obs_pack=12.264s feedback_info_pack=0.653s effective_fps=53.87
2026-09-27 16:14:04.358 | INFO     | plugrl_env_client.runner.rollout:log_timing_summary:98 - Intermediate rollout timing summary: env_steps=720001 infer_calls=180001 feedback_calls=180000 infer_wait=8021.801s infer_obs_pack=8.385s env_step=5297.281s feedback_total=37.281s feedback_obs_pack=12.269s feedback_info_pack=0.620s effective_fps=53.87
2026-09-27 16:14:04.358 | INFO     | plugrl_env_client.runner.rollout:log_timing_summary:98 - Intermediate rollout timing summary: env_steps=720001 infer_calls=180001 feedback_calls=180000 infer_wait=8011.679s infer_obs_pack=8.571s env_step=5307.142s feedback_total=36.898s feedback_obs_pack=11.998s feedback_info_pack=0.618s effective_fps=53.87
2026-09-27 16:14:34.369 | INFO     | plugrl_env_client.runner.rollout:log_timing_summary:98 - Intermediate rollout timing summary: env_steps=722877 infer_calls=180720 feedback_calls=180719 infer_wait=8020.533s infer_obs_pack=8.607s env_step=5327.976s feedback_total=37.061s feedback_obs_pack=12.046s feedback_info_pack=0.621s effective_fps=53.97
2026-09-27 16:14:34.371 | INFO     | plugrl_env_client.runner.rollout:log_timing_summary:98 - Intermediate rollout timing summary: env_steps=722877 infer_calls=180720 feedback_calls=180719 infer_wait=8016.382s infer_obs_pack=8.609s env_step=5332.492s feedback_total=37.515s feedback_obs_pack=12.313s feedback_info_pack=0.656s effective_fps=53.97
2026-09-27 16:14:34.373 | INFO     | plugrl_env_client.runner.rollout:log_timing_summary:98 - Intermediate rollout timing summary: env_steps=722877 infer_calls=180720 feedback_calls=180719 infer_wait=8030.398s infer_obs_pack=8.417s env_step=5318.396s feedback_total=37.434s feedback_obs_pack=12.317s feedback_info_pack=0.623s effective_fps=53.97
2026-09-27 16:15:04.373 | INFO     | plugrl_env_client.runner.rollout:log_timing_summary:98 - Intermediate rollout timing summary: env_steps=725687 infer_calls=181422 feedback_calls=181421 infer_wait=8029.211s infer_obs_pack=8.641s env_step=5349.000s feedback_total=37.211s feedback_obs_pack=12.094s feedback_info_pack=0.623s effective_fps=54.06
2026-09-27 16:15:04.374 | INFO     | plugrl_env_client.runner.rollout:log_timing_summary:98 - Intermediate rollout timing summary: env_steps=725688 infer_calls=181422 feedback_calls=181422 infer_wait=8025.819s infer_obs_pack=8.643s env_step=5352.767s feedback_total=37.657s feedback_obs_pack=12.361s feedback_info_pack=0.658s effective_fps=54.06
2026-09-27 16:15:04.376 | INFO     | plugrl_env_client.runner.rollout:log_timing_summary:98 - Intermediate rollout timing summary: env_steps=725687 infer_calls=181422 feedback_calls=181421 infer_wait=8039.583s infer_obs_pack=8.450s env_step=5338.916s feedback_total=37.583s feedback_obs_pack=12.363s feedback_info_pack=0.626s effective_fps=54.06
2026-09-27 16:15:34.374 | INFO     | plugrl_env_client.runner.rollout:log_timing_summary:98 - Intermediate rollout timing summary: env_steps=728503 infer_calls=182126 feedback_calls=182125 infer_wait=8038.071s infer_obs_pack=8.674s env_step=5369.845s feedback_total=37.358s feedback_obs_pack=12.139s feedback_info_pack=0.625s effective_fps=54.15
2026-09-27 16:15:34.378 | INFO     | plugrl_env_client.runner.rollout:log_timing_summary:98 - Intermediate rollout timing summary: env_steps=728504 infer_calls=182126 feedback_calls=182126 infer_wait=8034.794s infer_obs_pack=8.676s env_step=5373.505s feedback_total=37.802s feedback_obs_pack=12.408s feedback_info_pack=0.661s effective_fps=54.14
2026-09-27 16:15:34.380 | INFO     | plugrl_env_client.runner.rollout:log_timing_summary:98 - Intermediate rollout timing summary: env_steps=728504 infer_calls=182126 feedback_calls=182126 infer_wait=8048.805s infer_obs_pack=8.481s env_step=5359.404s feedback_total=37.729s feedback_obs_pack=12.411s feedback_info_pack=0.628s effective_fps=54.15
2026-09-27 16:16:04.386 | INFO     | plugrl_env_client.runner.rollout:log_timing_summary:98 - Intermediate rollout timing summary: env_steps=731333 infer_calls=182834 feedback_calls=182833 infer_wait=8058.108s infer_obs_pack=8.514s env_step=5379.817s feedback_total=37.872s feedback_obs_pack=12.459s feedback_info_pack=0.632s effective_fps=54.24
2026-09-27 16:16:04.386 | INFO     | plugrl_env_client.runner.rollout:log_timing_summary:98 - Intermediate rollout timing summary: env_steps=731333 infer_calls=182834 feedback_calls=182833 infer_wait=8043.744s infer_obs_pack=8.710s env_step=5394.259s feedback_total=37.955s feedback_obs_pack=12.461s feedback_info_pack=0.664s effective_fps=54.23
2026-09-27 16:16:04.386 | INFO     | plugrl_env_client.runner.rollout:log_timing_summary:98 - Intermediate rollout timing summary: env_steps=731333 infer_calls=182834 feedback_calls=182833 infer_wait=8047.389s infer_obs_pack=8.707s env_step=5390.242s feedback_total=37.505s feedback_obs_pack=12.188s feedback_info_pack=0.628s effective_fps=54.24
2026-09-27 16:16:34.390 | INFO     | plugrl_env_client.runner.rollout:log_timing_summary:98 - Intermediate rollout timing summary: env_steps=734112 infer_calls=183528 feedback_calls=183528 infer_wait=8066.878s infer_obs_pack=8.546s env_step=5400.763s feedback_total=38.015s feedback_obs_pack=12.507s feedback_info_pack=0.634s effective_fps=54.32
2026-09-27 16:16:34.414 | INFO     | plugrl_env_client.runner.rollout:log_timing_summary:98 - Intermediate rollout timing summary: env_steps=734113 infer_calls=183529 feedback_calls=183528 infer_wait=8057.233s infer_obs_pack=8.739s env_step=5410.138s feedback_total=37.645s feedback_obs_pack=12.234s feedback_info_pack=0.630s effective_fps=54.32
2026-09-27 16:16:34.414 | INFO     | plugrl_env_client.runner.rollout:log_timing_summary:98 - Intermediate rollout timing summary: env_steps=734113 infer_calls=183529 feedback_calls=183528 infer_wait=8053.003s infer_obs_pack=8.743s env_step=5414.738s feedback_total=38.099s feedback_obs_pack=12.509s feedback_info_pack=0.666s effective_fps=54.32
2026-09-27 16:19:00.640 | INFO     | plugrl_env_client.runner.rollout:log_timing_summary:98 - Intermediate rollout timing summary: env_steps=736001 infer_calls=184001 feedback_calls=184000 infer_wait=8184.615s infer_obs_pack=8.766s env_step=5429.157s feedback_total=38.195s feedback_obs_pack=12.541s feedback_info_pack=0.668s effective_fps=53.88
2026-09-27 16:19:00.640 | INFO     | plugrl_env_client.runner.rollout:log_timing_summary:98 - Intermediate rollout timing summary: env_steps=736001 infer_calls=184001 feedback_calls=184000 infer_wait=8198.877s infer_obs_pack=8.568s env_step=5414.817s feedback_total=38.111s feedback_obs_pack=12.541s feedback_info_pack=0.636s effective_fps=53.88
2026-09-27 16:19:00.641 | INFO     | plugrl_env_client.runner.rollout:log_timing_summary:98 - Intermediate rollout timing summary: env_steps=736001 infer_calls=184001 feedback_calls=184000 infer_wait=8188.491s infer_obs_pack=8.762s env_step=5424.911s feedback_total=37.739s feedback_obs_pack=12.266s feedback_info_pack=0.632s effective_fps=53.88
2026-09-27 16:19:30.641 | INFO     | plugrl_env_client.runner.rollout:log_timing_summary:98 - Intermediate rollout timing summary: env_steps=738780 infer_calls=184695 feedback_calls=184695 infer_wait=8193.572s infer_obs_pack=8.799s env_step=5449.910s feedback_total=38.339s feedback_obs_pack=12.593s feedback_info_pack=0.671s effective_fps=53.96
2026-09-27 16:19:30.643 | INFO     | plugrl_env_client.runner.rollout:log_timing_summary:98 - Intermediate rollout timing summary: env_steps=738780 infer_calls=184695 feedback_calls=184695 infer_wait=8197.698s infer_obs_pack=8.795s env_step=5445.416s feedback_total=37.882s feedback_obs_pack=12.315s feedback_info_pack=0.634s effective_fps=53.97
2026-09-27 16:19:30.645 | INFO     | plugrl_env_client.runner.rollout:log_timing_summary:98 - Intermediate rollout timing summary: env_steps=738780 infer_calls=184695 feedback_calls=184695 infer_wait=8208.105s infer_obs_pack=8.600s env_step=5435.308s feedback_total=38.252s feedback_obs_pack=12.590s feedback_info_pack=0.638s effective_fps=53.96
2026-09-27 16:20:00.643 | INFO     | plugrl_env_client.runner.rollout:log_timing_summary:98 - Intermediate rollout timing summary: env_steps=741479 infer_calls=185370 feedback_calls=185369 infer_wait=8203.470s infer_obs_pack=8.835s env_step=5469.726s feedback_total=38.481s feedback_obs_pack=12.639s feedback_info_pack=0.673s effective_fps=54.04
2026-09-27 16:20:00.651 | INFO     | plugrl_env_client.runner.rollout:log_timing_summary:98 - Intermediate rollout timing summary: env_steps=741480 infer_calls=185370 feedback_calls=185370 infer_wait=8217.790s infer_obs_pack=8.632s env_step=5455.349s feedback_total=38.389s feedback_obs_pack=12.637s feedback_info_pack=0.640s effective_fps=54.04
2026-09-27 16:20:00.672 | INFO     | plugrl_env_client.runner.rollout:log_timing_summary:98 - Intermediate rollout timing summary: env_steps=741481 infer_calls=185371 feedback_calls=185370 infer_wait=8207.139s infer_obs_pack=8.827s env_step=5465.718s feedback_total=38.021s feedback_obs_pack=12.364s feedback_info_pack=0.636s effective_fps=54.04
2026-09-27 16:20:30.649 | INFO     | plugrl_env_client.runner.rollout:log_timing_summary:98 - Intermediate rollout timing summary: env_steps=744241 infer_calls=186061 feedback_calls=186060 infer_wait=8212.720s infer_obs_pack=8.868s env_step=5490.195s feedback_total=38.622s feedback_obs_pack=12.689s feedback_info_pack=0.675s effective_fps=54.13
2026-09-27 16:20:30.651 | INFO     | plugrl_env_client.runner.rollout:log_timing_summary:98 - Intermediate rollout timing summary: env_steps=744241 infer_calls=186061 feedback_calls=186060 infer_wait=8226.891s infer_obs_pack=8.666s env_step=5475.967s feedback_total=38.526s feedback_obs_pack=12.683s feedback_info_pack=0.643s effective_fps=54.13
2026-09-27 16:20:30.695 | INFO     | plugrl_env_client.runner.rollout:log_timing_summary:98 - Intermediate rollout timing summary: env_steps=744245 infer_calls=186062 feedback_calls=186061 infer_wait=8216.675s infer_obs_pack=8.863s env_step=5485.915s feedback_total=38.158s feedback_obs_pack=12.410s feedback_info_pack=0.639s effective_fps=54.13
2026-09-27 16:21:00.653 | INFO     | plugrl_env_client.runner.rollout:log_timing_summary:98 - Intermediate rollout timing summary: env_steps=747040 infer_calls=186760 feedback_calls=186760 infer_wait=8236.094s infer_obs_pack=8.698s env_step=5496.466s feedback_total=38.676s feedback_obs_pack=12.729s feedback_info_pack=0.645s effective_fps=54.21
2026-09-27 16:21:00.656 | INFO     | plugrl_env_client.runner.rollout:log_timing_summary:98 - Intermediate rollout timing summary: env_steps=747039 infer_calls=186760 feedback_calls=186759 infer_wait=8222.051s infer_obs_pack=8.900s env_step=5510.586s feedback_total=38.762s feedback_obs_pack=12.735s feedback_info_pack=0.678s effective_fps=54.21
2026-09-27 16:21:00.697 | INFO     | plugrl_env_client.runner.rollout:log_timing_summary:98 - Intermediate rollout timing summary: env_steps=747043 infer_calls=186761 feedback_calls=186760 infer_wait=8225.559s infer_obs_pack=8.896s env_step=5506.741s feedback_total=38.304s feedback_obs_pack=12.457s feedback_info_pack=0.641s effective_fps=54.21
2026-09-27 16:21:30.654 | INFO     | plugrl_env_client.runner.rollout:log_timing_summary:98 - Intermediate rollout timing summary: env_steps=749726 infer_calls=187432 feedback_calls=187431 infer_wait=8245.155s infer_obs_pack=8.732s env_step=5517.121s feedback_total=38.813s feedback_obs_pack=12.776s feedback_info_pack=0.648s effective_fps=54.29
2026-09-27 16:21:30.658 | INFO     | plugrl_env_client.runner.rollout:log_timing_summary:98 - Intermediate rollout timing summary: env_steps=749727 infer_calls=187432 feedback_calls=187431 infer_wait=8231.699s infer_obs_pack=8.933s env_step=5530.656s feedback_total=38.904s feedback_obs_pack=12.781s feedback_info_pack=0.680s effective_fps=54.29
2026-09-27 16:21:30.705 | INFO     | plugrl_env_client.runner.rollout:log_timing_summary:98 - Intermediate rollout timing summary: env_steps=749730 infer_calls=187433 feedback_calls=187432 infer_wait=8235.488s infer_obs_pack=8.928s env_step=5526.538s feedback_total=38.442s feedback_obs_pack=12.502s feedback_info_pack=0.644s effective_fps=54.29
2026-09-27 16:24:02.243 | INFO     | plugrl_env_client.runner.rollout:log_timing_summary:98 - Intermediate rollout timing summary: env_steps=752001 infer_calls=188001 feedback_calls=188000 infer_wait=8366.192s infer_obs_pack=8.961s env_step=5547.495s feedback_total=39.027s feedback_obs_pack=12.820s feedback_info_pack=0.683s effective_fps=53.86
2026-09-27 16:24:02.244 | INFO     | plugrl_env_client.runner.rollout:log_timing_summary:98 - Intermediate rollout timing summary: env_steps=752001 infer_calls=188001 feedback_calls=188000 infer_wait=8379.589s infer_obs_pack=8.759s env_step=5534.042s feedback_total=38.928s feedback_obs_pack=12.815s feedback_info_pack=0.650s effective_fps=53.86
2026-09-27 16:24:02.246 | INFO     | plugrl_env_client.runner.rollout:log_timing_summary:98 - Intermediate rollout timing summary: env_steps=752001 infer_calls=188001 feedback_calls=188000 infer_wait=8369.532s infer_obs_pack=8.956s env_step=5543.794s feedback_total=38.556s feedback_obs_pack=12.540s feedback_info_pack=0.646s effective_fps=53.87
2026-09-27 16:24:32.247 | INFO     | plugrl_env_client.runner.rollout:log_timing_summary:98 - Intermediate rollout timing summary: env_steps=754886 infer_calls=188722 feedback_calls=188721 infer_wait=8374.815s infer_obs_pack=8.994s env_step=5568.565s feedback_total=39.186s feedback_obs_pack=12.867s feedback_info_pack=0.685s effective_fps=53.95
2026-09-27 16:24:32.248 | INFO     | plugrl_env_client.runner.rollout:log_timing_summary:98 - Intermediate rollout timing summary: env_steps=754887 infer_calls=188722 feedback_calls=188721 infer_wait=8388.369s infer_obs_pack=8.790s env_step=5554.953s feedback_total=39.091s feedback_obs_pack=12.861s feedback_info_pack=0.652s effective_fps=53.95
2026-09-27 16:24:32.255 | INFO     | plugrl_env_client.runner.rollout:log_timing_summary:98 - Intermediate rollout timing summary: env_steps=754887 infer_calls=188722 feedback_calls=188721 infer_wait=8378.178s infer_obs_pack=8.989s env_step=5564.839s feedback_total=38.719s feedback_obs_pack=12.587s feedback_info_pack=0.648s effective_fps=53.96
2026-09-27 16:25:02.253 | INFO     | plugrl_env_client.runner.rollout:log_timing_summary:98 - Intermediate rollout timing summary: env_steps=757745 infer_calls=189437 feedback_calls=189436 infer_wait=8397.000s infer_obs_pack=8.822s env_step=5576.026s feedback_total=39.242s feedback_obs_pack=12.908s feedback_info_pack=0.655s effective_fps=54.04
2026-09-27 16:25:02.254 | INFO     | plugrl_env_client.runner.rollout:log_timing_summary:98 - Intermediate rollout timing summary: env_steps=757745 infer_calls=189437 feedback_calls=189436 infer_wait=8384.225s infer_obs_pack=9.028s env_step=5588.860s feedback_total=39.337s feedback_obs_pack=12.914s feedback_info_pack=0.688s effective_fps=54.04
2026-09-27 16:25:02.262 | INFO     | plugrl_env_client.runner.rollout:log_timing_summary:98 - Intermediate rollout timing summary: env_steps=757746 infer_calls=189437 feedback_calls=189436 infer_wait=8386.904s infer_obs_pack=9.022s env_step=5585.818s feedback_total=38.865s feedback_obs_pack=12.634s feedback_info_pack=0.651s effective_fps=54.05
2026-09-27 16:25:32.254 | INFO     | plugrl_env_client.runner.rollout:log_timing_summary:98 - Intermediate rollout timing summary: env_steps=760592 infer_calls=190148 feedback_calls=190148 infer_wait=8406.094s infer_obs_pack=8.855s env_step=5596.625s feedback_total=39.399s feedback_obs_pack=12.960s feedback_info_pack=0.658s effective_fps=54.13
2026-09-27 16:25:32.255 | INFO     | plugrl_env_client.runner.rollout:log_timing_summary:98 - Intermediate rollout timing summary: env_steps=760591 infer_calls=190148 feedback_calls=190147 infer_wait=8392.927s infer_obs_pack=9.060s env_step=5609.857s feedback_total=39.486s feedback_obs_pack=12.965s feedback_info_pack=0.690s effective_fps=54.13
2026-09-27 16:25:32.277 | INFO     | plugrl_env_client.runner.rollout:log_timing_summary:98 - Intermediate rollout timing summary: env_steps=760593 infer_calls=190149 feedback_calls=190148 infer_wait=8395.672s infer_obs_pack=9.055s env_step=5606.765s feedback_total=39.013s feedback_obs_pack=12.682s feedback_info_pack=0.653s effective_fps=54.13
2026-09-27 16:26:02.258 | INFO     | plugrl_env_client.runner.rollout:log_timing_summary:98 - Intermediate rollout timing summary: env_steps=763455 infer_calls=190864 feedback_calls=190863 infer_wait=8401.681s infer_obs_pack=9.093s env_step=5630.810s feedback_total=39.638s feedback_obs_pack=13.014s feedback_info_pack=0.693s effective_fps=54.22
2026-09-27 16:26:02.260 | INFO     | plugrl_env_client.runner.rollout:log_timing_summary:98 - Intermediate rollout timing summary: env_steps=763455 infer_calls=190864 feedback_calls=190863 infer_wait=8415.115s infer_obs_pack=8.887s env_step=5617.297s feedback_total=39.558s feedback_obs_pack=13.007s feedback_info_pack=0.660s effective_fps=54.22
2026-09-27 16:26:02.280 | INFO     | plugrl_env_client.runner.rollout:log_timing_summary:98 - Intermediate rollout timing summary: env_steps=763457 infer_calls=190865 feedback_calls=190864 infer_wait=8404.148s infer_obs_pack=9.087s env_step=5627.996s feedback_total=39.158s feedback_obs_pack=12.730s feedback_info_pack=0.655s effective_fps=54.22
2026-09-27 16:26:32.277 | INFO     | plugrl_env_client.runner.rollout:log_timing_summary:98 - Intermediate rollout timing summary: env_steps=766297 infer_calls=191575 feedback_calls=191574 infer_wait=8410.555s infer_obs_pack=9.126s env_step=5651.656s feedback_total=39.791s feedback_obs_pack=13.061s feedback_info_pack=0.695s effective_fps=54.30
2026-09-27 16:26:32.279 | INFO     | plugrl_env_client.runner.rollout:log_timing_summary:98 - Intermediate rollout timing summary: env_steps=766297 infer_calls=191575 feedback_calls=191574 infer_wait=8423.912s infer_obs_pack=8.922s env_step=5638.211s feedback_total=39.718s feedback_obs_pack=13.060s feedback_info_pack=0.663s effective_fps=54.31
2026-09-27 16:26:32.287 | INFO     | plugrl_env_client.runner.rollout:log_timing_summary:98 - Intermediate rollout timing summary: env_steps=766298 infer_calls=191575 feedback_calls=191574 infer_wait=8412.842s infer_obs_pack=9.120s env_step=5649.013s feedback_total=39.303s feedback_obs_pack=12.776s feedback_info_pack=0.658s effective_fps=54.31
2026-09-27 16:28:53.544 | INFO     | plugrl_env_client.runner.rollout:log_timing_summary:98 - Intermediate rollout timing summary: env_steps=768001 infer_calls=192001 feedback_calls=192000 infer_wait=8541.453s infer_obs_pack=9.139s env_step=5661.479s feedback_total=39.390s feedback_obs_pack=12.802s feedback_info_pack=0.659s effective_fps=53.89
2026-09-27 16:28:53.548 | INFO     | plugrl_env_client.runner.rollout:log_timing_summary:98 - Intermediate rollout timing summary: env_steps=768001 infer_calls=192001 feedback_calls=192000 infer_wait=8552.486s infer_obs_pack=8.940s env_step=5650.731s feedback_total=39.806s feedback_obs_pack=13.088s feedback_info_pack=0.664s effective_fps=53.89
2026-09-27 16:28:53.548 | INFO     | plugrl_env_client.runner.rollout:log_timing_summary:98 - Intermediate rollout timing summary: env_steps=768001 infer_calls=192001 feedback_calls=192000 infer_wait=8539.164s infer_obs_pack=9.147s env_step=5664.139s feedback_total=39.879s feedback_obs_pack=13.089s feedback_info_pack=0.697s effective_fps=53.89
2026-09-27 16:29:23.550 | INFO     | plugrl_env_client.runner.rollout:log_timing_summary:98 - Intermediate rollout timing summary: env_steps=770808 infer_calls=192702 feedback_calls=192702 infer_wait=8560.970s infer_obs_pack=8.971s env_step=5671.950s feedback_total=39.961s feedback_obs_pack=13.134s feedback_info_pack=0.666s effective_fps=53.97
2026-09-27 16:29:23.550 | INFO     | plugrl_env_client.runner.rollout:log_timing_summary:98 - Intermediate rollout timing summary: env_steps=770807 infer_calls=192702 feedback_calls=192701 infer_wait=8550.371s infer_obs_pack=9.172s env_step=5682.258s feedback_total=39.543s feedback_obs_pack=12.848s feedback_info_pack=0.661s effective_fps=53.97
2026-09-27 16:29:23.550 | INFO     | plugrl_env_client.runner.rollout:log_timing_summary:98 - Intermediate rollout timing summary: env_steps=770808 infer_calls=192702 feedback_calls=192702 infer_wait=8548.214s infer_obs_pack=9.181s env_step=5684.784s feedback_total=40.033s feedback_obs_pack=13.136s feedback_info_pack=0.699s effective_fps=53.97
2026-09-27 16:29:53.554 | INFO     | plugrl_env_client.runner.rollout:log_timing_summary:98 - Intermediate rollout timing summary: env_steps=773687 infer_calls=193422 feedback_calls=193421 infer_wait=8557.187s infer_obs_pack=9.215s env_step=5705.510s feedback_total=40.186s feedback_obs_pack=13.186s feedback_info_pack=0.702s effective_fps=54.06
2026-09-27 16:29:53.555 | INFO     | plugrl_env_client.runner.rollout:log_timing_summary:98 - Intermediate rollout timing summary: env_steps=773688 infer_calls=193422 feedback_calls=193422 infer_wait=8559.365s infer_obs_pack=9.205s env_step=5702.975s feedback_total=39.689s feedback_obs_pack=12.894s feedback_info_pack=0.664s effective_fps=54.06
2026-09-27 16:29:53.555 | INFO     | plugrl_env_client.runner.rollout:log_timing_summary:98 - Intermediate rollout timing summary: env_steps=773688 infer_calls=193422 feedback_calls=193422 infer_wait=8569.634s infer_obs_pack=9.004s env_step=5692.983s feedback_total=40.121s feedback_obs_pack=13.189s feedback_info_pack=0.671s effective_fps=54.06
2026-09-27 16:30:23.556 | INFO     | plugrl_env_client.runner.rollout:log_timing_summary:98 - Intermediate rollout timing summary: env_steps=776482 infer_calls=194121 feedback_calls=194120 infer_wait=8578.982s infer_obs_pack=9.036s env_step=5713.352s feedback_total=40.262s feedback_obs_pack=13.235s feedback_info_pack=0.673s effective_fps=54.14
2026-09-27 16:30:23.559 | INFO     | plugrl_env_client.runner.rollout:log_timing_summary:98 - Intermediate rollout timing summary: env_steps=776482 infer_calls=194121 feedback_calls=194120 infer_wait=8565.785s infer_obs_pack=9.247s env_step=5726.630s feedback_total=40.329s feedback_obs_pack=13.233s feedback_info_pack=0.704s effective_fps=54.14
2026-09-27 16:30:23.561 | INFO     | plugrl_env_client.runner.rollout:log_timing_summary:98 - Intermediate rollout timing summary: env_steps=776482 infer_calls=194121 feedback_calls=194120 infer_wait=8568.476s infer_obs_pack=9.243s env_step=5723.576s feedback_total=39.827s feedback_obs_pack=12.940s feedback_info_pack=0.666s effective_fps=54.14
2026-09-27 16:30:53.568 | INFO     | plugrl_env_client.runner.rollout:log_timing_summary:98 - Intermediate rollout timing summary: env_steps=779301 infer_calls=194826 feedback_calls=194825 infer_wait=8588.112s infer_obs_pack=9.071s env_step=5733.939s feedback_total=40.404s feedback_obs_pack=13.283s feedback_info_pack=0.676s effective_fps=54.23
2026-09-27 16:30:53.571 | INFO     | plugrl_env_client.runner.rollout:log_timing_summary:98 - Intermediate rollout timing summary: env_steps=779301 infer_calls=194826 feedback_calls=194825 infer_wait=8575.168s infer_obs_pack=9.280s env_step=5746.975s feedback_total=40.471s feedback_obs_pack=13.279s feedback_info_pack=0.707s effective_fps=54.22
2026-09-27 16:30:53.572 | INFO     | plugrl_env_client.runner.rollout:log_timing_summary:98 - Intermediate rollout timing summary: env_steps=779301 infer_calls=194826 feedback_calls=194825 infer_wait=8577.450s infer_obs_pack=9.275s env_step=5744.331s feedback_total=39.965s feedback_obs_pack=12.989s feedback_info_pack=0.668s effective_fps=54.23
2026-09-27 16:31:23.571 | INFO     | plugrl_env_client.runner.rollout:log_timing_summary:98 - Intermediate rollout timing summary: env_steps=782028 infer_calls=195507 feedback_calls=195507 infer_wait=8597.088s infer_obs_pack=9.106s env_step=5754.675s feedback_total=40.543s feedback_obs_pack=13.332s feedback_info_pack=0.678s effective_fps=54.30
2026-09-27 16:31:23.574 | INFO     | plugrl_env_client.runner.rollout:log_timing_summary:98 - Intermediate rollout timing summary: env_steps=782028 infer_calls=195507 feedback_calls=195507 infer_wait=8586.683s infer_obs_pack=9.310s env_step=5764.820s feedback_total=40.100s feedback_obs_pack=13.034s feedback_info_pack=0.671s effective_fps=54.30
2026-09-27 16:31:23.585 | INFO     | plugrl_env_client.runner.rollout:log_timing_summary:98 - Intermediate rollout timing summary: env_steps=782029 infer_calls=195508 feedback_calls=195507 infer_wait=8584.494s infer_obs_pack=9.312s env_step=5767.381s feedback_total=40.607s feedback_obs_pack=13.325s feedback_info_pack=0.709s effective_fps=54.30
2026-09-27 16:33:46.743 | INFO     | plugrl_env_client.runner.rollout:log_timing_summary:98 - Intermediate rollout timing summary: env_steps=784001 infer_calls=196001 feedback_calls=196000 infer_wait=8724.810s infer_obs_pack=9.133s env_step=5769.920s feedback_total=40.641s feedback_obs_pack=13.366s feedback_info_pack=0.680s effective_fps=53.90
2026-09-27 16:33:46.746 | INFO     | plugrl_env_client.runner.rollout:log_timing_summary:98 - Intermediate rollout timing summary: env_steps=784001 infer_calls=196001 feedback_calls=196000 infer_wait=8712.777s infer_obs_pack=9.334s env_step=5782.059s feedback_total=40.704s feedback_obs_pack=13.357s feedback_info_pack=0.711s effective_fps=53.90
2026-09-27 16:33:46.747 | INFO     | plugrl_env_client.runner.rollout:log_timing_summary:98 - Intermediate rollout timing summary: env_steps=784001 infer_calls=196001 feedback_calls=196000 infer_wait=8714.704s infer_obs_pack=9.334s env_step=5779.771s feedback_total=40.197s feedback_obs_pack=13.066s feedback_info_pack=0.672s effective_fps=53.91
2026-09-27 16:34:16.756 | INFO     | plugrl_env_client.runner.rollout:log_timing_summary:98 - Intermediate rollout timing summary: env_steps=786853 infer_calls=196714 feedback_calls=196713 infer_wait=8733.686s infer_obs_pack=9.165s env_step=5790.763s feedback_total=40.789s feedback_obs_pack=13.414s feedback_info_pack=0.682s effective_fps=53.99
2026-09-27 16:34:16.757 | INFO     | plugrl_env_client.runner.rollout:log_timing_summary:98 - Intermediate rollout timing summary: env_steps=786853 infer_calls=196714 feedback_calls=196713 infer_wait=8721.730s infer_obs_pack=9.369s env_step=5802.824s feedback_total=40.850s feedback_obs_pack=13.404s feedback_info_pack=0.713s effective_fps=53.99
2026-09-27 16:34:16.760 | INFO     | plugrl_env_client.runner.rollout:log_timing_summary:98 - Intermediate rollout timing summary: env_steps=786853 infer_calls=196714 feedback_calls=196713 infer_wait=8723.797s infer_obs_pack=9.366s env_step=5800.400s feedback_total=40.343s feedback_obs_pack=13.113s feedback_info_pack=0.675s effective_fps=53.99
2026-09-27 16:34:46.761 | INFO     | plugrl_env_client.runner.rollout:log_timing_summary:98 - Intermediate rollout timing summary: env_steps=789648 infer_calls=197412 feedback_calls=197412 infer_wait=8742.783s infer_obs_pack=9.199s env_step=5811.379s feedback_total=40.931s feedback_obs_pack=13.460s feedback_info_pack=0.684s effective_fps=54.07
2026-09-27 16:34:46.761 | INFO     | plugrl_env_client.runner.rollout:log_timing_summary:98 - Intermediate rollout timing summary: env_steps=789648 infer_calls=197412 feedback_calls=197412 infer_wait=8731.013s infer_obs_pack=9.402s env_step=5823.255s feedback_total=40.996s feedback_obs_pack=13.450s feedback_info_pack=0.716s effective_fps=54.07
2026-09-27 16:34:46.761 | INFO     | plugrl_env_client.runner.rollout:log_timing_summary:98 - Intermediate rollout timing summary: env_steps=789648 infer_calls=197412 feedback_calls=197412 infer_wait=8732.700s infer_obs_pack=9.399s env_step=5821.205s feedback_total=40.487s feedback_obs_pack=13.162s feedback_info_pack=0.677s effective_fps=54.07
2026-09-27 16:35:16.763 | INFO     | plugrl_env_client.runner.rollout:log_timing_summary:98 - Intermediate rollout timing summary: env_steps=792380 infer_calls=198095 feedback_calls=198095 infer_wait=8752.447s infer_obs_pack=9.231s env_step=5831.435s feedback_total=41.068s feedback_obs_pack=13.507s feedback_info_pack=0.687s effective_fps=54.15
2026-09-27 16:35:16.764 | INFO     | plugrl_env_client.runner.rollout:log_timing_summary:98 - Intermediate rollout timing summary: env_steps=792380 infer_calls=198095 feedback_calls=198095 infer_wait=8739.922s infer_obs_pack=9.436s env_step=5844.063s feedback_total=41.139s feedback_obs_pack=13.498s feedback_info_pack=0.718s effective_fps=54.14
2026-09-27 16:35:16.778 | INFO     | plugrl_env_client.runner.rollout:log_timing_summary:98 - Intermediate rollout timing summary: env_steps=792381 infer_calls=198096 feedback_calls=198095 infer_wait=8741.976s infer_obs_pack=9.436s env_step=5841.649s feedback_total=40.633s feedback_obs_pack=13.211s feedback_info_pack=0.679s effective_fps=54.15
2026-09-27 16:35:46.767 | INFO     | plugrl_env_client.runner.rollout:log_timing_summary:98 - Intermediate rollout timing summary: env_steps=795181 infer_calls=198796 feedback_calls=198795 infer_wait=8761.534s infer_obs_pack=9.264s env_step=5852.066s feedback_total=41.208s feedback_obs_pack=13.554s feedback_info_pack=0.689s effective_fps=54.23
2026-09-27 16:35:46.771 | INFO     | plugrl_env_client.runner.rollout:log_timing_summary:98 - Intermediate rollout timing summary: env_steps=795181 infer_calls=198796 feedback_calls=198795 infer_wait=8749.000s infer_obs_pack=9.469s env_step=5864.704s feedback_total=41.281s feedback_obs_pack=13.547s feedback_info_pack=0.721s effective_fps=54.23
2026-09-27 16:35:46.782 | INFO     | plugrl_env_client.runner.rollout:log_timing_summary:98 - Intermediate rollout timing summary: env_steps=795183 infer_calls=198796 feedback_calls=198795 infer_wait=8750.997s infer_obs_pack=9.472s env_step=5862.337s feedback_total=40.772s feedback_obs_pack=13.257s feedback_info_pack=0.682s effective_fps=54.23
2026-09-27 16:36:16.769 | INFO     | plugrl_env_client.runner.rollout:log_timing_summary:98 - Intermediate rollout timing summary: env_steps=798017 infer_calls=199505 feedback_calls=199504 infer_wait=8770.592s infer_obs_pack=9.296s env_step=5872.713s feedback_total=41.357s feedback_obs_pack=13.602s feedback_info_pack=0.692s effective_fps=54.31
2026-09-27 16:36:16.773 | INFO     | plugrl_env_client.runner.rollout:log_timing_summary:98 - Intermediate rollout timing summary: env_steps=798018 infer_calls=199505 feedback_calls=199504 infer_wait=8758.156s infer_obs_pack=9.502s env_step=5885.254s feedback_total=41.429s feedback_obs_pack=13.593s feedback_info_pack=0.723s effective_fps=54.31
2026-09-27 16:36:16.788 | INFO     | plugrl_env_client.runner.rollout:log_timing_summary:98 - Intermediate rollout timing summary: env_steps=798020 infer_calls=199505 feedback_calls=199505 infer_wait=8759.990s infer_obs_pack=9.505s env_step=5883.060s feedback_total=40.913s feedback_obs_pack=13.303s feedback_info_pack=0.684s effective_fps=54.31
2026-09-27 16:38:42.516 | INFO     | plugrl_env_client.runner.rollout:log_timing_summary:98 - Intermediate rollout timing summary: env_steps=800001 infer_calls=200001 feedback_calls=200000 infer_wait=8901.672s infer_obs_pack=9.319s env_step=5887.169s feedback_total=41.464s feedback_obs_pack=13.635s feedback_info_pack=0.697s effective_fps=53.91
2026-09-27 16:38:42.516 | INFO     | plugrl_env_client.runner.rollout:log_timing_summary:98 - Intermediate rollout timing summary: env_steps=800001 infer_calls=200001 feedback_calls=200000 infer_wait=8891.029s infer_obs_pack=9.529s env_step=5897.545s feedback_total=41.012s feedback_obs_pack=13.335s feedback_info_pack=0.686s effective_fps=53.91
2026-09-27 16:38:42.516 | INFO     | plugrl_env_client.runner.rollout:log_timing_summary:98 - Intermediate rollout timing summary: env_steps=800001 infer_calls=200001 feedback_calls=200000 infer_wait=8889.025s infer_obs_pack=9.527s env_step=5899.921s feedback_total=41.531s feedback_obs_pack=13.626s feedback_info_pack=0.725s effective_fps=53.91
2026-09-27 16:39:12.529 | INFO     | plugrl_env_client.runner.rollout:log_timing_summary:98 - Intermediate rollout timing summary: env_steps=803133 infer_calls=200784 feedback_calls=200783 infer_wait=8896.755s infer_obs_pack=9.562s env_step=5921.869s feedback_total=41.709s feedback_obs_pack=13.678s feedback_info_pack=0.728s effective_fps=54.01
2026-09-27 16:39:12.530 | INFO     | plugrl_env_client.runner.rollout:log_timing_summary:98 - Intermediate rollout timing summary: env_steps=803133 infer_calls=200784 feedback_calls=200783 infer_wait=8899.404s infer_obs_pack=9.563s env_step=5918.848s feedback_total=41.187s feedback_obs_pack=13.387s feedback_info_pack=0.688s effective_fps=54.01
2026-09-27 16:39:12.533 | INFO     | plugrl_env_client.runner.rollout:log_timing_summary:98 - Intermediate rollout timing summary: env_steps=803133 infer_calls=200784 feedback_calls=200783 infer_wait=8910.000s infer_obs_pack=9.354s env_step=5908.523s feedback_total=41.639s feedback_obs_pack=13.687s feedback_info_pack=0.699s effective_fps=54.01
2026-09-27 16:39:42.543 | INFO     | plugrl_env_client.runner.rollout:log_timing_summary:98 - Intermediate rollout timing summary: env_steps=806033 infer_calls=201509 feedback_calls=201508 infer_wait=8918.472s infer_obs_pack=9.386s env_step=5929.757s feedback_total=41.791s feedback_obs_pack=13.734s feedback_info_pack=0.702s effective_fps=54.10
2026-09-27 16:39:42.543 | INFO     | plugrl_env_client.runner.rollout:log_timing_summary:98 - Intermediate rollout timing summary: env_steps=806033 infer_calls=201509 feedback_calls=201508 infer_wait=8905.765s infer_obs_pack=9.595s env_step=5942.570s feedback_total=41.858s feedback_obs_pack=13.725s feedback_info_pack=0.730s effective_fps=54.10
2026-09-27 16:39:42.546 | INFO     | plugrl_env_client.runner.rollout:log_timing_summary:98 - Intermediate rollout timing summary: env_steps=806033 infer_calls=201509 feedback_calls=201508 infer_wait=8908.019s infer_obs_pack=9.596s env_step=5939.938s feedback_total=41.340s feedback_obs_pack=13.433s feedback_info_pack=0.691s effective_fps=54.10
2026-09-27 16:40:12.545 | INFO     | plugrl_env_client.runner.rollout:log_timing_summary:98 - Intermediate rollout timing summary: env_steps=808913 infer_calls=202229 feedback_calls=202228 infer_wait=8914.552s infer_obs_pack=9.632s env_step=5963.480s feedback_total=42.010s feedback_obs_pack=13.773s feedback_info_pack=0.733s effective_fps=54.18
2026-09-27 16:40:12.546 | INFO     | plugrl_env_client.runner.rollout:log_timing_summary:98 - Intermediate rollout timing summary: env_steps=808913 infer_calls=202229 feedback_calls=202228 infer_wait=8927.118s infer_obs_pack=9.421s env_step=5950.807s feedback_total=41.944s feedback_obs_pack=13.784s feedback_info_pack=0.704s effective_fps=54.18
2026-09-27 16:40:12.549 | INFO     | plugrl_env_client.runner.rollout:log_timing_summary:98 - Intermediate rollout timing summary: env_steps=808914 infer_calls=202229 feedback_calls=202228 infer_wait=8916.845s infer_obs_pack=9.629s env_step=5960.815s feedback_total=41.489s feedback_obs_pack=13.480s feedback_info_pack=0.693s effective_fps=54.18
2026-09-27 16:40:42.559 | INFO     | plugrl_env_client.runner.rollout:log_timing_summary:98 - Intermediate rollout timing summary: env_steps=811809 infer_calls=202953 feedback_calls=202952 infer_wait=8936.011s infer_obs_pack=9.455s env_step=5971.618s feedback_total=42.100s feedback_obs_pack=13.835s feedback_info_pack=0.707s effective_fps=54.27
2026-09-27 16:40:42.560 | INFO     | plugrl_env_client.runner.rollout:log_timing_summary:98 - Intermediate rollout timing summary: env_steps=811809 infer_calls=202953 feedback_calls=202952 infer_wait=8923.332s infer_obs_pack=9.666s env_step=5984.414s feedback_total=42.163s feedback_obs_pack=13.822s feedback_info_pack=0.736s effective_fps=54.27
2026-09-27 16:40:42.560 | INFO     | plugrl_env_client.runner.rollout:log_timing_summary:98 - Intermediate rollout timing summary: env_steps=811809 infer_calls=202953 feedback_calls=202952 infer_wait=8925.641s infer_obs_pack=9.662s env_step=5981.728s feedback_total=41.639s feedback_obs_pack=13.528s feedback_info_pack=0.696s effective_fps=54.27
2026-09-27 16:41:12.560 | INFO     | plugrl_env_client.runner.rollout:log_timing_summary:98 - Intermediate rollout timing summary: env_steps=814718 infer_calls=203680 feedback_calls=203679 infer_wait=8931.977s infer_obs_pack=9.698s env_step=6005.462s feedback_total=42.321s feedback_obs_pack=13.869s feedback_info_pack=0.738s effective_fps=54.35
2026-09-27 16:41:12.565 | INFO     | plugrl_env_client.runner.rollout:log_timing_summary:98 - Intermediate rollout timing summary: env_steps=814719 infer_calls=203680 feedback_calls=203679 infer_wait=8934.471s infer_obs_pack=9.696s env_step=6002.593s feedback_total=41.790s feedback_obs_pack=13.575s feedback_info_pack=0.698s effective_fps=54.36
2026-09-27 16:41:12.566 | INFO     | plugrl_env_client.runner.rollout:log_timing_summary:98 - Intermediate rollout timing summary: env_steps=814719 infer_calls=203680 feedback_calls=203679 infer_wait=8944.485s infer_obs_pack=9.488s env_step=5992.845s feedback_total=42.253s feedback_obs_pack=13.884s feedback_info_pack=0.709s effective_fps=54.35
2026-09-27 16:43:29.777 | INFO     | plugrl_env_client.runner.rollout:log_timing_summary:98 - Intermediate rollout timing summary: env_steps=816001 infer_calls=204001 feedback_calls=204000 infer_wait=9062.108s infer_obs_pack=9.710s env_step=6012.036s feedback_total=41.855s feedback_obs_pack=13.596s feedback_info_pack=0.699s effective_fps=53.95
2026-09-27 16:43:29.784 | INFO     | plugrl_env_client.runner.rollout:log_timing_summary:98 - Intermediate rollout timing summary: env_steps=816001 infer_calls=204001 feedback_calls=204000 infer_wait=9059.791s infer_obs_pack=9.713s env_step=6014.734s feedback_total=42.390s feedback_obs_pack=13.890s feedback_info_pack=0.739s effective_fps=53.94
2026-09-27 16:43:29.787 | INFO     | plugrl_env_client.runner.rollout:log_timing_summary:98 - Intermediate rollout timing summary: env_steps=816001 infer_calls=204001 feedback_calls=204000 infer_wait=9072.083s infer_obs_pack=9.502s env_step=6002.332s feedback_total=42.320s feedback_obs_pack=13.906s feedback_info_pack=0.710s effective_fps=53.95
2026-09-27 16:43:59.792 | INFO     | plugrl_env_client.runner.rollout:log_timing_summary:98 - Intermediate rollout timing summary: env_steps=818905 infer_calls=204727 feedback_calls=204726 infer_wait=9080.625s infer_obs_pack=9.535s env_step=6023.486s feedback_total=42.480s feedback_obs_pack=13.953s feedback_info_pack=0.713s effective_fps=54.03
2026-09-27 16:43:59.792 | INFO     | plugrl_env_client.runner.rollout:log_timing_summary:98 - Intermediate rollout timing summary: env_steps=818905 infer_calls=204727 feedback_calls=204726 infer_wait=9068.532s infer_obs_pack=9.747s env_step=6035.698s feedback_total=42.545s feedback_obs_pack=13.937s feedback_info_pack=0.742s effective_fps=54.03
2026-09-27 16:43:59.793 | INFO     | plugrl_env_client.runner.rollout:log_timing_summary:98 - Intermediate rollout timing summary: env_steps=818905 infer_calls=204727 feedback_calls=204726 infer_wait=9070.860s infer_obs_pack=9.743s env_step=6032.991s feedback_total=42.013s feedback_obs_pack=13.642s feedback_info_pack=0.702s effective_fps=54.03
2026-09-27 16:44:29.798 | INFO     | plugrl_env_client.runner.rollout:log_timing_summary:98 - Intermediate rollout timing summary: env_steps=821696 infer_calls=205424 feedback_calls=205424 infer_wait=9077.210s infer_obs_pack=9.781s env_step=6056.741s feedback_total=42.684s feedback_obs_pack=13.984s feedback_info_pack=0.744s effective_fps=54.11
2026-09-27 16:44:29.812 | INFO     | plugrl_env_client.runner.rollout:log_timing_summary:98 - Intermediate rollout timing summary: env_steps=821697 infer_calls=205425 feedback_calls=205424 infer_wait=9080.119s infer_obs_pack=9.776s env_step=6053.469s feedback_total=42.149s feedback_obs_pack=13.687s feedback_info_pack=0.704s effective_fps=54.11
2026-09-27 16:44:29.819 | INFO     | plugrl_env_client.runner.rollout:log_timing_summary:98 - Intermediate rollout timing summary: env_steps=821697 infer_calls=205425 feedback_calls=205424 infer_wait=9089.493s infer_obs_pack=9.569s env_step=6044.348s feedback_total=42.629s feedback_obs_pack=14.004s feedback_info_pack=0.715s effective_fps=54.11
2026-09-27 16:44:59.800 | INFO     | plugrl_env_client.runner.rollout:log_timing_summary:98 - Intermediate rollout timing summary: env_steps=824481 infer_calls=206121 feedback_calls=206120 infer_wait=9085.925s infer_obs_pack=9.815s env_step=6077.735s feedback_total=42.829s feedback_obs_pack=14.035s feedback_info_pack=0.747s effective_fps=54.18
2026-09-27 16:44:59.818 | INFO     | plugrl_env_client.runner.rollout:log_timing_summary:98 - Intermediate rollout timing summary: env_steps=824483 infer_calls=206121 feedback_calls=206120 infer_wait=9089.239s infer_obs_pack=9.808s env_step=6074.068s feedback_total=42.291s feedback_obs_pack=13.736s feedback_info_pack=0.707s effective_fps=54.19
2026-09-27 16:44:59.823 | INFO     | plugrl_env_client.runner.rollout:log_timing_summary:98 - Intermediate rollout timing summary: env_steps=824484 infer_calls=206121 feedback_calls=206121 infer_wait=9098.809s infer_obs_pack=9.601s env_step=6064.746s feedback_total=42.773s feedback_obs_pack=14.051s feedback_info_pack=0.719s effective_fps=54.19
2026-09-27 16:45:29.803 | INFO     | plugrl_env_client.runner.rollout:log_timing_summary:98 - Intermediate rollout timing summary: env_steps=827233 infer_calls=206809 feedback_calls=206808 infer_wait=9095.174s infer_obs_pack=9.849s env_step=6098.205s feedback_total=42.970s feedback_obs_pack=14.084s feedback_info_pack=0.749s effective_fps=54.26
2026-09-27 16:45:29.822 | INFO     | plugrl_env_client.runner.rollout:log_timing_summary:98 - Intermediate rollout timing summary: env_steps=827236 infer_calls=206809 feedback_calls=206809 infer_wait=9098.675s infer_obs_pack=9.840s env_step=6094.359s feedback_total=42.423s feedback_obs_pack=13.781s feedback_info_pack=0.709s effective_fps=54.26
2026-09-27 16:45:29.824 | INFO     | plugrl_env_client.runner.rollout:log_timing_summary:98 - Intermediate rollout timing summary: env_steps=827235 infer_calls=206809 feedback_calls=206808 infer_wait=9108.352s infer_obs_pack=9.633s env_step=6084.921s feedback_total=42.908s feedback_obs_pack=14.097s feedback_info_pack=0.721s effective_fps=54.26
2026-09-27 16:45:59.819 | INFO     | plugrl_env_client.runner.rollout:log_timing_summary:98 - Intermediate rollout timing summary: env_steps=829957 infer_calls=207490 feedback_calls=207489 infer_wait=9104.693s infer_obs_pack=9.881s env_step=6118.428s feedback_total=43.103s feedback_obs_pack=14.130s feedback_info_pack=0.752s effective_fps=54.33
2026-09-27 16:45:59.831 | INFO     | plugrl_env_client.runner.rollout:log_timing_summary:98 - Intermediate rollout timing summary: env_steps=829958 infer_calls=207490 feedback_calls=207489 infer_wait=9108.234s infer_obs_pack=9.873s env_step=6114.525s feedback_total=42.562s feedback_obs_pack=13.826s feedback_info_pack=0.711s effective_fps=54.33
2026-09-27 16:45:59.833 | INFO     | plugrl_env_client.runner.rollout:log_timing_summary:98 - Intermediate rollout timing summary: env_steps=829958 infer_calls=207490 feedback_calls=207489 infer_wait=9117.628s infer_obs_pack=9.666s env_step=6105.377s feedback_total=43.043s feedback_obs_pack=14.143s feedback_info_pack=0.723s effective_fps=54.33
2026-09-27 16:48:25.644 | INFO     | plugrl_env_client.runner.rollout:log_timing_summary:98 - Intermediate rollout timing summary: env_steps=832001 infer_calls=208001 feedback_calls=208000 infer_wait=9247.454s infer_obs_pack=9.691s env_step=6121.147s feedback_total=43.146s feedback_obs_pack=14.179s feedback_info_pack=0.725s effective_fps=53.95
2026-09-27 16:48:25.646 | INFO     | plugrl_env_client.runner.rollout:log_timing_summary:98 - Intermediate rollout timing summary: env_steps=832001 infer_calls=208001 feedback_calls=208000 infer_wait=9235.325s infer_obs_pack=9.905s env_step=6133.401s feedback_total=43.215s feedback_obs_pack=14.167s feedback_info_pack=0.753s effective_fps=53.95
2026-09-27 16:48:25.648 | INFO     | plugrl_env_client.runner.rollout:log_timing_summary:98 - Intermediate rollout timing summary: env_steps=832001 infer_calls=208001 feedback_calls=208000 infer_wait=9238.325s infer_obs_pack=9.898s env_step=6130.039s feedback_total=42.662s feedback_obs_pack=13.860s feedback_info_pack=0.713s effective_fps=53.95
2026-09-27 16:48:55.644 | INFO     | plugrl_env_client.runner.rollout:log_timing_summary:98 - Intermediate rollout timing summary: env_steps=834903 infer_calls=208726 feedback_calls=208725 infer_wait=9256.138s infer_obs_pack=9.724s env_step=6142.155s feedback_total=43.305s feedback_obs_pack=14.234s feedback_info_pack=0.728s effective_fps=54.03
2026-09-27 16:48:55.652 | INFO     | plugrl_env_client.runner.rollout:log_timing_summary:98 - Intermediate rollout timing summary: env_steps=834904 infer_calls=208726 feedback_calls=208726 infer_wait=9243.911s infer_obs_pack=9.938s env_step=6154.516s feedback_total=43.372s feedback_obs_pack=14.217s feedback_info_pack=0.756s effective_fps=54.03
2026-09-27 16:48:55.654 | INFO     | plugrl_env_client.runner.rollout:log_timing_summary:98 - Intermediate rollout timing summary: env_steps=834903 infer_calls=208726 feedback_calls=208725 infer_wait=9247.100s infer_obs_pack=9.931s env_step=6150.960s feedback_total=42.817s feedback_obs_pack=13.910s feedback_info_pack=0.715s effective_fps=54.04
2026-09-27 16:49:25.650 | INFO     | plugrl_env_client.runner.rollout:log_timing_summary:98 - Intermediate rollout timing summary: env_steps=837676 infer_calls=209419 feedback_calls=209419 infer_wait=9265.098s infer_obs_pack=9.755s env_step=6162.917s feedback_total=43.444s feedback_obs_pack=14.283s feedback_info_pack=0.730s effective_fps=54.11
2026-09-27 16:49:25.654 | INFO     | plugrl_env_client.runner.rollout:log_timing_summary:98 - Intermediate rollout timing summary: env_steps=837676 infer_calls=209419 feedback_calls=209419 infer_wait=9255.891s infer_obs_pack=9.965s env_step=6171.886s feedback_total=42.954s feedback_obs_pack=13.956s feedback_info_pack=0.718s effective_fps=54.11
2026-09-27 16:49:25.656 | INFO     | plugrl_env_client.runner.rollout:log_timing_summary:98 - Intermediate rollout timing summary: env_steps=837676 infer_calls=209419 feedback_calls=209419 infer_wait=9253.662s infer_obs_pack=9.971s env_step=6174.481s feedback_total=43.513s feedback_obs_pack=14.266s feedback_info_pack=0.758s effective_fps=54.11
2026-09-27 16:49:55.653 | INFO     | plugrl_env_client.runner.rollout:log_timing_summary:98 - Intermediate rollout timing summary: env_steps=840511 infer_calls=210128 feedback_calls=210127 infer_wait=9274.285s infer_obs_pack=9.789s env_step=6183.437s feedback_total=43.590s feedback_obs_pack=14.330s feedback_info_pack=0.733s effective_fps=54.19
2026-09-27 16:49:55.654 | INFO     | plugrl_env_client.runner.rollout:log_timing_summary:98 - Intermediate rollout timing summary: env_steps=840512 infer_calls=210128 feedback_calls=210128 infer_wait=9264.520s infer_obs_pack=9.998s env_step=6192.960s feedback_total=43.097s feedback_obs_pack=14.002s feedback_info_pack=0.720s effective_fps=54.19
2026-09-27 16:49:55.662 | INFO     | plugrl_env_client.runner.rollout:log_timing_summary:98 - Intermediate rollout timing summary: env_steps=840512 infer_calls=210128 feedback_calls=210128 infer_wait=9262.814s infer_obs_pack=10.005s env_step=6195.034s feedback_total=43.661s feedback_obs_pack=14.316s feedback_info_pack=0.761s effective_fps=54.19
2026-09-27 16:50:25.665 | INFO     | plugrl_env_client.runner.rollout:log_timing_summary:98 - Intermediate rollout timing summary: env_steps=843345 infer_calls=210837 feedback_calls=210836 infer_wait=9271.962s infer_obs_pack=10.039s env_step=6215.598s feedback_total=43.807s feedback_obs_pack=14.365s feedback_info_pack=0.763s effective_fps=54.26
2026-09-27 16:50:25.666 | INFO     | plugrl_env_client.runner.rollout:log_timing_summary:98 - Intermediate rollout timing summary: env_steps=843345 infer_calls=210837 feedback_calls=210836 infer_wait=9273.350s infer_obs_pack=10.032s env_step=6213.850s feedback_total=43.240s feedback_obs_pack=14.049s feedback_info_pack=0.722s effective_fps=54.27
2026-09-27 16:50:25.672 | INFO     | plugrl_env_client.runner.rollout:log_timing_summary:98 - Intermediate rollout timing summary: env_steps=843345 infer_calls=210837 feedback_calls=210836 infer_wait=9283.127s infer_obs_pack=9.821s env_step=6204.322s feedback_total=43.736s feedback_obs_pack=14.378s feedback_info_pack=0.735s effective_fps=54.27
2026-09-27 16:50:55.668 | INFO     | plugrl_env_client.runner.rollout:log_timing_summary:98 - Intermediate rollout timing summary: env_steps=846200 infer_calls=211550 feedback_calls=211550 infer_wait=9281.841s infer_obs_pack=10.065s env_step=6235.062s feedback_total=43.383s feedback_obs_pack=14.096s feedback_info_pack=0.725s effective_fps=54.35
2026-09-27 16:50:55.684 | INFO     | plugrl_env_client.runner.rollout:log_timing_summary:98 - Intermediate rollout timing summary: env_steps=846201 infer_calls=211551 feedback_calls=211550 infer_wait=9292.374s infer_obs_pack=9.853s env_step=6224.795s feedback_total=43.883s feedback_obs_pack=14.425s feedback_info_pack=0.738s effective_fps=54.35
2026-09-27 16:50:55.685 | INFO     | plugrl_env_client.runner.rollout:log_timing_summary:98 - Intermediate rollout timing summary: env_steps=846201 infer_calls=211551 feedback_calls=211550 infer_wait=9281.022s infer_obs_pack=10.071s env_step=6236.263s feedback_total=43.955s feedback_obs_pack=14.413s feedback_info_pack=0.766s effective_fps=54.34
2026-09-27 16:53:16.286 | INFO     | plugrl_env_client.runner.rollout:log_timing_summary:98 - Intermediate rollout timing summary: env_steps=848001 infer_calls=212001 feedback_calls=212000 infer_wait=9408.515s infer_obs_pack=10.092s env_step=6249.184s feedback_total=44.049s feedback_obs_pack=14.442s feedback_info_pack=0.767s effective_fps=53.97
2026-09-27 16:53:16.290 | INFO     | plugrl_env_client.runner.rollout:log_timing_summary:98 - Intermediate rollout timing summary: env_steps=848001 infer_calls=212001 feedback_calls=212000 infer_wait=9409.002s infer_obs_pack=10.087s env_step=6248.335s feedback_total=43.476s feedback_obs_pack=14.125s feedback_info_pack=0.726s effective_fps=53.98
2026-09-27 16:53:16.290 | INFO     | plugrl_env_client.runner.rollout:log_timing_summary:98 - Intermediate rollout timing summary: env_steps=848001 infer_calls=212001 feedback_calls=212000 infer_wait=9419.904s infer_obs_pack=9.873s env_step=6237.683s feedback_total=43.976s feedback_obs_pack=14.455s feedback_info_pack=0.739s effective_fps=53.97
2026-09-27 16:53:46.288 | INFO     | plugrl_env_client.runner.rollout:log_timing_summary:98 - Intermediate rollout timing summary: env_steps=851211 infer_calls=212803 feedback_calls=212802 infer_wait=9416.539s infer_obs_pack=10.128s env_step=6270.809s feedback_total=44.234s feedback_obs_pack=14.498s feedback_info_pack=0.770s effective_fps=54.07
2026-09-27 16:53:46.290 | INFO     | plugrl_env_client.runner.rollout:log_timing_summary:98 - Intermediate rollout timing summary: env_steps=851212 infer_calls=212803 feedback_calls=212803 infer_wait=9427.489s infer_obs_pack=9.908s env_step=6259.752s feedback_total=44.155s feedback_obs_pack=14.507s feedback_info_pack=0.742s effective_fps=54.08
2026-09-27 16:53:46.292 | INFO     | plugrl_env_client.runner.rollout:log_timing_summary:98 - Intermediate rollout timing summary: env_steps=851211 infer_calls=212803 feedback_calls=212802 infer_wait=9416.985s infer_obs_pack=10.123s env_step=6269.994s feedback_total=43.668s feedback_obs_pack=14.178s feedback_info_pack=0.729s effective_fps=54.08
2026-09-27 16:54:16.291 | INFO     | plugrl_env_client.runner.rollout:log_timing_summary:98 - Intermediate rollout timing summary: env_steps=854080 infer_calls=213520 feedback_calls=213520 infer_wait=9425.674s infer_obs_pack=10.161s env_step=6291.371s feedback_total=44.393s feedback_obs_pack=14.547s feedback_info_pack=0.773s effective_fps=54.15
2026-09-27 16:54:16.292 | INFO     | plugrl_env_client.runner.rollout:log_timing_summary:98 - Intermediate rollout timing summary: env_steps=854080 infer_calls=213520 feedback_calls=213520 infer_wait=9424.932s infer_obs_pack=10.156s env_step=6291.739s feedback_total=43.825s feedback_obs_pack=14.225s feedback_info_pack=0.732s effective_fps=54.16
2026-09-27 16:54:16.293 | INFO     | plugrl_env_client.runner.rollout:log_timing_summary:98 - Intermediate rollout timing summary: env_steps=854080 infer_calls=213520 feedback_calls=213520 infer_wait=9436.493s infer_obs_pack=9.940s env_step=6280.449s feedback_total=44.306s feedback_obs_pack=14.555s feedback_info_pack=0.745s effective_fps=54.15
2026-09-27 16:54:46.294 | INFO     | plugrl_env_client.runner.rollout:log_timing_summary:98 - Intermediate rollout timing summary: env_steps=856928 infer_calls=214232 feedback_calls=214232 infer_wait=9433.890s infer_obs_pack=10.188s env_step=6312.481s feedback_total=43.973s feedback_obs_pack=14.272s feedback_info_pack=0.734s effective_fps=54.23
2026-09-27 16:54:46.298 | INFO     | plugrl_env_client.runner.rollout:log_timing_summary:98 - Intermediate rollout timing summary: env_steps=856928 infer_calls=214232 feedback_calls=214232 infer_wait=9434.191s infer_obs_pack=10.194s env_step=6312.561s feedback_total=44.542s feedback_obs_pack=14.596s feedback_info_pack=0.775s effective_fps=54.23
2026-09-27 16:54:46.299 | INFO     | plugrl_env_client.runner.rollout:log_timing_summary:98 - Intermediate rollout timing summary: env_steps=856928 infer_calls=214232 feedback_calls=214232 infer_wait=9445.241s infer_obs_pack=9.973s env_step=6301.404s feedback_total=44.453s feedback_obs_pack=14.604s feedback_info_pack=0.747s effective_fps=54.23
2026-09-27 16:55:16.294 | INFO     | plugrl_env_client.runner.rollout:log_timing_summary:98 - Intermediate rollout timing summary: env_steps=859734 infer_calls=214934 feedback_calls=214933 infer_wait=9443.068s infer_obs_pack=10.220s env_step=6333.015s feedback_total=44.113s feedback_obs_pack=14.317s feedback_info_pack=0.736s effective_fps=54.31
2026-09-27 16:55:16.298 | INFO     | plugrl_env_client.runner.rollout:log_timing_summary:98 - Intermediate rollout timing summary: env_steps=859735 infer_calls=214934 feedback_calls=214933 infer_wait=9443.309s infer_obs_pack=10.227s env_step=6333.151s feedback_total=44.689s feedback_obs_pack=14.643s feedback_info_pack=0.778s effective_fps=54.31
2026-09-27 16:55:16.307 | INFO     | plugrl_env_client.runner.rollout:log_timing_summary:98 - Intermediate rollout timing summary: env_steps=859736 infer_calls=214934 feedback_calls=214934 infer_wait=9453.880s infer_obs_pack=10.004s env_step=6322.480s feedback_total=44.600s feedback_obs_pack=14.655s feedback_info_pack=0.749s effective_fps=54.31
2026-09-27 16:55:46.306 | INFO     | plugrl_env_client.runner.rollout:log_timing_summary:98 - Intermediate rollout timing summary: env_steps=862489 infer_calls=215623 feedback_calls=215622 infer_wait=9452.216s infer_obs_pack=10.255s env_step=6353.583s feedback_total=44.254s feedback_obs_pack=14.362s feedback_info_pack=0.739s effective_fps=54.38
2026-09-27 16:55:46.307 | INFO     | plugrl_env_client.runner.rollout:log_timing_summary:98 - Intermediate rollout timing summary: env_steps=862489 infer_calls=215623 feedback_calls=215622 infer_wait=9451.916s infer_obs_pack=10.259s env_step=6354.270s feedback_total=44.834s feedback_obs_pack=14.689s feedback_info_pack=0.780s effective_fps=54.38
2026-09-27 16:55:46.311 | INFO     | plugrl_env_client.runner.rollout:log_timing_summary:98 - Intermediate rollout timing summary: env_steps=862490 infer_calls=215623 feedback_calls=215622 infer_wait=9462.781s infer_obs_pack=10.037s env_step=6343.293s feedback_total=44.743s feedback_obs_pack=14.703s feedback_info_pack=0.752s effective_fps=54.38
2026-09-27 16:58:04.161 | INFO     | plugrl_env_client.runner.rollout:log_timing_summary:98 - Intermediate rollout timing summary: env_steps=864001 infer_calls=216001 feedback_calls=216000 infer_wait=9578.736s infer_obs_pack=10.276s env_step=6365.150s feedback_total=44.911s feedback_obs_pack=14.714s feedback_info_pack=0.782s effective_fps=54.00
2026-09-27 16:58:04.164 | INFO     | plugrl_env_client.runner.rollout:log_timing_summary:98 - Intermediate rollout timing summary: env_steps=864001 infer_calls=216001 feedback_calls=216000 infer_wait=9578.900s infer_obs_pack=10.272s env_step=6364.605s feedback_total=44.328s feedback_obs_pack=14.387s feedback_info_pack=0.740s effective_fps=54.01
2026-09-27 16:58:04.165 | INFO     | plugrl_env_client.runner.rollout:log_timing_summary:98 - Intermediate rollout timing summary: env_steps=864001 infer_calls=216001 feedback_calls=216000 infer_wait=9589.393s infer_obs_pack=10.054s env_step=6354.374s feedback_total=44.822s feedback_obs_pack=14.728s feedback_info_pack=0.753s effective_fps=54.00
2026-09-27 16:58:34.179 | INFO     | plugrl_env_client.runner.rollout:log_timing_summary:98 - Intermediate rollout timing summary: env_steps=866889 infer_calls=216723 feedback_calls=216722 infer_wait=9587.102s infer_obs_pack=10.310s env_step=6386.500s feedback_total=45.065s feedback_obs_pack=14.762s feedback_info_pack=0.784s effective_fps=54.08
2026-09-27 16:58:34.180 | INFO     | plugrl_env_client.runner.rollout:log_timing_summary:98 - Intermediate rollout timing summary: env_steps=866889 infer_calls=216723 feedback_calls=216722 infer_wait=9587.713s infer_obs_pack=10.306s env_step=6385.506s feedback_total=44.480s feedback_obs_pack=14.434s feedback_info_pack=0.742s effective_fps=54.09
2026-09-27 16:58:34.181 | INFO     | plugrl_env_client.runner.rollout:log_timing_summary:98 - Intermediate rollout timing summary: env_steps=866889 infer_calls=216723 feedback_calls=216722 infer_wait=9598.604s infer_obs_pack=10.087s env_step=6374.881s feedback_total=44.973s feedback_obs_pack=14.776s feedback_info_pack=0.756s effective_fps=54.08
2026-09-27 16:59:04.183 | INFO     | plugrl_env_client.runner.rollout:log_timing_summary:98 - Intermediate rollout timing summary: env_steps=869607 infer_calls=217402 feedback_calls=217401 infer_wait=9596.176s infer_obs_pack=10.341s env_step=6407.153s feedback_total=45.204s feedback_obs_pack=14.807s feedback_info_pack=0.787s effective_fps=54.15
2026-09-27 16:59:04.185 | INFO     | plugrl_env_client.runner.rollout:log_timing_summary:98 - Intermediate rollout timing summary: env_steps=869608 infer_calls=217402 feedback_calls=217402 infer_wait=9596.952s infer_obs_pack=10.339s env_step=6405.990s feedback_total=44.613s feedback_obs_pack=14.479s feedback_info_pack=0.744s effective_fps=54.15
2026-09-27 16:59:04.206 | INFO     | plugrl_env_client.runner.rollout:log_timing_summary:98 - Intermediate rollout timing summary: env_steps=869609 infer_calls=217403 feedback_calls=217402 infer_wait=9608.224s infer_obs_pack=10.119s env_step=6394.996s feedback_total=45.115s feedback_obs_pack=14.822s feedback_info_pack=0.758s effective_fps=54.15
2026-09-27 16:59:34.193 | INFO     | plugrl_env_client.runner.rollout:log_timing_summary:98 - Intermediate rollout timing summary: env_steps=872281 infer_calls=218071 feedback_calls=218070 infer_wait=9604.827s infer_obs_pack=10.375s env_step=6428.228s feedback_total=45.346s feedback_obs_pack=14.856s feedback_info_pack=0.789s effective_fps=54.22
2026-09-27 16:59:34.195 | INFO     | plugrl_env_client.runner.rollout:log_timing_summary:98 - Intermediate rollout timing summary: env_steps=872281 infer_calls=218071 feedback_calls=218070 infer_wait=9606.765s infer_obs_pack=10.371s env_step=6425.912s feedback_total=44.743s feedback_obs_pack=14.523s feedback_info_pack=0.747s effective_fps=54.22
2026-09-27 16:59:34.210 | INFO     | plugrl_env_client.runner.rollout:log_timing_summary:98 - Intermediate rollout timing summary: env_steps=872284 infer_calls=218071 feedback_calls=218071 infer_wait=9617.485s infer_obs_pack=10.152s env_step=6415.458s feedback_total=45.257s feedback_obs_pack=14.871s feedback_info_pack=0.760s effective_fps=54.22
2026-09-27 17:00:04.197 | INFO     | plugrl_env_client.runner.rollout:log_timing_summary:98 - Intermediate rollout timing summary: env_steps=874991 infer_calls=218748 feedback_calls=218747 infer_wait=9613.835s infer_obs_pack=10.414s env_step=6448.941s feedback_total=45.480s feedback_obs_pack=14.902s feedback_info_pack=0.791s effective_fps=54.28
2026-09-27 17:00:04.199 | INFO     | plugrl_env_client.runner.rollout:log_timing_summary:98 - Intermediate rollout timing summary: env_steps=874992 infer_calls=218748 feedback_calls=218748 infer_wait=9616.130s infer_obs_pack=10.404s env_step=6446.269s feedback_total=44.877s feedback_obs_pack=14.569s feedback_info_pack=0.749s effective_fps=54.29
2026-09-27 17:00:04.220 | INFO     | plugrl_env_client.runner.rollout:log_timing_summary:98 - Intermediate rollout timing summary: env_steps=874993 infer_calls=218749 feedback_calls=218748 infer_wait=9627.323s infer_obs_pack=10.183s env_step=6435.352s feedback_total=45.391s feedback_obs_pack=14.916s feedback_info_pack=0.762s effective_fps=54.29
2026-09-27 17:00:34.212 | INFO     | plugrl_env_client.runner.rollout:log_timing_summary:98 - Intermediate rollout timing summary: env_steps=877757 infer_calls=219440 feedback_calls=219439 infer_wait=9625.193s infer_obs_pack=10.440s env_step=6466.931s feedback_total=45.015s feedback_obs_pack=14.617s feedback_info_pack=0.751s effective_fps=54.36
2026-09-27 17:00:34.214 | INFO     | plugrl_env_client.runner.rollout:log_timing_summary:98 - Intermediate rollout timing summary: env_steps=877757 infer_calls=219440 feedback_calls=219439 infer_wait=9622.918s infer_obs_pack=10.448s env_step=6469.591s feedback_total=45.620s feedback_obs_pack=14.950s feedback_info_pack=0.794s effective_fps=54.36
2026-09-27 17:00:34.221 | INFO     | plugrl_env_client.runner.rollout:log_timing_summary:98 - Intermediate rollout timing summary: env_steps=877759 infer_calls=219440 feedback_calls=219439 infer_wait=9636.338s infer_obs_pack=10.215s env_step=6456.054s feedback_total=45.534s feedback_obs_pack=14.965s feedback_info_pack=0.765s effective_fps=54.36
2026-09-27 17:03:01.246 | INFO     | plugrl_env_client.runner.rollout:log_timing_summary:98 - Intermediate rollout timing summary: env_steps=880001 infer_calls=220001 feedback_calls=220000 infer_wait=9755.514s infer_obs_pack=10.467s env_step=6483.409s feedback_total=45.130s feedback_obs_pack=14.655s feedback_info_pack=0.753s effective_fps=54.01
2026-09-27 17:03:01.247 | INFO     | plugrl_env_client.runner.rollout:log_timing_summary:98 - Intermediate rollout timing summary: env_steps=880001 infer_calls=220001 feedback_calls=220000 infer_wait=9753.391s infer_obs_pack=10.474s env_step=6485.925s feedback_total=45.730s feedback_obs_pack=14.987s feedback_info_pack=0.796s effective_fps=54.00
2026-09-27 17:03:01.247 | INFO     | plugrl_env_client.runner.rollout:log_timing_summary:98 - Intermediate rollout timing summary: env_steps=880001 infer_calls=220001 feedback_calls=220000 infer_wait=9766.839s infer_obs_pack=10.240s env_step=6472.345s feedback_total=45.648s feedback_obs_pack=15.004s feedback_info_pack=0.767s effective_fps=54.00
2026-09-27 17:03:31.247 | INFO     | plugrl_env_client.runner.rollout:log_timing_summary:98 - Intermediate rollout timing summary: env_steps=882900 infer_calls=220725 feedback_calls=220725 infer_wait=9763.839s infer_obs_pack=10.499s env_step=6504.779s feedback_total=45.284s feedback_obs_pack=14.701s feedback_info_pack=0.756s effective_fps=54.08
2026-09-27 17:03:31.261 | INFO     | plugrl_env_client.runner.rollout:log_timing_summary:98 - Intermediate rollout timing summary: env_steps=882901 infer_calls=220726 feedback_calls=220725 infer_wait=9762.086s infer_obs_pack=10.506s env_step=6506.942s feedback_total=45.887s feedback_obs_pack=15.033s feedback_info_pack=0.798s effective_fps=54.08
2026-09-27 17:03:31.261 | INFO     | plugrl_env_client.runner.rollout:log_timing_summary:98 - Intermediate rollout timing summary: env_steps=882901 infer_calls=220726 feedback_calls=220725 infer_wait=9775.845s infer_obs_pack=10.272s env_step=6493.035s feedback_total=45.811s feedback_obs_pack=15.053s feedback_info_pack=0.769s effective_fps=54.08
2026-09-27 17:04:01.252 | INFO     | plugrl_env_client.runner.rollout:log_timing_summary:98 - Intermediate rollout timing summary: env_steps=885760 infer_calls=221440 feedback_calls=221440 infer_wait=9772.622s infer_obs_pack=10.533s env_step=6525.707s feedback_total=45.431s feedback_obs_pack=14.749s feedback_info_pack=0.758s effective_fps=54.16
2026-09-27 17:04:01.270 | INFO     | plugrl_env_client.runner.rollout:log_timing_summary:98 - Intermediate rollout timing summary: env_steps=885761 infer_calls=221441 feedback_calls=221440 infer_wait=9770.992s infer_obs_pack=10.539s env_step=6527.750s feedback_total=46.033s feedback_obs_pack=15.081s feedback_info_pack=0.801s effective_fps=54.16
2026-09-27 17:04:01.273 | INFO     | plugrl_env_client.runner.rollout:log_timing_summary:98 - Intermediate rollout timing summary: env_steps=885761 infer_calls=221441 feedback_calls=221440 infer_wait=9784.412s infer_obs_pack=10.308s env_step=6514.184s feedback_total=45.958s feedback_obs_pack=15.101s feedback_info_pack=0.772s effective_fps=54.16
2026-09-27 17:04:31.257 | INFO     | plugrl_env_client.runner.rollout:log_timing_summary:98 - Intermediate rollout timing summary: env_steps=888607 infer_calls=222152 feedback_calls=222151 infer_wait=9781.535s infer_obs_pack=10.569s env_step=6546.499s feedback_total=45.576s feedback_obs_pack=14.795s feedback_info_pack=0.760s effective_fps=54.24
2026-09-27 17:04:31.282 | INFO     | plugrl_env_client.runner.rollout:log_timing_summary:98 - Intermediate rollout timing summary: env_steps=888609 infer_calls=222153 feedback_calls=222152 infer_wait=9779.621s infer_obs_pack=10.572s env_step=6548.830s feedback_total=46.191s feedback_obs_pack=15.128s feedback_info_pack=0.804s effective_fps=54.23
2026-09-27 17:04:31.283 | INFO     | plugrl_env_client.runner.rollout:log_timing_summary:98 - Intermediate rollout timing summary: env_steps=888609 infer_calls=222153 feedback_calls=222152 infer_wait=9793.603s infer_obs_pack=10.340s env_step=6534.711s feedback_total=46.100s feedback_obs_pack=15.147s feedback_info_pack=0.774s effective_fps=54.23
2026-09-27 17:05:01.258 | INFO     | plugrl_env_client.runner.rollout:log_timing_summary:98 - Intermediate rollout timing summary: env_steps=891531 infer_calls=222883 feedback_calls=222882 infer_wait=9790.430s infer_obs_pack=10.602s env_step=6567.299s feedback_total=45.730s feedback_obs_pack=14.845s feedback_info_pack=0.763s effective_fps=54.32
2026-09-27 17:05:01.286 | INFO     | plugrl_env_client.runner.rollout:log_timing_summary:98 - Intermediate rollout timing summary: env_steps=891533 infer_calls=222884 feedback_calls=222883 infer_wait=9802.469s infer_obs_pack=10.372s env_step=6555.540s feedback_total=46.251s feedback_obs_pack=15.195s feedback_info_pack=0.776s effective_fps=54.31
2026-09-27 17:05:01.289 | INFO     | plugrl_env_client.runner.rollout:log_timing_summary:98 - Intermediate rollout timing summary: env_steps=891533 infer_calls=222884 feedback_calls=222883 infer_wait=9788.505s infer_obs_pack=10.605s env_step=6569.650s feedback_total=46.347s feedback_obs_pack=15.179s feedback_info_pack=0.806s effective_fps=54.31
2026-09-27 17:05:31.259 | INFO     | plugrl_env_client.runner.rollout:log_timing_summary:98 - Intermediate rollout timing summary: env_steps=894415 infer_calls=223604 feedback_calls=223603 infer_wait=9799.405s infer_obs_pack=10.636s env_step=6588.021s feedback_total=45.876s feedback_obs_pack=14.892s feedback_info_pack=0.765s effective_fps=54.39
2026-09-27 17:05:31.288 | INFO     | plugrl_env_client.runner.rollout:log_timing_summary:98 - Intermediate rollout timing summary: env_steps=894417 infer_calls=223605 feedback_calls=223604 infer_wait=9811.058s infer_obs_pack=10.406s env_step=6576.639s feedback_total=46.406s feedback_obs_pack=15.244s feedback_info_pack=0.779s effective_fps=54.39
2026-09-27 17:05:31.291 | INFO     | plugrl_env_client.runner.rollout:log_timing_summary:98 - Intermediate rollout timing summary: env_steps=894418 infer_calls=223605 feedback_calls=223604 infer_wait=9797.264s infer_obs_pack=10.638s env_step=6590.587s feedback_total=46.500s feedback_obs_pack=15.226s feedback_info_pack=0.809s effective_fps=54.39
2026-09-27 17:07:49.873 | INFO     | plugrl_env_client.runner.rollout:log_timing_summary:98 - Intermediate rollout timing summary: env_steps=896001 infer_calls=224001 feedback_calls=224000 infer_wait=9938.026s infer_obs_pack=10.423s env_step=6588.090s feedback_total=46.490s feedback_obs_pack=15.271s feedback_info_pack=0.780s effective_fps=54.03
2026-09-27 17:07:49.877 | INFO     | plugrl_env_client.runner.rollout:log_timing_summary:98 - Intermediate rollout timing summary: env_steps=896001 infer_calls=224001 feedback_calls=224000 infer_wait=9924.251s infer_obs_pack=10.655s env_step=6602.026s feedback_total=46.579s feedback_obs_pack=15.252s feedback_info_pack=0.810s effective_fps=54.03
2026-09-27 17:07:49.880 | INFO     | plugrl_env_client.runner.rollout:log_timing_summary:98 - Intermediate rollout timing summary: env_steps=896001 infer_calls=224001 feedback_calls=224000 infer_wait=9926.565s infer_obs_pack=10.654s env_step=6599.321s feedback_total=45.954s feedback_obs_pack=14.918s feedback_info_pack=0.767s effective_fps=54.03
2026-09-27 17:08:19.878 | INFO     | plugrl_env_client.runner.rollout:log_timing_summary:98 - Intermediate rollout timing summary: env_steps=899211 infer_calls=224803 feedback_calls=224802 infer_wait=9931.842s infer_obs_pack=10.691s env_step=6624.081s feedback_total=46.766s feedback_obs_pack=15.304s feedback_info_pack=0.813s effective_fps=54.13
2026-09-27 17:08:19.879 | INFO     | plugrl_env_client.runner.rollout:log_timing_summary:98 - Intermediate rollout timing summary: env_steps=899211 infer_calls=224803 feedback_calls=224802 infer_wait=9946.125s infer_obs_pack=10.460s env_step=6609.642s feedback_total=46.674s feedback_obs_pack=15.324s feedback_info_pack=0.783s effective_fps=54.13
2026-09-27 17:08:19.905 | INFO     | plugrl_env_client.runner.rollout:log_timing_summary:98 - Intermediate rollout timing summary: env_steps=899213 infer_calls=224804 feedback_calls=224803 infer_wait=9934.292s infer_obs_pack=10.689s env_step=6621.273s feedback_total=46.128s feedback_obs_pack=14.968s feedback_info_pack=0.769s effective_fps=54.13
2026-09-27 17:08:49.884 | INFO     | plugrl_env_client.runner.rollout:log_timing_summary:98 - Intermediate rollout timing summary: env_steps=902060 infer_calls=225515 feedback_calls=225515 infer_wait=9940.730s infer_obs_pack=10.727s env_step=6644.897s feedback_total=46.914s feedback_obs_pack=15.351s feedback_info_pack=0.815s effective_fps=54.20
2026-09-27 17:08:49.885 | INFO     | plugrl_env_client.runner.rollout:log_timing_summary:98 - Intermediate rollout timing summary: env_steps=902060 infer_calls=225515 feedback_calls=225515 infer_wait=9955.432s infer_obs_pack=10.492s env_step=6630.048s feedback_total=46.820s feedback_obs_pack=15.370s feedback_info_pack=0.785s effective_fps=54.20
2026-09-27 17:08:49.912 | INFO     | plugrl_env_client.runner.rollout:log_timing_summary:98 - Intermediate rollout timing summary: env_steps=902062 infer_calls=225516 feedback_calls=225515 infer_wait=9942.716s infer_obs_pack=10.723s env_step=6642.555s feedback_total=46.279s feedback_obs_pack=15.016s feedback_info_pack=0.775s effective_fps=54.20
2026-09-27 17:09:19.890 | INFO     | plugrl_env_client.runner.rollout:log_timing_summary:98 - Intermediate rollout timing summary: env_steps=904900 infer_calls=226225 feedback_calls=226225 infer_wait=9949.937s infer_obs_pack=10.760s env_step=6665.402s feedback_total=47.061s feedback_obs_pack=15.400s feedback_info_pack=0.818s effective_fps=54.27
2026-09-27 17:09:19.891 | INFO     | plugrl_env_client.runner.rollout:log_timing_summary:98 - Intermediate rollout timing summary: env_steps=904900 infer_calls=226225 feedback_calls=226225 infer_wait=9964.180s infer_obs_pack=10.525s env_step=6651.014s feedback_total=46.963s feedback_obs_pack=15.417s feedback_info_pack=0.788s effective_fps=54.27
2026-09-27 17:09:19.918 | INFO     | plugrl_env_client.runner.rollout:log_timing_summary:98 - Intermediate rollout timing summary: env_steps=904901 infer_calls=226226 feedback_calls=226225 infer_wait=9951.827s infer_obs_pack=10.756s env_step=6663.153s feedback_total=46.424s feedback_obs_pack=15.062s feedback_info_pack=0.777s effective_fps=54.28
2026-09-27 17:09:49.895 | INFO     | plugrl_env_client.runner.rollout:log_timing_summary:98 - Intermediate rollout timing summary: env_steps=907753 infer_calls=226939 feedback_calls=226938 infer_wait=9958.878s infer_obs_pack=10.794s env_step=6686.165s feedback_total=47.216s feedback_obs_pack=15.451s feedback_info_pack=0.820s effective_fps=54.35
2026-09-27 17:09:49.897 | INFO     | plugrl_env_client.runner.rollout:log_timing_summary:98 - Intermediate rollout timing summary: env_steps=907753 infer_calls=226939 feedback_calls=226938 infer_wait=9973.012s infer_obs_pack=10.556s env_step=6671.901s feedback_total=47.106s feedback_obs_pack=15.463s feedback_info_pack=0.790s effective_fps=54.35
2026-09-27 17:09:49.939 | INFO     | plugrl_env_client.runner.rollout:log_timing_summary:98 - Intermediate rollout timing summary: env_steps=907757 infer_calls=226940 feedback_calls=226939 infer_wait=9960.950s infer_obs_pack=10.789s env_step=6683.749s feedback_total=46.578s feedback_obs_pack=15.115s feedback_info_pack=0.780s effective_fps=54.35
2026-09-27 17:10:19.898 | INFO     | plugrl_env_client.runner.rollout:log_timing_summary:98 - Intermediate rollout timing summary: env_steps=910567 infer_calls=227642 feedback_calls=227641 infer_wait=9967.781s infer_obs_pack=10.827s env_step=6706.979s feedback_total=47.359s feedback_obs_pack=15.498s feedback_info_pack=0.823s effective_fps=54.42
2026-09-27 17:10:19.898 | INFO     | plugrl_env_client.runner.rollout:log_timing_summary:98 - Intermediate rollout timing summary: env_steps=910567 infer_calls=227642 feedback_calls=227641 infer_wait=9981.950s infer_obs_pack=10.589s env_step=6692.670s feedback_total=47.253s feedback_obs_pack=15.512s feedback_info_pack=0.794s effective_fps=54.42
2026-09-27 17:10:19.939 | INFO     | plugrl_env_client.runner.rollout:log_timing_summary:98 - Intermediate rollout timing summary: env_steps=910572 infer_calls=227643 feedback_calls=227643 infer_wait=9970.018s infer_obs_pack=10.823s env_step=6704.386s feedback_total=46.722s feedback_obs_pack=15.164s feedback_info_pack=0.782s effective_fps=54.42
2026-09-27 17:12:35.501 | INFO     | plugrl_env_client.runner.rollout:log_timing_summary:98 - Intermediate rollout timing summary: env_steps=912001 infer_calls=228001 feedback_calls=228000 infer_wait=10106.990s infer_obs_pack=10.609s env_step=6703.083s feedback_total=47.325s feedback_obs_pack=15.536s feedback_info_pack=0.795s effective_fps=54.07
2026-09-27 17:12:35.503 | INFO     | plugrl_env_client.runner.rollout:log_timing_summary:98 - Intermediate rollout timing summary: env_steps=912001 infer_calls=228001 feedback_calls=228000 infer_wait=10092.947s infer_obs_pack=10.843s env_step=6717.269s feedback_total=47.433s feedback_obs_pack=15.521s feedback_info_pack=0.824s effective_fps=54.07
2026-09-27 17:12:35.503 | INFO     | plugrl_env_client.runner.rollout:log_timing_summary:98 - Intermediate rollout timing summary: env_steps=912001 infer_calls=228001 feedback_calls=228000 infer_wait=10095.238s infer_obs_pack=10.840s env_step=6714.583s feedback_total=46.792s feedback_obs_pack=15.186s feedback_info_pack=0.783s effective_fps=54.07
2026-09-27 17:13:05.512 | INFO     | plugrl_env_client.runner.rollout:log_timing_summary:98 - Intermediate rollout timing summary: env_steps=914885 infer_calls=228722 feedback_calls=228721 infer_wait=10101.705s infer_obs_pack=10.876s env_step=6738.232s feedback_total=47.575s feedback_obs_pack=15.569s feedback_info_pack=0.827s effective_fps=54.14
2026-09-27 17:13:05.513 | INFO     | plugrl_env_client.runner.rollout:log_timing_summary:98 - Intermediate rollout timing summary: env_steps=914885 infer_calls=228722 feedback_calls=228721 infer_wait=10116.333s infer_obs_pack=10.642s env_step=6723.450s feedback_total=47.474s feedback_obs_pack=15.583s feedback_info_pack=0.798s effective_fps=54.14
2026-09-27 17:13:05.513 | INFO     | plugrl_env_client.runner.rollout:log_timing_summary:98 - Intermediate rollout timing summary: env_steps=914885 infer_calls=228722 feedback_calls=228721 infer_wait=10103.960s infer_obs_pack=10.877s env_step=6735.568s feedback_total=46.939s feedback_obs_pack=15.234s feedback_info_pack=0.786s effective_fps=54.14
2026-09-27 17:13:35.514 | INFO     | plugrl_env_client.runner.rollout:log_timing_summary:98 - Intermediate rollout timing summary: env_steps=917706 infer_calls=229427 feedback_calls=229426 infer_wait=10113.352s infer_obs_pack=10.910s env_step=6755.888s feedback_total=47.076s feedback_obs_pack=15.279s feedback_info_pack=0.788s effective_fps=54.21
2026-09-27 17:13:35.515 | INFO     | plugrl_env_client.runner.rollout:log_timing_summary:98 - Intermediate rollout timing summary: env_steps=917706 infer_calls=229427 feedback_calls=229426 infer_wait=10110.942s infer_obs_pack=10.911s env_step=6758.700s feedback_total=47.717s feedback_obs_pack=15.617s feedback_info_pack=0.829s effective_fps=54.21
2026-09-27 17:13:35.518 | INFO     | plugrl_env_client.runner.rollout:log_timing_summary:98 - Intermediate rollout timing summary: env_steps=917707 infer_calls=229427 feedback_calls=229426 infer_wait=10125.602s infer_obs_pack=10.675s env_step=6743.896s feedback_total=47.616s feedback_obs_pack=15.633s feedback_info_pack=0.800s effective_fps=54.21
2026-09-27 17:14:05.527 | INFO     | plugrl_env_client.runner.rollout:log_timing_summary:98 - Intermediate rollout timing summary: env_steps=920533 infer_calls=230134 feedback_calls=230133 infer_wait=10122.654s infer_obs_pack=10.944s env_step=6776.312s feedback_total=47.211s feedback_obs_pack=15.326s feedback_info_pack=0.790s effective_fps=54.29
2026-09-27 17:14:05.527 | INFO     | plugrl_env_client.runner.rollout:log_timing_summary:98 - Intermediate rollout timing summary: env_steps=920533 infer_calls=230134 feedback_calls=230133 infer_wait=10119.768s infer_obs_pack=10.946s env_step=6779.601s feedback_total=47.856s feedback_obs_pack=15.665s feedback_info_pack=0.832s effective_fps=54.28
2026-09-27 17:14:05.528 | INFO     | plugrl_env_client.runner.rollout:log_timing_summary:98 - Intermediate rollout timing summary: env_steps=920533 infer_calls=230134 feedback_calls=230133 infer_wait=10135.005s infer_obs_pack=10.708s env_step=6764.214s feedback_total=47.758s feedback_obs_pack=15.681s feedback_info_pack=0.803s effective_fps=54.28
2026-09-27 17:14:35.529 | INFO     | plugrl_env_client.runner.rollout:log_timing_summary:98 - Intermediate rollout timing summary: env_steps=923363 infer_calls=230841 feedback_calls=230840 infer_wait=10128.591s infer_obs_pack=10.979s env_step=6800.494s feedback_total=47.993s feedback_obs_pack=15.712s feedback_info_pack=0.834s effective_fps=54.35
2026-09-27 17:14:35.532 | INFO     | plugrl_env_client.runner.rollout:log_timing_summary:98 - Intermediate rollout timing summary: env_steps=923363 infer_calls=230841 feedback_calls=230840 infer_wait=10143.806s infer_obs_pack=10.741s env_step=6785.128s feedback_total=47.897s feedback_obs_pack=15.730s feedback_info_pack=0.805s effective_fps=54.36
2026-09-27 17:14:35.532 | INFO     | plugrl_env_client.runner.rollout:log_timing_summary:98 - Intermediate rollout timing summary: env_steps=923363 infer_calls=230841 feedback_calls=230840 infer_wait=10132.080s infer_obs_pack=10.980s env_step=6796.590s feedback_total=47.360s feedback_obs_pack=15.372s feedback_info_pack=0.793s effective_fps=54.36
2026-09-27 17:15:05.531 | INFO     | plugrl_env_client.runner.rollout:log_timing_summary:98 - Intermediate rollout timing summary: env_steps=926163 infer_calls=231541 feedback_calls=231540 infer_wait=10137.310s infer_obs_pack=11.013s env_step=6821.489s feedback_total=48.134s feedback_obs_pack=15.760s feedback_info_pack=0.837s effective_fps=54.42
2026-09-27 17:15:05.532 | INFO     | plugrl_env_client.runner.rollout:log_timing_summary:98 - Intermediate rollout timing summary: env_steps=926163 infer_calls=231541 feedback_calls=231540 infer_wait=10153.048s infer_obs_pack=10.774s env_step=6805.600s feedback_total=48.035s feedback_obs_pack=15.776s feedback_info_pack=0.807s effective_fps=54.42
2026-09-27 17:15:05.538 | INFO     | plugrl_env_client.runner.rollout:log_timing_summary:98 - Intermediate rollout timing summary: env_steps=926164 infer_calls=231541 feedback_calls=231541 infer_wait=10141.429s infer_obs_pack=11.012s env_step=6816.965s feedback_total=47.498s feedback_obs_pack=15.418s feedback_info_pack=0.795s effective_fps=54.43
2026-09-27 17:17:29.457 | INFO     | plugrl_env_client.runner.rollout:log_timing_summary:98 - Intermediate rollout timing summary: env_steps=928001 infer_calls=232001 feedback_calls=232000 infer_wait=10267.231s infer_obs_pack=11.035s env_step=6835.308s feedback_total=48.225s feedback_obs_pack=15.791s feedback_info_pack=0.838s effective_fps=54.07
2026-09-27 17:17:29.459 | INFO     | plugrl_env_client.runner.rollout:log_timing_summary:98 - Intermediate rollout timing summary: env_steps=928001 infer_calls=232001 feedback_calls=232000 infer_wait=10271.755s infer_obs_pack=11.034s env_step=6830.372s feedback_total=47.589s feedback_obs_pack=15.448s feedback_info_pack=0.797s effective_fps=54.08
2026-09-27 17:17:29.462 | INFO     | plugrl_env_client.runner.rollout:log_timing_summary:98 - Intermediate rollout timing summary: env_steps=928001 infer_calls=232001 feedback_calls=232000 infer_wait=10283.219s infer_obs_pack=10.799s env_step=6819.161s feedback_total=48.132s feedback_obs_pack=15.813s feedback_info_pack=0.809s effective_fps=54.08
2026-09-27 17:17:59.462 | INFO     | plugrl_env_client.runner.rollout:log_timing_summary:98 - Intermediate rollout timing summary: env_steps=931174 infer_calls=232794 feedback_calls=232793 infer_wait=10275.011s infer_obs_pack=11.070s env_step=6857.203s feedback_total=48.394s feedback_obs_pack=15.842s feedback_info_pack=0.841s effective_fps=54.16
2026-09-27 17:17:59.463 | INFO     | plugrl_env_client.runner.rollout:log_timing_summary:98 - Intermediate rollout timing summary: env_steps=931174 infer_calls=232794 feedback_calls=232793 infer_wait=10279.935s infer_obs_pack=11.069s env_step=6851.854s feedback_total=47.765s feedback_obs_pack=15.499s feedback_info_pack=0.799s effective_fps=54.17
2026-09-27 17:17:59.467 | INFO     | plugrl_env_client.runner.rollout:log_timing_summary:98 - Intermediate rollout timing summary: env_steps=931175 infer_calls=232794 feedback_calls=232793 infer_wait=10291.393s infer_obs_pack=10.833s env_step=6840.650s feedback_total=48.313s feedback_obs_pack=15.866s feedback_info_pack=0.812s effective_fps=54.17
2026-09-27 17:18:29.478 | INFO     | plugrl_env_client.runner.rollout:log_timing_summary:98 - Intermediate rollout timing summary: env_steps=934237 infer_calls=233560 feedback_calls=233559 infer_wait=10300.165s infer_obs_pack=10.868s env_step=6861.548s feedback_total=48.488s feedback_obs_pack=15.915s feedback_info_pack=0.814s effective_fps=54.25
2026-09-27 17:18:29.478 | INFO     | plugrl_env_client.runner.rollout:log_timing_summary:98 - Intermediate rollout timing summary: env_steps=934237 infer_calls=233560 feedback_calls=233559 infer_wait=10283.274s infer_obs_pack=11.107s env_step=6878.624s feedback_total=48.560s feedback_obs_pack=15.891s feedback_info_pack=0.844s effective_fps=54.25
2026-09-27 17:18:29.479 | INFO     | plugrl_env_client.runner.rollout:log_timing_summary:98 - Intermediate rollout timing summary: env_steps=934237 infer_calls=233560 feedback_calls=233559 infer_wait=10288.289s infer_obs_pack=11.103s env_step=6873.182s feedback_total=47.933s feedback_obs_pack=15.548s feedback_info_pack=0.802s effective_fps=54.25
2026-09-27 17:18:59.488 | INFO     | plugrl_env_client.runner.rollout:log_timing_summary:98 - Intermediate rollout timing summary: env_steps=937145 infer_calls=234287 feedback_calls=234286 infer_wait=10291.761s infer_obs_pack=11.143s env_step=6899.840s feedback_total=48.716s feedback_obs_pack=15.939s feedback_info_pack=0.846s effective_fps=54.32
2026-09-27 17:18:59.491 | INFO     | plugrl_env_client.runner.rollout:log_timing_summary:98 - Intermediate rollout timing summary: env_steps=937145 infer_calls=234287 feedback_calls=234286 infer_wait=10297.082s infer_obs_pack=11.136s env_step=6894.095s feedback_total=48.088s feedback_obs_pack=15.596s feedback_info_pack=0.804s effective_fps=54.33
2026-09-27 17:18:59.492 | INFO     | plugrl_env_client.runner.rollout:log_timing_summary:98 - Intermediate rollout timing summary: env_steps=937145 infer_calls=234287 feedback_calls=234286 infer_wait=10308.883s infer_obs_pack=10.900s env_step=6882.534s feedback_total=48.644s feedback_obs_pack=15.964s feedback_info_pack=0.817s effective_fps=54.32
2026-09-27 17:19:29.493 | INFO     | plugrl_env_client.runner.rollout:log_timing_summary:98 - Intermediate rollout timing summary: env_steps=940030 infer_calls=235008 feedback_calls=235007 infer_wait=10317.605s infer_obs_pack=10.933s env_step=6903.515s feedback_total=48.792s feedback_obs_pack=16.011s feedback_info_pack=0.819s effective_fps=54.40
2026-09-27 17:19:29.494 | INFO     | plugrl_env_client.runner.rollout:log_timing_summary:98 - Intermediate rollout timing summary: env_steps=940030 infer_calls=235008 feedback_calls=235007 infer_wait=10300.901s infer_obs_pack=11.176s env_step=6920.401s feedback_total=48.868s feedback_obs_pack=15.986s feedback_info_pack=0.849s effective_fps=54.40
2026-09-27 17:19:29.495 | INFO     | plugrl_env_client.runner.rollout:log_timing_summary:98 - Intermediate rollout timing summary: env_steps=940031 infer_calls=235008 feedback_calls=235007 infer_wait=10305.573s infer_obs_pack=11.170s env_step=6915.310s feedback_total=48.233s feedback_obs_pack=15.643s feedback_info_pack=0.809s effective_fps=54.40
2026-09-27 17:19:59.497 | INFO     | plugrl_env_client.runner.rollout:log_timing_summary:98 - Intermediate rollout timing summary: env_steps=942883 infer_calls=235721 feedback_calls=235720 infer_wait=10309.548s infer_obs_pack=11.209s env_step=6941.453s feedback_total=49.018s feedback_obs_pack=16.034s feedback_info_pack=0.851s effective_fps=54.47
2026-09-27 17:19:59.497 | INFO     | plugrl_env_client.runner.rollout:log_timing_summary:98 - Intermediate rollout timing summary: env_steps=942883 infer_calls=235721 feedback_calls=235720 infer_wait=10314.095s infer_obs_pack=11.203s env_step=6936.472s feedback_total=48.391s feedback_obs_pack=15.695s feedback_info_pack=0.811s effective_fps=54.47
2026-09-27 17:19:59.498 | INFO     | plugrl_env_client.runner.rollout:log_timing_summary:98 - Intermediate rollout timing summary: env_steps=942883 infer_calls=235721 feedback_calls=235720 infer_wait=10326.551s infer_obs_pack=10.965s env_step=6924.270s feedback_total=48.946s feedback_obs_pack=16.061s feedback_info_pack=0.822s effective_fps=54.47
2026-09-27 17:22:13.981 | INFO     | plugrl_env_client.runner.rollout:log_timing_summary:98 - Intermediate rollout timing summary: env_steps=944001 infer_calls=236001 feedback_calls=236000 infer_wait=10435.870s infer_obs_pack=11.222s env_step=6949.497s feedback_total=49.077s feedback_obs_pack=16.053s feedback_info_pack=0.852s effective_fps=54.11
2026-09-27 17:22:13.984 | INFO     | plugrl_env_client.runner.rollout:log_timing_summary:98 - Intermediate rollout timing summary: env_steps=944001 infer_calls=236001 feedback_calls=236000 infer_wait=10452.996s infer_obs_pack=10.978s env_step=6932.193s feedback_total=49.006s feedback_obs_pack=16.082s feedback_info_pack=0.822s effective_fps=54.11
2026-09-27 17:22:13.984 | INFO     | plugrl_env_client.runner.rollout:log_timing_summary:98 - Intermediate rollout timing summary: env_steps=944001 infer_calls=236001 feedback_calls=236000 infer_wait=10440.695s infer_obs_pack=11.216s env_step=6944.240s feedback_total=48.453s feedback_obs_pack=15.716s feedback_info_pack=0.812s effective_fps=54.11
2026-09-27 17:22:43.995 | INFO     | plugrl_env_client.runner.rollout:log_timing_summary:98 - Intermediate rollout timing summary: env_steps=946961 infer_calls=236741 feedback_calls=236740 infer_wait=10461.695s infer_obs_pack=11.010s env_step=6953.184s feedback_total=49.176s feedback_obs_pack=16.130s feedback_info_pack=0.825s effective_fps=54.19
2026-09-27 17:22:43.996 | INFO     | plugrl_env_client.runner.rollout:log_timing_summary:98 - Intermediate rollout timing summary: env_steps=946961 infer_calls=236741 feedback_calls=236740 infer_wait=10449.415s infer_obs_pack=11.249s env_step=6965.212s feedback_total=48.615s feedback_obs_pack=15.763s feedback_info_pack=0.815s effective_fps=54.19
2026-09-27 17:22:44.001 | INFO     | plugrl_env_client.runner.rollout:log_timing_summary:98 - Intermediate rollout timing summary: env_steps=946961 infer_calls=236741 feedback_calls=236740 infer_wait=10444.645s infer_obs_pack=11.256s env_step=6970.423s feedback_total=49.244s feedback_obs_pack=16.101s feedback_info_pack=0.855s effective_fps=54.19
2026-09-27 17:23:13.998 | INFO     | plugrl_env_client.runner.rollout:log_timing_summary:98 - Intermediate rollout timing summary: env_steps=949922 infer_calls=237481 feedback_calls=237480 infer_wait=10470.751s infer_obs_pack=11.042s env_step=6973.817s feedback_total=49.337s feedback_obs_pack=16.181s feedback_info_pack=0.827s effective_fps=54.27
2026-09-27 17:23:14.001 | INFO     | plugrl_env_client.runner.rollout:log_timing_summary:98 - Intermediate rollout timing summary: env_steps=949923 infer_calls=237481 feedback_calls=237480 infer_wait=10458.049s infer_obs_pack=11.286s env_step=6986.266s feedback_total=48.774s feedback_obs_pack=15.811s feedback_info_pack=0.818s effective_fps=54.27
2026-09-27 17:23:14.008 | INFO     | plugrl_env_client.runner.rollout:log_timing_summary:98 - Intermediate rollout timing summary: env_steps=949923 infer_calls=237481 feedback_calls=237480 infer_wait=10453.040s infer_obs_pack=11.289s env_step=6991.728s feedback_total=49.400s feedback_obs_pack=16.149s feedback_info_pack=0.858s effective_fps=54.26
2026-09-27 17:23:44.007 | INFO     | plugrl_env_client.runner.rollout:log_timing_summary:98 - Intermediate rollout timing summary: env_steps=952765 infer_calls=238192 feedback_calls=238191 infer_wait=10479.643s infer_obs_pack=11.075s env_step=6994.630s feedback_total=49.486s feedback_obs_pack=16.230s feedback_info_pack=0.830s effective_fps=54.34
2026-09-27 17:23:44.009 | INFO     | plugrl_env_client.runner.rollout:log_timing_summary:98 - Intermediate rollout timing summary: env_steps=952765 infer_calls=238192 feedback_calls=238191 infer_wait=10466.996s infer_obs_pack=11.318s env_step=7007.032s feedback_total=48.919s feedback_obs_pack=15.861s feedback_info_pack=0.820s effective_fps=54.34
2026-09-27 17:23:44.012 | INFO     | plugrl_env_client.runner.rollout:log_timing_summary:98 - Intermediate rollout timing summary: env_steps=952766 infer_calls=238192 feedback_calls=238191 infer_wait=10461.803s infer_obs_pack=11.321s env_step=7012.678s feedback_total=49.548s feedback_obs_pack=16.195s feedback_info_pack=0.860s effective_fps=54.33
2026-09-27 17:24:14.011 | INFO     | plugrl_env_client.runner.rollout:log_timing_summary:98 - Intermediate rollout timing summary: env_steps=955595 infer_calls=238899 feedback_calls=238898 infer_wait=10488.693s infer_obs_pack=11.107s env_step=7015.287s feedback_total=49.633s feedback_obs_pack=16.283s feedback_info_pack=0.832s effective_fps=54.40
2026-09-27 17:24:14.015 | INFO     | plugrl_env_client.runner.rollout:log_timing_summary:98 - Intermediate rollout timing summary: env_steps=955596 infer_calls=238899 feedback_calls=238899 infer_wait=10476.030s infer_obs_pack=11.351s env_step=7027.709s feedback_total=49.064s feedback_obs_pack=15.907s feedback_info_pack=0.822s effective_fps=54.41
2026-09-27 17:24:14.021 | INFO     | plugrl_env_client.runner.rollout:log_timing_summary:98 - Intermediate rollout timing summary: env_steps=955596 infer_calls=238899 feedback_calls=238899 infer_wait=10470.393s infer_obs_pack=11.355s env_step=7033.805s feedback_total=49.690s feedback_obs_pack=16.243s feedback_info_pack=0.863s effective_fps=54.40
2026-09-27 17:24:44.015 | INFO     | plugrl_env_client.runner.rollout:log_timing_summary:98 - Intermediate rollout timing summary: env_steps=958422 infer_calls=239606 feedback_calls=239605 infer_wait=10498.006s infer_obs_pack=11.140s env_step=7035.685s feedback_total=49.778s feedback_obs_pack=16.330s feedback_info_pack=0.835s effective_fps=54.47
2026-09-27 17:24:44.018 | INFO     | plugrl_env_client.runner.rollout:log_timing_summary:98 - Intermediate rollout timing summary: env_steps=958422 infer_calls=239606 feedback_calls=239605 infer_wait=10485.381s infer_obs_pack=11.384s env_step=7048.058s feedback_total=49.215s feedback_obs_pack=15.955s feedback_info_pack=0.825s effective_fps=54.47
2026-09-27 17:24:44.024 | INFO     | plugrl_env_client.runner.rollout:log_timing_summary:98 - Intermediate rollout timing summary: env_steps=958422 infer_calls=239606 feedback_calls=239605 infer_wait=10478.978s infer_obs_pack=11.388s env_step=7054.929s feedback_total=49.837s feedback_obs_pack=16.290s feedback_info_pack=0.867s effective_fps=54.47
2026-09-27 17:27:01.112 | INFO     | plugrl_env_client.runner.rollout:log_timing_summary:98 - Final rollout timing summary: env_steps=960000 infer_calls=240000 feedback_calls=240000 infer_wait=10484.061s infer_obs_pack=11.406s env_step=7066.707s feedback_total=49.918s feedback_obs_pack=16.316s feedback_info_pack=0.868s effective_fps=54.51
2026-09-27 17:27:01.112 | INFO     | plugrl_env_client.runner.run:run:156 - Server signalled the end of the run; collection stopped after 2400/100000000 episodes.
Created environment with name NutAssemblySquare
Action size is 7
2026-09-27 17:27:01.112 | INFO     | plugrl_env_client.runner.rollout:log_timing_summary:98 - Final rollout timing summary: env_steps=960000 infer_calls=240000 feedback_calls=240000 infer_wait=10490.472s infer_obs_pack=11.403s env_step=7059.812s feedback_total=49.293s feedback_obs_pack=15.981s feedback_info_pack=0.826s effective_fps=54.51
2026-09-27 17:27:01.112 | INFO     | plugrl_env_client.runner.run:run:156 - Server signalled the end of the run; collection stopped after 2400/100000000 episodes.
2026-09-27 17:27:01.112 | INFO     | plugrl_env_client.runner.rollout:log_timing_summary:98 - Final rollout timing summary: env_steps=960000 infer_calls=240000 feedback_calls=240000 infer_wait=10503.360s infer_obs_pack=11.158s env_step=7047.186s feedback_total=49.858s feedback_obs_pack=16.357s feedback_info_pack=0.836s effective_fps=54.51
2026-09-27 17:27:01.113 | INFO     | plugrl_env_client.runner.run:run:156 - Server signalled the end of the run; collection stopped after 2400/100000000 episodes.
Created environment with name NutAssemblySquare
Action size is 7
Created environment with name NutAssemblySquare
Action size is 7
Exception ignored in: <function MjRenderContext.__del__ at 0x757f393b9300>
Traceback (most recent call last):
  File "/home/guangzhao/zuogou/plugrl/plugrl-env-client/.venv-robomimic/lib/python3.11/site-packages/robosuite/utils/binding_utils.py", line 199, in __del__
    self.gl_ctx.free()
  File "/home/guangzhao/zuogou/plugrl/plugrl-env-client/.venv-robomimic/lib/python3.11/site-packages/robosuite/renderers/context/egl_context.py", line 149, in free
    EGL.eglMakeCurrent(EGL_DISPLAY, EGL.EGL_NO_SURFACE, EGL.EGL_NO_SURFACE, EGL.EGL_NO_CONTEXT)
  File "/home/guangzhao/zuogou/plugrl/plugrl-env-client/.venv-robomimic/lib/python3.11/site-packages/OpenGL/error.py", line 228, in glCheckError
    raise GLError(
Exception ignored in: <function MjRenderContext.__del__ at 0x72e5ebf95300>
Traceback (most recent call last):
  File "/home/guangzhao/zuogou/plugrl/plugrl-env-client/.venv-robomimic/lib/python3.11/site-packages/robosuite/utils/binding_utils.py", line 199, in __del__
    self.gl_ctx.free()
  File "/home/guangzhao/zuogou/plugrl/plugrl-env-client/.venv-robomimic/lib/python3.11/site-packages/robosuite/renderers/context/egl_context.py", line 149, in free
    EGL.eglMakeCurrent(EGL_DISPLAY, EGL.EGL_NO_SURFACE, EGL.EGL_NO_SURFACE, EGL.EGL_NO_CONTEXT)
  File "/home/guangzhao/zuogou/plugrl/plugrl-env-client/.venv-robomimic/lib/python3.11/site-packages/OpenGL/error.py", line 228, in glCheckError
    raise GLError(
Exception ignored in: <function MjRenderContext.__del__ at 0x752710bcd300>
Traceback (most recent call last):
  File "/home/guangzhao/zuogou/plugrl/plugrl-env-client/.venv-robomimic/lib/python3.11/site-packages/robosuite/utils/binding_utils.py", line 199, in __del__
    self.gl_ctx.free()
  File "/home/guangzhao/zuogou/plugrl/plugrl-env-client/.venv-robomimic/lib/python3.11/site-packages/robosuite/renderers/context/egl_context.py", line 149, in free
    EGL.eglMakeCurrent(EGL_DISPLAY, EGL.EGL_NO_SURFACE, EGL.EGL_NO_SURFACE, EGL.EGL_NO_CONTEXT)
  File "/home/guangzhao/zuogou/plugrl/plugrl-env-client/.venv-robomimic/lib/python3.11/site-packages/OpenGL/error.py", line 228, in glCheckError
    raise GLError(
OpenGL.error.GLError: GLError(
	err = 12289,
	baseOperation = eglMakeCurrent,
	cArguments = (
		<OpenGL._opaque.EGLDisplay_pointer object at 0x72e5c277e4e0>,
		<OpenGL._opaque.EGLSurface_pointer object at 0x72e5f09516d0>,
		<OpenGL._opaque.EGLSurface_pointer object at 0x72e5f09516d0>,
		<OpenGL._opaque.EGLContext_pointer object at 0x72e5f09515b0>,
	),
	result = 0
)
Exception ignored in: <function EGLGLContext.__del__ at 0x72e5ebf951c0>
Traceback (most recent call last):
  File "/home/guangzhao/zuogou/plugrl/plugrl-env-client/.venv-robomimic/lib/python3.11/site-packages/robosuite/renderers/context/egl_context.py", line 155, in __del__
OpenGL.error.GLError: GLError(
	err = 12289,
	baseOperation = eglMakeCurrent,
	cArguments = (
		<OpenGL._opaque.EGLDisplay_pointer object at 0x757f0fba24e0>,
		<OpenGL._opaque.EGLSurface_pointer object at 0x757f3dd716d0>,
		<OpenGL._opaque.EGLSurface_pointer object at 0x757f3dd716d0>,
		<OpenGL._opaque.EGLContext_pointer object at 0x757f3dd715b0>,
	),
	result = 0
)
Exception ignored in: <function EGLGLContext.__del__ at 0x757f393b91c0>
OpenGL.error.GLError: GLError(
	err = 12289,
	baseOperation = eglMakeCurrent,
	cArguments = (
		<OpenGL._opaque.EGLDisplay_pointer object at 0x7526e739e4e0>,
		<OpenGL._opaque.EGLSurface_pointer object at 0x7527155716d0>,
		<OpenGL._opaque.EGLSurface_pointer object at 0x7527155716d0>,
		<OpenGL._opaque.EGLContext_pointer object at 0x7527155715b0>,
	),
	result = 0
)Traceback (most recent call last):

  File "/home/guangzhao/zuogou/plugrl/plugrl-env-client/.venv-robomimic/lib/python3.11/site-packages/robosuite/renderers/context/egl_context.py", line 155, in __del__
    self.free()
  File "/home/guangzhao/zuogou/plugrl/plugrl-env-client/.venv-robomimic/lib/python3.11/site-packages/robosuite/renderers/context/egl_context.py", line 149, in free
Exception ignored in: <function EGLGLContext.__del__ at 0x752710bcd1c0>
Traceback (most recent call last):
  File "/home/guangzhao/zuogou/plugrl/plugrl-env-client/.venv-robomimic/lib/python3.11/site-packages/robosuite/renderers/context/egl_context.py", line 155, in __del__
    self.free()
    EGL.eglMakeCurrent(EGL_DISPLAY, EGL.EGL_NO_SURFACE, EGL.EGL_NO_SURFACE, EGL.EGL_NO_CONTEXT)
  File "/home/guangzhao/zuogou/plugrl/plugrl-env-client/.venv-robomimic/lib/python3.11/site-packages/robosuite/renderers/context/egl_context.py", line 149, in free
  File "/home/guangzhao/zuogou/plugrl/plugrl-env-client/.venv-robomimic/lib/python3.11/site-packages/OpenGL/error.py", line 228, in glCheckError
    self.free()
    EGL.eglMakeCurrent(EGL_DISPLAY, EGL.EGL_NO_SURFACE, EGL.EGL_NO_SURFACE, EGL.EGL_NO_CONTEXT)
    raise GLError(
  File "/home/guangzhao/zuogou/plugrl/plugrl-env-client/.venv-robomimic/lib/python3.11/site-packages/robosuite/renderers/context/egl_context.py", line 149, in free
  File "/home/guangzhao/zuogou/plugrl/plugrl-env-client/.venv-robomimic/lib/python3.11/site-packages/OpenGL/error.py", line 228, in glCheckError
OpenGL.error.GLError: GLError(
	err = 12289,
	baseOperation = eglMakeCurrent,
	cArguments = (
		<OpenGL._opaque.EGLDisplay_pointer object at 0x72e5c277e4e0>,
		<OpenGL._opaque.EGLSurface_pointer object at 0x72e5f09516d0>,
		<OpenGL._opaque.EGLSurface_pointer object at 0x72e5f09516d0>,
		<OpenGL._opaque.EGLContext_pointer object at 0x72e5f09515b0>,
	),
	result = 0
)
    EGL.eglMakeCurrent(EGL_DISPLAY, EGL.EGL_NO_SURFACE, EGL.EGL_NO_SURFACE, EGL.EGL_NO_CONTEXT)
    raise GLError(
  File "/home/guangzhao/zuogou/plugrl/plugrl-env-client/.venv-robomimic/lib/python3.11/site-packages/OpenGL/error.py", line 228, in glCheckError
OpenGL.error.GLError: GLError(
	err = 12289,
	baseOperation = eglMakeCurrent,
	cArguments = (
		<OpenGL._opaque.EGLDisplay_pointer object at 0x757f0fba24e0>,
		<OpenGL._opaque.EGLSurface_pointer object at 0x757f3dd716d0>,
		<OpenGL._opaque.EGLSurface_pointer object at 0x757f3dd716d0>,
		<OpenGL._opaque.EGLContext_pointer object at 0x757f3dd715b0>,
	),
	result = 0
)
    raise GLError(
OpenGL.error.GLError: GLError(
	err = 12289,
	baseOperation = eglMakeCurrent,
	cArguments = (
		<OpenGL._opaque.EGLDisplay_pointer object at 0x7526e739e4e0>,
		<OpenGL._opaque.EGLSurface_pointer object at 0x7527155716d0>,
		<OpenGL._opaque.EGLSurface_pointer object at 0x7527155716d0>,
		<OpenGL._opaque.EGLContext_pointer object at 0x7527155715b0>,
	),
	result = 0
)
