2026-09-27 22:06:36.581 | WARNING  | plugrl_env_client.envs:_load_env_modules:27 - Skip loading env module plugrl_env_client.envs.classic.classic_env: pygame is not installed. Please install it with pip install "plugrl-env-client[classic]".
2026-09-27 22:06:36.581 | WARNING  | plugrl_env_client.envs:_load_env_modules:27 - Skip loading env module plugrl_env_client.envs.atari.atari_env: Atari is not installed. Please install it with the 'atari' extra, e.g. 'pip install plugrl-env-client[atari]'
2026-09-27 22:06:36.581 | WARNING  | plugrl_env_client.envs:_load_env_modules:27 - Skip loading env module plugrl_env_client.envs.d4rl.d4rl_env: d4rl is not installed. Please install it with pip install "plugrl-env-client[d4rl]".
2026-09-27 22:06:36.582 | WARNING  | plugrl_env_client.envs:_load_env_modules:27 - Skip loading env module plugrl_env_client.envs.libero.libero_env: libero is not installed. Please install it with pip install "plugrl-env-client[libero]".
[robosuite WARNING] No private macro file found! (macros.py:53)
[robosuite WARNING] It is recommended to use a private macro file (macros.py:54)
[robosuite WARNING] To setup, run: python /home/guangzhao/zuogou/plugrl/plugrl-env-client/.venv-robomimic/lib/python3.11/site-packages/robosuite/scripts/setup_macros.py (macros.py:55)
2026-09-27 22:06:37.284 | INFO     | __main__:main:83 - Starting env client exp_name=robomimic-v1-nenv1-20260927-220637-a21a686a output_dir=runs/robomimic-v1-nenv1-20260927-220637-a21a686a recorder={'episode_freq': 0, 'thread0_only': True, 'record_video': False, 'video_fps': 30.0, 'record_full_rollout': False, 'record_obs_stats': True, 'record_episode_metrics': True, 'metric_window': 100}
2026-09-27 22:06:37.388 | WARNING  | plugrl_env_client.envs:_load_env_modules:27 - Skip loading env module plugrl_env_client.envs.classic.classic_env: pygame is not installed. Please install it with pip install "plugrl-env-client[classic]".
2026-09-27 22:06:37.388 | WARNING  | plugrl_env_client.envs:_load_env_modules:27 - Skip loading env module plugrl_env_client.envs.atari.atari_env: Atari is not installed. Please install it with the 'atari' extra, e.g. 'pip install plugrl-env-client[atari]'
2026-09-27 22:06:37.388 | WARNING  | plugrl_env_client.envs:_load_env_modules:27 - Skip loading env module plugrl_env_client.envs.d4rl.d4rl_env: d4rl is not installed. Please install it with pip install "plugrl-env-client[d4rl]".
2026-09-27 22:06:37.389 | WARNING  | plugrl_env_client.envs:_load_env_modules:27 - Skip loading env module plugrl_env_client.envs.libero.libero_env: libero is not installed. Please install it with pip install "plugrl-env-client[libero]".
2026-09-27 22:06:37.405 | WARNING  | plugrl_env_client.envs:_load_env_modules:27 - Skip loading env module plugrl_env_client.envs.classic.classic_env: pygame is not installed. Please install it with pip install "plugrl-env-client[classic]".
2026-09-27 22:06:37.406 | WARNING  | plugrl_env_client.envs:_load_env_modules:27 - Skip loading env module plugrl_env_client.envs.atari.atari_env: Atari is not installed. Please install it with the 'atari' extra, e.g. 'pip install plugrl-env-client[atari]'
[robosuite WARNING] No private macro file found! (macros.py:53)
[robosuite WARNING] It is recommended to use a private macro file (macros.py:54)
[robosuite WARNING] To setup, run: python /home/guangzhao/zuogou/plugrl/plugrl-env-client/.venv-robomimic/lib/python3.11/site-packages/robosuite/scripts/setup_macros.py (macros.py:55)
2026-09-27 22:06:37.406 | WARNING  | plugrl_env_client.envs:_load_env_modules:27 - Skip loading env module plugrl_env_client.envs.d4rl.d4rl_env: d4rl is not installed. Please install it with pip install "plugrl-env-client[d4rl]".
2026-09-27 22:06:37.406 | WARNING  | plugrl_env_client.envs:_load_env_modules:27 - Skip loading env module plugrl_env_client.envs.libero.libero_env: libero is not installed. Please install it with pip install "plugrl-env-client[libero]".
2026-09-27 22:06:37.410 | WARNING  | plugrl_env_client.envs:_load_env_modules:27 - Skip loading env module plugrl_env_client.envs.classic.classic_env: pygame is not installed. Please install it with pip install "plugrl-env-client[classic]".
2026-09-27 22:06:37.410 | WARNING  | plugrl_env_client.envs:_load_env_modules:27 - Skip loading env module plugrl_env_client.envs.atari.atari_env: Atari is not installed. Please install it with the 'atari' extra, e.g. 'pip install plugrl-env-client[atari]'
2026-09-27 22:06:37.410 | WARNING  | plugrl_env_client.envs:_load_env_modules:27 - Skip loading env module plugrl_env_client.envs.d4rl.d4rl_env: d4rl is not installed. Please install it with pip install "plugrl-env-client[d4rl]".
2026-09-27 22:06:37.411 | WARNING  | plugrl_env_client.envs:_load_env_modules:27 - Skip loading env module plugrl_env_client.envs.libero.libero_env: libero is not installed. Please install it with pip install "plugrl-env-client[libero]".
[robosuite WARNING] No private macro file found! (macros.py:53)
[robosuite WARNING] It is recommended to use a private macro file (macros.py:54)
[robosuite WARNING] To setup, run: python /home/guangzhao/zuogou/plugrl/plugrl-env-client/.venv-robomimic/lib/python3.11/site-packages/robosuite/scripts/setup_macros.py (macros.py:55)
[robosuite WARNING] No private macro file found! (macros.py:53)
[robosuite WARNING] It is recommended to use a private macro file (macros.py:54)
[robosuite WARNING] To setup, run: python /home/guangzhao/zuogou/plugrl/plugrl-env-client/.venv-robomimic/lib/python3.11/site-packages/robosuite/scripts/setup_macros.py (macros.py:55)
2026-09-27 22:06:39.441 | INFO     | plugrl_env_client.agent.websocket_env_client_agent:_wait_for_server:67 - Waiting for server at ws://127.0.0.1:9702...
2026-09-27 22:06:39.441 | INFO     | plugrl_env_client.agent.websocket_env_client_agent:_wait_for_server:67 - Waiting for server at ws://127.0.0.1:9702...
2026-09-27 22:06:39.443 | INFO     | plugrl_env_client.runner.run:report_server_metadata:56 - Server metadata: {'protocol_version': 1, 'server': 'plugrl-server', 'server_version': '0.1.0', 'algorithm': 'FPOAlgorithm', 'policy': 'FPOPolicy', 'action_dim': 7, 'action_horizon': 4}
2026-09-27 22:06:39.443 | INFO     | plugrl_env_client.runner.run:report_server_metadata:56 - Server metadata: {'protocol_version': 1, 'server': 'plugrl-server', 'server_version': '0.1.0', 'algorithm': 'FPOAlgorithm', 'policy': 'FPOPolicy', 'action_dim': 7, 'action_horizon': 4}
2026-09-27 22:06:39.465 | INFO     | plugrl_env_client.agent.websocket_env_client_agent:_wait_for_server:67 - Waiting for server at ws://127.0.0.1:9702...
2026-09-27 22:06:39.469 | INFO     | plugrl_env_client.runner.run:report_server_metadata:56 - Server metadata: {'protocol_version': 1, 'server': 'plugrl-server', 'server_version': '0.1.0', 'algorithm': 'FPOAlgorithm', 'policy': 'FPOPolicy', 'action_dim': 7, 'action_horizon': 4}
2026-09-27 22:07:09.455 | INFO     | plugrl_env_client.runner.rollout:log_timing_summary:98 - Intermediate rollout timing summary: env_steps=3105 infer_calls=779 feedback_calls=778 infer_wait=9.042s infer_obs_pack=0.034s env_step=20.649s feedback_total=0.155s feedback_obs_pack=0.047s feedback_info_pack=0.003s effective_fps=103.92
2026-09-27 22:07:09.459 | INFO     | plugrl_env_client.runner.rollout:log_timing_summary:98 - Intermediate rollout timing summary: env_steps=3108 infer_calls=779 feedback_calls=778 infer_wait=8.553s infer_obs_pack=0.033s env_step=21.139s feedback_total=0.159s feedback_obs_pack=0.049s feedback_info_pack=0.002s effective_fps=104.00
2026-09-27 22:07:09.495 | INFO     | plugrl_env_client.runner.rollout:log_timing_summary:98 - Intermediate rollout timing summary: env_steps=3096 infer_calls=779 feedback_calls=778 infer_wait=8.790s infer_obs_pack=0.033s env_step=20.920s feedback_total=0.144s feedback_obs_pack=0.048s feedback_info_pack=0.002s effective_fps=103.59
2026-09-27 22:07:39.465 | INFO     | plugrl_env_client.runner.rollout:log_timing_summary:98 - Intermediate rollout timing summary: env_steps=6222 infer_calls=1559 feedback_calls=1558 infer_wait=17.383s infer_obs_pack=0.066s env_step=42.008s feedback_total=0.315s feedback_obs_pack=0.097s feedback_info_pack=0.005s effective_fps=104.10
2026-09-27 22:07:39.472 | INFO     | plugrl_env_client.runner.rollout:log_timing_summary:98 - Intermediate rollout timing summary: env_steps=6221 infer_calls=1559 feedback_calls=1558 infer_wait=17.831s infer_obs_pack=0.066s env_step=41.569s feedback_total=0.311s feedback_obs_pack=0.096s feedback_info_pack=0.005s effective_fps=104.07
2026-09-27 22:07:39.513 | INFO     | plugrl_env_client.runner.rollout:log_timing_summary:98 - Intermediate rollout timing summary: env_steps=6208 infer_calls=1559 feedback_calls=1558 infer_wait=17.465s infer_obs_pack=0.068s env_step=41.948s feedback_total=0.297s feedback_obs_pack=0.098s feedback_info_pack=0.005s effective_fps=103.85
2026-09-27 22:08:09.471 | INFO     | plugrl_env_client.runner.rollout:log_timing_summary:98 - Intermediate rollout timing summary: env_steps=9237 infer_calls=2314 feedback_calls=2314 infer_wait=26.217s infer_obs_pack=0.098s env_step=62.882s feedback_total=0.462s feedback_obs_pack=0.143s feedback_info_pack=0.007s effective_fps=103.02
2026-09-27 22:08:09.483 | INFO     | plugrl_env_client.runner.rollout:log_timing_summary:98 - Intermediate rollout timing summary: env_steps=9233 infer_calls=2315 feedback_calls=2314 infer_wait=26.621s infer_obs_pack=0.099s env_step=62.491s feedback_total=0.455s feedback_obs_pack=0.142s feedback_info_pack=0.008s effective_fps=102.97
2026-09-27 22:08:09.531 | INFO     | plugrl_env_client.runner.rollout:log_timing_summary:98 - Intermediate rollout timing summary: env_steps=9225 infer_calls=2315 feedback_calls=2314 infer_wait=26.255s infer_obs_pack=0.100s env_step=62.873s feedback_total=0.440s feedback_obs_pack=0.144s feedback_info_pack=0.007s effective_fps=102.88
2026-09-27 22:08:39.472 | INFO     | plugrl_env_client.runner.rollout:log_timing_summary:98 - Intermediate rollout timing summary: env_steps=12326 infer_calls=3088 feedback_calls=3088 infer_wait=35.109s infer_obs_pack=0.131s env_step=83.689s feedback_total=0.611s feedback_obs_pack=0.190s feedback_info_pack=0.010s effective_fps=103.11
2026-09-27 22:08:39.495 | INFO     | plugrl_env_client.runner.rollout:log_timing_summary:98 - Intermediate rollout timing summary: env_steps=12326 infer_calls=3089 feedback_calls=3088 infer_wait=35.287s infer_obs_pack=0.133s env_step=83.538s feedback_total=0.601s feedback_obs_pack=0.189s feedback_info_pack=0.010s effective_fps=103.10
2026-09-27 22:08:39.536 | INFO     | plugrl_env_client.runner.rollout:log_timing_summary:98 - Intermediate rollout timing summary: env_steps=12313 infer_calls=3089 feedback_calls=3088 infer_wait=34.911s infer_obs_pack=0.132s env_step=83.916s feedback_total=0.587s feedback_obs_pack=0.191s feedback_info_pack=0.010s effective_fps=103.00
2026-09-27 22:09:09.479 | INFO     | plugrl_env_client.runner.rollout:log_timing_summary:98 - Intermediate rollout timing summary: env_steps=15416 infer_calls=3862 feedback_calls=3861 infer_wait=44.160s infer_obs_pack=0.164s env_step=104.343s feedback_total=0.763s feedback_obs_pack=0.238s feedback_info_pack=0.012s effective_fps=103.17
2026-09-27 22:09:09.501 | INFO     | plugrl_env_client.runner.rollout:log_timing_summary:98 - Intermediate rollout timing summary: env_steps=15415 infer_calls=3863 feedback_calls=3862 infer_wait=43.697s infer_obs_pack=0.166s env_step=104.835s feedback_total=0.752s feedback_obs_pack=0.239s feedback_info_pack=0.013s effective_fps=103.14
2026-09-27 22:09:09.539 | INFO     | plugrl_env_client.runner.rollout:log_timing_summary:98 - Intermediate rollout timing summary: env_steps=15409 infer_calls=3863 feedback_calls=3862 infer_wait=43.734s infer_obs_pack=0.164s env_step=104.798s feedback_total=0.734s feedback_obs_pack=0.238s feedback_info_pack=0.012s effective_fps=103.12
2026-09-27 22:11:10.728 | INFO     | plugrl_env_client.runner.rollout:log_timing_summary:98 - Intermediate rollout timing summary: env_steps=15970 infer_calls=4002 feedback_calls=4001 infer_wait=161.723s infer_obs_pack=0.169s env_step=107.975s feedback_total=0.789s feedback_obs_pack=0.246s feedback_info_pack=0.013s effective_fps=59.00
2026-09-27 22:11:10.730 | INFO     | plugrl_env_client.runner.rollout:log_timing_summary:98 - Intermediate rollout timing summary: env_steps=15957 infer_calls=4001 feedback_calls=4000 infer_wait=161.342s infer_obs_pack=0.170s env_step=108.327s feedback_total=0.760s feedback_obs_pack=0.247s feedback_info_pack=0.013s effective_fps=58.97
2026-09-27 22:11:10.732 | INFO     | plugrl_env_client.runner.rollout:log_timing_summary:98 - Intermediate rollout timing summary: env_steps=15968 infer_calls=4002 feedback_calls=4001 infer_wait=161.384s infer_obs_pack=0.171s env_step=108.324s feedback_total=0.780s feedback_obs_pack=0.247s feedback_info_pack=0.013s effective_fps=59.00
2026-09-27 22:11:40.732 | INFO     | plugrl_env_client.runner.rollout:log_timing_summary:98 - Intermediate rollout timing summary: env_steps=19028 infer_calls=4767 feedback_calls=4766 infer_wait=170.218s infer_obs_pack=0.203s env_step=129.179s feedback_total=0.942s feedback_obs_pack=0.294s feedback_info_pack=0.015s effective_fps=63.31
2026-09-27 22:11:40.733 | INFO     | plugrl_env_client.runner.rollout:log_timing_summary:98 - Intermediate rollout timing summary: env_steps=19024 infer_calls=4767 feedback_calls=4766 infer_wait=170.363s infer_obs_pack=0.203s env_step=129.052s feedback_total=0.925s feedback_obs_pack=0.294s feedback_info_pack=0.016s effective_fps=63.30
2026-09-27 22:11:40.733 | INFO     | plugrl_env_client.runner.rollout:log_timing_summary:98 - Intermediate rollout timing summary: env_steps=19017 infer_calls=4766 feedback_calls=4765 infer_wait=169.910s infer_obs_pack=0.202s env_step=129.468s feedback_total=0.905s feedback_obs_pack=0.293s feedback_info_pack=0.015s effective_fps=63.29
2026-09-27 22:12:10.735 | INFO     | plugrl_env_client.runner.rollout:log_timing_summary:98 - Intermediate rollout timing summary: env_steps=22040 infer_calls=5521 feedback_calls=5521 infer_wait=179.016s infer_obs_pack=0.235s env_step=150.105s feedback_total=1.068s feedback_obs_pack=0.339s feedback_info_pack=0.018s effective_fps=66.70
2026-09-27 22:12:10.735 | INFO     | plugrl_env_client.runner.rollout:log_timing_summary:98 - Intermediate rollout timing summary: env_steps=22040 infer_calls=5521 feedback_calls=5520 infer_wait=178.919s infer_obs_pack=0.237s env_step=150.184s feedback_total=1.091s feedback_obs_pack=0.338s feedback_info_pack=0.018s effective_fps=66.70
2026-09-27 22:12:10.737 | INFO     | plugrl_env_client.runner.rollout:log_timing_summary:98 - Intermediate rollout timing summary: env_steps=22027 infer_calls=5520 feedback_calls=5520 infer_wait=178.584s infer_obs_pack=0.233s env_step=150.502s feedback_total=1.049s feedback_obs_pack=0.339s feedback_info_pack=0.017s effective_fps=66.67
2026-09-27 22:12:40.745 | INFO     | plugrl_env_client.runner.rollout:log_timing_summary:98 - Intermediate rollout timing summary: env_steps=25128 infer_calls=6298 feedback_calls=6297 infer_wait=187.393s infer_obs_pack=0.266s env_step=171.388s feedback_total=1.203s feedback_obs_pack=0.389s feedback_info_pack=0.020s effective_fps=69.75
2026-09-27 22:12:40.745 | INFO     | plugrl_env_client.runner.rollout:log_timing_summary:98 - Intermediate rollout timing summary: env_steps=25144 infer_calls=6299 feedback_calls=6298 infer_wait=188.070s infer_obs_pack=0.269s env_step=170.756s feedback_total=1.217s feedback_obs_pack=0.386s feedback_info_pack=0.022s effective_fps=69.78
2026-09-27 22:12:40.746 | INFO     | plugrl_env_client.runner.rollout:log_timing_summary:98 - Intermediate rollout timing summary: env_steps=25139 infer_calls=6299 feedback_calls=6298 infer_wait=187.649s infer_obs_pack=0.270s env_step=171.165s feedback_total=1.239s feedback_obs_pack=0.385s feedback_info_pack=0.020s effective_fps=69.77
2026-09-27 22:13:10.749 | INFO     | plugrl_env_client.runner.rollout:log_timing_summary:98 - Intermediate rollout timing summary: env_steps=28362 infer_calls=7108 feedback_calls=7108 infer_wait=195.833s infer_obs_pack=0.299s env_step=192.649s feedback_total=1.349s feedback_obs_pack=0.436s feedback_info_pack=0.022s effective_fps=72.70
2026-09-27 22:13:10.753 | INFO     | plugrl_env_client.runner.rollout:log_timing_summary:98 - Intermediate rollout timing summary: env_steps=28372 infer_calls=7109 feedback_calls=7109 infer_wait=196.662s infer_obs_pack=0.305s env_step=191.871s feedback_total=1.359s feedback_obs_pack=0.432s feedback_info_pack=0.024s effective_fps=72.71
2026-09-27 22:13:10.766 | INFO     | plugrl_env_client.runner.rollout:log_timing_summary:98 - Intermediate rollout timing summary: env_steps=28375 infer_calls=7110 feedback_calls=7109 infer_wait=196.257s infer_obs_pack=0.308s env_step=192.277s feedback_total=1.383s feedback_obs_pack=0.433s feedback_info_pack=0.023s effective_fps=72.71
2026-09-27 22:13:40.752 | INFO     | plugrl_env_client.runner.rollout:log_timing_summary:98 - Intermediate rollout timing summary: env_steps=31625 infer_calls=7927 feedback_calls=7926 infer_wait=204.234s infer_obs_pack=0.333s env_step=213.946s feedback_total=1.496s feedback_obs_pack=0.484s feedback_info_pack=0.025s effective_fps=75.30
2026-09-27 22:13:40.755 | INFO     | plugrl_env_client.runner.rollout:log_timing_summary:98 - Intermediate rollout timing summary: env_steps=31635 infer_calls=7928 feedback_calls=7927 infer_wait=205.054s infer_obs_pack=0.339s env_step=213.183s feedback_total=1.505s feedback_obs_pack=0.479s feedback_info_pack=0.027s effective_fps=75.31
2026-09-27 22:13:40.772 | INFO     | plugrl_env_client.runner.rollout:log_timing_summary:98 - Intermediate rollout timing summary: env_steps=31641 infer_calls=7928 feedback_calls=7928 infer_wait=204.461s infer_obs_pack=0.342s env_step=213.777s feedback_total=1.528s feedback_obs_pack=0.481s feedback_info_pack=0.026s effective_fps=75.32
2026-09-27 22:15:35.028 | INFO     | plugrl_env_client.runner.rollout:log_timing_summary:98 - Intermediate rollout timing summary: env_steps=31934 infer_calls=8002 feedback_calls=8001 infer_wait=316.873s infer_obs_pack=0.345s env_step=215.594s feedback_total=1.541s feedback_obs_pack=0.486s feedback_info_pack=0.026s effective_fps=59.76
2026-09-27 22:15:35.029 | INFO     | plugrl_env_client.runner.rollout:log_timing_summary:98 - Intermediate rollout timing summary: env_steps=31921 infer_calls=8001 feedback_calls=8000 infer_wait=316.590s infer_obs_pack=0.336s env_step=215.839s feedback_total=1.509s feedback_obs_pack=0.488s feedback_info_pack=0.025s effective_fps=59.75
2026-09-27 22:15:35.033 | INFO     | plugrl_env_client.runner.rollout:log_timing_summary:98 - Intermediate rollout timing summary: env_steps=31930 infer_calls=8002 feedback_calls=8001 infer_wait=317.416s infer_obs_pack=0.342s env_step=215.073s feedback_total=1.517s feedback_obs_pack=0.484s feedback_info_pack=0.027s effective_fps=59.76
2026-09-27 22:16:05.029 | INFO     | plugrl_env_client.runner.rollout:log_timing_summary:98 - Intermediate rollout timing summary: env_steps=35020 infer_calls=8775 feedback_calls=8774 infer_wait=325.430s infer_obs_pack=0.377s env_step=236.754s feedback_total=1.679s feedback_obs_pack=0.531s feedback_info_pack=0.028s effective_fps=62.07
2026-09-27 22:16:05.034 | INFO     | plugrl_env_client.runner.rollout:log_timing_summary:98 - Intermediate rollout timing summary: env_steps=35008 infer_calls=8774 feedback_calls=8773 infer_wait=325.186s infer_obs_pack=0.369s env_step=236.954s feedback_total=1.654s feedback_obs_pack=0.538s feedback_info_pack=0.027s effective_fps=62.05
2026-09-27 22:16:05.038 | INFO     | plugrl_env_client.runner.rollout:log_timing_summary:98 - Intermediate rollout timing summary: env_steps=35017 infer_calls=8775 feedback_calls=8774 infer_wait=325.826s infer_obs_pack=0.375s env_step=236.377s feedback_total=1.660s feedback_obs_pack=0.533s feedback_info_pack=0.030s effective_fps=62.06
2026-09-27 22:16:35.038 | INFO     | plugrl_env_client.runner.rollout:log_timing_summary:98 - Intermediate rollout timing summary: env_steps=38065 infer_calls=9538 feedback_calls=9537 infer_wait=334.076s infer_obs_pack=0.409s env_step=257.831s feedback_total=1.816s feedback_obs_pack=0.577s feedback_info_pack=0.031s effective_fps=64.07
2026-09-27 22:16:35.039 | INFO     | plugrl_env_client.runner.rollout:log_timing_summary:98 - Intermediate rollout timing summary: env_steps=38054 infer_calls=9537 feedback_calls=9536 infer_wait=333.948s infer_obs_pack=0.400s env_step=257.915s feedback_total=1.787s feedback_obs_pack=0.583s feedback_info_pack=0.030s effective_fps=64.06
2026-09-27 22:16:35.042 | INFO     | plugrl_env_client.runner.rollout:log_timing_summary:98 - Intermediate rollout timing summary: env_steps=38063 infer_calls=9538 feedback_calls=9537 infer_wait=334.695s infer_obs_pack=0.407s env_step=257.232s feedback_total=1.794s feedback_obs_pack=0.577s feedback_info_pack=0.033s effective_fps=64.07
2026-09-27 22:17:05.045 | INFO     | plugrl_env_client.runner.rollout:log_timing_summary:98 - Intermediate rollout timing summary: env_steps=41067 infer_calls=10289 feedback_calls=10289 infer_wait=342.894s infer_obs_pack=0.442s env_step=278.733s feedback_total=1.953s feedback_obs_pack=0.623s feedback_info_pack=0.033s effective_fps=65.81
2026-09-27 22:17:05.061 | INFO     | plugrl_env_client.runner.rollout:log_timing_summary:98 - Intermediate rollout timing summary: env_steps=41064 infer_calls=10290 feedback_calls=10289 infer_wait=343.430s infer_obs_pack=0.439s env_step=278.226s feedback_total=1.941s feedback_obs_pack=0.626s feedback_info_pack=0.035s effective_fps=65.80
2026-09-27 22:17:05.066 | INFO     | plugrl_env_client.runner.rollout:log_timing_summary:98 - Intermediate rollout timing summary: env_steps=41055 infer_calls=10289 feedback_calls=10288 infer_wait=342.911s infer_obs_pack=0.432s env_step=278.698s feedback_total=1.921s feedback_obs_pack=0.628s feedback_info_pack=0.032s effective_fps=65.80
2026-09-27 22:17:35.059 | INFO     | plugrl_env_client.runner.rollout:log_timing_summary:98 - Intermediate rollout timing summary: env_steps=44115 infer_calls=11053 feedback_calls=11052 infer_wait=351.890s infer_obs_pack=0.474s env_step=299.463s feedback_total=2.095s feedback_obs_pack=0.669s feedback_info_pack=0.036s effective_fps=67.46
2026-09-27 22:17:35.069 | INFO     | plugrl_env_client.runner.rollout:log_timing_summary:98 - Intermediate rollout timing summary: env_steps=44114 infer_calls=11053 feedback_calls=11052 infer_wait=351.854s infer_obs_pack=0.474s env_step=299.518s feedback_total=2.078s feedback_obs_pack=0.671s feedback_info_pack=0.037s effective_fps=67.46
2026-09-27 22:17:35.098 | INFO     | plugrl_env_client.runner.rollout:log_timing_summary:98 - Intermediate rollout timing summary: env_steps=44105 infer_calls=11053 feedback_calls=11052 infer_wait=351.946s infer_obs_pack=0.464s env_step=299.408s feedback_total=2.057s feedback_obs_pack=0.673s feedback_info_pack=0.035s effective_fps=67.45
2026-09-27 22:18:05.060 | INFO     | plugrl_env_client.runner.rollout:log_timing_summary:98 - Intermediate rollout timing summary: env_steps=47057 infer_calls=11790 feedback_calls=11789 infer_wait=360.765s infer_obs_pack=0.507s env_step=320.300s feedback_total=2.236s feedback_obs_pack=0.716s feedback_info_pack=0.038s effective_fps=68.82
2026-09-27 22:18:05.080 | INFO     | plugrl_env_client.runner.rollout:log_timing_summary:98 - Intermediate rollout timing summary: env_steps=47062 infer_calls=11790 feedback_calls=11789 infer_wait=360.667s infer_obs_pack=0.506s env_step=320.430s feedback_total=2.216s feedback_obs_pack=0.717s feedback_info_pack=0.040s effective_fps=68.82
2026-09-27 22:18:05.114 | INFO     | plugrl_env_client.runner.rollout:log_timing_summary:98 - Intermediate rollout timing summary: env_steps=47050 infer_calls=11790 feedback_calls=11789 infer_wait=360.998s infer_obs_pack=0.499s env_step=320.080s feedback_total=2.195s feedback_obs_pack=0.719s feedback_info_pack=0.037s effective_fps=68.81
2026-09-27 22:20:07.381 | INFO     | plugrl_env_client.runner.rollout:log_timing_summary:98 - Intermediate rollout timing summary: env_steps=47901 infer_calls=12002 feedback_calls=12001 infer_wait=477.452s infer_obs_pack=0.515s env_step=325.864s feedback_total=2.254s feedback_obs_pack=0.729s feedback_info_pack=0.041s effective_fps=59.42
2026-09-27 22:20:07.383 | INFO     | plugrl_env_client.runner.rollout:log_timing_summary:98 - Intermediate rollout timing summary: env_steps=47894 infer_calls=12001 feedback_calls=12000 infer_wait=477.459s infer_obs_pack=0.508s env_step=325.806s feedback_total=2.237s feedback_obs_pack=0.731s feedback_info_pack=0.038s effective_fps=59.42
2026-09-27 22:20:07.387 | INFO     | plugrl_env_client.runner.rollout:log_timing_summary:98 - Intermediate rollout timing summary: env_steps=47903 infer_calls=12002 feedback_calls=12001 infer_wait=477.347s infer_obs_pack=0.516s env_step=325.964s feedback_total=2.276s feedback_obs_pack=0.728s feedback_info_pack=0.039s effective_fps=59.43
2026-09-27 22:20:37.384 | INFO     | plugrl_env_client.runner.rollout:log_timing_summary:98 - Intermediate rollout timing summary: env_steps=50964 infer_calls=12769 feedback_calls=12768 infer_wait=486.452s infer_obs_pack=0.547s env_step=346.584s feedback_total=2.390s feedback_obs_pack=0.774s feedback_info_pack=0.043s effective_fps=60.96
2026-09-27 22:20:37.386 | INFO     | plugrl_env_client.runner.rollout:log_timing_summary:98 - Intermediate rollout timing summary: env_steps=50956 infer_calls=12768 feedback_calls=12767 infer_wait=485.874s infer_obs_pack=0.540s env_step=347.102s feedback_total=2.373s feedback_obs_pack=0.777s feedback_info_pack=0.040s effective_fps=60.96
2026-09-27 22:20:37.393 | INFO     | plugrl_env_client.runner.rollout:log_timing_summary:98 - Intermediate rollout timing summary: env_steps=50967 infer_calls=12769 feedback_calls=12768 infer_wait=486.131s infer_obs_pack=0.548s env_step=346.897s feedback_total=2.414s feedback_obs_pack=0.774s feedback_info_pack=0.041s effective_fps=60.97
2026-09-27 22:21:07.393 | INFO     | plugrl_env_client.runner.rollout:log_timing_summary:98 - Intermediate rollout timing summary: env_steps=54095 infer_calls=13553 feedback_calls=13552 infer_wait=495.204s infer_obs_pack=0.580s env_step=367.543s feedback_total=2.536s feedback_obs_pack=0.820s feedback_info_pack=0.046s effective_fps=62.48
2026-09-27 22:21:07.395 | INFO     | plugrl_env_client.runner.rollout:log_timing_summary:98 - Intermediate rollout timing summary: env_steps=54090 infer_calls=13552 feedback_calls=13551 infer_wait=494.360s infer_obs_pack=0.573s env_step=368.327s feedback_total=2.522s feedback_obs_pack=0.825s feedback_info_pack=0.042s effective_fps=62.48
2026-09-27 22:21:07.396 | INFO     | plugrl_env_client.runner.rollout:log_timing_summary:98 - Intermediate rollout timing summary: env_steps=54097 infer_calls=13553 feedback_calls=13552 infer_wait=494.730s infer_obs_pack=0.581s env_step=368.007s feedback_total=2.558s feedback_obs_pack=0.820s feedback_info_pack=0.044s effective_fps=62.48
2026-09-27 22:21:37.393 | INFO     | plugrl_env_client.runner.rollout:log_timing_summary:98 - Intermediate rollout timing summary: env_steps=57185 infer_calls=14327 feedback_calls=14326 infer_wait=503.958s infer_obs_pack=0.613s env_step=388.498s feedback_total=2.680s feedback_obs_pack=0.869s feedback_info_pack=0.048s effective_fps=63.84
2026-09-27 22:21:37.397 | INFO     | plugrl_env_client.runner.rollout:log_timing_summary:98 - Intermediate rollout timing summary: env_steps=57181 infer_calls=14326 feedback_calls=14325 infer_wait=502.940s infer_obs_pack=0.608s env_step=389.454s feedback_total=2.663s feedback_obs_pack=0.873s feedback_info_pack=0.045s effective_fps=63.84
2026-09-27 22:21:37.399 | INFO     | plugrl_env_client.runner.rollout:log_timing_summary:98 - Intermediate rollout timing summary: env_steps=57187 infer_calls=14327 feedback_calls=14326 infer_wait=503.459s infer_obs_pack=0.613s env_step=388.985s feedback_total=2.704s feedback_obs_pack=0.868s feedback_info_pack=0.046s effective_fps=63.84
2026-09-27 22:22:07.399 | INFO     | plugrl_env_client.runner.rollout:log_timing_summary:98 - Intermediate rollout timing summary: env_steps=60120 infer_calls=15062 feedback_calls=15061 infer_wait=512.477s infer_obs_pack=0.646s env_step=409.691s feedback_total=2.825s feedback_obs_pack=0.916s feedback_info_pack=0.051s effective_fps=64.95
2026-09-27 22:22:07.400 | INFO     | plugrl_env_client.runner.rollout:log_timing_summary:98 - Intermediate rollout timing summary: env_steps=60118 infer_calls=15062 feedback_calls=15061 infer_wait=512.879s infer_obs_pack=0.645s env_step=409.279s feedback_total=2.841s feedback_obs_pack=0.913s feedback_info_pack=0.048s effective_fps=64.95
2026-09-27 22:22:07.400 | INFO     | plugrl_env_client.runner.rollout:log_timing_summary:98 - Intermediate rollout timing summary: env_steps=60114 infer_calls=15061 feedback_calls=15060 infer_wait=511.815s infer_obs_pack=0.640s env_step=410.295s feedback_total=2.801s feedback_obs_pack=0.921s feedback_info_pack=0.047s effective_fps=64.95
2026-09-27 22:22:37.412 | INFO     | plugrl_env_client.runner.rollout:log_timing_summary:98 - Intermediate rollout timing summary: env_steps=63026 infer_calls=15789 feedback_calls=15788 infer_wait=521.495s infer_obs_pack=0.679s env_step=430.398s feedback_total=2.966s feedback_obs_pack=0.961s feedback_info_pack=0.053s effective_fps=65.96
2026-09-27 22:22:37.413 | INFO     | plugrl_env_client.runner.rollout:log_timing_summary:98 - Intermediate rollout timing summary: env_steps=63014 infer_calls=15788 feedback_calls=15787 infer_wait=520.753s infer_obs_pack=0.674s env_step=431.079s feedback_total=2.939s feedback_obs_pack=0.968s feedback_info_pack=0.049s effective_fps=65.95
2026-09-27 22:22:37.416 | INFO     | plugrl_env_client.runner.rollout:log_timing_summary:98 - Intermediate rollout timing summary: env_steps=63017 infer_calls=15789 feedback_calls=15788 infer_wait=521.903s infer_obs_pack=0.678s env_step=429.983s feedback_total=2.981s feedback_obs_pack=0.958s feedback_info_pack=0.051s effective_fps=65.95
2026-09-27 22:24:42.046 | INFO     | plugrl_env_client.runner.rollout:log_timing_summary:98 - Intermediate rollout timing summary: env_steps=63875 infer_calls=16002 feedback_calls=16001 infer_wait=640.398s infer_obs_pack=0.691s env_step=436.034s feedback_total=3.011s feedback_obs_pack=0.975s feedback_info_pack=0.054s effective_fps=59.14
2026-09-27 22:24:42.047 | INFO     | plugrl_env_client.runner.rollout:log_timing_summary:98 - Intermediate rollout timing summary: env_steps=63869 infer_calls=16002 feedback_calls=16001 infer_wait=640.644s infer_obs_pack=0.687s env_step=435.791s feedback_total=3.022s feedback_obs_pack=0.972s feedback_info_pack=0.051s effective_fps=59.13
2026-09-27 22:24:42.049 | INFO     | plugrl_env_client.runner.rollout:log_timing_summary:98 - Intermediate rollout timing summary: env_steps=63862 infer_calls=16001 feedback_calls=16000 infer_wait=639.517s infer_obs_pack=0.683s env_step=436.865s feedback_total=2.981s feedback_obs_pack=0.983s feedback_info_pack=0.050s effective_fps=59.13
2026-09-27 22:25:12.050 | INFO     | plugrl_env_client.runner.rollout:log_timing_summary:98 - Intermediate rollout timing summary: env_steps=66776 infer_calls=16730 feedback_calls=16729 infer_wait=649.822s infer_obs_pack=0.720s env_step=456.328s feedback_total=3.163s feedback_obs_pack=1.018s feedback_info_pack=0.054s effective_fps=60.16
2026-09-27 22:25:12.050 | INFO     | plugrl_env_client.runner.rollout:log_timing_summary:98 - Intermediate rollout timing summary: env_steps=66765 infer_calls=16729 feedback_calls=16728 infer_wait=648.477s infer_obs_pack=0.715s env_step=457.610s feedback_total=3.123s feedback_obs_pack=1.030s feedback_info_pack=0.052s effective_fps=60.15
2026-09-27 22:25:12.052 | INFO     | plugrl_env_client.runner.rollout:log_timing_summary:98 - Intermediate rollout timing summary: env_steps=66781 infer_calls=16730 feedback_calls=16729 infer_wait=649.521s infer_obs_pack=0.724s env_step=456.626s feedback_total=3.153s feedback_obs_pack=1.021s feedback_info_pack=0.056s effective_fps=60.16
2026-09-27 22:25:42.052 | INFO     | plugrl_env_client.runner.rollout:log_timing_summary:98 - Intermediate rollout timing summary: env_steps=69663 infer_calls=17455 feedback_calls=17454 infer_wait=657.207s infer_obs_pack=0.748s env_step=478.594s feedback_total=3.262s feedback_obs_pack=1.075s feedback_info_pack=0.055s effective_fps=61.12
2026-09-27 22:25:42.052 | INFO     | plugrl_env_client.runner.rollout:log_timing_summary:98 - Intermediate rollout timing summary: env_steps=69670 infer_calls=17456 feedback_calls=17455 infer_wait=659.057s infer_obs_pack=0.751s env_step=476.805s feedback_total=3.304s feedback_obs_pack=1.065s feedback_info_pack=0.056s effective_fps=61.12
2026-09-27 22:25:42.056 | INFO     | plugrl_env_client.runner.rollout:log_timing_summary:98 - Intermediate rollout timing summary: env_steps=69681 infer_calls=17456 feedback_calls=17455 infer_wait=658.664s infer_obs_pack=0.756s env_step=477.199s feedback_total=3.293s feedback_obs_pack=1.068s feedback_info_pack=0.059s effective_fps=61.13
2026-09-27 22:26:12.062 | INFO     | plugrl_env_client.runner.rollout:log_timing_summary:98 - Intermediate rollout timing summary: env_steps=72599 infer_calls=18190 feedback_calls=18189 infer_wait=667.908s infer_obs_pack=0.785s env_step=497.671s feedback_total=3.448s feedback_obs_pack=1.114s feedback_info_pack=0.059s effective_fps=62.06
2026-09-27 22:26:12.064 | INFO     | plugrl_env_client.runner.rollout:log_timing_summary:98 - Intermediate rollout timing summary: env_steps=72592 infer_calls=18189 feedback_calls=18188 infer_wait=666.415s infer_obs_pack=0.779s env_step=499.109s feedback_total=3.402s feedback_obs_pack=1.120s feedback_info_pack=0.057s effective_fps=62.06
2026-09-27 22:26:12.064 | INFO     | plugrl_env_client.runner.rollout:log_timing_summary:98 - Intermediate rollout timing summary: env_steps=72615 infer_calls=18190 feedback_calls=18189 infer_wait=667.796s infer_obs_pack=0.789s env_step=497.783s feedback_total=3.440s feedback_obs_pack=1.113s feedback_info_pack=0.061s effective_fps=62.07
2026-09-27 22:26:42.063 | INFO     | plugrl_env_client.runner.rollout:log_timing_summary:98 - Intermediate rollout timing summary: env_steps=75530 infer_calls=18924 feedback_calls=18924 infer_wait=676.866s infer_obs_pack=0.818s env_step=518.416s feedback_total=3.595s feedback_obs_pack=1.160s feedback_info_pack=0.061s effective_fps=62.96
2026-09-27 22:26:42.067 | INFO     | plugrl_env_client.runner.rollout:log_timing_summary:98 - Intermediate rollout timing summary: env_steps=75518 infer_calls=18923 feedback_calls=18923 infer_wait=675.252s infer_obs_pack=0.811s env_step=519.979s feedback_total=3.546s feedback_obs_pack=1.166s feedback_info_pack=0.059s effective_fps=62.95
2026-09-27 22:26:42.083 | INFO     | plugrl_env_client.runner.rollout:log_timing_summary:98 - Intermediate rollout timing summary: env_steps=75545 infer_calls=18925 feedback_calls=18924 infer_wait=676.915s infer_obs_pack=0.821s env_step=518.390s feedback_total=3.580s feedback_obs_pack=1.159s feedback_info_pack=0.064s effective_fps=62.97
2026-09-27 22:27:12.064 | INFO     | plugrl_env_client.runner.rollout:log_timing_summary:98 - Intermediate rollout timing summary: env_steps=78526 infer_calls=19674 feedback_calls=19674 infer_wait=686.029s infer_obs_pack=0.850s env_step=538.949s feedback_total=3.747s feedback_obs_pack=1.208s feedback_info_pack=0.064s effective_fps=63.86
2026-09-27 22:27:12.076 | INFO     | plugrl_env_client.runner.rollout:log_timing_summary:98 - Intermediate rollout timing summary: env_steps=78513 infer_calls=19674 feedback_calls=19673 infer_wait=683.794s infer_obs_pack=0.844s env_step=541.141s feedback_total=3.695s feedback_obs_pack=1.213s feedback_info_pack=0.062s effective_fps=63.86
2026-09-27 22:27:12.089 | INFO     | plugrl_env_client.runner.rollout:log_timing_summary:98 - Intermediate rollout timing summary: env_steps=78535 infer_calls=19675 feedback_calls=19674 infer_wait=685.743s infer_obs_pack=0.854s env_step=539.262s feedback_total=3.735s feedback_obs_pack=1.206s feedback_info_pack=0.066s effective_fps=63.87
2026-09-27 22:29:18.873 | INFO     | plugrl_env_client.runner.rollout:log_timing_summary:98 - Intermediate rollout timing summary: env_steps=79839 infer_calls=20002 feedback_calls=20001 infer_wait=803.866s infer_obs_pack=0.868s env_step=547.799s feedback_total=3.796s feedback_obs_pack=1.226s feedback_info_pack=0.067s effective_fps=58.86
2026-09-27 22:29:18.873 | INFO     | plugrl_env_client.runner.rollout:log_timing_summary:98 - Intermediate rollout timing summary: env_steps=79813 infer_calls=20001 feedback_calls=20000 infer_wait=801.878s infer_obs_pack=0.857s env_step=549.731s feedback_total=3.755s feedback_obs_pack=1.233s feedback_info_pack=0.063s effective_fps=58.85
2026-09-27 22:29:18.876 | INFO     | plugrl_env_client.runner.rollout:log_timing_summary:98 - Intermediate rollout timing summary: env_steps=79835 infer_calls=20002 feedback_calls=20001 infer_wait=803.948s infer_obs_pack=0.866s env_step=547.719s feedback_total=3.807s feedback_obs_pack=1.227s feedback_info_pack=0.065s effective_fps=58.86
2026-09-27 22:29:48.873 | INFO     | plugrl_env_client.runner.rollout:log_timing_summary:98 - Intermediate rollout timing summary: env_steps=82600 infer_calls=20698 feedback_calls=20697 infer_wait=810.568s infer_obs_pack=0.889s env_step=570.768s feedback_total=3.884s feedback_obs_pack=1.278s feedback_info_pack=0.065s effective_fps=59.59
2026-09-27 22:29:48.874 | INFO     | plugrl_env_client.runner.rollout:log_timing_summary:98 - Intermediate rollout timing summary: env_steps=82625 infer_calls=20699 feedback_calls=20698 infer_wait=812.660s infer_obs_pack=0.900s env_step=568.731s feedback_total=3.926s feedback_obs_pack=1.272s feedback_info_pack=0.070s effective_fps=59.60
2026-09-27 22:29:48.876 | INFO     | plugrl_env_client.runner.rollout:log_timing_summary:98 - Intermediate rollout timing summary: env_steps=82618 infer_calls=20699 feedback_calls=20699 infer_wait=813.296s infer_obs_pack=0.898s env_step=568.090s feedback_total=3.939s feedback_obs_pack=1.274s feedback_info_pack=0.067s effective_fps=59.60
2026-09-27 22:30:18.876 | INFO     | plugrl_env_client.runner.rollout:log_timing_summary:98 - Intermediate rollout timing summary: env_steps=85379 infer_calls=21394 feedback_calls=21393 infer_wait=819.702s infer_obs_pack=0.922s env_step=591.344s feedback_total=4.020s feedback_obs_pack=1.326s feedback_info_pack=0.068s effective_fps=60.30
2026-09-27 22:30:18.877 | INFO     | plugrl_env_client.runner.rollout:log_timing_summary:98 - Intermediate rollout timing summary: env_steps=85397 infer_calls=21395 feedback_calls=21394 infer_wait=822.189s infer_obs_pack=0.933s env_step=588.910s feedback_total=4.062s feedback_obs_pack=1.319s feedback_info_pack=0.072s effective_fps=60.30
2026-09-27 22:30:18.881 | INFO     | plugrl_env_client.runner.rollout:log_timing_summary:98 - Intermediate rollout timing summary: env_steps=85398 infer_calls=21395 feedback_calls=21394 infer_wait=822.250s infer_obs_pack=0.930s env_step=588.865s feedback_total=4.069s feedback_obs_pack=1.319s feedback_info_pack=0.069s effective_fps=60.30
2026-09-27 22:30:48.880 | INFO     | plugrl_env_client.runner.rollout:log_timing_summary:98 - Intermediate rollout timing summary: env_steps=88171 infer_calls=22094 feedback_calls=22093 infer_wait=828.973s infer_obs_pack=0.954s env_step=611.800s feedback_total=4.150s feedback_obs_pack=1.371s feedback_info_pack=0.070s effective_fps=60.98
2026-09-27 22:30:48.881 | INFO     | plugrl_env_client.runner.rollout:log_timing_summary:98 - Intermediate rollout timing summary: env_steps=88194 infer_calls=22095 feedback_calls=22094 infer_wait=831.281s infer_obs_pack=0.966s env_step=609.538s feedback_total=4.196s feedback_obs_pack=1.366s feedback_info_pack=0.074s effective_fps=60.99
2026-09-27 22:30:48.883 | INFO     | plugrl_env_client.runner.rollout:log_timing_summary:98 - Intermediate rollout timing summary: env_steps=88188 infer_calls=22095 feedback_calls=22094 infer_wait=831.164s infer_obs_pack=0.963s env_step=609.678s feedback_total=4.202s feedback_obs_pack=1.367s feedback_info_pack=0.072s effective_fps=60.99
2026-09-27 22:31:18.887 | INFO     | plugrl_env_client.runner.rollout:log_timing_summary:98 - Intermediate rollout timing summary: env_steps=90948 infer_calls=22785 feedback_calls=22784 infer_wait=840.356s infer_obs_pack=0.998s env_step=630.197s feedback_total=4.326s feedback_obs_pack=1.410s feedback_info_pack=0.077s effective_fps=61.62
2026-09-27 22:31:18.888 | INFO     | plugrl_env_client.runner.rollout:log_timing_summary:98 - Intermediate rollout timing summary: env_steps=90925 infer_calls=22784 feedback_calls=22783 infer_wait=838.046s infer_obs_pack=0.988s env_step=632.461s feedback_total=4.276s feedback_obs_pack=1.416s feedback_info_pack=0.072s effective_fps=61.61
2026-09-27 22:31:18.888 | INFO     | plugrl_env_client.runner.rollout:log_timing_summary:98 - Intermediate rollout timing summary: env_steps=90942 infer_calls=22785 feedback_calls=22784 infer_wait=840.240s infer_obs_pack=0.996s env_step=630.333s feedback_total=4.331s feedback_obs_pack=1.411s feedback_info_pack=0.074s effective_fps=61.62
2026-09-27 22:31:48.893 | INFO     | plugrl_env_client.runner.rollout:log_timing_summary:98 - Intermediate rollout timing summary: env_steps=93709 infer_calls=23477 feedback_calls=23476 infer_wait=849.627s infer_obs_pack=1.030s env_step=650.651s feedback_total=4.455s feedback_obs_pack=1.455s feedback_info_pack=0.079s effective_fps=62.23
2026-09-27 22:31:48.893 | INFO     | plugrl_env_client.runner.rollout:log_timing_summary:98 - Intermediate rollout timing summary: env_steps=93707 infer_calls=23477 feedback_calls=23476 infer_wait=849.421s infer_obs_pack=1.028s env_step=650.883s feedback_total=4.463s feedback_obs_pack=1.456s feedback_info_pack=0.076s effective_fps=62.23
2026-09-27 22:31:48.895 | INFO     | plugrl_env_client.runner.rollout:log_timing_summary:98 - Intermediate rollout timing summary: env_steps=93691 infer_calls=23476 feedback_calls=23475 infer_wait=847.531s infer_obs_pack=1.020s env_step=652.713s feedback_total=4.404s feedback_obs_pack=1.460s feedback_info_pack=0.074s effective_fps=62.23
2026-09-27 22:34:06.580 | INFO     | plugrl_env_client.runner.rollout:log_timing_summary:98 - Intermediate rollout timing summary: env_steps=95788 infer_calls=24001 feedback_calls=24000 infer_wait=969.036s infer_obs_pack=1.047s env_step=668.683s feedback_total=4.503s feedback_obs_pack=1.495s feedback_info_pack=0.076s effective_fps=58.29
2026-09-27 22:34:06.581 | INFO     | plugrl_env_client.runner.rollout:log_timing_summary:98 - Intermediate rollout timing summary: env_steps=95801 infer_calls=24002 feedback_calls=24001 infer_wait=971.757s infer_obs_pack=1.052s env_step=666.021s feedback_total=4.570s feedback_obs_pack=1.489s feedback_info_pack=0.078s effective_fps=58.29
2026-09-27 22:34:06.582 | INFO     | plugrl_env_client.runner.rollout:log_timing_summary:98 - Intermediate rollout timing summary: env_steps=95799 infer_calls=24002 feedback_calls=24001 infer_wait=971.611s infer_obs_pack=1.054s env_step=666.148s feedback_total=4.553s feedback_obs_pack=1.489s feedback_info_pack=0.081s effective_fps=58.29
2026-09-27 22:34:36.584 | INFO     | plugrl_env_client.runner.rollout:log_timing_summary:98 - Intermediate rollout timing summary: env_steps=98584 infer_calls=24701 feedback_calls=24700 infer_wait=977.998s infer_obs_pack=1.080s env_step=689.452s feedback_total=4.632s feedback_obs_pack=1.539s feedback_info_pack=0.078s effective_fps=58.92
2026-09-27 22:34:36.587 | INFO     | plugrl_env_client.runner.rollout:log_timing_summary:98 - Intermediate rollout timing summary: env_steps=98592 infer_calls=24702 feedback_calls=24701 infer_wait=981.121s infer_obs_pack=1.084s env_step=686.366s feedback_total=4.686s feedback_obs_pack=1.537s feedback_info_pack=0.083s effective_fps=58.92
2026-09-27 22:34:36.587 | INFO     | plugrl_env_client.runner.rollout:log_timing_summary:98 - Intermediate rollout timing summary: env_steps=98596 infer_calls=24702 feedback_calls=24701 infer_wait=980.827s infer_obs_pack=1.086s env_step=686.679s feedback_total=4.702s feedback_obs_pack=1.534s feedback_info_pack=0.080s effective_fps=58.92
2026-09-27 22:35:06.584 | INFO     | plugrl_env_client.runner.rollout:log_timing_summary:98 - Intermediate rollout timing summary: env_steps=101425 infer_calls=25413 feedback_calls=25413 infer_wait=986.975s infer_obs_pack=1.112s env_step=710.173s feedback_total=4.775s feedback_obs_pack=1.586s feedback_info_pack=0.081s effective_fps=59.56
2026-09-27 22:35:06.600 | INFO     | plugrl_env_client.runner.rollout:log_timing_summary:98 - Intermediate rollout timing summary: env_steps=101440 infer_calls=25415 feedback_calls=25414 infer_wait=989.956s infer_obs_pack=1.119s env_step=707.268s feedback_total=4.844s feedback_obs_pack=1.579s feedback_info_pack=0.083s effective_fps=59.56
2026-09-27 22:35:06.601 | INFO     | plugrl_env_client.runner.rollout:log_timing_summary:98 - Intermediate rollout timing summary: env_steps=101431 infer_calls=25415 feedback_calls=25414 infer_wait=990.202s infer_obs_pack=1.121s env_step=706.992s feedback_total=4.831s feedback_obs_pack=1.584s feedback_info_pack=0.086s effective_fps=59.56
2026-09-27 22:35:36.596 | INFO     | plugrl_env_client.runner.rollout:log_timing_summary:98 - Intermediate rollout timing summary: env_steps=104213 infer_calls=26112 feedback_calls=26111 infer_wait=996.206s infer_obs_pack=1.144s env_step=730.677s feedback_total=4.910s feedback_obs_pack=1.631s feedback_info_pack=0.083s effective_fps=60.14
2026-09-27 22:35:36.602 | INFO     | plugrl_env_client.runner.rollout:log_timing_summary:98 - Intermediate rollout timing summary: env_steps=104221 infer_calls=26113 feedback_calls=26112 infer_wait=999.275s infer_obs_pack=1.152s env_step=727.673s feedback_total=4.973s feedback_obs_pack=1.625s feedback_info_pack=0.085s effective_fps=60.14
2026-09-27 22:35:36.605 | INFO     | plugrl_env_client.runner.rollout:log_timing_summary:98 - Intermediate rollout timing summary: env_steps=104221 infer_calls=26113 feedback_calls=26112 infer_wait=998.943s infer_obs_pack=1.154s env_step=727.969s feedback_total=4.968s feedback_obs_pack=1.630s feedback_info_pack=0.088s effective_fps=60.14
2026-09-27 22:36:06.599 | INFO     | plugrl_env_client.runner.rollout:log_timing_summary:98 - Intermediate rollout timing summary: env_steps=106943 infer_calls=26796 feedback_calls=26795 infer_wait=1005.471s infer_obs_pack=1.178s env_step=751.133s feedback_total=5.038s feedback_obs_pack=1.675s feedback_info_pack=0.085s effective_fps=60.67
2026-09-27 22:36:06.606 | INFO     | plugrl_env_client.runner.rollout:log_timing_summary:98 - Intermediate rollout timing summary: env_steps=106951 infer_calls=26797 feedback_calls=26796 infer_wait=1008.057s infer_obs_pack=1.186s env_step=748.581s feedback_total=5.100s feedback_obs_pack=1.675s feedback_info_pack=0.090s effective_fps=60.67
2026-09-27 22:36:06.629 | INFO     | plugrl_env_client.runner.rollout:log_timing_summary:98 - Intermediate rollout timing summary: env_steps=106952 infer_calls=26798 feedback_calls=26797 infer_wait=1008.614s infer_obs_pack=1.183s env_step=748.091s feedback_total=5.103s feedback_obs_pack=1.669s feedback_info_pack=0.087s effective_fps=60.67
2026-09-27 22:36:36.602 | INFO     | plugrl_env_client.runner.rollout:log_timing_summary:98 - Intermediate rollout timing summary: env_steps=109752 infer_calls=27500 feedback_calls=27499 infer_wait=1014.788s infer_obs_pack=1.211s env_step=771.541s feedback_total=5.170s feedback_obs_pack=1.720s feedback_info_pack=0.087s effective_fps=61.22
2026-09-27 22:36:36.608 | INFO     | plugrl_env_client.runner.rollout:log_timing_summary:98 - Intermediate rollout timing summary: env_steps=109762 infer_calls=27501 feedback_calls=27500 infer_wait=1017.251s infer_obs_pack=1.220s env_step=769.116s feedback_total=5.227s feedback_obs_pack=1.721s feedback_info_pack=0.093s effective_fps=61.22
2026-09-27 22:36:36.642 | INFO     | plugrl_env_client.runner.rollout:log_timing_summary:98 - Intermediate rollout timing summary: env_steps=109762 infer_calls=27502 feedback_calls=27501 infer_wait=1017.402s infer_obs_pack=1.216s env_step=769.033s feedback_total=5.237s feedback_obs_pack=1.717s feedback_info_pack=0.090s effective_fps=61.22
2026-09-27 22:38:54.217 | INFO     | plugrl_env_client.runner.rollout:log_timing_summary:98 - Intermediate rollout timing summary: env_steps=111757 infer_calls=28002 feedback_calls=28001 infer_wait=1139.812s infer_obs_pack=1.238s env_step=784.004s feedback_total=5.330s feedback_obs_pack=1.748s feedback_info_pack=0.092s effective_fps=57.89
2026-09-27 22:38:54.219 | INFO     | plugrl_env_client.runner.rollout:log_timing_summary:98 - Intermediate rollout timing summary: env_steps=111750 infer_calls=28001 feedback_calls=28000 infer_wait=1137.417s infer_obs_pack=1.233s env_step=786.334s feedback_total=5.262s feedback_obs_pack=1.752s feedback_info_pack=0.089s effective_fps=57.89
2026-09-27 22:38:54.221 | INFO     | plugrl_env_client.runner.rollout:log_timing_summary:98 - Intermediate rollout timing summary: env_steps=111762 infer_calls=28002 feedback_calls=28001 infer_wait=1139.887s infer_obs_pack=1.243s env_step=783.894s feedback_total=5.324s feedback_obs_pack=1.752s feedback_info_pack=0.094s effective_fps=57.90
2026-09-27 22:39:24.222 | INFO     | plugrl_env_client.runner.rollout:log_timing_summary:98 - Intermediate rollout timing summary: env_steps=114370 infer_calls=28656 feedback_calls=28655 infer_wait=1149.024s infer_obs_pack=1.272s env_step=804.514s feedback_total=5.461s feedback_obs_pack=1.794s feedback_info_pack=0.094s effective_fps=58.34
2026-09-27 22:39:24.225 | INFO     | plugrl_env_client.runner.rollout:log_timing_summary:98 - Intermediate rollout timing summary: env_steps=114373 infer_calls=28656 feedback_calls=28656 infer_wait=1149.743s infer_obs_pack=1.275s env_step=803.763s feedback_total=5.456s feedback_obs_pack=1.797s feedback_info_pack=0.097s effective_fps=58.35
2026-09-27 22:39:24.247 | INFO     | plugrl_env_client.runner.rollout:log_timing_summary:98 - Intermediate rollout timing summary: env_steps=114356 infer_calls=28656 feedback_calls=28655 infer_wait=1147.335s infer_obs_pack=1.266s env_step=806.158s feedback_total=5.395s feedback_obs_pack=1.797s feedback_info_pack=0.091s effective_fps=58.34
2026-09-27 22:39:54.231 | INFO     | plugrl_env_client.runner.rollout:log_timing_summary:98 - Intermediate rollout timing summary: env_steps=117050 infer_calls=29327 feedback_calls=29326 infer_wait=1157.919s infer_obs_pack=1.305s env_step=825.345s feedback_total=5.595s feedback_obs_pack=1.839s feedback_info_pack=0.096s effective_fps=58.81
2026-09-27 22:39:54.233 | INFO     | plugrl_env_client.runner.rollout:log_timing_summary:98 - Intermediate rollout timing summary: env_steps=117047 infer_calls=29327 feedback_calls=29326 infer_wait=1159.374s infer_obs_pack=1.307s env_step=823.860s feedback_total=5.591s feedback_obs_pack=1.843s feedback_info_pack=0.099s effective_fps=58.81
2026-09-27 22:39:54.255 | INFO     | plugrl_env_client.runner.rollout:log_timing_summary:98 - Intermediate rollout timing summary: env_steps=117033 infer_calls=29326 feedback_calls=29326 infer_wait=1157.087s infer_obs_pack=1.299s env_step=826.128s feedback_total=5.531s feedback_obs_pack=1.843s feedback_info_pack=0.094s effective_fps=58.81
2026-09-27 22:40:24.234 | INFO     | plugrl_env_client.runner.rollout:log_timing_summary:98 - Intermediate rollout timing summary: env_steps=119700 infer_calls=29990 feedback_calls=29990 infer_wait=1168.655s infer_obs_pack=1.339s env_step=844.309s feedback_total=5.721s feedback_obs_pack=1.888s feedback_info_pack=0.101s effective_fps=59.26
2026-09-27 22:40:24.251 | INFO     | plugrl_env_client.runner.rollout:log_timing_summary:98 - Intermediate rollout timing summary: env_steps=119695 infer_calls=29991 feedback_calls=29990 infer_wait=1167.502s infer_obs_pack=1.339s env_step=845.494s feedback_total=5.731s feedback_obs_pack=1.885s feedback_info_pack=0.099s effective_fps=59.25
2026-09-27 22:40:24.255 | INFO     | plugrl_env_client.runner.rollout:log_timing_summary:98 - Intermediate rollout timing summary: env_steps=119679 infer_calls=29990 feedback_calls=29989 infer_wait=1166.950s infer_obs_pack=1.332s env_step=845.984s feedback_total=5.668s feedback_obs_pack=1.891s feedback_info_pack=0.096s effective_fps=59.25
2026-09-27 22:40:54.243 | INFO     | plugrl_env_client.runner.rollout:log_timing_summary:98 - Intermediate rollout timing summary: env_steps=122421 infer_calls=30672 feedback_calls=30671 infer_wait=1177.945s infer_obs_pack=1.375s env_step=864.739s feedback_total=5.856s feedback_obs_pack=1.934s feedback_info_pack=0.104s effective_fps=59.72
2026-09-27 22:40:54.252 | INFO     | plugrl_env_client.runner.rollout:log_timing_summary:98 - Intermediate rollout timing summary: env_steps=122414 infer_calls=30672 feedback_calls=30671 infer_wait=1177.151s infer_obs_pack=1.373s env_step=865.559s feedback_total=5.867s feedback_obs_pack=1.931s feedback_info_pack=0.101s effective_fps=59.72
2026-09-27 22:40:54.264 | INFO     | plugrl_env_client.runner.rollout:log_timing_summary:98 - Intermediate rollout timing summary: env_steps=122401 infer_calls=30671 feedback_calls=30670 infer_wait=1176.227s infer_obs_pack=1.365s env_step=866.425s feedback_total=5.807s feedback_obs_pack=1.938s feedback_info_pack=0.099s effective_fps=59.71
2026-09-27 22:41:24.247 | INFO     | plugrl_env_client.runner.rollout:log_timing_summary:98 - Intermediate rollout timing summary: env_steps=125131 infer_calls=31352 feedback_calls=31351 infer_wait=1186.887s infer_obs_pack=1.409s env_step=885.493s feedback_total=6.004s feedback_obs_pack=1.984s feedback_info_pack=0.106s effective_fps=60.17
2026-09-27 22:41:24.259 | INFO     | plugrl_env_client.runner.rollout:log_timing_summary:98 - Intermediate rollout timing summary: env_steps=125128 infer_calls=31352 feedback_calls=31351 infer_wait=1186.607s infer_obs_pack=1.406s env_step=885.814s feedback_total=6.014s feedback_obs_pack=1.977s feedback_info_pack=0.104s effective_fps=60.16
2026-09-27 22:41:24.266 | INFO     | plugrl_env_client.runner.rollout:log_timing_summary:98 - Intermediate rollout timing summary: env_steps=125110 infer_calls=31351 feedback_calls=31351 infer_wait=1185.846s infer_obs_pack=1.398s env_step=886.506s feedback_total=5.950s feedback_obs_pack=1.984s feedback_info_pack=0.101s effective_fps=60.16
2026-09-27 22:43:49.011 | INFO     | plugrl_env_client.runner.rollout:log_timing_summary:98 - Intermediate rollout timing summary: env_steps=127706 infer_calls=32001 feedback_calls=32000 infer_wait=1310.910s infer_obs_pack=1.432s env_step=905.913s feedback_total=6.083s feedback_obs_pack=2.031s feedback_info_pack=0.104s effective_fps=57.41
2026-09-27 22:43:49.017 | INFO     | plugrl_env_client.runner.rollout:log_timing_summary:98 - Intermediate rollout timing summary: env_steps=127725 infer_calls=32002 feedback_calls=32001 infer_wait=1311.464s infer_obs_pack=1.440s env_step=905.412s feedback_total=6.135s feedback_obs_pack=2.028s feedback_info_pack=0.109s effective_fps=57.42
2026-09-27 22:43:49.018 | INFO     | plugrl_env_client.runner.rollout:log_timing_summary:98 - Intermediate rollout timing summary: env_steps=127721 infer_calls=32002 feedback_calls=32001 infer_wait=1311.542s infer_obs_pack=1.439s env_step=905.355s feedback_total=6.147s feedback_obs_pack=2.024s feedback_info_pack=0.106s effective_fps=57.42
2026-09-27 22:44:19.021 | INFO     | plugrl_env_client.runner.rollout:log_timing_summary:98 - Intermediate rollout timing summary: env_steps=130492 infer_calls=32695 feedback_calls=32694 infer_wait=1320.291s infer_obs_pack=1.472s env_step=926.313s feedback_total=6.267s feedback_obs_pack=2.072s feedback_info_pack=0.111s effective_fps=57.88
2026-09-27 22:44:19.024 | INFO     | plugrl_env_client.runner.rollout:log_timing_summary:98 - Intermediate rollout timing summary: env_steps=130466 infer_calls=32694 feedback_calls=32693 infer_wait=1320.174s infer_obs_pack=1.465s env_step=926.381s feedback_total=6.214s feedback_obs_pack=2.075s feedback_info_pack=0.106s effective_fps=57.88
2026-09-27 22:44:19.025 | INFO     | plugrl_env_client.runner.rollout:log_timing_summary:98 - Intermediate rollout timing summary: env_steps=130480 infer_calls=32695 feedback_calls=32694 infer_wait=1320.788s infer_obs_pack=1.472s env_step=925.838s feedback_total=6.278s feedback_obs_pack=2.069s feedback_info_pack=0.108s effective_fps=57.88
2026-09-27 22:44:49.026 | INFO     | plugrl_env_client.runner.rollout:log_timing_summary:98 - Intermediate rollout timing summary: env_steps=133305 infer_calls=33402 feedback_calls=33401 infer_wait=1329.477s infer_obs_pack=1.505s env_step=946.866s feedback_total=6.414s feedback_obs_pack=2.116s feedback_info_pack=0.111s effective_fps=58.36
2026-09-27 22:44:49.027 | INFO     | plugrl_env_client.runner.rollout:log_timing_summary:98 - Intermediate rollout timing summary: env_steps=133284 infer_calls=33401 feedback_calls=33400 infer_wait=1329.481s infer_obs_pack=1.498s env_step=946.786s feedback_total=6.353s feedback_obs_pack=2.126s feedback_info_pack=0.108s effective_fps=58.35
2026-09-27 22:44:49.028 | INFO     | plugrl_env_client.runner.rollout:log_timing_summary:98 - Intermediate rollout timing summary: env_steps=133313 infer_calls=33402 feedback_calls=33401 infer_wait=1329.640s infer_obs_pack=1.504s env_step=946.690s feedback_total=6.402s feedback_obs_pack=2.117s feedback_info_pack=0.113s effective_fps=58.36
2026-09-27 22:45:19.029 | INFO     | plugrl_env_client.runner.rollout:log_timing_summary:98 - Intermediate rollout timing summary: env_steps=136071 infer_calls=34100 feedback_calls=34099 infer_wait=1338.565s infer_obs_pack=1.530s env_step=967.424s feedback_total=6.486s feedback_obs_pack=2.174s feedback_info_pack=0.110s effective_fps=58.80
2026-09-27 22:45:19.029 | INFO     | plugrl_env_client.runner.rollout:log_timing_summary:98 - Intermediate rollout timing summary: env_steps=136093 infer_calls=34101 feedback_calls=34100 infer_wait=1338.697s infer_obs_pack=1.540s env_step=967.366s feedback_total=6.545s feedback_obs_pack=2.160s feedback_info_pack=0.113s effective_fps=58.81
2026-09-27 22:45:19.030 | INFO     | plugrl_env_client.runner.rollout:log_timing_summary:98 - Intermediate rollout timing summary: env_steps=136107 infer_calls=34101 feedback_calls=34100 infer_wait=1338.628s infer_obs_pack=1.536s env_step=967.421s feedback_total=6.540s feedback_obs_pack=2.162s feedback_info_pack=0.116s effective_fps=58.82
2026-09-27 22:45:49.034 | INFO     | plugrl_env_client.runner.rollout:log_timing_summary:98 - Intermediate rollout timing summary: env_steps=138891 infer_calls=34806 feedback_calls=34806 infer_wait=1347.425s infer_obs_pack=1.563s env_step=988.288s feedback_total=6.623s feedback_obs_pack=2.219s feedback_info_pack=0.113s effective_fps=59.26
2026-09-27 22:45:49.051 | INFO     | plugrl_env_client.runner.rollout:log_timing_summary:98 - Intermediate rollout timing summary: env_steps=138924 infer_calls=34808 feedback_calls=34807 infer_wait=1347.843s infer_obs_pack=1.569s env_step=987.953s feedback_total=6.669s feedback_obs_pack=2.206s feedback_info_pack=0.118s effective_fps=59.27
2026-09-27 22:45:49.054 | INFO     | plugrl_env_client.runner.rollout:log_timing_summary:98 - Intermediate rollout timing summary: env_steps=138917 infer_calls=34808 feedback_calls=34807 infer_wait=1347.847s infer_obs_pack=1.573s env_step=987.965s feedback_total=6.677s feedback_obs_pack=2.205s feedback_info_pack=0.115s effective_fps=59.26
2026-09-27 22:46:19.040 | INFO     | plugrl_env_client.runner.rollout:log_timing_summary:98 - Intermediate rollout timing summary: env_steps=141653 infer_calls=35497 feedback_calls=35497 infer_wait=1355.929s infer_obs_pack=1.598s env_step=1009.511s feedback_total=6.750s feedback_obs_pack=2.264s feedback_info_pack=0.115s effective_fps=59.67
2026-09-27 22:46:19.056 | INFO     | plugrl_env_client.runner.rollout:log_timing_summary:98 - Intermediate rollout timing summary: env_steps=141675 infer_calls=35499 feedback_calls=35498 infer_wait=1357.221s infer_obs_pack=1.610s env_step=1008.306s feedback_total=6.808s feedback_obs_pack=2.250s feedback_info_pack=0.118s effective_fps=59.68
2026-09-27 22:46:19.057 | INFO     | plugrl_env_client.runner.rollout:log_timing_summary:98 - Intermediate rollout timing summary: env_steps=141677 infer_calls=35499 feedback_calls=35498 infer_wait=1357.448s infer_obs_pack=1.600s env_step=1008.076s feedback_total=6.800s feedback_obs_pack=2.249s feedback_info_pack=0.120s effective_fps=59.68
2026-09-27 22:48:34.410 | INFO     | plugrl_env_client.runner.rollout:log_timing_summary:98 - Intermediate rollout timing summary: env_steps=143662 infer_calls=36001 feedback_calls=36000 infer_wait=1476.566s infer_obs_pack=1.620s env_step=1024.040s feedback_total=6.847s feedback_obs_pack=2.295s feedback_info_pack=0.116s effective_fps=57.26
2026-09-27 22:48:34.412 | INFO     | plugrl_env_client.runner.rollout:log_timing_summary:98 - Intermediate rollout timing summary: env_steps=143678 infer_calls=36002 feedback_calls=36001 infer_wait=1478.055s infer_obs_pack=1.623s env_step=1022.622s feedback_total=6.896s feedback_obs_pack=2.281s feedback_info_pack=0.122s effective_fps=57.26
2026-09-27 22:48:34.417 | INFO     | plugrl_env_client.runner.rollout:log_timing_summary:98 - Intermediate rollout timing summary: env_steps=143686 infer_calls=36002 feedback_calls=36001 infer_wait=1477.790s infer_obs_pack=1.632s env_step=1022.900s feedback_total=6.901s feedback_obs_pack=2.281s feedback_info_pack=0.119s effective_fps=57.26
2026-09-27 22:49:04.411 | INFO     | plugrl_env_client.runner.rollout:log_timing_summary:98 - Intermediate rollout timing summary: env_steps=146483 infer_calls=36709 feedback_calls=36708 infer_wait=1485.737s infer_obs_pack=1.653s env_step=1044.582s feedback_total=6.984s feedback_obs_pack=2.341s feedback_info_pack=0.119s effective_fps=57.69
2026-09-27 22:49:04.418 | INFO     | plugrl_env_client.runner.rollout:log_timing_summary:98 - Intermediate rollout timing summary: env_steps=146508 infer_calls=36710 feedback_calls=36709 infer_wait=1486.881s infer_obs_pack=1.655s env_step=1043.520s feedback_total=7.028s feedback_obs_pack=2.326s feedback_info_pack=0.124s effective_fps=57.70
2026-09-27 22:49:04.418 | INFO     | plugrl_env_client.runner.rollout:log_timing_summary:98 - Intermediate rollout timing summary: env_steps=146514 infer_calls=36710 feedback_calls=36709 infer_wait=1487.170s infer_obs_pack=1.664s env_step=1043.242s feedback_total=7.035s feedback_obs_pack=2.328s feedback_info_pack=0.122s effective_fps=57.70
2026-09-27 22:49:34.418 | INFO     | plugrl_env_client.runner.rollout:log_timing_summary:98 - Intermediate rollout timing summary: env_steps=149271 infer_calls=37402 feedback_calls=37401 infer_wait=1496.350s infer_obs_pack=1.688s env_step=1063.781s feedback_total=7.157s feedback_obs_pack=2.372s feedback_info_pack=0.127s effective_fps=58.11
2026-09-27 22:49:34.419 | INFO     | plugrl_env_client.runner.rollout:log_timing_summary:98 - Intermediate rollout timing summary: env_steps=149244 infer_calls=37401 feedback_calls=37400 infer_wait=1494.495s infer_obs_pack=1.686s env_step=1065.549s feedback_total=7.115s feedback_obs_pack=2.387s feedback_info_pack=0.121s effective_fps=58.10
2026-09-27 22:49:34.423 | INFO     | plugrl_env_client.runner.rollout:log_timing_summary:98 - Intermediate rollout timing summary: env_steps=149277 infer_calls=37402 feedback_calls=37401 infer_wait=1495.990s infer_obs_pack=1.697s env_step=1064.145s feedback_total=7.171s feedback_obs_pack=2.377s feedback_info_pack=0.124s effective_fps=58.11
2026-09-27 22:50:04.420 | INFO     | plugrl_env_client.runner.rollout:log_timing_summary:98 - Intermediate rollout timing summary: env_steps=152075 infer_calls=38105 feedback_calls=38104 infer_wait=1505.531s infer_obs_pack=1.722s env_step=1084.322s feedback_total=7.289s feedback_obs_pack=2.416s feedback_info_pack=0.129s effective_fps=58.52
2026-09-27 22:50:04.422 | INFO     | plugrl_env_client.runner.rollout:log_timing_summary:98 - Intermediate rollout timing summary: env_steps=152049 infer_calls=38104 feedback_calls=38104 infer_wait=1503.558s infer_obs_pack=1.719s env_step=1086.205s feedback_total=7.251s feedback_obs_pack=2.432s feedback_info_pack=0.123s effective_fps=58.51
2026-09-27 22:50:04.432 | INFO     | plugrl_env_client.runner.rollout:log_timing_summary:98 - Intermediate rollout timing summary: env_steps=152085 infer_calls=38105 feedback_calls=38105 infer_wait=1505.167s infer_obs_pack=1.729s env_step=1084.701s feedback_total=7.305s feedback_obs_pack=2.425s feedback_info_pack=0.126s effective_fps=58.52
2026-09-27 22:50:34.421 | INFO     | plugrl_env_client.runner.rollout:log_timing_summary:98 - Intermediate rollout timing summary: env_steps=154869 infer_calls=38804 feedback_calls=38804 infer_wait=1514.928s infer_obs_pack=1.754s env_step=1104.646s feedback_total=7.422s feedback_obs_pack=2.461s feedback_info_pack=0.132s effective_fps=58.91
2026-09-27 22:50:34.439 | INFO     | plugrl_env_client.runner.rollout:log_timing_summary:98 - Intermediate rollout timing summary: env_steps=154842 infer_calls=38804 feedback_calls=38803 infer_wait=1512.324s infer_obs_pack=1.750s env_step=1107.185s feedback_total=7.377s feedback_obs_pack=2.477s feedback_info_pack=0.125s effective_fps=58.91
2026-09-27 22:50:34.439 | INFO     | plugrl_env_client.runner.rollout:log_timing_summary:98 - Intermediate rollout timing summary: env_steps=154877 infer_calls=38805 feedback_calls=38804 infer_wait=1514.217s infer_obs_pack=1.761s env_step=1105.383s feedback_total=7.438s feedback_obs_pack=2.470s feedback_info_pack=0.129s effective_fps=58.92
2026-09-27 22:51:04.427 | INFO     | plugrl_env_client.runner.rollout:log_timing_summary:98 - Intermediate rollout timing summary: env_steps=157664 infer_calls=39504 feedback_calls=39503 infer_wait=1523.559s infer_obs_pack=1.788s env_step=1125.742s feedback_total=7.556s feedback_obs_pack=2.508s feedback_info_pack=0.134s effective_fps=59.30
2026-09-27 22:51:04.445 | INFO     | plugrl_env_client.runner.rollout:log_timing_summary:98 - Intermediate rollout timing summary: env_steps=157634 infer_calls=39503 feedback_calls=39502 infer_wait=1521.459s infer_obs_pack=1.789s env_step=1127.770s feedback_total=7.511s feedback_obs_pack=2.522s feedback_info_pack=0.128s effective_fps=59.29
2026-09-27 22:51:04.446 | INFO     | plugrl_env_client.runner.rollout:log_timing_summary:98 - Intermediate rollout timing summary: env_steps=157667 infer_calls=39504 feedback_calls=39503 infer_wait=1523.271s infer_obs_pack=1.794s env_step=1126.054s feedback_total=7.573s feedback_obs_pack=2.515s feedback_info_pack=0.131s effective_fps=59.30
2026-09-27 22:53:21.191 | INFO     | plugrl_env_client.runner.rollout:log_timing_summary:98 - Intermediate rollout timing summary: env_steps=159651 infer_calls=40002 feedback_calls=40001 infer_wait=1645.475s infer_obs_pack=1.810s env_step=1140.392s feedback_total=7.648s feedback_obs_pack=2.540s feedback_info_pack=0.136s effective_fps=57.11
2026-09-27 22:53:21.194 | INFO     | plugrl_env_client.runner.rollout:log_timing_summary:98 - Intermediate rollout timing summary: env_steps=159646 infer_calls=40002 feedback_calls=40001 infer_wait=1645.327s infer_obs_pack=1.817s env_step=1140.549s feedback_total=7.664s feedback_obs_pack=2.547s feedback_info_pack=0.133s effective_fps=57.11
2026-09-27 22:53:21.196 | INFO     | plugrl_env_client.runner.rollout:log_timing_summary:98 - Intermediate rollout timing summary: env_steps=159623 infer_calls=40001 feedback_calls=40000 infer_wait=1643.537s infer_obs_pack=1.815s env_step=1142.243s feedback_total=7.605s feedback_obs_pack=2.553s feedback_info_pack=0.129s effective_fps=57.11
2026-09-27 22:53:51.194 | INFO     | plugrl_env_client.runner.rollout:log_timing_summary:98 - Intermediate rollout timing summary: env_steps=162418 infer_calls=40694 feedback_calls=40693 infer_wait=1654.514s infer_obs_pack=1.842s env_step=1161.084s feedback_total=7.778s feedback_obs_pack=2.584s feedback_info_pack=0.138s effective_fps=57.49
2026-09-27 22:53:51.198 | INFO     | plugrl_env_client.runner.rollout:log_timing_summary:98 - Intermediate rollout timing summary: env_steps=162389 infer_calls=40693 feedback_calls=40693 infer_wait=1652.591s infer_obs_pack=1.846s env_step=1162.921s feedback_total=7.731s feedback_obs_pack=2.597s feedback_info_pack=0.131s effective_fps=57.48
2026-09-27 22:53:51.199 | INFO     | plugrl_env_client.runner.rollout:log_timing_summary:98 - Intermediate rollout timing summary: env_steps=162411 infer_calls=40694 feedback_calls=40693 infer_wait=1654.512s infer_obs_pack=1.851s env_step=1161.095s feedback_total=7.796s feedback_obs_pack=2.591s feedback_info_pack=0.135s effective_fps=57.49
2026-09-27 22:54:21.197 | INFO     | plugrl_env_client.runner.rollout:log_timing_summary:98 - Intermediate rollout timing summary: env_steps=165178 infer_calls=41386 feedback_calls=41385 infer_wait=1664.050s infer_obs_pack=1.873s env_step=1181.288s feedback_total=7.904s feedback_obs_pack=2.627s feedback_info_pack=0.140s effective_fps=57.85
2026-09-27 22:54:21.199 | INFO     | plugrl_env_client.runner.rollout:log_timing_summary:98 - Intermediate rollout timing summary: env_steps=165146 infer_calls=41385 feedback_calls=41384 infer_wait=1662.077s infer_obs_pack=1.878s env_step=1183.159s feedback_total=7.862s feedback_obs_pack=2.641s feedback_info_pack=0.134s effective_fps=57.84
2026-09-27 22:54:21.200 | INFO     | plugrl_env_client.runner.rollout:log_timing_summary:98 - Intermediate rollout timing summary: env_steps=165172 infer_calls=41386 feedback_calls=41385 infer_wait=1663.181s infer_obs_pack=1.888s env_step=1182.144s feedback_total=7.929s feedback_obs_pack=2.636s feedback_info_pack=0.137s effective_fps=57.85
2026-09-27 22:54:51.200 | INFO     | plugrl_env_client.runner.rollout:log_timing_summary:98 - Intermediate rollout timing summary: env_steps=167913 infer_calls=42078 feedback_calls=42078 infer_wait=1671.266s infer_obs_pack=1.909s env_step=1203.700s feedback_total=7.991s feedback_obs_pack=2.685s feedback_info_pack=0.136s effective_fps=58.20
2026-09-27 22:54:51.203 | INFO     | plugrl_env_client.runner.rollout:log_timing_summary:98 - Intermediate rollout timing summary: env_steps=167950 infer_calls=42079 feedback_calls=42079 infer_wait=1672.974s infer_obs_pack=1.904s env_step=1202.098s feedback_total=8.034s feedback_obs_pack=2.670s feedback_info_pack=0.143s effective_fps=58.21
2026-09-27 22:54:51.219 | INFO     | plugrl_env_client.runner.rollout:log_timing_summary:98 - Intermediate rollout timing summary: env_steps=167946 infer_calls=42080 feedback_calls=42079 infer_wait=1672.386s infer_obs_pack=1.921s env_step=1202.679s feedback_total=8.061s feedback_obs_pack=2.683s feedback_info_pack=0.139s effective_fps=58.21
2026-09-27 22:55:21.212 | INFO     | plugrl_env_client.runner.rollout:log_timing_summary:98 - Intermediate rollout timing summary: env_steps=170696 infer_calls=42768 feedback_calls=42767 infer_wait=1681.885s infer_obs_pack=1.937s env_step=1222.915s feedback_total=8.165s feedback_obs_pack=2.715s feedback_info_pack=0.145s effective_fps=58.56
2026-09-27 22:55:21.217 | INFO     | plugrl_env_client.runner.rollout:log_timing_summary:98 - Intermediate rollout timing summary: env_steps=170658 infer_calls=42767 feedback_calls=42766 infer_wait=1680.497s infer_obs_pack=1.940s env_step=1224.216s feedback_total=8.119s feedback_obs_pack=2.729s feedback_info_pack=0.138s effective_fps=58.55
2026-09-27 22:55:21.221 | INFO     | plugrl_env_client.runner.rollout:log_timing_summary:98 - Intermediate rollout timing summary: env_steps=170693 infer_calls=42768 feedback_calls=42767 infer_wait=1681.591s infer_obs_pack=1.953s env_step=1223.197s feedback_total=8.191s feedback_obs_pack=2.726s feedback_info_pack=0.142s effective_fps=58.56
2026-09-27 22:55:51.225 | INFO     | plugrl_env_client.runner.rollout:log_timing_summary:98 - Intermediate rollout timing summary: env_steps=173495 infer_calls=43471 feedback_calls=43470 infer_wait=1691.451s infer_obs_pack=1.969s env_step=1243.083s feedback_total=8.298s feedback_obs_pack=2.759s feedback_info_pack=0.147s effective_fps=58.92
2026-09-27 22:55:51.226 | INFO     | plugrl_env_client.runner.rollout:log_timing_summary:98 - Intermediate rollout timing summary: env_steps=173499 infer_calls=43471 feedback_calls=43470 infer_wait=1690.797s infer_obs_pack=1.988s env_step=1243.714s feedback_total=8.323s feedback_obs_pack=2.771s feedback_info_pack=0.144s effective_fps=58.92
2026-09-27 22:55:51.226 | INFO     | plugrl_env_client.runner.rollout:log_timing_summary:98 - Intermediate rollout timing summary: env_steps=173466 infer_calls=43470 feedback_calls=43469 infer_wait=1689.460s infer_obs_pack=1.971s env_step=1244.994s feedback_total=8.248s feedback_obs_pack=2.773s feedback_info_pack=0.140s effective_fps=58.91
2026-09-27 22:58:07.491 | INFO     | plugrl_env_client.runner.rollout:log_timing_summary:98 - Intermediate rollout timing summary: env_steps=175586 infer_calls=44001 feedback_calls=44000 infer_wait=1809.529s infer_obs_pack=1.995s env_step=1260.981s feedback_total=8.348s feedback_obs_pack=2.807s feedback_info_pack=0.142s effective_fps=56.99
2026-09-27 22:58:07.492 | INFO     | plugrl_env_client.runner.rollout:log_timing_summary:98 - Intermediate rollout timing summary: env_steps=175615 infer_calls=44002 feedback_calls=44001 infer_wait=1812.113s infer_obs_pack=1.995s env_step=1258.475s feedback_total=8.400s feedback_obs_pack=2.794s feedback_info_pack=0.149s effective_fps=57.00
2026-09-27 22:58:07.494 | INFO     | plugrl_env_client.runner.rollout:log_timing_summary:98 - Intermediate rollout timing summary: env_steps=175617 infer_calls=44002 feedback_calls=44001 infer_wait=1811.174s infer_obs_pack=2.012s env_step=1259.391s feedback_total=8.424s feedback_obs_pack=2.806s feedback_info_pack=0.146s effective_fps=57.00
2026-09-27 22:58:37.493 | INFO     | plugrl_env_client.runner.rollout:log_timing_summary:98 - Intermediate rollout timing summary: env_steps=178456 infer_calls=44720 feedback_calls=44720 infer_wait=1818.434s infer_obs_pack=2.028s env_step=1281.790s feedback_total=8.487s feedback_obs_pack=2.853s feedback_info_pack=0.144s effective_fps=57.37
2026-09-27 22:58:37.497 | INFO     | plugrl_env_client.runner.rollout:log_timing_summary:98 - Intermediate rollout timing summary: env_steps=178480 infer_calls=44721 feedback_calls=44720 infer_wait=1821.091s infer_obs_pack=2.030s env_step=1279.202s feedback_total=8.541s feedback_obs_pack=2.841s feedback_info_pack=0.152s effective_fps=57.37
2026-09-27 22:58:37.531 | INFO     | plugrl_env_client.runner.rollout:log_timing_summary:98 - Intermediate rollout timing summary: env_steps=178488 infer_calls=44722 feedback_calls=44721 infer_wait=1820.635s infer_obs_pack=2.045s env_step=1279.681s feedback_total=8.559s feedback_obs_pack=2.851s feedback_info_pack=0.148s effective_fps=57.37
2026-09-27 22:59:07.508 | INFO     | plugrl_env_client.runner.rollout:log_timing_summary:98 - Intermediate rollout timing summary: env_steps=181339 infer_calls=45437 feedback_calls=45436 infer_wait=1830.476s infer_obs_pack=2.063s env_step=1299.533s feedback_total=8.680s feedback_obs_pack=2.886s feedback_info_pack=0.154s effective_fps=57.74
2026-09-27 22:59:07.512 | INFO     | plugrl_env_client.runner.rollout:log_timing_summary:98 - Intermediate rollout timing summary: env_steps=181314 infer_calls=45436 feedback_calls=45435 infer_wait=1827.677s infer_obs_pack=2.060s env_step=1302.275s feedback_total=8.630s feedback_obs_pack=2.899s feedback_info_pack=0.147s effective_fps=57.73
2026-09-27 22:59:07.551 | INFO     | plugrl_env_client.runner.rollout:log_timing_summary:98 - Intermediate rollout timing summary: env_steps=181348 infer_calls=45438 feedback_calls=45437 infer_wait=1829.489s infer_obs_pack=2.077s env_step=1300.559s feedback_total=8.699s feedback_obs_pack=2.898s feedback_info_pack=0.152s effective_fps=57.74
2026-09-27 22:59:37.517 | INFO     | plugrl_env_client.runner.rollout:log_timing_summary:98 - Intermediate rollout timing summary: env_steps=184178 infer_calls=46149 feedback_calls=46148 infer_wait=1839.743s infer_obs_pack=2.096s env_step=1319.982s feedback_total=8.822s feedback_obs_pack=2.932s feedback_info_pack=0.156s effective_fps=58.09
2026-09-27 22:59:37.518 | INFO     | plugrl_env_client.runner.rollout:log_timing_summary:98 - Intermediate rollout timing summary: env_steps=184161 infer_calls=46148 feedback_calls=46148 infer_wait=1836.300s infer_obs_pack=2.092s env_step=1323.371s feedback_total=8.770s feedback_obs_pack=2.945s feedback_info_pack=0.149s effective_fps=58.09
2026-09-27 22:59:37.551 | INFO     | plugrl_env_client.runner.rollout:log_timing_summary:98 - Intermediate rollout timing summary: env_steps=184194 infer_calls=46150 feedback_calls=46149 infer_wait=1838.794s infer_obs_pack=2.110s env_step=1320.968s feedback_total=8.840s feedback_obs_pack=2.944s feedback_info_pack=0.154s effective_fps=58.09
2026-09-27 23:00:07.520 | INFO     | plugrl_env_client.runner.rollout:log_timing_summary:98 - Intermediate rollout timing summary: env_steps=186957 infer_calls=46846 feedback_calls=46845 infer_wait=1849.130s infer_obs_pack=2.128s env_step=1340.322s feedback_total=8.951s feedback_obs_pack=2.980s feedback_info_pack=0.159s effective_fps=58.41
2026-09-27 23:00:07.522 | INFO     | plugrl_env_client.runner.rollout:log_timing_summary:98 - Intermediate rollout timing summary: env_steps=186938 infer_calls=46845 feedback_calls=46844 infer_wait=1845.552s infer_obs_pack=2.124s env_step=1343.851s feedback_total=8.898s feedback_obs_pack=2.989s feedback_info_pack=0.151s effective_fps=58.41
2026-09-27 23:00:07.558 | INFO     | plugrl_env_client.runner.rollout:log_timing_summary:98 - Intermediate rollout timing summary: env_steps=186977 infer_calls=46847 feedback_calls=46846 infer_wait=1848.082s infer_obs_pack=2.142s env_step=1341.412s feedback_total=8.971s feedback_obs_pack=2.989s feedback_info_pack=0.156s effective_fps=58.42
2026-09-27 23:00:37.522 | INFO     | plugrl_env_client.runner.rollout:log_timing_summary:98 - Intermediate rollout timing summary: env_steps=189764 infer_calls=47549 feedback_calls=47548 infer_wait=1858.167s infer_obs_pack=2.161s env_step=1361.003s feedback_total=9.084s feedback_obs_pack=3.025s feedback_info_pack=0.161s effective_fps=58.74
2026-09-27 23:00:37.526 | INFO     | plugrl_env_client.runner.rollout:log_timing_summary:98 - Intermediate rollout timing summary: env_steps=189746 infer_calls=47548 feedback_calls=47547 infer_wait=1854.633s infer_obs_pack=2.156s env_step=1364.485s feedback_total=9.034s feedback_obs_pack=3.038s feedback_info_pack=0.153s effective_fps=58.74
2026-09-27 23:00:37.571 | INFO     | plugrl_env_client.runner.rollout:log_timing_summary:98 - Intermediate rollout timing summary: env_steps=189784 infer_calls=47550 feedback_calls=47549 infer_wait=1857.321s infer_obs_pack=2.175s env_step=1361.901s feedback_total=9.106s feedback_obs_pack=3.037s feedback_info_pack=0.159s effective_fps=58.75
2026-09-27 23:02:51.727 | INFO     | plugrl_env_client.runner.rollout:log_timing_summary:98 - Intermediate rollout timing summary: env_steps=191567 infer_calls=48002 feedback_calls=48001 infer_wait=1978.824s infer_obs_pack=2.181s env_step=1374.368s feedback_total=9.169s feedback_obs_pack=3.054s feedback_info_pack=0.163s effective_fps=56.94
2026-09-27 23:02:51.730 | INFO     | plugrl_env_client.runner.rollout:log_timing_summary:98 - Intermediate rollout timing summary: env_steps=191592 infer_calls=48002 feedback_calls=48001 infer_wait=1978.276s infer_obs_pack=2.195s env_step=1374.931s feedback_total=9.191s feedback_obs_pack=3.065s feedback_info_pack=0.160s effective_fps=56.94
2026-09-27 23:02:51.730 | INFO     | plugrl_env_client.runner.rollout:log_timing_summary:98 - Intermediate rollout timing summary: env_steps=191551 infer_calls=48001 feedback_calls=48000 infer_wait=1975.688s infer_obs_pack=2.176s env_step=1377.453s feedback_total=9.119s feedback_obs_pack=3.066s feedback_info_pack=0.155s effective_fps=56.93
2026-09-27 23:03:21.736 | INFO     | plugrl_env_client.runner.rollout:log_timing_summary:98 - Intermediate rollout timing summary: env_steps=194340 infer_calls=48696 feedback_calls=48695 infer_wait=1987.928s infer_obs_pack=2.213s env_step=1394.998s feedback_total=9.303s feedback_obs_pack=3.098s feedback_info_pack=0.165s effective_fps=57.25
2026-09-27 23:03:21.737 | INFO     | plugrl_env_client.runner.rollout:log_timing_summary:98 - Intermediate rollout timing summary: env_steps=194366 infer_calls=48696 feedback_calls=48695 infer_wait=1987.366s infer_obs_pack=2.228s env_step=1395.572s feedback_total=9.323s feedback_obs_pack=3.110s feedback_info_pack=0.163s effective_fps=57.26
2026-09-27 23:03:21.738 | INFO     | plugrl_env_client.runner.rollout:log_timing_summary:98 - Intermediate rollout timing summary: env_steps=194322 infer_calls=48695 feedback_calls=48694 infer_wait=1984.930s infer_obs_pack=2.208s env_step=1397.951s feedback_total=9.245s feedback_obs_pack=3.110s feedback_info_pack=0.157s effective_fps=57.25
2026-09-27 23:03:51.739 | INFO     | plugrl_env_client.runner.rollout:log_timing_summary:98 - Intermediate rollout timing summary: env_steps=197146 infer_calls=49397 feedback_calls=49397 infer_wait=1996.980s infer_obs_pack=2.246s env_step=1415.665s feedback_total=9.446s feedback_obs_pack=3.146s feedback_info_pack=0.167s effective_fps=57.57
2026-09-27 23:03:51.742 | INFO     | plugrl_env_client.runner.rollout:log_timing_summary:98 - Intermediate rollout timing summary: env_steps=197124 infer_calls=49396 feedback_calls=49396 infer_wait=1993.841s infer_obs_pack=2.240s env_step=1418.768s feedback_total=9.375s feedback_obs_pack=3.155s feedback_info_pack=0.159s effective_fps=57.57
2026-09-27 23:03:51.746 | INFO     | plugrl_env_client.runner.rollout:log_timing_summary:98 - Intermediate rollout timing summary: env_steps=197165 infer_calls=49397 feedback_calls=49397 infer_wait=1996.368s infer_obs_pack=2.262s env_step=1416.305s feedback_total=9.454s feedback_obs_pack=3.154s feedback_info_pack=0.165s effective_fps=57.58
2026-09-27 23:04:21.743 | INFO     | plugrl_env_client.runner.rollout:log_timing_summary:98 - Intermediate rollout timing summary: env_steps=199923 infer_calls=50094 feedback_calls=50093 infer_wait=2005.884s infer_obs_pack=2.279s env_step=1436.485s feedback_total=9.581s feedback_obs_pack=3.191s feedback_info_pack=0.170s effective_fps=57.88
2026-09-27 23:04:21.745 | INFO     | plugrl_env_client.runner.rollout:log_timing_summary:98 - Intermediate rollout timing summary: env_steps=199904 infer_calls=50093 feedback_calls=50092 infer_wait=2003.266s infer_obs_pack=2.272s env_step=1439.068s feedback_total=9.506s feedback_obs_pack=3.200s feedback_info_pack=0.161s effective_fps=57.87
2026-09-27 23:04:21.747 | INFO     | plugrl_env_client.runner.rollout:log_timing_summary:98 - Intermediate rollout timing summary: env_steps=199947 infer_calls=50094 feedback_calls=50093 infer_wait=2005.527s infer_obs_pack=2.295s env_step=1436.868s feedback_total=9.588s feedback_obs_pack=3.203s feedback_info_pack=0.167s effective_fps=57.88
2026-09-27 23:04:51.748 | INFO     | plugrl_env_client.runner.rollout:log_timing_summary:98 - Intermediate rollout timing summary: env_steps=202754 infer_calls=50803 feedback_calls=50802 infer_wait=2014.938s infer_obs_pack=2.311s env_step=1457.164s feedback_total=9.707s feedback_obs_pack=3.236s feedback_info_pack=0.172s effective_fps=58.19
2026-09-27 23:04:51.748 | INFO     | plugrl_env_client.runner.rollout:log_timing_summary:98 - Intermediate rollout timing summary: env_steps=202769 infer_calls=50803 feedback_calls=50802 infer_wait=2014.183s infer_obs_pack=2.328s env_step=1457.930s feedback_total=9.725s feedback_obs_pack=3.249s feedback_info_pack=0.170s effective_fps=58.20
2026-09-27 23:04:51.750 | INFO     | plugrl_env_client.runner.rollout:log_timing_summary:98 - Intermediate rollout timing summary: env_steps=202730 infer_calls=50802 feedback_calls=50801 infer_wait=2012.499s infer_obs_pack=2.304s env_step=1459.556s feedback_total=9.639s feedback_obs_pack=3.245s feedback_info_pack=0.164s effective_fps=58.19
2026-09-27 23:05:21.752 | INFO     | plugrl_env_client.runner.rollout:log_timing_summary:98 - Intermediate rollout timing summary: env_steps=205647 infer_calls=51524 feedback_calls=51523 infer_wait=2022.990s infer_obs_pack=2.361s env_step=1478.830s feedback_total=9.870s feedback_obs_pack=3.296s feedback_info_pack=0.172s effective_fps=58.52
2026-09-27 23:05:21.753 | INFO     | plugrl_env_client.runner.rollout:log_timing_summary:98 - Intermediate rollout timing summary: env_steps=205604 infer_calls=51523 feedback_calls=51522 infer_wait=2021.574s infer_obs_pack=2.336s env_step=1480.178s feedback_total=9.782s feedback_obs_pack=3.291s feedback_info_pack=0.166s effective_fps=58.51
2026-09-27 23:05:21.753 | INFO     | plugrl_env_client.runner.rollout:log_timing_summary:98 - Intermediate rollout timing summary: env_steps=205628 infer_calls=51524 feedback_calls=51523 infer_wait=2023.893s infer_obs_pack=2.343s env_step=1477.916s feedback_total=9.850s feedback_obs_pack=3.283s feedback_info_pack=0.174s effective_fps=58.52
2026-09-27 23:07:36.103 | INFO     | plugrl_env_client.runner.rollout:log_timing_summary:98 - Intermediate rollout timing summary: env_steps=207551 infer_calls=52002 feedback_calls=52001 infer_wait=2143.565s infer_obs_pack=2.383s env_step=1492.411s feedback_total=9.964s feedback_obs_pack=3.326s feedback_info_pack=0.174s effective_fps=56.89
2026-09-27 23:07:36.104 | INFO     | plugrl_env_client.runner.rollout:log_timing_summary:98 - Intermediate rollout timing summary: env_steps=207508 infer_calls=52001 feedback_calls=52000 infer_wait=2141.942s infer_obs_pack=2.359s env_step=1493.962s feedback_total=9.876s feedback_obs_pack=3.322s feedback_info_pack=0.168s effective_fps=56.88
2026-09-27 23:07:36.108 | INFO     | plugrl_env_client.runner.rollout:log_timing_summary:98 - Intermediate rollout timing summary: env_steps=207536 infer_calls=52002 feedback_calls=52001 infer_wait=2144.204s infer_obs_pack=2.366s env_step=1491.760s feedback_total=9.949s feedback_obs_pack=3.314s feedback_info_pack=0.176s effective_fps=56.89
2026-09-27 23:08:06.106 | INFO     | plugrl_env_client.runner.rollout:log_timing_summary:98 - Intermediate rollout timing summary: env_steps=210333 infer_calls=52699 feedback_calls=52698 infer_wait=2152.911s infer_obs_pack=2.415s env_step=1512.790s feedback_total=10.095s feedback_obs_pack=3.371s feedback_info_pack=0.176s effective_fps=57.18
2026-09-27 23:08:06.110 | INFO     | plugrl_env_client.runner.rollout:log_timing_summary:98 - Intermediate rollout timing summary: env_steps=210292 infer_calls=52698 feedback_calls=52697 infer_wait=2150.575s infer_obs_pack=2.391s env_step=1515.057s feedback_total=10.011s feedback_obs_pack=3.371s feedback_info_pack=0.170s effective_fps=57.18
2026-09-27 23:08:06.114 | INFO     | plugrl_env_client.runner.rollout:log_timing_summary:98 - Intermediate rollout timing summary: env_steps=210324 infer_calls=52699 feedback_calls=52699 infer_wait=2153.530s infer_obs_pack=2.401s env_step=1512.164s feedback_total=10.079s feedback_obs_pack=3.358s feedback_info_pack=0.178s effective_fps=57.18
2026-09-27 23:08:36.111 | INFO     | plugrl_env_client.runner.rollout:log_timing_summary:98 - Intermediate rollout timing summary: env_steps=213141 infer_calls=53403 feedback_calls=53402 infer_wait=2162.365s infer_obs_pack=2.450s env_step=1533.064s feedback_total=10.222s feedback_obs_pack=3.415s feedback_info_pack=0.178s effective_fps=57.48
2026-09-27 23:08:36.116 | INFO     | plugrl_env_client.runner.rollout:log_timing_summary:98 - Intermediate rollout timing summary: env_steps=213099 infer_calls=53402 feedback_calls=53401 infer_wait=2160.091s infer_obs_pack=2.423s env_step=1535.259s feedback_total=10.150s feedback_obs_pack=3.417s feedback_info_pack=0.172s effective_fps=57.47
2026-09-27 23:08:36.121 | INFO     | plugrl_env_client.runner.rollout:log_timing_summary:98 - Intermediate rollout timing summary: env_steps=213138 infer_calls=53403 feedback_calls=53402 infer_wait=2162.452s infer_obs_pack=2.433s env_step=1532.977s feedback_total=10.207s feedback_obs_pack=3.403s feedback_info_pack=0.181s effective_fps=57.48
2026-09-27 23:09:06.122 | INFO     | plugrl_env_client.runner.rollout:log_timing_summary:98 - Intermediate rollout timing summary: env_steps=215909 infer_calls=54097 feedback_calls=54096 infer_wait=2171.735s infer_obs_pack=2.465s env_step=1553.418s feedback_total=10.343s feedback_obs_pack=3.450s feedback_info_pack=0.183s effective_fps=57.76
2026-09-27 23:09:06.123 | INFO     | plugrl_env_client.runner.rollout:log_timing_summary:98 - Intermediate rollout timing summary: env_steps=215874 infer_calls=54096 feedback_calls=54095 infer_wait=2168.963s infer_obs_pack=2.458s env_step=1556.115s feedback_total=10.279s feedback_obs_pack=3.462s feedback_info_pack=0.175s effective_fps=57.75
2026-09-27 23:09:06.123 | INFO     | plugrl_env_client.runner.rollout:log_timing_summary:98 - Intermediate rollout timing summary: env_steps=215911 infer_calls=54097 feedback_calls=54096 infer_wait=2171.680s infer_obs_pack=2.481s env_step=1553.486s feedback_total=10.355s feedback_obs_pack=3.462s feedback_info_pack=0.181s effective_fps=57.76
2026-09-27 23:09:36.125 | INFO     | plugrl_env_client.runner.rollout:log_timing_summary:98 - Intermediate rollout timing summary: env_steps=218680 infer_calls=54798 feedback_calls=54798 infer_wait=2178.109s infer_obs_pack=2.491s env_step=1576.689s feedback_total=10.412s feedback_obs_pack=3.507s feedback_info_pack=0.177s effective_fps=58.04
2026-09-27 23:09:36.126 | INFO     | plugrl_env_client.runner.rollout:log_timing_summary:98 - Intermediate rollout timing summary: env_steps=218705 infer_calls=54799 feedback_calls=54798 infer_wait=2181.191s infer_obs_pack=2.497s env_step=1573.677s feedback_total=10.470s feedback_obs_pack=3.494s feedback_info_pack=0.185s effective_fps=58.05
2026-09-27 23:09:36.129 | INFO     | plugrl_env_client.runner.rollout:log_timing_summary:98 - Intermediate rollout timing summary: env_steps=218716 infer_calls=54799 feedback_calls=54799 infer_wait=2180.908s infer_obs_pack=2.513s env_step=1573.990s feedback_total=10.483s feedback_obs_pack=3.506s feedback_info_pack=0.183s effective_fps=58.05
2026-09-27 23:10:06.133 | INFO     | plugrl_env_client.runner.rollout:log_timing_summary:98 - Intermediate rollout timing summary: env_steps=221434 infer_calls=55488 feedback_calls=55487 infer_wait=2186.701s infer_obs_pack=2.523s env_step=1597.823s feedback_total=10.540s feedback_obs_pack=3.552s feedback_info_pack=0.180s effective_fps=58.31
2026-09-27 23:10:06.136 | INFO     | plugrl_env_client.runner.rollout:log_timing_summary:98 - Intermediate rollout timing summary: env_steps=221456 infer_calls=55489 feedback_calls=55488 infer_wait=2190.963s infer_obs_pack=2.530s env_step=1593.637s feedback_total=10.603s feedback_obs_pack=3.539s feedback_info_pack=0.188s effective_fps=58.31
2026-09-27 23:10:06.137 | INFO     | plugrl_env_client.runner.rollout:log_timing_summary:98 - Intermediate rollout timing summary: env_steps=221470 infer_calls=55489 feedback_calls=55488 infer_wait=2189.925s infer_obs_pack=2.545s env_step=1594.709s feedback_total=10.612s feedback_obs_pack=3.552s feedback_info_pack=0.185s effective_fps=58.32
2026-09-27 23:12:22.907 | INFO     | plugrl_env_client.runner.rollout:log_timing_summary:98 - Intermediate rollout timing summary: env_steps=223504 infer_calls=56002 feedback_calls=56001 infer_wait=2312.326s infer_obs_pack=2.554s env_step=1608.834s feedback_total=10.703s feedback_obs_pack=3.572s feedback_info_pack=0.189s effective_fps=56.81
2026-09-27 23:12:22.907 | INFO     | plugrl_env_client.runner.rollout:log_timing_summary:98 - Intermediate rollout timing summary: env_steps=223517 infer_calls=56002 feedback_calls=56001 infer_wait=2311.431s infer_obs_pack=2.568s env_step=1609.769s feedback_total=10.708s feedback_obs_pack=3.585s feedback_info_pack=0.187s effective_fps=56.81
2026-09-27 23:12:22.908 | INFO     | plugrl_env_client.runner.rollout:log_timing_summary:98 - Intermediate rollout timing summary: env_steps=223483 infer_calls=56001 feedback_calls=56000 infer_wait=2307.953s infer_obs_pack=2.547s env_step=1613.143s feedback_total=10.635s feedback_obs_pack=3.585s feedback_info_pack=0.181s effective_fps=56.80
2026-09-27 23:12:52.909 | INFO     | plugrl_env_client.runner.rollout:log_timing_summary:98 - Intermediate rollout timing summary: env_steps=226327 infer_calls=56706 feedback_calls=56705 infer_wait=2320.798s infer_obs_pack=2.601s env_step=1630.112s feedback_total=10.848s feedback_obs_pack=3.634s feedback_info_pack=0.189s effective_fps=57.09
2026-09-27 23:12:52.910 | INFO     | plugrl_env_client.runner.rollout:log_timing_summary:98 - Intermediate rollout timing summary: env_steps=226315 infer_calls=56706 feedback_calls=56706 infer_wait=2321.194s infer_obs_pack=2.587s env_step=1629.697s feedback_total=10.833s feedback_obs_pack=3.616s feedback_info_pack=0.192s effective_fps=57.09
2026-09-27 23:12:52.910 | INFO     | plugrl_env_client.runner.rollout:log_timing_summary:98 - Intermediate rollout timing summary: env_steps=226291 infer_calls=56705 feedback_calls=56704 infer_wait=2317.348s infer_obs_pack=2.578s env_step=1633.472s feedback_total=10.765s feedback_obs_pack=3.630s feedback_info_pack=0.183s effective_fps=57.08
2026-09-27 23:13:22.916 | INFO     | plugrl_env_client.runner.rollout:log_timing_summary:98 - Intermediate rollout timing summary: env_steps=229097 infer_calls=57410 feedback_calls=57409 infer_wait=2326.633s infer_obs_pack=2.611s env_step=1653.905s feedback_total=10.898s feedback_obs_pack=3.675s feedback_info_pack=0.186s effective_fps=57.36
2026-09-27 23:13:22.916 | INFO     | plugrl_env_client.runner.rollout:log_timing_summary:98 - Intermediate rollout timing summary: env_steps=229125 infer_calls=57411 feedback_calls=57410 infer_wait=2330.327s infer_obs_pack=2.620s env_step=1650.288s feedback_total=10.967s feedback_obs_pack=3.664s feedback_info_pack=0.195s effective_fps=57.36
2026-09-27 23:13:22.916 | INFO     | plugrl_env_client.runner.rollout:log_timing_summary:98 - Intermediate rollout timing summary: env_steps=229138 infer_calls=57411 feedback_calls=57410 infer_wait=2330.266s infer_obs_pack=2.633s env_step=1650.373s feedback_total=10.980s feedback_obs_pack=3.680s feedback_info_pack=0.192s effective_fps=57.37
2026-09-27 23:13:52.928 | INFO     | plugrl_env_client.runner.rollout:log_timing_summary:98 - Intermediate rollout timing summary: env_steps=231927 infer_calls=58109 feedback_calls=58108 infer_wait=2339.680s infer_obs_pack=2.664s env_step=1670.699s feedback_total=11.112s feedback_obs_pack=3.726s feedback_info_pack=0.194s effective_fps=57.63
2026-09-27 23:13:52.929 | INFO     | plugrl_env_client.runner.rollout:log_timing_summary:98 - Intermediate rollout timing summary: env_steps=231881 infer_calls=58108 feedback_calls=58107 infer_wait=2336.078s infer_obs_pack=2.642s env_step=1674.193s feedback_total=11.029s feedback_obs_pack=3.722s feedback_info_pack=0.188s effective_fps=57.63
2026-09-27 23:13:52.932 | INFO     | plugrl_env_client.runner.rollout:log_timing_summary:98 - Intermediate rollout timing summary: env_steps=231911 infer_calls=58109 feedback_calls=58108 infer_wait=2338.837s infer_obs_pack=2.653s env_step=1671.520s feedback_total=11.096s feedback_obs_pack=3.709s feedback_info_pack=0.197s effective_fps=57.63
2026-09-27 23:14:22.937 | INFO     | plugrl_env_client.runner.rollout:log_timing_summary:98 - Intermediate rollout timing summary: env_steps=234710 infer_calls=58816 feedback_calls=58816 infer_wait=2345.220s infer_obs_pack=2.678s env_step=1694.774s feedback_total=11.163s feedback_obs_pack=3.768s feedback_info_pack=0.190s effective_fps=57.90
2026-09-27 23:14:22.957 | INFO     | plugrl_env_client.runner.rollout:log_timing_summary:98 - Intermediate rollout timing summary: env_steps=234746 infer_calls=58818 feedback_calls=58817 infer_wait=2348.357s infer_obs_pack=2.687s env_step=1691.741s feedback_total=11.234s feedback_obs_pack=3.756s feedback_info_pack=0.199s effective_fps=57.90
2026-09-27 23:14:22.959 | INFO     | plugrl_env_client.runner.rollout:log_timing_summary:98 - Intermediate rollout timing summary: env_steps=234747 infer_calls=58818 feedback_calls=58817 infer_wait=2348.607s infer_obs_pack=2.698s env_step=1691.520s feedback_total=11.245s feedback_obs_pack=3.772s feedback_info_pack=0.196s effective_fps=57.90
2026-09-27 23:14:52.939 | INFO     | plugrl_env_client.runner.rollout:log_timing_summary:98 - Intermediate rollout timing summary: env_steps=237532 infer_calls=59524 feedback_calls=59523 infer_wait=2354.430s infer_obs_pack=2.711s env_step=1715.290s feedback_total=11.291s feedback_obs_pack=3.813s feedback_info_pack=0.193s effective_fps=58.17
2026-09-27 23:14:52.976 | INFO     | plugrl_env_client.runner.rollout:log_timing_summary:98 - Intermediate rollout timing summary: env_steps=237563 infer_calls=59526 feedback_calls=59525 infer_wait=2357.886s infer_obs_pack=2.730s env_step=1711.978s feedback_total=11.379s feedback_obs_pack=3.817s feedback_info_pack=0.198s effective_fps=58.17
2026-09-27 23:14:52.977 | INFO     | plugrl_env_client.runner.rollout:log_timing_summary:98 - Intermediate rollout timing summary: env_steps=237572 infer_calls=59526 feedback_calls=59525 infer_wait=2357.432s infer_obs_pack=2.720s env_step=1712.411s feedback_total=11.365s feedback_obs_pack=3.801s feedback_info_pack=0.202s effective_fps=58.17
2026-09-27 23:17:08.662 | INFO     | plugrl_env_client.runner.rollout:log_timing_summary:98 - Intermediate rollout timing summary: env_steps=239462 infer_calls=60002 feedback_calls=60001 infer_wait=2479.212s infer_obs_pack=2.752s env_step=1726.144s feedback_total=11.473s feedback_obs_pack=3.848s feedback_info_pack=0.200s effective_fps=56.75
2026-09-27 23:17:08.669 | INFO     | plugrl_env_client.runner.rollout:log_timing_summary:98 - Intermediate rollout timing summary: env_steps=239472 infer_calls=60002 feedback_calls=60001 infer_wait=2479.227s infer_obs_pack=2.741s env_step=1726.118s feedback_total=11.455s feedback_obs_pack=3.832s feedback_info_pack=0.203s effective_fps=56.75
2026-09-27 23:17:08.672 | INFO     | plugrl_env_client.runner.rollout:log_timing_summary:98 - Intermediate rollout timing summary: env_steps=239437 infer_calls=60001 feedback_calls=60000 infer_wait=2475.524s infer_obs_pack=2.733s env_step=1729.740s feedback_total=11.381s feedback_obs_pack=3.844s feedback_info_pack=0.194s effective_fps=56.75
2026-09-27 23:17:38.665 | INFO     | plugrl_env_client.runner.rollout:log_timing_summary:98 - Intermediate rollout timing summary: env_steps=242278 infer_calls=60707 feedback_calls=60706 infer_wait=2487.896s infer_obs_pack=2.785s env_step=1747.169s feedback_total=11.616s feedback_obs_pack=3.897s feedback_info_pack=0.202s effective_fps=57.01
2026-09-27 23:17:38.671 | INFO     | plugrl_env_client.runner.rollout:log_timing_summary:98 - Intermediate rollout timing summary: env_steps=242284 infer_calls=60707 feedback_calls=60706 infer_wait=2488.344s infer_obs_pack=2.774s env_step=1746.709s feedback_total=11.599s feedback_obs_pack=3.878s feedback_info_pack=0.206s effective_fps=57.02
2026-09-27 23:17:38.680 | INFO     | plugrl_env_client.runner.rollout:log_timing_summary:98 - Intermediate rollout timing summary: env_steps=242252 infer_calls=60706 feedback_calls=60705 infer_wait=2484.695s infer_obs_pack=2.765s env_step=1750.291s feedback_total=11.519s feedback_obs_pack=3.889s feedback_info_pack=0.196s effective_fps=57.01
2026-09-27 23:18:08.668 | INFO     | plugrl_env_client.runner.rollout:log_timing_summary:98 - Intermediate rollout timing summary: env_steps=245087 infer_calls=61411 feedback_calls=61410 infer_wait=2496.803s infer_obs_pack=2.818s env_step=1767.989s feedback_total=11.749s feedback_obs_pack=3.942s feedback_info_pack=0.205s effective_fps=57.27
2026-09-27 23:18:08.673 | INFO     | plugrl_env_client.runner.rollout:log_timing_summary:98 - Intermediate rollout timing summary: env_steps=245097 infer_calls=61411 feedback_calls=61410 infer_wait=2497.871s infer_obs_pack=2.806s env_step=1766.913s feedback_total=11.730s feedback_obs_pack=3.922s feedback_info_pack=0.208s effective_fps=57.27
2026-09-27 23:18:08.687 | INFO     | plugrl_env_client.runner.rollout:log_timing_summary:98 - Intermediate rollout timing summary: env_steps=245067 infer_calls=61410 feedback_calls=61410 infer_wait=2493.546s infer_obs_pack=2.798s env_step=1771.164s feedback_total=11.654s feedback_obs_pack=3.934s feedback_info_pack=0.199s effective_fps=57.27
2026-09-27 23:18:38.673 | INFO     | plugrl_env_client.runner.rollout:log_timing_summary:98 - Intermediate rollout timing summary: env_steps=247919 infer_calls=62119 feedback_calls=62119 infer_wait=2505.936s infer_obs_pack=2.850s env_step=1788.584s feedback_total=11.883s feedback_obs_pack=3.987s feedback_info_pack=0.207s effective_fps=57.53
2026-09-27 23:18:38.675 | INFO     | plugrl_env_client.runner.rollout:log_timing_summary:98 - Intermediate rollout timing summary: env_steps=247927 infer_calls=62119 feedback_calls=62119 infer_wait=2506.972s infer_obs_pack=2.839s env_step=1787.530s feedback_total=11.870s feedback_obs_pack=3.971s feedback_info_pack=0.210s effective_fps=57.53
2026-09-27 23:18:38.690 | INFO     | plugrl_env_client.runner.rollout:log_timing_summary:98 - Intermediate rollout timing summary: env_steps=247890 infer_calls=62119 feedback_calls=62118 infer_wait=2502.503s infer_obs_pack=2.831s env_step=1791.922s feedback_total=11.786s feedback_obs_pack=3.980s feedback_info_pack=0.201s effective_fps=57.53
2026-09-27 23:19:08.675 | INFO     | plugrl_env_client.runner.rollout:log_timing_summary:98 - Intermediate rollout timing summary: env_steps=250766 infer_calls=62831 feedback_calls=62831 infer_wait=2516.190s infer_obs_pack=2.871s env_step=1808.024s feedback_total=12.008s feedback_obs_pack=4.017s feedback_info_pack=0.213s effective_fps=57.79
2026-09-27 23:19:08.678 | INFO     | plugrl_env_client.runner.rollout:log_timing_summary:98 - Intermediate rollout timing summary: env_steps=250756 infer_calls=62831 feedback_calls=62830 infer_wait=2514.650s infer_obs_pack=2.884s env_step=1809.591s feedback_total=12.018s feedback_obs_pack=4.033s feedback_info_pack=0.210s effective_fps=57.79
2026-09-27 23:19:08.705 | INFO     | plugrl_env_client.runner.rollout:log_timing_summary:98 - Intermediate rollout timing summary: env_steps=250732 infer_calls=62831 feedback_calls=62830 infer_wait=2511.800s infer_obs_pack=2.862s env_step=1812.352s feedback_total=11.918s feedback_obs_pack=4.026s feedback_info_pack=0.203s effective_fps=57.79
2026-09-27 23:19:38.681 | INFO     | plugrl_env_client.runner.rollout:log_timing_summary:98 - Intermediate rollout timing summary: env_steps=253556 infer_calls=63533 feedback_calls=63532 infer_wait=2525.783s infer_obs_pack=2.902s env_step=1828.166s feedback_total=12.135s feedback_obs_pack=4.060s feedback_info_pack=0.215s effective_fps=58.04
2026-09-27 23:19:38.682 | INFO     | plugrl_env_client.runner.rollout:log_timing_summary:98 - Intermediate rollout timing summary: env_steps=253553 infer_calls=63533 feedback_calls=63532 infer_wait=2524.050s infer_obs_pack=2.916s env_step=1829.916s feedback_total=12.152s feedback_obs_pack=4.080s feedback_info_pack=0.212s effective_fps=58.03
2026-09-27 23:19:38.720 | INFO     | plugrl_env_client.runner.rollout:log_timing_summary:98 - Intermediate rollout timing summary: env_steps=253529 infer_calls=63533 feedback_calls=63532 infer_wait=2520.499s infer_obs_pack=2.897s env_step=1833.384s feedback_total=12.051s feedback_obs_pack=4.072s feedback_info_pack=0.206s effective_fps=58.03
2026-09-27 23:21:53.649 | INFO     | plugrl_env_client.runner.rollout:log_timing_summary:98 - Intermediate rollout timing summary: env_steps=255425 infer_calls=64002 feedback_calls=64001 infer_wait=2646.881s infer_obs_pack=2.923s env_step=1841.853s feedback_total=12.222s feedback_obs_pack=4.090s feedback_info_pack=0.217s effective_fps=56.71
2026-09-27 23:21:53.650 | INFO     | plugrl_env_client.runner.rollout:log_timing_summary:98 - Intermediate rollout timing summary: env_steps=255396 infer_calls=64001 feedback_calls=64000 infer_wait=2641.130s infer_obs_pack=2.919s env_step=1847.489s feedback_total=12.144s feedback_obs_pack=4.105s feedback_info_pack=0.207s effective_fps=56.71
2026-09-27 23:21:53.654 | INFO     | plugrl_env_client.runner.rollout:log_timing_summary:98 - Intermediate rollout timing summary: env_steps=255426 infer_calls=64002 feedback_calls=64001 infer_wait=2644.882s infer_obs_pack=2.937s env_step=1843.866s feedback_total=12.240s feedback_obs_pack=4.110s feedback_info_pack=0.214s effective_fps=56.71
2026-09-27 23:22:23.651 | INFO     | plugrl_env_client.runner.rollout:log_timing_summary:98 - Intermediate rollout timing summary: env_steps=258181 infer_calls=64698 feedback_calls=64697 infer_wait=2649.793s infer_obs_pack=2.951s env_step=1868.544s feedback_total=12.277s feedback_obs_pack=4.153s feedback_info_pack=0.209s effective_fps=56.95
2026-09-27 23:22:23.651 | INFO     | plugrl_env_client.runner.rollout:log_timing_summary:98 - Intermediate rollout timing summary: env_steps=258210 infer_calls=64699 feedback_calls=64698 infer_wait=2656.378s infer_obs_pack=2.954s env_step=1862.089s feedback_total=12.351s feedback_obs_pack=4.134s feedback_info_pack=0.219s effective_fps=56.95
2026-09-27 23:22:23.658 | INFO     | plugrl_env_client.runner.rollout:log_timing_summary:98 - Intermediate rollout timing summary: env_steps=258213 infer_calls=64699 feedback_calls=64699 infer_wait=2654.265s infer_obs_pack=2.973s env_step=1864.211s feedback_total=12.370s feedback_obs_pack=4.158s feedback_info_pack=0.216s effective_fps=56.95
2026-09-27 23:22:53.652 | INFO     | plugrl_env_client.runner.rollout:log_timing_summary:98 - Intermediate rollout timing summary: env_steps=261007 infer_calls=65406 feedback_calls=65405 infer_wait=2659.235s infer_obs_pack=2.983s env_step=1888.825s feedback_total=12.407s feedback_obs_pack=4.198s feedback_info_pack=0.212s effective_fps=57.20
2026-09-27 23:22:53.654 | INFO     | plugrl_env_client.runner.rollout:log_timing_summary:98 - Intermediate rollout timing summary: env_steps=261037 infer_calls=65407 feedback_calls=65406 infer_wait=2665.376s infer_obs_pack=2.986s env_step=1882.816s feedback_total=12.483s feedback_obs_pack=4.179s feedback_info_pack=0.221s effective_fps=57.20
2026-09-27 23:22:53.664 | INFO     | plugrl_env_client.runner.rollout:log_timing_summary:98 - Intermediate rollout timing summary: env_steps=261034 infer_calls=65407 feedback_calls=65406 infer_wait=2663.589s infer_obs_pack=3.005s env_step=1884.618s feedback_total=12.500s feedback_obs_pack=4.203s feedback_info_pack=0.218s effective_fps=57.20
2026-09-27 23:23:23.656 | INFO     | plugrl_env_client.runner.rollout:log_timing_summary:98 - Intermediate rollout timing summary: env_steps=263907 infer_calls=66127 feedback_calls=66127 infer_wait=2674.484s infer_obs_pack=3.018s env_step=1903.416s feedback_total=12.627s feedback_obs_pack=4.224s feedback_info_pack=0.224s effective_fps=57.45
2026-09-27 23:23:23.676 | INFO     | plugrl_env_client.runner.rollout:log_timing_summary:98 - Intermediate rollout timing summary: env_steps=263885 infer_calls=66127 feedback_calls=66126 infer_wait=2667.858s infer_obs_pack=3.017s env_step=1909.933s feedback_total=12.552s feedback_obs_pack=4.244s feedback_info_pack=0.214s effective_fps=57.45
2026-09-27 23:23:23.680 | INFO     | plugrl_env_client.runner.rollout:log_timing_summary:98 - Intermediate rollout timing summary: env_steps=263914 infer_calls=66128 feedback_calls=66127 infer_wait=2672.661s infer_obs_pack=3.037s env_step=1905.259s feedback_total=12.648s feedback_obs_pack=4.249s feedback_info_pack=0.221s effective_fps=57.45
2026-09-27 23:23:53.656 | INFO     | plugrl_env_client.runner.rollout:log_timing_summary:98 - Intermediate rollout timing summary: env_steps=266763 infer_calls=66844 feedback_calls=66843 infer_wait=2683.785s infer_obs_pack=3.053s env_step=1923.831s feedback_total=12.758s feedback_obs_pack=4.269s feedback_info_pack=0.226s effective_fps=57.70
2026-09-27 23:23:53.682 | INFO     | plugrl_env_client.runner.rollout:log_timing_summary:98 - Intermediate rollout timing summary: env_steps=266740 infer_calls=66843 feedback_calls=66843 infer_wait=2676.935s infer_obs_pack=3.050s env_step=1930.574s feedback_total=12.688s feedback_obs_pack=4.289s feedback_info_pack=0.216s effective_fps=57.70
2026-09-27 23:23:53.699 | INFO     | plugrl_env_client.runner.rollout:log_timing_summary:98 - Intermediate rollout timing summary: env_steps=266773 infer_calls=66845 feedback_calls=66844 infer_wait=2682.243s infer_obs_pack=3.069s env_step=1925.409s feedback_total=12.786s feedback_obs_pack=4.294s feedback_info_pack=0.223s effective_fps=57.70
2026-09-27 23:24:23.659 | INFO     | plugrl_env_client.runner.rollout:log_timing_summary:98 - Intermediate rollout timing summary: env_steps=269590 infer_calls=67551 feedback_calls=67550 infer_wait=2692.770s infer_obs_pack=3.086s env_step=1944.570s feedback_total=12.892s feedback_obs_pack=4.315s feedback_info_pack=0.229s effective_fps=57.94
2026-09-27 23:24:23.693 | INFO     | plugrl_env_client.runner.rollout:log_timing_summary:98 - Intermediate rollout timing summary: env_steps=269560 infer_calls=67551 feedback_calls=67550 infer_wait=2686.247s infer_obs_pack=3.082s env_step=1950.993s feedback_total=12.819s feedback_obs_pack=4.337s feedback_info_pack=0.218s effective_fps=57.93
2026-09-27 23:24:23.700 | INFO     | plugrl_env_client.runner.rollout:log_timing_summary:98 - Intermediate rollout timing summary: env_steps=269594 infer_calls=67552 feedback_calls=67551 infer_wait=2691.679s infer_obs_pack=3.102s env_step=1945.695s feedback_total=12.919s feedback_obs_pack=4.339s feedback_info_pack=0.225s effective_fps=57.93
2026-09-27 23:26:37.128 | INFO     | plugrl_env_client.runner.rollout:log_timing_summary:98 - Intermediate rollout timing summary: env_steps=271391 infer_calls=68002 feedback_calls=68001 infer_wait=2812.038s infer_obs_pack=3.122s env_step=1958.592s feedback_total=13.002s feedback_obs_pack=4.367s feedback_info_pack=0.227s effective_fps=56.70
2026-09-27 23:26:37.130 | INFO     | plugrl_env_client.runner.rollout:log_timing_summary:98 - Intermediate rollout timing summary: env_steps=271356 infer_calls=68001 feedback_calls=68000 infer_wait=2806.593s infer_obs_pack=3.102s env_step=1963.909s feedback_total=12.902s feedback_obs_pack=4.364s feedback_info_pack=0.220s effective_fps=56.69
2026-09-27 23:26:37.132 | INFO     | plugrl_env_client.runner.rollout:log_timing_summary:98 - Intermediate rollout timing summary: env_steps=271387 infer_calls=68002 feedback_calls=68001 infer_wait=2812.793s infer_obs_pack=3.107s env_step=1957.839s feedback_total=12.978s feedback_obs_pack=4.345s feedback_info_pack=0.231s effective_fps=56.70
2026-09-27 23:27:07.147 | INFO     | plugrl_env_client.runner.rollout:log_timing_summary:98 - Intermediate rollout timing summary: env_steps=274188 infer_calls=68702 feedback_calls=68701 infer_wait=2821.442s infer_obs_pack=3.154s env_step=1978.933s feedback_total=13.135s feedback_obs_pack=4.412s feedback_info_pack=0.229s effective_fps=56.92
2026-09-27 23:27:07.147 | INFO     | plugrl_env_client.runner.rollout:log_timing_summary:98 - Intermediate rollout timing summary: env_steps=274151 infer_calls=68701 feedback_calls=68700 infer_wait=2815.563s infer_obs_pack=3.136s env_step=1984.682s feedback_total=13.032s feedback_obs_pack=4.409s feedback_info_pack=0.222s effective_fps=56.92
2026-09-27 23:27:07.153 | INFO     | plugrl_env_client.runner.rollout:log_timing_summary:98 - Intermediate rollout timing summary: env_steps=274179 infer_calls=68702 feedback_calls=68701 infer_wait=2822.145s infer_obs_pack=3.138s env_step=1978.229s feedback_total=13.108s feedback_obs_pack=4.390s feedback_info_pack=0.233s effective_fps=56.92
2026-09-27 23:27:37.148 | INFO     | plugrl_env_client.runner.rollout:log_timing_summary:98 - Intermediate rollout timing summary: env_steps=276923 infer_calls=69397 feedback_calls=69396 infer_wait=2824.833s infer_obs_pack=3.172s env_step=2005.124s feedback_total=13.168s feedback_obs_pack=4.455s feedback_info_pack=0.224s effective_fps=57.14
2026-09-27 23:27:37.154 | INFO     | plugrl_env_client.runner.rollout:log_timing_summary:98 - Intermediate rollout timing summary: env_steps=276960 infer_calls=69398 feedback_calls=69397 infer_wait=2830.652s infer_obs_pack=3.190s env_step=1999.443s feedback_total=13.265s feedback_obs_pack=4.457s feedback_info_pack=0.231s effective_fps=57.15
2026-09-27 23:27:37.156 | INFO     | plugrl_env_client.runner.rollout:log_timing_summary:98 - Intermediate rollout timing summary: env_steps=276954 infer_calls=69398 feedback_calls=69397 infer_wait=2831.233s infer_obs_pack=3.170s env_step=1998.867s feedback_total=13.241s feedback_obs_pack=4.435s feedback_info_pack=0.235s effective_fps=57.15
2026-09-27 23:28:07.150 | INFO     | plugrl_env_client.runner.rollout:log_timing_summary:98 - Intermediate rollout timing summary: env_steps=279801 infer_calls=70118 feedback_calls=70117 infer_wait=2833.376s infer_obs_pack=3.205s env_step=2026.297s feedback_total=13.301s feedback_obs_pack=4.500s feedback_info_pack=0.227s effective_fps=57.38
2026-09-27 23:28:07.160 | INFO     | plugrl_env_client.runner.rollout:log_timing_summary:98 - Intermediate rollout timing summary: env_steps=279842 infer_calls=70119 feedback_calls=70118 infer_wait=2839.870s infer_obs_pack=3.224s env_step=2019.944s feedback_total=13.403s feedback_obs_pack=4.504s feedback_info_pack=0.234s effective_fps=57.39
2026-09-27 23:28:07.164 | INFO     | plugrl_env_client.runner.rollout:log_timing_summary:98 - Intermediate rollout timing summary: env_steps=279830 infer_calls=70119 feedback_calls=70118 infer_wait=2840.376s infer_obs_pack=3.201s env_step=2019.450s feedback_total=13.376s feedback_obs_pack=4.480s feedback_info_pack=0.238s effective_fps=57.38
2026-09-27 23:28:37.166 | INFO     | plugrl_env_client.runner.rollout:log_timing_summary:98 - Intermediate rollout timing summary: env_steps=282582 infer_calls=70815 feedback_calls=70814 infer_wait=2842.322s infer_obs_pack=3.237s env_step=2047.082s feedback_total=13.440s feedback_obs_pack=4.549s feedback_info_pack=0.229s effective_fps=57.60
2026-09-27 23:28:37.167 | INFO     | plugrl_env_client.runner.rollout:log_timing_summary:98 - Intermediate rollout timing summary: env_steps=282609 infer_calls=70816 feedback_calls=70815 infer_wait=2849.504s infer_obs_pack=3.233s env_step=2040.051s feedback_total=13.511s feedback_obs_pack=4.526s feedback_info_pack=0.240s effective_fps=57.60
2026-09-27 23:28:37.171 | INFO     | plugrl_env_client.runner.rollout:log_timing_summary:98 - Intermediate rollout timing summary: env_steps=282624 infer_calls=70816 feedback_calls=70815 infer_wait=2849.147s infer_obs_pack=3.255s env_step=2040.402s feedback_total=13.538s feedback_obs_pack=4.551s feedback_info_pack=0.236s effective_fps=57.60
2026-09-27 23:29:07.168 | INFO     | plugrl_env_client.runner.rollout:log_timing_summary:98 - Intermediate rollout timing summary: env_steps=285375 infer_calls=71515 feedback_calls=71514 infer_wait=2851.354s infer_obs_pack=3.269s env_step=2067.772s feedback_total=13.573s feedback_obs_pack=4.594s feedback_info_pack=0.231s effective_fps=57.82
2026-09-27 23:29:07.171 | INFO     | plugrl_env_client.runner.rollout:log_timing_summary:98 - Intermediate rollout timing summary: env_steps=285404 infer_calls=71516 feedback_calls=71515 infer_wait=2858.198s infer_obs_pack=3.267s env_step=2061.081s feedback_total=13.645s feedback_obs_pack=4.574s feedback_info_pack=0.243s effective_fps=57.82
2026-09-27 23:29:07.175 | INFO     | plugrl_env_client.runner.rollout:log_timing_summary:98 - Intermediate rollout timing summary: env_steps=285412 infer_calls=71516 feedback_calls=71516 infer_wait=2858.853s infer_obs_pack=3.287s env_step=2060.410s feedback_total=13.674s feedback_obs_pack=4.597s feedback_info_pack=0.238s effective_fps=57.82
2026-09-27 23:31:21.396 | INFO     | plugrl_env_client.runner.rollout:log_timing_summary:98 - Intermediate rollout timing summary: env_steps=287348 infer_calls=72002 feedback_calls=72001 infer_wait=2978.527s infer_obs_pack=3.309s env_step=2074.762s feedback_total=13.771s feedback_obs_pack=4.628s feedback_info_pack=0.240s effective_fps=56.67
2026-09-27 23:31:21.400 | INFO     | plugrl_env_client.runner.rollout:log_timing_summary:98 - Intermediate rollout timing summary: env_steps=287334 infer_calls=72002 feedback_calls=72001 infer_wait=2978.407s infer_obs_pack=3.289s env_step=2074.895s feedback_total=13.745s feedback_obs_pack=4.605s feedback_info_pack=0.244s effective_fps=56.67
2026-09-27 23:31:21.402 | INFO     | plugrl_env_client.runner.rollout:log_timing_summary:98 - Intermediate rollout timing summary: env_steps=287309 infer_calls=72001 feedback_calls=72000 infer_wait=2971.384s infer_obs_pack=3.290s env_step=2081.776s feedback_total=13.670s feedback_obs_pack=4.625s feedback_info_pack=0.233s effective_fps=56.67
2026-09-27 23:31:51.398 | INFO     | plugrl_env_client.runner.rollout:log_timing_summary:98 - Intermediate rollout timing summary: env_steps=290144 infer_calls=72702 feedback_calls=72701 infer_wait=2987.536s infer_obs_pack=3.340s env_step=2095.483s feedback_total=13.899s feedback_obs_pack=4.671s feedback_info_pack=0.242s effective_fps=56.89
2026-09-27 23:31:51.402 | INFO     | plugrl_env_client.runner.rollout:log_timing_summary:98 - Intermediate rollout timing summary: env_steps=290131 infer_calls=72702 feedback_calls=72701 infer_wait=2987.147s infer_obs_pack=3.323s env_step=2095.881s feedback_total=13.877s feedback_obs_pack=4.651s feedback_info_pack=0.247s effective_fps=56.89
2026-09-27 23:31:51.406 | INFO     | plugrl_env_client.runner.rollout:log_timing_summary:98 - Intermediate rollout timing summary: env_steps=290108 infer_calls=72701 feedback_calls=72700 infer_wait=2980.405s infer_obs_pack=3.323s env_step=2102.481s feedback_total=13.802s feedback_obs_pack=4.674s feedback_info_pack=0.235s effective_fps=56.88
2026-09-27 23:32:21.406 | INFO     | plugrl_env_client.runner.rollout:log_timing_summary:98 - Intermediate rollout timing summary: env_steps=292948 infer_calls=73404 feedback_calls=73403 infer_wait=2996.304s infer_obs_pack=3.374s env_step=2116.446s feedback_total=14.032s feedback_obs_pack=4.717s feedback_info_pack=0.245s effective_fps=57.10
2026-09-27 23:32:21.407 | INFO     | plugrl_env_client.runner.rollout:log_timing_summary:98 - Intermediate rollout timing summary: env_steps=292937 infer_calls=73404 feedback_calls=73403 infer_wait=2996.672s infer_obs_pack=3.356s env_step=2116.084s feedback_total=14.008s feedback_obs_pack=4.696s feedback_info_pack=0.249s effective_fps=57.10
2026-09-27 23:32:21.410 | INFO     | plugrl_env_client.runner.rollout:log_timing_summary:98 - Intermediate rollout timing summary: env_steps=292909 infer_calls=73403 feedback_calls=73402 infer_wait=2989.343s infer_obs_pack=3.355s env_step=2123.276s feedback_total=13.932s feedback_obs_pack=4.718s feedback_info_pack=0.237s effective_fps=57.10
2026-09-27 23:32:51.409 | INFO     | plugrl_env_client.runner.rollout:log_timing_summary:98 - Intermediate rollout timing summary: env_steps=295720 infer_calls=74098 feedback_calls=74097 infer_wait=3005.836s infer_obs_pack=3.410s env_step=2136.632s feedback_total=14.165s feedback_obs_pack=4.763s feedback_info_pack=0.247s effective_fps=57.31
2026-09-27 23:32:51.409 | INFO     | plugrl_env_client.runner.rollout:log_timing_summary:98 - Intermediate rollout timing summary: env_steps=295709 infer_calls=74098 feedback_calls=74097 infer_wait=3005.389s infer_obs_pack=3.388s env_step=2137.090s feedback_total=14.136s feedback_obs_pack=4.741s feedback_info_pack=0.251s effective_fps=57.31
2026-09-27 23:32:51.418 | INFO     | plugrl_env_client.runner.rollout:log_timing_summary:98 - Intermediate rollout timing summary: env_steps=295679 infer_calls=74097 feedback_calls=74096 infer_wait=2998.435s infer_obs_pack=3.388s env_step=2143.906s feedback_total=14.063s feedback_obs_pack=4.765s feedback_info_pack=0.239s effective_fps=57.30
2026-09-27 23:33:21.410 | INFO     | plugrl_env_client.runner.rollout:log_timing_summary:98 - Intermediate rollout timing summary: env_steps=298516 infer_calls=74801 feedback_calls=74800 infer_wait=3014.966s infer_obs_pack=3.420s env_step=2157.239s feedback_total=14.265s feedback_obs_pack=4.785s feedback_info_pack=0.254s effective_fps=57.52
2026-09-27 23:33:21.411 | INFO     | plugrl_env_client.runner.rollout:log_timing_summary:98 - Intermediate rollout timing summary: env_steps=298518 infer_calls=74801 feedback_calls=74800 infer_wait=3014.908s infer_obs_pack=3.442s env_step=2157.282s feedback_total=14.299s feedback_obs_pack=4.808s feedback_info_pack=0.249s effective_fps=57.52
2026-09-27 23:33:21.419 | INFO     | plugrl_env_client.runner.rollout:log_timing_summary:98 - Intermediate rollout timing summary: env_steps=298486 infer_calls=74800 feedback_calls=74799 infer_wait=3007.155s infer_obs_pack=3.421s env_step=2164.906s feedback_total=14.196s feedback_obs_pack=4.812s feedback_info_pack=0.242s effective_fps=57.52
2026-09-27 23:33:51.418 | INFO     | plugrl_env_client.runner.rollout:log_timing_summary:98 - Intermediate rollout timing summary: env_steps=301384 infer_calls=75519 feedback_calls=75518 infer_wait=3024.008s infer_obs_pack=3.475s env_step=2177.906s feedback_total=14.433s feedback_obs_pack=4.853s feedback_info_pack=0.252s effective_fps=57.74
2026-09-27 23:33:51.419 | INFO     | plugrl_env_client.runner.rollout:log_timing_summary:98 - Intermediate rollout timing summary: env_steps=301381 infer_calls=75519 feedback_calls=75518 infer_wait=3023.864s infer_obs_pack=3.453s env_step=2178.068s feedback_total=14.399s feedback_obs_pack=4.830s feedback_info_pack=0.256s effective_fps=57.74
2026-09-27 23:33:51.426 | INFO     | plugrl_env_client.runner.rollout:log_timing_summary:98 - Intermediate rollout timing summary: env_steps=301355 infer_calls=75518 feedback_calls=75517 infer_wait=3016.235s infer_obs_pack=3.453s env_step=2185.554s feedback_total=14.329s feedback_obs_pack=4.858s feedback_info_pack=0.244s effective_fps=57.74
2026-09-27 23:36:07.537 | INFO     | plugrl_env_client.runner.rollout:log_timing_summary:98 - Intermediate rollout timing summary: env_steps=303311 infer_calls=76002 feedback_calls=76001 infer_wait=3145.224s infer_obs_pack=3.497s env_step=2192.622s feedback_total=14.524s feedback_obs_pack=4.884s feedback_info_pack=0.253s effective_fps=56.63
2026-09-27 23:36:07.538 | INFO     | plugrl_env_client.runner.rollout:log_timing_summary:98 - Intermediate rollout timing summary: env_steps=303284 infer_calls=76001 feedback_calls=76000 infer_wait=3137.622s infer_obs_pack=3.476s env_step=2200.084s feedback_total=14.421s feedback_obs_pack=4.890s feedback_info_pack=0.246s effective_fps=56.63
2026-09-27 23:36:07.540 | INFO     | plugrl_env_client.runner.rollout:log_timing_summary:98 - Intermediate rollout timing summary: env_steps=303312 infer_calls=76002 feedback_calls=76001 infer_wait=3145.327s infer_obs_pack=3.475s env_step=2192.539s feedback_total=14.488s feedback_obs_pack=4.861s feedback_info_pack=0.258s effective_fps=56.63
2026-09-27 23:36:37.539 | INFO     | plugrl_env_client.runner.rollout:log_timing_summary:98 - Intermediate rollout timing summary: env_steps=306084 infer_calls=76702 feedback_calls=76701 infer_wait=3146.819s infer_obs_pack=3.508s env_step=2220.601s feedback_total=14.565s feedback_obs_pack=4.942s feedback_info_pack=0.248s effective_fps=56.83
2026-09-27 23:36:37.543 | INFO     | plugrl_env_client.runner.rollout:log_timing_summary:98 - Intermediate rollout timing summary: env_steps=306110 infer_calls=76703 feedback_calls=76702 infer_wait=3154.371s infer_obs_pack=3.510s env_step=2213.215s feedback_total=14.621s feedback_obs_pack=4.906s feedback_info_pack=0.260s effective_fps=56.84
2026-09-27 23:36:37.543 | INFO     | plugrl_env_client.runner.rollout:log_timing_summary:98 - Intermediate rollout timing summary: env_steps=306106 infer_calls=76703 feedback_calls=76702 infer_wait=3154.286s infer_obs_pack=3.529s env_step=2213.286s feedback_total=14.657s feedback_obs_pack=4.929s feedback_info_pack=0.255s effective_fps=56.84
2026-09-27 23:37:07.540 | INFO     | plugrl_env_client.runner.rollout:log_timing_summary:98 - Intermediate rollout timing summary: env_steps=308907 infer_calls=77411 feedback_calls=77411 infer_wait=3156.443s infer_obs_pack=3.540s env_step=2240.690s feedback_total=14.698s feedback_obs_pack=4.988s feedback_info_pack=0.250s effective_fps=57.04
2026-09-27 23:37:07.558 | INFO     | plugrl_env_client.runner.rollout:log_timing_summary:98 - Intermediate rollout timing summary: env_steps=308941 infer_calls=77413 feedback_calls=77412 infer_wait=3163.219s infer_obs_pack=3.561s env_step=2234.094s feedback_total=14.790s feedback_obs_pack=4.973s feedback_info_pack=0.258s effective_fps=57.05
2026-09-27 23:37:07.558 | INFO     | plugrl_env_client.runner.rollout:log_timing_summary:98 - Intermediate rollout timing summary: env_steps=308939 infer_calls=77413 feedback_calls=77412 infer_wait=3163.535s infer_obs_pack=3.545s env_step=2233.785s feedback_total=14.754s feedback_obs_pack=4.952s feedback_info_pack=0.262s effective_fps=57.05
2026-09-27 23:37:37.561 | INFO     | plugrl_env_client.runner.rollout:log_timing_summary:98 - Intermediate rollout timing summary: env_steps=311705 infer_calls=78113 feedback_calls=78112 infer_wait=3165.383s infer_obs_pack=3.572s env_step=2261.490s feedback_total=14.830s feedback_obs_pack=5.033s feedback_info_pack=0.252s effective_fps=57.24
2026-09-27 23:37:37.563 | INFO     | plugrl_env_client.runner.rollout:log_timing_summary:98 - Intermediate rollout timing summary: env_steps=311739 infer_calls=78114 feedback_calls=78113 infer_wait=3172.494s infer_obs_pack=3.580s env_step=2254.557s feedback_total=14.884s feedback_obs_pack=4.996s feedback_info_pack=0.265s effective_fps=57.25
2026-09-27 23:37:37.564 | INFO     | plugrl_env_client.runner.rollout:log_timing_summary:98 - Intermediate rollout timing summary: env_steps=311743 infer_calls=78114 feedback_calls=78113 infer_wait=3172.425s infer_obs_pack=3.594s env_step=2254.610s feedback_total=14.926s feedback_obs_pack=5.022s feedback_info_pack=0.260s effective_fps=57.25
2026-09-27 23:38:07.562 | INFO     | plugrl_env_client.runner.rollout:log_timing_summary:98 - Intermediate rollout timing summary: env_steps=314441 infer_calls=78799 feedback_calls=78799 infer_wait=3174.359s infer_obs_pack=3.606s env_step=2282.235s feedback_total=14.966s feedback_obs_pack=5.078s feedback_info_pack=0.256s effective_fps=57.43
2026-09-27 23:38:07.582 | INFO     | plugrl_env_client.runner.rollout:log_timing_summary:98 - Intermediate rollout timing summary: env_steps=314482 infer_calls=78801 feedback_calls=78800 infer_wait=3181.446s infer_obs_pack=3.611s env_step=2275.346s feedback_total=15.020s feedback_obs_pack=5.040s feedback_info_pack=0.267s effective_fps=57.44
2026-09-27 23:38:07.583 | INFO     | plugrl_env_client.runner.rollout:log_timing_summary:98 - Intermediate rollout timing summary: env_steps=314483 infer_calls=78801 feedback_calls=78800 infer_wait=3181.878s infer_obs_pack=3.625s env_step=2274.899s feedback_total=15.056s feedback_obs_pack=5.066s feedback_info_pack=0.262s effective_fps=57.44
2026-09-27 23:38:37.565 | INFO     | plugrl_env_client.runner.rollout:log_timing_summary:98 - Intermediate rollout timing summary: env_steps=317257 infer_calls=79506 feedback_calls=79505 infer_wait=3183.500s infer_obs_pack=3.639s env_step=2302.810s feedback_total=15.100s feedback_obs_pack=5.123s feedback_info_pack=0.258s effective_fps=57.63
2026-09-27 23:38:37.587 | INFO     | plugrl_env_client.runner.rollout:log_timing_summary:98 - Intermediate rollout timing summary: env_steps=317294 infer_calls=79507 feedback_calls=79507 infer_wait=3190.599s infer_obs_pack=3.643s env_step=2295.918s feedback_total=15.154s feedback_obs_pack=5.087s feedback_info_pack=0.269s effective_fps=57.63
2026-09-27 23:38:37.602 | INFO     | plugrl_env_client.runner.rollout:log_timing_summary:98 - Intermediate rollout timing summary: env_steps=317306 infer_calls=79508 feedback_calls=79507 infer_wait=3191.154s infer_obs_pack=3.660s env_step=2295.362s feedback_total=15.189s feedback_obs_pack=5.111s feedback_info_pack=0.265s effective_fps=57.64
2026-09-27 23:40:54.680 | INFO     | plugrl_env_client.runner.rollout:log_timing_summary:98 - Intermediate rollout timing summary: env_steps=319236 infer_calls=80001 feedback_calls=80000 infer_wait=3306.021s infer_obs_pack=3.661s env_step=2317.205s feedback_total=15.195s feedback_obs_pack=5.158s feedback_info_pack=0.260s effective_fps=56.58
2026-09-27 23:40:54.680 | INFO     | plugrl_env_client.runner.rollout:log_timing_summary:98 - Intermediate rollout timing summary: env_steps=319276 infer_calls=80002 feedback_calls=80001 infer_wait=3313.537s infer_obs_pack=3.682s env_step=2309.857s feedback_total=15.281s feedback_obs_pack=5.143s feedback_info_pack=0.266s effective_fps=56.59
2026-09-27 23:40:54.681 | INFO     | plugrl_env_client.runner.rollout:log_timing_summary:98 - Intermediate rollout timing summary: env_steps=319268 infer_calls=80002 feedback_calls=80001 infer_wait=3312.823s infer_obs_pack=3.669s env_step=2310.587s feedback_total=15.252s feedback_obs_pack=5.119s feedback_info_pack=0.271s effective_fps=56.58
2026-09-27 23:41:24.694 | INFO     | plugrl_env_client.runner.rollout:log_timing_summary:98 - Intermediate rollout timing summary: env_steps=322122 infer_calls=80717 feedback_calls=80716 infer_wait=3321.778s infer_obs_pack=3.702s env_step=2331.351s feedback_total=15.400s feedback_obs_pack=5.165s feedback_info_pack=0.274s effective_fps=56.79
2026-09-27 23:41:24.695 | INFO     | plugrl_env_client.runner.rollout:log_timing_summary:98 - Intermediate rollout timing summary: env_steps=322086 infer_calls=80716 feedback_calls=80715 infer_wait=3314.780s infer_obs_pack=3.694s env_step=2338.143s feedback_total=15.352s feedback_obs_pack=5.206s feedback_info_pack=0.262s effective_fps=56.79
2026-09-27 23:41:24.698 | INFO     | plugrl_env_client.runner.rollout:log_timing_summary:98 - Intermediate rollout timing summary: env_steps=322128 infer_calls=80717 feedback_calls=80716 infer_wait=3322.513s infer_obs_pack=3.715s env_step=2330.599s feedback_total=15.426s feedback_obs_pack=5.189s feedback_info_pack=0.269s effective_fps=56.79
2026-09-27 23:41:54.694 | INFO     | plugrl_env_client.runner.rollout:log_timing_summary:98 - Intermediate rollout timing summary: env_steps=324991 infer_calls=81437 feedback_calls=81436 infer_wait=3330.918s infer_obs_pack=3.735s env_step=2351.922s feedback_total=15.535s feedback_obs_pack=5.211s feedback_info_pack=0.276s effective_fps=56.99
2026-09-27 23:41:54.698 | INFO     | plugrl_env_client.runner.rollout:log_timing_summary:98 - Intermediate rollout timing summary: env_steps=325000 infer_calls=81437 feedback_calls=81436 infer_wait=3331.585s infer_obs_pack=3.751s env_step=2351.240s feedback_total=15.564s feedback_obs_pack=5.239s feedback_info_pack=0.271s effective_fps=57.00
2026-09-27 23:41:54.698 | INFO     | plugrl_env_client.runner.rollout:log_timing_summary:98 - Intermediate rollout timing summary: env_steps=324959 infer_calls=81436 feedback_calls=81435 infer_wait=3323.964s infer_obs_pack=3.729s env_step=2358.674s feedback_total=15.487s feedback_obs_pack=5.253s feedback_info_pack=0.264s effective_fps=56.99
2026-09-27 23:42:24.699 | INFO     | plugrl_env_client.runner.rollout:log_timing_summary:98 - Intermediate rollout timing summary: env_steps=327765 infer_calls=82140 feedback_calls=82139 infer_wait=3332.894s infer_obs_pack=3.762s env_step=2379.461s feedback_total=15.621s feedback_obs_pack=5.301s feedback_info_pack=0.267s effective_fps=57.18
2026-09-27 23:42:24.706 | INFO     | plugrl_env_client.runner.rollout:log_timing_summary:98 - Intermediate rollout timing summary: env_steps=327813 infer_calls=82141 feedback_calls=82140 infer_wait=3341.153s infer_obs_pack=3.782s env_step=2371.398s feedback_total=15.698s feedback_obs_pack=5.284s feedback_info_pack=0.273s effective_fps=57.19
2026-09-27 23:42:24.706 | INFO     | plugrl_env_client.runner.rollout:log_timing_summary:98 - Intermediate rollout timing summary: env_steps=327804 infer_calls=82141 feedback_calls=82140 infer_wait=3339.655s infer_obs_pack=3.766s env_step=2372.921s feedback_total=15.668s feedback_obs_pack=5.255s feedback_info_pack=0.278s effective_fps=57.19
2026-09-27 23:42:54.709 | INFO     | plugrl_env_client.runner.rollout:log_timing_summary:98 - Intermediate rollout timing summary: env_steps=330614 infer_calls=82854 feedback_calls=82853 infer_wait=3342.102s infer_obs_pack=3.794s env_step=2399.979s feedback_total=15.754s feedback_obs_pack=5.346s feedback_info_pack=0.269s effective_fps=57.38
2026-09-27 23:42:54.711 | INFO     | plugrl_env_client.runner.rollout:log_timing_summary:98 - Intermediate rollout timing summary: env_steps=330646 infer_calls=82855 feedback_calls=82854 infer_wait=3348.667s infer_obs_pack=3.799s env_step=2393.630s feedback_total=15.801s feedback_obs_pack=5.301s feedback_info_pack=0.281s effective_fps=57.38
2026-09-27 23:42:54.711 | INFO     | plugrl_env_client.runner.rollout:log_timing_summary:98 - Intermediate rollout timing summary: env_steps=330665 infer_calls=82855 feedback_calls=82854 infer_wait=3350.277s infer_obs_pack=3.815s env_step=2391.999s feedback_total=15.829s feedback_obs_pack=5.329s feedback_info_pack=0.276s effective_fps=57.39
2026-09-27 23:43:24.712 | INFO     | plugrl_env_client.runner.rollout:log_timing_summary:98 - Intermediate rollout timing summary: env_steps=333467 infer_calls=83558 feedback_calls=83557 infer_wait=3359.319s infer_obs_pack=3.848s env_step=2412.672s feedback_total=15.964s feedback_obs_pack=5.374s feedback_info_pack=0.278s effective_fps=57.58
2026-09-27 23:43:24.714 | INFO     | plugrl_env_client.runner.rollout:log_timing_summary:98 - Intermediate rollout timing summary: env_steps=333424 infer_calls=83557 feedback_calls=83556 infer_wait=3351.206s infer_obs_pack=3.826s env_step=2420.604s feedback_total=15.885s feedback_obs_pack=5.393s feedback_info_pack=0.271s effective_fps=57.57
2026-09-27 23:43:24.714 | INFO     | plugrl_env_client.runner.rollout:log_timing_summary:98 - Intermediate rollout timing summary: env_steps=333457 infer_calls=83558 feedback_calls=83557 infer_wait=3358.385s infer_obs_pack=3.833s env_step=2413.634s feedback_total=15.929s feedback_obs_pack=5.345s feedback_info_pack=0.283s effective_fps=57.57
2026-09-27 23:45:37.910 | INFO     | plugrl_env_client.runner.rollout:log_timing_summary:98 - Intermediate rollout timing summary: env_steps=335199 infer_calls=84001 feedback_calls=84000 infer_wait=3471.391s infer_obs_pack=3.845s env_step=2433.440s feedback_total=15.969s feedback_obs_pack=5.420s feedback_info_pack=0.273s effective_fps=56.58
2026-09-27 23:45:37.912 | INFO     | plugrl_env_client.runner.rollout:log_timing_summary:98 - Intermediate rollout timing summary: env_steps=335227 infer_calls=84002 feedback_calls=84001 infer_wait=3478.725s infer_obs_pack=3.853s env_step=2426.315s feedback_total=16.016s feedback_obs_pack=5.375s feedback_info_pack=0.284s effective_fps=56.58
2026-09-27 23:45:37.914 | INFO     | plugrl_env_client.runner.rollout:log_timing_summary:98 - Intermediate rollout timing summary: env_steps=335242 infer_calls=84002 feedback_calls=84001 infer_wait=3479.283s infer_obs_pack=3.869s env_step=2425.739s feedback_total=16.048s feedback_obs_pack=5.404s feedback_info_pack=0.280s effective_fps=56.58
2026-09-27 23:46:07.914 | INFO     | plugrl_env_client.runner.rollout:log_timing_summary:98 - Intermediate rollout timing summary: env_steps=338009 infer_calls=84705 feedback_calls=84704 infer_wait=3480.661s infer_obs_pack=3.877s env_step=2453.896s feedback_total=16.102s feedback_obs_pack=5.468s feedback_info_pack=0.275s effective_fps=56.76
2026-09-27 23:46:07.916 | INFO     | plugrl_env_client.runner.rollout:log_timing_summary:98 - Intermediate rollout timing summary: env_steps=338038 infer_calls=84706 feedback_calls=84705 infer_wait=3487.599s infer_obs_pack=3.886s env_step=2447.170s feedback_total=16.147s feedback_obs_pack=5.420s feedback_info_pack=0.287s effective_fps=56.77
2026-09-27 23:46:07.916 | INFO     | plugrl_env_client.runner.rollout:log_timing_summary:98 - Intermediate rollout timing summary: env_steps=338049 infer_calls=84706 feedback_calls=84705 infer_wait=3488.102s infer_obs_pack=3.902s env_step=2446.640s feedback_total=16.181s feedback_obs_pack=5.449s feedback_info_pack=0.282s effective_fps=56.77
2026-09-27 23:46:37.916 | INFO     | plugrl_env_client.runner.rollout:log_timing_summary:98 - Intermediate rollout timing summary: env_steps=340835 infer_calls=85415 feedback_calls=85414 infer_wait=3490.021s infer_obs_pack=3.909s env_step=2474.249s feedback_total=16.236s feedback_obs_pack=5.513s feedback_info_pack=0.277s effective_fps=56.95
2026-09-27 23:46:37.919 | INFO     | plugrl_env_client.runner.rollout:log_timing_summary:98 - Intermediate rollout timing summary: env_steps=340874 infer_calls=85416 feedback_calls=85415 infer_wait=3496.995s infer_obs_pack=3.922s env_step=2467.487s feedback_total=16.286s feedback_obs_pack=5.465s feedback_info_pack=0.289s effective_fps=56.96
2026-09-27 23:46:37.920 | INFO     | plugrl_env_client.runner.rollout:log_timing_summary:98 - Intermediate rollout timing summary: env_steps=340884 infer_calls=85416 feedback_calls=85415 infer_wait=3496.581s infer_obs_pack=3.934s env_step=2467.876s feedback_total=16.317s feedback_obs_pack=5.496s feedback_info_pack=0.284s effective_fps=56.96
2026-09-27 23:47:07.916 | INFO     | plugrl_env_client.runner.rollout:log_timing_summary:98 - Intermediate rollout timing summary: env_steps=343684 infer_calls=86129 feedback_calls=86129 infer_wait=3498.808s infer_obs_pack=3.944s env_step=2495.172s feedback_total=16.373s feedback_obs_pack=5.559s feedback_info_pack=0.279s effective_fps=57.14
2026-09-27 23:47:07.920 | INFO     | plugrl_env_client.runner.rollout:log_timing_summary:98 - Intermediate rollout timing summary: env_steps=343735 infer_calls=86130 feedback_calls=86130 infer_wait=3506.033s infer_obs_pack=3.967s env_step=2488.138s feedback_total=16.457s feedback_obs_pack=5.542s feedback_info_pack=0.287s effective_fps=57.15
2026-09-27 23:47:07.923 | INFO     | plugrl_env_client.runner.rollout:log_timing_summary:98 - Intermediate rollout timing summary: env_steps=343720 infer_calls=86130 feedback_calls=86130 infer_wait=3506.117s infer_obs_pack=3.955s env_step=2488.077s feedback_total=16.421s feedback_obs_pack=5.511s feedback_info_pack=0.292s effective_fps=57.15
2026-09-27 23:47:37.933 | INFO     | plugrl_env_client.runner.rollout:log_timing_summary:98 - Intermediate rollout timing summary: env_steps=346556 infer_calls=86839 feedback_calls=86838 infer_wait=3515.177s infer_obs_pack=3.999s env_step=2508.719s feedback_total=16.596s feedback_obs_pack=5.587s feedback_info_pack=0.289s effective_fps=57.33
2026-09-27 23:47:37.935 | INFO     | plugrl_env_client.runner.rollout:log_timing_summary:98 - Intermediate rollout timing summary: env_steps=346546 infer_calls=86839 feedback_calls=86838 infer_wait=3515.331s infer_obs_pack=3.988s env_step=2508.583s feedback_total=16.562s feedback_obs_pack=5.556s feedback_info_pack=0.294s effective_fps=57.33
2026-09-27 23:47:37.936 | INFO     | plugrl_env_client.runner.rollout:log_timing_summary:98 - Intermediate rollout timing summary: env_steps=346517 infer_calls=86838 feedback_calls=86837 infer_wait=3507.730s infer_obs_pack=3.977s env_step=2515.979s feedback_total=16.514s feedback_obs_pack=5.605s feedback_info_pack=0.282s effective_fps=57.33
2026-09-27 23:48:07.935 | INFO     | plugrl_env_client.runner.rollout:log_timing_summary:98 - Intermediate rollout timing summary: env_steps=349340 infer_calls=87538 feedback_calls=87537 infer_wait=3524.405s infer_obs_pack=4.020s env_step=2529.233s feedback_total=16.691s feedback_obs_pack=5.600s feedback_info_pack=0.296s effective_fps=57.51
2026-09-27 23:48:07.938 | INFO     | plugrl_env_client.runner.rollout:log_timing_summary:98 - Intermediate rollout timing summary: env_steps=349348 infer_calls=87538 feedback_calls=87537 infer_wait=3524.005s infer_obs_pack=4.032s env_step=2529.612s feedback_total=16.730s feedback_obs_pack=5.632s feedback_info_pack=0.291s effective_fps=57.51
2026-09-27 23:48:07.941 | INFO     | plugrl_env_client.runner.rollout:log_timing_summary:98 - Intermediate rollout timing summary: env_steps=349310 infer_calls=87537 feedback_calls=87537 infer_wait=3517.196s infer_obs_pack=4.009s env_step=2536.240s feedback_total=16.644s feedback_obs_pack=5.650s feedback_info_pack=0.284s effective_fps=57.51
2026-09-27 23:50:22.265 | INFO     | plugrl_env_client.runner.rollout:log_timing_summary:98 - Intermediate rollout timing summary: env_steps=351158 infer_calls=88001 feedback_calls=88000 infer_wait=3637.605s infer_obs_pack=4.031s env_step=2549.969s feedback_total=16.731s feedback_obs_pack=5.680s feedback_info_pack=0.285s effective_fps=56.56
2026-09-27 23:50:22.272 | INFO     | plugrl_env_client.runner.rollout:log_timing_summary:98 - Intermediate rollout timing summary: env_steps=351198 infer_calls=88002 feedback_calls=88001 infer_wait=3644.323s infer_obs_pack=4.053s env_step=2543.447s feedback_total=16.818s feedback_obs_pack=5.661s feedback_info_pack=0.293s effective_fps=56.57
2026-09-27 23:50:22.273 | INFO     | plugrl_env_client.runner.rollout:log_timing_summary:98 - Intermediate rollout timing summary: env_steps=351190 infer_calls=88002 feedback_calls=88001 infer_wait=3645.024s infer_obs_pack=4.041s env_step=2542.762s feedback_total=16.782s feedback_obs_pack=5.630s feedback_info_pack=0.298s effective_fps=56.57
2026-09-27 23:50:52.266 | INFO     | plugrl_env_client.runner.rollout:log_timing_summary:98 - Intermediate rollout timing summary: env_steps=353933 infer_calls=88697 feedback_calls=88696 infer_wait=3647.020s infer_obs_pack=4.063s env_step=2570.278s feedback_total=16.863s feedback_obs_pack=5.724s feedback_info_pack=0.288s effective_fps=56.74
2026-09-27 23:50:52.274 | INFO     | plugrl_env_client.runner.rollout:log_timing_summary:98 - Intermediate rollout timing summary: env_steps=353981 infer_calls=88698 feedback_calls=88697 infer_wait=3653.040s infer_obs_pack=4.085s env_step=2564.452s feedback_total=16.948s feedback_obs_pack=5.707s feedback_info_pack=0.296s effective_fps=56.74
2026-09-27 23:50:52.279 | INFO     | plugrl_env_client.runner.rollout:log_timing_summary:98 - Intermediate rollout timing summary: env_steps=353973 infer_calls=88698 feedback_calls=88697 infer_wait=3654.471s infer_obs_pack=4.075s env_step=2563.041s feedback_total=16.913s feedback_obs_pack=5.675s feedback_info_pack=0.300s effective_fps=56.74
2026-09-27 23:51:22.272 | INFO     | plugrl_env_client.runner.rollout:log_timing_summary:98 - Intermediate rollout timing summary: env_steps=356735 infer_calls=89399 feedback_calls=89399 infer_wait=3656.439s infer_obs_pack=4.096s env_step=2590.575s feedback_total=17.004s feedback_obs_pack=5.771s feedback_info_pack=0.290s effective_fps=56.91
2026-09-27 23:51:22.299 | INFO     | plugrl_env_client.runner.rollout:log_timing_summary:98 - Intermediate rollout timing summary: env_steps=356787 infer_calls=89401 feedback_calls=89400 infer_wait=3662.386s infer_obs_pack=4.117s env_step=2584.852s feedback_total=17.081s feedback_obs_pack=5.756s feedback_info_pack=0.298s effective_fps=56.92
2026-09-27 23:51:22.302 | INFO     | plugrl_env_client.runner.rollout:log_timing_summary:98 - Intermediate rollout timing summary: env_steps=356771 infer_calls=89401 feedback_calls=89400 infer_wait=3663.426s infer_obs_pack=4.109s env_step=2583.828s feedback_total=17.045s feedback_obs_pack=5.722s feedback_info_pack=0.303s effective_fps=56.92
2026-09-27 23:51:52.287 | INFO     | plugrl_env_client.runner.rollout:log_timing_summary:98 - Intermediate rollout timing summary: env_steps=359564 infer_calls=90109 feedback_calls=90108 infer_wait=3665.723s infer_obs_pack=4.128s env_step=2611.031s feedback_total=17.136s feedback_obs_pack=5.816s feedback_info_pack=0.292s effective_fps=57.09
2026-09-27 23:51:52.301 | INFO     | plugrl_env_client.runner.rollout:log_timing_summary:98 - Intermediate rollout timing summary: env_steps=359619 infer_calls=90110 feedback_calls=90110 infer_wait=3671.421s infer_obs_pack=4.151s env_step=2605.537s feedback_total=17.215s feedback_obs_pack=5.803s feedback_info_pack=0.300s effective_fps=57.10
2026-09-27 23:51:52.303 | INFO     | plugrl_env_client.runner.rollout:log_timing_summary:98 - Intermediate rollout timing summary: env_steps=359606 infer_calls=90110 feedback_calls=90110 infer_wait=3672.028s infer_obs_pack=4.142s env_step=2604.944s feedback_total=17.177s feedback_obs_pack=5.767s feedback_info_pack=0.305s effective_fps=57.10
2026-09-27 23:52:22.301 | INFO     | plugrl_env_client.runner.rollout:log_timing_summary:98 - Intermediate rollout timing summary: env_steps=362365 infer_calls=90800 feedback_calls=90799 infer_wait=3680.783s infer_obs_pack=4.182s env_step=2625.888s feedback_total=17.350s feedback_obs_pack=5.853s feedback_info_pack=0.302s effective_fps=57.26
2026-09-27 23:52:22.301 | INFO     | plugrl_env_client.runner.rollout:log_timing_summary:98 - Intermediate rollout timing summary: env_steps=362318 infer_calls=90799 feedback_calls=90798 infer_wait=3674.844s infer_obs_pack=4.160s env_step=2631.647s feedback_total=17.265s feedback_obs_pack=5.861s feedback_info_pack=0.294s effective_fps=57.26
2026-09-27 23:52:22.311 | INFO     | plugrl_env_client.runner.rollout:log_timing_summary:98 - Intermediate rollout timing summary: env_steps=362355 infer_calls=90800 feedback_calls=90799 infer_wait=3681.342s infer_obs_pack=4.174s env_step=2625.368s feedback_total=17.304s feedback_obs_pack=5.810s feedback_info_pack=0.307s effective_fps=57.26
2026-09-27 23:52:52.308 | INFO     | plugrl_env_client.runner.rollout:log_timing_summary:98 - Intermediate rollout timing summary: env_steps=365199 infer_calls=91509 feedback_calls=91508 infer_wait=3689.955s infer_obs_pack=4.214s env_step=2646.441s feedback_total=17.488s feedback_obs_pack=5.904s feedback_info_pack=0.305s effective_fps=57.44
2026-09-27 23:52:52.310 | INFO     | plugrl_env_client.runner.rollout:log_timing_summary:98 - Intermediate rollout timing summary: env_steps=365148 infer_calls=91508 feedback_calls=91507 infer_wait=3683.802s infer_obs_pack=4.193s env_step=2652.417s feedback_total=17.398s feedback_obs_pack=5.908s feedback_info_pack=0.297s effective_fps=57.43
2026-09-27 23:52:52.315 | INFO     | plugrl_env_client.runner.rollout:log_timing_summary:98 - Intermediate rollout timing summary: env_steps=365184 infer_calls=91509 feedback_calls=91509 infer_wait=3690.436s infer_obs_pack=4.206s env_step=2646.000s feedback_total=17.434s feedback_obs_pack=5.855s feedback_info_pack=0.310s effective_fps=57.44
2026-09-27 23:55:06.387 | INFO     | plugrl_env_client.runner.rollout:log_timing_summary:98 - Intermediate rollout timing summary: env_steps=367147 infer_calls=92002 feedback_calls=92001 infer_wait=3810.217s infer_obs_pack=4.228s env_step=2660.081s feedback_total=17.537s feedback_obs_pack=5.886s feedback_info_pack=0.311s effective_fps=56.55
2026-09-27 23:55:06.388 | INFO     | plugrl_env_client.runner.rollout:log_timing_summary:98 - Intermediate rollout timing summary: env_steps=367113 infer_calls=92001 feedback_calls=92000 infer_wait=3803.829s infer_obs_pack=4.216s env_step=2666.257s feedback_total=17.499s feedback_obs_pack=5.940s feedback_info_pack=0.298s effective_fps=56.55
2026-09-27 23:55:06.389 | INFO     | plugrl_env_client.runner.rollout:log_timing_summary:98 - Intermediate rollout timing summary: env_steps=367167 infer_calls=92002 feedback_calls=92001 infer_wait=3809.253s infer_obs_pack=4.236s env_step=2661.023s feedback_total=17.589s feedback_obs_pack=5.936s feedback_info_pack=0.306s effective_fps=56.56
2026-09-27 23:55:36.393 | INFO     | plugrl_env_client.runner.rollout:log_timing_summary:98 - Intermediate rollout timing summary: env_steps=369886 infer_calls=92695 feedback_calls=92694 infer_wait=3812.615s infer_obs_pack=4.248s env_step=2687.201s feedback_total=17.631s feedback_obs_pack=5.984s feedback_info_pack=0.301s effective_fps=56.72
2026-09-27 23:55:36.394 | INFO     | plugrl_env_client.runner.rollout:log_timing_summary:98 - Intermediate rollout timing summary: env_steps=369941 infer_calls=92696 feedback_calls=92695 infer_wait=3818.626s infer_obs_pack=4.271s env_step=2681.383s feedback_total=17.717s feedback_obs_pack=5.980s feedback_info_pack=0.309s effective_fps=56.72
2026-09-27 23:55:36.398 | INFO     | plugrl_env_client.runner.rollout:log_timing_summary:98 - Intermediate rollout timing summary: env_steps=369915 infer_calls=92696 feedback_calls=92695 infer_wait=3819.314s infer_obs_pack=4.260s env_step=2680.719s feedback_total=17.668s feedback_obs_pack=5.933s feedback_info_pack=0.314s effective_fps=56.72
2026-09-27 23:56:06.400 | INFO     | plugrl_env_client.runner.rollout:log_timing_summary:98 - Intermediate rollout timing summary: env_steps=372789 infer_calls=93409 feedback_calls=93408 infer_wait=3827.600s infer_obs_pack=4.304s env_step=2702.132s feedback_total=17.848s feedback_obs_pack=6.027s feedback_info_pack=0.311s effective_fps=56.90
2026-09-27 23:56:06.401 | INFO     | plugrl_env_client.runner.rollout:log_timing_summary:98 - Intermediate rollout timing summary: env_steps=372755 infer_calls=93409 feedback_calls=93408 infer_wait=3828.683s infer_obs_pack=4.292s env_step=2701.069s feedback_total=17.801s feedback_obs_pack=5.977s feedback_info_pack=0.316s effective_fps=56.89
2026-09-27 23:56:06.402 | INFO     | plugrl_env_client.runner.rollout:log_timing_summary:98 - Intermediate rollout timing summary: env_steps=372728 infer_calls=93408 feedback_calls=93407 infer_wait=3821.587s infer_obs_pack=4.280s env_step=2707.957s feedback_total=17.761s feedback_obs_pack=6.030s feedback_info_pack=0.303s effective_fps=56.89
2026-09-27 23:56:36.411 | INFO     | plugrl_env_client.runner.rollout:log_timing_summary:98 - Intermediate rollout timing summary: env_steps=375535 infer_calls=94112 feedback_calls=94111 infer_wait=3830.701s infer_obs_pack=4.312s env_step=2728.572s feedback_total=17.896s feedback_obs_pack=6.076s feedback_info_pack=0.305s effective_fps=57.06
2026-09-27 23:56:36.417 | INFO     | plugrl_env_client.runner.rollout:log_timing_summary:98 - Intermediate rollout timing summary: env_steps=375598 infer_calls=94113 feedback_calls=94112 infer_wait=3836.464s infer_obs_pack=4.338s env_step=2722.999s feedback_total=17.987s feedback_obs_pack=6.076s feedback_info_pack=0.313s effective_fps=57.07
2026-09-27 23:56:36.418 | INFO     | plugrl_env_client.runner.rollout:log_timing_summary:98 - Intermediate rollout timing summary: env_steps=375566 infer_calls=94113 feedback_calls=94112 infer_wait=3837.676s infer_obs_pack=4.326s env_step=2721.813s feedback_total=17.932s feedback_obs_pack=6.021s feedback_info_pack=0.319s effective_fps=57.06
2026-09-27 23:57:06.418 | INFO     | plugrl_env_client.runner.rollout:log_timing_summary:98 - Intermediate rollout timing summary: env_steps=378360 infer_calls=94814 feedback_calls=94814 infer_wait=3846.666s infer_obs_pack=4.359s env_step=2742.540s feedback_total=18.067s feedback_obs_pack=6.066s feedback_info_pack=0.321s effective_fps=57.23
2026-09-27 23:57:06.435 | INFO     | plugrl_env_client.runner.rollout:log_timing_summary:98 - Intermediate rollout timing summary: env_steps=378332 infer_calls=94814 feedback_calls=94813 infer_wait=3840.148s infer_obs_pack=4.347s env_step=2748.867s feedback_total=18.024s feedback_obs_pack=6.120s feedback_info_pack=0.307s effective_fps=57.22
2026-09-27 23:57:06.436 | INFO     | plugrl_env_client.runner.rollout:log_timing_summary:98 - Intermediate rollout timing summary: env_steps=378403 infer_calls=94815 feedback_calls=94814 infer_wait=3845.305s infer_obs_pack=4.371s env_step=2743.896s feedback_total=18.122s feedback_obs_pack=6.124s feedback_info_pack=0.316s effective_fps=57.23
2026-09-27 23:57:36.432 | INFO     | plugrl_env_client.runner.rollout:log_timing_summary:98 - Intermediate rollout timing summary: env_steps=381191 infer_calls=95523 feedback_calls=95522 infer_wait=3855.616s infer_obs_pack=4.391s env_step=2763.326s feedback_total=18.198s feedback_obs_pack=6.111s feedback_info_pack=0.323s effective_fps=57.40
2026-09-27 23:57:36.441 | INFO     | plugrl_env_client.runner.rollout:log_timing_summary:98 - Intermediate rollout timing summary: env_steps=381229 infer_calls=95523 feedback_calls=95522 infer_wait=3854.714s infer_obs_pack=4.404s env_step=2764.203s feedback_total=18.257s feedback_obs_pack=6.169s feedback_info_pack=0.318s effective_fps=57.40
2026-09-27 23:57:36.441 | INFO     | plugrl_env_client.runner.rollout:log_timing_summary:98 - Intermediate rollout timing summary: env_steps=381158 infer_calls=95522 feedback_calls=95521 infer_wait=3849.096s infer_obs_pack=4.379s env_step=2769.639s feedback_total=18.157s feedback_obs_pack=6.166s feedback_info_pack=0.310s effective_fps=57.39
2026-09-27 23:59:51.484 | INFO     | plugrl_env_client.runner.rollout:log_timing_summary:98 - Intermediate rollout timing summary: env_steps=383138 infer_calls=96002 feedback_calls=96001 infer_wait=3975.299s infer_obs_pack=4.429s env_step=2778.470s feedback_total=18.347s feedback_obs_pack=6.200s feedback_info_pack=0.320s effective_fps=56.54
2026-09-27 23:59:51.485 | INFO     | plugrl_env_client.runner.rollout:log_timing_summary:98 - Intermediate rollout timing summary: env_steps=383069 infer_calls=96001 feedback_calls=96000 infer_wait=3970.302s infer_obs_pack=4.401s env_step=2783.286s feedback_total=18.249s feedback_obs_pack=6.199s feedback_info_pack=0.311s effective_fps=56.53
2026-09-27 23:59:51.486 | INFO     | plugrl_env_client.runner.rollout:log_timing_summary:98 - Intermediate rollout timing summary: env_steps=383098 infer_calls=96002 feedback_calls=96001 infer_wait=3976.728s infer_obs_pack=4.413s env_step=2777.070s feedback_total=18.290s feedback_obs_pack=6.142s feedback_info_pack=0.325s effective_fps=56.53
2026-09-28 00:00:21.487 | INFO     | plugrl_env_client.runner.rollout:log_timing_summary:98 - Intermediate rollout timing summary: env_steps=385838 infer_calls=96694 feedback_calls=96694 infer_wait=3979.276s infer_obs_pack=4.432s env_step=2804.035s feedback_total=18.376s feedback_obs_pack=6.244s feedback_info_pack=0.313s effective_fps=56.69
2026-09-28 00:00:21.489 | INFO     | plugrl_env_client.runner.rollout:log_timing_summary:98 - Intermediate rollout timing summary: env_steps=385906 infer_calls=96695 feedback_calls=96695 infer_wait=3984.552s infer_obs_pack=4.466s env_step=2798.937s feedback_total=18.480s feedback_obs_pack=6.245s feedback_info_pack=0.322s effective_fps=56.70
2026-09-28 00:00:21.504 | INFO     | plugrl_env_client.runner.rollout:log_timing_summary:98 - Intermediate rollout timing summary: env_steps=385871 infer_calls=96696 feedback_calls=96695 infer_wait=3985.895s infer_obs_pack=4.446s env_step=2797.644s feedback_total=18.420s feedback_obs_pack=6.187s feedback_info_pack=0.327s effective_fps=56.69
2026-09-28 00:00:51.492 | INFO     | plugrl_env_client.runner.rollout:log_timing_summary:98 - Intermediate rollout timing summary: env_steps=388748 infer_calls=97407 feedback_calls=97406 infer_wait=3993.566s infer_obs_pack=4.499s env_step=2819.649s feedback_total=18.613s feedback_obs_pack=6.290s feedback_info_pack=0.324s effective_fps=56.87
2026-09-28 00:00:51.493 | INFO     | plugrl_env_client.runner.rollout:log_timing_summary:98 - Intermediate rollout timing summary: env_steps=388673 infer_calls=97406 feedback_calls=97405 infer_wait=3988.441s infer_obs_pack=4.464s env_step=2824.597s feedback_total=18.512s feedback_obs_pack=6.289s feedback_info_pack=0.316s effective_fps=56.86
2026-09-28 00:00:51.507 | INFO     | plugrl_env_client.runner.rollout:log_timing_summary:98 - Intermediate rollout timing summary: env_steps=388707 infer_calls=97407 feedback_calls=97406 infer_wait=3995.087s infer_obs_pack=4.480s env_step=2818.168s feedback_total=18.556s feedback_obs_pack=6.233s feedback_info_pack=0.330s effective_fps=56.86
2026-09-28 00:01:21.507 | INFO     | plugrl_env_client.runner.rollout:log_timing_summary:98 - Intermediate rollout timing summary: env_steps=391529 infer_calls=98103 feedback_calls=98102 infer_wait=4002.402s infer_obs_pack=4.532s env_step=2840.549s feedback_total=18.749s feedback_obs_pack=6.335s feedback_info_pack=0.327s effective_fps=57.02
2026-09-28 00:01:21.509 | INFO     | plugrl_env_client.runner.rollout:log_timing_summary:98 - Intermediate rollout timing summary: env_steps=391452 infer_calls=98102 feedback_calls=98101 infer_wait=3997.500s infer_obs_pack=4.495s env_step=2845.274s feedback_total=18.645s feedback_obs_pack=6.334s feedback_info_pack=0.318s effective_fps=57.01
2026-09-28 00:01:21.510 | INFO     | plugrl_env_client.runner.rollout:log_timing_summary:98 - Intermediate rollout timing summary: env_steps=391483 infer_calls=98103 feedback_calls=98102 infer_wait=4004.357s infer_obs_pack=4.512s env_step=2838.625s feedback_total=18.687s feedback_obs_pack=6.278s feedback_info_pack=0.332s effective_fps=57.02
2026-09-28 00:01:51.512 | INFO     | plugrl_env_client.runner.rollout:log_timing_summary:98 - Intermediate rollout timing summary: env_steps=394325 infer_calls=98815 feedback_calls=98814 infer_wait=4013.183s infer_obs_pack=4.545s env_step=2859.513s feedback_total=18.827s feedback_obs_pack=6.329s feedback_info_pack=0.334s effective_fps=57.18
2026-09-28 00:01:51.514 | INFO     | plugrl_env_client.runner.rollout:log_timing_summary:98 - Intermediate rollout timing summary: env_steps=394372 infer_calls=98815 feedback_calls=98814 infer_wait=4011.662s infer_obs_pack=4.564s env_step=2861.019s feedback_total=18.881s feedback_obs_pack=6.380s feedback_info_pack=0.330s effective_fps=57.19
2026-09-28 00:01:51.514 | INFO     | plugrl_env_client.runner.rollout:log_timing_summary:98 - Intermediate rollout timing summary: env_steps=394290 infer_calls=98814 feedback_calls=98813 infer_wait=4006.765s infer_obs_pack=4.528s env_step=2865.732s feedback_total=18.779s feedback_obs_pack=6.381s feedback_info_pack=0.320s effective_fps=57.18
2026-09-28 00:02:21.514 | INFO     | plugrl_env_client.runner.rollout:log_timing_summary:98 - Intermediate rollout timing summary: env_steps=397218 infer_calls=99528 feedback_calls=99527 infer_wait=4020.608s infer_obs_pack=4.597s env_step=2881.788s feedback_total=19.017s feedback_obs_pack=6.430s feedback_info_pack=0.332s effective_fps=57.35
2026-09-28 00:02:21.515 | INFO     | plugrl_env_client.runner.rollout:log_timing_summary:98 - Intermediate rollout timing summary: env_steps=397136 infer_calls=99527 feedback_calls=99526 infer_wait=4015.704s infer_obs_pack=4.561s env_step=2886.503s feedback_total=18.915s feedback_obs_pack=6.431s feedback_info_pack=0.322s effective_fps=57.34
2026-09-28 00:02:21.522 | INFO     | plugrl_env_client.runner.rollout:log_timing_summary:98 - Intermediate rollout timing summary: env_steps=397175 infer_calls=99528 feedback_calls=99527 infer_wait=4022.400s infer_obs_pack=4.579s env_step=2880.024s feedback_total=18.962s feedback_obs_pack=6.374s feedback_info_pack=0.337s effective_fps=57.35
2026-09-28 00:04:36.654 | INFO     | plugrl_env_client.runner.rollout:log_timing_summary:98 - Intermediate rollout timing summary: env_steps=399112 infer_calls=100002 feedback_calls=100001 infer_wait=4141.248s infer_obs_pack=4.619s env_step=2896.101s feedback_total=19.110s feedback_obs_pack=6.460s feedback_info_pack=0.334s effective_fps=56.52
2026-09-28 00:04:36.655 | INFO     | plugrl_env_client.runner.rollout:log_timing_summary:98 - Intermediate rollout timing summary: env_steps=399065 infer_calls=100002 feedback_calls=100001 infer_wait=4143.475s infer_obs_pack=4.603s env_step=2893.892s feedback_total=19.054s feedback_obs_pack=6.405s feedback_info_pack=0.338s effective_fps=56.52
2026-09-28 00:04:36.658 | INFO     | plugrl_env_client.runner.rollout:log_timing_summary:98 - Intermediate rollout timing summary: env_steps=399023 infer_calls=100001 feedback_calls=100000 infer_wait=4136.995s infer_obs_pack=4.582s env_step=2900.165s feedback_total=19.005s feedback_obs_pack=6.461s feedback_info_pack=0.324s effective_fps=56.51
2026-09-28 00:05:06.660 | INFO     | plugrl_env_client.runner.rollout:log_timing_summary:98 - Intermediate rollout timing summary: env_steps=401885 infer_calls=100718 feedback_calls=100717 infer_wait=4146.033s infer_obs_pack=4.614s env_step=2920.838s feedback_total=19.143s feedback_obs_pack=6.506s feedback_info_pack=0.326s effective_fps=56.68
2026-09-28 00:05:06.662 | INFO     | plugrl_env_client.runner.rollout:log_timing_summary:98 - Intermediate rollout timing summary: env_steps=401929 infer_calls=100719 feedback_calls=100718 infer_wait=4152.316s infer_obs_pack=4.636s env_step=2914.769s feedback_total=19.194s feedback_obs_pack=6.451s feedback_info_pack=0.341s effective_fps=56.68
2026-09-28 00:05:06.663 | INFO     | plugrl_env_client.runner.rollout:log_timing_summary:98 - Intermediate rollout timing summary: env_steps=401976 infer_calls=100719 feedback_calls=100718 infer_wait=4150.865s infer_obs_pack=4.651s env_step=2916.211s feedback_total=19.248s feedback_obs_pack=6.505s feedback_info_pack=0.336s effective_fps=56.69
2026-09-28 00:05:36.674 | INFO     | plugrl_env_client.runner.rollout:log_timing_summary:98 - Intermediate rollout timing summary: env_steps=404780 infer_calls=101421 feedback_calls=101420 infer_wait=4159.765s infer_obs_pack=4.683s env_step=2937.034s feedback_total=19.385s feedback_obs_pack=6.550s feedback_info_pack=0.338s effective_fps=56.84
2026-09-28 00:05:36.676 | INFO     | plugrl_env_client.runner.rollout:log_timing_summary:98 - Intermediate rollout timing summary: env_steps=404723 infer_calls=101421 feedback_calls=101420 infer_wait=4161.729s infer_obs_pack=4.669s env_step=2935.082s feedback_total=19.335s feedback_obs_pack=6.496s feedback_info_pack=0.343s effective_fps=56.84
2026-09-28 00:05:36.676 | INFO     | plugrl_env_client.runner.rollout:log_timing_summary:98 - Intermediate rollout timing summary: env_steps=404682 infer_calls=101420 feedback_calls=101419 infer_wait=4155.141s infer_obs_pack=4.647s env_step=2941.451s feedback_total=19.284s feedback_obs_pack=6.552s feedback_info_pack=0.329s effective_fps=56.83
2026-09-28 00:06:06.679 | INFO     | plugrl_env_client.runner.rollout:log_timing_summary:98 - Intermediate rollout timing summary: env_steps=407538 infer_calls=102126 feedback_calls=102125 infer_wait=4171.112s infer_obs_pack=4.701s env_step=2955.417s feedback_total=19.471s feedback_obs_pack=6.541s feedback_info_pack=0.345s effective_fps=56.99
2026-09-28 00:06:06.679 | INFO     | plugrl_env_client.runner.rollout:log_timing_summary:98 - Intermediate rollout timing summary: env_steps=407492 infer_calls=102125 feedback_calls=102124 infer_wait=4164.207s infer_obs_pack=4.679s env_step=2962.101s feedback_total=19.420s feedback_obs_pack=6.600s feedback_info_pack=0.331s effective_fps=56.99
2026-09-28 00:06:06.680 | INFO     | plugrl_env_client.runner.rollout:log_timing_summary:98 - Intermediate rollout timing summary: env_steps=407597 infer_calls=102126 feedback_calls=102125 infer_wait=4168.904s infer_obs_pack=4.716s env_step=2957.614s feedback_total=19.524s feedback_obs_pack=6.598s feedback_info_pack=0.341s effective_fps=57.00
2026-09-28 00:06:36.681 | INFO     | plugrl_env_client.runner.rollout:log_timing_summary:98 - Intermediate rollout timing summary: env_steps=410305 infer_calls=102819 feedback_calls=102818 infer_wait=4180.353s infer_obs_pack=4.734s env_step=2975.903s feedback_total=19.602s feedback_obs_pack=6.587s feedback_info_pack=0.348s effective_fps=57.14
2026-09-28 00:06:36.682 | INFO     | plugrl_env_client.runner.rollout:log_timing_summary:98 - Intermediate rollout timing summary: env_steps=410348 infer_calls=102819 feedback_calls=102818 infer_wait=4178.746s infer_obs_pack=4.748s env_step=2977.489s feedback_total=19.661s feedback_obs_pack=6.642s feedback_info_pack=0.343s effective_fps=57.15
2026-09-28 00:06:36.704 | INFO     | plugrl_env_client.runner.rollout:log_timing_summary:98 - Intermediate rollout timing summary: env_steps=410263 infer_calls=102819 feedback_calls=102818 infer_wait=4173.068s infer_obs_pack=4.711s env_step=2982.996s feedback_total=19.549s feedback_obs_pack=6.644s feedback_info_pack=0.333s effective_fps=57.14
2026-09-28 00:07:06.682 | INFO     | plugrl_env_client.runner.rollout:log_timing_summary:98 - Intermediate rollout timing summary: env_steps=413139 infer_calls=103519 feedback_calls=103518 infer_wait=4188.180s infer_obs_pack=4.780s env_step=2997.771s feedback_total=19.792s feedback_obs_pack=6.687s feedback_info_pack=0.345s effective_fps=57.30
2026-09-28 00:07:06.683 | INFO     | plugrl_env_client.runner.rollout:log_timing_summary:98 - Intermediate rollout timing summary: env_steps=413097 infer_calls=103519 feedback_calls=103518 infer_wait=4189.329s infer_obs_pack=4.767s env_step=2996.653s feedback_total=19.732s feedback_obs_pack=6.632s feedback_info_pack=0.350s effective_fps=57.29
2026-09-28 00:07:06.708 | INFO     | plugrl_env_client.runner.rollout:log_timing_summary:98 - Intermediate rollout timing summary: env_steps=413054 infer_calls=103519 feedback_calls=103518 infer_wait=4182.313s infer_obs_pack=4.743s env_step=3003.471s feedback_total=19.682s feedback_obs_pack=6.689s feedback_info_pack=0.338s effective_fps=57.29
2026-09-28 00:09:22.086 | INFO     | plugrl_env_client.runner.rollout:log_timing_summary:98 - Intermediate rollout timing summary: env_steps=415063 infer_calls=104002 feedback_calls=104001 infer_wait=4308.962s infer_obs_pack=4.802s env_step=3012.200s feedback_total=19.885s feedback_obs_pack=6.720s feedback_info_pack=0.347s effective_fps=56.50
2026-09-28 00:09:22.089 | INFO     | plugrl_env_client.runner.rollout:log_timing_summary:98 - Intermediate rollout timing summary: env_steps=415025 infer_calls=104002 feedback_calls=104001 infer_wait=4310.545s infer_obs_pack=4.791s env_step=3010.645s feedback_total=19.824s feedback_obs_pack=6.662s feedback_info_pack=0.352s effective_fps=56.50
2026-09-28 00:09:22.091 | INFO     | plugrl_env_client.runner.rollout:log_timing_summary:98 - Intermediate rollout timing summary: env_steps=414977 infer_calls=104001 feedback_calls=104000 infer_wait=4303.463s infer_obs_pack=4.766s env_step=3017.511s feedback_total=19.776s feedback_obs_pack=6.721s feedback_info_pack=0.340s effective_fps=56.49
2026-09-28 00:09:52.105 | INFO     | plugrl_env_client.runner.rollout:log_timing_summary:98 - Intermediate rollout timing summary: env_steps=417713 infer_calls=104689 feedback_calls=104688 infer_wait=4312.098s infer_obs_pack=4.798s env_step=3038.606s feedback_total=19.907s feedback_obs_pack=6.765s feedback_info_pack=0.342s effective_fps=56.64
2026-09-28 00:09:52.107 | INFO     | plugrl_env_client.runner.rollout:log_timing_summary:98 - Intermediate rollout timing summary: env_steps=417807 infer_calls=104690 feedback_calls=104689 infer_wait=4318.710s infer_obs_pack=4.834s env_step=3032.193s feedback_total=20.015s feedback_obs_pack=6.764s feedback_info_pack=0.349s effective_fps=56.65
2026-09-28 00:09:52.109 | INFO     | plugrl_env_client.runner.rollout:log_timing_summary:98 - Intermediate rollout timing summary: env_steps=417772 infer_calls=104690 feedback_calls=104689 infer_wait=4319.845s infer_obs_pack=4.822s env_step=3031.094s feedback_total=19.955s feedback_obs_pack=6.706s feedback_info_pack=0.354s effective_fps=56.64
2026-09-28 00:10:22.124 | INFO     | plugrl_env_client.runner.rollout:log_timing_summary:98 - Intermediate rollout timing summary: env_steps=420594 infer_calls=105396 feedback_calls=105395 infer_wait=4328.988s infer_obs_pack=4.854s env_step=3051.692s feedback_total=20.086s feedback_obs_pack=6.751s feedback_info_pack=0.356s effective_fps=56.79
2026-09-28 00:10:22.125 | INFO     | plugrl_env_client.runner.rollout:log_timing_summary:98 - Intermediate rollout timing summary: env_steps=420624 infer_calls=105396 feedback_calls=105395 infer_wait=4327.878s infer_obs_pack=4.866s env_step=3052.770s feedback_total=20.144s feedback_obs_pack=6.808s feedback_info_pack=0.352s effective_fps=56.80
2026-09-28 00:10:22.128 | INFO     | plugrl_env_client.runner.rollout:log_timing_summary:98 - Intermediate rollout timing summary: env_steps=420527 infer_calls=105395 feedback_calls=105394 infer_wait=4321.255s infer_obs_pack=4.832s env_step=3059.194s feedback_total=20.038s feedback_obs_pack=6.811s feedback_info_pack=0.344s effective_fps=56.79
2026-09-28 00:10:52.125 | INFO     | plugrl_env_client.runner.rollout:log_timing_summary:98 - Intermediate rollout timing summary: env_steps=423368 infer_calls=106091 feedback_calls=106090 infer_wait=4338.203s infer_obs_pack=4.887s env_step=3072.195s feedback_total=20.223s feedback_obs_pack=6.801s feedback_info_pack=0.359s effective_fps=56.94
2026-09-28 00:10:52.132 | INFO     | plugrl_env_client.runner.rollout:log_timing_summary:98 - Intermediate rollout timing summary: env_steps=423389 infer_calls=106091 feedback_calls=106090 infer_wait=4337.174s infer_obs_pack=4.899s env_step=3073.200s feedback_total=20.272s feedback_obs_pack=6.853s feedback_info_pack=0.354s effective_fps=56.94
2026-09-28 00:10:52.135 | INFO     | plugrl_env_client.runner.rollout:log_timing_summary:98 - Intermediate rollout timing summary: env_steps=423304 infer_calls=106090 feedback_calls=106089 infer_wait=4330.177s infer_obs_pack=4.863s env_step=3080.008s feedback_total=20.164s feedback_obs_pack=6.855s feedback_info_pack=0.347s effective_fps=56.93
2026-09-28 00:11:22.134 | INFO     | plugrl_env_client.runner.rollout:log_timing_summary:98 - Intermediate rollout timing summary: env_steps=426249 infer_calls=106813 feedback_calls=106812 infer_wait=4347.239s infer_obs_pack=4.920s env_step=3092.868s feedback_total=20.367s feedback_obs_pack=6.848s feedback_info_pack=0.362s effective_fps=57.10
2026-09-28 00:11:22.135 | INFO     | plugrl_env_client.runner.rollout:log_timing_summary:98 - Intermediate rollout timing summary: env_steps=426266 infer_calls=106813 feedback_calls=106812 infer_wait=4346.005s infer_obs_pack=4.931s env_step=3094.072s feedback_total=20.418s feedback_obs_pack=6.901s feedback_info_pack=0.356s effective_fps=57.10
2026-09-28 00:11:22.136 | INFO     | plugrl_env_client.runner.rollout:log_timing_summary:98 - Intermediate rollout timing summary: env_steps=426184 infer_calls=106812 feedback_calls=106811 infer_wait=4339.152s infer_obs_pack=4.896s env_step=3100.738s feedback_total=20.311s feedback_obs_pack=6.901s feedback_info_pack=0.349s effective_fps=57.09
2026-09-28 00:11:52.137 | INFO     | plugrl_env_client.runner.rollout:log_timing_summary:98 - Intermediate rollout timing summary: env_steps=429078 infer_calls=107520 feedback_calls=107519 infer_wait=4355.380s infer_obs_pack=4.964s env_step=3114.413s feedback_total=20.554s feedback_obs_pack=6.946s feedback_info_pack=0.359s effective_fps=57.25
2026-09-28 00:11:52.140 | INFO     | plugrl_env_client.runner.rollout:log_timing_summary:98 - Intermediate rollout timing summary: env_steps=429065 infer_calls=107520 feedback_calls=107519 infer_wait=4356.623s infer_obs_pack=4.953s env_step=3113.201s feedback_total=20.507s feedback_obs_pack=6.897s feedback_info_pack=0.364s effective_fps=57.24
2026-09-28 00:11:52.141 | INFO     | plugrl_env_client.runner.rollout:log_timing_summary:98 - Intermediate rollout timing summary: env_steps=428997 infer_calls=107519 feedback_calls=107518 infer_wait=4348.048s infer_obs_pack=4.932s env_step=3121.556s feedback_total=20.444s feedback_obs_pack=6.947s feedback_info_pack=0.351s effective_fps=57.24
2026-09-28 00:14:06.884 | INFO     | plugrl_env_client.runner.rollout:log_timing_summary:98 - Intermediate rollout timing summary: env_steps=430989 infer_calls=108002 feedback_calls=108001 infer_wait=4476.524s infer_obs_pack=4.974s env_step=3127.857s feedback_total=20.595s feedback_obs_pack=6.926s feedback_info_pack=0.366s effective_fps=56.49
2026-09-28 00:14:06.885 | INFO     | plugrl_env_client.runner.rollout:log_timing_summary:98 - Intermediate rollout timing summary: env_steps=430998 infer_calls=108002 feedback_calls=108001 infer_wait=4476.092s infer_obs_pack=4.986s env_step=3128.253s feedback_total=20.647s feedback_obs_pack=6.977s feedback_info_pack=0.360s effective_fps=56.49
2026-09-28 00:14:06.887 | INFO     | plugrl_env_client.runner.rollout:log_timing_summary:98 - Intermediate rollout timing summary: env_steps=430915 infer_calls=108001 feedback_calls=108000 infer_wait=4468.219s infer_obs_pack=4.954s env_step=3135.937s feedback_total=20.537s feedback_obs_pack=6.980s feedback_info_pack=0.353s effective_fps=56.48
2026-09-28 00:14:36.892 | INFO     | plugrl_env_client.runner.rollout:log_timing_summary:98 - Intermediate rollout timing summary: env_steps=433733 infer_calls=108709 feedback_calls=108708 infer_wait=4477.794s infer_obs_pack=4.985s env_step=3156.088s feedback_total=20.668s feedback_obs_pack=7.026s feedback_info_pack=0.355s effective_fps=56.63
2026-09-28 00:14:36.893 | INFO     | plugrl_env_client.runner.rollout:log_timing_summary:98 - Intermediate rollout timing summary: env_steps=433814 infer_calls=108710 feedback_calls=108709 infer_wait=4485.884s infer_obs_pack=5.010s env_step=3148.221s feedback_total=20.726s feedback_obs_pack=6.971s feedback_info_pack=0.368s effective_fps=56.63
2026-09-28 00:14:36.893 | INFO     | plugrl_env_client.runner.rollout:log_timing_summary:98 - Intermediate rollout timing summary: env_steps=433821 infer_calls=108710 feedback_calls=108709 infer_wait=4484.498s infer_obs_pack=5.019s env_step=3149.573s feedback_total=20.782s feedback_obs_pack=7.023s feedback_info_pack=0.363s effective_fps=56.64
2026-09-28 00:15:06.895 | INFO     | plugrl_env_client.runner.rollout:log_timing_summary:98 - Intermediate rollout timing summary: env_steps=436611 infer_calls=109410 feedback_calls=109410 infer_wait=4494.971s infer_obs_pack=5.042s env_step=3168.861s feedback_total=20.857s feedback_obs_pack=7.015s feedback_info_pack=0.371s effective_fps=56.78
2026-09-28 00:15:06.896 | INFO     | plugrl_env_client.runner.rollout:log_timing_summary:98 - Intermediate rollout timing summary: env_steps=436621 infer_calls=109410 feedback_calls=109409 infer_wait=4493.320s infer_obs_pack=5.052s env_step=3170.481s feedback_total=20.913s feedback_obs_pack=7.068s feedback_info_pack=0.365s effective_fps=56.78
2026-09-28 00:15:06.896 | INFO     | plugrl_env_client.runner.rollout:log_timing_summary:98 - Intermediate rollout timing summary: env_steps=436526 infer_calls=109409 feedback_calls=109408 infer_wait=4487.237s infer_obs_pack=5.017s env_step=3176.376s feedback_total=20.799s feedback_obs_pack=7.071s feedback_info_pack=0.357s effective_fps=56.77
2026-09-28 00:15:36.897 | INFO     | plugrl_env_client.runner.rollout:log_timing_summary:98 - Intermediate rollout timing summary: env_steps=439412 infer_calls=110109 feedback_calls=110108 infer_wait=4502.312s infer_obs_pack=5.085s env_step=3191.202s feedback_total=21.056s feedback_obs_pack=7.114s feedback_info_pack=0.367s effective_fps=56.92
2026-09-28 00:15:36.897 | INFO     | plugrl_env_client.runner.rollout:log_timing_summary:98 - Intermediate rollout timing summary: env_steps=439404 infer_calls=110109 feedback_calls=110108 infer_wait=4504.075s infer_obs_pack=5.074s env_step=3189.481s feedback_total=20.992s feedback_obs_pack=7.059s feedback_info_pack=0.373s effective_fps=56.92
2026-09-28 00:15:36.924 | INFO     | plugrl_env_client.runner.rollout:log_timing_summary:98 - Intermediate rollout timing summary: env_steps=439320 infer_calls=110109 feedback_calls=110108 infer_wait=4496.491s infer_obs_pack=5.049s env_step=3196.867s feedback_total=20.928s feedback_obs_pack=7.115s feedback_info_pack=0.360s effective_fps=56.91
2026-09-28 00:16:06.899 | INFO     | plugrl_env_client.runner.rollout:log_timing_summary:98 - Intermediate rollout timing summary: env_steps=442186 infer_calls=110806 feedback_calls=110805 infer_wait=4512.997s infer_obs_pack=5.109s env_step=3210.285s feedback_total=21.123s feedback_obs_pack=7.105s feedback_info_pack=0.375s effective_fps=57.06
2026-09-28 00:16:06.899 | INFO     | plugrl_env_client.runner.rollout:log_timing_summary:98 - Intermediate rollout timing summary: env_steps=442190 infer_calls=110806 feedback_calls=110805 infer_wait=4511.492s infer_obs_pack=5.117s env_step=3211.751s feedback_total=21.188s feedback_obs_pack=7.161s feedback_info_pack=0.370s effective_fps=57.06
2026-09-28 00:16:06.936 | INFO     | plugrl_env_client.runner.rollout:log_timing_summary:98 - Intermediate rollout timing summary: env_steps=442103 infer_calls=110806 feedback_calls=110805 infer_wait=4505.631s infer_obs_pack=5.084s env_step=3217.456s feedback_total=21.057s feedback_obs_pack=7.160s feedback_info_pack=0.362s effective_fps=57.05
2026-09-28 00:16:36.901 | INFO     | plugrl_env_client.runner.rollout:log_timing_summary:98 - Intermediate rollout timing summary: env_steps=444971 infer_calls=111505 feedback_calls=111504 infer_wait=4520.521s infer_obs_pack=5.149s env_step=3232.445s feedback_total=21.322s feedback_obs_pack=7.206s feedback_info_pack=0.372s effective_fps=57.20
2026-09-28 00:16:36.908 | INFO     | plugrl_env_client.runner.rollout:log_timing_summary:98 - Intermediate rollout timing summary: env_steps=444974 infer_calls=111505 feedback_calls=111504 infer_wait=4522.254s infer_obs_pack=5.141s env_step=3230.760s feedback_total=21.254s feedback_obs_pack=7.150s feedback_info_pack=0.378s effective_fps=57.20
2026-09-28 00:16:36.941 | INFO     | plugrl_env_client.runner.rollout:log_timing_summary:98 - Intermediate rollout timing summary: env_steps=444894 infer_calls=111505 feedback_calls=111504 infer_wait=4514.862s infer_obs_pack=5.115s env_step=3237.953s feedback_total=21.188s feedback_obs_pack=7.207s feedback_info_pack=0.364s effective_fps=57.19
2026-09-28 00:18:53.158 | INFO     | plugrl_env_client.runner.rollout:log_timing_summary:98 - Intermediate rollout timing summary: env_steps=446955 infer_calls=112002 feedback_calls=112001 infer_wait=4642.453s infer_obs_pack=5.172s env_step=3246.560s feedback_total=21.421s feedback_obs_pack=7.239s feedback_info_pack=0.374s effective_fps=56.47
2026-09-28 00:18:53.162 | INFO     | plugrl_env_client.runner.rollout:log_timing_summary:98 - Intermediate rollout timing summary: env_steps=446960 infer_calls=112002 feedback_calls=112001 infer_wait=4643.055s infer_obs_pack=5.163s env_step=3246.012s feedback_total=21.350s feedback_obs_pack=7.182s feedback_info_pack=0.379s effective_fps=56.47
2026-09-28 00:18:53.162 | INFO     | plugrl_env_client.runner.rollout:log_timing_summary:98 - Intermediate rollout timing summary: env_steps=446871 infer_calls=112001 feedback_calls=112000 infer_wait=4636.750s infer_obs_pack=5.137s env_step=3252.089s feedback_total=21.283s feedback_obs_pack=7.240s feedback_info_pack=0.366s effective_fps=56.46
2026-09-28 00:19:23.170 | INFO     | plugrl_env_client.runner.rollout:log_timing_summary:98 - Intermediate rollout timing summary: env_steps=449665 infer_calls=112701 feedback_calls=112700 infer_wait=4645.877s infer_obs_pack=5.172s env_step=3272.688s feedback_total=21.412s feedback_obs_pack=7.285s feedback_info_pack=0.368s effective_fps=56.60
2026-09-28 00:19:23.170 | INFO     | plugrl_env_client.runner.rollout:log_timing_summary:98 - Intermediate rollout timing summary: env_steps=449748 infer_calls=112702 feedback_calls=112701 infer_wait=4652.264s infer_obs_pack=5.205s env_step=3266.486s feedback_total=21.552s feedback_obs_pack=7.283s feedback_info_pack=0.376s effective_fps=56.60
2026-09-28 00:19:23.171 | INFO     | plugrl_env_client.runner.rollout:log_timing_summary:98 - Intermediate rollout timing summary: env_steps=449755 infer_calls=112702 feedback_calls=112701 infer_wait=4651.725s infer_obs_pack=5.196s env_step=3267.075s feedback_total=21.481s feedback_obs_pack=7.227s feedback_info_pack=0.382s effective_fps=56.61
2026-09-28 00:19:53.172 | INFO     | plugrl_env_client.runner.rollout:log_timing_summary:98 - Intermediate rollout timing summary: env_steps=452549 infer_calls=113402 feedback_calls=113401 infer_wait=4661.063s infer_obs_pack=5.237s env_step=3287.406s feedback_total=21.691s feedback_obs_pack=7.336s feedback_info_pack=0.378s effective_fps=56.74
2026-09-28 00:19:53.175 | INFO     | plugrl_env_client.runner.rollout:log_timing_summary:98 - Intermediate rollout timing summary: env_steps=452461 infer_calls=113401 feedback_calls=113400 infer_wait=4654.592s infer_obs_pack=5.205s env_step=3293.697s feedback_total=21.542s feedback_obs_pack=7.330s feedback_info_pack=0.370s effective_fps=56.73
2026-09-28 00:19:53.176 | INFO     | plugrl_env_client.runner.rollout:log_timing_summary:98 - Intermediate rollout timing summary: env_steps=452549 infer_calls=113402 feedback_calls=113401 infer_wait=4661.588s infer_obs_pack=5.227s env_step=3286.946s feedback_total=21.609s feedback_obs_pack=7.270s feedback_info_pack=0.384s effective_fps=56.74
2026-09-28 00:20:23.173 | INFO     | plugrl_env_client.runner.rollout:log_timing_summary:98 - Intermediate rollout timing summary: env_steps=455304 infer_calls=114092 feedback_calls=114091 infer_wait=4670.122s infer_obs_pack=5.270s env_step=3308.073s feedback_total=21.819s feedback_obs_pack=7.381s feedback_info_pack=0.381s effective_fps=56.88
2026-09-28 00:20:23.178 | INFO     | plugrl_env_client.runner.rollout:log_timing_summary:98 - Intermediate rollout timing summary: env_steps=455213 infer_calls=114091 feedback_calls=114090 infer_wait=4663.898s infer_obs_pack=5.237s env_step=3314.106s feedback_total=21.676s feedback_obs_pack=7.376s feedback_info_pack=0.374s effective_fps=56.87
2026-09-28 00:20:23.180 | INFO     | plugrl_env_client.runner.rollout:log_timing_summary:98 - Intermediate rollout timing summary: env_steps=455303 infer_calls=114092 feedback_calls=114092 infer_wait=4670.490s infer_obs_pack=5.259s env_step=3307.773s feedback_total=21.739s feedback_obs_pack=7.315s feedback_info_pack=0.386s effective_fps=56.88
2026-09-28 00:20:53.176 | INFO     | plugrl_env_client.runner.rollout:log_timing_summary:98 - Intermediate rollout timing summary: env_steps=458103 infer_calls=114793 feedback_calls=114793 infer_wait=4679.180s infer_obs_pack=5.303s env_step=3328.741s feedback_total=21.950s feedback_obs_pack=7.426s feedback_info_pack=0.383s effective_fps=57.01
2026-09-28 00:20:53.183 | INFO     | plugrl_env_client.runner.rollout:log_timing_summary:98 - Intermediate rollout timing summary: env_steps=458103 infer_calls=114793 feedback_calls=114793 infer_wait=4679.598s infer_obs_pack=5.292s env_step=3328.382s feedback_total=21.880s feedback_obs_pack=7.359s feedback_info_pack=0.389s effective_fps=57.01
2026-09-28 00:20:53.186 | INFO     | plugrl_env_client.runner.rollout:log_timing_summary:98 - Intermediate rollout timing summary: env_steps=458008 infer_calls=114792 feedback_calls=114792 infer_wait=4673.117s infer_obs_pack=5.272s env_step=3334.606s feedback_total=21.812s feedback_obs_pack=7.425s feedback_info_pack=0.376s effective_fps=57.00
2026-09-28 00:21:23.180 | INFO     | plugrl_env_client.runner.rollout:log_timing_summary:98 - Intermediate rollout timing summary: env_steps=460907 infer_calls=115496 feedback_calls=115495 infer_wait=4688.643s infer_obs_pack=5.336s env_step=3348.990s feedback_total=22.091s feedback_obs_pack=7.476s feedback_info_pack=0.385s effective_fps=57.15
2026-09-28 00:21:23.188 | INFO     | plugrl_env_client.runner.rollout:log_timing_summary:98 - Intermediate rollout timing summary: env_steps=460901 infer_calls=115496 feedback_calls=115495 infer_wait=4688.686s infer_obs_pack=5.325s env_step=3349.014s feedback_total=22.012s feedback_obs_pack=7.406s feedback_info_pack=0.391s effective_fps=57.15
2026-09-28 00:21:23.218 | INFO     | plugrl_env_client.runner.rollout:log_timing_summary:98 - Intermediate rollout timing summary: env_steps=460813 infer_calls=115496 feedback_calls=115495 infer_wait=4682.106s infer_obs_pack=5.303s env_step=3355.373s feedback_total=21.941s feedback_obs_pack=7.470s feedback_info_pack=0.379s effective_fps=57.14
2026-09-28 00:23:40.186 | INFO     | plugrl_env_client.runner.rollout:log_timing_summary:98 - Intermediate rollout timing summary: env_steps=462923 infer_calls=116002 feedback_calls=116001 infer_wait=4810.388s infer_obs_pack=5.359s env_step=3364.052s feedback_total=22.187s feedback_obs_pack=7.511s feedback_info_pack=0.387s effective_fps=56.44
2026-09-28 00:23:40.186 | INFO     | plugrl_env_client.runner.rollout:log_timing_summary:98 - Intermediate rollout timing summary: env_steps=462914 infer_calls=116002 feedback_calls=116001 infer_wait=4811.025s infer_obs_pack=5.348s env_step=3363.468s feedback_total=22.107s feedback_obs_pack=7.438s feedback_info_pack=0.393s effective_fps=56.44
2026-09-28 00:23:40.187 | INFO     | plugrl_env_client.runner.rollout:log_timing_summary:98 - Intermediate rollout timing summary: env_steps=462829 infer_calls=116001 feedback_calls=116000 infer_wait=4804.264s infer_obs_pack=5.326s env_step=3369.980s feedback_total=22.039s feedback_obs_pack=7.502s feedback_info_pack=0.380s effective_fps=56.43
2026-09-28 00:24:10.193 | INFO     | plugrl_env_client.runner.rollout:log_timing_summary:98 - Intermediate rollout timing summary: env_steps=465722 infer_calls=116707 feedback_calls=116706 infer_wait=4820.111s infer_obs_pack=5.382s env_step=3384.111s feedback_total=22.238s feedback_obs_pack=7.483s feedback_info_pack=0.395s effective_fps=56.58
2026-09-28 00:24:10.198 | INFO     | plugrl_env_client.runner.rollout:log_timing_summary:98 - Intermediate rollout timing summary: env_steps=465646 infer_calls=116706 feedback_calls=116705 infer_wait=4813.514s infer_obs_pack=5.358s env_step=3390.460s feedback_total=22.175s feedback_obs_pack=7.547s feedback_info_pack=0.382s effective_fps=56.57
2026-09-28 00:24:10.199 | INFO     | plugrl_env_client.runner.rollout:log_timing_summary:98 - Intermediate rollout timing summary: env_steps=465731 infer_calls=116707 feedback_calls=116706 infer_wait=4819.750s infer_obs_pack=5.391s env_step=3384.422s feedback_total=22.319s feedback_obs_pack=7.556s feedback_info_pack=0.390s effective_fps=56.58
2026-09-28 00:24:40.202 | INFO     | plugrl_env_client.runner.rollout:log_timing_summary:98 - Intermediate rollout timing summary: env_steps=468500 infer_calls=117403 feedback_calls=117402 infer_wait=4829.525s infer_obs_pack=5.414s env_step=3404.424s feedback_total=22.373s feedback_obs_pack=7.527s feedback_info_pack=0.398s effective_fps=56.71
2026-09-28 00:24:40.202 | INFO     | plugrl_env_client.runner.rollout:log_timing_summary:98 - Intermediate rollout timing summary: env_steps=468424 infer_calls=117402 feedback_calls=117401 infer_wait=4822.786s infer_obs_pack=5.391s env_step=3410.916s feedback_total=22.303s feedback_obs_pack=7.592s feedback_info_pack=0.385s effective_fps=56.70
2026-09-28 00:24:40.204 | INFO     | plugrl_env_client.runner.rollout:log_timing_summary:98 - Intermediate rollout timing summary: env_steps=468510 infer_calls=117403 feedback_calls=117402 infer_wait=4828.182s infer_obs_pack=5.424s env_step=3405.711s feedback_total=22.450s feedback_obs_pack=7.602s feedback_info_pack=0.392s effective_fps=56.71
2026-09-28 00:25:10.205 | INFO     | plugrl_env_client.runner.rollout:log_timing_summary:98 - Intermediate rollout timing summary: env_steps=471311 infer_calls=118107 feedback_calls=118106 infer_wait=4838.367s infer_obs_pack=5.445s env_step=3425.311s feedback_total=22.501s feedback_obs_pack=7.571s feedback_info_pack=0.400s effective_fps=56.84
2026-09-28 00:25:10.207 | INFO     | plugrl_env_client.runner.rollout:log_timing_summary:98 - Intermediate rollout timing summary: env_steps=471234 infer_calls=118106 feedback_calls=118105 infer_wait=4832.202s infer_obs_pack=5.423s env_step=3431.216s feedback_total=22.437s feedback_obs_pack=7.638s feedback_info_pack=0.387s effective_fps=56.83
2026-09-28 00:25:10.211 | INFO     | plugrl_env_client.runner.rollout:log_timing_summary:98 - Intermediate rollout timing summary: env_steps=471316 infer_calls=118107 feedback_calls=118106 infer_wait=4837.477s infer_obs_pack=5.457s env_step=3426.136s feedback_total=22.584s feedback_obs_pack=7.647s feedback_info_pack=0.394s effective_fps=56.84
2026-09-28 00:25:40.213 | INFO     | plugrl_env_client.runner.rollout:log_timing_summary:98 - Intermediate rollout timing summary: env_steps=474134 infer_calls=118814 feedback_calls=118814 infer_wait=4847.699s infer_obs_pack=5.477s env_step=3445.709s feedback_total=22.629s feedback_obs_pack=7.615s feedback_info_pack=0.403s effective_fps=56.98
2026-09-28 00:25:40.228 | INFO     | plugrl_env_client.runner.rollout:log_timing_summary:98 - Intermediate rollout timing summary: env_steps=474138 infer_calls=118815 feedback_calls=118814 infer_wait=4846.523s infer_obs_pack=5.489s env_step=3446.823s feedback_total=22.719s feedback_obs_pack=7.692s feedback_info_pack=0.397s effective_fps=56.98
2026-09-28 00:25:40.229 | INFO     | plugrl_env_client.runner.rollout:log_timing_summary:98 - Intermediate rollout timing summary: env_steps=474048 infer_calls=118814 feedback_calls=118813 infer_wait=4841.422s infer_obs_pack=5.455s env_step=3451.742s feedback_total=22.564s feedback_obs_pack=7.683s feedback_info_pack=0.390s effective_fps=56.97
2026-09-28 00:26:10.217 | INFO     | plugrl_env_client.runner.rollout:log_timing_summary:98 - Intermediate rollout timing summary: env_steps=476933 infer_calls=119515 feedback_calls=119515 infer_wait=4856.693s infer_obs_pack=5.511s env_step=3466.433s feedback_total=22.763s feedback_obs_pack=7.662s feedback_info_pack=0.405s effective_fps=57.11
2026-09-28 00:26:10.236 | INFO     | plugrl_env_client.runner.rollout:log_timing_summary:98 - Intermediate rollout timing summary: env_steps=476848 infer_calls=119515 feedback_calls=119514 infer_wait=4850.265s infer_obs_pack=5.489s env_step=3472.622s feedback_total=22.698s feedback_obs_pack=7.729s feedback_info_pack=0.392s effective_fps=57.10
2026-09-28 00:26:10.238 | INFO     | plugrl_env_client.runner.rollout:log_timing_summary:98 - Intermediate rollout timing summary: env_steps=476937 infer_calls=119516 feedback_calls=119515 infer_wait=4855.804s infer_obs_pack=5.522s env_step=3467.274s feedback_total=22.854s feedback_obs_pack=7.740s feedback_info_pack=0.399s effective_fps=57.11
2026-09-28 00:28:25.774 | INFO     | plugrl_env_client.runner.rollout:log_timing_summary:98 - Intermediate rollout timing summary: env_steps=478788 infer_calls=120001 feedback_calls=120000 infer_wait=4971.386s infer_obs_pack=5.511s env_step=3486.843s feedback_total=22.792s feedback_obs_pack=7.760s feedback_info_pack=0.393s effective_fps=56.42
2026-09-28 00:28:25.776 | INFO     | plugrl_env_client.runner.rollout:log_timing_summary:98 - Intermediate rollout timing summary: env_steps=478871 infer_calls=120002 feedback_calls=120001 infer_wait=4978.042s infer_obs_pack=5.533s env_step=3480.445s feedback_total=22.856s feedback_obs_pack=7.692s feedback_info_pack=0.407s effective_fps=56.42
2026-09-28 00:28:25.777 | INFO     | plugrl_env_client.runner.rollout:log_timing_summary:98 - Intermediate rollout timing summary: env_steps=478871 infer_calls=120002 feedback_calls=120001 infer_wait=4977.437s infer_obs_pack=5.547s env_step=3480.982s feedback_total=22.952s feedback_obs_pack=7.771s feedback_info_pack=0.400s effective_fps=56.42
2026-09-28 00:28:55.777 | INFO     | plugrl_env_client.runner.rollout:log_timing_summary:98 - Intermediate rollout timing summary: env_steps=481679 infer_calls=120708 feedback_calls=120707 infer_wait=4987.172s infer_obs_pack=5.565s env_step=3501.029s feedback_total=22.992s feedback_obs_pack=7.736s feedback_info_pack=0.409s effective_fps=56.56
2026-09-28 00:28:55.779 | INFO     | plugrl_env_client.runner.rollout:log_timing_summary:98 - Intermediate rollout timing summary: env_steps=481687 infer_calls=120708 feedback_calls=120707 infer_wait=4986.689s infer_obs_pack=5.578s env_step=3501.453s feedback_total=23.082s feedback_obs_pack=7.816s feedback_info_pack=0.403s effective_fps=56.56
2026-09-28 00:28:55.782 | INFO     | plugrl_env_client.runner.rollout:log_timing_summary:98 - Intermediate rollout timing summary: env_steps=481601 infer_calls=120707 feedback_calls=120706 infer_wait=4980.709s infer_obs_pack=5.543s env_step=3507.244s feedback_total=22.924s feedback_obs_pack=7.804s feedback_info_pack=0.396s effective_fps=56.55
2026-09-28 00:29:25.785 | INFO     | plugrl_env_client.runner.rollout:log_timing_summary:98 - Intermediate rollout timing summary: env_steps=484472 infer_calls=121427 feedback_calls=121427 infer_wait=4989.814s infer_obs_pack=5.575s env_step=3527.842s feedback_total=23.070s feedback_obs_pack=7.853s feedback_info_pack=0.398s effective_fps=56.69
2026-09-28 00:29:25.799 | INFO     | plugrl_env_client.runner.rollout:log_timing_summary:98 - Intermediate rollout timing summary: env_steps=484551 infer_calls=121429 feedback_calls=121428 infer_wait=4996.414s infer_obs_pack=5.598s env_step=3521.505s feedback_total=23.134s feedback_obs_pack=7.783s feedback_info_pack=0.411s effective_fps=56.69
2026-09-28 00:29:25.799 | INFO     | plugrl_env_client.runner.rollout:log_timing_summary:98 - Intermediate rollout timing summary: env_steps=484560 infer_calls=121429 feedback_calls=121428 infer_wait=4995.731s infer_obs_pack=5.611s env_step=3522.139s feedback_total=23.222s feedback_obs_pack=7.861s feedback_info_pack=0.405s effective_fps=56.70
2026-09-28 00:29:55.808 | INFO     | plugrl_env_client.runner.rollout:log_timing_summary:98 - Intermediate rollout timing summary: env_steps=487205 infer_calls=122112 feedback_calls=122111 infer_wait=4998.898s infer_obs_pack=5.609s env_step=3548.502s feedback_total=23.202s feedback_obs_pack=7.897s feedback_info_pack=0.400s effective_fps=56.81
2026-09-28 00:29:55.808 | INFO     | plugrl_env_client.runner.rollout:log_timing_summary:98 - Intermediate rollout timing summary: env_steps=487293 infer_calls=122113 feedback_calls=122112 infer_wait=5004.467s infer_obs_pack=5.642s env_step=3543.144s feedback_total=23.352s feedback_obs_pack=7.906s feedback_info_pack=0.407s effective_fps=56.82
2026-09-28 00:29:55.812 | INFO     | plugrl_env_client.runner.rollout:log_timing_summary:98 - Intermediate rollout timing summary: env_steps=487281 infer_calls=122113 feedback_calls=122112 infer_wait=5005.407s infer_obs_pack=5.630s env_step=3542.253s feedback_total=23.264s feedback_obs_pack=7.827s feedback_info_pack=0.414s effective_fps=56.82
2026-09-28 00:30:25.810 | INFO     | plugrl_env_client.runner.rollout:log_timing_summary:98 - Intermediate rollout timing summary: env_steps=490098 infer_calls=122816 feedback_calls=122816 infer_wait=5013.844s infer_obs_pack=5.674s env_step=3563.495s feedback_total=23.481s feedback_obs_pack=7.950s feedback_info_pack=0.410s effective_fps=56.95
2026-09-28 00:30:25.814 | INFO     | plugrl_env_client.runner.rollout:log_timing_summary:98 - Intermediate rollout timing summary: env_steps=490012 infer_calls=122815 feedback_calls=122815 infer_wait=5007.847s infer_obs_pack=5.642s env_step=3569.271s feedback_total=23.337s feedback_obs_pack=7.942s feedback_info_pack=0.403s effective_fps=56.94
2026-09-28 00:30:25.835 | INFO     | plugrl_env_client.runner.rollout:log_timing_summary:98 - Intermediate rollout timing summary: env_steps=490087 infer_calls=122817 feedback_calls=122816 infer_wait=5014.298s infer_obs_pack=5.662s env_step=3563.101s feedback_total=23.402s feedback_obs_pack=7.874s feedback_info_pack=0.416s effective_fps=56.94
2026-09-28 00:30:55.815 | INFO     | plugrl_env_client.runner.rollout:log_timing_summary:98 - Intermediate rollout timing summary: env_steps=492950 infer_calls=123531 feedback_calls=123530 infer_wait=5022.781s infer_obs_pack=5.709s env_step=3584.280s feedback_total=23.613s feedback_obs_pack=7.996s feedback_info_pack=0.412s effective_fps=57.08
2026-09-28 00:30:55.816 | INFO     | plugrl_env_client.runner.rollout:log_timing_summary:98 - Intermediate rollout timing summary: env_steps=492862 infer_calls=123530 feedback_calls=123529 infer_wait=5017.495s infer_obs_pack=5.674s env_step=3589.347s feedback_total=23.468s feedback_obs_pack=7.987s feedback_info_pack=0.405s effective_fps=57.07
2026-09-28 00:30:55.855 | INFO     | plugrl_env_client.runner.rollout:log_timing_summary:98 - Intermediate rollout timing summary: env_steps=492939 infer_calls=123532 feedback_calls=123531 infer_wait=5023.145s infer_obs_pack=5.696s env_step=3583.985s feedback_total=23.540s feedback_obs_pack=7.920s feedback_info_pack=0.418s effective_fps=57.08
2026-09-28 00:33:09.974 | INFO     | plugrl_env_client.runner.rollout:log_timing_summary:98 - Intermediate rollout timing summary: env_steps=494830 infer_calls=124002 feedback_calls=124001 infer_wait=5143.228s infer_obs_pack=5.731s env_step=3597.809s feedback_total=23.700s feedback_obs_pack=8.026s feedback_info_pack=0.414s effective_fps=56.42
2026-09-28 00:33:09.974 | INFO     | plugrl_env_client.runner.rollout:log_timing_summary:98 - Intermediate rollout timing summary: env_steps=494813 infer_calls=124002 feedback_calls=124001 infer_wait=5143.540s infer_obs_pack=5.717s env_step=3597.522s feedback_total=23.628s feedback_obs_pack=7.951s feedback_info_pack=0.420s effective_fps=56.42
2026-09-28 00:33:09.983 | INFO     | plugrl_env_client.runner.rollout:log_timing_summary:98 - Intermediate rollout timing summary: env_steps=494739 infer_calls=124001 feedback_calls=124000 infer_wait=5137.919s infer_obs_pack=5.695s env_step=3602.899s feedback_total=23.558s feedback_obs_pack=8.019s feedback_info_pack=0.407s effective_fps=56.41
2026-09-28 00:33:39.974 | INFO     | plugrl_env_client.runner.rollout:log_timing_summary:98 - Intermediate rollout timing summary: env_steps=497605 infer_calls=124697 feedback_calls=124696 infer_wait=5152.285s infer_obs_pack=5.764s env_step=3618.476s feedback_total=23.832s feedback_obs_pack=8.072s feedback_info_pack=0.416s effective_fps=56.54
2026-09-28 00:33:39.979 | INFO     | plugrl_env_client.runner.rollout:log_timing_summary:98 - Intermediate rollout timing summary: env_steps=497588 infer_calls=124697 feedback_calls=124696 infer_wait=5152.873s infer_obs_pack=5.751s env_step=3617.913s feedback_total=23.761s feedback_obs_pack=7.996s feedback_info_pack=0.422s effective_fps=56.54
2026-09-28 00:33:40.001 | INFO     | plugrl_env_client.runner.rollout:log_timing_summary:98 - Intermediate rollout timing summary: env_steps=497515 infer_calls=124697 feedback_calls=124696 infer_wait=5146.944s infer_obs_pack=5.729s env_step=3623.617s feedback_total=23.685s feedback_obs_pack=8.064s feedback_info_pack=0.409s effective_fps=56.54
2026-09-28 00:34:09.980 | INFO     | plugrl_env_client.runner.rollout:log_timing_summary:98 - Intermediate rollout timing summary: env_steps=500383 infer_calls=125392 feedback_calls=125391 infer_wait=5161.177s infer_obs_pack=5.795s env_step=3639.322s feedback_total=23.960s feedback_obs_pack=8.116s feedback_info_pack=0.418s effective_fps=56.67
2026-09-28 00:34:09.981 | INFO     | plugrl_env_client.runner.rollout:log_timing_summary:98 - Intermediate rollout timing summary: env_steps=500359 infer_calls=125392 feedback_calls=125391 infer_wait=5161.751s infer_obs_pack=5.787s env_step=3638.752s feedback_total=23.894s feedback_obs_pack=8.044s feedback_info_pack=0.425s effective_fps=56.66
2026-09-28 00:34:10.013 | INFO     | plugrl_env_client.runner.rollout:log_timing_summary:98 - Intermediate rollout timing summary: env_steps=500285 infer_calls=125392 feedback_calls=125391 infer_wait=5156.831s infer_obs_pack=5.765s env_step=3643.447s feedback_total=23.817s feedback_obs_pack=8.108s feedback_info_pack=0.411s effective_fps=56.66
2026-09-28 00:34:39.984 | INFO     | plugrl_env_client.runner.rollout:log_timing_summary:98 - Intermediate rollout timing summary: env_steps=503199 infer_calls=126098 feedback_calls=126097 infer_wait=5170.149s infer_obs_pack=5.827s env_step=3660.078s feedback_total=24.089s feedback_obs_pack=8.161s feedback_info_pack=0.420s effective_fps=56.79
2026-09-28 00:34:39.985 | INFO     | plugrl_env_client.runner.rollout:log_timing_summary:98 - Intermediate rollout timing summary: env_steps=503181 infer_calls=126098 feedback_calls=126097 infer_wait=5171.069s infer_obs_pack=5.819s env_step=3659.158s feedback_total=24.030s feedback_obs_pack=8.091s feedback_info_pack=0.427s effective_fps=56.79
2026-09-28 00:34:40.028 | INFO     | plugrl_env_client.runner.rollout:log_timing_summary:98 - Intermediate rollout timing summary: env_steps=503101 infer_calls=126098 feedback_calls=126097 infer_wait=5165.974s infer_obs_pack=5.798s env_step=3664.034s feedback_total=23.952s feedback_obs_pack=8.155s feedback_info_pack=0.413s effective_fps=56.78
2026-09-28 00:35:09.991 | INFO     | plugrl_env_client.runner.rollout:log_timing_summary:98 - Intermediate rollout timing summary: env_steps=506048 infer_calls=126814 feedback_calls=126813 infer_wait=5179.361s infer_obs_pack=5.860s env_step=3680.578s feedback_total=24.227s feedback_obs_pack=8.207s feedback_info_pack=0.423s effective_fps=56.92
2026-09-28 00:35:09.991 | INFO     | plugrl_env_client.runner.rollout:log_timing_summary:98 - Intermediate rollout timing summary: env_steps=506041 infer_calls=126814 feedback_calls=126813 infer_wait=5180.117s infer_obs_pack=5.851s env_step=3679.824s feedback_total=24.176s feedback_obs_pack=8.140s feedback_info_pack=0.430s effective_fps=56.92
2026-09-28 00:35:10.028 | INFO     | plugrl_env_client.runner.rollout:log_timing_summary:98 - Intermediate rollout timing summary: env_steps=505960 infer_calls=126814 feedback_calls=126813 infer_wait=5174.894s infer_obs_pack=5.830s env_step=3684.828s feedback_total=24.091s feedback_obs_pack=8.204s feedback_info_pack=0.416s effective_fps=56.92
2026-09-28 00:35:40.009 | INFO     | plugrl_env_client.runner.rollout:log_timing_summary:98 - Intermediate rollout timing summary: env_steps=508873 infer_calls=127525 feedback_calls=127524 infer_wait=5189.105s infer_obs_pack=5.885s env_step=3700.562s feedback_total=24.313s feedback_obs_pack=8.188s feedback_info_pack=0.432s effective_fps=57.05
2026-09-28 00:35:40.011 | INFO     | plugrl_env_client.runner.rollout:log_timing_summary:98 - Intermediate rollout timing summary: env_steps=508883 infer_calls=127525 feedback_calls=127524 infer_wait=5188.544s infer_obs_pack=5.893s env_step=3701.129s feedback_total=24.364s feedback_obs_pack=8.253s feedback_info_pack=0.425s effective_fps=57.05
2026-09-28 00:35:40.044 | INFO     | plugrl_env_client.runner.rollout:log_timing_summary:98 - Intermediate rollout timing summary: env_steps=508804 infer_calls=127525 feedback_calls=127524 infer_wait=5184.047s infer_obs_pack=5.861s env_step=3705.410s feedback_total=24.230s feedback_obs_pack=8.251s feedback_info_pack=0.418s effective_fps=57.04
2026-09-28 00:37:54.340 | INFO     | plugrl_env_client.runner.rollout:log_timing_summary:98 - Intermediate rollout timing summary: env_steps=510702 infer_calls=128001 feedback_calls=128000 infer_wait=5304.324s infer_obs_pack=5.884s env_step=3719.220s feedback_total=24.326s feedback_obs_pack=8.282s feedback_info_pack=0.420s effective_fps=56.41
2026-09-28 00:37:54.343 | INFO     | plugrl_env_client.runner.rollout:log_timing_summary:98 - Intermediate rollout timing summary: env_steps=510787 infer_calls=128002 feedback_calls=128001 infer_wait=5308.456s infer_obs_pack=5.914s env_step=3715.348s feedback_total=24.462s feedback_obs_pack=8.283s feedback_info_pack=0.427s effective_fps=56.41
2026-09-28 00:37:54.345 | INFO     | plugrl_env_client.runner.rollout:log_timing_summary:98 - Intermediate rollout timing summary: env_steps=510779 infer_calls=128002 feedback_calls=128001 infer_wait=5309.683s infer_obs_pack=5.906s env_step=3714.129s feedback_total=24.406s feedback_obs_pack=8.218s feedback_info_pack=0.434s effective_fps=56.41
2026-09-28 00:38:24.344 | INFO     | plugrl_env_client.runner.rollout:log_timing_summary:98 - Intermediate rollout timing summary: env_steps=513540 infer_calls=128691 feedback_calls=128691 infer_wait=5317.674s infer_obs_pack=5.947s env_step=3735.848s feedback_total=24.595s feedback_obs_pack=8.327s feedback_info_pack=0.429s effective_fps=56.53
2026-09-28 00:38:24.348 | INFO     | plugrl_env_client.runner.rollout:log_timing_summary:98 - Intermediate rollout timing summary: env_steps=513452 infer_calls=128690 feedback_calls=128690 infer_wait=5313.819s infer_obs_pack=5.916s env_step=3739.443s feedback_total=24.464s feedback_obs_pack=8.330s feedback_info_pack=0.422s effective_fps=56.52
2026-09-28 00:38:24.367 | INFO     | plugrl_env_client.runner.rollout:log_timing_summary:98 - Intermediate rollout timing summary: env_steps=513538 infer_calls=128692 feedback_calls=128691 infer_wait=5318.662s infer_obs_pack=5.938s env_step=3734.904s feedback_total=24.532s feedback_obs_pack=8.262s feedback_info_pack=0.436s effective_fps=56.53
2026-09-28 00:38:54.349 | INFO     | plugrl_env_client.runner.rollout:log_timing_summary:98 - Intermediate rollout timing summary: env_steps=516302 infer_calls=129404 feedback_calls=129403 infer_wait=5322.627s infer_obs_pack=5.951s env_step=3760.354s feedback_total=24.597s feedback_obs_pack=8.376s feedback_info_pack=0.424s effective_fps=56.65
2026-09-28 00:38:54.349 | INFO     | plugrl_env_client.runner.rollout:log_timing_summary:98 - Intermediate rollout timing summary: env_steps=516381 infer_calls=129405 feedback_calls=129404 infer_wait=5326.808s infer_obs_pack=5.980s env_step=3756.432s feedback_total=24.736s feedback_obs_pack=8.373s feedback_info_pack=0.432s effective_fps=56.66
2026-09-28 00:38:54.374 | INFO     | plugrl_env_client.runner.rollout:log_timing_summary:98 - Intermediate rollout timing summary: env_steps=516377 infer_calls=129405 feedback_calls=129405 infer_wait=5328.020s infer_obs_pack=5.970s env_step=3755.262s feedback_total=24.667s feedback_obs_pack=8.307s feedback_info_pack=0.438s effective_fps=56.66
2026-09-28 00:39:24.351 | INFO     | plugrl_env_client.runner.rollout:log_timing_summary:98 - Intermediate rollout timing summary: env_steps=519188 infer_calls=130109 feedback_calls=130108 infer_wait=5336.281s infer_obs_pack=6.011s env_step=3776.684s feedback_total=24.867s feedback_obs_pack=8.418s feedback_info_pack=0.434s effective_fps=56.78
2026-09-28 00:39:24.352 | INFO     | plugrl_env_client.runner.rollout:log_timing_summary:98 - Intermediate rollout timing summary: env_steps=519114 infer_calls=130108 feedback_calls=130107 infer_wait=5331.378s infer_obs_pack=5.983s env_step=3781.327s feedback_total=24.730s feedback_obs_pack=8.422s feedback_info_pack=0.426s effective_fps=56.77
2026-09-28 00:39:24.377 | INFO     | plugrl_env_client.runner.rollout:log_timing_summary:98 - Intermediate rollout timing summary: env_steps=519184 infer_calls=130109 feedback_calls=130109 infer_wait=5337.020s infer_obs_pack=6.007s env_step=3775.975s feedback_total=24.803s feedback_obs_pack=8.352s feedback_info_pack=0.441s effective_fps=56.78
2026-09-28 00:39:54.352 | INFO     | plugrl_env_client.runner.rollout:log_timing_summary:98 - Intermediate rollout timing summary: env_steps=521995 infer_calls=130812 feedback_calls=130811 infer_wait=5345.584s infer_obs_pack=6.043s env_step=3797.100s feedback_total=25.001s feedback_obs_pack=8.462s feedback_info_pack=0.436s effective_fps=56.90
2026-09-28 00:39:54.355 | INFO     | plugrl_env_client.runner.rollout:log_timing_summary:98 - Intermediate rollout timing summary: env_steps=521922 infer_calls=130811 feedback_calls=130810 infer_wait=5340.430s infer_obs_pack=6.016s env_step=3802.003s feedback_total=24.863s feedback_obs_pack=8.467s feedback_info_pack=0.429s effective_fps=56.90
2026-09-28 00:39:54.380 | INFO     | plugrl_env_client.runner.rollout:log_timing_summary:98 - Intermediate rollout timing summary: env_steps=521988 infer_calls=130813 feedback_calls=130812 infer_wait=5346.044s infer_obs_pack=6.040s env_step=3796.674s feedback_total=24.937s feedback_obs_pack=8.397s feedback_info_pack=0.443s effective_fps=56.90
2026-09-28 00:40:24.357 | INFO     | plugrl_env_client.runner.rollout:log_timing_summary:98 - Intermediate rollout timing summary: env_steps=524714 infer_calls=131510 feedback_calls=131510 infer_wait=5349.444s infer_obs_pack=6.048s env_step=3822.708s feedback_total=24.994s feedback_obs_pack=8.512s feedback_info_pack=0.431s effective_fps=57.01
2026-09-28 00:40:24.372 | INFO     | plugrl_env_client.runner.rollout:log_timing_summary:98 - Intermediate rollout timing summary: env_steps=524789 infer_calls=131512 feedback_calls=131511 infer_wait=5354.976s infer_obs_pack=6.077s env_step=3817.447s feedback_total=25.133s feedback_obs_pack=8.507s feedback_info_pack=0.439s effective_fps=57.02
2026-09-28 00:40:24.385 | INFO     | plugrl_env_client.runner.rollout:log_timing_summary:98 - Intermediate rollout timing summary: env_steps=524779 infer_calls=131512 feedback_calls=131511 infer_wait=5355.213s infer_obs_pack=6.076s env_step=3817.229s feedback_total=25.067s feedback_obs_pack=8.443s feedback_info_pack=0.445s effective_fps=57.02
2026-09-28 00:42:40.273 | INFO     | plugrl_env_client.runner.rollout:log_timing_summary:98 - Intermediate rollout timing summary: env_steps=526740 infer_calls=132002 feedback_calls=132001 infer_wait=5477.093s infer_obs_pack=6.102s env_step=3831.032s feedback_total=25.228s feedback_obs_pack=8.538s feedback_info_pack=0.440s effective_fps=56.40
2026-09-28 00:42:40.274 | INFO     | plugrl_env_client.runner.rollout:log_timing_summary:98 - Intermediate rollout timing summary: env_steps=526671 infer_calls=132001 feedback_calls=132000 infer_wait=5470.519s infer_obs_pack=6.072s env_step=3837.349s feedback_total=25.091s feedback_obs_pack=8.544s feedback_info_pack=0.432s effective_fps=56.39
2026-09-28 00:42:40.276 | INFO     | plugrl_env_client.runner.rollout:log_timing_summary:98 - Intermediate rollout timing summary: env_steps=526736 infer_calls=132002 feedback_calls=132001 infer_wait=5476.912s infer_obs_pack=6.098s env_step=3831.232s feedback_total=25.160s feedback_obs_pack=8.473s feedback_info_pack=0.447s effective_fps=56.40
2026-09-28 00:43:10.279 | INFO     | plugrl_env_client.runner.rollout:log_timing_summary:98 - Intermediate rollout timing summary: env_steps=529531 infer_calls=132703 feedback_calls=132702 infer_wait=5486.659s infer_obs_pack=6.135s env_step=3851.183s feedback_total=25.365s feedback_obs_pack=8.585s feedback_info_pack=0.443s effective_fps=56.52
2026-09-28 00:43:10.283 | INFO     | plugrl_env_client.runner.rollout:log_timing_summary:98 - Intermediate rollout timing summary: env_steps=529462 infer_calls=132702 feedback_calls=132701 infer_wait=5479.755s infer_obs_pack=6.105s env_step=3857.837s feedback_total=25.224s feedback_obs_pack=8.589s feedback_info_pack=0.435s effective_fps=56.51
2026-09-28 00:43:10.284 | INFO     | plugrl_env_client.runner.rollout:log_timing_summary:98 - Intermediate rollout timing summary: env_steps=529535 infer_calls=132703 feedback_calls=132702 infer_wait=5485.743s infer_obs_pack=6.130s env_step=3852.137s feedback_total=25.289s feedback_obs_pack=8.517s feedback_info_pack=0.449s effective_fps=56.52
2026-09-28 00:43:40.284 | INFO     | plugrl_env_client.runner.rollout:log_timing_summary:98 - Intermediate rollout timing summary: env_steps=532322 infer_calls=133403 feedback_calls=133402 infer_wait=5495.854s infer_obs_pack=6.167s env_step=3871.723s feedback_total=25.495s feedback_obs_pack=8.629s feedback_info_pack=0.445s effective_fps=56.63
2026-09-28 00:43:40.287 | INFO     | plugrl_env_client.runner.rollout:log_timing_summary:98 - Intermediate rollout timing summary: env_steps=532333 infer_calls=133403 feedback_calls=133402 infer_wait=5494.723s infer_obs_pack=6.162s env_step=3872.884s feedback_total=25.424s feedback_obs_pack=8.563s feedback_info_pack=0.452s effective_fps=56.64
2026-09-28 00:43:40.289 | INFO     | plugrl_env_client.runner.rollout:log_timing_summary:98 - Intermediate rollout timing summary: env_steps=532258 infer_calls=133402 feedback_calls=133401 infer_wait=5488.786s infer_obs_pack=6.136s env_step=3878.532s feedback_total=25.353s feedback_obs_pack=8.635s feedback_info_pack=0.437s effective_fps=56.63
2026-09-28 00:44:10.291 | INFO     | plugrl_env_client.runner.rollout:log_timing_summary:98 - Intermediate rollout timing summary: env_steps=535112 infer_calls=134100 feedback_calls=134099 infer_wait=5503.502s infer_obs_pack=6.199s env_step=3893.826s feedback_total=25.554s feedback_obs_pack=8.609s feedback_info_pack=0.454s effective_fps=56.75
2026-09-28 00:44:10.294 | INFO     | plugrl_env_client.runner.rollout:log_timing_summary:98 - Intermediate rollout timing summary: env_steps=535104 infer_calls=134100 feedback_calls=134099 infer_wait=5504.928s infer_obs_pack=6.199s env_step=3892.380s feedback_total=25.629s feedback_obs_pack=8.674s feedback_info_pack=0.447s effective_fps=56.75
2026-09-28 00:44:10.295 | INFO     | plugrl_env_client.runner.rollout:log_timing_summary:98 - Intermediate rollout timing summary: env_steps=535030 infer_calls=134099 feedback_calls=134098 infer_wait=5498.110s infer_obs_pack=6.169s env_step=3898.930s feedback_total=25.485s feedback_obs_pack=8.680s feedback_info_pack=0.439s effective_fps=56.74
2026-09-28 00:44:40.294 | INFO     | plugrl_env_client.runner.rollout:log_timing_summary:98 - Intermediate rollout timing summary: env_steps=537998 infer_calls=134824 feedback_calls=134823 infer_wait=5512.383s infer_obs_pack=6.232s env_step=3914.659s feedback_total=25.690s feedback_obs_pack=8.655s feedback_info_pack=0.457s effective_fps=56.88
2026-09-28 00:44:40.296 | INFO     | plugrl_env_client.runner.rollout:log_timing_summary:98 - Intermediate rollout timing summary: env_steps=537920 infer_calls=134823 feedback_calls=134822 infer_wait=5507.104s infer_obs_pack=6.204s env_step=3919.644s feedback_total=25.625s feedback_obs_pack=8.726s feedback_info_pack=0.442s effective_fps=56.87
2026-09-28 00:44:40.298 | INFO     | plugrl_env_client.runner.rollout:log_timing_summary:98 - Intermediate rollout timing summary: env_steps=537991 infer_calls=134824 feedback_calls=134823 infer_wait=5514.241s infer_obs_pack=6.233s env_step=3912.778s feedback_total=25.765s feedback_obs_pack=8.719s feedback_info_pack=0.449s effective_fps=56.88
2026-09-28 00:45:10.305 | INFO     | plugrl_env_client.runner.rollout:log_timing_summary:98 - Intermediate rollout timing summary: env_steps=540686 infer_calls=135515 feedback_calls=135514 infer_wait=5516.520s infer_obs_pack=6.236s env_step=3939.962s feedback_total=25.756s feedback_obs_pack=8.770s feedback_info_pack=0.444s effective_fps=56.98
2026-09-28 00:45:10.306 | INFO     | plugrl_env_client.runner.rollout:log_timing_summary:98 - Intermediate rollout timing summary: env_steps=540753 infer_calls=135516 feedback_calls=135515 infer_wait=5523.136s infer_obs_pack=6.268s env_step=3933.615s feedback_total=25.895s feedback_obs_pack=8.764s feedback_info_pack=0.452s effective_fps=56.99
2026-09-28 00:45:10.307 | INFO     | plugrl_env_client.runner.rollout:log_timing_summary:98 - Intermediate rollout timing summary: env_steps=540758 infer_calls=135516 feedback_calls=135515 infer_wait=5521.473s infer_obs_pack=6.264s env_step=3935.304s feedback_total=25.822s feedback_obs_pack=8.703s feedback_info_pack=0.459s effective_fps=56.99
2026-09-28 00:47:24.357 | INFO     | plugrl_env_client.runner.rollout:log_timing_summary:98 - Intermediate rollout timing summary: env_steps=542691 infer_calls=136002 feedback_calls=136001 infer_wait=5642.845s infer_obs_pack=6.290s env_step=3947.768s feedback_total=25.984s feedback_obs_pack=8.795s feedback_info_pack=0.454s effective_fps=56.40
2026-09-28 00:47:24.358 | INFO     | plugrl_env_client.runner.rollout:log_timing_summary:98 - Intermediate rollout timing summary: env_steps=542692 infer_calls=136002 feedback_calls=136001 infer_wait=5641.485s infer_obs_pack=6.286s env_step=3949.147s feedback_total=25.914s feedback_obs_pack=8.734s feedback_info_pack=0.461s effective_fps=56.40
2026-09-28 00:47:24.360 | INFO     | plugrl_env_client.runner.rollout:log_timing_summary:98 - Intermediate rollout timing summary: env_steps=542625 infer_calls=136001 feedback_calls=136000 infer_wait=5636.493s infer_obs_pack=6.258s env_step=3953.852s feedback_total=25.848s feedback_obs_pack=8.801s feedback_info_pack=0.445s effective_fps=56.39
2026-09-28 00:47:54.358 | INFO     | plugrl_env_client.runner.rollout:log_timing_summary:98 - Intermediate rollout timing summary: env_steps=545528 infer_calls=136713 feedback_calls=136712 infer_wait=5652.184s infer_obs_pack=6.322s env_step=3968.149s feedback_total=26.121s feedback_obs_pack=8.840s feedback_info_pack=0.456s effective_fps=56.52
2026-09-28 00:47:54.359 | INFO     | plugrl_env_client.runner.rollout:log_timing_summary:98 - Intermediate rollout timing summary: env_steps=545526 infer_calls=136713 feedback_calls=136712 infer_wait=5650.389s infer_obs_pack=6.320s env_step=3969.956s feedback_total=26.051s feedback_obs_pack=8.780s feedback_info_pack=0.463s effective_fps=56.52
2026-09-28 00:47:54.361 | INFO     | plugrl_env_client.runner.rollout:log_timing_summary:98 - Intermediate rollout timing summary: env_steps=545462 infer_calls=136712 feedback_calls=136711 infer_wait=5645.665s infer_obs_pack=6.292s env_step=3974.389s feedback_total=25.988s feedback_obs_pack=8.854s feedback_info_pack=0.448s effective_fps=56.51
2026-09-28 00:48:24.359 | INFO     | plugrl_env_client.runner.rollout:log_timing_summary:98 - Intermediate rollout timing summary: env_steps=548319 infer_calls=137413 feedback_calls=137412 infer_wait=5660.035s infer_obs_pack=6.353s env_step=3990.026s feedback_total=26.185s feedback_obs_pack=8.829s feedback_info_pack=0.465s effective_fps=56.63
2026-09-28 00:48:24.361 | INFO     | plugrl_env_client.runner.rollout:log_timing_summary:98 - Intermediate rollout timing summary: env_steps=548321 infer_calls=137413 feedback_calls=137412 infer_wait=5661.073s infer_obs_pack=6.355s env_step=3988.976s feedback_total=26.256s feedback_obs_pack=8.886s feedback_info_pack=0.458s effective_fps=56.63
2026-09-28 00:48:24.362 | INFO     | plugrl_env_client.runner.rollout:log_timing_summary:98 - Intermediate rollout timing summary: env_steps=548253 infer_calls=137412 feedback_calls=137411 infer_wait=5654.707s infer_obs_pack=6.324s env_step=3995.066s feedback_total=26.119s feedback_obs_pack=8.899s feedback_info_pack=0.450s effective_fps=56.62
2026-09-28 00:48:54.360 | INFO     | plugrl_env_client.runner.rollout:log_timing_summary:98 - Intermediate rollout timing summary: env_steps=551135 infer_calls=138119 feedback_calls=138118 infer_wait=5669.266s infer_obs_pack=6.389s env_step=4010.512s feedback_total=26.316s feedback_obs_pack=8.874s feedback_info_pack=0.468s effective_fps=56.75
2026-09-28 00:48:54.362 | INFO     | plugrl_env_client.runner.rollout:log_timing_summary:98 - Intermediate rollout timing summary: env_steps=551142 infer_calls=138119 feedback_calls=138118 infer_wait=5670.308s infer_obs_pack=6.388s env_step=4009.466s feedback_total=26.388s feedback_obs_pack=8.931s feedback_info_pack=0.461s effective_fps=56.75
2026-09-28 00:48:54.369 | INFO     | plugrl_env_client.runner.rollout:log_timing_summary:98 - Intermediate rollout timing summary: env_steps=551068 infer_calls=138118 feedback_calls=138117 infer_wait=5663.908s infer_obs_pack=6.356s env_step=4015.591s feedback_total=26.254s feedback_obs_pack=8.949s feedback_info_pack=0.452s effective_fps=56.74
2026-09-28 00:49:24.361 | INFO     | plugrl_env_client.runner.rollout:log_timing_summary:98 - Intermediate rollout timing summary: env_steps=553996 infer_calls=138837 feedback_calls=138836 infer_wait=5678.538s infer_obs_pack=6.421s env_step=4030.958s feedback_total=26.448s feedback_obs_pack=8.919s feedback_info_pack=0.470s effective_fps=56.86
2026-09-28 00:49:24.367 | INFO     | plugrl_env_client.runner.rollout:log_timing_summary:98 - Intermediate rollout timing summary: env_steps=554007 infer_calls=138837 feedback_calls=138837 infer_wait=5679.321s infer_obs_pack=6.421s env_step=4030.169s feedback_total=26.524s feedback_obs_pack=8.978s feedback_info_pack=0.463s effective_fps=56.87
2026-09-28 00:49:24.382 | INFO     | plugrl_env_client.runner.rollout:log_timing_summary:98 - Intermediate rollout timing summary: env_steps=553926 infer_calls=138837 feedback_calls=138836 infer_wait=5673.305s infer_obs_pack=6.389s env_step=4035.907s feedback_total=26.400s feedback_obs_pack=8.999s feedback_info_pack=0.454s effective_fps=56.86
2026-09-28 00:49:54.368 | INFO     | plugrl_env_client.runner.rollout:log_timing_summary:98 - Intermediate rollout timing summary: env_steps=556780 infer_calls=139533 feedback_calls=139532 infer_wait=5688.929s infer_obs_pack=6.454s env_step=4050.281s feedback_total=26.657s feedback_obs_pack=9.025s feedback_info_pack=0.465s effective_fps=56.98
2026-09-28 00:49:54.368 | INFO     | plugrl_env_client.runner.rollout:log_timing_summary:98 - Intermediate rollout timing summary: env_steps=556776 infer_calls=139533 feedback_calls=139532 infer_wait=5687.258s infer_obs_pack=6.454s env_step=4051.975s feedback_total=26.576s feedback_obs_pack=8.964s feedback_info_pack=0.472s effective_fps=56.98
2026-09-28 00:49:54.383 | INFO     | plugrl_env_client.runner.rollout:log_timing_summary:98 - Intermediate rollout timing summary: env_steps=556703 infer_calls=139532 feedback_calls=139531 infer_wait=5682.407s infer_obs_pack=6.421s env_step=4056.522s feedback_total=26.534s feedback_obs_pack=9.044s feedback_info_pack=0.457s effective_fps=56.97
2026-09-28 00:52:07.964 | INFO     | plugrl_env_client.runner.rollout:log_timing_summary:98 - Intermediate rollout timing summary: env_steps=558655 infer_calls=140002 feedback_calls=140001 infer_wait=5808.417s infer_obs_pack=6.475s env_step=4064.200s feedback_total=26.750s feedback_obs_pack=9.056s feedback_info_pack=0.467s effective_fps=56.40
2026-09-28 00:52:07.964 | INFO     | plugrl_env_client.runner.rollout:log_timing_summary:98 - Intermediate rollout timing summary: env_steps=558570 infer_calls=140001 feedback_calls=140000 infer_wait=5801.913s infer_obs_pack=6.442s env_step=4070.403s feedback_total=26.627s feedback_obs_pack=9.075s feedback_info_pack=0.458s effective_fps=56.39
2026-09-28 00:52:07.967 | INFO     | plugrl_env_client.runner.rollout:log_timing_summary:98 - Intermediate rollout timing summary: env_steps=558646 infer_calls=140002 feedback_calls=140002 infer_wait=5807.418s infer_obs_pack=6.474s env_step=4065.228s feedback_total=26.663s feedback_obs_pack=8.993s feedback_info_pack=0.474s effective_fps=56.40
2026-09-28 00:52:37.970 | INFO     | plugrl_env_client.runner.rollout:log_timing_summary:98 - Intermediate rollout timing summary: env_steps=561343 infer_calls=140697 feedback_calls=140696 infer_wait=5811.121s infer_obs_pack=6.476s env_step=4090.918s feedback_total=26.756s feedback_obs_pack=9.121s feedback_info_pack=0.461s effective_fps=56.50
2026-09-28 00:52:37.972 | INFO     | plugrl_env_client.runner.rollout:log_timing_summary:98 - Intermediate rollout timing summary: env_steps=561420 infer_calls=140698 feedback_calls=140697 infer_wait=5816.307s infer_obs_pack=6.506s env_step=4086.071s feedback_total=26.795s feedback_obs_pack=9.037s feedback_info_pack=0.476s effective_fps=56.51
2026-09-28 00:52:37.973 | INFO     | plugrl_env_client.runner.rollout:log_timing_summary:98 - Intermediate rollout timing summary: env_steps=561427 infer_calls=140698 feedback_calls=140697 infer_wait=5817.696s infer_obs_pack=6.508s env_step=4084.649s feedback_total=26.882s feedback_obs_pack=9.101s feedback_info_pack=0.469s effective_fps=56.51
2026-09-28 00:53:07.976 | INFO     | plugrl_env_client.runner.rollout:log_timing_summary:98 - Intermediate rollout timing summary: env_steps=564213 infer_calls=141415 feedback_calls=141415 infer_wait=5819.670s infer_obs_pack=6.511s env_step=4112.085s feedback_total=26.893s feedback_obs_pack=9.166s feedback_info_pack=0.463s effective_fps=56.62
2026-09-28 00:53:07.992 | INFO     | plugrl_env_client.runner.rollout:log_timing_summary:98 - Intermediate rollout timing summary: env_steps=564287 infer_calls=141417 feedback_calls=141416 infer_wait=5825.755s infer_obs_pack=6.539s env_step=4106.356s feedback_total=26.932s feedback_obs_pack=9.082s feedback_info_pack=0.479s effective_fps=56.62
2026-09-28 00:53:07.994 | INFO     | plugrl_env_client.runner.rollout:log_timing_summary:98 - Intermediate rollout timing summary: env_steps=564295 infer_calls=141417 feedback_calls=141416 infer_wait=5826.995s infer_obs_pack=6.541s env_step=4105.073s feedback_total=27.026s feedback_obs_pack=9.147s feedback_info_pack=0.472s effective_fps=56.62
2026-09-28 00:53:38.002 | INFO     | plugrl_env_client.runner.rollout:log_timing_summary:98 - Intermediate rollout timing summary: env_steps=567009 infer_calls=142116 feedback_calls=142115 infer_wait=5828.832s infer_obs_pack=6.543s env_step=4132.665s feedback_total=27.028s feedback_obs_pack=9.211s feedback_info_pack=0.465s effective_fps=56.73
2026-09-28 00:53:38.002 | INFO     | plugrl_env_client.runner.rollout:log_timing_summary:98 - Intermediate rollout timing summary: env_steps=567089 infer_calls=142117 feedback_calls=142116 infer_wait=5836.022s infer_obs_pack=6.573s env_step=4125.773s feedback_total=27.159s feedback_obs_pack=9.192s feedback_info_pack=0.474s effective_fps=56.73
2026-09-28 00:53:38.005 | INFO     | plugrl_env_client.runner.rollout:log_timing_summary:98 - Intermediate rollout timing summary: env_steps=567085 infer_calls=142117 feedback_calls=142116 infer_wait=5835.116s infer_obs_pack=6.570s env_step=4126.737s feedback_total=27.063s feedback_obs_pack=9.125s feedback_info_pack=0.481s effective_fps=56.73
2026-09-28 00:54:08.003 | INFO     | plugrl_env_client.runner.rollout:log_timing_summary:98 - Intermediate rollout timing summary: env_steps=569876 infer_calls=142834 feedback_calls=142833 infer_wait=5838.141s infer_obs_pack=6.576s env_step=4153.075s feedback_total=27.164s feedback_obs_pack=9.257s feedback_info_pack=0.467s effective_fps=56.85
2026-09-28 00:54:08.003 | INFO     | plugrl_env_client.runner.rollout:log_timing_summary:98 - Intermediate rollout timing summary: env_steps=569946 infer_calls=142835 feedback_calls=142834 infer_wait=5845.351s infer_obs_pack=6.607s env_step=4146.164s feedback_total=27.290s feedback_obs_pack=9.237s feedback_info_pack=0.476s effective_fps=56.85
2026-09-28 00:54:08.008 | INFO     | plugrl_env_client.runner.rollout:log_timing_summary:98 - Intermediate rollout timing summary: env_steps=569949 infer_calls=142835 feedback_calls=142834 infer_wait=5843.681s infer_obs_pack=6.605s env_step=4147.886s feedback_total=27.199s feedback_obs_pack=9.171s feedback_info_pack=0.483s effective_fps=56.85
2026-09-28 00:54:38.009 | INFO     | plugrl_env_client.runner.rollout:log_timing_summary:98 - Intermediate rollout timing summary: env_steps=572710 infer_calls=143543 feedback_calls=143542 infer_wait=5847.318s infer_obs_pack=6.608s env_step=4173.616s feedback_total=27.300s feedback_obs_pack=9.305s feedback_info_pack=0.470s effective_fps=56.96
2026-09-28 00:54:38.010 | INFO     | plugrl_env_client.runner.rollout:log_timing_summary:98 - Intermediate rollout timing summary: env_steps=572771 infer_calls=143544 feedback_calls=143543 infer_wait=5854.731s infer_obs_pack=6.639s env_step=4166.515s feedback_total=27.421s feedback_obs_pack=9.282s feedback_info_pack=0.479s effective_fps=56.96
2026-09-28 00:54:38.014 | INFO     | plugrl_env_client.runner.rollout:log_timing_summary:98 - Intermediate rollout timing summary: env_steps=572783 infer_calls=143544 feedback_calls=143544 infer_wait=5852.365s infer_obs_pack=6.638s env_step=4168.924s feedback_total=27.334s feedback_obs_pack=9.216s feedback_info_pack=0.486s effective_fps=56.96
2026-09-28 00:56:51.889 | INFO     | plugrl_env_client.runner.rollout:log_timing_summary:98 - Intermediate rollout timing summary: env_steps=574533 infer_calls=144001 feedback_calls=144000 infer_wait=5967.856s infer_obs_pack=6.629s env_step=4186.775s feedback_total=27.388s feedback_obs_pack=9.334s feedback_info_pack=0.471s effective_fps=56.39
2026-09-28 00:56:51.889 | INFO     | plugrl_env_client.runner.rollout:log_timing_summary:98 - Intermediate rollout timing summary: env_steps=574607 infer_calls=144002 feedback_calls=144001 infer_wait=5972.995s infer_obs_pack=6.662s env_step=4181.986s feedback_total=27.420s feedback_obs_pack=9.245s feedback_info_pack=0.487s effective_fps=56.39
2026-09-28 00:56:51.891 | INFO     | plugrl_env_client.runner.rollout:log_timing_summary:98 - Intermediate rollout timing summary: env_steps=574599 infer_calls=144002 feedback_calls=144001 infer_wait=5975.195s infer_obs_pack=6.664s env_step=4179.738s feedback_total=27.510s feedback_obs_pack=9.312s feedback_info_pack=0.480s effective_fps=56.39
2026-09-28 00:57:21.890 | INFO     | plugrl_env_client.runner.rollout:log_timing_summary:98 - Intermediate rollout timing summary: env_steps=577447 infer_calls=144713 feedback_calls=144712 infer_wait=5981.800s infer_obs_pack=6.695s env_step=4202.902s feedback_total=27.553s feedback_obs_pack=9.291s feedback_info_pack=0.490s effective_fps=56.51
2026-09-28 00:57:21.891 | INFO     | plugrl_env_client.runner.rollout:log_timing_summary:98 - Intermediate rollout timing summary: env_steps=577372 infer_calls=144712 feedback_calls=144711 infer_wait=5976.979s infer_obs_pack=6.660s env_step=4207.370s feedback_total=27.524s feedback_obs_pack=9.381s feedback_info_pack=0.474s effective_fps=56.50
2026-09-28 00:57:21.891 | INFO     | plugrl_env_client.runner.rollout:log_timing_summary:98 - Intermediate rollout timing summary: env_steps=577435 infer_calls=144713 feedback_calls=144712 infer_wait=5984.473s infer_obs_pack=6.696s env_step=4200.174s feedback_total=27.649s feedback_obs_pack=9.357s feedback_info_pack=0.483s effective_fps=56.51
2026-09-28 00:57:51.892 | INFO     | plugrl_env_client.runner.rollout:log_timing_summary:98 - Intermediate rollout timing summary: env_steps=580255 infer_calls=145420 feedback_calls=145419 infer_wait=5993.585s infer_obs_pack=6.731s env_step=4220.769s feedback_total=27.783s feedback_obs_pack=9.404s feedback_info_pack=0.485s effective_fps=56.62
2026-09-28 00:57:51.895 | INFO     | plugrl_env_client.runner.rollout:log_timing_summary:98 - Intermediate rollout timing summary: env_steps=580263 infer_calls=145420 feedback_calls=145419 infer_wait=5991.344s infer_obs_pack=6.727s env_step=4223.079s feedback_total=27.686s feedback_obs_pack=9.338s feedback_info_pack=0.494s effective_fps=56.62
2026-09-28 00:57:51.896 | INFO     | plugrl_env_client.runner.rollout:log_timing_summary:98 - Intermediate rollout timing summary: env_steps=580191 infer_calls=145419 feedback_calls=145418 infer_wait=5985.977s infer_obs_pack=6.693s env_step=4228.088s feedback_total=27.659s feedback_obs_pack=9.428s feedback_info_pack=0.476s effective_fps=56.61
2026-09-28 00:58:21.902 | INFO     | plugrl_env_client.runner.rollout:log_timing_summary:98 - Intermediate rollout timing summary: env_steps=583062 infer_calls=146122 feedback_calls=146121 infer_wait=6000.283s infer_obs_pack=6.760s env_step=4243.865s feedback_total=27.816s feedback_obs_pack=9.383s feedback_info_pack=0.497s effective_fps=56.73
2026-09-28 00:58:21.902 | INFO     | plugrl_env_client.runner.rollout:log_timing_summary:98 - Intermediate rollout timing summary: env_steps=583057 infer_calls=146122 feedback_calls=146121 infer_wait=6002.927s infer_obs_pack=6.762s env_step=4241.153s feedback_total=27.920s feedback_obs_pack=9.448s feedback_info_pack=0.488s effective_fps=56.72
2026-09-28 00:58:21.901 | INFO     | plugrl_env_client.runner.rollout:log_timing_summary:98 - Intermediate rollout timing summary: env_steps=582997 infer_calls=146121 feedback_calls=146120 infer_wait=5994.750s infer_obs_pack=6.726s env_step=4249.037s feedback_total=27.792s feedback_obs_pack=9.473s feedback_info_pack=0.478s effective_fps=56.72
2026-09-28 00:58:51.901 | INFO     | plugrl_env_client.runner.rollout:log_timing_summary:98 - Intermediate rollout timing summary: env_steps=585796 infer_calls=146822 feedback_calls=146822 infer_wait=6003.967s infer_obs_pack=6.757s env_step=4269.541s feedback_total=27.922s feedback_obs_pack=9.518s feedback_info_pack=0.481s effective_fps=56.83
2026-09-28 00:58:51.922 | INFO     | plugrl_env_client.runner.rollout:log_timing_summary:98 - Intermediate rollout timing summary: env_steps=585862 infer_calls=146824 feedback_calls=146823 infer_wait=6008.902s infer_obs_pack=6.793s env_step=4264.983s feedback_total=27.953s feedback_obs_pack=9.430s feedback_info_pack=0.499s effective_fps=56.83
2026-09-28 00:58:51.924 | INFO     | plugrl_env_client.runner.rollout:log_timing_summary:98 - Intermediate rollout timing summary: env_steps=585855 infer_calls=146824 feedback_calls=146823 infer_wait=6012.551s infer_obs_pack=6.795s env_step=4261.270s feedback_total=28.054s feedback_obs_pack=9.496s feedback_info_pack=0.490s effective_fps=56.83
2026-09-28 00:59:21.904 | INFO     | plugrl_env_client.runner.rollout:log_timing_summary:98 - Intermediate rollout timing summary: env_steps=588637 infer_calls=147533 feedback_calls=147532 infer_wait=6013.006s infer_obs_pack=6.789s env_step=4290.210s feedback_total=28.067s feedback_obs_pack=9.566s feedback_info_pack=0.483s effective_fps=56.94
2026-09-28 00:59:21.934 | INFO     | plugrl_env_client.runner.rollout:log_timing_summary:98 - Intermediate rollout timing summary: env_steps=588688 infer_calls=147535 feedback_calls=147534 infer_wait=6021.616s infer_obs_pack=6.828s env_step=4281.913s feedback_total=28.199s feedback_obs_pack=9.542s feedback_info_pack=0.492s effective_fps=56.94
2026-09-28 00:59:21.937 | INFO     | plugrl_env_client.runner.rollout:log_timing_summary:98 - Intermediate rollout timing summary: env_steps=588686 infer_calls=147535 feedback_calls=147534 infer_wait=6018.446s infer_obs_pack=6.825s env_step=4285.157s feedback_total=28.095s feedback_obs_pack=9.478s feedback_info_pack=0.502s effective_fps=56.94
2026-09-28 01:01:36.015 | INFO     | plugrl_env_client.runner.rollout:log_timing_summary:98 - Intermediate rollout timing summary: env_steps=590552 infer_calls=148002 feedback_calls=148001 infer_wait=6141.520s infer_obs_pack=6.849s env_step=4295.904s feedback_total=28.287s feedback_obs_pack=9.572s feedback_info_pack=0.494s effective_fps=56.39
2026-09-28 01:01:36.015 | INFO     | plugrl_env_client.runner.rollout:log_timing_summary:98 - Intermediate rollout timing summary: env_steps=590493 infer_calls=148001 feedback_calls=148000 infer_wait=6133.254s infer_obs_pack=6.812s env_step=4303.881s feedback_total=28.157s feedback_obs_pack=9.598s feedback_info_pack=0.484s effective_fps=56.39
2026-09-28 01:01:36.018 | INFO     | plugrl_env_client.runner.rollout:log_timing_summary:98 - Intermediate rollout timing summary: env_steps=590552 infer_calls=148002 feedback_calls=148001 infer_wait=6138.887s infer_obs_pack=6.845s env_step=4298.613s feedback_total=28.183s feedback_obs_pack=9.507s feedback_info_pack=0.503s effective_fps=56.39
2026-09-28 01:02:06.016 | INFO     | plugrl_env_client.runner.rollout:log_timing_summary:98 - Intermediate rollout timing summary: env_steps=593270 infer_calls=148696 feedback_calls=148696 infer_wait=6142.181s infer_obs_pack=6.844s env_step=4324.671s feedback_total=28.290s feedback_obs_pack=9.645s feedback_info_pack=0.487s effective_fps=56.49
2026-09-28 01:02:06.018 | INFO     | plugrl_env_client.runner.rollout:log_timing_summary:98 - Intermediate rollout timing summary: env_steps=593327 infer_calls=148697 feedback_calls=148697 infer_wait=6151.086s infer_obs_pack=6.882s env_step=4316.067s feedback_total=28.417s feedback_obs_pack=9.617s feedback_info_pack=0.496s effective_fps=56.49
2026-09-28 01:02:06.020 | INFO     | plugrl_env_client.runner.rollout:log_timing_summary:98 - Intermediate rollout timing summary: env_steps=593332 infer_calls=148697 feedback_calls=148697 infer_wait=6147.947s infer_obs_pack=6.877s env_step=4319.287s feedback_total=28.310s feedback_obs_pack=9.552s feedback_info_pack=0.506s effective_fps=56.49
2026-09-28 01:02:36.019 | INFO     | plugrl_env_client.runner.rollout:log_timing_summary:98 - Intermediate rollout timing summary: env_steps=596082 infer_calls=149401 feedback_calls=149401 infer_wait=6151.207s infer_obs_pack=6.878s env_step=4345.362s feedback_total=28.423s feedback_obs_pack=9.690s feedback_info_pack=0.489s effective_fps=56.60
2026-09-28 01:02:36.036 | INFO     | plugrl_env_client.runner.rollout:log_timing_summary:98 - Intermediate rollout timing summary: env_steps=596139 infer_calls=149403 feedback_calls=149402 infer_wait=6157.299s infer_obs_pack=6.910s env_step=4339.664s feedback_total=28.444s feedback_obs_pack=9.596s feedback_info_pack=0.508s effective_fps=56.60
2026-09-28 01:02:36.036 | INFO     | plugrl_env_client.runner.rollout:log_timing_summary:98 - Intermediate rollout timing summary: env_steps=596137 infer_calls=149403 feedback_calls=149402 infer_wait=6160.326s infer_obs_pack=6.915s env_step=4336.562s feedback_total=28.552s feedback_obs_pack=9.664s feedback_info_pack=0.498s effective_fps=56.60
2026-09-28 01:03:06.037 | INFO     | plugrl_env_client.runner.rollout:log_timing_summary:98 - Intermediate rollout timing summary: env_steps=598910 infer_calls=150110 feedback_calls=150109 infer_wait=6160.160s infer_obs_pack=6.912s env_step=4366.137s feedback_total=28.556s feedback_obs_pack=9.737s feedback_info_pack=0.491s effective_fps=56.71
2026-09-28 01:03:06.038 | INFO     | plugrl_env_client.runner.rollout:log_timing_summary:98 - Intermediate rollout timing summary: env_steps=598961 infer_calls=150111 feedback_calls=150110 infer_wait=6166.564s infer_obs_pack=6.943s env_step=4360.117s feedback_total=28.580s feedback_obs_pack=9.642s feedback_info_pack=0.510s effective_fps=56.71
2026-09-28 01:03:06.039 | INFO     | plugrl_env_client.runner.rollout:log_timing_summary:98 - Intermediate rollout timing summary: env_steps=598961 infer_calls=150111 feedback_calls=150110 infer_wait=6169.373s infer_obs_pack=6.947s env_step=4357.236s feedback_total=28.685s feedback_obs_pack=9.709s feedback_info_pack=0.501s effective_fps=56.71
2026-09-28 01:03:36.044 | INFO     | plugrl_env_client.runner.rollout:log_timing_summary:98 - Intermediate rollout timing summary: env_steps=601738 infer_calls=150807 feedback_calls=150806 infer_wait=6175.328s infer_obs_pack=6.976s env_step=4381.078s feedback_total=28.716s feedback_obs_pack=9.688s feedback_info_pack=0.513s effective_fps=56.81
2026-09-28 01:03:36.050 | INFO     | plugrl_env_client.runner.rollout:log_timing_summary:98 - Intermediate rollout timing summary: env_steps=601742 infer_calls=150807 feedback_calls=150806 infer_wait=6178.815s infer_obs_pack=6.981s env_step=4377.535s feedback_total=28.814s feedback_obs_pack=9.753s feedback_info_pack=0.503s effective_fps=56.81
2026-09-28 01:03:36.052 | INFO     | plugrl_env_client.runner.rollout:log_timing_summary:98 - Intermediate rollout timing summary: env_steps=601690 infer_calls=150806 feedback_calls=150805 infer_wait=6169.339s infer_obs_pack=6.944s env_step=4386.694s feedback_total=28.690s feedback_obs_pack=9.785s feedback_info_pack=0.493s effective_fps=56.81
2026-09-28 01:04:06.044 | INFO     | plugrl_env_client.runner.rollout:log_timing_summary:98 - Intermediate rollout timing summary: env_steps=604563 infer_calls=151515 feedback_calls=151514 infer_wait=6184.403s infer_obs_pack=7.009s env_step=4401.729s feedback_total=28.846s feedback_obs_pack=9.734s feedback_info_pack=0.515s effective_fps=56.92
2026-09-28 01:04:06.052 | INFO     | plugrl_env_client.runner.rollout:log_timing_summary:98 - Intermediate rollout timing summary: env_steps=604515 infer_calls=151514 feedback_calls=151513 infer_wait=6178.559s infer_obs_pack=6.977s env_step=4407.190s feedback_total=28.821s feedback_obs_pack=9.830s feedback_info_pack=0.496s effective_fps=56.91
2026-09-28 01:04:06.053 | INFO     | plugrl_env_client.runner.rollout:log_timing_summary:98 - Intermediate rollout timing summary: env_steps=604571 infer_calls=151515 feedback_calls=151514 infer_wait=6188.212s infer_obs_pack=7.013s env_step=4397.868s feedback_total=28.945s feedback_obs_pack=9.798s feedback_info_pack=0.505s effective_fps=56.92
2026-09-28 01:06:20.613 | INFO     | plugrl_env_client.runner.rollout:log_timing_summary:98 - Intermediate rollout timing summary: env_steps=606512 infer_calls=152002 feedback_calls=152001 infer_wait=6308.710s infer_obs_pack=7.035s env_step=4411.736s feedback_total=29.036s feedback_obs_pack=9.828s feedback_info_pack=0.507s effective_fps=56.39
2026-09-28 01:06:20.616 | INFO     | plugrl_env_client.runner.rollout:log_timing_summary:98 - Intermediate rollout timing summary: env_steps=606511 infer_calls=152002 feedback_calls=152001 infer_wait=6304.667s infer_obs_pack=7.032s env_step=4415.847s feedback_total=28.937s feedback_obs_pack=9.765s feedback_info_pack=0.517s effective_fps=56.39
2026-09-28 01:06:20.620 | INFO     | plugrl_env_client.runner.rollout:log_timing_summary:98 - Intermediate rollout timing summary: env_steps=606455 infer_calls=152001 feedback_calls=152000 infer_wait=6298.695s infer_obs_pack=7.002s env_step=4421.418s feedback_total=28.914s feedback_obs_pack=9.862s feedback_info_pack=0.497s effective_fps=56.38
2026-09-28 01:06:50.619 | INFO     | plugrl_env_client.runner.rollout:log_timing_summary:98 - Intermediate rollout timing summary: env_steps=609309 infer_calls=152703 feedback_calls=152702 infer_wait=6318.383s infer_obs_pack=7.067s env_step=4431.792s feedback_total=29.171s feedback_obs_pack=9.874s feedback_info_pack=0.509s effective_fps=56.49
2026-09-28 01:06:50.620 | INFO     | plugrl_env_client.runner.rollout:log_timing_summary:98 - Intermediate rollout timing summary: env_steps=609256 infer_calls=152702 feedback_calls=152701 infer_wait=6307.582s infer_obs_pack=7.032s env_step=4442.259s feedback_total=29.043s feedback_obs_pack=9.906s feedback_info_pack=0.499s effective_fps=56.49
2026-09-28 01:06:50.621 | INFO     | plugrl_env_client.runner.rollout:log_timing_summary:98 - Intermediate rollout timing summary: env_steps=609304 infer_calls=152703 feedback_calls=152702 infer_wait=6313.257s infer_obs_pack=7.066s env_step=4436.974s feedback_total=29.073s feedback_obs_pack=9.812s feedback_info_pack=0.519s effective_fps=56.49
2026-09-28 01:07:20.620 | INFO     | plugrl_env_client.runner.rollout:log_timing_summary:98 - Intermediate rollout timing summary: env_steps=612149 infer_calls=153415 feedback_calls=153414 infer_wait=6327.674s infer_obs_pack=7.100s env_step=4452.223s feedback_total=29.302s feedback_obs_pack=9.919s feedback_info_pack=0.512s effective_fps=56.60
2026-09-28 01:07:20.621 | INFO     | plugrl_env_client.runner.rollout:log_timing_summary:98 - Intermediate rollout timing summary: env_steps=612094 infer_calls=153414 feedback_calls=153413 infer_wait=6316.333s infer_obs_pack=7.065s env_step=4463.227s feedback_total=29.175s feedback_obs_pack=9.953s feedback_info_pack=0.502s effective_fps=56.59
2026-09-28 01:07:20.627 | INFO     | plugrl_env_client.runner.rollout:log_timing_summary:98 - Intermediate rollout timing summary: env_steps=612132 infer_calls=153415 feedback_calls=153414 infer_wait=6323.062s infer_obs_pack=7.099s env_step=4456.887s feedback_total=29.203s feedback_obs_pack=9.857s feedback_info_pack=0.522s effective_fps=56.59
2026-09-28 01:07:50.620 | INFO     | plugrl_env_client.runner.rollout:log_timing_summary:98 - Intermediate rollout timing summary: env_steps=614942 infer_calls=154115 feedback_calls=154115 infer_wait=6336.408s infer_obs_pack=7.132s env_step=4473.213s feedback_total=29.437s feedback_obs_pack=9.965s feedback_info_pack=0.514s effective_fps=56.70
2026-09-28 01:07:50.638 | INFO     | plugrl_env_client.runner.rollout:log_timing_summary:98 - Intermediate rollout timing summary: env_steps=614926 infer_calls=154116 feedback_calls=154115 infer_wait=6332.231s infer_obs_pack=7.137s env_step=4477.444s feedback_total=29.333s feedback_obs_pack=9.902s feedback_info_pack=0.524s effective_fps=56.70
2026-09-28 01:07:50.643 | INFO     | plugrl_env_client.runner.rollout:log_timing_summary:98 - Intermediate rollout timing summary: env_steps=614883 infer_calls=154115 feedback_calls=154114 infer_wait=6325.733s infer_obs_pack=7.097s env_step=4483.568s feedback_total=29.307s feedback_obs_pack=9.998s feedback_info_pack=0.504s effective_fps=56.69
2026-09-28 01:08:20.626 | INFO     | plugrl_env_client.runner.rollout:log_timing_summary:98 - Intermediate rollout timing summary: env_steps=617714 infer_calls=154810 feedback_calls=154809 infer_wait=6345.603s infer_obs_pack=7.164s env_step=4493.746s feedback_total=29.571s feedback_obs_pack=10.010s feedback_info_pack=0.516s effective_fps=56.80
2026-09-28 01:08:20.648 | INFO     | plugrl_env_client.runner.rollout:log_timing_summary:98 - Intermediate rollout timing summary: env_steps=617701 infer_calls=154811 feedback_calls=154810 infer_wait=6341.351s infer_obs_pack=7.167s env_step=4498.068s feedback_total=29.461s feedback_obs_pack=9.945s feedback_info_pack=0.526s effective_fps=56.79
2026-09-28 01:08:20.648 | INFO     | plugrl_env_client.runner.rollout:log_timing_summary:98 - Intermediate rollout timing summary: env_steps=617654 infer_calls=154810 feedback_calls=154809 infer_wait=6334.694s infer_obs_pack=7.130s env_step=4504.329s feedback_total=29.436s feedback_obs_pack=10.043s feedback_info_pack=0.506s effective_fps=56.79
2026-09-28 01:08:50.628 | INFO     | plugrl_env_client.runner.rollout:log_timing_summary:98 - Intermediate rollout timing summary: env_steps=620511 infer_calls=155511 feedback_calls=155510 infer_wait=6354.672s infer_obs_pack=7.197s env_step=4514.386s feedback_total=29.716s feedback_obs_pack=10.060s feedback_info_pack=0.519s effective_fps=56.90
2026-09-28 01:08:50.656 | INFO     | plugrl_env_client.runner.rollout:log_timing_summary:98 - Intermediate rollout timing summary: env_steps=620447 infer_calls=155510 feedback_calls=155510 infer_wait=6343.843s infer_obs_pack=7.164s env_step=4524.900s feedback_total=29.568s feedback_obs_pack=10.087s feedback_info_pack=0.508s effective_fps=56.89
2026-09-28 01:08:50.672 | INFO     | plugrl_env_client.runner.rollout:log_timing_summary:98 - Intermediate rollout timing summary: env_steps=620498 infer_calls=155512 feedback_calls=155511 infer_wait=6350.670s infer_obs_pack=7.200s env_step=4518.488s feedback_total=29.595s feedback_obs_pack=9.993s feedback_info_pack=0.529s effective_fps=56.90
2026-09-28 01:11:05.980 | INFO     | plugrl_env_client.runner.rollout:log_timing_summary:98 - Intermediate rollout timing summary: env_steps=622469 infer_calls=156002 feedback_calls=156001 infer_wait=6475.587s infer_obs_pack=7.220s env_step=4528.621s feedback_total=29.812s feedback_obs_pack=10.091s feedback_info_pack=0.520s effective_fps=56.38
2026-09-28 01:11:05.984 | INFO     | plugrl_env_client.runner.rollout:log_timing_summary:98 - Intermediate rollout timing summary: env_steps=622449 infer_calls=156002 feedback_calls=156001 infer_wait=6471.727s infer_obs_pack=7.222s env_step=4532.549s feedback_total=29.684s feedback_obs_pack=10.024s feedback_info_pack=0.530s effective_fps=56.38
2026-09-28 01:11:05.986 | INFO     | plugrl_env_client.runner.rollout:log_timing_summary:98 - Intermediate rollout timing summary: env_steps=622397 infer_calls=156001 feedback_calls=156000 infer_wait=6464.303s infer_obs_pack=7.189s env_step=4539.567s feedback_total=29.663s feedback_obs_pack=10.119s feedback_info_pack=0.510s effective_fps=56.37
2026-09-28 01:11:35.988 | INFO     | plugrl_env_client.runner.rollout:log_timing_summary:98 - Intermediate rollout timing summary: env_steps=625265 infer_calls=156705 feedback_calls=156705 infer_wait=6484.672s infer_obs_pack=7.254s env_step=4549.243s feedback_total=29.958s feedback_obs_pack=10.143s feedback_info_pack=0.523s effective_fps=56.48
2026-09-28 01:11:35.995 | INFO     | plugrl_env_client.runner.rollout:log_timing_summary:98 - Intermediate rollout timing summary: env_steps=625254 infer_calls=156705 feedback_calls=156705 infer_wait=6480.912s infer_obs_pack=7.255s env_step=4553.085s feedback_total=29.823s feedback_obs_pack=10.070s feedback_info_pack=0.533s effective_fps=56.48
2026-09-28 01:11:36.014 | INFO     | plugrl_env_client.runner.rollout:log_timing_summary:98 - Intermediate rollout timing summary: env_steps=625212 infer_calls=156705 feedback_calls=156704 infer_wait=6473.058s infer_obs_pack=7.221s env_step=4560.563s feedback_total=29.796s feedback_obs_pack=10.164s feedback_info_pack=0.512s effective_fps=56.47
2026-09-28 01:12:06.000 | INFO     | plugrl_env_client.runner.rollout:log_timing_summary:98 - Intermediate rollout timing summary: env_steps=628063 infer_calls=157408 feedback_calls=157407 infer_wait=6494.169s infer_obs_pack=7.287s env_step=4569.480s feedback_total=30.090s feedback_obs_pack=10.189s feedback_info_pack=0.525s effective_fps=56.58
2026-09-28 01:12:06.009 | INFO     | plugrl_env_client.runner.rollout:log_timing_summary:98 - Intermediate rollout timing summary: env_steps=628056 infer_calls=157408 feedback_calls=157407 infer_wait=6490.030s infer_obs_pack=7.291s env_step=4573.701s feedback_total=29.956s feedback_obs_pack=10.114s feedback_info_pack=0.535s effective_fps=56.58
2026-09-28 01:12:06.049 | INFO     | plugrl_env_client.runner.rollout:log_timing_summary:98 - Intermediate rollout timing summary: env_steps=628013 infer_calls=157408 feedback_calls=157407 infer_wait=6481.913s infer_obs_pack=7.253s env_step=4581.464s feedback_total=29.928s feedback_obs_pack=10.210s feedback_info_pack=0.515s effective_fps=56.57
2026-09-28 01:12:36.002 | INFO     | plugrl_env_client.runner.rollout:log_timing_summary:98 - Intermediate rollout timing summary: env_steps=630887 infer_calls=158115 feedback_calls=158114 infer_wait=6503.470s infer_obs_pack=7.319s env_step=4589.907s feedback_total=30.220s feedback_obs_pack=10.234s feedback_info_pack=0.528s effective_fps=56.68
2026-09-28 01:12:36.014 | INFO     | plugrl_env_client.runner.rollout:log_timing_summary:98 - Intermediate rollout timing summary: env_steps=630870 infer_calls=158115 feedback_calls=158114 infer_wait=6498.849s infer_obs_pack=7.324s env_step=4594.599s feedback_total=30.092s feedback_obs_pack=10.160s feedback_info_pack=0.537s effective_fps=56.68
2026-09-28 01:12:36.052 | INFO     | plugrl_env_client.runner.rollout:log_timing_summary:98 - Intermediate rollout timing summary: env_steps=630829 infer_calls=158115 feedback_calls=158114 infer_wait=6491.071s infer_obs_pack=7.286s env_step=4602.025s feedback_total=30.059s feedback_obs_pack=10.255s feedback_info_pack=0.517s effective_fps=56.68
2026-09-28 01:13:06.026 | INFO     | plugrl_env_client.runner.rollout:log_timing_summary:98 - Intermediate rollout timing summary: env_steps=633702 infer_calls=158820 feedback_calls=158819 infer_wait=6512.631s infer_obs_pack=7.351s env_step=4610.474s feedback_total=30.369s feedback_obs_pack=10.282s feedback_info_pack=0.530s effective_fps=56.78
2026-09-28 01:13:06.026 | INFO     | plugrl_env_client.runner.rollout:log_timing_summary:98 - Intermediate rollout timing summary: env_steps=633682 infer_calls=158820 feedback_calls=158819 infer_wait=6507.538s infer_obs_pack=7.358s env_step=4615.645s feedback_total=30.224s feedback_obs_pack=10.205s feedback_info_pack=0.540s effective_fps=56.78
2026-09-28 01:13:06.061 | INFO     | plugrl_env_client.runner.rollout:log_timing_summary:98 - Intermediate rollout timing summary: env_steps=633629 infer_calls=158820 feedback_calls=158819 infer_wait=6499.916s infer_obs_pack=7.320s env_step=4622.894s feedback_total=30.202s feedback_obs_pack=10.302s feedback_info_pack=0.519s effective_fps=56.78
2026-09-28 01:13:36.029 | INFO     | plugrl_env_client.runner.rollout:log_timing_summary:98 - Intermediate rollout timing summary: env_steps=636456 infer_calls=159515 feedback_calls=159514 infer_wait=6516.423s infer_obs_pack=7.390s env_step=4636.488s feedback_total=30.354s feedback_obs_pack=10.249s feedback_info_pack=0.542s effective_fps=56.87
2026-09-28 01:13:36.037 | INFO     | plugrl_env_client.runner.rollout:log_timing_summary:98 - Intermediate rollout timing summary: env_steps=636467 infer_calls=159515 feedback_calls=159514 infer_wait=6522.013s infer_obs_pack=7.386s env_step=4630.809s feedback_total=30.508s feedback_obs_pack=10.331s feedback_info_pack=0.532s effective_fps=56.87
2026-09-28 01:13:36.076 | INFO     | plugrl_env_client.runner.rollout:log_timing_summary:98 - Intermediate rollout timing summary: env_steps=636404 infer_calls=159515 feedback_calls=159514 infer_wait=6509.045s infer_obs_pack=7.353s env_step=4643.496s feedback_total=30.336s feedback_obs_pack=10.347s feedback_info_pack=0.524s effective_fps=56.87
2026-09-28 01:15:50.660 | INFO     | plugrl_env_client.runner.rollout:log_timing_summary:98 - Intermediate rollout timing summary: env_steps=638342 infer_calls=160001 feedback_calls=160000 infer_wait=6629.232s infer_obs_pack=7.375s env_step=4657.691s feedback_total=30.428s feedback_obs_pack=10.378s feedback_info_pack=0.526s effective_fps=56.37
2026-09-28 01:15:50.661 | INFO     | plugrl_env_client.runner.rollout:log_timing_summary:98 - Intermediate rollout timing summary: env_steps=638411 infer_calls=160002 feedback_calls=160001 infer_wait=6642.204s infer_obs_pack=7.408s env_step=4645.047s feedback_total=30.601s feedback_obs_pack=10.361s feedback_info_pack=0.534s effective_fps=56.37
2026-09-28 01:15:50.663 | INFO     | plugrl_env_client.runner.rollout:log_timing_summary:98 - Intermediate rollout timing summary: env_steps=638396 infer_calls=160002 feedback_calls=160001 infer_wait=6636.645s infer_obs_pack=7.413s env_step=4650.707s feedback_total=30.446s feedback_obs_pack=10.280s feedback_info_pack=0.544s effective_fps=56.37
2026-09-28 01:16:20.663 | INFO     | plugrl_env_client.runner.rollout:log_timing_summary:98 - Intermediate rollout timing summary: env_steps=641149 infer_calls=160703 feedback_calls=160702 infer_wait=6638.063s infer_obs_pack=7.408s env_step=4678.582s feedback_total=30.563s feedback_obs_pack=10.427s feedback_info_pack=0.528s effective_fps=56.47
2026-09-28 01:16:20.664 | INFO     | plugrl_env_client.runner.rollout:log_timing_summary:98 - Intermediate rollout timing summary: env_steps=641191 infer_calls=160704 feedback_calls=160703 infer_wait=6646.196s infer_obs_pack=7.445s env_step=4670.876s feedback_total=30.576s feedback_obs_pack=10.325s feedback_info_pack=0.546s effective_fps=56.47
2026-09-28 01:16:20.666 | INFO     | plugrl_env_client.runner.rollout:log_timing_summary:98 - Intermediate rollout timing summary: env_steps=641213 infer_calls=160704 feedback_calls=160703 infer_wait=6651.305s infer_obs_pack=7.441s env_step=4665.666s feedback_total=30.737s feedback_obs_pack=10.408s feedback_info_pack=0.536s effective_fps=56.47
2026-09-28 01:16:50.665 | INFO     | plugrl_env_client.runner.rollout:log_timing_summary:98 - Intermediate rollout timing summary: env_steps=643961 infer_calls=161407 feedback_calls=161406 infer_wait=6647.164s infer_obs_pack=7.439s env_step=4699.204s feedback_total=30.697s feedback_obs_pack=10.472s feedback_info_pack=0.531s effective_fps=56.56
2026-09-28 01:16:50.670 | INFO     | plugrl_env_client.runner.rollout:log_timing_summary:98 - Intermediate rollout timing summary: env_steps=644020 infer_calls=161408 feedback_calls=161407 infer_wait=6660.638s infer_obs_pack=7.473s env_step=4686.049s feedback_total=30.874s feedback_obs_pack=10.453s feedback_info_pack=0.538s effective_fps=56.57
2026-09-28 01:16:50.671 | INFO     | plugrl_env_client.runner.rollout:log_timing_summary:98 - Intermediate rollout timing summary: env_steps=643997 infer_calls=161408 feedback_calls=161407 infer_wait=6655.309s infer_obs_pack=7.478s env_step=4691.485s feedback_total=30.712s feedback_obs_pack=10.370s feedback_info_pack=0.549s effective_fps=56.57
2026-09-28 01:17:20.670 | INFO     | plugrl_env_client.runner.rollout:log_timing_summary:98 - Intermediate rollout timing summary: env_steps=646770 infer_calls=162110 feedback_calls=162110 infer_wait=6656.310s infer_obs_pack=7.471s env_step=4719.772s feedback_total=30.841s feedback_obs_pack=10.522s feedback_info_pack=0.533s effective_fps=56.66
2026-09-28 01:17:20.672 | INFO     | plugrl_env_client.runner.rollout:log_timing_summary:98 - Intermediate rollout timing summary: env_steps=646821 infer_calls=162111 feedback_calls=162111 infer_wait=6669.909s infer_obs_pack=7.507s env_step=4706.490s feedback_total=31.011s feedback_obs_pack=10.499s feedback_info_pack=0.541s effective_fps=56.66
2026-09-28 01:17:20.678 | INFO     | plugrl_env_client.runner.rollout:log_timing_summary:98 - Intermediate rollout timing summary: env_steps=646801 infer_calls=162111 feedback_calls=162111 infer_wait=6664.031s infer_obs_pack=7.510s env_step=4712.492s feedback_total=30.846s feedback_obs_pack=10.415s feedback_info_pack=0.551s effective_fps=56.66
2026-09-28 01:17:50.685 | INFO     | plugrl_env_client.runner.rollout:log_timing_summary:98 - Intermediate rollout timing summary: env_steps=649686 infer_calls=162830 feedback_calls=162829 infer_wait=6679.614s infer_obs_pack=7.539s env_step=4726.506s feedback_total=31.150s feedback_obs_pack=10.546s feedback_info_pack=0.543s effective_fps=56.77
2026-09-28 01:17:50.687 | INFO     | plugrl_env_client.runner.rollout:log_timing_summary:98 - Intermediate rollout timing summary: env_steps=649662 infer_calls=162830 feedback_calls=162829 infer_wait=6672.959s infer_obs_pack=7.544s env_step=4733.282s feedback_total=30.985s feedback_obs_pack=10.463s feedback_info_pack=0.553s effective_fps=56.76
2026-09-28 01:17:50.690 | INFO     | plugrl_env_client.runner.rollout:log_timing_summary:98 - Intermediate rollout timing summary: env_steps=649636 infer_calls=162829 feedback_calls=162828 infer_wait=6665.535s infer_obs_pack=7.504s env_step=4740.273s feedback_total=30.975s feedback_obs_pack=10.569s feedback_info_pack=0.537s effective_fps=56.77
2026-09-28 01:18:20.698 | INFO     | plugrl_env_client.runner.rollout:log_timing_summary:98 - Intermediate rollout timing summary: env_steps=652474 infer_calls=163528 feedback_calls=163527 infer_wait=6689.257s infer_obs_pack=7.570s env_step=4746.597s feedback_total=31.285s feedback_obs_pack=10.593s feedback_info_pack=0.545s effective_fps=56.86
2026-09-28 01:18:20.700 | INFO     | plugrl_env_client.runner.rollout:log_timing_summary:98 - Intermediate rollout timing summary: env_steps=652445 infer_calls=163528 feedback_calls=163527 infer_wait=6681.978s infer_obs_pack=7.577s env_step=4753.993s feedback_total=31.121s feedback_obs_pack=10.509s feedback_info_pack=0.556s effective_fps=56.86
2026-09-28 01:18:20.700 | INFO     | plugrl_env_client.runner.rollout:log_timing_summary:98 - Intermediate rollout timing summary: env_steps=652425 infer_calls=163527 feedback_calls=163526 infer_wait=6674.298s infer_obs_pack=7.536s env_step=4761.244s feedback_total=31.105s feedback_obs_pack=10.613s feedback_info_pack=0.540s effective_fps=56.86
2026-09-28 01:20:36.157 | INFO     | plugrl_env_client.runner.rollout:log_timing_summary:98 - Intermediate rollout timing summary: env_steps=654359 infer_calls=164002 feedback_calls=164001 infer_wait=6810.391s infer_obs_pack=7.593s env_step=4760.732s feedback_total=31.376s feedback_obs_pack=10.624s feedback_info_pack=0.547s effective_fps=56.36
2026-09-28 01:20:36.159 | INFO     | plugrl_env_client.runner.rollout:log_timing_summary:98 - Intermediate rollout timing summary: env_steps=654317 infer_calls=164001 feedback_calls=164000 infer_wait=6795.732s infer_obs_pack=7.558s env_step=4775.078s feedback_total=31.193s feedback_obs_pack=10.643s feedback_info_pack=0.541s effective_fps=56.36
2026-09-28 01:20:36.160 | INFO     | plugrl_env_client.runner.rollout:log_timing_summary:98 - Intermediate rollout timing summary: env_steps=654340 infer_calls=164002 feedback_calls=164001 infer_wait=6803.235s infer_obs_pack=7.599s env_step=4768.002s feedback_total=31.214s feedback_obs_pack=10.539s feedback_info_pack=0.560s effective_fps=56.36
2026-09-28 01:21:06.160 | INFO     | plugrl_env_client.runner.rollout:log_timing_summary:98 - Intermediate rollout timing summary: env_steps=657240 infer_calls=164724 feedback_calls=164723 infer_wait=6819.855s infer_obs_pack=7.625s env_step=4780.983s feedback_total=31.514s feedback_obs_pack=10.669s feedback_info_pack=0.549s effective_fps=56.46
2026-09-28 01:21:06.163 | INFO     | plugrl_env_client.runner.rollout:log_timing_summary:98 - Intermediate rollout timing summary: env_steps=657191 infer_calls=164723 feedback_calls=164722 infer_wait=6804.885s infer_obs_pack=7.591s env_step=4795.642s feedback_total=31.325s feedback_obs_pack=10.689s feedback_info_pack=0.543s effective_fps=56.46
2026-09-28 01:21:06.164 | INFO     | plugrl_env_client.runner.rollout:log_timing_summary:98 - Intermediate rollout timing summary: env_steps=657226 infer_calls=164724 feedback_calls=164723 infer_wait=6811.838s infer_obs_pack=7.634s env_step=4789.118s feedback_total=31.349s feedback_obs_pack=10.585s feedback_info_pack=0.563s effective_fps=56.46
2026-09-28 01:21:36.163 | INFO     | plugrl_env_client.runner.rollout:log_timing_summary:98 - Intermediate rollout timing summary: env_steps=659986 infer_calls=165423 feedback_calls=165423 infer_wait=6814.094s infer_obs_pack=7.623s env_step=4816.148s feedback_total=31.457s feedback_obs_pack=10.734s feedback_info_pack=0.546s effective_fps=56.56
2026-09-28 01:21:36.163 | INFO     | plugrl_env_client.runner.rollout:log_timing_summary:98 - Intermediate rollout timing summary: env_steps=660039 infer_calls=165424 feedback_calls=165423 infer_wait=6829.260s infer_obs_pack=7.656s env_step=4801.309s feedback_total=31.645s feedback_obs_pack=10.713s feedback_info_pack=0.552s effective_fps=56.56
2026-09-28 01:21:36.165 | INFO     | plugrl_env_client.runner.rollout:log_timing_summary:98 - Intermediate rollout timing summary: env_steps=660019 infer_calls=165424 feedback_calls=165423 infer_wait=6820.581s infer_obs_pack=7.667s env_step=4810.101s feedback_total=31.479s feedback_obs_pack=10.630s feedback_info_pack=0.565s effective_fps=56.56
2026-09-28 01:22:06.168 | INFO     | plugrl_env_client.runner.rollout:log_timing_summary:98 - Intermediate rollout timing summary: env_steps=662889 infer_calls=166141 feedback_calls=166140 infer_wait=6838.719s infer_obs_pack=7.689s env_step=4821.563s feedback_total=31.781s feedback_obs_pack=10.758s feedback_info_pack=0.554s effective_fps=56.66
2026-09-28 01:22:06.169 | INFO     | plugrl_env_client.runner.rollout:log_timing_summary:98 - Intermediate rollout timing summary: env_steps=662872 infer_calls=166141 feedback_calls=166140 infer_wait=6829.861s infer_obs_pack=7.699s env_step=4830.536s feedback_total=31.618s feedback_obs_pack=10.681s feedback_info_pack=0.568s effective_fps=56.66
2026-09-28 01:22:06.170 | INFO     | plugrl_env_client.runner.rollout:log_timing_summary:98 - Intermediate rollout timing summary: env_steps=662847 infer_calls=166140 feedback_calls=166139 infer_wait=6822.848s infer_obs_pack=7.655s env_step=4837.122s feedback_total=31.591s feedback_obs_pack=10.780s feedback_info_pack=0.548s effective_fps=56.66
2026-09-28 01:22:36.174 | INFO     | plugrl_env_client.runner.rollout:log_timing_summary:98 - Intermediate rollout timing summary: env_steps=665701 infer_calls=166845 feedback_calls=166844 infer_wait=6848.291s infer_obs_pack=7.725s env_step=4841.719s feedback_total=31.908s feedback_obs_pack=10.801s feedback_info_pack=0.556s effective_fps=56.75
2026-09-28 01:22:36.175 | INFO     | plugrl_env_client.runner.rollout:log_timing_summary:98 - Intermediate rollout timing summary: env_steps=665658 infer_calls=166844 feedback_calls=166843 infer_wait=6832.118s infer_obs_pack=7.688s env_step=4857.572s feedback_total=31.726s feedback_obs_pack=10.826s feedback_info_pack=0.550s effective_fps=56.75
2026-09-28 01:22:36.175 | INFO     | plugrl_env_client.runner.rollout:log_timing_summary:98 - Intermediate rollout timing summary: env_steps=665683 infer_calls=166845 feedback_calls=166844 infer_wait=6838.702s infer_obs_pack=7.732s env_step=4851.423s feedback_total=31.750s feedback_obs_pack=10.727s feedback_info_pack=0.570s effective_fps=56.75
2026-09-28 01:23:06.177 | INFO     | plugrl_env_client.runner.rollout:log_timing_summary:98 - Intermediate rollout timing summary: env_steps=668480 infer_calls=167542 feedback_calls=167542 infer_wait=6857.587s infer_obs_pack=7.757s env_step=4862.136s feedback_total=32.045s feedback_obs_pack=10.847s feedback_info_pack=0.559s effective_fps=56.85
2026-09-28 01:23:06.179 | INFO     | plugrl_env_client.runner.rollout:log_timing_summary:98 - Intermediate rollout timing summary: env_steps=668439 infer_calls=167541 feedback_calls=167541 infer_wait=6841.027s infer_obs_pack=7.723s env_step=4878.379s feedback_total=31.864s feedback_obs_pack=10.872s feedback_info_pack=0.552s effective_fps=56.84
2026-09-28 01:23:06.180 | INFO     | plugrl_env_client.runner.rollout:log_timing_summary:98 - Intermediate rollout timing summary: env_steps=668466 infer_calls=167542 feedback_calls=167542 infer_wait=6847.863s infer_obs_pack=7.764s env_step=4871.989s feedback_total=31.886s feedback_obs_pack=10.772s feedback_info_pack=0.574s effective_fps=56.84
2026-09-28 01:25:18.801 | INFO     | plugrl_env_client.runner.rollout:log_timing_summary:98 - Intermediate rollout timing summary: env_steps=670315 infer_calls=168002 feedback_calls=168001 infer_wait=6976.954s infer_obs_pack=7.778s env_step=4875.212s feedback_total=32.134s feedback_obs_pack=10.875s feedback_info_pack=0.561s effective_fps=56.37
2026-09-28 01:25:18.803 | INFO     | plugrl_env_client.runner.rollout:log_timing_summary:98 - Intermediate rollout timing summary: env_steps=670271 infer_calls=168001 feedback_calls=168000 infer_wait=6960.429s infer_obs_pack=7.748s env_step=4891.408s feedback_total=31.955s feedback_obs_pack=10.902s feedback_info_pack=0.554s effective_fps=56.37
2026-09-28 01:25:18.804 | INFO     | plugrl_env_client.runner.rollout:log_timing_summary:98 - Intermediate rollout timing summary: env_steps=670300 infer_calls=168002 feedback_calls=168001 infer_wait=6967.336s infer_obs_pack=7.784s env_step=4884.959s feedback_total=31.973s feedback_obs_pack=10.800s feedback_info_pack=0.575s effective_fps=56.37
2026-09-28 01:25:48.803 | INFO     | plugrl_env_client.runner.rollout:log_timing_summary:98 - Intermediate rollout timing summary: env_steps=673089 infer_calls=168698 feedback_calls=168697 infer_wait=6986.915s infer_obs_pack=7.810s env_step=4894.973s feedback_total=32.266s feedback_obs_pack=10.919s feedback_info_pack=0.563s effective_fps=56.46
2026-09-28 01:25:48.808 | INFO     | plugrl_env_client.runner.rollout:log_timing_summary:98 - Intermediate rollout timing summary: env_steps=673048 infer_calls=168697 feedback_calls=168696 infer_wait=6968.913s infer_obs_pack=7.780s env_step=4912.641s feedback_total=32.090s feedback_obs_pack=10.950s feedback_info_pack=0.556s effective_fps=56.46
2026-09-28 01:25:48.808 | INFO     | plugrl_env_client.runner.rollout:log_timing_summary:98 - Intermediate rollout timing summary: env_steps=673080 infer_calls=168698 feedback_calls=168698 infer_wait=6976.151s infer_obs_pack=7.817s env_step=4905.868s feedback_total=32.106s feedback_obs_pack=10.846s feedback_info_pack=0.578s effective_fps=56.46
2026-09-28 01:26:18.806 | INFO     | plugrl_env_client.runner.rollout:log_timing_summary:98 - Intermediate rollout timing summary: env_steps=675906 infer_calls=169403 feedback_calls=169403 infer_wait=6996.293s infer_obs_pack=7.842s env_step=4915.320s feedback_total=32.399s feedback_obs_pack=10.966s feedback_info_pack=0.565s effective_fps=56.55
2026-09-28 01:26:18.809 | INFO     | plugrl_env_client.runner.rollout:log_timing_summary:98 - Intermediate rollout timing summary: env_steps=675858 infer_calls=169402 feedback_calls=169402 infer_wait=6978.435s infer_obs_pack=7.812s env_step=4932.834s feedback_total=32.223s feedback_obs_pack=10.995s feedback_info_pack=0.558s effective_fps=56.55
2026-09-28 01:26:18.811 | INFO     | plugrl_env_client.runner.rollout:log_timing_summary:98 - Intermediate rollout timing summary: env_steps=675889 infer_calls=169403 feedback_calls=169403 infer_wait=6984.993s infer_obs_pack=7.851s env_step=4926.744s feedback_total=32.239s feedback_obs_pack=10.891s feedback_info_pack=0.580s effective_fps=56.55
2026-09-28 01:26:48.822 | INFO     | plugrl_env_client.runner.rollout:log_timing_summary:98 - Intermediate rollout timing summary: env_steps=678750 infer_calls=170116 feedback_calls=170115 infer_wait=7005.289s infer_obs_pack=7.875s env_step=4936.053s feedback_total=32.535s feedback_obs_pack=11.011s feedback_info_pack=0.568s effective_fps=56.65
2026-09-28 01:26:48.822 | INFO     | plugrl_env_client.runner.rollout:log_timing_summary:98 - Intermediate rollout timing summary: env_steps=678724 infer_calls=170116 feedback_calls=170115 infer_wait=6994.463s infer_obs_pack=7.884s env_step=4946.994s feedback_total=32.372s feedback_obs_pack=10.937s feedback_info_pack=0.583s effective_fps=56.65
2026-09-28 01:26:48.825 | INFO     | plugrl_env_client.runner.rollout:log_timing_summary:98 - Intermediate rollout timing summary: env_steps=678702 infer_calls=170115 feedback_calls=170114 infer_wait=6987.161s infer_obs_pack=7.845s env_step=4953.840s feedback_total=32.355s feedback_obs_pack=11.042s feedback_info_pack=0.561s effective_fps=56.65
2026-09-28 01:27:18.822 | INFO     | plugrl_env_client.runner.rollout:log_timing_summary:98 - Intermediate rollout timing summary: env_steps=681541 infer_calls=170822 feedback_calls=170821 infer_wait=7003.533s infer_obs_pack=7.917s env_step=4967.640s feedback_total=32.506s feedback_obs_pack=10.982s feedback_info_pack=0.585s effective_fps=56.74
2026-09-28 01:27:18.826 | INFO     | plugrl_env_client.runner.rollout:log_timing_summary:98 - Intermediate rollout timing summary: env_steps=681521 infer_calls=170821 feedback_calls=170820 infer_wait=6996.288s infer_obs_pack=7.881s env_step=4974.425s feedback_total=32.495s feedback_obs_pack=11.088s feedback_info_pack=0.563s effective_fps=56.74
2026-09-28 01:27:18.827 | INFO     | plugrl_env_client.runner.rollout:log_timing_summary:98 - Intermediate rollout timing summary: env_steps=681565 infer_calls=170822 feedback_calls=170821 infer_wait=7014.015s infer_obs_pack=7.909s env_step=4957.042s feedback_total=32.671s feedback_obs_pack=11.060s feedback_info_pack=0.570s effective_fps=56.74
2026-09-28 01:27:48.828 | INFO     | plugrl_env_client.runner.rollout:log_timing_summary:98 - Intermediate rollout timing summary: env_steps=684329 infer_calls=171523 feedback_calls=171523 infer_wait=7005.007s infer_obs_pack=7.914s env_step=4995.426s feedback_total=32.627s feedback_obs_pack=11.133s feedback_info_pack=0.565s effective_fps=56.83
2026-09-28 01:27:48.840 | INFO     | plugrl_env_client.runner.rollout:log_timing_summary:98 - Intermediate rollout timing summary: env_steps=684344 infer_calls=171525 feedback_calls=171524 infer_wait=7012.899s infer_obs_pack=7.948s env_step=4988.015s feedback_total=32.637s feedback_obs_pack=11.026s feedback_info_pack=0.587s effective_fps=56.83
2026-09-28 01:27:48.840 | INFO     | plugrl_env_client.runner.rollout:log_timing_summary:98 - Intermediate rollout timing summary: env_steps=684371 infer_calls=171525 feedback_calls=171524 infer_wait=7023.113s infer_obs_pack=7.941s env_step=4977.678s feedback_total=32.805s feedback_obs_pack=11.106s feedback_info_pack=0.572s effective_fps=56.83
2026-09-28 01:30:02.912 | INFO     | plugrl_env_client.runner.rollout:log_timing_summary:98 - Intermediate rollout timing summary: env_steps=686235 infer_calls=172001 feedback_calls=172000 infer_wait=7125.321s infer_obs_pack=7.935s env_step=5009.004s feedback_total=32.717s feedback_obs_pack=11.163s feedback_info_pack=0.567s effective_fps=56.36
2026-09-28 01:30:02.914 | INFO     | plugrl_env_client.runner.rollout:log_timing_summary:98 - Intermediate rollout timing summary: env_steps=686246 infer_calls=172002 feedback_calls=172001 infer_wait=7132.932s infer_obs_pack=7.970s env_step=5001.868s feedback_total=32.727s feedback_obs_pack=11.057s feedback_info_pack=0.589s effective_fps=56.36
2026-09-28 01:30:02.919 | INFO     | plugrl_env_client.runner.rollout:log_timing_summary:98 - Intermediate rollout timing summary: env_steps=686275 infer_calls=172002 feedback_calls=172001 infer_wait=7142.500s infer_obs_pack=7.963s env_step=4992.184s feedback_total=32.895s feedback_obs_pack=11.137s feedback_info_pack=0.574s effective_fps=56.37
2026-09-28 01:30:32.914 | INFO     | plugrl_env_client.runner.rollout:log_timing_summary:98 - Intermediate rollout timing summary: env_steps=689060 infer_calls=172709 feedback_calls=172709 infer_wait=7134.407s infer_obs_pack=7.967s env_step=5029.638s feedback_total=32.849s feedback_obs_pack=11.207s feedback_info_pack=0.569s effective_fps=56.46
2026-09-28 01:30:32.916 | INFO     | plugrl_env_client.runner.rollout:log_timing_summary:98 - Intermediate rollout timing summary: env_steps=689065 infer_calls=172710 feedback_calls=172709 infer_wait=7142.142s infer_obs_pack=8.004s env_step=5022.377s feedback_total=32.862s feedback_obs_pack=11.106s feedback_info_pack=0.591s effective_fps=56.46
2026-09-28 01:30:32.940 | INFO     | plugrl_env_client.runner.rollout:log_timing_summary:98 - Intermediate rollout timing summary: env_steps=689106 infer_calls=172711 feedback_calls=172710 infer_wait=7151.643s infer_obs_pack=7.996s env_step=5012.781s feedback_total=33.032s feedback_obs_pack=11.182s feedback_info_pack=0.579s effective_fps=56.46
2026-09-28 01:31:02.916 | INFO     | plugrl_env_client.runner.rollout:log_timing_summary:98 - Intermediate rollout timing summary: env_steps=691876 infer_calls=173415 feedback_calls=173414 infer_wait=7143.319s infer_obs_pack=7.999s env_step=5050.447s feedback_total=32.980s feedback_obs_pack=11.253s feedback_info_pack=0.571s effective_fps=56.55
2026-09-28 01:31:02.917 | INFO     | plugrl_env_client.runner.rollout:log_timing_summary:98 - Intermediate rollout timing summary: env_steps=691883 infer_calls=173416 feedback_calls=173415 infer_wait=7151.583s infer_obs_pack=8.037s env_step=5042.655s feedback_total=32.993s feedback_obs_pack=11.150s feedback_info_pack=0.594s effective_fps=56.55
2026-09-28 01:31:02.941 | INFO     | plugrl_env_client.runner.rollout:log_timing_summary:98 - Intermediate rollout timing summary: env_steps=691916 infer_calls=173417 feedback_calls=173416 infer_wait=7160.874s infer_obs_pack=8.029s env_step=5033.259s feedback_total=33.175s feedback_obs_pack=11.230s feedback_info_pack=0.583s effective_fps=56.55
2026-09-28 01:31:32.928 | INFO     | plugrl_env_client.runner.rollout:log_timing_summary:98 - Intermediate rollout timing summary: env_steps=694708 infer_calls=174125 feedback_calls=174124 infer_wait=7160.578s infer_obs_pack=8.072s env_step=5063.387s feedback_total=33.128s feedback_obs_pack=11.197s feedback_info_pack=0.596s effective_fps=56.64
2026-09-28 01:31:32.929 | INFO     | plugrl_env_client.runner.rollout:log_timing_summary:98 - Intermediate rollout timing summary: env_steps=694702 infer_calls=174124 feedback_calls=174123 infer_wait=7152.396s infer_obs_pack=8.031s env_step=5071.100s feedback_total=33.113s feedback_obs_pack=11.297s feedback_info_pack=0.574s effective_fps=56.64
2026-09-28 01:31:32.944 | INFO     | plugrl_env_client.runner.rollout:log_timing_summary:98 - Intermediate rollout timing summary: env_steps=694749 infer_calls=174125 feedback_calls=174124 infer_wait=7169.968s infer_obs_pack=8.064s env_step=5053.887s feedback_total=33.307s feedback_obs_pack=11.275s feedback_info_pack=0.585s effective_fps=56.64
2026-09-28 01:32:02.929 | INFO     | plugrl_env_client.runner.rollout:log_timing_summary:98 - Intermediate rollout timing summary: env_steps=697537 infer_calls=174833 feedback_calls=174832 infer_wait=7160.830s infer_obs_pack=8.063s env_step=5092.376s feedback_total=33.250s feedback_obs_pack=11.348s feedback_info_pack=0.576s effective_fps=56.74
2026-09-28 01:32:02.929 | INFO     | plugrl_env_client.runner.rollout:log_timing_summary:98 - Intermediate rollout timing summary: env_steps=697533 infer_calls=174834 feedback_calls=174833 infer_wait=7170.058s infer_obs_pack=8.103s env_step=5083.632s feedback_total=33.258s feedback_obs_pack=11.241s feedback_info_pack=0.599s effective_fps=56.73
2026-09-28 01:32:02.946 | INFO     | plugrl_env_client.runner.rollout:log_timing_summary:98 - Intermediate rollout timing summary: env_steps=697578 infer_calls=174834 feedback_calls=174833 infer_wait=7179.867s infer_obs_pack=8.096s env_step=5073.707s feedback_total=33.439s feedback_obs_pack=11.321s feedback_info_pack=0.587s effective_fps=56.74
2026-09-28 01:32:32.931 | INFO     | plugrl_env_client.runner.rollout:log_timing_summary:98 - Intermediate rollout timing summary: env_steps=700372 infer_calls=175543 feedback_calls=175543 infer_wait=7170.005s infer_obs_pack=8.096s env_step=5112.914s feedback_total=33.392s feedback_obs_pack=11.396s feedback_info_pack=0.578s effective_fps=56.83
2026-09-28 01:32:32.935 | INFO     | plugrl_env_client.runner.rollout:log_timing_summary:98 - Intermediate rollout timing summary: env_steps=700366 infer_calls=175544 feedback_calls=175543 infer_wait=7178.977s infer_obs_pack=8.136s env_step=5104.436s feedback_total=33.394s feedback_obs_pack=11.286s feedback_info_pack=0.601s effective_fps=56.83
2026-09-28 01:32:32.960 | INFO     | plugrl_env_client.runner.rollout:log_timing_summary:98 - Intermediate rollout timing summary: env_steps=700413 infer_calls=175545 feedback_calls=175544 infer_wait=7189.245s infer_obs_pack=8.128s env_step=5094.066s feedback_total=33.569s feedback_obs_pack=11.365s feedback_info_pack=0.590s effective_fps=56.83
2026-09-28 01:34:48.350 | INFO     | plugrl_env_client.runner.rollout:log_timing_summary:98 - Intermediate rollout timing summary: env_steps=702185 infer_calls=176002 feedback_calls=176001 infer_wait=7301.022s infer_obs_pack=8.157s env_step=5117.613s feedback_total=33.483s feedback_obs_pack=11.315s feedback_info_pack=0.603s effective_fps=56.35
2026-09-28 01:34:48.351 | INFO     | plugrl_env_client.runner.rollout:log_timing_summary:98 - Intermediate rollout timing summary: env_steps=702236 infer_calls=176002 feedback_calls=176001 infer_wait=7311.056s infer_obs_pack=8.149s env_step=5107.463s feedback_total=33.658s feedback_obs_pack=11.397s feedback_info_pack=0.591s effective_fps=56.36
2026-09-28 01:34:48.352 | INFO     | plugrl_env_client.runner.rollout:log_timing_summary:98 - Intermediate rollout timing summary: env_steps=702192 infer_calls=176001 feedback_calls=176000 infer_wait=7292.206s infer_obs_pack=8.118s env_step=5125.952s feedback_total=33.477s feedback_obs_pack=11.424s feedback_info_pack=0.580s effective_fps=56.36
2026-09-28 01:35:18.359 | INFO     | plugrl_env_client.runner.rollout:log_timing_summary:98 - Intermediate rollout timing summary: env_steps=704863 infer_calls=176663 feedback_calls=176662 infer_wait=7320.406s infer_obs_pack=8.183s env_step=5127.824s feedback_total=33.802s feedback_obs_pack=11.446s feedback_info_pack=0.594s effective_fps=56.43
2026-09-28 01:35:18.361 | INFO     | plugrl_env_client.runner.rollout:log_timing_summary:98 - Intermediate rollout timing summary: env_steps=704814 infer_calls=176663 feedback_calls=176662 infer_wait=7311.406s infer_obs_pack=8.189s env_step=5136.953s feedback_total=33.618s feedback_obs_pack=11.361s feedback_info_pack=0.605s effective_fps=56.43
2026-09-28 01:35:18.361 | INFO     | plugrl_env_client.runner.rollout:log_timing_summary:98 - Intermediate rollout timing summary: env_steps=704830 infer_calls=176662 feedback_calls=176661 infer_wait=7301.906s infer_obs_pack=8.151s env_step=5145.977s feedback_total=33.613s feedback_obs_pack=11.469s feedback_info_pack=0.582s effective_fps=56.43
2026-09-28 01:35:48.377 | INFO     | plugrl_env_client.runner.rollout:log_timing_summary:98 - Intermediate rollout timing summary: env_steps=707473 infer_calls=177328 feedback_calls=177327 infer_wait=7311.513s infer_obs_pack=8.183s env_step=5166.098s feedback_total=33.748s feedback_obs_pack=11.515s feedback_info_pack=0.584s effective_fps=56.51
2026-09-28 01:35:48.377 | INFO     | plugrl_env_client.runner.rollout:log_timing_summary:98 - Intermediate rollout timing summary: env_steps=707517 infer_calls=177329 feedback_calls=177328 infer_wait=7330.503s infer_obs_pack=8.215s env_step=5147.454s feedback_total=33.936s feedback_obs_pack=11.491s feedback_info_pack=0.596s effective_fps=56.51
2026-09-28 01:35:48.379 | INFO     | plugrl_env_client.runner.rollout:log_timing_summary:98 - Intermediate rollout timing summary: env_steps=707474 infer_calls=177329 feedback_calls=177328 infer_wait=7320.826s infer_obs_pack=8.221s env_step=5157.264s feedback_total=33.754s feedback_obs_pack=11.408s feedback_info_pack=0.608s effective_fps=56.51
2026-09-28 01:36:18.388 | INFO     | plugrl_env_client.runner.rollout:log_timing_summary:98 - Intermediate rollout timing summary: env_steps=710163 infer_calls=177993 feedback_calls=177992 infer_wait=7340.128s infer_obs_pack=8.248s env_step=5167.552s feedback_total=34.071s feedback_obs_pack=11.539s feedback_info_pack=0.598s effective_fps=56.59
2026-09-28 01:36:18.389 | INFO     | plugrl_env_client.runner.rollout:log_timing_summary:98 - Intermediate rollout timing summary: env_steps=710121 infer_calls=177993 feedback_calls=177992 infer_wait=7331.083s infer_obs_pack=8.252s env_step=5176.740s feedback_total=33.886s feedback_obs_pack=11.452s feedback_info_pack=0.610s effective_fps=56.58
2026-09-28 01:36:18.391 | INFO     | plugrl_env_client.runner.rollout:log_timing_summary:98 - Intermediate rollout timing summary: env_steps=710124 infer_calls=177992 feedback_calls=177991 infer_wait=7321.140s infer_obs_pack=8.215s env_step=5186.202s feedback_total=33.880s feedback_obs_pack=11.559s feedback_info_pack=0.587s effective_fps=56.59
2026-09-28 01:36:48.406 | INFO     | plugrl_env_client.runner.rollout:log_timing_summary:98 - Intermediate rollout timing summary: env_steps=712716 infer_calls=178644 feedback_calls=178643 infer_wait=7341.006s infer_obs_pack=8.284s env_step=5196.556s feedback_total=34.017s feedback_obs_pack=11.497s feedback_info_pack=0.612s effective_fps=56.66
2026-09-28 01:36:48.409 | INFO     | plugrl_env_client.runner.rollout:log_timing_summary:98 - Intermediate rollout timing summary: env_steps=712756 infer_calls=178644 feedback_calls=178643 infer_wait=7349.621s infer_obs_pack=8.285s env_step=5187.798s feedback_total=34.200s feedback_obs_pack=11.584s feedback_info_pack=0.601s effective_fps=56.66
2026-09-28 01:36:48.411 | INFO     | plugrl_env_client.runner.rollout:log_timing_summary:98 - Intermediate rollout timing summary: env_steps=712718 infer_calls=178643 feedback_calls=178642 infer_wait=7330.625s infer_obs_pack=8.250s env_step=5206.451s feedback_total=34.011s feedback_obs_pack=11.605s feedback_info_pack=0.589s effective_fps=56.66
2026-09-28 01:37:18.412 | INFO     | plugrl_env_client.runner.rollout:log_timing_summary:98 - Intermediate rollout timing summary: env_steps=715398 infer_calls=179306 feedback_calls=179305 infer_wait=7358.715s infer_obs_pack=8.318s env_step=5208.421s feedback_total=34.335s feedback_obs_pack=11.629s feedback_info_pack=0.603s effective_fps=56.73
2026-09-28 01:37:18.412 | INFO     | plugrl_env_client.runner.rollout:log_timing_summary:98 - Intermediate rollout timing summary: env_steps=715354 infer_calls=179305 feedback_calls=179304 infer_wait=7340.737s infer_obs_pack=8.282s env_step=5226.057s feedback_total=34.144s feedback_obs_pack=11.651s feedback_info_pack=0.591s effective_fps=56.73
2026-09-28 01:37:18.413 | INFO     | plugrl_env_client.runner.rollout:log_timing_summary:98 - Intermediate rollout timing summary: env_steps=715353 infer_calls=179306 feedback_calls=179305 infer_wait=7351.058s infer_obs_pack=8.318s env_step=5216.228s feedback_total=34.149s feedback_obs_pack=11.542s feedback_info_pack=0.615s effective_fps=56.73
2026-09-28 01:37:48.414 | INFO     | plugrl_env_client.runner.rollout:log_timing_summary:98 - Intermediate rollout timing summary: env_steps=718005 infer_calls=179958 feedback_calls=179957 infer_wait=7368.386s infer_obs_pack=8.349s env_step=5228.480s feedback_total=34.464s feedback_obs_pack=11.673s feedback_info_pack=0.606s effective_fps=56.81
2026-09-28 01:37:48.415 | INFO     | plugrl_env_client.runner.rollout:log_timing_summary:98 - Intermediate rollout timing summary: env_steps=717956 infer_calls=179957 feedback_calls=179956 infer_wait=7350.460s infer_obs_pack=8.314s env_step=5246.058s feedback_total=34.274s feedback_obs_pack=11.696s feedback_info_pack=0.594s effective_fps=56.80
2026-09-28 01:37:48.421 | INFO     | plugrl_env_client.runner.rollout:log_timing_summary:98 - Intermediate rollout timing summary: env_steps=717954 infer_calls=179958 feedback_calls=179958 infer_wait=7360.034s infer_obs_pack=8.351s env_step=5236.979s feedback_total=34.284s feedback_obs_pack=11.588s feedback_info_pack=0.617s effective_fps=56.80
2026-09-28 01:39:46.878 | INFO     | plugrl_env_client.runner.rollout:log_timing_summary:98 - Intermediate rollout timing summary: env_steps=718130 infer_calls=180001 feedback_calls=180000 infer_wait=7467.381s infer_obs_pack=8.316s env_step=5247.584s feedback_total=34.283s feedback_obs_pack=11.699s feedback_info_pack=0.594s effective_fps=56.29
2026-09-28 01:39:46.881 | INFO     | plugrl_env_client.runner.rollout:log_timing_summary:98 - Intermediate rollout timing summary: env_steps=718179 infer_calls=180002 feedback_calls=180001 infer_wait=7485.393s infer_obs_pack=8.351s env_step=5229.923s feedback_total=34.473s feedback_obs_pack=11.675s feedback_info_pack=0.606s effective_fps=56.29
2026-09-28 01:39:46.883 | INFO     | plugrl_env_client.runner.rollout:log_timing_summary:98 - Intermediate rollout timing summary: env_steps=718126 infer_calls=180002 feedback_calls=180001 infer_wait=7477.166s infer_obs_pack=8.353s env_step=5238.290s feedback_total=34.294s feedback_obs_pack=11.591s feedback_info_pack=0.617s effective_fps=56.29
2026-09-28 01:40:16.881 | INFO     | plugrl_env_client.runner.rollout:log_timing_summary:98 - Intermediate rollout timing summary: env_steps=720900 infer_calls=180694 feedback_calls=180693 infer_wait=7476.525s infer_obs_pack=8.348s env_step=5268.163s feedback_total=34.414s feedback_obs_pack=11.744s feedback_info_pack=0.596s effective_fps=56.38
2026-09-28 01:40:16.881 | INFO     | plugrl_env_client.runner.rollout:log_timing_summary:98 - Intermediate rollout timing summary: env_steps=720942 infer_calls=180695 feedback_calls=180694 infer_wait=7494.665s infer_obs_pack=8.385s env_step=5250.367s feedback_total=34.604s feedback_obs_pack=11.720s feedback_info_pack=0.610s effective_fps=56.38
2026-09-28 01:40:16.889 | INFO     | plugrl_env_client.runner.rollout:log_timing_summary:98 - Intermediate rollout timing summary: env_steps=720893 infer_calls=180695 feedback_calls=180695 infer_wait=7486.858s infer_obs_pack=8.385s env_step=5258.330s feedback_total=34.420s feedback_obs_pack=11.635s feedback_info_pack=0.620s effective_fps=56.37
2026-09-28 01:40:46.892 | INFO     | plugrl_env_client.runner.rollout:log_timing_summary:98 - Intermediate rollout timing summary: env_steps=723654 infer_calls=181376 feedback_calls=181375 infer_wait=7504.153s infer_obs_pack=8.421s env_step=5270.590s feedback_total=34.746s feedback_obs_pack=11.768s feedback_info_pack=0.612s effective_fps=56.46
2026-09-28 01:40:46.892 | INFO     | plugrl_env_client.runner.rollout:log_timing_summary:98 - Intermediate rollout timing summary: env_steps=723610 infer_calls=181375 feedback_calls=181374 infer_wait=7486.162s infer_obs_pack=8.381s env_step=5288.246s feedback_total=34.553s feedback_obs_pack=11.790s feedback_info_pack=0.599s effective_fps=56.46
2026-09-28 01:40:46.894 | INFO     | plugrl_env_client.runner.rollout:log_timing_summary:98 - Intermediate rollout timing summary: env_steps=723610 infer_calls=181376 feedback_calls=181375 infer_wait=7496.262s infer_obs_pack=8.418s env_step=5278.644s feedback_total=34.557s feedback_obs_pack=11.683s feedback_info_pack=0.622s effective_fps=56.45
2026-09-28 01:41:16.894 | INFO     | plugrl_env_client.runner.rollout:log_timing_summary:98 - Intermediate rollout timing summary: env_steps=726290 infer_calls=182047 feedback_calls=182047 infer_wait=7495.804s infer_obs_pack=8.413s env_step=5308.312s feedback_total=34.696s feedback_obs_pack=11.839s feedback_info_pack=0.601s effective_fps=56.53
2026-09-28 01:41:16.895 | INFO     | plugrl_env_client.runner.rollout:log_timing_summary:98 - Intermediate rollout timing summary: env_steps=726293 infer_calls=182048 feedback_calls=182048 infer_wait=7505.196s infer_obs_pack=8.452s env_step=5299.414s feedback_total=34.702s feedback_obs_pack=11.730s feedback_info_pack=0.625s effective_fps=56.53
2026-09-28 01:41:16.907 | INFO     | plugrl_env_client.runner.rollout:log_timing_summary:98 - Intermediate rollout timing summary: env_steps=726331 infer_calls=182049 feedback_calls=182048 infer_wait=7514.042s infer_obs_pack=8.453s env_step=5290.422s feedback_total=34.887s feedback_obs_pack=11.813s feedback_info_pack=0.615s effective_fps=56.53
2026-09-28 01:41:46.895 | INFO     | plugrl_env_client.runner.rollout:log_timing_summary:98 - Intermediate rollout timing summary: env_steps=728963 infer_calls=182718 feedback_calls=182717 infer_wait=7514.991s infer_obs_pack=8.484s env_step=5319.336s feedback_total=34.835s feedback_obs_pack=11.775s feedback_info_pack=0.627s effective_fps=56.61
2026-09-28 01:41:46.899 | INFO     | plugrl_env_client.runner.rollout:log_timing_summary:98 - Intermediate rollout timing summary: env_steps=728963 infer_calls=182717 feedback_calls=182717 infer_wait=7505.054s infer_obs_pack=8.444s env_step=5328.778s feedback_total=34.835s feedback_obs_pack=11.884s feedback_info_pack=0.603s effective_fps=56.61
2026-09-28 01:41:46.910 | INFO     | plugrl_env_client.runner.rollout:log_timing_summary:98 - Intermediate rollout timing summary: env_steps=729007 infer_calls=182718 feedback_calls=182718 infer_wait=7523.290s infer_obs_pack=8.485s env_step=5310.889s feedback_total=35.031s feedback_obs_pack=11.859s feedback_info_pack=0.617s effective_fps=56.61
2026-09-28 01:42:16.898 | INFO     | plugrl_env_client.runner.rollout:log_timing_summary:98 - Intermediate rollout timing summary: env_steps=731625 infer_calls=183388 feedback_calls=183387 infer_wait=7524.769s infer_obs_pack=8.517s env_step=5339.258s feedback_total=34.979s feedback_obs_pack=11.822s feedback_info_pack=0.629s effective_fps=56.68
2026-09-28 01:42:16.901 | INFO     | plugrl_env_client.runner.rollout:log_timing_summary:98 - Intermediate rollout timing summary: env_steps=731632 infer_calls=183387 feedback_calls=183386 infer_wait=7514.716s infer_obs_pack=8.477s env_step=5348.837s feedback_total=34.968s feedback_obs_pack=11.930s feedback_info_pack=0.606s effective_fps=56.68
2026-09-28 01:42:16.913 | INFO     | plugrl_env_client.runner.rollout:log_timing_summary:98 - Intermediate rollout timing summary: env_steps=731674 infer_calls=183388 feedback_calls=183387 infer_wait=7532.725s infer_obs_pack=8.520s env_step=5331.169s feedback_total=35.169s feedback_obs_pack=11.905s feedback_info_pack=0.619s effective_fps=56.69
2026-09-28 01:44:41.664 | INFO     | plugrl_env_client.runner.rollout:log_timing_summary:98 - Intermediate rollout timing summary: env_steps=734124 infer_calls=184002 feedback_calls=184001 infer_wait=7658.522s infer_obs_pack=8.550s env_step=5349.864s feedback_total=35.294s feedback_obs_pack=11.946s feedback_info_pack=0.622s effective_fps=56.25
2026-09-28 01:44:41.665 | INFO     | plugrl_env_client.runner.rollout:log_timing_summary:98 - Intermediate rollout timing summary: env_steps=734085 infer_calls=184001 feedback_calls=184000 infer_wait=7641.244s infer_obs_pack=8.506s env_step=5366.808s feedback_total=35.095s feedback_obs_pack=11.971s feedback_info_pack=0.608s effective_fps=56.24
2026-09-28 01:44:41.665 | INFO     | plugrl_env_client.runner.rollout:log_timing_summary:98 - Intermediate rollout timing summary: env_steps=734070 infer_calls=184002 feedback_calls=184001 infer_wait=7650.798s infer_obs_pack=8.547s env_step=5357.728s feedback_total=35.106s feedback_obs_pack=11.865s feedback_info_pack=0.632s effective_fps=56.24
2026-09-28 01:45:11.685 | INFO     | plugrl_env_client.runner.rollout:log_timing_summary:98 - Intermediate rollout timing summary: env_steps=736760 infer_calls=184663 feedback_calls=184662 infer_wait=7667.962s infer_obs_pack=8.585s env_step=5370.162s feedback_total=35.425s feedback_obs_pack=11.992s feedback_info_pack=0.624s effective_fps=56.32
2026-09-28 01:45:11.685 | INFO     | plugrl_env_client.runner.rollout:log_timing_summary:98 - Intermediate rollout timing summary: env_steps=736707 infer_calls=184663 feedback_calls=184662 infer_wait=7660.571s infer_obs_pack=8.579s env_step=5377.694s feedback_total=35.240s feedback_obs_pack=11.910s feedback_info_pack=0.634s effective_fps=56.31
2026-09-28 01:45:11.687 | INFO     | plugrl_env_client.runner.rollout:log_timing_summary:98 - Intermediate rollout timing summary: env_steps=736723 infer_calls=184662 feedback_calls=184661 infer_wait=7651.064s infer_obs_pack=8.537s env_step=5386.732s feedback_total=35.227s feedback_obs_pack=12.016s feedback_info_pack=0.610s effective_fps=56.32
2026-09-28 01:45:41.686 | INFO     | plugrl_env_client.runner.rollout:log_timing_summary:98 - Intermediate rollout timing summary: env_steps=739325 infer_calls=185319 feedback_calls=185318 infer_wait=7670.325s infer_obs_pack=8.611s env_step=5397.666s feedback_total=35.372s feedback_obs_pack=11.954s feedback_info_pack=0.636s effective_fps=56.39
2026-09-28 01:45:41.689 | INFO     | plugrl_env_client.runner.rollout:log_timing_summary:98 - Intermediate rollout timing summary: env_steps=739379 infer_calls=185319 feedback_calls=185318 infer_wait=7677.772s infer_obs_pack=8.617s env_step=5390.082s feedback_total=35.554s feedback_obs_pack=12.035s feedback_info_pack=0.627s effective_fps=56.39
2026-09-28 01:45:41.692 | INFO     | plugrl_env_client.runner.rollout:log_timing_summary:98 - Intermediate rollout timing summary: env_steps=739343 infer_calls=185318 feedback_calls=185317 infer_wait=7660.236s infer_obs_pack=8.572s env_step=5407.278s feedback_total=35.355s feedback_obs_pack=12.060s feedback_info_pack=0.612s effective_fps=56.39
2026-09-28 01:46:11.701 | INFO     | plugrl_env_client.runner.rollout:log_timing_summary:98 - Intermediate rollout timing summary: env_steps=742099 infer_calls=186003 feedback_calls=186002 infer_wait=7687.279s infer_obs_pack=8.649s env_step=5410.301s feedback_total=35.686s feedback_obs_pack=12.082s feedback_info_pack=0.629s effective_fps=56.47
2026-09-28 01:46:11.702 | INFO     | plugrl_env_client.runner.rollout:log_timing_summary:98 - Intermediate rollout timing summary: env_steps=742056 infer_calls=186003 feedback_calls=186002 infer_wait=7679.183s infer_obs_pack=8.645s env_step=5418.545s feedback_total=35.509s feedback_obs_pack=12.003s feedback_info_pack=0.639s effective_fps=56.46
2026-09-28 01:46:11.703 | INFO     | plugrl_env_client.runner.rollout:log_timing_summary:98 - Intermediate rollout timing summary: env_steps=742068 infer_calls=186002 feedback_calls=186001 infer_wait=7669.209s infer_obs_pack=8.604s env_step=5428.032s feedback_total=35.486s feedback_obs_pack=12.106s feedback_info_pack=0.614s effective_fps=56.47
2026-09-28 01:46:41.704 | INFO     | plugrl_env_client.runner.rollout:log_timing_summary:98 - Intermediate rollout timing summary: env_steps=744888 infer_calls=186712 feedback_calls=186711 infer_wait=7688.654s infer_obs_pack=8.677s env_step=5438.795s feedback_total=35.642s feedback_obs_pack=12.051s feedback_info_pack=0.641s effective_fps=56.55
2026-09-28 01:46:41.710 | INFO     | plugrl_env_client.runner.rollout:log_timing_summary:98 - Intermediate rollout timing summary: env_steps=744935 infer_calls=186712 feedback_calls=186712 infer_wait=7696.265s infer_obs_pack=8.683s env_step=5431.038s feedback_total=35.825s feedback_obs_pack=12.129s feedback_info_pack=0.632s effective_fps=56.56
2026-09-28 01:46:41.711 | INFO     | plugrl_env_client.runner.rollout:log_timing_summary:98 - Intermediate rollout timing summary: env_steps=744901 infer_calls=186711 feedback_calls=186711 infer_wait=7678.158s infer_obs_pack=8.639s env_step=5448.810s feedback_total=35.620s feedback_obs_pack=12.152s feedback_info_pack=0.617s effective_fps=56.56
2026-09-28 01:47:11.704 | INFO     | plugrl_env_client.runner.rollout:log_timing_summary:98 - Intermediate rollout timing summary: env_steps=747712 infer_calls=187420 feedback_calls=187419 infer_wait=7697.797s infer_obs_pack=8.708s env_step=5459.364s feedback_total=35.776s feedback_obs_pack=12.095s feedback_info_pack=0.643s effective_fps=56.64
2026-09-28 01:47:11.711 | INFO     | plugrl_env_client.runner.rollout:log_timing_summary:98 - Intermediate rollout timing summary: env_steps=747756 infer_calls=187420 feedback_calls=187419 infer_wait=7705.463s infer_obs_pack=8.715s env_step=5451.554s feedback_total=35.963s feedback_obs_pack=12.174s feedback_info_pack=0.634s effective_fps=56.64
2026-09-28 01:47:11.717 | INFO     | plugrl_env_client.runner.rollout:log_timing_summary:98 - Intermediate rollout timing summary: env_steps=747720 infer_calls=187419 feedback_calls=187419 infer_wait=7687.154s infer_obs_pack=8.673s env_step=5469.528s feedback_total=35.756s feedback_obs_pack=12.198s feedback_info_pack=0.619s effective_fps=56.64
2026-09-28 01:49:29.877 | INFO     | plugrl_env_client.runner.rollout:log_timing_summary:98 - Intermediate rollout timing summary: env_steps=750031 infer_calls=188002 feedback_calls=188001 infer_wait=7818.918s infer_obs_pack=8.735s env_step=5476.172s feedback_total=35.891s feedback_obs_pack=12.132s feedback_info_pack=0.646s effective_fps=56.23
2026-09-28 01:49:29.877 | INFO     | plugrl_env_client.runner.rollout:log_timing_summary:98 - Intermediate rollout timing summary: env_steps=750040 infer_calls=188001 feedback_calls=188000 infer_wait=7808.019s infer_obs_pack=8.702s env_step=5486.586s feedback_total=35.867s feedback_obs_pack=12.235s feedback_info_pack=0.621s effective_fps=56.23
2026-09-28 01:49:29.880 | INFO     | plugrl_env_client.runner.rollout:log_timing_summary:98 - Intermediate rollout timing summary: env_steps=750065 infer_calls=188002 feedback_calls=188001 infer_wait=7826.584s infer_obs_pack=8.743s env_step=5468.364s feedback_total=36.072s feedback_obs_pack=12.212s feedback_info_pack=0.636s effective_fps=56.23
2026-09-28 01:49:59.879 | INFO     | plugrl_env_client.runner.rollout:log_timing_summary:98 - Intermediate rollout timing summary: env_steps=752836 infer_calls=188701 feedback_calls=188700 infer_wait=7817.529s infer_obs_pack=8.733s env_step=5506.793s feedback_total=36.001s feedback_obs_pack=12.282s feedback_info_pack=0.623s effective_fps=56.31
2026-09-28 01:49:59.879 | INFO     | plugrl_env_client.runner.rollout:log_timing_summary:98 - Intermediate rollout timing summary: env_steps=752829 infer_calls=188702 feedback_calls=188701 infer_wait=7827.899s infer_obs_pack=8.772s env_step=5496.912s feedback_total=36.020s feedback_obs_pack=12.177s feedback_info_pack=0.648s effective_fps=56.31
2026-09-28 01:49:59.883 | INFO     | plugrl_env_client.runner.rollout:log_timing_summary:98 - Intermediate rollout timing summary: env_steps=752860 infer_calls=188702 feedback_calls=188702 infer_wait=7835.780s infer_obs_pack=8.776s env_step=5488.887s feedback_total=36.207s feedback_obs_pack=12.257s feedback_info_pack=0.638s effective_fps=56.31
2026-09-28 01:50:29.879 | INFO     | plugrl_env_client.runner.rollout:log_timing_summary:98 - Intermediate rollout timing summary: env_steps=755504 infer_calls=189371 feedback_calls=189371 infer_wait=7827.515s infer_obs_pack=8.769s env_step=5526.521s feedback_total=36.131s feedback_obs_pack=12.327s feedback_info_pack=0.625s effective_fps=56.39
2026-09-28 01:50:29.885 | INFO     | plugrl_env_client.runner.rollout:log_timing_summary:98 - Intermediate rollout timing summary: env_steps=755503 infer_calls=189372 feedback_calls=189371 infer_wait=7837.189s infer_obs_pack=8.806s env_step=5517.341s feedback_total=36.156s feedback_obs_pack=12.222s feedback_info_pack=0.650s effective_fps=56.38
2026-09-28 01:50:29.889 | INFO     | plugrl_env_client.runner.rollout:log_timing_summary:98 - Intermediate rollout timing summary: env_steps=755529 infer_calls=189372 feedback_calls=189372 infer_wait=7845.588s infer_obs_pack=8.808s env_step=5508.801s feedback_total=36.335s feedback_obs_pack=12.302s feedback_info_pack=0.641s effective_fps=56.38
2026-09-28 01:50:59.884 | INFO     | plugrl_env_client.runner.rollout:log_timing_summary:98 - Intermediate rollout timing summary: env_steps=758193 infer_calls=190048 feedback_calls=190047 infer_wait=7837.158s infer_obs_pack=8.801s env_step=5546.589s feedback_total=36.266s feedback_obs_pack=12.373s feedback_info_pack=0.628s effective_fps=56.46
2026-09-28 01:50:59.910 | INFO     | plugrl_env_client.runner.rollout:log_timing_summary:98 - Intermediate rollout timing summary: env_steps=758220 infer_calls=190050 feedback_calls=190049 infer_wait=7855.462s infer_obs_pack=8.841s env_step=5528.647s feedback_total=36.473s feedback_obs_pack=12.350s feedback_info_pack=0.643s effective_fps=56.46
2026-09-28 01:50:59.911 | INFO     | plugrl_env_client.runner.rollout:log_timing_summary:98 - Intermediate rollout timing summary: env_steps=758201 infer_calls=190050 feedback_calls=190049 infer_wait=7846.437s infer_obs_pack=8.839s env_step=5537.826s feedback_total=36.295s feedback_obs_pack=12.271s feedback_info_pack=0.653s effective_fps=56.46
2026-09-28 01:51:29.890 | INFO     | plugrl_env_client.runner.rollout:log_timing_summary:98 - Intermediate rollout timing summary: env_steps=760886 infer_calls=190724 feedback_calls=190723 infer_wait=7846.817s infer_obs_pack=8.837s env_step=5566.645s feedback_total=36.400s feedback_obs_pack=12.420s feedback_info_pack=0.630s effective_fps=56.53
2026-09-28 01:51:29.913 | INFO     | plugrl_env_client.runner.rollout:log_timing_summary:98 - Intermediate rollout timing summary: env_steps=760899 infer_calls=190725 feedback_calls=190725 infer_wait=7855.901s infer_obs_pack=8.871s env_step=5558.083s feedback_total=36.429s feedback_obs_pack=12.316s feedback_info_pack=0.655s effective_fps=56.53
2026-09-28 01:51:29.917 | INFO     | plugrl_env_client.runner.rollout:log_timing_summary:98 - Intermediate rollout timing summary: env_steps=760916 infer_calls=190725 feedback_calls=190725 infer_wait=7864.881s infer_obs_pack=8.875s env_step=5548.951s feedback_total=36.608s feedback_obs_pack=12.396s feedback_info_pack=0.645s effective_fps=56.53
2026-09-28 01:51:59.892 | INFO     | plugrl_env_client.runner.rollout:log_timing_summary:98 - Intermediate rollout timing summary: env_steps=763542 infer_calls=191389 feedback_calls=191388 infer_wait=7856.606s infer_obs_pack=8.870s env_step=5586.572s feedback_total=36.534s feedback_obs_pack=12.465s feedback_info_pack=0.632s effective_fps=56.61
2026-09-28 01:51:59.914 | INFO     | plugrl_env_client.runner.rollout:log_timing_summary:98 - Intermediate rollout timing summary: env_steps=763550 infer_calls=191390 feedback_calls=191390 infer_wait=7864.874s infer_obs_pack=8.905s env_step=5578.826s feedback_total=36.564s feedback_obs_pack=12.364s feedback_info_pack=0.658s effective_fps=56.60
2026-09-28 01:51:59.954 | INFO     | plugrl_env_client.runner.rollout:log_timing_summary:98 - Intermediate rollout timing summary: env_steps=763574 infer_calls=191391 feedback_calls=191390 infer_wait=7875.047s infer_obs_pack=8.906s env_step=5568.539s feedback_total=36.743s feedback_obs_pack=12.442s feedback_info_pack=0.648s effective_fps=56.61
2026-09-28 01:54:24.164 | INFO     | plugrl_env_client.runner.rollout:log_timing_summary:98 - Intermediate rollout timing summary: env_steps=765980 infer_calls=192002 feedback_calls=192001 infer_wait=7990.836s infer_obs_pack=8.935s env_step=5596.824s feedback_total=36.684s feedback_obs_pack=12.405s feedback_info_pack=0.660s effective_fps=56.18
2026-09-28 01:54:24.165 | INFO     | plugrl_env_client.runner.rollout:log_timing_summary:98 - Intermediate rollout timing summary: env_steps=766015 infer_calls=192002 feedback_calls=192001 infer_wait=7999.959s infer_obs_pack=8.937s env_step=5587.569s feedback_total=36.870s feedback_obs_pack=12.487s feedback_info_pack=0.650s effective_fps=56.19
2026-09-28 01:54:24.166 | INFO     | plugrl_env_client.runner.rollout:log_timing_summary:98 - Intermediate rollout timing summary: env_steps=765985 infer_calls=192001 feedback_calls=192000 infer_wait=7982.217s infer_obs_pack=8.899s env_step=5604.979s feedback_total=36.656s feedback_obs_pack=12.507s feedback_info_pack=0.634s effective_fps=56.19
2026-09-28 01:54:54.166 | INFO     | plugrl_env_client.runner.rollout:log_timing_summary:98 - Intermediate rollout timing summary: env_steps=768698 infer_calls=192673 feedback_calls=192673 infer_wait=8009.062s infer_obs_pack=8.970s env_step=5608.184s feedback_total=37.002s feedback_obs_pack=12.533s feedback_info_pack=0.652s effective_fps=56.26
2026-09-28 01:54:54.185 | INFO     | plugrl_env_client.runner.rollout:log_timing_summary:98 - Intermediate rollout timing summary: env_steps=768662 infer_calls=192673 feedback_calls=192672 infer_wait=7991.611s infer_obs_pack=8.932s env_step=5625.310s feedback_total=36.795s feedback_obs_pack=12.557s feedback_info_pack=0.637s effective_fps=56.26
2026-09-28 01:54:54.190 | INFO     | plugrl_env_client.runner.rollout:log_timing_summary:98 - Intermediate rollout timing summary: env_steps=768659 infer_calls=192674 feedback_calls=192673 infer_wait=8000.515s infer_obs_pack=8.967s env_step=5616.884s feedback_total=36.817s feedback_obs_pack=12.451s feedback_info_pack=0.662s effective_fps=56.26
2026-09-28 01:55:24.166 | INFO     | plugrl_env_client.runner.rollout:log_timing_summary:98 - Intermediate rollout timing summary: env_steps=771355 infer_calls=193342 feedback_calls=193341 infer_wait=8018.441s infer_obs_pack=9.003s env_step=5628.518s feedback_total=37.138s feedback_obs_pack=12.581s feedback_info_pack=0.655s effective_fps=56.33
2026-09-28 01:55:24.189 | INFO     | plugrl_env_client.runner.rollout:log_timing_summary:98 - Intermediate rollout timing summary: env_steps=771327 infer_calls=193341 feedback_calls=193341 infer_wait=8001.114s infer_obs_pack=8.965s env_step=5645.520s feedback_total=36.930s feedback_obs_pack=12.603s feedback_info_pack=0.639s effective_fps=56.33
2026-09-28 01:55:24.194 | INFO     | plugrl_env_client.runner.rollout:log_timing_summary:98 - Intermediate rollout timing summary: env_steps=771327 infer_calls=193342 feedback_calls=193342 infer_wait=8010.275s infer_obs_pack=9.006s env_step=5636.838s feedback_total=36.956s feedback_obs_pack=12.500s feedback_info_pack=0.665s effective_fps=56.33
2026-09-28 01:55:54.172 | INFO     | plugrl_env_client.runner.rollout:log_timing_summary:98 - Intermediate rollout timing summary: env_steps=774137 infer_calls=194039 feedback_calls=194038 infer_wait=8027.542s infer_obs_pack=9.036s env_step=5649.143s feedback_total=37.270s feedback_obs_pack=12.626s feedback_info_pack=0.657s effective_fps=56.41
2026-09-28 01:55:54.200 | INFO     | plugrl_env_client.runner.rollout:log_timing_summary:98 - Intermediate rollout timing summary: env_steps=774105 infer_calls=194039 feedback_calls=194038 infer_wait=8010.288s infer_obs_pack=8.998s env_step=5666.067s feedback_total=37.066s feedback_obs_pack=12.648s feedback_info_pack=0.642s effective_fps=56.41
2026-09-28 01:55:54.202 | INFO     | plugrl_env_client.runner.rollout:log_timing_summary:98 - Intermediate rollout timing summary: env_steps=774111 infer_calls=194040 feedback_calls=194039 infer_wait=8019.349s infer_obs_pack=9.039s env_step=5657.487s feedback_total=37.093s feedback_obs_pack=12.546s feedback_info_pack=0.667s effective_fps=56.41
2026-09-28 01:56:24.172 | INFO     | plugrl_env_client.runner.rollout:log_timing_summary:98 - Intermediate rollout timing summary: env_steps=776941 infer_calls=194742 feedback_calls=194741 infer_wait=8037.016s infer_obs_pack=9.067s env_step=5669.396s feedback_total=37.399s feedback_obs_pack=12.671s feedback_info_pack=0.659s effective_fps=56.49
2026-09-28 01:56:24.203 | INFO     | plugrl_env_client.runner.rollout:log_timing_summary:98 - Intermediate rollout timing summary: env_steps=776899 infer_calls=194742 feedback_calls=194741 infer_wait=8019.839s infer_obs_pack=9.030s env_step=5686.238s feedback_total=37.196s feedback_obs_pack=12.693s feedback_info_pack=0.644s effective_fps=56.49
2026-09-28 01:56:24.206 | INFO     | plugrl_env_client.runner.rollout:log_timing_summary:98 - Intermediate rollout timing summary: env_steps=776909 infer_calls=194743 feedback_calls=194742 infer_wait=8028.185s infer_obs_pack=9.072s env_step=5678.371s feedback_total=37.226s feedback_obs_pack=12.592s feedback_info_pack=0.669s effective_fps=56.49
2026-09-28 01:56:54.178 | INFO     | plugrl_env_client.runner.rollout:log_timing_summary:98 - Intermediate rollout timing summary: env_steps=779689 infer_calls=195431 feedback_calls=195430 infer_wait=8046.676s infer_obs_pack=9.102s env_step=5689.461s feedback_total=37.531s feedback_obs_pack=12.717s feedback_info_pack=0.662s effective_fps=56.57
2026-09-28 01:56:54.209 | INFO     | plugrl_env_client.runner.rollout:log_timing_summary:98 - Intermediate rollout timing summary: env_steps=779651 infer_calls=195431 feedback_calls=195430 infer_wait=8029.010s infer_obs_pack=9.062s env_step=5706.794s feedback_total=37.329s feedback_obs_pack=12.741s feedback_info_pack=0.646s effective_fps=56.57
2026-09-28 01:56:54.210 | INFO     | plugrl_env_client.runner.rollout:log_timing_summary:98 - Intermediate rollout timing summary: env_steps=779654 infer_calls=195432 feedback_calls=195431 infer_wait=8037.673s infer_obs_pack=9.104s env_step=5698.602s feedback_total=37.359s feedback_obs_pack=12.639s feedback_info_pack=0.672s effective_fps=56.57
2026-09-28 01:59:13.007 | INFO     | plugrl_env_client.runner.rollout:log_timing_summary:98 - Intermediate rollout timing summary: env_steps=781964 infer_calls=196002 feedback_calls=196001 infer_wait=8168.489s infer_obs_pack=9.129s env_step=5706.249s feedback_total=37.637s feedback_obs_pack=12.754s feedback_info_pack=0.664s effective_fps=56.17
2026-09-28 01:59:13.008 | INFO     | plugrl_env_client.runner.rollout:log_timing_summary:98 - Intermediate rollout timing summary: env_steps=781925 infer_calls=196001 feedback_calls=196000 infer_wait=8151.014s infer_obs_pack=9.088s env_step=5723.359s feedback_total=37.434s feedback_obs_pack=12.778s feedback_info_pack=0.648s effective_fps=56.17
2026-09-28 01:59:13.009 | INFO     | plugrl_env_client.runner.rollout:log_timing_summary:98 - Intermediate rollout timing summary: env_steps=781930 infer_calls=196002 feedback_calls=196001 infer_wait=8159.303s infer_obs_pack=9.130s env_step=5715.534s feedback_total=37.470s feedback_obs_pack=12.676s feedback_info_pack=0.674s effective_fps=56.17
2026-09-28 01:59:43.014 | INFO     | plugrl_env_client.runner.rollout:log_timing_summary:98 - Intermediate rollout timing summary: env_steps=784756 infer_calls=196710 feedback_calls=196710 infer_wait=8160.173s infer_obs_pack=9.120s env_step=5743.919s feedback_total=37.572s feedback_obs_pack=12.825s feedback_info_pack=0.650s effective_fps=56.25
2026-09-28 01:59:43.031 | INFO     | plugrl_env_client.runner.rollout:log_timing_summary:98 - Intermediate rollout timing summary: env_steps=784760 infer_calls=196712 feedback_calls=196711 infer_wait=8168.329s infer_obs_pack=9.163s env_step=5736.238s feedback_total=37.607s feedback_obs_pack=12.722s feedback_info_pack=0.676s effective_fps=56.25
2026-09-28 01:59:43.037 | INFO     | plugrl_env_client.runner.rollout:log_timing_summary:98 - Intermediate rollout timing summary: env_steps=784798 infer_calls=196712 feedback_calls=196711 infer_wait=8177.579s infer_obs_pack=9.162s env_step=5726.896s feedback_total=37.779s feedback_obs_pack=12.801s feedback_info_pack=0.666s effective_fps=56.25
2026-09-28 02:00:13.017 | INFO     | plugrl_env_client.runner.rollout:log_timing_summary:98 - Intermediate rollout timing summary: env_steps=787570 infer_calls=197415 feedback_calls=197415 infer_wait=8169.135s infer_obs_pack=9.152s env_step=5764.668s feedback_total=37.707s feedback_obs_pack=12.871s feedback_info_pack=0.653s effective_fps=56.33
2026-09-28 02:00:13.034 | INFO     | plugrl_env_client.runner.rollout:log_timing_summary:98 - Intermediate rollout timing summary: env_steps=787568 infer_calls=197417 feedback_calls=197416 infer_wait=8177.379s infer_obs_pack=9.196s env_step=5756.903s feedback_total=37.742s feedback_obs_pack=12.769s feedback_info_pack=0.679s effective_fps=56.33
2026-09-28 02:00:13.038 | INFO     | plugrl_env_client.runner.rollout:log_timing_summary:98 - Intermediate rollout timing summary: env_steps=787604 infer_calls=197417 feedback_calls=197416 infer_wait=8186.918s infer_obs_pack=9.195s env_step=5747.266s feedback_total=37.916s feedback_obs_pack=12.847s feedback_info_pack=0.668s effective_fps=56.33
2026-09-28 02:00:43.019 | INFO     | plugrl_env_client.runner.rollout:log_timing_summary:98 - Intermediate rollout timing summary: env_steps=790343 infer_calls=198112 feedback_calls=198111 infer_wait=8178.591s infer_obs_pack=9.185s env_step=5784.926s feedback_total=37.839s feedback_obs_pack=12.917s feedback_info_pack=0.655s effective_fps=56.41
2026-09-28 02:00:43.048 | INFO     | plugrl_env_client.runner.rollout:log_timing_summary:98 - Intermediate rollout timing summary: env_steps=790381 infer_calls=198114 feedback_calls=198113 infer_wait=8196.257s infer_obs_pack=9.228s env_step=5767.661s feedback_total=38.045s feedback_obs_pack=12.891s feedback_info_pack=0.671s effective_fps=56.41
2026-09-28 02:00:43.055 | INFO     | plugrl_env_client.runner.rollout:log_timing_summary:98 - Intermediate rollout timing summary: env_steps=790345 infer_calls=198114 feedback_calls=198113 infer_wait=8186.416s infer_obs_pack=9.230s env_step=5777.608s feedback_total=37.871s feedback_obs_pack=12.814s feedback_info_pack=0.681s effective_fps=56.41
2026-09-28 02:01:13.036 | INFO     | plugrl_env_client.runner.rollout:log_timing_summary:98 - Intermediate rollout timing summary: env_steps=793151 infer_calls=198816 feedback_calls=198815 infer_wait=8187.943s infer_obs_pack=9.216s env_step=5805.305s feedback_total=37.968s feedback_obs_pack=12.961s feedback_info_pack=0.657s effective_fps=56.49
2026-09-28 02:01:13.054 | INFO     | plugrl_env_client.runner.rollout:log_timing_summary:98 - Intermediate rollout timing summary: env_steps=793190 infer_calls=198817 feedback_calls=198817 infer_wait=8205.747s infer_obs_pack=9.262s env_step=5787.899s feedback_total=38.171s feedback_obs_pack=12.935s feedback_info_pack=0.673s effective_fps=56.49
2026-09-28 02:01:13.057 | INFO     | plugrl_env_client.runner.rollout:log_timing_summary:98 - Intermediate rollout timing summary: env_steps=793146 infer_calls=198817 feedback_calls=198816 infer_wait=8195.519s infer_obs_pack=9.264s env_step=5798.220s feedback_total=38.004s feedback_obs_pack=12.859s feedback_info_pack=0.683s effective_fps=56.49
2026-09-28 02:01:43.038 | INFO     | plugrl_env_client.runner.rollout:log_timing_summary:98 - Intermediate rollout timing summary: env_steps=795952 infer_calls=199518 feedback_calls=199517 infer_wait=8197.180s infer_obs_pack=9.248s env_step=5825.795s feedback_total=38.098s feedback_obs_pack=13.006s feedback_info_pack=0.659s effective_fps=56.57
2026-09-28 02:01:43.066 | INFO     | plugrl_env_client.runner.rollout:log_timing_summary:98 - Intermediate rollout timing summary: env_steps=795987 infer_calls=199520 feedback_calls=199519 infer_wait=8215.180s infer_obs_pack=9.295s env_step=5808.192s feedback_total=38.308s feedback_obs_pack=12.983s feedback_info_pack=0.675s effective_fps=56.57
2026-09-28 02:01:43.067 | INFO     | plugrl_env_client.runner.rollout:log_timing_summary:98 - Intermediate rollout timing summary: env_steps=795954 infer_calls=199520 feedback_calls=199519 infer_wait=8204.462s infer_obs_pack=9.296s env_step=5819.013s feedback_total=38.136s feedback_obs_pack=12.904s feedback_info_pack=0.686s effective_fps=56.57
2026-09-28 02:04:00.103 | INFO     | plugrl_env_client.runner.rollout:log_timing_summary:98 - Intermediate rollout timing summary: env_steps=797905 infer_calls=200002 feedback_calls=200001 infer_wait=8337.900s infer_obs_pack=9.317s env_step=5822.310s feedback_total=38.402s feedback_obs_pack=13.014s feedback_info_pack=0.677s effective_fps=56.16
2026-09-28 02:04:00.104 | INFO     | plugrl_env_client.runner.rollout:log_timing_summary:98 - Intermediate rollout timing summary: env_steps=797877 infer_calls=200001 feedback_calls=200000 infer_wait=8319.990s infer_obs_pack=9.271s env_step=5839.856s feedback_total=38.188s feedback_obs_pack=13.039s feedback_info_pack=0.661s effective_fps=56.16
2026-09-28 02:04:00.105 | INFO     | plugrl_env_client.runner.rollout:log_timing_summary:98 - Intermediate rollout timing summary: env_steps=797882 infer_calls=200002 feedback_calls=200001 infer_wait=8327.098s infer_obs_pack=9.318s env_step=5833.231s feedback_total=38.223s feedback_obs_pack=12.934s feedback_info_pack=0.687s effective_fps=56.16
2026-09-28 02:04:30.110 | INFO     | plugrl_env_client.runner.rollout:log_timing_summary:98 - Intermediate rollout timing summary: env_steps=800500 infer_calls=200652 feedback_calls=200652 infer_wait=8347.359s infer_obs_pack=9.350s env_step=5842.570s feedback_total=38.540s feedback_obs_pack=13.060s feedback_info_pack=0.680s effective_fps=56.22
2026-09-28 02:04:30.113 | INFO     | plugrl_env_client.runner.rollout:log_timing_summary:98 - Intermediate rollout timing summary: env_steps=800480 infer_calls=200652 feedback_calls=200652 infer_wait=8336.413s infer_obs_pack=9.351s env_step=5853.643s feedback_total=38.361s feedback_obs_pack=12.979s feedback_info_pack=0.690s effective_fps=56.22
2026-09-28 02:04:30.134 | INFO     | plugrl_env_client.runner.rollout:log_timing_summary:98 - Intermediate rollout timing summary: env_steps=800470 infer_calls=200652 feedback_calls=200651 infer_wait=8329.604s infer_obs_pack=9.304s env_step=5859.987s feedback_total=38.320s feedback_obs_pack=13.084s feedback_info_pack=0.663s effective_fps=56.22
2026-09-28 02:05:00.114 | INFO     | plugrl_env_client.runner.rollout:log_timing_summary:98 - Intermediate rollout timing summary: env_steps=803225 infer_calls=201336 feedback_calls=201335 infer_wait=8357.153s infer_obs_pack=9.383s env_step=5862.485s feedback_total=38.678s feedback_obs_pack=13.108s feedback_info_pack=0.682s effective_fps=56.30
2026-09-28 02:05:00.117 | INFO     | plugrl_env_client.runner.rollout:log_timing_summary:98 - Intermediate rollout timing summary: env_steps=803206 infer_calls=201336 feedback_calls=201335 infer_wait=8346.173s infer_obs_pack=9.384s env_step=5873.594s feedback_total=38.500s feedback_obs_pack=13.025s feedback_info_pack=0.692s effective_fps=56.30
2026-09-28 02:05:00.141 | INFO     | plugrl_env_client.runner.rollout:log_timing_summary:98 - Intermediate rollout timing summary: env_steps=803200 infer_calls=201335 feedback_calls=201335 infer_wait=8338.860s infer_obs_pack=9.339s env_step=5880.434s feedback_total=38.458s feedback_obs_pack=13.130s feedback_info_pack=0.666s effective_fps=56.30
2026-09-28 02:05:30.141 | INFO     | plugrl_env_client.runner.rollout:log_timing_summary:98 - Intermediate rollout timing summary: env_steps=805901 infer_calls=202006 feedback_calls=202005 infer_wait=8367.146s infer_obs_pack=9.416s env_step=5882.225s feedback_total=38.819s feedback_obs_pack=13.155s feedback_info_pack=0.684s effective_fps=56.37
2026-09-28 02:05:30.142 | INFO     | plugrl_env_client.runner.rollout:log_timing_summary:98 - Intermediate rollout timing summary: env_steps=805872 infer_calls=202005 feedback_calls=202004 infer_wait=8347.848s infer_obs_pack=9.373s env_step=5901.153s feedback_total=38.602s feedback_obs_pack=13.176s feedback_info_pack=0.668s effective_fps=56.37
2026-09-28 02:05:30.142 | INFO     | plugrl_env_client.runner.rollout:log_timing_summary:98 - Intermediate rollout timing summary: env_steps=805876 infer_calls=202006 feedback_calls=202005 infer_wait=8355.767s infer_obs_pack=9.416s env_step=5893.745s feedback_total=38.636s feedback_obs_pack=13.071s feedback_info_pack=0.694s effective_fps=56.36
2026-09-28 02:06:00.144 | INFO     | plugrl_env_client.runner.rollout:log_timing_summary:98 - Intermediate rollout timing summary: env_steps=808552 infer_calls=202678 feedback_calls=202677 infer_wait=8357.554s infer_obs_pack=9.406s env_step=5921.156s feedback_total=38.736s feedback_obs_pack=13.222s feedback_info_pack=0.670s effective_fps=56.44
2026-09-28 02:06:00.148 | INFO     | plugrl_env_client.runner.rollout:log_timing_summary:98 - Intermediate rollout timing summary: env_steps=808556 infer_calls=202679 feedback_calls=202678 infer_wait=8365.194s infer_obs_pack=9.450s env_step=5914.025s feedback_total=38.775s feedback_obs_pack=13.118s feedback_info_pack=0.697s effective_fps=56.43
2026-09-28 02:06:00.149 | INFO     | plugrl_env_client.runner.rollout:log_timing_summary:98 - Intermediate rollout timing summary: env_steps=808587 infer_calls=202679 feedback_calls=202678 infer_wait=8376.678s infer_obs_pack=9.450s env_step=5902.413s feedback_total=38.956s feedback_obs_pack=13.201s feedback_info_pack=0.687s effective_fps=56.44
2026-09-28 02:06:30.149 | INFO     | plugrl_env_client.runner.rollout:log_timing_summary:98 - Intermediate rollout timing summary: env_steps=811230 infer_calls=203349 feedback_calls=203348 infer_wait=8366.791s infer_obs_pack=9.438s env_step=5941.636s feedback_total=38.875s feedback_obs_pack=13.268s feedback_info_pack=0.673s effective_fps=56.51
2026-09-28 02:06:30.152 | INFO     | plugrl_env_client.runner.rollout:log_timing_summary:98 - Intermediate rollout timing summary: env_steps=811266 infer_calls=203350 feedback_calls=203349 infer_wait=8385.904s infer_obs_pack=9.484s env_step=5922.904s feedback_total=39.093s feedback_obs_pack=13.248s feedback_info_pack=0.689s effective_fps=56.51
2026-09-28 02:06:30.157 | INFO     | plugrl_env_client.runner.rollout:log_timing_summary:98 - Intermediate rollout timing summary: env_steps=811229 infer_calls=203350 feedback_calls=203349 infer_wait=8374.658s infer_obs_pack=9.485s env_step=5934.282s feedback_total=38.911s feedback_obs_pack=13.164s feedback_info_pack=0.699s effective_fps=56.50
2026-09-28 02:08:56.349 | INFO     | plugrl_env_client.runner.rollout:log_timing_summary:98 - Intermediate rollout timing summary: env_steps=813867 infer_calls=204002 feedback_calls=204001 infer_wait=8512.232s infer_obs_pack=9.515s env_step=5942.501s feedback_total=39.222s feedback_obs_pack=13.291s feedback_info_pack=0.692s effective_fps=56.12
2026-09-28 02:08:56.350 | INFO     | plugrl_env_client.runner.rollout:log_timing_summary:98 - Intermediate rollout timing summary: env_steps=813831 infer_calls=204001 feedback_calls=204000 infer_wait=8493.227s infer_obs_pack=9.470s env_step=5961.122s feedback_total=39.005s feedback_obs_pack=13.313s feedback_info_pack=0.675s effective_fps=56.12
2026-09-28 02:08:56.354 | INFO     | plugrl_env_client.runner.rollout:log_timing_summary:98 - Intermediate rollout timing summary: env_steps=813834 infer_calls=204002 feedback_calls=204001 infer_wait=8501.085s infer_obs_pack=9.515s env_step=5953.781s feedback_total=39.042s feedback_obs_pack=13.209s feedback_info_pack=0.702s effective_fps=56.11
2026-09-28 02:09:26.351 | INFO     | plugrl_env_client.runner.rollout:log_timing_summary:98 - Intermediate rollout timing summary: env_steps=816518 infer_calls=204668 feedback_calls=204667 infer_wait=8522.069s infer_obs_pack=9.547s env_step=5962.378s feedback_total=39.356s feedback_obs_pack=13.336s feedback_info_pack=0.694s effective_fps=56.18
2026-09-28 02:09:26.358 | INFO     | plugrl_env_client.runner.rollout:log_timing_summary:98 - Intermediate rollout timing summary: env_steps=816485 infer_calls=204667 feedback_calls=204666 infer_wait=8502.207s infer_obs_pack=9.504s env_step=5981.854s feedback_total=39.142s feedback_obs_pack=13.360s feedback_info_pack=0.677s effective_fps=56.18
2026-09-28 02:09:26.358 | INFO     | plugrl_env_client.runner.rollout:log_timing_summary:98 - Intermediate rollout timing summary: env_steps=816494 infer_calls=204668 feedback_calls=204667 infer_wait=8510.521s infer_obs_pack=9.548s env_step=5974.067s feedback_total=39.175s feedback_obs_pack=13.254s feedback_info_pack=0.704s effective_fps=56.18
2026-09-28 02:09:56.354 | INFO     | plugrl_env_client.runner.rollout:log_timing_summary:98 - Intermediate rollout timing summary: env_steps=819189 infer_calls=205337 feedback_calls=205336 infer_wait=8532.039s infer_obs_pack=9.579s env_step=5982.134s feedback_total=39.487s feedback_obs_pack=13.381s feedback_info_pack=0.696s effective_fps=56.25
2026-09-28 02:09:56.360 | INFO     | plugrl_env_client.runner.rollout:log_timing_summary:98 - Intermediate rollout timing summary: env_steps=819146 infer_calls=205336 feedback_calls=205335 infer_wait=8511.631s infer_obs_pack=9.538s env_step=6002.142s feedback_total=39.277s feedback_obs_pack=13.409s feedback_info_pack=0.679s effective_fps=56.25
2026-09-28 02:09:56.362 | INFO     | plugrl_env_client.runner.rollout:log_timing_summary:98 - Intermediate rollout timing summary: env_steps=819159 infer_calls=205337 feedback_calls=205336 infer_wait=8519.719s infer_obs_pack=9.581s env_step=5994.587s feedback_total=39.310s feedback_obs_pack=13.301s feedback_info_pack=0.706s effective_fps=56.25
2026-09-28 02:10:26.359 | INFO     | plugrl_env_client.runner.rollout:log_timing_summary:98 - Intermediate rollout timing summary: env_steps=821881 infer_calls=206013 feedback_calls=206012 infer_wait=8541.747s infer_obs_pack=9.612s env_step=6002.138s feedback_total=39.629s feedback_obs_pack=13.430s feedback_info_pack=0.699s effective_fps=56.32
2026-09-28 02:10:26.361 | INFO     | plugrl_env_client.runner.rollout:log_timing_summary:98 - Intermediate rollout timing summary: env_steps=821839 infer_calls=206012 feedback_calls=206011 infer_wait=8521.014s infer_obs_pack=9.573s env_step=6022.469s feedback_total=39.413s feedback_obs_pack=13.455s feedback_info_pack=0.682s effective_fps=56.32
2026-09-28 02:10:26.362 | INFO     | plugrl_env_client.runner.rollout:log_timing_summary:98 - Intermediate rollout timing summary: env_steps=821859 infer_calls=206013 feedback_calls=206012 infer_wait=8529.306s infer_obs_pack=9.614s env_step=6014.715s feedback_total=39.442s feedback_obs_pack=13.347s feedback_info_pack=0.709s effective_fps=56.32
2026-09-28 02:10:56.377 | INFO     | plugrl_env_client.runner.rollout:log_timing_summary:98 - Intermediate rollout timing summary: env_steps=824524 infer_calls=206682 feedback_calls=206681 infer_wait=8539.004s infer_obs_pack=9.648s env_step=6034.742s feedback_total=39.579s feedback_obs_pack=13.392s feedback_info_pack=0.711s effective_fps=56.39
2026-09-28 02:10:56.379 | INFO     | plugrl_env_client.runner.rollout:log_timing_summary:98 - Intermediate rollout timing summary: env_steps=824545 infer_calls=206682 feedback_calls=206681 infer_wait=8551.433s infer_obs_pack=9.646s env_step=6022.169s feedback_total=39.771s feedback_obs_pack=13.476s feedback_info_pack=0.701s effective_fps=56.39
2026-09-28 02:10:56.384 | INFO     | plugrl_env_client.runner.rollout:log_timing_summary:98 - Intermediate rollout timing summary: env_steps=824508 infer_calls=206681 feedback_calls=206680 infer_wait=8530.621s infer_obs_pack=9.606s env_step=6042.592s feedback_total=39.559s feedback_obs_pack=13.506s feedback_info_pack=0.684s effective_fps=56.39
2026-09-28 02:11:26.381 | INFO     | plugrl_env_client.runner.rollout:log_timing_summary:98 - Intermediate rollout timing summary: env_steps=827230 infer_calls=207362 feedback_calls=207361 infer_wait=8548.687s infer_obs_pack=9.682s env_step=6054.765s feedback_total=39.719s feedback_obs_pack=13.440s feedback_info_pack=0.714s effective_fps=56.46
2026-09-28 02:11:26.381 | INFO     | plugrl_env_client.runner.rollout:log_timing_summary:98 - Intermediate rollout timing summary: env_steps=827258 infer_calls=207362 feedback_calls=207361 infer_wait=8560.998s infer_obs_pack=9.679s env_step=6042.318s feedback_total=39.909s feedback_obs_pack=13.522s feedback_info_pack=0.705s effective_fps=56.46
2026-09-28 02:11:26.388 | INFO     | plugrl_env_client.runner.rollout:log_timing_summary:98 - Intermediate rollout timing summary: env_steps=827223 infer_calls=207361 feedback_calls=207360 infer_wait=8540.227s infer_obs_pack=9.639s env_step=6062.697s feedback_total=39.702s feedback_obs_pack=13.554s feedback_info_pack=0.687s effective_fps=56.46
2026-09-28 02:13:53.543 | INFO     | plugrl_env_client.runner.rollout:log_timing_summary:98 - Intermediate rollout timing summary: env_steps=829787 infer_calls=208002 feedback_calls=208001 infer_wait=8676.014s infer_obs_pack=9.714s env_step=6074.320s feedback_total=39.853s feedback_obs_pack=13.484s feedback_info_pack=0.716s effective_fps=56.07
2026-09-28 02:13:53.545 | INFO     | plugrl_env_client.runner.rollout:log_timing_summary:98 - Intermediate rollout timing summary: env_steps=829810 infer_calls=208002 feedback_calls=208001 infer_wait=8688.765s infer_obs_pack=9.712s env_step=6061.432s feedback_total=40.045s feedback_obs_pack=13.570s feedback_info_pack=0.707s effective_fps=56.07
2026-09-28 02:13:53.547 | INFO     | plugrl_env_client.runner.rollout:log_timing_summary:98 - Intermediate rollout timing summary: env_steps=829777 infer_calls=208001 feedback_calls=208000 infer_wait=8667.911s infer_obs_pack=9.670s env_step=6081.894s feedback_total=39.835s feedback_obs_pack=13.599s feedback_info_pack=0.689s effective_fps=56.07
2026-09-28 02:14:23.545 | INFO     | plugrl_env_client.runner.rollout:log_timing_summary:98 - Intermediate rollout timing summary: env_steps=832509 infer_calls=208678 feedback_calls=208677 infer_wait=8698.413s infer_obs_pack=9.745s env_step=6081.496s feedback_total=40.184s feedback_obs_pack=13.615s feedback_info_pack=0.710s effective_fps=56.14
2026-09-28 02:14:23.547 | INFO     | plugrl_env_client.runner.rollout:log_timing_summary:98 - Intermediate rollout timing summary: env_steps=832484 infer_calls=208678 feedback_calls=208677 infer_wait=8685.072s infer_obs_pack=9.747s env_step=6094.980s feedback_total=39.990s feedback_obs_pack=13.530s feedback_info_pack=0.718s effective_fps=56.14
2026-09-28 02:14:23.556 | INFO     | plugrl_env_client.runner.rollout:log_timing_summary:98 - Intermediate rollout timing summary: env_steps=832470 infer_calls=208677 feedback_calls=208676 infer_wait=8677.695s infer_obs_pack=9.702s env_step=6101.828s feedback_total=39.971s feedback_obs_pack=13.643s feedback_info_pack=0.691s effective_fps=56.14
2026-09-28 02:14:53.547 | INFO     | plugrl_env_client.runner.rollout:log_timing_summary:98 - Intermediate rollout timing summary: env_steps=835275 infer_calls=209370 feedback_calls=209370 infer_wait=8707.732s infer_obs_pack=9.778s env_step=6101.892s feedback_total=40.324s feedback_obs_pack=13.662s feedback_info_pack=0.712s effective_fps=56.21
2026-09-28 02:14:53.566 | INFO     | plugrl_env_client.runner.rollout:log_timing_summary:98 - Intermediate rollout timing summary: env_steps=835244 infer_calls=209371 feedback_calls=209370 infer_wait=8694.648s infer_obs_pack=9.780s env_step=6115.131s feedback_total=40.127s feedback_obs_pack=13.576s feedback_info_pack=0.721s effective_fps=56.21
2026-09-28 02:14:53.567 | INFO     | plugrl_env_client.runner.rollout:log_timing_summary:98 - Intermediate rollout timing summary: env_steps=835232 infer_calls=209370 feedback_calls=209369 infer_wait=8687.319s infer_obs_pack=9.736s env_step=6121.921s feedback_total=40.106s feedback_obs_pack=13.690s feedback_info_pack=0.694s effective_fps=56.21
2026-09-28 02:15:23.560 | INFO     | plugrl_env_client.runner.rollout:log_timing_summary:98 - Intermediate rollout timing summary: env_steps=837941 infer_calls=210039 feedback_calls=210038 infer_wait=8716.926s infer_obs_pack=9.812s env_step=6122.424s feedback_total=40.460s feedback_obs_pack=13.708s feedback_info_pack=0.715s effective_fps=56.28
2026-09-28 02:15:23.567 | INFO     | plugrl_env_client.runner.rollout:log_timing_summary:98 - Intermediate rollout timing summary: env_steps=837909 infer_calls=210039 feedback_calls=210038 infer_wait=8704.560s infer_obs_pack=9.812s env_step=6134.944s feedback_total=40.260s feedback_obs_pack=13.620s feedback_info_pack=0.723s effective_fps=56.27
2026-09-28 02:15:23.571 | INFO     | plugrl_env_client.runner.rollout:log_timing_summary:98 - Intermediate rollout timing summary: env_steps=837897 infer_calls=210038 feedback_calls=210037 infer_wait=8696.744s infer_obs_pack=9.768s env_step=6142.218s feedback_total=40.239s feedback_obs_pack=13.735s feedback_info_pack=0.696s effective_fps=56.28
2026-09-28 02:15:53.562 | INFO     | plugrl_env_client.runner.rollout:log_timing_summary:98 - Intermediate rollout timing summary: env_steps=840614 infer_calls=210709 feedback_calls=210708 infer_wait=8726.710s infer_obs_pack=9.845s env_step=6142.358s feedback_total=40.595s feedback_obs_pack=13.756s feedback_info_pack=0.717s effective_fps=56.34
2026-09-28 02:15:53.586 | INFO     | plugrl_env_client.runner.rollout:log_timing_summary:98 - Intermediate rollout timing summary: env_steps=840578 infer_calls=210709 feedback_calls=210708 infer_wait=8706.046s infer_obs_pack=9.802s env_step=6162.645s feedback_total=40.376s feedback_obs_pack=13.781s feedback_info_pack=0.698s effective_fps=56.34
2026-09-28 02:15:53.587 | INFO     | plugrl_env_client.runner.rollout:log_timing_summary:98 - Intermediate rollout timing summary: env_steps=840584 infer_calls=210710 feedback_calls=210709 infer_wait=8714.198s infer_obs_pack=9.844s env_step=6155.047s feedback_total=40.391s feedback_obs_pack=13.665s feedback_info_pack=0.726s effective_fps=56.34
2026-09-28 02:16:23.571 | INFO     | plugrl_env_client.runner.rollout:log_timing_summary:98 - Intermediate rollout timing summary: env_steps=843304 infer_calls=211385 feedback_calls=211384 infer_wait=8736.307s infer_obs_pack=9.878s env_step=6162.473s feedback_total=40.736s feedback_obs_pack=13.802s feedback_info_pack=0.719s effective_fps=56.41
2026-09-28 02:16:23.597 | INFO     | plugrl_env_client.runner.rollout:log_timing_summary:98 - Intermediate rollout timing summary: env_steps=843273 infer_calls=211385 feedback_calls=211384 infer_wait=8715.727s infer_obs_pack=9.838s env_step=6182.670s feedback_total=40.517s feedback_obs_pack=13.826s feedback_info_pack=0.701s effective_fps=56.41
2026-09-28 02:16:23.599 | INFO     | plugrl_env_client.runner.rollout:log_timing_summary:98 - Intermediate rollout timing summary: env_steps=843276 infer_calls=211386 feedback_calls=211385 infer_wait=8724.055s infer_obs_pack=9.877s env_step=6174.915s feedback_total=40.525s feedback_obs_pack=13.710s feedback_info_pack=0.728s effective_fps=56.41
2026-09-28 02:18:51.059 | INFO     | plugrl_env_client.runner.rollout:log_timing_summary:98 - Intermediate rollout timing summary: env_steps=845730 infer_calls=212002 feedback_calls=212001 infer_wait=8853.042s infer_obs_pack=9.906s env_step=6193.129s feedback_total=40.650s feedback_obs_pack=13.752s feedback_info_pack=0.730s effective_fps=56.02
2026-09-28 02:18:51.064 | INFO     | plugrl_env_client.runner.rollout:log_timing_summary:98 - Intermediate rollout timing summary: env_steps=845727 infer_calls=212001 feedback_calls=212000 infer_wait=8844.877s infer_obs_pack=9.867s env_step=6200.721s feedback_total=40.644s feedback_obs_pack=13.867s feedback_info_pack=0.703s effective_fps=56.02
2026-09-28 02:18:51.066 | INFO     | plugrl_env_client.runner.rollout:log_timing_summary:98 - Intermediate rollout timing summary: env_steps=845761 infer_calls=212002 feedback_calls=212001 infer_wait=8865.702s infer_obs_pack=9.907s env_step=6180.310s feedback_total=40.859s feedback_obs_pack=13.843s feedback_info_pack=0.722s effective_fps=56.02
2026-09-28 02:19:21.070 | INFO     | plugrl_env_client.runner.rollout:log_timing_summary:98 - Intermediate rollout timing summary: env_steps=848275 infer_calls=212640 feedback_calls=212639 infer_wait=8862.624s infer_obs_pack=9.941s env_step=6213.267s feedback_total=40.792s feedback_obs_pack=13.798s feedback_info_pack=0.733s effective_fps=56.08
2026-09-28 02:19:21.072 | INFO     | plugrl_env_client.runner.rollout:log_timing_summary:98 - Intermediate rollout timing summary: env_steps=848267 infer_calls=212639 feedback_calls=212638 infer_wait=8854.680s infer_obs_pack=9.901s env_step=6220.627s feedback_total=40.789s feedback_obs_pack=13.915s feedback_info_pack=0.705s effective_fps=56.08
2026-09-28 02:19:21.074 | INFO     | plugrl_env_client.runner.rollout:log_timing_summary:98 - Intermediate rollout timing summary: env_steps=848299 infer_calls=212640 feedback_calls=212639 infer_wait=8875.439s infer_obs_pack=9.942s env_step=6200.274s feedback_total=41.005s feedback_obs_pack=13.889s feedback_info_pack=0.724s effective_fps=56.08
2026-09-28 02:19:51.071 | INFO     | plugrl_env_client.runner.rollout:log_timing_summary:98 - Intermediate rollout timing summary: env_steps=850839 infer_calls=213282 feedback_calls=213281 infer_wait=8872.589s infer_obs_pack=9.973s env_step=6233.016s feedback_total=40.929s feedback_obs_pack=13.843s feedback_info_pack=0.735s effective_fps=56.14
2026-09-28 02:19:51.077 | INFO     | plugrl_env_client.runner.rollout:log_timing_summary:98 - Intermediate rollout timing summary: env_steps=850860 infer_calls=213282 feedback_calls=213281 infer_wait=8885.322s infer_obs_pack=9.975s env_step=6220.108s feedback_total=41.140s feedback_obs_pack=13.935s feedback_info_pack=0.727s effective_fps=56.14
2026-09-28 02:19:51.078 | INFO     | plugrl_env_client.runner.rollout:log_timing_summary:98 - Intermediate rollout timing summary: env_steps=850829 infer_calls=213281 feedback_calls=213280 infer_wait=8864.620s infer_obs_pack=9.936s env_step=6240.395s feedback_total=40.925s feedback_obs_pack=13.961s feedback_info_pack=0.707s effective_fps=56.14
2026-09-28 02:20:21.079 | INFO     | plugrl_env_client.runner.rollout:log_timing_summary:98 - Intermediate rollout timing summary: env_steps=853460 infer_calls=213939 feedback_calls=213938 infer_wait=8882.085s infer_obs_pack=10.010s env_step=6253.225s feedback_total=41.071s feedback_obs_pack=13.890s feedback_info_pack=0.738s effective_fps=56.20
2026-09-28 02:20:21.080 | INFO     | plugrl_env_client.runner.rollout:log_timing_summary:98 - Intermediate rollout timing summary: env_steps=853447 infer_calls=213938 feedback_calls=213937 infer_wait=8874.346s infer_obs_pack=9.973s env_step=6260.365s feedback_total=41.068s feedback_obs_pack=14.009s feedback_info_pack=0.710s effective_fps=56.20
2026-09-28 02:20:21.082 | INFO     | plugrl_env_client.runner.rollout:log_timing_summary:98 - Intermediate rollout timing summary: env_steps=853479 infer_calls=213939 feedback_calls=213938 infer_wait=8895.037s infer_obs_pack=10.009s env_step=6240.095s feedback_total=41.283s feedback_obs_pack=13.982s feedback_info_pack=0.729s effective_fps=56.20
2026-09-28 02:20:51.080 | INFO     | plugrl_env_client.runner.rollout:log_timing_summary:98 - Intermediate rollout timing summary: env_steps=855997 infer_calls=214578 feedback_calls=214578 infer_wait=8884.062s infer_obs_pack=10.011s env_step=6280.349s feedback_total=41.207s feedback_obs_pack=14.057s feedback_info_pack=0.712s effective_fps=56.26
2026-09-28 02:20:51.095 | INFO     | plugrl_env_client.runner.rollout:log_timing_summary:98 - Intermediate rollout timing summary: env_steps=856014 infer_calls=214580 feedback_calls=214579 infer_wait=8891.542s infer_obs_pack=10.045s env_step=6273.496s feedback_total=41.209s feedback_obs_pack=13.937s feedback_info_pack=0.740s effective_fps=56.26
2026-09-28 02:20:51.097 | INFO     | plugrl_env_client.runner.rollout:log_timing_summary:98 - Intermediate rollout timing summary: env_steps=856031 infer_calls=214580 feedback_calls=214579 infer_wait=8905.423s infer_obs_pack=10.042s env_step=6259.434s feedback_total=41.423s feedback_obs_pack=14.029s feedback_info_pack=0.732s effective_fps=56.26
2026-09-28 02:21:21.082 | INFO     | plugrl_env_client.runner.rollout:log_timing_summary:98 - Intermediate rollout timing summary: env_steps=858576 infer_calls=215226 feedback_calls=215225 infer_wait=8893.837s infer_obs_pack=10.045s env_step=6300.277s feedback_total=41.345s feedback_obs_pack=14.103s feedback_info_pack=0.715s effective_fps=56.32
2026-09-28 02:21:21.099 | INFO     | plugrl_env_client.runner.rollout:log_timing_summary:98 - Intermediate rollout timing summary: env_steps=858614 infer_calls=215227 feedback_calls=215227 infer_wait=8915.273s infer_obs_pack=10.076s env_step=6279.294s feedback_total=41.562s feedback_obs_pack=14.075s feedback_info_pack=0.734s effective_fps=56.32
2026-09-28 02:21:21.101 | INFO     | plugrl_env_client.runner.rollout:log_timing_summary:98 - Intermediate rollout timing summary: env_steps=858595 infer_calls=215227 feedback_calls=215227 infer_wait=8901.497s infer_obs_pack=10.078s env_step=6293.255s feedback_total=41.346s feedback_obs_pack=13.983s feedback_info_pack=0.743s effective_fps=56.32
2026-09-28 02:21:51.083 | INFO     | plugrl_env_client.runner.rollout:log_timing_summary:98 - Intermediate rollout timing summary: env_steps=861113 infer_calls=215862 feedback_calls=215861 infer_wait=8903.565s infer_obs_pack=10.078s env_step=6320.260s feedback_total=41.481s feedback_obs_pack=14.149s feedback_info_pack=0.717s effective_fps=56.37
2026-09-28 02:21:51.103 | INFO     | plugrl_env_client.runner.rollout:log_timing_summary:98 - Intermediate rollout timing summary: env_steps=861149 infer_calls=215863 feedback_calls=215863 infer_wait=8925.268s infer_obs_pack=10.109s env_step=6299.011s feedback_total=41.699s feedback_obs_pack=14.121s feedback_info_pack=0.737s effective_fps=56.37
2026-09-28 02:21:51.107 | INFO     | plugrl_env_client.runner.rollout:log_timing_summary:98 - Intermediate rollout timing summary: env_steps=861127 infer_calls=215863 feedback_calls=215863 infer_wait=8911.460s infer_obs_pack=10.112s env_step=6312.999s feedback_total=41.483s feedback_obs_pack=14.028s feedback_info_pack=0.745s effective_fps=56.37
2026-09-28 02:23:57.444 | INFO     | plugrl_env_client.runner.rollout:log_timing_summary:98 - Intermediate rollout timing summary: env_steps=861701 infer_calls=216002 feedback_calls=216001 infer_wait=9047.098s infer_obs_pack=10.116s env_step=6303.460s feedback_total=41.728s feedback_obs_pack=14.131s feedback_info_pack=0.737s effective_fps=55.95
2026-09-28 02:23:57.449 | INFO     | plugrl_env_client.runner.rollout:log_timing_summary:98 - Intermediate rollout timing summary: env_steps=861666 infer_calls=216001 feedback_calls=216000 infer_wait=9025.863s infer_obs_pack=10.085s env_step=6324.261s feedback_total=41.515s feedback_obs_pack=14.161s feedback_info_pack=0.717s effective_fps=55.95
2026-09-28 02:23:57.449 | INFO     | plugrl_env_client.runner.rollout:log_timing_summary:98 - Intermediate rollout timing summary: env_steps=861678 infer_calls=216002 feedback_calls=216001 infer_wait=9033.465s infer_obs_pack=10.120s env_step=6317.274s feedback_total=41.512s feedback_obs_pack=14.038s feedback_info_pack=0.746s effective_fps=55.94
2026-09-28 02:24:27.449 | INFO     | plugrl_env_client.runner.rollout:log_timing_summary:98 - Intermediate rollout timing summary: env_steps=864381 infer_calls=216681 feedback_calls=216680 infer_wait=9035.316s infer_obs_pack=10.117s env_step=6344.513s feedback_total=41.656s feedback_obs_pack=14.207s feedback_info_pack=0.720s effective_fps=56.01
2026-09-28 02:24:27.452 | INFO     | plugrl_env_client.runner.rollout:log_timing_summary:98 - Intermediate rollout timing summary: env_steps=864413 infer_calls=216682 feedback_calls=216682 infer_wait=9056.549s infer_obs_pack=10.150s env_step=6323.722s feedback_total=41.871s feedback_obs_pack=14.179s feedback_info_pack=0.739s effective_fps=56.01
2026-09-28 02:24:27.476 | INFO     | plugrl_env_client.runner.rollout:log_timing_summary:98 - Intermediate rollout timing summary: env_steps=864392 infer_calls=216683 feedback_calls=216682 infer_wait=9042.625s infer_obs_pack=10.153s env_step=6337.833s feedback_total=41.654s feedback_obs_pack=14.085s feedback_info_pack=0.748s effective_fps=56.01
2026-09-28 02:24:57.477 | INFO     | plugrl_env_client.runner.rollout:log_timing_summary:98 - Intermediate rollout timing summary: env_steps=867026 infer_calls=217338 feedback_calls=217337 infer_wait=9066.108s infer_obs_pack=10.187s env_step=6343.898s feedback_total=42.008s feedback_obs_pack=14.224s feedback_info_pack=0.742s effective_fps=56.07
2026-09-28 02:24:57.479 | INFO     | plugrl_env_client.runner.rollout:log_timing_summary:98 - Intermediate rollout timing summary: env_steps=866988 infer_calls=217337 feedback_calls=217336 infer_wait=9045.174s infer_obs_pack=10.153s env_step=6364.384s feedback_total=41.795s feedback_obs_pack=14.253s feedback_info_pack=0.722s effective_fps=56.07
2026-09-28 02:24:57.481 | INFO     | plugrl_env_client.runner.rollout:log_timing_summary:98 - Intermediate rollout timing summary: env_steps=867002 infer_calls=217338 feedback_calls=217337 infer_wait=9052.309s infer_obs_pack=10.188s env_step=6357.858s feedback_total=41.789s feedback_obs_pack=14.131s feedback_info_pack=0.751s effective_fps=56.07
2026-09-28 02:25:27.479 | INFO     | plugrl_env_client.runner.rollout:log_timing_summary:98 - Intermediate rollout timing summary: env_steps=869617 infer_calls=217987 feedback_calls=217986 infer_wait=9075.393s infer_obs_pack=10.219s env_step=6364.327s feedback_total=42.144s feedback_obs_pack=14.270s feedback_info_pack=0.744s effective_fps=56.13
2026-09-28 02:25:27.479 | INFO     | plugrl_env_client.runner.rollout:log_timing_summary:98 - Intermediate rollout timing summary: env_steps=869583 infer_calls=217986 feedback_calls=217986 infer_wait=9054.441s infer_obs_pack=10.186s env_step=6384.831s feedback_total=41.932s feedback_obs_pack=14.298s feedback_info_pack=0.724s effective_fps=56.13
2026-09-28 02:25:27.482 | INFO     | plugrl_env_client.runner.rollout:log_timing_summary:98 - Intermediate rollout timing summary: env_steps=869594 infer_calls=217987 feedback_calls=217986 infer_wait=9061.845s infer_obs_pack=10.220s env_step=6378.037s feedback_total=41.927s feedback_obs_pack=14.176s feedback_info_pack=0.753s effective_fps=56.13
2026-09-28 02:25:57.480 | INFO     | plugrl_env_client.runner.rollout:log_timing_summary:98 - Intermediate rollout timing summary: env_steps=872279 infer_calls=218656 feedback_calls=218655 infer_wait=9085.379s infer_obs_pack=10.252s env_step=6384.053s feedback_total=42.281s feedback_obs_pack=14.315s feedback_info_pack=0.747s effective_fps=56.20
2026-09-28 02:25:57.483 | INFO     | plugrl_env_client.runner.rollout:log_timing_summary:98 - Intermediate rollout timing summary: env_steps=872266 infer_calls=218656 feedback_calls=218656 infer_wait=9071.273s infer_obs_pack=10.254s env_step=6398.321s feedback_total=42.064s feedback_obs_pack=14.223s feedback_info_pack=0.756s effective_fps=56.20
2026-09-28 02:25:57.486 | INFO     | plugrl_env_client.runner.rollout:log_timing_summary:98 - Intermediate rollout timing summary: env_steps=872248 infer_calls=218655 feedback_calls=218654 infer_wait=9064.095s infer_obs_pack=10.220s env_step=6404.886s feedback_total=42.072s feedback_obs_pack=14.346s feedback_info_pack=0.727s effective_fps=56.20
2026-09-28 02:26:27.482 | INFO     | plugrl_env_client.runner.rollout:log_timing_summary:98 - Intermediate rollout timing summary: env_steps=874937 infer_calls=219323 feedback_calls=219322 infer_wait=9095.146s infer_obs_pack=10.285s env_step=6404.002s feedback_total=42.415s feedback_obs_pack=14.361s feedback_info_pack=0.749s effective_fps=56.26
2026-09-28 02:26:27.487 | INFO     | plugrl_env_client.runner.rollout:log_timing_summary:98 - Intermediate rollout timing summary: env_steps=874918 infer_calls=219323 feedback_calls=219322 infer_wait=9080.878s infer_obs_pack=10.287s env_step=6418.435s feedback_total=42.196s feedback_obs_pack=14.268s feedback_info_pack=0.758s effective_fps=56.26
2026-09-28 02:26:27.488 | INFO     | plugrl_env_client.runner.rollout:log_timing_summary:98 - Intermediate rollout timing summary: env_steps=874908 infer_calls=219322 feedback_calls=219321 infer_wait=9073.348s infer_obs_pack=10.253s env_step=6425.348s feedback_total=42.211s feedback_obs_pack=14.392s feedback_info_pack=0.731s effective_fps=56.26
2026-09-28 02:26:57.486 | INFO     | plugrl_env_client.runner.rollout:log_timing_summary:98 - Intermediate rollout timing summary: env_steps=877570 infer_calls=219981 feedback_calls=219981 infer_wait=9104.637s infer_obs_pack=10.317s env_step=6424.232s feedback_total=42.557s feedback_obs_pack=14.408s feedback_info_pack=0.752s effective_fps=56.32
2026-09-28 02:26:57.495 | INFO     | plugrl_env_client.runner.rollout:log_timing_summary:98 - Intermediate rollout timing summary: env_steps=877535 infer_calls=219980 feedback_calls=219980 infer_wait=9082.488s infer_obs_pack=10.287s env_step=6445.925s feedback_total=42.348s feedback_obs_pack=14.438s feedback_info_pack=0.734s effective_fps=56.32
2026-09-28 02:26:57.495 | INFO     | plugrl_env_client.runner.rollout:log_timing_summary:98 - Intermediate rollout timing summary: env_steps=877541 infer_calls=219981 feedback_calls=219981 infer_wait=9090.587s infer_obs_pack=10.323s env_step=6438.448s feedback_total=42.330s feedback_obs_pack=14.314s feedback_info_pack=0.760s effective_fps=56.32
2026-09-28 02:28:57.317 | INFO     | plugrl_env_client.runner.rollout:log_timing_summary:98 - Intermediate rollout timing summary: env_steps=877616 infer_calls=220001 feedback_calls=220000 infer_wait=9201.667s infer_obs_pack=10.288s env_step=6446.561s feedback_total=42.352s feedback_obs_pack=14.439s feedback_info_pack=0.734s effective_fps=55.90
2026-09-28 02:28:57.319 | INFO     | plugrl_env_client.runner.rollout:log_timing_summary:98 - Intermediate rollout timing summary: env_steps=877622 infer_calls=220002 feedback_calls=220001 infer_wait=9209.775s infer_obs_pack=10.324s env_step=6439.076s feedback_total=42.333s feedback_obs_pack=14.315s feedback_info_pack=0.761s effective_fps=55.89
2026-09-28 02:28:57.320 | INFO     | plugrl_env_client.runner.rollout:log_timing_summary:98 - Intermediate rollout timing summary: env_steps=877651 infer_calls=220002 feedback_calls=220001 infer_wait=9223.838s infer_obs_pack=10.318s env_step=6424.856s feedback_total=42.561s feedback_obs_pack=14.410s feedback_info_pack=0.752s effective_fps=55.90
2026-09-28 02:29:27.319 | INFO     | plugrl_env_client.runner.rollout:log_timing_summary:98 - Intermediate rollout timing summary: env_steps=880261 infer_calls=220664 feedback_calls=220663 infer_wait=9211.126s infer_obs_pack=10.321s env_step=6466.812s feedback_total=42.487s feedback_obs_pack=14.485s feedback_info_pack=0.736s effective_fps=55.96
2026-09-28 02:29:27.321 | INFO     | plugrl_env_client.runner.rollout:log_timing_summary:98 - Intermediate rollout timing summary: env_steps=880291 infer_calls=220665 feedback_calls=220664 infer_wait=9233.557s infer_obs_pack=10.350s env_step=6444.855s feedback_total=42.697s feedback_obs_pack=14.454s feedback_info_pack=0.754s effective_fps=55.96
2026-09-28 02:29:27.322 | INFO     | plugrl_env_client.runner.rollout:log_timing_summary:98 - Intermediate rollout timing summary: env_steps=880267 infer_calls=220665 feedback_calls=220664 infer_wait=9219.471s infer_obs_pack=10.356s env_step=6459.094s feedback_total=42.470s feedback_obs_pack=14.363s feedback_info_pack=0.763s effective_fps=55.96
2026-09-28 02:29:57.320 | INFO     | plugrl_env_client.runner.rollout:log_timing_summary:98 - Intermediate rollout timing summary: env_steps=882904 infer_calls=221328 feedback_calls=221327 infer_wait=9220.764s infer_obs_pack=10.357s env_step=6486.890s feedback_total=42.618s feedback_obs_pack=14.530s feedback_info_pack=0.738s effective_fps=56.02
2026-09-28 02:29:57.321 | INFO     | plugrl_env_client.runner.rollout:log_timing_summary:98 - Intermediate rollout timing summary: env_steps=882943 infer_calls=221329 feedback_calls=221328 infer_wait=9243.394s infer_obs_pack=10.381s env_step=6464.748s feedback_total=42.827s feedback_obs_pack=14.498s feedback_info_pack=0.756s effective_fps=56.02
2026-09-28 02:29:57.324 | INFO     | plugrl_env_client.runner.rollout:log_timing_summary:98 - Intermediate rollout timing summary: env_steps=882908 infer_calls=221329 feedback_calls=221328 infer_wait=9228.901s infer_obs_pack=10.391s env_step=6479.374s feedback_total=42.609s feedback_obs_pack=14.409s feedback_info_pack=0.768s effective_fps=56.02
2026-09-28 02:30:27.320 | INFO     | plugrl_env_client.runner.rollout:log_timing_summary:98 - Intermediate rollout timing summary: env_steps=885584 infer_calls=222000 feedback_calls=221999 infer_wait=9230.016s infer_obs_pack=10.390s env_step=6507.350s feedback_total=42.755s feedback_obs_pack=14.577s feedback_info_pack=0.741s effective_fps=56.08
2026-09-28 02:30:27.328 | INFO     | plugrl_env_client.runner.rollout:log_timing_summary:98 - Intermediate rollout timing summary: env_steps=885626 infer_calls=222001 feedback_calls=222000 infer_wait=9252.477s infer_obs_pack=10.416s env_step=6485.366s feedback_total=42.969s feedback_obs_pack=14.545s feedback_info_pack=0.759s effective_fps=56.08
2026-09-28 02:30:27.329 | INFO     | plugrl_env_client.runner.rollout:log_timing_summary:98 - Intermediate rollout timing summary: env_steps=885590 infer_calls=222001 feedback_calls=222000 infer_wait=9238.736s infer_obs_pack=10.424s env_step=6499.250s feedback_total=42.751s feedback_obs_pack=14.456s feedback_info_pack=0.771s effective_fps=56.08
2026-09-28 02:30:57.327 | INFO     | plugrl_env_client.runner.rollout:log_timing_summary:98 - Intermediate rollout timing summary: env_steps=888344 infer_calls=222690 feedback_calls=222690 infer_wait=9238.861s infer_obs_pack=10.426s env_step=6528.208s feedback_total=42.898s feedback_obs_pack=14.624s feedback_info_pack=0.743s effective_fps=56.15
2026-09-28 02:30:57.339 | INFO     | plugrl_env_client.runner.rollout:log_timing_summary:98 - Intermediate rollout timing summary: env_steps=888345 infer_calls=222692 feedback_calls=222691 infer_wait=9248.170s infer_obs_pack=10.457s env_step=6519.533s feedback_total=42.895s feedback_obs_pack=14.506s feedback_info_pack=0.773s effective_fps=56.15
2026-09-28 02:30:57.340 | INFO     | plugrl_env_client.runner.rollout:log_timing_summary:98 - Intermediate rollout timing summary: env_steps=888372 infer_calls=222692 feedback_calls=222691 infer_wait=9262.386s infer_obs_pack=10.448s env_step=6505.167s feedback_total=43.116s feedback_obs_pack=14.595s feedback_info_pack=0.763s effective_fps=56.15
2026-09-28 02:31:27.338 | INFO     | plugrl_env_client.runner.rollout:log_timing_summary:98 - Intermediate rollout timing summary: env_steps=891295 infer_calls=223431 feedback_calls=223430 infer_wait=9248.119s infer_obs_pack=10.458s env_step=6548.655s feedback_total=43.045s feedback_obs_pack=14.675s feedback_info_pack=0.745s effective_fps=56.23
2026-09-28 02:31:27.343 | INFO     | plugrl_env_client.runner.rollout:log_timing_summary:98 - Intermediate rollout timing summary: env_steps=891325 infer_calls=223432 feedback_calls=223431 infer_wait=9271.582s infer_obs_pack=10.480s env_step=6525.679s feedback_total=43.258s feedback_obs_pack=14.641s feedback_info_pack=0.765s effective_fps=56.23
2026-09-28 02:31:27.355 | INFO     | plugrl_env_client.runner.rollout:log_timing_summary:98 - Intermediate rollout timing summary: env_steps=891296 infer_calls=223432 feedback_calls=223431 infer_wait=9257.309s infer_obs_pack=10.490s env_step=6540.104s feedback_total=43.042s feedback_obs_pack=14.556s feedback_info_pack=0.776s effective_fps=56.23
2026-09-28 02:33:44.546 | INFO     | plugrl_env_client.runner.rollout:log_timing_summary:98 - Intermediate rollout timing summary: env_steps=893593 infer_calls=224002 feedback_calls=224001 infer_wait=9393.263s infer_obs_pack=10.505s env_step=6540.967s feedback_total=43.373s feedback_obs_pack=14.677s feedback_info_pack=0.767s effective_fps=55.89
2026-09-28 02:33:44.554 | INFO     | plugrl_env_client.runner.rollout:log_timing_summary:98 - Intermediate rollout timing summary: env_steps=893568 infer_calls=224002 feedback_calls=224001 infer_wait=9378.793s infer_obs_pack=10.515s env_step=6555.585s feedback_total=43.157s feedback_obs_pack=14.593s feedback_info_pack=0.778s effective_fps=55.89
2026-09-28 02:33:44.554 | INFO     | plugrl_env_client.runner.rollout:log_timing_summary:98 - Intermediate rollout timing summary: env_steps=893573 infer_calls=224001 feedback_calls=224000 infer_wait=9369.691s infer_obs_pack=10.482s env_step=6564.068s feedback_total=43.160s feedback_obs_pack=14.710s feedback_info_pack=0.747s effective_fps=55.89
2026-09-28 02:34:14.547 | INFO     | plugrl_env_client.runner.rollout:log_timing_summary:98 - Intermediate rollout timing summary: env_steps=896678 infer_calls=224778 feedback_calls=224777 infer_wait=9402.123s infer_obs_pack=10.538s env_step=6561.802s feedback_total=43.525s feedback_obs_pack=14.725s feedback_info_pack=0.770s effective_fps=55.98
2026-09-28 02:34:14.559 | INFO     | plugrl_env_client.runner.rollout:log_timing_summary:98 - Intermediate rollout timing summary: env_steps=896672 infer_calls=224777 feedback_calls=224776 infer_wait=9378.607s infer_obs_pack=10.516s env_step=6584.842s feedback_total=43.312s feedback_obs_pack=14.760s feedback_info_pack=0.750s effective_fps=55.98
2026-09-28 02:34:14.562 | INFO     | plugrl_env_client.runner.rollout:log_timing_summary:98 - Intermediate rollout timing summary: env_steps=896656 infer_calls=224778 feedback_calls=224777 infer_wait=9387.366s infer_obs_pack=10.548s env_step=6576.709s feedback_total=43.307s feedback_obs_pack=14.640s feedback_info_pack=0.781s effective_fps=55.98
2026-09-28 02:34:44.553 | INFO     | plugrl_env_client.runner.rollout:log_timing_summary:98 - Intermediate rollout timing summary: env_steps=899767 infer_calls=225552 feedback_calls=225552 infer_wait=9411.216s infer_obs_pack=10.571s env_step=6582.411s feedback_total=43.679s feedback_obs_pack=14.772s feedback_info_pack=0.772s effective_fps=56.07
2026-09-28 02:34:44.565 | INFO     | plugrl_env_client.runner.rollout:log_timing_summary:98 - Intermediate rollout timing summary: env_steps=899744 infer_calls=225553 feedback_calls=225552 infer_wait=9396.121s infer_obs_pack=10.582s env_step=6597.652s feedback_total=43.457s feedback_obs_pack=14.688s feedback_info_pack=0.783s effective_fps=56.07
2026-09-28 02:34:44.568 | INFO     | plugrl_env_client.runner.rollout:log_timing_summary:98 - Intermediate rollout timing summary: env_steps=899753 infer_calls=225552 feedback_calls=225551 infer_wait=9387.311s infer_obs_pack=10.549s env_step=6605.836s feedback_total=43.465s feedback_obs_pack=14.808s feedback_info_pack=0.752s effective_fps=56.07
2026-09-28 02:35:14.557 | INFO     | plugrl_env_client.runner.rollout:log_timing_summary:98 - Intermediate rollout timing summary: env_steps=902844 infer_calls=226324 feedback_calls=226323 infer_wait=9419.761s infer_obs_pack=10.604s env_step=6603.564s feedback_total=43.829s feedback_obs_pack=14.821s feedback_info_pack=0.775s effective_fps=56.15
2026-09-28 02:35:14.571 | INFO     | plugrl_env_client.runner.rollout:log_timing_summary:98 - Intermediate rollout timing summary: env_steps=902821 infer_calls=226324 feedback_calls=226324 infer_wait=9405.425s infer_obs_pack=10.615s env_step=6618.041s feedback_total=43.609s feedback_obs_pack=14.736s feedback_info_pack=0.786s effective_fps=56.15
2026-09-28 02:35:14.574 | INFO     | plugrl_env_client.runner.rollout:log_timing_summary:98 - Intermediate rollout timing summary: env_steps=902833 infer_calls=226323 feedback_calls=226323 infer_wait=9396.241s infer_obs_pack=10.583s env_step=6626.606s feedback_total=43.617s feedback_obs_pack=14.858s feedback_info_pack=0.755s effective_fps=56.16
2026-09-28 02:35:44.564 | INFO     | plugrl_env_client.runner.rollout:log_timing_summary:98 - Intermediate rollout timing summary: env_steps=905984 infer_calls=227112 feedback_calls=227111 infer_wait=9428.453s infer_obs_pack=10.638s env_step=6624.567s feedback_total=43.982s feedback_obs_pack=14.868s feedback_info_pack=0.777s effective_fps=56.25
2026-09-28 02:35:44.585 | INFO     | plugrl_env_client.runner.rollout:log_timing_summary:98 - Intermediate rollout timing summary: env_steps=905978 infer_calls=227112 feedback_calls=227111 infer_wait=9405.283s infer_obs_pack=10.618s env_step=6647.260s feedback_total=43.771s feedback_obs_pack=14.910s feedback_info_pack=0.757s effective_fps=56.25
2026-09-28 02:35:44.591 | INFO     | plugrl_env_client.runner.rollout:log_timing_summary:98 - Intermediate rollout timing summary: env_steps=905962 infer_calls=227113 feedback_calls=227112 infer_wait=9414.007s infer_obs_pack=10.649s env_step=6639.163s feedback_total=43.765s feedback_obs_pack=14.786s feedback_info_pack=0.788s effective_fps=56.24
2026-09-28 02:36:14.566 | INFO     | plugrl_env_client.runner.rollout:log_timing_summary:98 - Intermediate rollout timing summary: env_steps=909172 infer_calls=227913 feedback_calls=227912 infer_wait=9437.242s infer_obs_pack=10.677s env_step=6645.456s feedback_total=44.137s feedback_obs_pack=14.918s feedback_info_pack=0.780s effective_fps=56.34
2026-09-28 02:36:14.591 | INFO     | plugrl_env_client.runner.rollout:log_timing_summary:98 - Intermediate rollout timing summary: env_steps=909176 infer_calls=227913 feedback_calls=227912 infer_wait=9413.785s infer_obs_pack=10.652s env_step=6668.450s feedback_total=43.927s feedback_obs_pack=14.959s feedback_info_pack=0.760s effective_fps=56.34
2026-09-28 02:36:14.591 | INFO     | plugrl_env_client.runner.rollout:log_timing_summary:98 - Intermediate rollout timing summary: env_steps=909158 infer_calls=227914 feedback_calls=227913 infer_wait=9422.656s infer_obs_pack=10.684s env_step=6660.191s feedback_total=43.922s feedback_obs_pack=14.836s feedback_info_pack=0.791s effective_fps=56.34
2026-09-28 02:38:13.884 | INFO     | plugrl_env_client.runner.rollout:log_timing_summary:98 - Intermediate rollout timing summary: env_steps=909505 infer_calls=228002 feedback_calls=228001 infer_wait=9539.773s infer_obs_pack=10.687s env_step=6662.331s feedback_total=43.940s feedback_obs_pack=14.842s feedback_info_pack=0.791s effective_fps=55.95
2026-09-28 02:38:13.889 | INFO     | plugrl_env_client.runner.rollout:log_timing_summary:98 - Intermediate rollout timing summary: env_steps=909526 infer_calls=228001 feedback_calls=228000 infer_wait=9530.835s infer_obs_pack=10.656s env_step=6670.661s feedback_total=43.944s feedback_obs_pack=14.964s feedback_info_pack=0.760s effective_fps=55.95
2026-09-28 02:38:13.890 | INFO     | plugrl_env_client.runner.rollout:log_timing_summary:98 - Intermediate rollout timing summary: env_steps=909526 infer_calls=228002 feedback_calls=228001 infer_wait=9554.187s infer_obs_pack=10.681s env_step=6647.800s feedback_total=44.155s feedback_obs_pack=14.924s feedback_info_pack=0.780s effective_fps=55.95
2026-09-28 02:38:43.887 | INFO     | plugrl_env_client.runner.rollout:log_timing_summary:98 - Intermediate rollout timing summary: env_steps=912754 infer_calls=228815 feedback_calls=228815 infer_wait=9548.057s infer_obs_pack=10.721s env_step=6683.747s feedback_total=44.086s feedback_obs_pack=14.889s feedback_info_pack=0.794s effective_fps=56.04
2026-09-28 02:38:43.900 | INFO     | plugrl_env_client.runner.rollout:log_timing_summary:98 - Intermediate rollout timing summary: env_steps=912768 infer_calls=228816 feedback_calls=228815 infer_wait=9562.882s infer_obs_pack=10.715s env_step=6668.804s feedback_total=44.306s feedback_obs_pack=14.972s feedback_info_pack=0.783s effective_fps=56.04
2026-09-28 02:38:43.907 | INFO     | plugrl_env_client.runner.rollout:log_timing_summary:98 - Intermediate rollout timing summary: env_steps=912760 infer_calls=228815 feedback_calls=228814 infer_wait=9539.412s infer_obs_pack=10.689s env_step=6691.787s feedback_total=44.089s feedback_obs_pack=15.012s feedback_info_pack=0.762s effective_fps=56.05
2026-09-28 02:39:13.904 | INFO     | plugrl_env_client.runner.rollout:log_timing_summary:98 - Intermediate rollout timing summary: env_steps=916072 infer_calls=229647 feedback_calls=229646 infer_wait=9556.404s infer_obs_pack=10.756s env_step=6705.112s feedback_total=44.234s feedback_obs_pack=14.938s feedback_info_pack=0.797s effective_fps=56.14
2026-09-28 02:39:13.904 | INFO     | plugrl_env_client.runner.rollout:log_timing_summary:98 - Intermediate rollout timing summary: env_steps=916076 infer_calls=229647 feedback_calls=229646 infer_wait=9571.359s infer_obs_pack=10.749s env_step=6690.018s feedback_total=44.453s feedback_obs_pack=15.020s feedback_info_pack=0.786s effective_fps=56.14
2026-09-28 02:39:13.910 | INFO     | plugrl_env_client.runner.rollout:log_timing_summary:98 - Intermediate rollout timing summary: env_steps=916070 infer_calls=229646 feedback_calls=229645 infer_wait=9547.677s infer_obs_pack=10.725s env_step=6713.211s feedback_total=44.234s feedback_obs_pack=15.061s feedback_info_pack=0.765s effective_fps=56.15
2026-09-28 02:39:43.905 | INFO     | plugrl_env_client.runner.rollout:log_timing_summary:98 - Intermediate rollout timing summary: env_steps=919347 infer_calls=230467 feedback_calls=230466 infer_wait=9579.927s infer_obs_pack=10.783s env_step=6711.148s feedback_total=44.600s feedback_obs_pack=15.068s feedback_info_pack=0.791s effective_fps=56.24
2026-09-28 02:39:43.906 | INFO     | plugrl_env_client.runner.rollout:log_timing_summary:98 - Intermediate rollout timing summary: env_steps=919347 infer_calls=230467 feedback_calls=230466 infer_wait=9564.859s infer_obs_pack=10.790s env_step=6726.358s feedback_total=44.376s feedback_obs_pack=14.985s feedback_info_pack=0.799s effective_fps=56.24
2026-09-28 02:39:43.912 | INFO     | plugrl_env_client.runner.rollout:log_timing_summary:98 - Intermediate rollout timing summary: env_steps=919339 infer_calls=230466 feedback_calls=230465 infer_wait=9556.134s infer_obs_pack=10.760s env_step=6734.451s feedback_total=44.380s feedback_obs_pack=15.108s feedback_info_pack=0.767s effective_fps=56.24
2026-09-28 02:40:13.917 | INFO     | plugrl_env_client.runner.rollout:log_timing_summary:98 - Intermediate rollout timing summary: env_steps=922564 infer_calls=231276 feedback_calls=231275 infer_wait=9564.693s infer_obs_pack=10.794s env_step=6755.588s feedback_total=44.527s feedback_obs_pack=15.156s feedback_info_pack=0.770s effective_fps=56.34
2026-09-28 02:40:13.918 | INFO     | plugrl_env_client.runner.rollout:log_timing_summary:98 - Intermediate rollout timing summary: env_steps=922579 infer_calls=231277 feedback_calls=231276 infer_wait=9573.478s infer_obs_pack=10.824s env_step=6747.447s feedback_total=44.524s feedback_obs_pack=15.032s feedback_info_pack=0.802s effective_fps=56.34
2026-09-28 02:40:13.918 | INFO     | plugrl_env_client.runner.rollout:log_timing_summary:98 - Intermediate rollout timing summary: env_steps=922578 infer_calls=231277 feedback_calls=231276 infer_wait=9588.632s infer_obs_pack=10.819s env_step=6732.151s feedback_total=44.744s feedback_obs_pack=15.116s feedback_info_pack=0.794s effective_fps=56.34
2026-09-28 02:42:36.640 | INFO     | plugrl_env_client.runner.rollout:log_timing_summary:98 - Intermediate rollout timing summary: env_steps=925469 infer_calls=232002 feedback_calls=232001 infer_wait=9696.975s infer_obs_pack=10.855s env_step=6766.378s feedback_total=44.672s feedback_obs_pack=15.079s feedback_info_pack=0.807s effective_fps=56.02
2026-09-28 02:42:36.643 | INFO     | plugrl_env_client.runner.rollout:log_timing_summary:98 - Intermediate rollout timing summary: env_steps=925449 infer_calls=232001 feedback_calls=232000 infer_wait=9688.356s infer_obs_pack=10.824s env_step=6774.365s feedback_total=44.666s feedback_obs_pack=15.200s feedback_info_pack=0.772s effective_fps=56.03
2026-09-28 02:42:36.645 | INFO     | plugrl_env_client.runner.rollout:log_timing_summary:98 - Intermediate rollout timing summary: env_steps=925466 infer_calls=232002 feedback_calls=232001 infer_wait=9712.183s infer_obs_pack=10.850s env_step=6751.033s feedback_total=44.887s feedback_obs_pack=15.160s feedback_info_pack=0.796s effective_fps=56.02
2026-09-28 02:43:06.646 | INFO     | plugrl_env_client.runner.rollout:log_timing_summary:98 - Intermediate rollout timing summary: env_steps=928508 infer_calls=232763 feedback_calls=232762 infer_wait=9706.304s infer_obs_pack=10.888s env_step=6786.748s feedback_total=44.823s feedback_obs_pack=15.126s feedback_info_pack=0.810s effective_fps=56.11
2026-09-28 02:43:06.652 | INFO     | plugrl_env_client.runner.rollout:log_timing_summary:98 - Intermediate rollout timing summary: env_steps=928506 infer_calls=232763 feedback_calls=232762 infer_wait=9720.880s infer_obs_pack=10.883s env_step=6772.040s feedback_total=45.033s feedback_obs_pack=15.208s feedback_info_pack=0.799s effective_fps=56.11
2026-09-28 02:43:06.654 | INFO     | plugrl_env_client.runner.rollout:log_timing_summary:98 - Intermediate rollout timing summary: env_steps=928486 infer_calls=232762 feedback_calls=232761 infer_wait=9697.287s infer_obs_pack=10.860s env_step=6795.128s feedback_total=44.823s feedback_obs_pack=15.246s feedback_info_pack=0.775s effective_fps=56.11
2026-09-28 02:43:36.650 | INFO     | plugrl_env_client.runner.rollout:log_timing_summary:98 - Intermediate rollout timing summary: env_steps=931519 infer_calls=233520 feedback_calls=233519 infer_wait=9715.826s infer_obs_pack=10.920s env_step=6806.925s feedback_total=44.970s feedback_obs_pack=15.173s feedback_info_pack=0.812s effective_fps=56.19
2026-09-28 02:43:36.653 | INFO     | plugrl_env_client.runner.rollout:log_timing_summary:98 - Intermediate rollout timing summary: env_steps=931530 infer_calls=233520 feedback_calls=233519 infer_wait=9729.804s infer_obs_pack=10.916s env_step=6792.806s feedback_total=45.188s feedback_obs_pack=15.253s feedback_info_pack=0.801s effective_fps=56.19
2026-09-28 02:43:36.655 | INFO     | plugrl_env_client.runner.rollout:log_timing_summary:98 - Intermediate rollout timing summary: env_steps=931507 infer_calls=233519 feedback_calls=233518 infer_wait=9705.678s infer_obs_pack=10.892s env_step=6816.442s feedback_total=44.967s feedback_obs_pack=15.293s feedback_info_pack=0.777s effective_fps=56.19
2026-09-28 02:44:06.667 | INFO     | plugrl_env_client.runner.rollout:log_timing_summary:98 - Intermediate rollout timing summary: env_steps=934557 infer_calls=234283 feedback_calls=234282 infer_wait=9724.870s infer_obs_pack=10.954s env_step=6827.593s feedback_total=45.116s feedback_obs_pack=15.219s feedback_info_pack=0.815s effective_fps=56.27
2026-09-28 02:44:06.668 | INFO     | plugrl_env_client.runner.rollout:log_timing_summary:98 - Intermediate rollout timing summary: env_steps=934550 infer_calls=234282 feedback_calls=234281 infer_wait=9714.443s infer_obs_pack=10.925s env_step=6837.390s feedback_total=45.113s feedback_obs_pack=15.339s feedback_info_pack=0.779s effective_fps=56.27
2026-09-28 02:44:06.669 | INFO     | plugrl_env_client.runner.rollout:log_timing_summary:98 - Intermediate rollout timing summary: env_steps=934566 infer_calls=234283 feedback_calls=234282 infer_wait=9738.989s infer_obs_pack=10.949s env_step=6813.332s feedback_total=45.341s feedback_obs_pack=15.301s feedback_info_pack=0.804s effective_fps=56.27
2026-09-28 02:44:36.683 | INFO     | plugrl_env_client.runner.rollout:log_timing_summary:98 - Intermediate rollout timing summary: env_steps=937624 infer_calls=235051 feedback_calls=235050 infer_wait=9723.207s infer_obs_pack=10.960s env_step=6858.339s feedback_total=45.261s feedback_obs_pack=15.386s feedback_info_pack=0.782s effective_fps=56.36
2026-09-28 02:44:36.687 | INFO     | plugrl_env_client.runner.rollout:log_timing_summary:98 - Intermediate rollout timing summary: env_steps=937620 infer_calls=235052 feedback_calls=235051 infer_wait=9734.109s infer_obs_pack=10.987s env_step=6848.068s feedback_total=45.264s feedback_obs_pack=15.268s feedback_info_pack=0.817s effective_fps=56.35
2026-09-28 02:44:36.688 | INFO     | plugrl_env_client.runner.rollout:log_timing_summary:98 - Intermediate rollout timing summary: env_steps=937634 infer_calls=235052 feedback_calls=235051 infer_wait=9747.678s infer_obs_pack=10.981s env_step=6834.359s feedback_total=45.489s feedback_obs_pack=15.348s feedback_info_pack=0.806s effective_fps=56.35
2026-09-28 02:45:06.684 | INFO     | plugrl_env_client.runner.rollout:log_timing_summary:98 - Intermediate rollout timing summary: env_steps=940736 infer_calls=235832 feedback_calls=235831 infer_wait=9732.039s infer_obs_pack=10.993s env_step=6879.190s feedback_total=45.422s feedback_obs_pack=15.437s feedback_info_pack=0.784s effective_fps=56.44
2026-09-28 02:45:06.687 | INFO     | plugrl_env_client.runner.rollout:log_timing_summary:98 - Intermediate rollout timing summary: env_steps=940740 infer_calls=235833 feedback_calls=235832 infer_wait=9742.562s infer_obs_pack=11.020s env_step=6869.308s feedback_total=45.413s feedback_obs_pack=15.316s feedback_info_pack=0.820s effective_fps=56.44
2026-09-28 02:45:06.690 | INFO     | plugrl_env_client.runner.rollout:log_timing_summary:98 - Intermediate rollout timing summary: env_steps=940744 infer_calls=235833 feedback_calls=235832 infer_wait=9756.962s infer_obs_pack=11.014s env_step=6854.760s feedback_total=45.642s feedback_obs_pack=15.397s feedback_info_pack=0.809s effective_fps=56.44
2026-09-28 02:47:07.848 | INFO     | plugrl_env_client.runner.rollout:log_timing_summary:98 - Intermediate rollout timing summary: env_steps=941414 infer_calls=236002 feedback_calls=236001 infer_wait=9858.983s infer_obs_pack=11.028s env_step=6873.984s feedback_total=45.445s feedback_obs_pack=15.326s feedback_info_pack=0.820s effective_fps=56.07
2026-09-28 02:47:07.852 | INFO     | plugrl_env_client.runner.rollout:log_timing_summary:98 - Intermediate rollout timing summary: env_steps=941415 infer_calls=236002 feedback_calls=236001 infer_wait=9873.884s infer_obs_pack=11.022s env_step=6858.929s feedback_total=45.678s feedback_obs_pack=15.408s feedback_info_pack=0.810s effective_fps=56.07
2026-09-28 02:47:07.853 | INFO     | plugrl_env_client.runner.rollout:log_timing_summary:98 - Intermediate rollout timing summary: env_steps=941409 infer_calls=236001 feedback_calls=236000 infer_wait=9848.783s infer_obs_pack=11.000s env_step=6883.545s feedback_total=45.455s feedback_obs_pack=15.447s feedback_info_pack=0.785s effective_fps=56.07
2026-09-28 02:47:37.855 | INFO     | plugrl_env_client.runner.rollout:log_timing_summary:98 - Intermediate rollout timing summary: env_steps=944658 infer_calls=236817 feedback_calls=236816 infer_wait=9867.076s infer_obs_pack=11.064s env_step=6895.587s feedback_total=45.591s feedback_obs_pack=15.373s feedback_info_pack=0.823s effective_fps=56.17
2026-09-28 02:47:37.856 | INFO     | plugrl_env_client.runner.rollout:log_timing_summary:98 - Intermediate rollout timing summary: env_steps=944662 infer_calls=236816 feedback_calls=236815 infer_wait=9856.900s infer_obs_pack=11.036s env_step=6905.124s feedback_total=45.603s feedback_obs_pack=15.500s feedback_info_pack=0.787s effective_fps=56.17
2026-09-28 02:47:37.858 | INFO     | plugrl_env_client.runner.rollout:log_timing_summary:98 - Intermediate rollout timing summary: env_steps=944662 infer_calls=236817 feedback_calls=236816 infer_wait=9883.016s infer_obs_pack=11.056s env_step=6879.492s feedback_total=45.831s feedback_obs_pack=15.457s feedback_info_pack=0.812s effective_fps=56.17
2026-09-28 02:48:07.868 | INFO     | plugrl_env_client.runner.rollout:log_timing_summary:98 - Intermediate rollout timing summary: env_steps=947912 infer_calls=237633 feedback_calls=237632 infer_wait=9891.559s infer_obs_pack=11.090s env_step=6900.651s feedback_total=45.981s feedback_obs_pack=15.507s feedback_info_pack=0.815s effective_fps=56.26
2026-09-28 02:48:07.869 | INFO     | plugrl_env_client.runner.rollout:log_timing_summary:98 - Intermediate rollout timing summary: env_steps=947915 infer_calls=237633 feedback_calls=237632 infer_wait=9875.712s infer_obs_pack=11.097s env_step=6916.661s feedback_total=45.736s feedback_obs_pack=15.421s feedback_info_pack=0.826s effective_fps=56.26
2026-09-28 02:48:07.869 | INFO     | plugrl_env_client.runner.rollout:log_timing_summary:98 - Intermediate rollout timing summary: env_steps=947914 infer_calls=237632 feedback_calls=237631 infer_wait=9865.645s infer_obs_pack=11.070s env_step=6926.088s feedback_total=45.748s feedback_obs_pack=15.547s feedback_info_pack=0.790s effective_fps=56.26
2026-09-28 02:48:37.877 | INFO     | plugrl_env_client.runner.rollout:log_timing_summary:98 - Intermediate rollout timing summary: env_steps=951093 infer_calls=238430 feedback_calls=238429 infer_wait=9900.231s infer_obs_pack=11.124s env_step=6921.692s feedback_total=46.126s feedback_obs_pack=15.554s feedback_info_pack=0.817s effective_fps=56.35
2026-09-28 02:48:37.877 | INFO     | plugrl_env_client.runner.rollout:log_timing_summary:98 - Intermediate rollout timing summary: env_steps=951092 infer_calls=238430 feedback_calls=238429 infer_wait=9884.233s infer_obs_pack=11.131s env_step=6937.853s feedback_total=45.880s feedback_obs_pack=15.467s feedback_info_pack=0.828s effective_fps=56.35
2026-09-28 02:48:37.878 | INFO     | plugrl_env_client.runner.rollout:log_timing_summary:98 - Intermediate rollout timing summary: env_steps=951091 infer_calls=238429 feedback_calls=238428 infer_wait=9874.130s infer_obs_pack=11.103s env_step=6947.315s feedback_total=45.892s feedback_obs_pack=15.596s feedback_info_pack=0.792s effective_fps=56.35
2026-09-28 02:49:07.879 | INFO     | plugrl_env_client.runner.rollout:log_timing_summary:98 - Intermediate rollout timing summary: env_steps=954375 infer_calls=239254 feedback_calls=239253 infer_wait=9882.317s infer_obs_pack=11.137s env_step=6968.824s feedback_total=46.039s feedback_obs_pack=15.644s feedback_info_pack=0.795s effective_fps=56.44
2026-09-28 02:49:07.879 | INFO     | plugrl_env_client.runner.rollout:log_timing_summary:98 - Intermediate rollout timing summary: env_steps=954382 infer_calls=239255 feedback_calls=239254 infer_wait=9892.651s infer_obs_pack=11.165s env_step=6959.139s feedback_total=46.024s feedback_obs_pack=15.516s feedback_info_pack=0.831s effective_fps=56.44
2026-09-28 02:49:07.879 | INFO     | plugrl_env_client.runner.rollout:log_timing_summary:98 - Intermediate rollout timing summary: env_steps=954385 infer_calls=239255 feedback_calls=239254 infer_wait=9908.929s infer_obs_pack=11.157s env_step=6942.693s feedback_total=46.272s feedback_obs_pack=15.601s feedback_info_pack=0.820s effective_fps=56.44
2026-09-28 02:51:27.913 | INFO     | plugrl_env_client.runner.rollout:log_timing_summary:98 - Intermediate rollout timing summary: env_steps=957350 infer_calls=240001 feedback_calls=240000 infer_wait=10003.075s infer_obs_pack=11.168s env_step=6987.820s feedback_total=46.174s feedback_obs_pack=15.688s feedback_info_pack=0.797s effective_fps=56.16
2026-09-28 02:51:27.917 | INFO     | plugrl_env_client.runner.rollout:log_timing_summary:98 - Intermediate rollout timing summary: env_steps=957365 infer_calls=240002 feedback_calls=240001 infer_wait=10013.462s infer_obs_pack=11.197s env_step=6978.088s feedback_total=46.162s feedback_obs_pack=15.560s feedback_info_pack=0.833s effective_fps=56.15
2026-09-28 02:51:27.920 | INFO     | plugrl_env_client.runner.rollout:log_timing_summary:98 - Intermediate rollout timing summary: env_steps=957366 infer_calls=240002 feedback_calls=240001 infer_wait=10029.790s infer_obs_pack=11.188s env_step=6961.598s feedback_total=46.404s feedback_obs_pack=15.645s feedback_info_pack=0.822s effective_fps=56.15
2026-09-28 02:51:57.913 | INFO     | plugrl_env_client.runner.rollout:log_timing_summary:98 - Intermediate rollout timing summary: env_steps=960629 infer_calls=240821 feedback_calls=240820 infer_wait=10011.050s infer_obs_pack=11.206s env_step=7009.534s feedback_total=46.324s feedback_obs_pack=15.738s feedback_info_pack=0.799s effective_fps=56.25
2026-09-28 02:51:57.917 | INFO     | plugrl_env_client.runner.rollout:log_timing_summary:98 - Intermediate rollout timing summary: env_steps=960642 infer_calls=240822 feedback_calls=240822 infer_wait=10021.904s infer_obs_pack=11.232s env_step=6999.339s feedback_total=46.314s feedback_obs_pack=15.610s feedback_info_pack=0.836s effective_fps=56.25
2026-09-28 02:51:57.920 | INFO     | plugrl_env_client.runner.rollout:log_timing_summary:98 - Intermediate rollout timing summary: env_steps=960634 infer_calls=240822 feedback_calls=240821 infer_wait=10038.545s infer_obs_pack=11.222s env_step=6982.536s feedback_total=46.554s feedback_obs_pack=15.692s feedback_info_pack=0.825s effective_fps=56.25
2026-09-28 02:52:27.921 | INFO     | plugrl_env_client.runner.rollout:log_timing_summary:98 - Intermediate rollout timing summary: env_steps=963961 infer_calls=241657 feedback_calls=241656 infer_wait=10019.592s infer_obs_pack=11.241s env_step=7030.687s feedback_total=46.470s feedback_obs_pack=15.786s feedback_info_pack=0.802s effective_fps=56.35
2026-09-28 02:52:27.922 | INFO     | plugrl_env_client.runner.rollout:log_timing_summary:98 - Intermediate rollout timing summary: env_steps=963970 infer_calls=241658 feedback_calls=241657 infer_wait=10030.335s infer_obs_pack=11.266s env_step=7020.605s feedback_total=46.460s feedback_obs_pack=15.658s feedback_info_pack=0.838s effective_fps=56.34
2026-09-28 02:52:27.926 | INFO     | plugrl_env_client.runner.rollout:log_timing_summary:98 - Intermediate rollout timing summary: env_steps=963963 infer_calls=241658 feedback_calls=241657 infer_wait=10046.840s infer_obs_pack=11.257s env_step=7003.944s feedback_total=46.698s feedback_obs_pack=15.740s feedback_info_pack=0.827s effective_fps=56.34
2026-09-28 02:52:57.927 | INFO     | plugrl_env_client.runner.rollout:log_timing_summary:98 - Intermediate rollout timing summary: env_steps=967247 infer_calls=242479 feedback_calls=242478 infer_wait=10038.617s infer_obs_pack=11.300s env_step=7042.029s feedback_total=46.605s feedback_obs_pack=15.705s feedback_info_pack=0.841s effective_fps=56.44
2026-09-28 02:52:57.928 | INFO     | plugrl_env_client.runner.rollout:log_timing_summary:98 - Intermediate rollout timing summary: env_steps=967232 infer_calls=242479 feedback_calls=242478 infer_wait=10055.832s infer_obs_pack=11.292s env_step=7024.642s feedback_total=46.851s feedback_obs_pack=15.788s feedback_info_pack=0.830s effective_fps=56.44
2026-09-28 02:52:57.930 | INFO     | plugrl_env_client.runner.rollout:log_timing_summary:98 - Intermediate rollout timing summary: env_steps=967236 infer_calls=242478 feedback_calls=242477 infer_wait=10028.112s infer_obs_pack=11.275s env_step=7051.876s feedback_total=46.614s feedback_obs_pack=15.832s feedback_info_pack=0.804s effective_fps=56.44
2026-09-28 02:53:27.930 | INFO     | plugrl_env_client.runner.rollout:log_timing_summary:98 - Intermediate rollout timing summary: env_steps=970514 infer_calls=243297 feedback_calls=243297 infer_wait=10047.059s infer_obs_pack=11.337s env_step=7063.289s feedback_total=46.748s feedback_obs_pack=15.752s feedback_info_pack=0.843s effective_fps=56.53
2026-09-28 02:53:27.942 | INFO     | plugrl_env_client.runner.rollout:log_timing_summary:98 - Intermediate rollout timing summary: env_steps=970495 infer_calls=243298 feedback_calls=243297 infer_wait=10064.155s infer_obs_pack=11.326s env_step=7046.023s feedback_total=46.997s feedback_obs_pack=15.838s feedback_info_pack=0.833s effective_fps=56.53
2026-09-28 02:53:27.943 | INFO     | plugrl_env_client.runner.rollout:log_timing_summary:98 - Intermediate rollout timing summary: env_steps=970496 infer_calls=243297 feedback_calls=243296 infer_wait=10036.784s infer_obs_pack=11.309s env_step=7072.914s feedback_total=46.759s feedback_obs_pack=15.880s feedback_info_pack=0.807s effective_fps=56.53
2026-09-28 02:55:47.040 | INFO     | plugrl_env_client.runner.rollout:log_timing_summary:98 - Intermediate rollout timing summary: env_steps=973306 infer_calls=244002 feedback_calls=244001 infer_wait=10184.598s infer_obs_pack=11.355s env_step=7064.410s feedback_total=47.131s feedback_obs_pack=15.880s feedback_info_pack=0.835s effective_fps=56.24
2026-09-28 02:55:47.043 | INFO     | plugrl_env_client.runner.rollout:log_timing_summary:98 - Intermediate rollout timing summary: env_steps=973321 infer_calls=244002 feedback_calls=244001 infer_wait=10168.105s infer_obs_pack=11.367s env_step=7081.095s feedback_total=46.877s feedback_obs_pack=15.792s feedback_info_pack=0.846s effective_fps=56.24
2026-09-28 02:55:47.042 | INFO     | plugrl_env_client.runner.rollout:log_timing_summary:98 - Intermediate rollout timing summary: env_steps=973304 infer_calls=244001 feedback_calls=244000 infer_wait=10157.608s infer_obs_pack=11.339s env_step=7090.924s feedback_total=46.890s feedback_obs_pack=15.925s feedback_info_pack=0.809s effective_fps=56.24
2026-09-28 02:56:17.040 | INFO     | plugrl_env_client.runner.rollout:log_timing_summary:98 - Intermediate rollout timing summary: env_steps=976562 infer_calls=244819 feedback_calls=244818 infer_wait=10192.988s infer_obs_pack=11.389s env_step=7085.715s feedback_total=47.281s feedback_obs_pack=15.927s feedback_info_pack=0.837s effective_fps=56.33
2026-09-28 02:56:17.043 | INFO     | plugrl_env_client.runner.rollout:log_timing_summary:98 - Intermediate rollout timing summary: env_steps=976579 infer_calls=244819 feedback_calls=244818 infer_wait=10176.621s infer_obs_pack=11.400s env_step=7102.278s feedback_total=47.021s feedback_obs_pack=15.838s feedback_info_pack=0.848s effective_fps=56.33
2026-09-28 02:56:17.046 | INFO     | plugrl_env_client.runner.rollout:log_timing_summary:98 - Intermediate rollout timing summary: env_steps=976563 infer_calls=244818 feedback_calls=244817 infer_wait=10165.936s infer_obs_pack=11.376s env_step=7112.295s feedback_total=47.036s feedback_obs_pack=15.972s feedback_info_pack=0.811s effective_fps=56.33
2026-09-28 02:56:47.043 | INFO     | plugrl_env_client.runner.rollout:log_timing_summary:98 - Intermediate rollout timing summary: env_steps=979840 infer_calls=245638 feedback_calls=245638 infer_wait=10185.230s infer_obs_pack=11.434s env_step=7123.357s feedback_total=47.170s feedback_obs_pack=15.889s feedback_info_pack=0.851s effective_fps=56.42
2026-09-28 02:56:47.054 | INFO     | plugrl_env_client.runner.rollout:log_timing_summary:98 - Intermediate rollout timing summary: env_steps=979831 infer_calls=245639 feedback_calls=245638 infer_wait=10201.770s infer_obs_pack=11.423s env_step=7106.645s feedback_total=47.428s feedback_obs_pack=15.976s feedback_info_pack=0.840s effective_fps=56.42
2026-09-28 02:56:47.055 | INFO     | plugrl_env_client.runner.rollout:log_timing_summary:98 - Intermediate rollout timing summary: env_steps=979836 infer_calls=245638 feedback_calls=245637 infer_wait=10174.101s infer_obs_pack=11.410s env_step=7133.844s feedback_total=47.177s feedback_obs_pack=16.019s feedback_info_pack=0.814s effective_fps=56.42
2026-09-28 02:57:17.043 | INFO     | plugrl_env_client.runner.rollout:log_timing_summary:98 - Intermediate rollout timing summary: env_steps=983108 infer_calls=246458 feedback_calls=246457 infer_wait=10193.942s infer_obs_pack=11.468s env_step=7144.346s feedback_total=47.314s feedback_obs_pack=15.936s feedback_info_pack=0.853s effective_fps=56.51
2026-09-28 02:57:17.066 | INFO     | plugrl_env_client.runner.rollout:log_timing_summary:98 - Intermediate rollout timing summary: env_steps=983101 infer_calls=246458 feedback_calls=246457 infer_wait=10182.434s infer_obs_pack=11.444s env_step=7155.220s feedback_total=47.321s feedback_obs_pack=16.067s feedback_info_pack=0.816s effective_fps=56.51
2026-09-28 02:57:17.066 | INFO     | plugrl_env_client.runner.rollout:log_timing_summary:98 - Intermediate rollout timing summary: env_steps=983099 infer_calls=246459 feedback_calls=246458 infer_wait=10210.152s infer_obs_pack=11.457s env_step=7127.968s feedback_total=47.578s feedback_obs_pack=16.024s feedback_info_pack=0.843s effective_fps=56.51
2026-09-28 02:57:47.049 | INFO     | plugrl_env_client.runner.rollout:log_timing_summary:98 - Intermediate rollout timing summary: env_steps=986382 infer_calls=247279 feedback_calls=247278 infer_wait=10202.074s infer_obs_pack=11.503s env_step=7165.914s feedback_total=47.465s feedback_obs_pack=15.985s feedback_info_pack=0.856s effective_fps=56.60
2026-09-28 02:57:47.069 | INFO     | plugrl_env_client.runner.rollout:log_timing_summary:98 - Intermediate rollout timing summary: env_steps=986372 infer_calls=247278 feedback_calls=247278 infer_wait=10191.244s infer_obs_pack=11.478s env_step=7176.104s feedback_total=47.463s feedback_obs_pack=16.113s feedback_info_pack=0.819s effective_fps=56.60
2026-09-28 02:57:47.070 | INFO     | plugrl_env_client.runner.rollout:log_timing_summary:98 - Intermediate rollout timing summary: env_steps=986367 infer_calls=247279 feedback_calls=247279 infer_wait=10218.599s infer_obs_pack=11.491s env_step=7149.224s feedback_total=47.726s feedback_obs_pack=16.071s feedback_info_pack=0.845s effective_fps=56.60
2026-09-28 03:00:05.171 | INFO     | plugrl_env_client.runner.rollout:log_timing_summary:98 - Intermediate rollout timing summary: env_steps=989249 infer_calls=248002 feedback_calls=248001 infer_wait=10338.350s infer_obs_pack=11.523s env_step=7167.303s feedback_total=47.854s feedback_obs_pack=16.113s feedback_info_pack=0.847s effective_fps=56.32
2026-09-28 03:00:05.171 | INFO     | plugrl_env_client.runner.rollout:log_timing_summary:98 - Intermediate rollout timing summary: env_steps=989250 infer_calls=248001 feedback_calls=248000 infer_wait=10311.096s infer_obs_pack=11.509s env_step=7194.085s feedback_total=47.592s feedback_obs_pack=16.155s feedback_info_pack=0.821s effective_fps=56.32
2026-09-28 03:00:05.174 | INFO     | plugrl_env_client.runner.rollout:log_timing_summary:98 - Intermediate rollout timing summary: env_steps=989257 infer_calls=248002 feedback_calls=248001 infer_wait=10321.717s infer_obs_pack=11.533s env_step=7184.127s feedback_total=47.595s feedback_obs_pack=16.027s feedback_info_pack=0.858s effective_fps=56.32
2026-09-28 03:00:35.172 | INFO     | plugrl_env_client.runner.rollout:log_timing_summary:98 - Intermediate rollout timing summary: env_steps=992498 infer_calls=248815 feedback_calls=248814 infer_wait=10319.249s infer_obs_pack=11.542s env_step=7215.632s feedback_total=47.738s feedback_obs_pack=16.204s feedback_info_pack=0.823s effective_fps=56.41
2026-09-28 03:00:35.192 | INFO     | plugrl_env_client.runner.rollout:log_timing_summary:98 - Intermediate rollout timing summary: env_steps=992503 infer_calls=248817 feedback_calls=248816 infer_wait=10346.986s infer_obs_pack=11.557s env_step=7188.389s feedback_total=48.002s feedback_obs_pack=16.159s feedback_info_pack=0.850s effective_fps=56.41
2026-09-28 03:00:35.197 | INFO     | plugrl_env_client.runner.rollout:log_timing_summary:98 - Intermediate rollout timing summary: env_steps=992499 infer_calls=248817 feedback_calls=248816 infer_wait=10330.678s infer_obs_pack=11.566s env_step=7204.884s feedback_total=47.739s feedback_obs_pack=16.073s feedback_info_pack=0.861s effective_fps=56.41
2026-09-28 03:01:05.184 | INFO     | plugrl_env_client.runner.rollout:log_timing_summary:98 - Intermediate rollout timing summary: env_steps=995772 infer_calls=249637 feedback_calls=249636 infer_wait=10327.862s infer_obs_pack=11.577s env_step=7236.725s feedback_total=47.886s feedback_obs_pack=16.252s feedback_info_pack=0.828s effective_fps=56.50
2026-09-28 03:01:05.195 | INFO     | plugrl_env_client.runner.rollout:log_timing_summary:98 - Intermediate rollout timing summary: env_steps=995777 infer_calls=249638 feedback_calls=249637 infer_wait=10355.519s infer_obs_pack=11.591s env_step=7209.548s feedback_total=48.151s feedback_obs_pack=16.206s feedback_info_pack=0.852s effective_fps=56.50
2026-09-28 03:01:05.197 | INFO     | plugrl_env_client.runner.rollout:log_timing_summary:98 - Intermediate rollout timing summary: env_steps=995777 infer_calls=249638 feedback_calls=249637 infer_wait=10339.058s infer_obs_pack=11.601s env_step=7226.196s feedback_total=47.890s feedback_obs_pack=16.120s feedback_info_pack=0.863s effective_fps=56.50
2026-09-28 03:01:35.186 | INFO     | plugrl_env_client.runner.rollout:log_timing_summary:98 - Intermediate rollout timing summary: env_steps=999049 infer_calls=250459 feedback_calls=250458 infer_wait=10336.652s infer_obs_pack=11.682s env_step=7257.555s feedback_total=48.037s feedback_obs_pack=16.302s feedback_info_pack=0.830s effective_fps=56.59
2026-09-28 03:01:35.200 | INFO     | plugrl_env_client.runner.rollout:log_timing_summary:98 - Intermediate rollout timing summary: env_steps=999054 infer_calls=250460 feedback_calls=250459 infer_wait=10347.510s infer_obs_pack=11.635s env_step=7247.445s feedback_total=48.036s feedback_obs_pack=16.167s feedback_info_pack=0.866s effective_fps=56.59
2026-09-28 03:01:35.201 | INFO     | plugrl_env_client.runner.rollout:log_timing_summary:98 - Intermediate rollout timing summary: env_steps=999054 infer_calls=250460 feedback_calls=250459 infer_wait=10363.714s infer_obs_pack=11.625s env_step=7231.061s feedback_total=48.297s feedback_obs_pack=16.253s feedback_info_pack=0.855s effective_fps=56.59
2026-09-28 03:02:05.189 | INFO     | plugrl_env_client.runner.rollout:log_timing_summary:98 - Intermediate rollout timing summary: env_steps=1002344 infer_calls=251286 feedback_calls=251285 infer_wait=10344.913s infer_obs_pack=11.718s env_step=7278.984s feedback_total=48.182s feedback_obs_pack=16.349s feedback_info_pack=0.833s effective_fps=56.68
2026-09-28 03:02:05.202 | INFO     | plugrl_env_client.runner.rollout:log_timing_summary:98 - Intermediate rollout timing summary: env_steps=1002352 infer_calls=251287 feedback_calls=251287 infer_wait=10356.119s infer_obs_pack=11.669s env_step=7268.533s feedback_total=48.184s feedback_obs_pack=16.215s feedback_info_pack=0.868s effective_fps=56.68
2026-09-28 03:02:05.207 | INFO     | plugrl_env_client.runner.rollout:log_timing_summary:98 - Intermediate rollout timing summary: env_steps=1002353 infer_calls=251287 feedback_calls=251287 infer_wait=10372.168s infer_obs_pack=11.659s env_step=7252.309s feedback_total=48.444s feedback_obs_pack=16.301s feedback_info_pack=0.858s effective_fps=56.68
2026-09-28 03:04:23.321 | INFO     | plugrl_env_client.runner.rollout:log_timing_summary:98 - Intermediate rollout timing summary: env_steps=1005198 infer_calls=252002 feedback_calls=252001 infer_wait=10492.310s infer_obs_pack=11.689s env_step=7270.010s feedback_total=48.578s feedback_obs_pack=16.343s feedback_info_pack=0.860s effective_fps=56.40
2026-09-28 03:04:23.321 | INFO     | plugrl_env_client.runner.rollout:log_timing_summary:98 - Intermediate rollout timing summary: env_steps=1005197 infer_calls=252002 feedback_calls=252001 infer_wait=10476.216s infer_obs_pack=11.699s env_step=7286.291s feedback_total=48.309s feedback_obs_pack=16.255s feedback_info_pack=0.871s effective_fps=56.40
2026-09-28 03:04:23.328 | INFO     | plugrl_env_client.runner.rollout:log_timing_summary:98 - Intermediate rollout timing summary: env_steps=1005191 infer_calls=252001 feedback_calls=252000 infer_wait=10464.645s infer_obs_pack=11.747s env_step=7297.118s feedback_total=48.316s feedback_obs_pack=16.391s feedback_info_pack=0.835s effective_fps=56.40
2026-09-28 03:04:53.329 | INFO     | plugrl_env_client.runner.rollout:log_timing_summary:98 - Intermediate rollout timing summary: env_steps=1008503 infer_calls=252831 feedback_calls=252830 infer_wait=10484.890s infer_obs_pack=11.733s env_step=7307.317s feedback_total=48.462s feedback_obs_pack=16.309s feedback_info_pack=0.873s effective_fps=56.49
2026-09-28 03:04:53.329 | INFO     | plugrl_env_client.runner.rollout:log_timing_summary:98 - Intermediate rollout timing summary: env_steps=1008502 infer_calls=252831 feedback_calls=252830 infer_wait=10501.058s infer_obs_pack=11.724s env_step=7290.965s feedback_total=48.729s feedback_obs_pack=16.392s feedback_info_pack=0.863s effective_fps=56.49
2026-09-28 03:04:53.329 | INFO     | plugrl_env_client.runner.rollout:log_timing_summary:98 - Intermediate rollout timing summary: env_steps=1008496 infer_calls=252830 feedback_calls=252829 infer_wait=10472.870s infer_obs_pack=11.781s env_step=7318.589s feedback_total=48.460s feedback_obs_pack=16.438s feedback_info_pack=0.837s effective_fps=56.49
2026-09-28 03:05:23.331 | INFO     | plugrl_env_client.runner.rollout:log_timing_summary:98 - Intermediate rollout timing summary: env_steps=1011780 infer_calls=253652 feedback_calls=253651 infer_wait=10493.264s infer_obs_pack=11.767s env_step=7328.646s feedback_total=48.606s feedback_obs_pack=16.356s feedback_info_pack=0.876s effective_fps=56.58
2026-09-28 03:05:23.333 | INFO     | plugrl_env_client.runner.rollout:log_timing_summary:98 - Intermediate rollout timing summary: env_steps=1011773 infer_calls=253651 feedback_calls=253651 infer_wait=10481.629s infer_obs_pack=11.816s env_step=7339.525s feedback_total=48.606s feedback_obs_pack=16.486s feedback_info_pack=0.840s effective_fps=56.58
2026-09-28 03:05:23.349 | INFO     | plugrl_env_client.runner.rollout:log_timing_summary:98 - Intermediate rollout timing summary: env_steps=1011788 infer_calls=253653 feedback_calls=253652 infer_wait=10509.326s infer_obs_pack=11.758s env_step=7312.412s feedback_total=48.878s feedback_obs_pack=16.442s feedback_info_pack=0.865s effective_fps=56.58
2026-09-28 03:05:53.334 | INFO     | plugrl_env_client.runner.rollout:log_timing_summary:98 - Intermediate rollout timing summary: env_steps=1015033 infer_calls=254469 feedback_calls=254468 infer_wait=10490.189s infer_obs_pack=11.851s env_step=7360.668s feedback_total=48.753s feedback_obs_pack=16.534s feedback_info_pack=0.842s effective_fps=56.67
2026-09-28 03:05:53.336 | INFO     | plugrl_env_client.runner.rollout:log_timing_summary:98 - Intermediate rollout timing summary: env_steps=1015035 infer_calls=254470 feedback_calls=254469 infer_wait=10501.800s infer_obs_pack=11.801s env_step=7349.815s feedback_total=48.747s feedback_obs_pack=16.403s feedback_info_pack=0.878s effective_fps=56.67
2026-09-28 03:05:53.364 | INFO     | plugrl_env_client.runner.rollout:log_timing_summary:98 - Intermediate rollout timing summary: env_steps=1015044 infer_calls=254471 feedback_calls=254470 infer_wait=10518.272s infer_obs_pack=11.792s env_step=7333.177s feedback_total=49.022s feedback_obs_pack=16.491s feedback_info_pack=0.868s effective_fps=56.67
2026-09-28 03:06:23.339 | INFO     | plugrl_env_client.runner.rollout:log_timing_summary:98 - Intermediate rollout timing summary: env_steps=1018371 infer_calls=255307 feedback_calls=255306 infer_wait=10498.785s infer_obs_pack=11.886s env_step=7381.764s feedback_total=48.904s feedback_obs_pack=16.582s feedback_info_pack=0.845s effective_fps=56.76
2026-09-28 03:06:23.339 | INFO     | plugrl_env_client.runner.rollout:log_timing_summary:98 - Intermediate rollout timing summary: env_steps=1018374 infer_calls=255308 feedback_calls=255307 infer_wait=10510.006s infer_obs_pack=11.835s env_step=7371.303s feedback_total=48.899s feedback_obs_pack=16.450s feedback_info_pack=0.881s effective_fps=56.76
2026-09-28 03:06:23.368 | INFO     | plugrl_env_client.runner.rollout:log_timing_summary:98 - Intermediate rollout timing summary: env_steps=1018385 infer_calls=255309 feedback_calls=255308 infer_wait=10526.800s infer_obs_pack=11.827s env_step=7354.338s feedback_total=49.175s feedback_obs_pack=16.540s feedback_info_pack=0.870s effective_fps=56.76
2026-09-28 03:08:41.831 | INFO     | plugrl_env_client.runner.rollout:log_timing_summary:98 - Intermediate rollout timing summary: env_steps=1021141 infer_calls=256002 feedback_calls=256001 infer_wait=10647.520s infer_obs_pack=11.855s env_step=7371.824s feedback_total=49.300s feedback_obs_pack=16.580s feedback_info_pack=0.873s effective_fps=56.48
2026-09-28 03:08:41.831 | INFO     | plugrl_env_client.runner.rollout:log_timing_summary:98 - Intermediate rollout timing summary: env_steps=1021131 infer_calls=256001 feedback_calls=256000 infer_wait=10619.743s infer_obs_pack=11.915s env_step=7399.034s feedback_total=49.031s feedback_obs_pack=16.625s feedback_info_pack=0.847s effective_fps=56.48
2026-09-28 03:08:41.838 | INFO     | plugrl_env_client.runner.rollout:log_timing_summary:98 - Intermediate rollout timing summary: env_steps=1021138 infer_calls=256002 feedback_calls=256001 infer_wait=10631.047s infer_obs_pack=11.864s env_step=7388.505s feedback_total=49.023s feedback_obs_pack=16.490s feedback_info_pack=0.883s effective_fps=56.48
2026-09-28 03:09:11.841 | INFO     | plugrl_env_client.runner.rollout:log_timing_summary:98 - Intermediate rollout timing summary: env_steps=1024400 infer_calls=256819 feedback_calls=256818 infer_wait=10639.096s infer_obs_pack=11.898s env_step=7410.152s feedback_total=49.173s feedback_obs_pack=16.539s feedback_info_pack=0.886s effective_fps=56.56
2026-09-28 03:09:11.842 | INFO     | plugrl_env_client.runner.rollout:log_timing_summary:98 - Intermediate rollout timing summary: env_steps=1024389 infer_calls=256818 feedback_calls=256817 infer_wait=10628.141s infer_obs_pack=11.949s env_step=7420.345s feedback_total=49.177s feedback_obs_pack=16.672s feedback_info_pack=0.849s effective_fps=56.57
2026-09-28 03:09:11.845 | INFO     | plugrl_env_client.runner.rollout:log_timing_summary:98 - Intermediate rollout timing summary: env_steps=1024397 infer_calls=256819 feedback_calls=256818 infer_wait=10656.179s infer_obs_pack=11.890s env_step=7392.874s feedback_total=49.450s feedback_obs_pack=16.627s feedback_info_pack=0.875s effective_fps=56.56
2026-09-28 03:09:41.853 | INFO     | plugrl_env_client.runner.rollout:log_timing_summary:98 - Intermediate rollout timing summary: env_steps=1027727 infer_calls=257655 feedback_calls=257654 infer_wait=10647.622s infer_obs_pack=11.933s env_step=7431.320s feedback_total=49.324s feedback_obs_pack=16.589s feedback_info_pack=0.888s effective_fps=56.65
2026-09-28 03:09:41.854 | INFO     | plugrl_env_client.runner.rollout:log_timing_summary:98 - Intermediate rollout timing summary: env_steps=1027719 infer_calls=257654 feedback_calls=257653 infer_wait=10636.702s infer_obs_pack=11.984s env_step=7441.480s feedback_total=49.328s feedback_obs_pack=16.722s feedback_info_pack=0.852s effective_fps=56.66
2026-09-28 03:09:41.856 | INFO     | plugrl_env_client.runner.rollout:log_timing_summary:98 - Intermediate rollout timing summary: env_steps=1027732 infer_calls=257655 feedback_calls=257654 infer_wait=10664.491s infer_obs_pack=11.924s env_step=7414.262s feedback_total=49.600s feedback_obs_pack=16.676s feedback_info_pack=0.878s effective_fps=56.65
2026-09-28 03:10:11.860 | INFO     | plugrl_env_client.runner.rollout:log_timing_summary:98 - Intermediate rollout timing summary: env_steps=1031027 infer_calls=258481 feedback_calls=258481 infer_wait=10673.460s infer_obs_pack=11.959s env_step=7434.991s feedback_total=49.747s feedback_obs_pack=16.724s feedback_info_pack=0.881s effective_fps=56.74
2026-09-28 03:10:11.871 | INFO     | plugrl_env_client.runner.rollout:log_timing_summary:98 - Intermediate rollout timing summary: env_steps=1031013 infer_calls=258481 feedback_calls=258480 infer_wait=10644.978s infer_obs_pack=12.018s env_step=7462.907s feedback_total=49.474s feedback_obs_pack=16.770s feedback_info_pack=0.854s effective_fps=56.74
2026-09-28 03:10:11.872 | INFO     | plugrl_env_client.runner.rollout:log_timing_summary:98 - Intermediate rollout timing summary: env_steps=1031018 infer_calls=258482 feedback_calls=258481 infer_wait=10656.121s infer_obs_pack=11.968s env_step=7452.527s feedback_total=49.475s feedback_obs_pack=16.639s feedback_info_pack=0.891s effective_fps=56.74
2026-09-28 03:10:41.870 | INFO     | plugrl_env_client.runner.rollout:log_timing_summary:98 - Intermediate rollout timing summary: env_steps=1034342 infer_calls=259314 feedback_calls=259313 infer_wait=10681.848s infer_obs_pack=12.055s env_step=7456.242s feedback_total=49.896s feedback_obs_pack=16.772s feedback_info_pack=0.883s effective_fps=56.83
2026-09-28 03:10:41.875 | INFO     | plugrl_env_client.runner.rollout:log_timing_summary:98 - Intermediate rollout timing summary: env_steps=1034337 infer_calls=259314 feedback_calls=259313 infer_wait=10664.489s infer_obs_pack=12.063s env_step=7473.794s feedback_total=49.624s feedback_obs_pack=16.686s feedback_info_pack=0.893s effective_fps=56.83
2026-09-28 03:10:41.878 | INFO     | plugrl_env_client.runner.rollout:log_timing_summary:98 - Intermediate rollout timing summary: env_steps=1034331 infer_calls=259313 feedback_calls=259313 infer_wait=10653.476s infer_obs_pack=12.053s env_step=7484.105s feedback_total=49.625s feedback_obs_pack=16.818s feedback_info_pack=0.857s effective_fps=56.83
2026-09-28 03:12:59.113 | INFO     | plugrl_env_client.runner.rollout:log_timing_summary:98 - Intermediate rollout timing summary: env_steps=1037071 infer_calls=260001 feedback_calls=260000 infer_wait=10773.340s infer_obs_pack=12.082s env_step=7501.221s feedback_total=49.748s feedback_obs_pack=16.857s feedback_info_pack=0.859s effective_fps=56.56
2026-09-28 03:12:59.114 | INFO     | plugrl_env_client.runner.rollout:log_timing_summary:98 - Intermediate rollout timing summary: env_steps=1037085 infer_calls=260002 feedback_calls=260001 infer_wait=10801.479s infer_obs_pack=12.083s env_step=7473.600s feedback_total=50.024s feedback_obs_pack=16.814s feedback_info_pack=0.885s effective_fps=56.56
2026-09-28 03:12:59.117 | INFO     | plugrl_env_client.runner.rollout:log_timing_summary:98 - Intermediate rollout timing summary: env_steps=1037079 infer_calls=260002 feedback_calls=260001 infer_wait=10784.136s infer_obs_pack=12.091s env_step=7491.128s feedback_total=49.751s feedback_obs_pack=16.726s feedback_info_pack=0.896s effective_fps=56.56
2026-09-28 03:13:29.118 | INFO     | plugrl_env_client.runner.rollout:log_timing_summary:98 - Intermediate rollout timing summary: env_steps=1040322 infer_calls=260818 feedback_calls=260817 infer_wait=10781.997s infer_obs_pack=12.116s env_step=7522.259s feedback_total=49.898s feedback_obs_pack=16.904s feedback_info_pack=0.861s effective_fps=56.64
2026-09-28 03:13:29.120 | INFO     | plugrl_env_client.runner.rollout:log_timing_summary:98 - Intermediate rollout timing summary: env_steps=1040339 infer_calls=260819 feedback_calls=260818 infer_wait=10810.095s infer_obs_pack=12.118s env_step=7494.677s feedback_total=50.169s feedback_obs_pack=16.862s feedback_info_pack=0.888s effective_fps=56.64
2026-09-28 03:13:29.122 | INFO     | plugrl_env_client.runner.rollout:log_timing_summary:98 - Intermediate rollout timing summary: env_steps=1040337 infer_calls=260819 feedback_calls=260818 infer_wait=10792.491s infer_obs_pack=12.126s env_step=7512.475s feedback_total=49.898s feedback_obs_pack=16.772s feedback_info_pack=0.898s effective_fps=56.64
2026-09-28 03:13:59.119 | INFO     | plugrl_env_client.runner.rollout:log_timing_summary:98 - Intermediate rollout timing summary: env_steps=1043610 infer_calls=261642 feedback_calls=261641 infer_wait=10790.399s infer_obs_pack=12.151s env_step=7543.554s feedback_total=50.043s feedback_obs_pack=16.951s feedback_info_pack=0.864s effective_fps=56.73
2026-09-28 03:13:59.121 | INFO     | plugrl_env_client.runner.rollout:log_timing_summary:98 - Intermediate rollout timing summary: env_steps=1043626 infer_calls=261643 feedback_calls=261642 infer_wait=10818.484s infer_obs_pack=12.152s env_step=7515.983s feedback_total=50.314s feedback_obs_pack=16.909s feedback_info_pack=0.890s effective_fps=56.73
2026-09-28 03:13:59.127 | INFO     | plugrl_env_client.runner.rollout:log_timing_summary:98 - Intermediate rollout timing summary: env_steps=1043626 infer_calls=261643 feedback_calls=261643 infer_wait=10801.171s infer_obs_pack=12.160s env_step=7533.495s feedback_total=50.042s feedback_obs_pack=16.819s feedback_info_pack=0.901s effective_fps=56.73
2026-09-28 03:14:29.121 | INFO     | plugrl_env_client.runner.rollout:log_timing_summary:98 - Intermediate rollout timing summary: env_steps=1046879 infer_calls=262462 feedback_calls=262461 infer_wait=10798.848s infer_obs_pack=12.185s env_step=7564.790s feedback_total=50.194s feedback_obs_pack=16.998s feedback_info_pack=0.866s effective_fps=56.82
2026-09-28 03:14:29.139 | INFO     | plugrl_env_client.runner.rollout:log_timing_summary:98 - Intermediate rollout timing summary: env_steps=1046887 infer_calls=262464 feedback_calls=262463 infer_wait=10809.572s infer_obs_pack=12.194s env_step=7554.806s feedback_total=50.184s feedback_obs_pack=16.868s feedback_info_pack=0.903s effective_fps=56.81
2026-09-28 03:14:29.140 | INFO     | plugrl_env_client.runner.rollout:log_timing_summary:98 - Intermediate rollout timing summary: env_steps=1046892 infer_calls=262464 feedback_calls=262463 infer_wait=10827.265s infer_obs_pack=12.186s env_step=7536.916s feedback_total=50.461s feedback_obs_pack=16.957s feedback_info_pack=0.893s effective_fps=56.81
2026-09-28 03:14:59.125 | INFO     | plugrl_env_client.runner.rollout:log_timing_summary:98 - Intermediate rollout timing summary: env_steps=1050218 infer_calls=263303 feedback_calls=263302 infer_wait=10807.435s infer_obs_pack=12.220s env_step=7585.892s feedback_total=50.343s feedback_obs_pack=17.047s feedback_info_pack=0.869s effective_fps=56.90
2026-09-28 03:14:59.150 | INFO     | plugrl_env_client.runner.rollout:log_timing_summary:98 - Intermediate rollout timing summary: env_steps=1050239 infer_calls=263305 feedback_calls=263304 infer_wait=10817.851s infer_obs_pack=12.228s env_step=7576.233s feedback_total=50.331s feedback_obs_pack=16.916s feedback_info_pack=0.906s effective_fps=56.90
2026-09-28 03:14:59.154 | INFO     | plugrl_env_client.runner.rollout:log_timing_summary:98 - Intermediate rollout timing summary: env_steps=1050245 infer_calls=263305 feedback_calls=263304 infer_wait=10835.468s infer_obs_pack=12.221s env_step=7558.409s feedback_total=50.617s feedback_obs_pack=17.006s feedback_info_pack=0.896s effective_fps=56.90
2026-09-28 03:17:17.073 | INFO     | plugrl_env_client.runner.rollout:log_timing_summary:98 - Intermediate rollout timing summary: env_steps=1053022 infer_calls=264002 feedback_calls=264001 infer_wait=10955.862s infer_obs_pack=12.249s env_step=7575.676s feedback_total=50.744s feedback_obs_pack=17.047s feedback_info_pack=0.898s effective_fps=56.63
2026-09-28 03:17:17.074 | INFO     | plugrl_env_client.runner.rollout:log_timing_summary:98 - Intermediate rollout timing summary: env_steps=1053002 infer_calls=264001 feedback_calls=264000 infer_wait=10927.388s infer_obs_pack=12.249s env_step=7603.632s feedback_total=50.469s feedback_obs_pack=17.087s feedback_info_pack=0.871s effective_fps=56.63
2026-09-28 03:17:17.080 | INFO     | plugrl_env_client.runner.rollout:log_timing_summary:98 - Intermediate rollout timing summary: env_steps=1053015 infer_calls=264002 feedback_calls=264001 infer_wait=10938.022s infer_obs_pack=12.257s env_step=7593.733s feedback_total=50.456s feedback_obs_pack=16.956s feedback_info_pack=0.908s effective_fps=56.63
2026-09-28 03:17:47.077 | INFO     | plugrl_env_client.runner.rollout:log_timing_summary:98 - Intermediate rollout timing summary: env_steps=1056293 infer_calls=264822 feedback_calls=264821 infer_wait=10964.609s infer_obs_pack=12.283s env_step=7596.630s feedback_total=50.894s feedback_obs_pack=17.094s feedback_info_pack=0.900s effective_fps=56.72
2026-09-28 03:17:47.077 | INFO     | plugrl_env_client.runner.rollout:log_timing_summary:98 - Intermediate rollout timing summary: env_steps=1056275 infer_calls=264821 feedback_calls=264820 infer_wait=10935.544s infer_obs_pack=12.283s env_step=7625.168s feedback_total=50.619s feedback_obs_pack=17.137s feedback_info_pack=0.873s effective_fps=56.72
2026-09-28 03:17:47.082 | INFO     | plugrl_env_client.runner.rollout:log_timing_summary:98 - Intermediate rollout timing summary: env_steps=1056281 infer_calls=264822 feedback_calls=264821 infer_wait=10946.032s infer_obs_pack=12.291s env_step=7615.418s feedback_total=50.604s feedback_obs_pack=17.003s feedback_info_pack=0.911s effective_fps=56.72
2026-09-28 03:18:17.082 | INFO     | plugrl_env_client.runner.rollout:log_timing_summary:98 - Intermediate rollout timing summary: env_steps=1059567 infer_calls=265643 feedback_calls=265642 infer_wait=10973.302s infer_obs_pack=12.317s env_step=7617.641s feedback_total=51.040s feedback_obs_pack=17.141s feedback_info_pack=0.903s effective_fps=56.80
2026-09-28 03:18:17.082 | INFO     | plugrl_env_client.runner.rollout:log_timing_summary:98 - Intermediate rollout timing summary: env_steps=1059543 infer_calls=265642 feedback_calls=265641 infer_wait=10943.973s infer_obs_pack=12.317s env_step=7646.440s feedback_total=50.765s feedback_obs_pack=17.185s feedback_info_pack=0.876s effective_fps=56.80
2026-09-28 03:18:17.088 | INFO     | plugrl_env_client.runner.rollout:log_timing_summary:98 - Intermediate rollout timing summary: env_steps=1059549 infer_calls=265643 feedback_calls=265642 infer_wait=10954.367s infer_obs_pack=12.325s env_step=7636.782s feedback_total=50.751s feedback_obs_pack=17.050s feedback_info_pack=0.913s effective_fps=56.80
2026-09-28 03:18:47.085 | INFO     | plugrl_env_client.runner.rollout:log_timing_summary:98 - Intermediate rollout timing summary: env_steps=1062859 infer_calls=266475 feedback_calls=266474 infer_wait=10952.248s infer_obs_pack=12.352s env_step=7667.855s feedback_total=50.915s feedback_obs_pack=17.233s feedback_info_pack=0.878s effective_fps=56.89
2026-09-28 03:18:47.085 | INFO     | plugrl_env_client.runner.rollout:log_timing_summary:98 - Intermediate rollout timing summary: env_steps=1062887 infer_calls=266476 feedback_calls=266475 infer_wait=10981.896s infer_obs_pack=12.352s env_step=7638.745s feedback_total=51.188s feedback_obs_pack=17.188s feedback_info_pack=0.906s effective_fps=56.89
2026-09-28 03:18:47.091 | INFO     | plugrl_env_client.runner.rollout:log_timing_summary:98 - Intermediate rollout timing summary: env_steps=1062865 infer_calls=266476 feedback_calls=266475 infer_wait=10962.945s infer_obs_pack=12.359s env_step=7657.896s feedback_total=50.902s feedback_obs_pack=17.100s feedback_info_pack=0.916s effective_fps=56.89
2026-09-28 03:19:17.088 | INFO     | plugrl_env_client.runner.rollout:log_timing_summary:98 - Intermediate rollout timing summary: env_steps=1066195 infer_calls=267305 feedback_calls=267305 infer_wait=10990.304s infer_obs_pack=12.386s env_step=7660.021s feedback_total=51.348s feedback_obs_pack=17.237s feedback_info_pack=0.908s effective_fps=56.97
2026-09-28 03:19:17.089 | INFO     | plugrl_env_client.runner.rollout:log_timing_summary:98 - Intermediate rollout timing summary: env_steps=1066171 infer_calls=267304 feedback_calls=267304 infer_wait=10960.680s infer_obs_pack=12.387s env_step=7689.103s feedback_total=51.074s feedback_obs_pack=17.282s feedback_info_pack=0.881s effective_fps=56.97
2026-09-28 03:19:17.092 | INFO     | plugrl_env_client.runner.rollout:log_timing_summary:98 - Intermediate rollout timing summary: env_steps=1066164 infer_calls=267305 feedback_calls=267305 infer_wait=10971.618s infer_obs_pack=12.393s env_step=7678.909s feedback_total=51.050s feedback_obs_pack=17.148s feedback_info_pack=0.919s effective_fps=56.97
2026-09-28 03:21:34.317 | INFO     | plugrl_env_client.runner.rollout:log_timing_summary:98 - Intermediate rollout timing summary: env_steps=1068945 infer_calls=268002 feedback_calls=268001 infer_wait=11090.721s infer_obs_pack=12.422s env_step=7696.772s feedback_total=51.177s feedback_obs_pack=17.190s feedback_info_pack=0.921s effective_fps=56.70
2026-09-28 03:21:34.320 | INFO     | plugrl_env_client.runner.rollout:log_timing_summary:98 - Intermediate rollout timing summary: env_steps=1068948 infer_calls=268001 feedback_calls=268000 infer_wait=11079.936s infer_obs_pack=12.419s env_step=7706.817s feedback_total=51.198s feedback_obs_pack=17.322s feedback_info_pack=0.883s effective_fps=56.71
2026-09-28 03:21:34.326 | INFO     | plugrl_env_client.runner.rollout:log_timing_summary:98 - Intermediate rollout timing summary: env_steps=1068977 infer_calls=268002 feedback_calls=268001 infer_wait=11109.485s infer_obs_pack=12.415s env_step=7677.819s feedback_total=51.475s feedback_obs_pack=17.277s feedback_info_pack=0.910s effective_fps=56.71
2026-09-28 03:22:04.327 | INFO     | plugrl_env_client.runner.rollout:log_timing_summary:98 - Intermediate rollout timing summary: env_steps=1072235 infer_calls=268827 feedback_calls=268826 infer_wait=11099.200s infer_obs_pack=12.457s env_step=7717.993s feedback_total=51.326s feedback_obs_pack=17.237s feedback_info_pack=0.923s effective_fps=56.79
2026-09-28 03:22:04.330 | INFO     | plugrl_env_client.runner.rollout:log_timing_summary:98 - Intermediate rollout timing summary: env_steps=1072232 infer_calls=268826 feedback_calls=268825 infer_wait=11088.151s infer_obs_pack=12.453s env_step=7728.306s feedback_total=51.345s feedback_obs_pack=17.370s feedback_info_pack=0.885s effective_fps=56.79
2026-09-28 03:22:04.331 | INFO     | plugrl_env_client.runner.rollout:log_timing_summary:98 - Intermediate rollout timing summary: env_steps=1072264 infer_calls=268827 feedback_calls=268826 infer_wait=11118.053s infer_obs_pack=12.450s env_step=7698.937s feedback_total=51.631s feedback_obs_pack=17.328s feedback_info_pack=0.913s effective_fps=56.79
2026-09-28 03:22:34.334 | INFO     | plugrl_env_client.runner.rollout:log_timing_summary:98 - Intermediate rollout timing summary: env_steps=1075502 infer_calls=269646 feedback_calls=269646 infer_wait=11096.790s infer_obs_pack=12.487s env_step=7749.360s feedback_total=51.494s feedback_obs_pack=17.421s feedback_info_pack=0.888s effective_fps=56.87
2026-09-28 03:22:34.347 | INFO     | plugrl_env_client.runner.rollout:log_timing_summary:98 - Intermediate rollout timing summary: env_steps=1075507 infer_calls=269648 feedback_calls=269647 infer_wait=11107.766s infer_obs_pack=12.491s env_step=7739.141s feedback_total=51.473s feedback_obs_pack=17.284s feedback_info_pack=0.926s effective_fps=56.87
2026-09-28 03:22:34.350 | INFO     | plugrl_env_client.runner.rollout:log_timing_summary:98 - Intermediate rollout timing summary: env_steps=1075536 infer_calls=269648 feedback_calls=269647 infer_wait=11126.269s infer_obs_pack=12.484s env_step=7720.440s feedback_total=51.776s feedback_obs_pack=17.375s feedback_info_pack=0.916s effective_fps=56.87
2026-09-28 03:23:04.339 | INFO     | plugrl_env_client.runner.rollout:log_timing_summary:98 - Intermediate rollout timing summary: env_steps=1078792 infer_calls=270473 feedback_calls=270472 infer_wait=11105.400s infer_obs_pack=12.521s env_step=7770.453s feedback_total=51.638s feedback_obs_pack=17.468s feedback_info_pack=0.890s effective_fps=56.96
2026-09-28 03:23:04.352 | INFO     | plugrl_env_client.runner.rollout:log_timing_summary:98 - Intermediate rollout timing summary: env_steps=1078799 infer_calls=270474 feedback_calls=270474 infer_wait=11116.143s infer_obs_pack=12.525s env_step=7760.462s feedback_total=51.617s feedback_obs_pack=17.331s feedback_info_pack=0.928s effective_fps=56.96
2026-09-28 03:23:04.364 | INFO     | plugrl_env_client.runner.rollout:log_timing_summary:98 - Intermediate rollout timing summary: env_steps=1078829 infer_calls=270475 feedback_calls=270474 infer_wait=11134.878s infer_obs_pack=12.522s env_step=7741.535s feedback_total=51.925s feedback_obs_pack=17.422s feedback_info_pack=0.918s effective_fps=56.96
2026-09-28 03:23:34.345 | INFO     | plugrl_env_client.runner.rollout:log_timing_summary:98 - Intermediate rollout timing summary: env_steps=1082145 infer_calls=271314 feedback_calls=271314 infer_wait=11113.888s infer_obs_pack=12.556s env_step=7791.658s feedback_total=51.787s feedback_obs_pack=17.516s feedback_info_pack=0.893s effective_fps=57.05
2026-09-28 03:23:34.362 | INFO     | plugrl_env_client.runner.rollout:log_timing_summary:98 - Intermediate rollout timing summary: env_steps=1082157 infer_calls=271316 feedback_calls=271315 infer_wait=11124.137s infer_obs_pack=12.560s env_step=7782.173s feedback_total=51.766s feedback_obs_pack=17.379s feedback_info_pack=0.931s effective_fps=57.04
2026-09-28 03:23:34.368 | INFO     | plugrl_env_client.runner.rollout:log_timing_summary:98 - Intermediate rollout timing summary: env_steps=1082180 infer_calls=271316 feedback_calls=271315 infer_wait=11143.177s infer_obs_pack=12.556s env_step=7762.929s feedback_total=52.075s feedback_obs_pack=17.471s feedback_info_pack=0.921s effective_fps=57.04
2026-09-28 03:25:52.414 | INFO     | plugrl_env_client.runner.rollout:log_timing_summary:98 - Intermediate rollout timing summary: env_steps=1084892 infer_calls=272002 feedback_calls=272001 infer_wait=11244.637s infer_obs_pack=12.588s env_step=7799.471s feedback_total=51.893s feedback_obs_pack=17.419s feedback_info_pack=0.933s effective_fps=56.78
2026-09-28 03:25:52.419 | INFO     | plugrl_env_client.runner.rollout:log_timing_summary:98 - Intermediate rollout timing summary: env_steps=1084881 infer_calls=272001 feedback_calls=272000 infer_wait=11234.155s infer_obs_pack=12.585s env_step=7809.202s feedback_total=51.917s feedback_obs_pack=17.557s feedback_info_pack=0.895s effective_fps=56.78
2026-09-28 03:25:52.427 | INFO     | plugrl_env_client.runner.rollout:log_timing_summary:98 - Intermediate rollout timing summary: env_steps=1084913 infer_calls=272002 feedback_calls=272001 infer_wait=11263.600s infer_obs_pack=12.585s env_step=7780.315s feedback_total=52.199s feedback_obs_pack=17.510s feedback_info_pack=0.923s effective_fps=56.78
2026-09-28 03:26:22.421 | INFO     | plugrl_env_client.runner.rollout:log_timing_summary:98 - Intermediate rollout timing summary: env_steps=1088160 infer_calls=272820 feedback_calls=272820 infer_wait=11253.016s infer_obs_pack=12.622s env_step=7820.785s feedback_total=52.046s feedback_obs_pack=17.466s feedback_info_pack=0.936s effective_fps=56.86
2026-09-28 03:26:22.432 | INFO     | plugrl_env_client.runner.rollout:log_timing_summary:98 - Intermediate rollout timing summary: env_steps=1088179 infer_calls=272821 feedback_calls=272820 infer_wait=11272.018s infer_obs_pack=12.619s env_step=7801.590s feedback_total=52.353s feedback_obs_pack=17.557s feedback_info_pack=0.926s effective_fps=56.86
2026-09-28 03:26:22.434 | INFO     | plugrl_env_client.runner.rollout:log_timing_summary:98 - Intermediate rollout timing summary: env_steps=1088146 infer_calls=272820 feedback_calls=272819 infer_wait=11242.735s infer_obs_pack=12.620s env_step=7830.325s feedback_total=52.067s feedback_obs_pack=17.604s feedback_info_pack=0.897s effective_fps=56.86
2026-09-28 03:26:52.428 | INFO     | plugrl_env_client.runner.rollout:log_timing_summary:98 - Intermediate rollout timing summary: env_steps=1091438 infer_calls=273642 feedback_calls=273641 infer_wait=11261.904s infer_obs_pack=12.657s env_step=7841.599s feedback_total=52.200s feedback_obs_pack=17.514s feedback_info_pack=0.938s effective_fps=56.94
2026-09-28 03:26:52.437 | INFO     | plugrl_env_client.runner.rollout:log_timing_summary:98 - Intermediate rollout timing summary: env_steps=1091449 infer_calls=273642 feedback_calls=273641 infer_wait=11280.202s infer_obs_pack=12.653s env_step=7823.102s feedback_total=52.497s feedback_obs_pack=17.604s feedback_info_pack=0.928s effective_fps=56.94
2026-09-28 03:26:52.438 | INFO     | plugrl_env_client.runner.rollout:log_timing_summary:98 - Intermediate rollout timing summary: env_steps=1091426 infer_calls=273641 feedback_calls=273640 infer_wait=11250.940s infer_obs_pack=12.654s env_step=7851.819s feedback_total=52.216s feedback_obs_pack=17.655s feedback_info_pack=0.900s effective_fps=56.94
2026-09-28 03:27:22.451 | INFO     | plugrl_env_client.runner.rollout:log_timing_summary:98 - Intermediate rollout timing summary: env_steps=1094698 infer_calls=274459 feedback_calls=274458 infer_wait=11270.664s infer_obs_pack=12.691s env_step=7862.567s feedback_total=52.339s feedback_obs_pack=17.561s feedback_info_pack=0.941s effective_fps=57.02
2026-09-28 03:27:22.454 | INFO     | plugrl_env_client.runner.rollout:log_timing_summary:98 - Intermediate rollout timing summary: env_steps=1094677 infer_calls=274458 feedback_calls=274457 infer_wait=11259.437s infer_obs_pack=12.692s env_step=7873.027s feedback_total=52.366s feedback_obs_pack=17.702s feedback_info_pack=0.902s effective_fps=57.02
2026-09-28 03:27:22.456 | INFO     | plugrl_env_client.runner.rollout:log_timing_summary:98 - Intermediate rollout timing summary: env_steps=1094712 infer_calls=274459 feedback_calls=274458 infer_wait=11288.507s infer_obs_pack=12.687s env_step=7844.518s feedback_total=52.641s feedback_obs_pack=17.651s feedback_info_pack=0.931s effective_fps=57.02
2026-09-28 03:27:52.461 | INFO     | plugrl_env_client.runner.rollout:log_timing_summary:98 - Intermediate rollout timing summary: env_steps=1098104 infer_calls=275311 feedback_calls=275310 infer_wait=11297.043s infer_obs_pack=12.722s env_step=7865.666s feedback_total=52.798s feedback_obs_pack=17.704s feedback_info_pack=0.933s effective_fps=57.11
2026-09-28 03:27:52.462 | INFO     | plugrl_env_client.runner.rollout:log_timing_summary:98 - Intermediate rollout timing summary: env_steps=1098086 infer_calls=275311 feedback_calls=275310 infer_wait=11279.050s infer_obs_pack=12.727s env_step=7883.869s feedback_total=52.498s feedback_obs_pack=17.612s feedback_info_pack=0.943s effective_fps=57.11
2026-09-28 03:27:52.463 | INFO     | plugrl_env_client.runner.rollout:log_timing_summary:98 - Intermediate rollout timing summary: env_steps=1098076 infer_calls=275310 feedback_calls=275309 infer_wait=11267.459s infer_obs_pack=12.728s env_step=7894.701s feedback_total=52.518s feedback_obs_pack=17.753s feedback_info_pack=0.905s effective_fps=57.11
2026-09-28 03:30:11.866 | INFO     | plugrl_env_client.runner.rollout:log_timing_summary:98 - Intermediate rollout timing summary: env_steps=1100835 infer_calls=276001 feedback_calls=276000 infer_wait=11389.038s infer_obs_pack=12.756s env_step=7912.268s feedback_total=52.643s feedback_obs_pack=17.793s feedback_info_pack=0.907s effective_fps=56.84
2026-09-28 03:30:11.869 | INFO     | plugrl_env_client.runner.rollout:log_timing_summary:98 - Intermediate rollout timing summary: env_steps=1100836 infer_calls=276002 feedback_calls=276001 infer_wait=11400.876s infer_obs_pack=12.755s env_step=7901.190s feedback_total=52.626s feedback_obs_pack=17.654s feedback_info_pack=0.946s effective_fps=56.84
2026-09-28 03:30:11.869 | INFO     | plugrl_env_client.runner.rollout:log_timing_summary:98 - Intermediate rollout timing summary: env_steps=1100859 infer_calls=276002 feedback_calls=276001 infer_wait=11418.922s infer_obs_pack=12.751s env_step=7882.934s feedback_total=52.925s feedback_obs_pack=17.744s feedback_info_pack=0.936s effective_fps=56.84
2026-09-28 03:30:41.876 | INFO     | plugrl_env_client.runner.rollout:log_timing_summary:98 - Intermediate rollout timing summary: env_steps=1104125 infer_calls=276828 feedback_calls=276827 infer_wait=11409.033s infer_obs_pack=12.789s env_step=7922.727s feedback_total=52.775s feedback_obs_pack=17.701s feedback_info_pack=0.948s effective_fps=56.92
2026-09-28 03:30:41.878 | INFO     | plugrl_env_client.runner.rollout:log_timing_summary:98 - Intermediate rollout timing summary: env_steps=1104126 infer_calls=276827 feedback_calls=276826 infer_wait=11397.846s infer_obs_pack=12.791s env_step=7933.162s feedback_total=52.793s feedback_obs_pack=17.841s feedback_info_pack=0.909s effective_fps=56.92
2026-09-28 03:30:41.883 | INFO     | plugrl_env_client.runner.rollout:log_timing_summary:98 - Intermediate rollout timing summary: env_steps=1104148 infer_calls=276828 feedback_calls=276827 infer_wait=11427.334s infer_obs_pack=12.788s env_step=7904.223s feedback_total=53.077s feedback_obs_pack=17.792s feedback_info_pack=0.938s effective_fps=56.92
2026-09-28 03:31:11.888 | INFO     | plugrl_env_client.runner.rollout:log_timing_summary:98 - Intermediate rollout timing summary: env_steps=1107396 infer_calls=277647 feedback_calls=277646 infer_wait=11416.954s infer_obs_pack=12.824s env_step=7944.510s feedback_total=52.922s feedback_obs_pack=17.749s feedback_info_pack=0.951s effective_fps=57.00
2026-09-28 03:31:11.892 | INFO     | plugrl_env_client.runner.rollout:log_timing_summary:98 - Intermediate rollout timing summary: env_steps=1107391 infer_calls=277646 feedback_calls=277645 infer_wait=11406.554s infer_obs_pack=12.825s env_step=7954.164s feedback_total=52.936s feedback_obs_pack=17.889s feedback_info_pack=0.912s effective_fps=57.00
2026-09-28 03:31:11.896 | INFO     | plugrl_env_client.runner.rollout:log_timing_summary:98 - Intermediate rollout timing summary: env_steps=1107414 infer_calls=277647 feedback_calls=277646 infer_wait=11436.047s infer_obs_pack=12.822s env_step=7925.216s feedback_total=53.228s feedback_obs_pack=17.842s feedback_info_pack=0.941s effective_fps=57.00
2026-09-28 03:31:41.896 | INFO     | plugrl_env_client.runner.rollout:log_timing_summary:98 - Intermediate rollout timing summary: env_steps=1110675 infer_calls=278469 feedback_calls=278468 infer_wait=11415.180s infer_obs_pack=12.859s env_step=7975.240s feedback_total=53.082s feedback_obs_pack=17.936s feedback_info_pack=0.914s effective_fps=57.09
2026-09-28 03:31:41.897 | INFO     | plugrl_env_client.runner.rollout:log_timing_summary:98 - Intermediate rollout timing summary: env_steps=1110670 infer_calls=278470 feedback_calls=278469 infer_wait=11425.242s infer_obs_pack=12.858s env_step=7965.924s feedback_total=53.067s feedback_obs_pack=17.796s feedback_info_pack=0.953s effective_fps=57.08
2026-09-28 03:31:41.898 | INFO     | plugrl_env_client.runner.rollout:log_timing_summary:98 - Intermediate rollout timing summary: env_steps=1110695 infer_calls=278470 feedback_calls=278469 infer_wait=11444.868s infer_obs_pack=12.859s env_step=7946.086s feedback_total=53.378s feedback_obs_pack=17.893s feedback_info_pack=0.943s effective_fps=57.08
2026-09-28 03:32:11.898 | INFO     | plugrl_env_client.runner.rollout:log_timing_summary:98 - Intermediate rollout timing summary: env_steps=1114113 infer_calls=279334 feedback_calls=279333 infer_wait=11423.568s infer_obs_pack=12.896s env_step=7996.532s feedback_total=53.236s feedback_obs_pack=17.986s feedback_info_pack=0.917s effective_fps=57.17
2026-09-28 03:32:11.901 | INFO     | plugrl_env_client.runner.rollout:log_timing_summary:98 - Intermediate rollout timing summary: env_steps=1114117 infer_calls=279335 feedback_calls=279334 infer_wait=11433.248s infer_obs_pack=12.894s env_step=7987.597s feedback_total=53.228s feedback_obs_pack=17.846s feedback_info_pack=0.956s effective_fps=57.17
2026-09-28 03:32:11.904 | INFO     | plugrl_env_client.runner.rollout:log_timing_summary:98 - Intermediate rollout timing summary: env_steps=1114140 infer_calls=279335 feedback_calls=279334 infer_wait=11453.095s infer_obs_pack=12.895s env_step=7967.538s feedback_total=53.539s feedback_obs_pack=17.943s feedback_info_pack=0.946s effective_fps=57.17
2026-09-28 03:34:29.643 | INFO     | plugrl_env_client.runner.rollout:log_timing_summary:98 - Intermediate rollout timing summary: env_steps=1116780 infer_calls=280002 feedback_calls=280001 infer_wait=11554.154s infer_obs_pack=12.922s env_step=8004.193s feedback_total=53.347s feedback_obs_pack=17.884s feedback_info_pack=0.958s effective_fps=56.91
2026-09-28 03:34:29.644 | INFO     | plugrl_env_client.runner.rollout:log_timing_summary:98 - Intermediate rollout timing summary: env_steps=1116766 infer_calls=280001 feedback_calls=280000 infer_wait=11544.652s infer_obs_pack=12.924s env_step=8012.937s feedback_total=53.362s feedback_obs_pack=18.024s feedback_info_pack=0.919s effective_fps=56.91
2026-09-28 03:34:29.652 | INFO     | plugrl_env_client.runner.rollout:log_timing_summary:98 - Intermediate rollout timing summary: env_steps=1116802 infer_calls=280002 feedback_calls=280001 infer_wait=11573.891s infer_obs_pack=12.923s env_step=7984.251s feedback_total=53.659s feedback_obs_pack=17.982s feedback_info_pack=0.948s effective_fps=56.91
2026-09-28 03:34:59.650 | INFO     | plugrl_env_client.runner.rollout:log_timing_summary:98 - Intermediate rollout timing summary: env_steps=1120056 infer_calls=280826 feedback_calls=280825 infer_wait=11552.968s infer_obs_pack=12.959s env_step=8034.319s feedback_total=53.513s feedback_obs_pack=18.074s feedback_info_pack=0.921s effective_fps=56.99
2026-09-28 03:34:59.651 | INFO     | plugrl_env_client.runner.rollout:log_timing_summary:98 - Intermediate rollout timing summary: env_steps=1120068 infer_calls=280827 feedback_calls=280826 infer_wait=11562.491s infer_obs_pack=12.955s env_step=8025.560s feedback_total=53.496s feedback_obs_pack=17.934s feedback_info_pack=0.961s effective_fps=56.99
2026-09-28 03:34:59.658 | INFO     | plugrl_env_client.runner.rollout:log_timing_summary:98 - Intermediate rollout timing summary: env_steps=1120099 infer_calls=280827 feedback_calls=280826 infer_wait=11582.260s infer_obs_pack=12.957s env_step=8005.584s feedback_total=53.809s feedback_obs_pack=18.029s feedback_info_pack=0.951s effective_fps=56.99
2026-09-28 03:35:29.652 | INFO     | plugrl_env_client.runner.rollout:log_timing_summary:98 - Intermediate rollout timing summary: env_steps=1123367 infer_calls=281655 feedback_calls=281655 infer_wait=11560.993s infer_obs_pack=12.993s env_step=8055.994s feedback_total=53.659s feedback_obs_pack=18.121s feedback_info_pack=0.924s effective_fps=57.07
2026-09-28 03:35:29.652 | INFO     | plugrl_env_client.runner.rollout:log_timing_summary:98 - Intermediate rollout timing summary: env_steps=1123368 infer_calls=281656 feedback_calls=281655 infer_wait=11571.127s infer_obs_pack=12.990s env_step=8046.622s feedback_total=53.641s feedback_obs_pack=17.982s feedback_info_pack=0.964s effective_fps=57.07
2026-09-28 03:35:29.674 | INFO     | plugrl_env_client.runner.rollout:log_timing_summary:98 - Intermediate rollout timing summary: env_steps=1123400 infer_calls=281657 feedback_calls=281656 infer_wait=11590.966s infer_obs_pack=12.991s env_step=8026.587s feedback_total=53.958s feedback_obs_pack=18.078s feedback_info_pack=0.953s effective_fps=57.07
2026-09-28 03:35:59.653 | INFO     | plugrl_env_client.runner.rollout:log_timing_summary:98 - Intermediate rollout timing summary: env_steps=1126615 infer_calls=282471 feedback_calls=282470 infer_wait=11569.526s infer_obs_pack=13.027s env_step=8077.160s feedback_total=53.801s feedback_obs_pack=18.168s feedback_info_pack=0.926s effective_fps=57.15
2026-09-28 03:35:59.657 | INFO     | plugrl_env_client.runner.rollout:log_timing_summary:98 - Intermediate rollout timing summary: env_steps=1126624 infer_calls=282472 feedback_calls=282471 infer_wait=11579.266s infer_obs_pack=13.024s env_step=8068.184s feedback_total=53.791s feedback_obs_pack=18.029s feedback_info_pack=0.966s effective_fps=57.15
2026-09-28 03:35:59.687 | INFO     | plugrl_env_client.runner.rollout:log_timing_summary:98 - Intermediate rollout timing summary: env_steps=1126651 infer_calls=282473 feedback_calls=282472 infer_wait=11599.678s infer_obs_pack=13.025s env_step=8047.581s feedback_total=54.104s feedback_obs_pack=18.126s feedback_info_pack=0.956s effective_fps=57.15
2026-09-28 03:36:29.655 | INFO     | plugrl_env_client.runner.rollout:log_timing_summary:98 - Intermediate rollout timing summary: env_steps=1130020 infer_calls=283324 feedback_calls=283323 infer_wait=11577.454s infer_obs_pack=13.063s env_step=8098.910s feedback_total=53.963s feedback_obs_pack=18.219s feedback_info_pack=0.929s effective_fps=57.24
2026-09-28 03:36:29.657 | INFO     | plugrl_env_client.runner.rollout:log_timing_summary:98 - Intermediate rollout timing summary: env_steps=1130026 infer_calls=283325 feedback_calls=283324 infer_wait=11587.171s infer_obs_pack=13.059s env_step=8089.961s feedback_total=53.945s feedback_obs_pack=18.079s feedback_info_pack=0.969s effective_fps=57.23
2026-09-28 03:36:29.693 | INFO     | plugrl_env_client.runner.rollout:log_timing_summary:98 - Intermediate rollout timing summary: env_steps=1130056 infer_calls=283326 feedback_calls=283325 infer_wait=11608.478s infer_obs_pack=13.060s env_step=8068.477s feedback_total=54.256s feedback_obs_pack=18.175s feedback_info_pack=0.959s effective_fps=57.23
2026-09-28 03:38:49.207 | INFO     | plugrl_env_client.runner.rollout:log_timing_summary:98 - Intermediate rollout timing summary: env_steps=1132750 infer_calls=284002 feedback_calls=284001 infer_wait=11731.119s infer_obs_pack=13.088s env_step=8085.100s feedback_total=54.377s feedback_obs_pack=18.214s feedback_info_pack=0.961s effective_fps=56.97
2026-09-28 03:38:49.212 | INFO     | plugrl_env_client.runner.rollout:log_timing_summary:98 - Intermediate rollout timing summary: env_steps=1132712 infer_calls=284001 feedback_calls=284000 infer_wait=11699.979s infer_obs_pack=13.097s env_step=8115.672s feedback_total=54.091s feedback_obs_pack=18.258s feedback_info_pack=0.931s effective_fps=56.97
2026-09-28 03:38:49.212 | INFO     | plugrl_env_client.runner.rollout:log_timing_summary:98 - Intermediate rollout timing summary: env_steps=1132723 infer_calls=284002 feedback_calls=284001 infer_wait=11709.134s infer_obs_pack=13.087s env_step=8107.305s feedback_total=54.066s feedback_obs_pack=18.118s feedback_info_pack=0.971s effective_fps=56.97
2026-09-28 03:39:19.215 | INFO     | plugrl_env_client.runner.rollout:log_timing_summary:98 - Intermediate rollout timing summary: env_steps=1135983 infer_calls=284819 feedback_calls=284818 infer_wait=11717.338s infer_obs_pack=13.121s env_step=8128.804s feedback_total=54.212s feedback_obs_pack=18.165s feedback_info_pack=0.974s effective_fps=57.05
2026-09-28 03:39:19.216 | INFO     | plugrl_env_client.runner.rollout:log_timing_summary:98 - Intermediate rollout timing summary: env_steps=1135973 infer_calls=284818 feedback_calls=284817 infer_wait=11708.680s infer_obs_pack=13.137s env_step=8136.659s feedback_total=54.242s feedback_obs_pack=18.308s feedback_info_pack=0.933s effective_fps=57.05
2026-09-28 03:39:19.217 | INFO     | plugrl_env_client.runner.rollout:log_timing_summary:98 - Intermediate rollout timing summary: env_steps=1136012 infer_calls=284819 feedback_calls=284818 infer_wait=11739.235s infer_obs_pack=13.122s env_step=8106.692s feedback_total=54.525s feedback_obs_pack=18.261s feedback_info_pack=0.963s effective_fps=57.05
2026-09-28 03:39:49.222 | INFO     | plugrl_env_client.runner.rollout:log_timing_summary:98 - Intermediate rollout timing summary: env_steps=1139259 infer_calls=285641 feedback_calls=285640 infer_wait=11726.320s infer_obs_pack=13.154s env_step=8149.532s feedback_total=54.353s feedback_obs_pack=18.212s feedback_info_pack=0.976s effective_fps=57.12
2026-09-28 03:39:49.222 | INFO     | plugrl_env_client.runner.rollout:log_timing_summary:98 - Intermediate rollout timing summary: env_steps=1139293 infer_calls=285641 feedback_calls=285640 infer_wait=11747.326s infer_obs_pack=13.156s env_step=8128.300s feedback_total=54.676s feedback_obs_pack=18.312s feedback_info_pack=0.966s effective_fps=57.13
2026-09-28 03:39:49.226 | INFO     | plugrl_env_client.runner.rollout:log_timing_summary:98 - Intermediate rollout timing summary: env_steps=1139246 infer_calls=285640 feedback_calls=285639 infer_wait=11716.945s infer_obs_pack=13.171s env_step=8158.099s feedback_total=54.385s feedback_obs_pack=18.355s feedback_info_pack=0.936s effective_fps=57.13
2026-09-28 03:40:19.223 | INFO     | plugrl_env_client.runner.rollout:log_timing_summary:98 - Intermediate rollout timing summary: env_steps=1142612 infer_calls=286481 feedback_calls=286480 infer_wait=11734.536s infer_obs_pack=13.189s env_step=8171.013s feedback_total=54.502s feedback_obs_pack=18.260s feedback_info_pack=0.979s effective_fps=57.21
2026-09-28 03:40:19.228 | INFO     | plugrl_env_client.runner.rollout:log_timing_summary:98 - Intermediate rollout timing summary: env_steps=1142646 infer_calls=286481 feedback_calls=286480 infer_wait=11755.470s infer_obs_pack=13.191s env_step=8149.853s feedback_total=54.830s feedback_obs_pack=18.360s feedback_info_pack=0.969s effective_fps=57.21
2026-09-28 03:40:19.232 | INFO     | plugrl_env_client.runner.rollout:log_timing_summary:98 - Intermediate rollout timing summary: env_steps=1142599 infer_calls=286480 feedback_calls=286479 infer_wait=11725.650s infer_obs_pack=13.207s env_step=8179.086s feedback_total=54.539s feedback_obs_pack=18.404s feedback_info_pack=0.938s effective_fps=57.21
2026-09-28 03:40:49.224 | INFO     | plugrl_env_client.runner.rollout:log_timing_summary:98 - Intermediate rollout timing summary: env_steps=1146040 infer_calls=287341 feedback_calls=287340 infer_wait=11742.691s infer_obs_pack=13.225s env_step=8192.544s feedback_total=54.657s feedback_obs_pack=18.309s feedback_info_pack=0.981s effective_fps=57.29
2026-09-28 03:40:49.230 | INFO     | plugrl_env_client.runner.rollout:log_timing_summary:98 - Intermediate rollout timing summary: env_steps=1146072 infer_calls=287341 feedback_calls=287340 infer_wait=11763.888s infer_obs_pack=13.227s env_step=8171.118s feedback_total=54.984s feedback_obs_pack=18.410s feedback_info_pack=0.971s effective_fps=57.29
2026-09-28 03:40:49.233 | INFO     | plugrl_env_client.runner.rollout:log_timing_summary:98 - Intermediate rollout timing summary: env_steps=1146022 infer_calls=287340 feedback_calls=287340 infer_wait=11733.639s infer_obs_pack=13.243s env_step=8200.771s feedback_total=54.695s feedback_obs_pack=18.453s feedback_info_pack=0.941s effective_fps=57.29
2026-09-28 03:43:06.661 | INFO     | plugrl_env_client.runner.rollout:log_timing_summary:98 - Intermediate rollout timing summary: env_steps=1148705 infer_calls=288002 feedback_calls=288001 infer_wait=11884.887s infer_obs_pack=13.254s env_step=8187.308s feedback_total=55.104s feedback_obs_pack=18.448s feedback_info_pack=0.973s effective_fps=57.03
2026-09-28 03:43:06.665 | INFO     | plugrl_env_client.runner.rollout:log_timing_summary:98 - Intermediate rollout timing summary: env_steps=1148654 infer_calls=288001 feedback_calls=288000 infer_wait=11854.273s infer_obs_pack=13.271s env_step=8217.324s feedback_total=54.812s feedback_obs_pack=18.492s feedback_info_pack=0.943s effective_fps=57.03
2026-09-28 03:43:06.669 | INFO     | plugrl_env_client.runner.rollout:log_timing_summary:98 - Intermediate rollout timing summary: env_steps=1148674 infer_calls=288002 feedback_calls=288001 infer_wait=11863.492s infer_obs_pack=13.253s env_step=8208.936s feedback_total=54.781s feedback_obs_pack=18.348s feedback_info_pack=0.984s effective_fps=57.03
2026-09-28 03:43:36.661 | INFO     | plugrl_env_client.runner.rollout:log_timing_summary:98 - Intermediate rollout timing summary: env_steps=1151984 infer_calls=288823 feedback_calls=288823 infer_wait=11893.498s infer_obs_pack=13.288s env_step=8208.398s feedback_total=55.251s feedback_obs_pack=18.496s feedback_info_pack=0.976s effective_fps=57.11
2026-09-28 03:43:36.674 | INFO     | plugrl_env_client.runner.rollout:log_timing_summary:98 - Intermediate rollout timing summary: env_steps=1151929 infer_calls=288823 feedback_calls=288822 infer_wait=11862.446s infer_obs_pack=13.309s env_step=8238.841s feedback_total=54.967s feedback_obs_pack=18.539s feedback_info_pack=0.945s effective_fps=57.11
2026-09-28 03:43:36.678 | INFO     | plugrl_env_client.runner.rollout:log_timing_summary:98 - Intermediate rollout timing summary: env_steps=1151949 infer_calls=288824 feedback_calls=288823 infer_wait=11872.097s infer_obs_pack=13.287s env_step=8230.039s feedback_total=54.933s feedback_obs_pack=18.396s feedback_info_pack=0.986s effective_fps=57.11
2026-09-28 03:44:06.664 | INFO     | plugrl_env_client.runner.rollout:log_timing_summary:98 - Intermediate rollout timing summary: env_steps=1155295 infer_calls=289655 feedback_calls=289654 infer_wait=11902.320s infer_obs_pack=13.323s env_step=8229.267s feedback_total=55.397s feedback_obs_pack=18.544s feedback_info_pack=0.978s effective_fps=57.19
2026-09-28 03:44:06.688 | INFO     | plugrl_env_client.runner.rollout:log_timing_summary:98 - Intermediate rollout timing summary: env_steps=1155247 infer_calls=289655 feedback_calls=289654 infer_wait=11870.856s infer_obs_pack=13.344s env_step=8260.131s feedback_total=55.118s feedback_obs_pack=18.587s feedback_info_pack=0.948s effective_fps=57.19
2026-09-28 03:44:06.690 | INFO     | plugrl_env_client.runner.rollout:log_timing_summary:98 - Intermediate rollout timing summary: env_steps=1155273 infer_calls=289656 feedback_calls=289655 infer_wait=11880.019s infer_obs_pack=13.321s env_step=8251.825s feedback_total=55.077s feedback_obs_pack=18.443s feedback_info_pack=0.989s effective_fps=57.19
2026-09-28 03:44:36.669 | INFO     | plugrl_env_client.runner.rollout:log_timing_summary:98 - Intermediate rollout timing summary: env_steps=1158688 infer_calls=290506 feedback_calls=290506 infer_wait=11910.777s infer_obs_pack=13.359s env_step=8250.499s feedback_total=55.550s feedback_obs_pack=18.593s feedback_info_pack=0.981s effective_fps=57.28
2026-09-28 03:44:36.692 | INFO     | plugrl_env_client.runner.rollout:log_timing_summary:98 - Intermediate rollout timing summary: env_steps=1158662 infer_calls=290507 feedback_calls=290506 infer_wait=11888.547s infer_obs_pack=13.356s env_step=8272.984s feedback_total=55.227s feedback_obs_pack=18.492s feedback_info_pack=0.991s effective_fps=57.27
2026-09-28 03:44:36.693 | INFO     | plugrl_env_client.runner.rollout:log_timing_summary:98 - Intermediate rollout timing summary: env_steps=1158645 infer_calls=290506 feedback_calls=290505 infer_wait=11878.578s infer_obs_pack=13.380s env_step=8282.098s feedback_total=55.271s feedback_obs_pack=18.636s feedback_info_pack=0.950s effective_fps=57.28
2026-09-28 03:45:06.690 | INFO     | plugrl_env_client.runner.rollout:log_timing_summary:98 - Intermediate rollout timing summary: env_steps=1162070 infer_calls=291355 feedback_calls=291354 infer_wait=11918.556s infer_obs_pack=13.394s env_step=8272.423s feedback_total=55.708s feedback_obs_pack=18.644s feedback_info_pack=0.984s effective_fps=57.36
2026-09-28 03:45:06.694 | INFO     | plugrl_env_client.runner.rollout:log_timing_summary:98 - Intermediate rollout timing summary: env_steps=1162039 infer_calls=291355 feedback_calls=291354 infer_wait=11896.998s infer_obs_pack=13.392s env_step=8294.220s feedback_total=55.383s feedback_obs_pack=18.542s feedback_info_pack=0.994s effective_fps=57.36
2026-09-28 03:45:06.697 | INFO     | plugrl_env_client.runner.rollout:log_timing_summary:98 - Intermediate rollout timing summary: env_steps=1162025 infer_calls=291354 feedback_calls=291353 infer_wait=11887.122s infer_obs_pack=13.415s env_step=8303.240s feedback_total=55.426s feedback_obs_pack=18.686s feedback_info_pack=0.953s effective_fps=57.36
2026-09-28 03:47:23.143 | INFO     | plugrl_env_client.runner.rollout:log_timing_summary:98 - Intermediate rollout timing summary: env_steps=1164602 infer_calls=292001 feedback_calls=292000 infer_wait=12007.281s infer_obs_pack=13.443s env_step=8319.285s feedback_total=55.544s feedback_obs_pack=18.724s feedback_info_pack=0.955s effective_fps=57.10
2026-09-28 03:47:23.145 | INFO     | plugrl_env_client.runner.rollout:log_timing_summary:98 - Intermediate rollout timing summary: env_steps=1164615 infer_calls=292002 feedback_calls=292001 infer_wait=12017.378s infer_obs_pack=13.419s env_step=8310.042s feedback_total=55.502s feedback_obs_pack=18.579s feedback_info_pack=0.996s effective_fps=57.10
2026-09-28 03:47:23.145 | INFO     | plugrl_env_client.runner.rollout:log_timing_summary:98 - Intermediate rollout timing summary: env_steps=1164651 infer_calls=292002 feedback_calls=292001 infer_wait=12038.493s infer_obs_pack=13.421s env_step=8288.700s feedback_total=55.824s feedback_obs_pack=18.681s feedback_info_pack=0.986s effective_fps=57.10
2026-09-28 03:47:53.147 | INFO     | plugrl_env_client.runner.rollout:log_timing_summary:98 - Intermediate rollout timing summary: env_steps=1167934 infer_calls=292824 feedback_calls=292823 infer_wait=12046.833s infer_obs_pack=13.455s env_step=8310.061s feedback_total=55.977s feedback_obs_pack=18.729s feedback_info_pack=0.989s effective_fps=57.18
2026-09-28 03:47:53.149 | INFO     | plugrl_env_client.runner.rollout:log_timing_summary:98 - Intermediate rollout timing summary: env_steps=1167874 infer_calls=292823 feedback_calls=292822 infer_wait=12015.724s infer_obs_pack=13.478s env_step=8340.536s feedback_total=55.696s feedback_obs_pack=18.773s feedback_info_pack=0.957s effective_fps=57.18
2026-09-28 03:47:53.165 | INFO     | plugrl_env_client.runner.rollout:log_timing_summary:98 - Intermediate rollout timing summary: env_steps=1167896 infer_calls=292825 feedback_calls=292824 infer_wait=12025.872s infer_obs_pack=13.453s env_step=8331.265s feedback_total=55.648s feedback_obs_pack=18.627s feedback_info_pack=0.999s effective_fps=57.18
2026-09-28 03:48:23.152 | INFO     | plugrl_env_client.runner.rollout:log_timing_summary:98 - Intermediate rollout timing summary: env_steps=1171163 infer_calls=293635 feedback_calls=293634 infer_wait=12055.718s infer_obs_pack=13.488s env_step=8330.887s feedback_total=56.119s feedback_obs_pack=18.775s feedback_info_pack=0.991s effective_fps=57.25
2026-09-28 03:48:23.152 | INFO     | plugrl_env_client.runner.rollout:log_timing_summary:98 - Intermediate rollout timing summary: env_steps=1171106 infer_calls=293634 feedback_calls=293633 infer_wait=12023.909s infer_obs_pack=13.513s env_step=8362.057s feedback_total=55.838s feedback_obs_pack=18.821s feedback_info_pack=0.960s effective_fps=57.25
2026-09-28 03:48:23.166 | INFO     | plugrl_env_client.runner.rollout:log_timing_summary:98 - Intermediate rollout timing summary: env_steps=1171123 infer_calls=293635 feedback_calls=293635 infer_wait=12034.416s infer_obs_pack=13.487s env_step=8352.424s feedback_total=55.793s feedback_obs_pack=18.674s feedback_info_pack=1.001s effective_fps=57.25
2026-09-28 03:48:53.154 | INFO     | plugrl_env_client.runner.rollout:log_timing_summary:98 - Intermediate rollout timing summary: env_steps=1174566 infer_calls=294487 feedback_calls=294487 infer_wait=12064.190s infer_obs_pack=13.523s env_step=8352.110s feedback_total=56.271s feedback_obs_pack=18.824s feedback_info_pack=0.994s effective_fps=57.33
2026-09-28 03:48:53.154 | INFO     | plugrl_env_client.runner.rollout:log_timing_summary:98 - Intermediate rollout timing summary: env_steps=1174510 infer_calls=294486 feedback_calls=294486 infer_wait=12032.164s infer_obs_pack=13.547s env_step=8383.487s feedback_total=55.988s feedback_obs_pack=18.869s feedback_info_pack=0.962s effective_fps=57.33
2026-09-28 03:48:53.168 | INFO     | plugrl_env_client.runner.rollout:log_timing_summary:98 - Intermediate rollout timing summary: env_steps=1174520 infer_calls=294488 feedback_calls=294487 infer_wait=12042.572s infer_obs_pack=13.522s env_step=8373.950s feedback_total=55.950s feedback_obs_pack=18.725s feedback_info_pack=1.004s effective_fps=57.33
2026-09-28 03:49:23.154 | INFO     | plugrl_env_client.runner.rollout:log_timing_summary:98 - Intermediate rollout timing summary: env_steps=1177957 infer_calls=295338 feedback_calls=295337 infer_wait=12072.354s infer_obs_pack=13.559s env_step=8373.618s feedback_total=56.430s feedback_obs_pack=18.874s feedback_info_pack=0.996s effective_fps=57.42
2026-09-28 03:49:23.155 | INFO     | plugrl_env_client.runner.rollout:log_timing_summary:98 - Intermediate rollout timing summary: env_steps=1177904 infer_calls=295337 feedback_calls=295336 infer_wait=12040.348s infer_obs_pack=13.583s env_step=8404.987s feedback_total=56.144s feedback_obs_pack=18.919s feedback_info_pack=0.965s effective_fps=57.42
2026-09-28 03:49:23.176 | INFO     | plugrl_env_client.runner.rollout:log_timing_summary:98 - Intermediate rollout timing summary: env_steps=1177915 infer_calls=295339 feedback_calls=295338 infer_wait=12050.886s infer_obs_pack=13.557s env_step=8395.327s feedback_total=56.106s feedback_obs_pack=18.773s feedback_info_pack=1.006s effective_fps=57.41
2026-09-28 03:51:40.416 | INFO     | plugrl_env_client.runner.rollout:log_timing_summary:98 - Intermediate rollout timing summary: env_steps=1180557 infer_calls=296002 feedback_calls=296001 infer_wait=12171.461s infer_obs_pack=13.584s env_step=8411.746s feedback_total=56.227s feedback_obs_pack=18.811s feedback_info_pack=1.009s effective_fps=57.16
2026-09-28 03:51:40.417 | INFO     | plugrl_env_client.runner.rollout:log_timing_summary:98 - Intermediate rollout timing summary: env_steps=1180606 infer_calls=296002 feedback_calls=296001 infer_wait=12192.469s infer_obs_pack=13.586s env_step=8390.520s feedback_total=56.554s feedback_obs_pack=18.913s feedback_info_pack=0.999s effective_fps=57.16
2026-09-28 03:51:40.418 | INFO     | plugrl_env_client.runner.rollout:log_timing_summary:98 - Intermediate rollout timing summary: env_steps=1180550 infer_calls=296001 feedback_calls=296000 infer_wait=12160.812s infer_obs_pack=13.610s env_step=8421.541s feedback_total=56.263s feedback_obs_pack=18.957s feedback_info_pack=0.967s effective_fps=57.16
2026-09-28 03:52:10.431 | INFO     | plugrl_env_client.runner.rollout:log_timing_summary:98 - Intermediate rollout timing summary: env_steps=1183846 infer_calls=296814 feedback_calls=296813 infer_wait=12201.371s infer_obs_pack=13.620s env_step=8411.333s feedback_total=56.701s feedback_obs_pack=18.960s feedback_info_pack=1.001s effective_fps=57.24
2026-09-28 03:52:10.431 | INFO     | plugrl_env_client.runner.rollout:log_timing_summary:98 - Intermediate rollout timing summary: env_steps=1183787 infer_calls=296813 feedback_calls=296812 infer_wait=12169.431s infer_obs_pack=13.644s env_step=8442.630s feedback_total=56.408s feedback_obs_pack=19.004s feedback_info_pack=0.969s effective_fps=57.24
2026-09-28 03:52:10.432 | INFO     | plugrl_env_client.runner.rollout:log_timing_summary:98 - Intermediate rollout timing summary: env_steps=1183796 infer_calls=296814 feedback_calls=296813 infer_wait=12179.746s infer_obs_pack=13.619s env_step=8433.168s feedback_total=56.379s feedback_obs_pack=18.859s feedback_info_pack=1.011s effective_fps=57.24
2026-09-28 03:52:40.434 | INFO     | plugrl_env_client.runner.rollout:log_timing_summary:98 - Intermediate rollout timing summary: env_steps=1187100 infer_calls=297642 feedback_calls=297642 infer_wait=12188.056s infer_obs_pack=13.653s env_step=8454.558s feedback_total=56.526s feedback_obs_pack=18.906s feedback_info_pack=1.014s effective_fps=57.31
2026-09-28 03:52:40.435 | INFO     | plugrl_env_client.runner.rollout:log_timing_summary:98 - Intermediate rollout timing summary: env_steps=1187092 infer_calls=297641 feedback_calls=297641 infer_wait=12177.702s infer_obs_pack=13.681s env_step=8464.059s feedback_total=56.551s feedback_obs_pack=19.051s feedback_info_pack=0.972s effective_fps=57.31
2026-09-28 03:52:40.448 | INFO     | plugrl_env_client.runner.rollout:log_timing_summary:98 - Intermediate rollout timing summary: env_steps=1187152 infer_calls=297643 feedback_calls=297642 infer_wait=12210.064s infer_obs_pack=13.657s env_step=8432.349s feedback_total=56.847s feedback_obs_pack=19.007s feedback_info_pack=1.004s effective_fps=57.31
2026-09-28 03:53:10.438 | INFO     | plugrl_env_client.runner.rollout:log_timing_summary:98 - Intermediate rollout timing summary: env_steps=1190563 infer_calls=298512 feedback_calls=298511 infer_wait=12185.500s infer_obs_pack=13.718s env_step=8485.940s feedback_total=56.708s feedback_obs_pack=19.101s feedback_info_pack=0.974s effective_fps=57.40
2026-09-28 03:53:10.440 | INFO     | plugrl_env_client.runner.rollout:log_timing_summary:98 - Intermediate rollout timing summary: env_steps=1190565 infer_calls=298513 feedback_calls=298512 infer_wait=12196.544s infer_obs_pack=13.689s env_step=8475.746s feedback_total=56.686s feedback_obs_pack=18.956s feedback_info_pack=1.017s effective_fps=57.40
2026-09-28 03:53:10.449 | INFO     | plugrl_env_client.runner.rollout:log_timing_summary:98 - Intermediate rollout timing summary: env_steps=1190625 infer_calls=298513 feedback_calls=298512 infer_wait=12217.918s infer_obs_pack=13.693s env_step=8454.173s feedback_total=57.006s feedback_obs_pack=19.059s feedback_info_pack=1.006s effective_fps=57.40
2026-09-28 03:53:40.442 | INFO     | plugrl_env_client.runner.rollout:log_timing_summary:98 - Intermediate rollout timing summary: env_steps=1193951 infer_calls=299363 feedback_calls=299363 infer_wait=12205.235s infer_obs_pack=13.725s env_step=8496.724s feedback_total=56.850s feedback_obs_pack=19.005s feedback_info_pack=1.019s effective_fps=57.48
2026-09-28 03:53:40.444 | INFO     | plugrl_env_client.runner.rollout:log_timing_summary:98 - Intermediate rollout timing summary: env_steps=1193953 infer_calls=299362 feedback_calls=299362 infer_wait=12193.625s infer_obs_pack=13.755s env_step=8507.503s feedback_total=56.862s feedback_obs_pack=19.151s feedback_info_pack=0.977s effective_fps=57.48
2026-09-28 03:53:40.456 | INFO     | plugrl_env_client.runner.rollout:log_timing_summary:98 - Intermediate rollout timing summary: env_steps=1194019 infer_calls=299364 feedback_calls=299363 infer_wait=12226.144s infer_obs_pack=13.728s env_step=8475.635s feedback_total=57.168s feedback_obs_pack=19.108s feedback_info_pack=1.009s effective_fps=57.48
2026-09-28 03:55:57.122 | INFO     | plugrl_env_client.runner.rollout:log_timing_summary:98 - Intermediate rollout timing summary: env_steps=1196495 infer_calls=300002 feedback_calls=300001 infer_wait=12325.785s infer_obs_pack=13.751s env_step=8512.621s feedback_total=56.965s feedback_obs_pack=19.042s feedback_info_pack=1.021s effective_fps=57.22
2026-09-28 03:55:57.131 | INFO     | plugrl_env_client.runner.rollout:log_timing_summary:98 - Intermediate rollout timing summary: env_steps=1196497 infer_calls=300001 feedback_calls=300000 infer_wait=12314.194s infer_obs_pack=13.783s env_step=8523.380s feedback_total=56.979s feedback_obs_pack=19.188s feedback_info_pack=0.979s effective_fps=57.23
2026-09-28 03:55:57.132 | INFO     | plugrl_env_client.runner.rollout:log_timing_summary:98 - Intermediate rollout timing summary: env_steps=1196570 infer_calls=300002 feedback_calls=300001 infer_wait=12346.422s infer_obs_pack=13.755s env_step=8491.800s feedback_total=57.283s feedback_obs_pack=19.145s feedback_info_pack=1.011s effective_fps=57.23
2026-09-28 03:56:27.132 | INFO     | plugrl_env_client.runner.rollout:log_timing_summary:98 - Intermediate rollout timing summary: env_steps=1199752 infer_calls=300821 feedback_calls=300820 infer_wait=12334.747s infer_obs_pack=13.785s env_step=8533.369s feedback_total=57.110s feedback_obs_pack=19.089s feedback_info_pack=1.024s effective_fps=57.30
2026-09-28 03:56:27.133 | INFO     | plugrl_env_client.runner.rollout:log_timing_summary:98 - Intermediate rollout timing summary: env_steps=1199760 infer_calls=300820 feedback_calls=300819 infer_wait=12322.685s infer_obs_pack=13.817s env_step=8544.586s feedback_total=57.125s feedback_obs_pack=19.236s feedback_info_pack=0.981s effective_fps=57.30
2026-09-28 03:56:27.137 | INFO     | plugrl_env_client.runner.rollout:log_timing_summary:98 - Intermediate rollout timing summary: env_steps=1199836 infer_calls=300821 feedback_calls=300820 infer_wait=12354.927s infer_obs_pack=13.789s env_step=8513.000s feedback_total=57.428s feedback_obs_pack=19.192s feedback_info_pack=1.014s effective_fps=57.30
2026-09-28 03:56:57.135 | INFO     | plugrl_env_client.runner.rollout:log_timing_summary:98 - Intermediate rollout timing summary: env_steps=1203096 infer_calls=301660 feedback_calls=301659 infer_wait=12342.951s infer_obs_pack=13.820s env_step=8554.853s feedback_total=57.263s feedback_obs_pack=19.137s feedback_info_pack=1.026s effective_fps=57.38
2026-09-28 03:56:57.151 | INFO     | plugrl_env_client.runner.rollout:log_timing_summary:98 - Intermediate rollout timing summary: env_steps=1203100 infer_calls=301660 feedback_calls=301659 infer_wait=12331.199s infer_obs_pack=13.852s env_step=8565.770s feedback_total=57.276s feedback_obs_pack=19.285s feedback_info_pack=0.984s effective_fps=57.38
2026-09-28 03:56:57.153 | INFO     | plugrl_env_client.runner.rollout:log_timing_summary:98 - Intermediate rollout timing summary: env_steps=1203187 infer_calls=301661 feedback_calls=301660 infer_wait=12363.190s infer_obs_pack=13.823s env_step=8534.447s feedback_total=57.578s feedback_obs_pack=19.241s feedback_info_pack=1.016s effective_fps=57.38
2026-09-28 03:57:27.136 | INFO     | plugrl_env_client.runner.rollout:log_timing_summary:98 - Intermediate rollout timing summary: env_steps=1206553 infer_calls=302528 feedback_calls=302527 infer_wait=12350.868s infer_obs_pack=13.856s env_step=8576.612s feedback_total=57.422s feedback_obs_pack=19.187s feedback_info_pack=1.029s effective_fps=57.46
2026-09-28 03:57:27.163 | INFO     | plugrl_env_client.runner.rollout:log_timing_summary:98 - Intermediate rollout timing summary: env_steps=1206549 infer_calls=302528 feedback_calls=302527 infer_wait=12339.653s infer_obs_pack=13.888s env_step=8587.000s feedback_total=57.438s feedback_obs_pack=19.336s feedback_info_pack=0.986s effective_fps=57.46
2026-09-28 03:57:27.164 | INFO     | plugrl_env_client.runner.rollout:log_timing_summary:98 - Intermediate rollout timing summary: env_steps=1206647 infer_calls=302529 feedback_calls=302528 infer_wait=12371.410s infer_obs_pack=13.859s env_step=8555.918s feedback_total=57.734s feedback_obs_pack=19.292s feedback_info_pack=1.019s effective_fps=57.46
2026-09-28 03:57:57.137 | INFO     | plugrl_env_client.runner.rollout:log_timing_summary:98 - Intermediate rollout timing summary: env_steps=1210007 infer_calls=303394 feedback_calls=303394 infer_wait=12359.035s infer_obs_pack=13.892s env_step=8598.125s feedback_total=57.580s feedback_obs_pack=19.237s feedback_info_pack=1.032s effective_fps=57.54
2026-09-28 03:57:57.167 | INFO     | plugrl_env_client.runner.rollout:log_timing_summary:98 - Intermediate rollout timing summary: env_steps=1210095 infer_calls=303395 feedback_calls=303394 infer_wait=12379.819s infer_obs_pack=13.895s env_step=8577.182s feedback_total=57.893s feedback_obs_pack=19.344s feedback_info_pack=1.022s effective_fps=57.54
2026-09-28 03:57:57.167 | INFO     | plugrl_env_client.runner.rollout:log_timing_summary:98 - Intermediate rollout timing summary: env_steps=1210007 infer_calls=303394 feedback_calls=303394 infer_wait=12347.567s infer_obs_pack=13.924s env_step=8608.766s feedback_total=57.591s feedback_obs_pack=19.386s feedback_info_pack=0.989s effective_fps=57.54
2026-09-28 04:00:13.160 | INFO     | plugrl_env_client.runner.rollout:log_timing_summary:98 - Intermediate rollout timing summary: env_steps=1212427 infer_calls=304001 feedback_calls=304000 infer_wait=12468.371s infer_obs_pack=13.949s env_step=8623.729s feedback_total=57.700s feedback_obs_pack=19.421s feedback_info_pack=0.991s effective_fps=57.29
2026-09-28 04:00:13.165 | INFO     | plugrl_env_client.runner.rollout:log_timing_summary:98 - Intermediate rollout timing summary: env_steps=1212516 infer_calls=304002 feedback_calls=304001 infer_wait=12500.550s infer_obs_pack=13.921s env_step=8592.222s feedback_total=58.003s feedback_obs_pack=19.379s feedback_info_pack=1.024s effective_fps=57.29
2026-09-28 04:00:13.166 | INFO     | plugrl_env_client.runner.rollout:log_timing_summary:98 - Intermediate rollout timing summary: env_steps=1212423 infer_calls=304002 feedback_calls=304001 infer_wait=12479.727s infer_obs_pack=13.917s env_step=8613.227s feedback_total=57.696s feedback_obs_pack=19.275s feedback_info_pack=1.034s effective_fps=57.29
2026-09-28 04:00:43.164 | INFO     | plugrl_env_client.runner.rollout:log_timing_summary:98 - Intermediate rollout timing summary: env_steps=1215695 infer_calls=304821 feedback_calls=304820 infer_wait=12476.712s infer_obs_pack=13.983s env_step=8645.087s feedback_total=57.845s feedback_obs_pack=19.469s feedback_info_pack=0.993s effective_fps=57.36
2026-09-28 04:00:43.166 | INFO     | plugrl_env_client.runner.rollout:log_timing_summary:98 - Intermediate rollout timing summary: env_steps=1215783 infer_calls=304822 feedback_calls=304821 infer_wait=12508.973s infer_obs_pack=13.958s env_step=8613.490s feedback_total=58.153s feedback_obs_pack=19.428s feedback_info_pack=1.027s effective_fps=57.36
2026-09-28 04:00:43.170 | INFO     | plugrl_env_client.runner.rollout:log_timing_summary:98 - Intermediate rollout timing summary: env_steps=1215689 infer_calls=304822 feedback_calls=304821 infer_wait=12488.478s infer_obs_pack=13.954s env_step=8634.169s feedback_total=57.849s feedback_obs_pack=19.322s feedback_info_pack=1.036s effective_fps=57.36
2026-09-28 04:01:13.168 | INFO     | plugrl_env_client.runner.rollout:log_timing_summary:98 - Intermediate rollout timing summary: env_steps=1219190 infer_calls=305677 feedback_calls=305676 infer_wait=12517.057s infer_obs_pack=13.993s env_step=8635.084s feedback_total=58.309s feedback_obs_pack=19.478s feedback_info_pack=1.029s effective_fps=57.44
2026-09-28 04:01:13.168 | INFO     | plugrl_env_client.runner.rollout:log_timing_summary:98 - Intermediate rollout timing summary: env_steps=1219099 infer_calls=305676 feedback_calls=305675 infer_wait=12484.872s infer_obs_pack=14.019s env_step=8666.613s feedback_total=58.002s feedback_obs_pack=19.521s feedback_info_pack=0.996s effective_fps=57.44
2026-09-28 04:01:13.185 | INFO     | plugrl_env_client.runner.rollout:log_timing_summary:98 - Intermediate rollout timing summary: env_steps=1219101 infer_calls=305678 feedback_calls=305677 infer_wait=12496.922s infer_obs_pack=13.990s env_step=8655.426s feedback_total=58.001s feedback_obs_pack=19.372s feedback_info_pack=1.039s effective_fps=57.44
2026-09-28 04:01:43.171 | INFO     | plugrl_env_client.runner.rollout:log_timing_summary:98 - Intermediate rollout timing summary: env_steps=1222643 infer_calls=306543 feedback_calls=306542 infer_wait=12525.102s infer_obs_pack=14.029s env_step=8656.717s feedback_total=58.467s feedback_obs_pack=19.528s feedback_info_pack=1.032s effective_fps=57.52
2026-09-28 04:01:43.173 | INFO     | plugrl_env_client.runner.rollout:log_timing_summary:98 - Intermediate rollout timing summary: env_steps=1222554 infer_calls=306542 feedback_calls=306541 infer_wait=12493.046s infer_obs_pack=14.055s env_step=8688.127s feedback_total=58.160s feedback_obs_pack=19.572s feedback_info_pack=0.998s effective_fps=57.52
2026-09-28 04:01:43.199 | INFO     | plugrl_env_client.runner.rollout:log_timing_summary:98 - Intermediate rollout timing summary: env_steps=1222545 infer_calls=306544 feedback_calls=306543 infer_wait=12505.240s infer_obs_pack=14.026s env_step=8676.796s feedback_total=58.156s feedback_obs_pack=19.422s feedback_info_pack=1.042s effective_fps=57.52
2026-09-28 04:02:13.180 | INFO     | plugrl_env_client.runner.rollout:log_timing_summary:98 - Intermediate rollout timing summary: env_steps=1226033 infer_calls=307394 feedback_calls=307393 infer_wait=12533.513s infer_obs_pack=14.064s env_step=8677.994s feedback_total=58.628s feedback_obs_pack=19.577s feedback_info_pack=1.035s effective_fps=57.60
2026-09-28 04:02:13.182 | INFO     | plugrl_env_client.runner.rollout:log_timing_summary:98 - Intermediate rollout timing summary: env_steps=1225940 infer_calls=307393 feedback_calls=307392 infer_wait=12501.124s infer_obs_pack=14.091s env_step=8709.733s feedback_total=58.317s feedback_obs_pack=19.621s feedback_info_pack=1.001s effective_fps=57.60
2026-09-28 04:02:13.199 | INFO     | plugrl_env_client.runner.rollout:log_timing_summary:98 - Intermediate rollout timing summary: env_steps=1225931 infer_calls=307394 feedback_calls=307394 infer_wait=12513.808s infer_obs_pack=14.061s env_step=8697.911s feedback_total=58.312s feedback_obs_pack=19.471s feedback_info_pack=1.045s effective_fps=57.60
2026-09-28 04:04:30.201 | INFO     | plugrl_env_client.runner.rollout:log_timing_summary:98 - Intermediate rollout timing summary: env_steps=1228347 infer_calls=308002 feedback_calls=308001 infer_wait=12635.340s infer_obs_pack=14.088s env_step=8713.148s feedback_total=58.425s feedback_obs_pack=19.506s feedback_info_pack=1.047s effective_fps=57.34
2026-09-28 04:04:30.202 | INFO     | plugrl_env_client.runner.rollout:log_timing_summary:98 - Intermediate rollout timing summary: env_steps=1228456 infer_calls=308002 feedback_calls=308001 infer_wait=12655.357s infer_obs_pack=14.090s env_step=8692.946s feedback_total=58.740s feedback_obs_pack=19.613s feedback_info_pack=1.037s effective_fps=57.35
2026-09-28 04:04:30.202 | INFO     | plugrl_env_client.runner.rollout:log_timing_summary:98 - Intermediate rollout timing summary: env_steps=1228360 infer_calls=308001 feedback_calls=308000 infer_wait=12623.052s infer_obs_pack=14.116s env_step=8724.599s feedback_total=58.426s feedback_obs_pack=19.656s feedback_info_pack=1.003s effective_fps=57.35
2026-09-28 04:05:00.205 | INFO     | plugrl_env_client.runner.rollout:log_timing_summary:98 - Intermediate rollout timing summary: env_steps=1231554 infer_calls=308806 feedback_calls=308805 infer_wait=12643.504s infer_obs_pack=14.122s env_step=8734.684s feedback_total=58.579s feedback_obs_pack=19.552s feedback_info_pack=1.049s effective_fps=57.41
2026-09-28 04:05:00.206 | INFO     | plugrl_env_client.runner.rollout:log_timing_summary:98 - Intermediate rollout timing summary: env_steps=1231570 infer_calls=308805 feedback_calls=308804 infer_wait=12632.146s infer_obs_pack=14.152s env_step=8745.205s feedback_total=58.569s feedback_obs_pack=19.702s feedback_info_pack=1.005s effective_fps=57.42
2026-09-28 04:05:00.208 | INFO     | plugrl_env_client.runner.rollout:log_timing_summary:98 - Intermediate rollout timing summary: env_steps=1231669 infer_calls=308806 feedback_calls=308805 infer_wait=12663.745s infer_obs_pack=14.126s env_step=8714.261s feedback_total=58.886s feedback_obs_pack=19.660s feedback_info_pack=1.039s effective_fps=57.42
2026-09-28 04:05:30.210 | INFO     | plugrl_env_client.runner.rollout:log_timing_summary:98 - Intermediate rollout timing summary: env_steps=1234994 infer_calls=309669 feedback_calls=309669 infer_wait=12651.843s infer_obs_pack=14.158s env_step=8756.025s feedback_total=58.732s feedback_obs_pack=19.601s feedback_info_pack=1.052s effective_fps=57.49
2026-09-28 04:05:30.212 | INFO     | plugrl_env_client.runner.rollout:log_timing_summary:98 - Intermediate rollout timing summary: env_steps=1235014 infer_calls=309668 feedback_calls=309668 infer_wait=12639.975s infer_obs_pack=14.188s env_step=8767.058s feedback_total=58.724s feedback_obs_pack=19.752s feedback_info_pack=1.008s effective_fps=57.50
2026-09-28 04:05:30.225 | INFO     | plugrl_env_client.runner.rollout:log_timing_summary:98 - Intermediate rollout timing summary: env_steps=1235109 infer_calls=309670 feedback_calls=309669 infer_wait=12672.003s infer_obs_pack=14.162s env_step=8735.705s feedback_total=59.041s feedback_obs_pack=19.709s feedback_info_pack=1.042s effective_fps=57.50
2026-09-28 04:06:00.220 | INFO     | plugrl_env_client.runner.rollout:log_timing_summary:98 - Intermediate rollout timing summary: env_steps=1238391 infer_calls=310523 feedback_calls=310522 infer_wait=12660.328s infer_obs_pack=14.193s env_step=8777.236s feedback_total=58.890s feedback_obs_pack=19.653s feedback_info_pack=1.055s effective_fps=57.57
2026-09-28 04:06:00.220 | INFO     | plugrl_env_client.runner.rollout:log_timing_summary:98 - Intermediate rollout timing summary: env_steps=1238407 infer_calls=310522 feedback_calls=310521 infer_wait=12648.263s infer_obs_pack=14.224s env_step=8788.450s feedback_total=58.880s feedback_obs_pack=19.801s feedback_info_pack=1.010s effective_fps=57.57
2026-09-28 04:06:00.226 | INFO     | plugrl_env_client.runner.rollout:log_timing_summary:98 - Intermediate rollout timing summary: env_steps=1238515 infer_calls=310523 feedback_calls=310522 infer_wait=12680.055s infer_obs_pack=14.200s env_step=8757.330s feedback_total=59.203s feedback_obs_pack=19.760s feedback_info_pack=1.045s effective_fps=57.58
2026-09-28 04:06:30.223 | INFO     | plugrl_env_client.runner.rollout:log_timing_summary:98 - Intermediate rollout timing summary: env_steps=1241764 infer_calls=311369 feedback_calls=311369 infer_wait=12668.437s infer_obs_pack=14.228s env_step=8798.814s feedback_total=59.046s feedback_obs_pack=19.701s feedback_info_pack=1.057s effective_fps=57.65
2026-09-28 04:06:30.224 | INFO     | plugrl_env_client.runner.rollout:log_timing_summary:98 - Intermediate rollout timing summary: env_steps=1241785 infer_calls=311368 feedback_calls=311368 infer_wait=12656.768s infer_obs_pack=14.260s env_step=8809.626s feedback_total=59.040s feedback_obs_pack=19.852s feedback_info_pack=1.013s effective_fps=57.65
2026-09-28 04:06:30.236 | INFO     | plugrl_env_client.runner.rollout:log_timing_summary:98 - Intermediate rollout timing summary: env_steps=1241887 infer_calls=311370 feedback_calls=311369 infer_wait=12688.439s infer_obs_pack=14.236s env_step=8778.634s feedback_total=59.359s feedback_obs_pack=19.809s feedback_info_pack=1.047s effective_fps=57.65
2026-09-28 04:08:47.385 | INFO     | plugrl_env_client.runner.rollout:log_timing_summary:98 - Intermediate rollout timing summary: env_steps=1244406 infer_calls=312002 feedback_calls=312001 infer_wait=12809.791s infer_obs_pack=14.262s env_step=8794.192s feedback_total=59.475s feedback_obs_pack=19.846s feedback_info_pack=1.049s effective_fps=57.40
2026-09-28 04:08:47.389 | INFO     | plugrl_env_client.runner.rollout:log_timing_summary:98 - Intermediate rollout timing summary: env_steps=1244306 infer_calls=312001 feedback_calls=312000 infer_wait=12778.037s infer_obs_pack=14.287s env_step=8825.288s feedback_total=59.154s feedback_obs_pack=19.889s feedback_info_pack=1.015s effective_fps=57.40
2026-09-28 04:08:47.389 | INFO     | plugrl_env_client.runner.rollout:log_timing_summary:98 - Intermediate rollout timing summary: env_steps=1244279 infer_calls=312002 feedback_calls=312001 infer_wait=12789.782s infer_obs_pack=14.255s env_step=8814.394s feedback_total=59.165s feedback_obs_pack=19.738s feedback_info_pack=1.059s effective_fps=57.40
2026-09-28 04:09:17.386 | INFO     | plugrl_env_client.runner.rollout:log_timing_summary:98 - Intermediate rollout timing summary: env_steps=1247763 infer_calls=312844 feedback_calls=312843 infer_wait=12818.016s infer_obs_pack=14.298s env_step=8815.657s feedback_total=59.626s feedback_obs_pack=19.895s feedback_info_pack=1.052s effective_fps=57.48
2026-09-28 04:09:17.391 | INFO     | plugrl_env_client.runner.rollout:log_timing_summary:98 - Intermediate rollout timing summary: env_steps=1247655 infer_calls=312843 feedback_calls=312843 infer_wait=12786.586s infer_obs_pack=14.322s env_step=8846.414s feedback_total=59.308s feedback_obs_pack=19.937s feedback_info_pack=1.017s effective_fps=57.48
2026-09-28 04:09:17.392 | INFO     | plugrl_env_client.runner.rollout:log_timing_summary:98 - Intermediate rollout timing summary: env_steps=1247637 infer_calls=312844 feedback_calls=312843 infer_wait=12797.996s infer_obs_pack=14.290s env_step=8835.876s feedback_total=59.317s feedback_obs_pack=19.787s feedback_info_pack=1.062s effective_fps=57.47
2026-09-28 04:09:47.400 | INFO     | plugrl_env_client.runner.rollout:log_timing_summary:98 - Intermediate rollout timing summary: env_steps=1251068 infer_calls=313706 feedback_calls=313705 infer_wait=12806.107s infer_obs_pack=14.325s env_step=8857.447s feedback_total=59.479s feedback_obs_pack=19.839s feedback_info_pack=1.065s effective_fps=57.55
2026-09-28 04:09:47.400 | INFO     | plugrl_env_client.runner.rollout:log_timing_summary:98 - Intermediate rollout timing summary: env_steps=1251193 infer_calls=313706 feedback_calls=313705 infer_wait=12826.439s infer_obs_pack=14.333s env_step=8836.928s feedback_total=59.783s feedback_obs_pack=19.945s feedback_info_pack=1.055s effective_fps=57.56
2026-09-28 04:09:47.408 | INFO     | plugrl_env_client.runner.rollout:log_timing_summary:98 - Intermediate rollout timing summary: env_steps=1251084 infer_calls=313705 feedback_calls=313704 infer_wait=12794.876s infer_obs_pack=14.357s env_step=8867.825s feedback_total=59.463s feedback_obs_pack=19.987s feedback_info_pack=1.020s effective_fps=57.56
2026-09-28 04:10:17.415 | INFO     | plugrl_env_client.runner.rollout:log_timing_summary:98 - Intermediate rollout timing summary: env_steps=1254476 infer_calls=314561 feedback_calls=314560 infer_wait=12814.517s infer_obs_pack=14.360s env_step=8878.734s feedback_total=59.635s feedback_obs_pack=19.890s feedback_info_pack=1.067s effective_fps=57.63
2026-09-28 04:10:17.415 | INFO     | plugrl_env_client.runner.rollout:log_timing_summary:98 - Intermediate rollout timing summary: env_steps=1254494 infer_calls=314560 feedback_calls=314559 infer_wait=12802.955s infer_obs_pack=14.393s env_step=8889.436s feedback_total=59.619s feedback_obs_pack=20.039s feedback_info_pack=1.022s effective_fps=57.63
2026-09-28 04:10:17.415 | INFO     | plugrl_env_client.runner.rollout:log_timing_summary:98 - Intermediate rollout timing summary: env_steps=1254601 infer_calls=314561 feedback_calls=314560 infer_wait=12834.613s infer_obs_pack=14.371s env_step=8858.456s feedback_total=59.935s feedback_obs_pack=19.995s feedback_info_pack=1.057s effective_fps=57.64
2026-09-28 04:10:47.418 | INFO     | plugrl_env_client.runner.rollout:log_timing_summary:98 - Intermediate rollout timing summary: env_steps=1257940 infer_calls=315430 feedback_calls=315429 infer_wait=12822.581s infer_obs_pack=14.396s env_step=8900.357s feedback_total=59.790s feedback_obs_pack=19.940s feedback_info_pack=1.070s effective_fps=57.71
2026-09-28 04:10:47.419 | INFO     | plugrl_env_client.runner.rollout:log_timing_summary:98 - Intermediate rollout timing summary: env_steps=1257965 infer_calls=315429 feedback_calls=315428 infer_wait=12811.017s infer_obs_pack=14.429s env_step=8911.058s feedback_total=59.773s feedback_obs_pack=20.089s feedback_info_pack=1.025s effective_fps=57.71
2026-09-28 04:10:47.420 | INFO     | plugrl_env_client.runner.rollout:log_timing_summary:98 - Intermediate rollout timing summary: env_steps=1258067 infer_calls=315430 feedback_calls=315430 infer_wait=12842.835s infer_obs_pack=14.406s env_step=8879.920s feedback_total=60.090s feedback_obs_pack=20.045s feedback_info_pack=1.060s effective_fps=57.72
2026-09-28 04:13:03.129 | INFO     | plugrl_env_client.runner.rollout:log_timing_summary:98 - Intermediate rollout timing summary: env_steps=1260347 infer_calls=316002 feedback_calls=316001 infer_wait=12964.132s infer_obs_pack=14.430s env_step=8894.112s feedback_total=60.200s feedback_obs_pack=20.078s feedback_info_pack=1.062s effective_fps=57.46
2026-09-28 04:13:03.137 | INFO     | plugrl_env_client.runner.rollout:log_timing_summary:98 - Intermediate rollout timing summary: env_steps=1260218 infer_calls=316002 feedback_calls=316001 infer_wait=12943.902s infer_obs_pack=14.420s env_step=8914.538s feedback_total=59.894s feedback_obs_pack=19.973s feedback_info_pack=1.072s effective_fps=57.46
2026-09-28 04:13:03.139 | INFO     | plugrl_env_client.runner.rollout:log_timing_summary:98 - Intermediate rollout timing summary: env_steps=1260242 infer_calls=316001 feedback_calls=316000 infer_wait=12932.460s infer_obs_pack=14.453s env_step=8925.124s feedback_total=59.877s feedback_obs_pack=20.122s feedback_info_pack=1.027s effective_fps=57.46
2026-09-28 04:13:33.133 | INFO     | plugrl_env_client.runner.rollout:log_timing_summary:98 - Intermediate rollout timing summary: env_steps=1263668 infer_calls=316836 feedback_calls=316835 infer_wait=12972.554s infer_obs_pack=14.465s env_step=8915.382s feedback_total=60.354s feedback_obs_pack=20.126s feedback_info_pack=1.064s effective_fps=57.54
2026-09-28 04:13:33.140 | INFO     | plugrl_env_client.runner.rollout:log_timing_summary:98 - Intermediate rollout timing summary: env_steps=1263531 infer_calls=316836 feedback_calls=316835 infer_wait=12952.424s infer_obs_pack=14.455s env_step=8935.701s feedback_total=60.053s feedback_obs_pack=20.023s feedback_info_pack=1.074s effective_fps=57.53
2026-09-28 04:13:33.145 | INFO     | plugrl_env_client.runner.rollout:log_timing_summary:98 - Intermediate rollout timing summary: env_steps=1263571 infer_calls=316835 feedback_calls=316834 infer_wait=12940.696s infer_obs_pack=14.488s env_step=8946.581s feedback_total=60.030s feedback_obs_pack=20.170s feedback_info_pack=1.029s effective_fps=57.53
2026-09-28 04:14:03.135 | INFO     | plugrl_env_client.runner.rollout:log_timing_summary:98 - Intermediate rollout timing summary: env_steps=1267097 infer_calls=317698 feedback_calls=317697 infer_wait=12981.033s infer_obs_pack=14.501s env_step=8936.582s feedback_total=60.511s feedback_obs_pack=20.177s feedback_info_pack=1.067s effective_fps=57.61
2026-09-28 04:14:03.141 | INFO     | plugrl_env_client.runner.rollout:log_timing_summary:98 - Intermediate rollout timing summary: env_steps=1266969 infer_calls=317698 feedback_calls=317697 infer_wait=12960.414s infer_obs_pack=14.490s env_step=8957.392s feedback_total=60.211s feedback_obs_pack=20.072s feedback_info_pack=1.077s effective_fps=57.61
2026-09-28 04:14:03.148 | INFO     | plugrl_env_client.runner.rollout:log_timing_summary:98 - Intermediate rollout timing summary: env_steps=1267013 infer_calls=317697 feedback_calls=317696 infer_wait=12948.714s infer_obs_pack=14.524s env_step=8968.239s feedback_total=60.190s feedback_obs_pack=20.221s feedback_info_pack=1.032s effective_fps=57.61
2026-09-28 04:14:33.146 | INFO     | plugrl_env_client.runner.rollout:log_timing_summary:98 - Intermediate rollout timing summary: env_steps=1270383 infer_calls=318554 feedback_calls=318553 infer_wait=12968.293s infer_obs_pack=14.526s env_step=8979.201s feedback_total=60.367s feedback_obs_pack=20.122s feedback_info_pack=1.080s effective_fps=57.69
2026-09-28 04:14:33.146 | INFO     | plugrl_env_client.runner.rollout:log_timing_summary:98 - Intermediate rollout timing summary: env_steps=1270510 infer_calls=318554 feedback_calls=318553 infer_wait=12989.350s infer_obs_pack=14.536s env_step=8957.956s feedback_total=60.669s feedback_obs_pack=20.230s feedback_info_pack=1.070s effective_fps=57.69
2026-09-28 04:14:33.152 | INFO     | plugrl_env_client.runner.rollout:log_timing_summary:98 - Intermediate rollout timing summary: env_steps=1270425 infer_calls=318553 feedback_calls=318552 infer_wait=12957.041s infer_obs_pack=14.560s env_step=8989.592s feedback_total=60.352s feedback_obs_pack=20.271s feedback_info_pack=1.037s effective_fps=57.69
2026-09-28 04:15:03.146 | INFO     | plugrl_env_client.runner.rollout:log_timing_summary:98 - Intermediate rollout timing summary: env_steps=1273791 infer_calls=319408 feedback_calls=319407 infer_wait=12976.616s infer_obs_pack=14.561s env_step=9000.564s feedback_total=60.522s feedback_obs_pack=20.174s feedback_info_pack=1.082s effective_fps=57.76
2026-09-28 04:15:03.147 | INFO     | plugrl_env_client.runner.rollout:log_timing_summary:98 - Intermediate rollout timing summary: env_steps=1273911 infer_calls=319408 feedback_calls=319407 infer_wait=12997.665s infer_obs_pack=14.572s env_step=8979.323s feedback_total=60.827s feedback_obs_pack=20.282s feedback_info_pack=1.073s effective_fps=57.77
2026-09-28 04:15:03.157 | INFO     | plugrl_env_client.runner.rollout:log_timing_summary:98 - Intermediate rollout timing summary: env_steps=1273834 infer_calls=319407 feedback_calls=319407 infer_wait=12965.176s infer_obs_pack=14.595s env_step=9011.141s feedback_total=60.510s feedback_obs_pack=20.320s feedback_info_pack=1.040s effective_fps=57.77
2026-09-28 04:17:18.710 | INFO     | plugrl_env_client.runner.rollout:log_timing_summary:98 - Intermediate rollout timing summary: env_steps=1276281 infer_calls=320002 feedback_calls=320001 infer_wait=13117.662s infer_obs_pack=14.597s env_step=8994.671s feedback_total=60.934s feedback_obs_pack=20.316s feedback_info_pack=1.075s effective_fps=57.52
2026-09-28 04:17:18.716 | INFO     | plugrl_env_client.runner.rollout:log_timing_summary:98 - Intermediate rollout timing summary: env_steps=1276197 infer_calls=320001 feedback_calls=320000 infer_wait=13085.490s infer_obs_pack=14.620s env_step=9026.167s feedback_total=60.614s feedback_obs_pack=20.354s feedback_info_pack=1.042s effective_fps=57.52
2026-09-28 04:17:18.720 | INFO     | plugrl_env_client.runner.rollout:log_timing_summary:98 - Intermediate rollout timing summary: env_steps=1276155 infer_calls=320002 feedback_calls=320001 infer_wait=13096.804s infer_obs_pack=14.586s env_step=9015.730s feedback_total=60.631s feedback_obs_pack=20.208s feedback_info_pack=1.084s effective_fps=57.52
2026-09-28 04:17:48.713 | INFO     | plugrl_env_client.runner.rollout:log_timing_summary:98 - Intermediate rollout timing summary: env_steps=1279645 infer_calls=320847 feedback_calls=320846 infer_wait=13126.054s infer_obs_pack=14.632s env_step=9015.966s feedback_total=61.091s feedback_obs_pack=20.366s feedback_info_pack=1.077s effective_fps=57.60
2026-09-28 04:17:48.717 | INFO     | plugrl_env_client.runner.rollout:log_timing_summary:98 - Intermediate rollout timing summary: env_steps=1279557 infer_calls=320846 feedback_calls=320845 infer_wait=13094.288s infer_obs_pack=14.656s env_step=9047.052s feedback_total=60.768s feedback_obs_pack=20.402s feedback_info_pack=1.044s effective_fps=57.59
2026-09-28 04:17:48.724 | INFO     | plugrl_env_client.runner.rollout:log_timing_summary:98 - Intermediate rollout timing summary: env_steps=1279524 infer_calls=320847 feedback_calls=320846 infer_wait=13104.620s infer_obs_pack=14.621s env_step=9037.603s feedback_total=60.788s feedback_obs_pack=20.257s feedback_info_pack=1.087s effective_fps=57.59
2026-09-28 04:18:18.717 | INFO     | plugrl_env_client.runner.rollout:log_timing_summary:98 - Intermediate rollout timing summary: env_steps=1283050 infer_calls=321704 feedback_calls=321703 infer_wait=13134.229s infer_obs_pack=14.667s env_step=9037.472s feedback_total=61.245s feedback_obs_pack=20.416s feedback_info_pack=1.080s effective_fps=57.67
2026-09-28 04:18:18.722 | INFO     | plugrl_env_client.runner.rollout:log_timing_summary:98 - Intermediate rollout timing summary: env_steps=1282973 infer_calls=321703 feedback_calls=321702 infer_wait=13102.621s infer_obs_pack=14.691s env_step=9068.394s feedback_total=60.927s feedback_obs_pack=20.452s feedback_info_pack=1.047s effective_fps=57.67
2026-09-28 04:18:18.725 | INFO     | plugrl_env_client.runner.rollout:log_timing_summary:98 - Intermediate rollout timing summary: env_steps=1282940 infer_calls=321704 feedback_calls=321703 infer_wait=13112.989s infer_obs_pack=14.658s env_step=9058.914s feedback_total=60.948s feedback_obs_pack=20.307s feedback_info_pack=1.090s effective_fps=57.67
2026-09-28 04:18:48.733 | INFO     | plugrl_env_client.runner.rollout:log_timing_summary:98 - Intermediate rollout timing summary: env_steps=1286397 infer_calls=322561 feedback_calls=322560 infer_wait=13110.852s infer_obs_pack=14.727s env_step=9089.856s feedback_total=61.084s feedback_obs_pack=20.502s feedback_info_pack=1.049s effective_fps=57.75
2026-09-28 04:18:48.734 | INFO     | plugrl_env_client.runner.rollout:log_timing_summary:98 - Intermediate rollout timing summary: env_steps=1286474 infer_calls=322562 feedback_calls=322561 infer_wait=13142.596s infer_obs_pack=14.704s env_step=9058.796s feedback_total=61.408s feedback_obs_pack=20.468s feedback_info_pack=1.083s effective_fps=57.75
2026-09-28 04:18:48.739 | INFO     | plugrl_env_client.runner.rollout:log_timing_summary:98 - Intermediate rollout timing summary: env_steps=1286364 infer_calls=322562 feedback_calls=322561 infer_wait=13120.953s infer_obs_pack=14.694s env_step=9080.648s feedback_total=61.105s feedback_obs_pack=20.357s feedback_info_pack=1.092s effective_fps=57.74
2026-09-28 04:19:18.734 | INFO     | plugrl_env_client.runner.rollout:log_timing_summary:98 - Intermediate rollout timing summary: env_steps=1289787 infer_calls=323411 feedback_calls=323410 infer_wait=13118.955s infer_obs_pack=14.763s env_step=9111.433s feedback_total=61.243s feedback_obs_pack=20.552s feedback_info_pack=1.052s effective_fps=57.82
2026-09-28 04:19:18.735 | INFO     | plugrl_env_client.runner.rollout:log_timing_summary:98 - Intermediate rollout timing summary: env_steps=1289863 infer_calls=323412 feedback_calls=323411 infer_wait=13150.843s infer_obs_pack=14.739s env_step=9080.231s feedback_total=61.564s feedback_obs_pack=20.517s feedback_info_pack=1.085s effective_fps=57.82
2026-09-28 04:19:18.745 | INFO     | plugrl_env_client.runner.rollout:log_timing_summary:98 - Intermediate rollout timing summary: env_steps=1289756 infer_calls=323412 feedback_calls=323412 infer_wait=13129.204s infer_obs_pack=14.729s env_step=9102.089s feedback_total=61.264s feedback_obs_pack=20.406s feedback_info_pack=1.095s effective_fps=57.82
2026-09-28 04:21:35.416 | INFO     | plugrl_env_client.runner.rollout:log_timing_summary:98 - Intermediate rollout timing summary: env_steps=1292213 infer_calls=324003 feedback_calls=324002 infer_wait=13271.841s infer_obs_pack=14.764s env_step=9095.698s feedback_total=61.670s feedback_obs_pack=20.551s feedback_info_pack=1.087s effective_fps=57.58
2026-09-28 04:21:35.416 | INFO     | plugrl_env_client.runner.rollout:log_timing_summary:98 - Intermediate rollout timing summary: env_steps=1292109 infer_calls=324003 feedback_calls=324002 infer_wait=13250.683s infer_obs_pack=14.753s env_step=9117.059s feedback_total=61.371s feedback_obs_pack=20.440s feedback_info_pack=1.097s effective_fps=57.57
2026-09-28 04:21:35.417 | INFO     | plugrl_env_client.runner.rollout:log_timing_summary:98 - Intermediate rollout timing summary: env_steps=1292147 infer_calls=324002 feedback_calls=324001 infer_wait=13240.209s infer_obs_pack=14.787s env_step=9126.644s feedback_total=61.348s feedback_obs_pack=20.585s feedback_info_pack=1.054s effective_fps=57.57
2026-09-28 04:22:05.417 | INFO     | plugrl_env_client.runner.rollout:log_timing_summary:98 - Intermediate rollout timing summary: env_steps=1295603 infer_calls=324852 feedback_calls=324851 infer_wait=13279.989s infer_obs_pack=14.799s env_step=9117.233s feedback_total=61.830s feedback_obs_pack=20.600s feedback_info_pack=1.090s effective_fps=57.65
2026-09-28 04:22:05.419 | INFO     | plugrl_env_client.runner.rollout:log_timing_summary:98 - Intermediate rollout timing summary: env_steps=1295536 infer_calls=324851 feedback_calls=324850 infer_wait=13247.895s infer_obs_pack=14.823s env_step=9148.635s feedback_total=61.509s feedback_obs_pack=20.636s feedback_info_pack=1.056s effective_fps=57.65
2026-09-28 04:22:05.426 | INFO     | plugrl_env_client.runner.rollout:log_timing_summary:98 - Intermediate rollout timing summary: env_steps=1295497 infer_calls=324852 feedback_calls=324851 infer_wait=13259.210s infer_obs_pack=14.789s env_step=9138.227s feedback_total=61.528s feedback_obs_pack=20.490s feedback_info_pack=1.100s effective_fps=57.64
2026-09-28 04:22:35.426 | INFO     | plugrl_env_client.runner.rollout:log_timing_summary:98 - Intermediate rollout timing summary: env_steps=1299022 infer_calls=325726 feedback_calls=325725 infer_wait=13255.956s infer_obs_pack=14.860s env_step=9170.250s feedback_total=61.671s feedback_obs_pack=20.691s feedback_info_pack=1.059s effective_fps=57.73
2026-09-28 04:22:35.431 | INFO     | plugrl_env_client.runner.rollout:log_timing_summary:98 - Intermediate rollout timing summary: env_steps=1298981 infer_calls=325727 feedback_calls=325726 infer_wait=13267.134s infer_obs_pack=14.826s env_step=9159.978s feedback_total=61.683s feedback_obs_pack=20.540s feedback_info_pack=1.102s effective_fps=57.72
2026-09-28 04:22:35.432 | INFO     | plugrl_env_client.runner.rollout:log_timing_summary:98 - Intermediate rollout timing summary: env_steps=1299086 infer_calls=325727 feedback_calls=325726 infer_wait=13288.252s infer_obs_pack=14.836s env_step=9138.659s feedback_total=61.987s feedback_obs_pack=20.651s feedback_info_pack=1.093s effective_fps=57.73
2026-09-28 04:23:05.432 | INFO     | plugrl_env_client.runner.rollout:log_timing_summary:98 - Intermediate rollout timing summary: env_steps=1302465 infer_calls=326588 feedback_calls=326588 infer_wait=13264.213s infer_obs_pack=14.896s env_step=9191.680s feedback_total=61.830s feedback_obs_pack=20.741s feedback_info_pack=1.061s effective_fps=57.80
2026-09-28 04:23:05.437 | INFO     | plugrl_env_client.runner.rollout:log_timing_summary:98 - Intermediate rollout timing summary: env_steps=1302419 infer_calls=326589 feedback_calls=326589 infer_wait=13275.124s infer_obs_pack=14.863s env_step=9181.673s feedback_total=61.846s feedback_obs_pack=20.592s feedback_info_pack=1.105s effective_fps=57.80
2026-09-28 04:23:05.439 | INFO     | plugrl_env_client.runner.rollout:log_timing_summary:98 - Intermediate rollout timing summary: env_steps=1302518 infer_calls=326589 feedback_calls=326589 infer_wait=13296.394s infer_obs_pack=14.872s env_step=9160.200s feedback_total=62.147s feedback_obs_pack=20.705s feedback_info_pack=1.095s effective_fps=57.80
2026-09-28 04:23:35.436 | INFO     | plugrl_env_client.runner.rollout:log_timing_summary:98 - Intermediate rollout timing summary: env_steps=1305851 infer_calls=327437 feedback_calls=327436 infer_wait=13272.134s infer_obs_pack=14.931s env_step=9213.440s feedback_total=61.991s feedback_obs_pack=20.792s feedback_info_pack=1.064s effective_fps=57.88
2026-09-28 04:23:35.441 | INFO     | plugrl_env_client.runner.rollout:log_timing_summary:98 - Intermediate rollout timing summary: env_steps=1305804 infer_calls=327438 feedback_calls=327437 infer_wait=13283.389s infer_obs_pack=14.899s env_step=9203.100s feedback_total=62.000s feedback_obs_pack=20.641s feedback_info_pack=1.108s effective_fps=57.87
2026-09-28 04:23:35.442 | INFO     | plugrl_env_client.runner.rollout:log_timing_summary:98 - Intermediate rollout timing summary: env_steps=1305898 infer_calls=327438 feedback_calls=327437 infer_wait=13304.854s infer_obs_pack=14.907s env_step=9181.419s feedback_total=62.305s feedback_obs_pack=20.754s feedback_info_pack=1.098s effective_fps=57.88
2026-09-28 04:25:50.560 | INFO     | plugrl_env_client.runner.rollout:log_timing_summary:98 - Intermediate rollout timing summary: env_steps=1308104 infer_calls=328002 feedback_calls=328001 infer_wait=13392.309s infer_obs_pack=14.955s env_step=9228.168s feedback_total=62.101s feedback_obs_pack=20.831s feedback_info_pack=1.066s effective_fps=57.63
2026-09-28 04:25:50.560 | INFO     | plugrl_env_client.runner.rollout:log_timing_summary:98 - Intermediate rollout timing summary: env_steps=1308055 infer_calls=328003 feedback_calls=328002 infer_wait=13403.622s infer_obs_pack=14.923s env_step=9217.780s feedback_total=62.100s feedback_obs_pack=20.675s feedback_info_pack=1.109s effective_fps=57.63
2026-09-28 04:25:50.563 | INFO     | plugrl_env_client.runner.rollout:log_timing_summary:98 - Intermediate rollout timing summary: env_steps=1308150 infer_calls=328003 feedback_calls=328002 infer_wait=13425.203s infer_obs_pack=14.931s env_step=9195.976s feedback_total=62.417s feedback_obs_pack=20.790s feedback_info_pack=1.100s effective_fps=57.63
2026-09-28 04:26:20.564 | INFO     | plugrl_env_client.runner.rollout:log_timing_summary:98 - Intermediate rollout timing summary: env_steps=1311450 infer_calls=328841 feedback_calls=328840 infer_wait=13400.927s infer_obs_pack=14.990s env_step=9249.233s feedback_total=62.256s feedback_obs_pack=20.881s feedback_info_pack=1.068s effective_fps=57.70
2026-09-28 04:26:20.564 | INFO     | plugrl_env_client.runner.rollout:log_timing_summary:98 - Intermediate rollout timing summary: env_steps=1311392 infer_calls=328842 feedback_calls=328841 infer_wait=13411.919s infer_obs_pack=14.957s env_step=9239.177s feedback_total=62.251s feedback_obs_pack=20.723s feedback_info_pack=1.112s effective_fps=57.70
2026-09-28 04:26:20.566 | INFO     | plugrl_env_client.runner.rollout:log_timing_summary:98 - Intermediate rollout timing summary: env_steps=1311496 infer_calls=328842 feedback_calls=328841 infer_wait=13433.362s infer_obs_pack=14.966s env_step=9217.514s feedback_total=62.567s feedback_obs_pack=20.838s feedback_info_pack=1.102s effective_fps=57.70
2026-09-28 04:26:50.565 | INFO     | plugrl_env_client.runner.rollout:log_timing_summary:98 - Intermediate rollout timing summary: env_steps=1314811 infer_calls=329701 feedback_calls=329700 infer_wait=13420.061s infer_obs_pack=14.993s env_step=9260.718s feedback_total=62.404s feedback_obs_pack=20.773s feedback_info_pack=1.115s effective_fps=57.77
2026-09-28 04:26:50.569 | INFO     | plugrl_env_client.runner.rollout:log_timing_summary:98 - Intermediate rollout timing summary: env_steps=1314875 infer_calls=329700 feedback_calls=329699 infer_wait=13409.019s infer_obs_pack=15.025s env_step=9270.830s feedback_total=62.412s feedback_obs_pack=20.932s feedback_info_pack=1.071s effective_fps=57.78
2026-09-28 04:26:50.570 | INFO     | plugrl_env_client.runner.rollout:log_timing_summary:98 - Intermediate rollout timing summary: env_steps=1314923 infer_calls=329701 feedback_calls=329700 infer_wait=13441.470s infer_obs_pack=15.001s env_step=9239.087s feedback_total=62.730s feedback_obs_pack=20.888s feedback_info_pack=1.105s effective_fps=57.78
2026-09-28 04:27:20.579 | INFO     | plugrl_env_client.runner.rollout:log_timing_summary:98 - Intermediate rollout timing summary: env_steps=1318217 infer_calls=330555 feedback_calls=330554 infer_wait=13427.968s infer_obs_pack=15.028s env_step=9282.502s feedback_total=62.565s feedback_obs_pack=20.822s feedback_info_pack=1.117s effective_fps=57.85
2026-09-28 04:27:20.581 | INFO     | plugrl_env_client.runner.rollout:log_timing_summary:98 - Intermediate rollout timing summary: env_steps=1318331 infer_calls=330555 feedback_calls=330554 infer_wait=13449.820s infer_obs_pack=15.036s env_step=9260.432s feedback_total=62.887s feedback_obs_pack=20.938s feedback_info_pack=1.108s effective_fps=57.85
2026-09-28 04:27:20.585 | INFO     | plugrl_env_client.runner.rollout:log_timing_summary:98 - Intermediate rollout timing summary: env_steps=1318282 infer_calls=330554 feedback_calls=330553 infer_wait=13417.366s infer_obs_pack=15.062s env_step=9292.170s feedback_total=62.576s feedback_obs_pack=20.984s feedback_info_pack=1.073s effective_fps=57.85
2026-09-28 04:27:50.581 | INFO     | plugrl_env_client.runner.rollout:log_timing_summary:98 - Intermediate rollout timing summary: env_steps=1321657 infer_calls=331389 feedback_calls=331388 infer_wait=13458.116s infer_obs_pack=15.072s env_step=9281.811s feedback_total=63.043s feedback_obs_pack=20.988s feedback_info_pack=1.110s effective_fps=57.92
2026-09-28 04:27:50.582 | INFO     | plugrl_env_client.runner.rollout:log_timing_summary:98 - Intermediate rollout timing summary: env_steps=1321545 infer_calls=331389 feedback_calls=331388 infer_wait=13436.447s infer_obs_pack=15.064s env_step=9303.711s feedback_total=62.719s feedback_obs_pack=20.873s feedback_info_pack=1.120s effective_fps=57.92
2026-09-28 04:27:50.591 | INFO     | plugrl_env_client.runner.rollout:log_timing_summary:98 - Intermediate rollout timing summary: env_steps=1321613 infer_calls=331388 feedback_calls=331387 infer_wait=13425.534s infer_obs_pack=15.097s env_step=9313.706s feedback_total=62.725s feedback_obs_pack=21.032s feedback_info_pack=1.076s effective_fps=57.92
2026-09-28 04:30:07.792 | INFO     | plugrl_env_client.runner.rollout:log_timing_summary:98 - Intermediate rollout timing summary: env_steps=1324059 infer_calls=332002 feedback_calls=332001 infer_wait=13546.893s infer_obs_pack=15.123s env_step=9329.320s feedback_total=62.835s feedback_obs_pack=21.068s feedback_info_pack=1.078s effective_fps=57.68
2026-09-28 04:30:07.792 | INFO     | plugrl_env_client.runner.rollout:log_timing_summary:98 - Intermediate rollout timing summary: env_steps=1324106 infer_calls=332003 feedback_calls=332002 infer_wait=13579.498s infer_obs_pack=15.097s env_step=9297.415s feedback_total=63.152s feedback_obs_pack=21.024s feedback_info_pack=1.112s effective_fps=57.68
2026-09-28 04:30:07.794 | INFO     | plugrl_env_client.runner.rollout:log_timing_summary:98 - Intermediate rollout timing summary: env_steps=1323999 infer_calls=332003 feedback_calls=332002 infer_wait=13557.692s infer_obs_pack=15.089s env_step=9319.459s feedback_total=62.825s feedback_obs_pack=20.909s feedback_info_pack=1.122s effective_fps=57.68
2026-09-28 04:30:37.797 | INFO     | plugrl_env_client.runner.rollout:log_timing_summary:98 - Intermediate rollout timing summary: env_steps=1327485 infer_calls=332850 feedback_calls=332850 infer_wait=13588.010s infer_obs_pack=15.133s env_step=9318.594s feedback_total=63.307s feedback_obs_pack=21.073s feedback_info_pack=1.115s effective_fps=57.75
2026-09-28 04:30:37.808 | INFO     | plugrl_env_client.runner.rollout:log_timing_summary:98 - Intermediate rollout timing summary: env_steps=1327442 infer_calls=332850 feedback_calls=332849 infer_wait=13555.098s infer_obs_pack=15.158s env_step=9350.813s feedback_total=62.991s feedback_obs_pack=21.117s feedback_info_pack=1.080s effective_fps=57.75
2026-09-28 04:30:37.809 | INFO     | plugrl_env_client.runner.rollout:log_timing_summary:98 - Intermediate rollout timing summary: env_steps=1327383 infer_calls=332851 feedback_calls=332850 infer_wait=13565.600s infer_obs_pack=15.125s env_step=9341.245s feedback_total=62.980s feedback_obs_pack=20.957s feedback_info_pack=1.125s effective_fps=57.75
2026-09-28 04:31:07.802 | INFO     | plugrl_env_client.runner.rollout:log_timing_summary:98 - Intermediate rollout timing summary: env_steps=1330930 infer_calls=333714 feedback_calls=333714 infer_wait=13596.690s infer_obs_pack=15.169s env_step=9339.593s feedback_total=63.468s feedback_obs_pack=21.122s feedback_info_pack=1.118s effective_fps=57.83
2026-09-28 04:31:07.814 | INFO     | plugrl_env_client.runner.rollout:log_timing_summary:98 - Intermediate rollout timing summary: env_steps=1330881 infer_calls=333714 feedback_calls=333713 infer_wait=13563.045s infer_obs_pack=15.194s env_step=9372.548s feedback_total=63.150s feedback_obs_pack=21.167s feedback_info_pack=1.083s effective_fps=57.83
2026-09-28 04:31:07.814 | INFO     | plugrl_env_client.runner.rollout:log_timing_summary:98 - Intermediate rollout timing summary: env_steps=1330828 infer_calls=333715 feedback_calls=333714 infer_wait=13573.767s infer_obs_pack=15.160s env_step=9362.771s feedback_total=63.133s feedback_obs_pack=21.007s feedback_info_pack=1.128s effective_fps=57.82
2026-09-28 04:31:37.804 | INFO     | plugrl_env_client.runner.rollout:log_timing_summary:98 - Intermediate rollout timing summary: env_steps=1334379 infer_calls=334579 feedback_calls=334578 infer_wait=13605.103s infer_obs_pack=15.205s env_step=9360.861s feedback_total=63.628s feedback_obs_pack=21.172s feedback_info_pack=1.120s effective_fps=57.90
2026-09-28 04:31:37.817 | INFO     | plugrl_env_client.runner.rollout:log_timing_summary:98 - Intermediate rollout timing summary: env_steps=1334332 infer_calls=334578 feedback_calls=334578 infer_wait=13571.162s infer_obs_pack=15.230s env_step=9394.106s feedback_total=63.314s feedback_obs_pack=21.217s feedback_info_pack=1.085s effective_fps=57.90
2026-09-28 04:31:37.828 | INFO     | plugrl_env_client.runner.rollout:log_timing_summary:98 - Intermediate rollout timing summary: env_steps=1334272 infer_calls=334580 feedback_calls=334579 infer_wait=13581.844s infer_obs_pack=15.196s env_step=9384.392s feedback_total=63.287s feedback_obs_pack=21.057s feedback_info_pack=1.130s effective_fps=57.90
2026-09-28 04:32:07.805 | INFO     | plugrl_env_client.runner.rollout:log_timing_summary:98 - Intermediate rollout timing summary: env_steps=1337666 infer_calls=335404 feedback_calls=335404 infer_wait=13613.839s infer_obs_pack=15.239s env_step=9381.818s feedback_total=63.782s feedback_obs_pack=21.226s feedback_info_pack=1.123s effective_fps=57.97
2026-09-28 04:32:07.828 | INFO     | plugrl_env_client.runner.rollout:log_timing_summary:98 - Intermediate rollout timing summary: env_steps=1337621 infer_calls=335404 feedback_calls=335403 infer_wait=13579.799s infer_obs_pack=15.264s env_step=9415.174s feedback_total=63.461s feedback_obs_pack=21.265s feedback_info_pack=1.088s effective_fps=57.97
2026-09-28 04:32:07.829 | INFO     | plugrl_env_client.runner.rollout:log_timing_summary:98 - Intermediate rollout timing summary: env_steps=1337554 infer_calls=335405 feedback_calls=335404 infer_wait=13590.133s infer_obs_pack=15.231s env_step=9405.797s feedback_total=63.437s feedback_obs_pack=21.104s feedback_info_pack=1.133s effective_fps=57.97
2026-09-28 04:34:23.825 | INFO     | plugrl_env_client.runner.rollout:log_timing_summary:98 - Intermediate rollout timing summary: env_steps=1340056 infer_calls=336003 feedback_calls=336002 infer_wait=13734.530s infer_obs_pack=15.264s env_step=9396.922s feedback_total=63.892s feedback_obs_pack=21.261s feedback_info_pack=1.125s effective_fps=57.73
2026-09-28 04:34:23.830 | INFO     | plugrl_env_client.runner.rollout:log_timing_summary:98 - Intermediate rollout timing summary: env_steps=1339931 infer_calls=336003 feedback_calls=336002 infer_wait=13710.415s infer_obs_pack=15.255s env_step=9421.295s feedback_total=63.542s feedback_obs_pack=21.138s feedback_info_pack=1.135s effective_fps=57.73
2026-09-28 04:34:23.833 | INFO     | plugrl_env_client.runner.rollout:log_timing_summary:98 - Intermediate rollout timing summary: env_steps=1340001 infer_calls=336002 feedback_calls=336001 infer_wait=13700.136s infer_obs_pack=15.290s env_step=9430.623s feedback_total=63.566s feedback_obs_pack=21.300s feedback_info_pack=1.090s effective_fps=57.73
2026-09-28 04:34:53.836 | INFO     | plugrl_env_client.runner.rollout:log_timing_summary:98 - Intermediate rollout timing summary: env_steps=1343397 infer_calls=336841 feedback_calls=336840 infer_wait=13742.880s infer_obs_pack=15.298s env_step=9418.275s feedback_total=64.043s feedback_obs_pack=21.309s feedback_info_pack=1.128s effective_fps=57.80
2026-09-28 04:34:53.836 | INFO     | plugrl_env_client.runner.rollout:log_timing_summary:98 - Intermediate rollout timing summary: env_steps=1343274 infer_calls=336841 feedback_calls=336840 infer_wait=13718.623s infer_obs_pack=15.290s env_step=9442.782s feedback_total=63.694s feedback_obs_pack=21.187s feedback_info_pack=1.138s effective_fps=57.80
2026-09-28 04:34:53.836 | INFO     | plugrl_env_client.runner.rollout:log_timing_summary:98 - Intermediate rollout timing summary: env_steps=1343345 infer_calls=336840 feedback_calls=336839 infer_wait=13708.654s infer_obs_pack=15.324s env_step=9451.793s feedback_total=63.720s feedback_obs_pack=21.349s feedback_info_pack=1.092s effective_fps=57.80
2026-09-28 04:35:23.840 | INFO     | plugrl_env_client.runner.rollout:log_timing_summary:98 - Intermediate rollout timing summary: env_steps=1346769 infer_calls=337698 feedback_calls=337698 infer_wait=13716.881s infer_obs_pack=15.360s env_step=9473.240s feedback_total=63.884s feedback_obs_pack=21.403s feedback_info_pack=1.095s effective_fps=57.88
2026-09-28 04:35:23.857 | INFO     | plugrl_env_client.runner.rollout:log_timing_summary:98 - Intermediate rollout timing summary: env_steps=1346821 infer_calls=337700 feedback_calls=337699 infer_wait=13750.909s infer_obs_pack=15.334s env_step=9439.949s feedback_total=64.202s feedback_obs_pack=21.359s feedback_info_pack=1.130s effective_fps=57.88
2026-09-28 04:35:23.858 | INFO     | plugrl_env_client.runner.rollout:log_timing_summary:98 - Intermediate rollout timing summary: env_steps=1346697 infer_calls=337700 feedback_calls=337699 infer_wait=13726.713s infer_obs_pack=15.326s env_step=9464.392s feedback_total=63.856s feedback_obs_pack=21.239s feedback_info_pack=1.140s effective_fps=57.87
2026-09-28 04:35:53.847 | INFO     | plugrl_env_client.runner.rollout:log_timing_summary:98 - Intermediate rollout timing summary: env_steps=1350205 infer_calls=338561 feedback_calls=338560 infer_wait=13725.069s infer_obs_pack=15.397s env_step=9494.736s feedback_total=64.040s feedback_obs_pack=21.453s feedback_info_pack=1.097s effective_fps=57.95
2026-09-28 04:35:53.870 | INFO     | plugrl_env_client.runner.rollout:log_timing_summary:98 - Intermediate rollout timing summary: env_steps=1350130 infer_calls=338563 feedback_calls=338562 infer_wait=13734.906s infer_obs_pack=15.361s env_step=9485.885s feedback_total=64.015s feedback_obs_pack=21.289s feedback_info_pack=1.143s effective_fps=57.95
2026-09-28 04:35:53.870 | INFO     | plugrl_env_client.runner.rollout:log_timing_summary:98 - Intermediate rollout timing summary: env_steps=1350258 infer_calls=338563 feedback_calls=338562 infer_wait=13759.056s infer_obs_pack=15.370s env_step=9461.492s feedback_total=64.363s feedback_obs_pack=21.409s feedback_info_pack=1.133s effective_fps=57.95
2026-09-28 04:36:23.865 | INFO     | plugrl_env_client.runner.rollout:log_timing_summary:98 - Intermediate rollout timing summary: env_steps=1353453 infer_calls=339375 feedback_calls=339374 infer_wait=13733.632s infer_obs_pack=15.431s env_step=9515.890s feedback_total=64.186s feedback_obs_pack=21.500s feedback_info_pack=1.100s effective_fps=58.02
2026-09-28 04:36:23.870 | INFO     | plugrl_env_client.runner.rollout:log_timing_summary:98 - Intermediate rollout timing summary: env_steps=1353376 infer_calls=339376 feedback_calls=339375 infer_wait=13743.223s infer_obs_pack=15.397s env_step=9507.266s feedback_total=64.162s feedback_obs_pack=21.336s feedback_info_pack=1.145s effective_fps=58.01
2026-09-28 04:36:23.875 | INFO     | plugrl_env_client.runner.rollout:log_timing_summary:98 - Intermediate rollout timing summary: env_steps=1353506 infer_calls=339376 feedback_calls=339375 infer_wait=13767.953s infer_obs_pack=15.404s env_step=9482.296s feedback_total=64.509s feedback_obs_pack=21.458s feedback_info_pack=1.136s effective_fps=58.02
2026-09-28 04:38:42.234 | INFO     | plugrl_env_client.runner.rollout:log_timing_summary:98 - Intermediate rollout timing summary: env_steps=1355879 infer_calls=340003 feedback_calls=340002 infer_wait=13865.052s infer_obs_pack=15.423s env_step=9523.572s feedback_total=64.274s feedback_obs_pack=21.371s feedback_info_pack=1.147s effective_fps=57.77
2026-09-28 04:38:42.234 | INFO     | plugrl_env_client.runner.rollout:log_timing_summary:98 - Intermediate rollout timing summary: env_steps=1355959 infer_calls=340002 feedback_calls=340001 infer_wait=13855.458s infer_obs_pack=15.459s env_step=9532.203s feedback_total=64.298s feedback_obs_pack=21.536s feedback_info_pack=1.102s effective_fps=57.78
2026-09-28 04:38:42.236 | INFO     | plugrl_env_client.runner.rollout:log_timing_summary:98 - Intermediate rollout timing summary: env_steps=1356004 infer_calls=340003 feedback_calls=340002 infer_wait=13890.090s infer_obs_pack=15.430s env_step=9498.285s feedback_total=64.627s feedback_obs_pack=21.496s feedback_info_pack=1.137s effective_fps=57.78
2026-09-28 04:39:12.244 | INFO     | plugrl_env_client.runner.rollout:log_timing_summary:98 - Intermediate rollout timing summary: env_steps=1359298 infer_calls=340828 feedback_calls=340827 infer_wait=13897.980s infer_obs_pack=15.464s env_step=9520.097s feedback_total=64.777s feedback_obs_pack=21.544s feedback_info_pack=1.140s effective_fps=57.85
2026-09-28 04:39:12.248 | INFO     | plugrl_env_client.runner.rollout:log_timing_summary:98 - Intermediate rollout timing summary: env_steps=1359249 infer_calls=340827 feedback_calls=340826 infer_wait=13863.994s infer_obs_pack=15.493s env_step=9553.366s feedback_total=64.459s feedback_obs_pack=21.587s feedback_info_pack=1.104s effective_fps=57.85
2026-09-28 04:39:12.249 | INFO     | plugrl_env_client.runner.rollout:log_timing_summary:98 - Intermediate rollout timing summary: env_steps=1359165 infer_calls=340828 feedback_calls=340827 infer_wait=13873.919s infer_obs_pack=15.457s env_step=9544.409s feedback_total=64.429s feedback_obs_pack=21.422s feedback_info_pack=1.150s effective_fps=57.84
2026-09-28 04:39:42.255 | INFO     | plugrl_env_client.runner.rollout:log_timing_summary:98 - Intermediate rollout timing summary: env_steps=1362614 infer_calls=341693 feedback_calls=341692 infer_wait=13882.147s infer_obs_pack=15.493s env_step=9565.859s feedback_total=64.589s feedback_obs_pack=21.472s feedback_info_pack=1.153s effective_fps=57.91
2026-09-28 04:39:42.256 | INFO     | plugrl_env_client.runner.rollout:log_timing_summary:98 - Intermediate rollout timing summary: env_steps=1362739 infer_calls=341693 feedback_calls=341692 infer_wait=13906.203s infer_obs_pack=15.501s env_step=9541.559s feedback_total=64.942s feedback_obs_pack=21.595s feedback_info_pack=1.143s effective_fps=57.92
2026-09-28 04:39:42.256 | INFO     | plugrl_env_client.runner.rollout:log_timing_summary:98 - Intermediate rollout timing summary: env_steps=1362699 infer_calls=341692 feedback_calls=341691 infer_wait=13871.576s infer_obs_pack=15.529s env_step=9575.474s feedback_total=64.617s feedback_obs_pack=21.637s feedback_info_pack=1.107s effective_fps=57.92
2026-09-28 04:40:12.265 | INFO     | plugrl_env_client.runner.rollout:log_timing_summary:98 - Intermediate rollout timing summary: env_steps=1366106 infer_calls=342538 feedback_calls=342537 infer_wait=13914.921s infer_obs_pack=15.535s env_step=9562.537s feedback_total=65.091s feedback_obs_pack=21.643s feedback_info_pack=1.145s effective_fps=57.99
2026-09-28 04:40:12.266 | INFO     | plugrl_env_client.runner.rollout:log_timing_summary:98 - Intermediate rollout timing summary: env_steps=1366074 infer_calls=342537 feedback_calls=342536 infer_wait=13879.583s infer_obs_pack=15.565s env_step=9597.157s feedback_total=64.777s feedback_obs_pack=21.689s feedback_info_pack=1.109s effective_fps=57.99
2026-09-28 04:40:12.267 | INFO     | plugrl_env_client.runner.rollout:log_timing_summary:98 - Intermediate rollout timing summary: env_steps=1365972 infer_calls=342538 feedback_calls=342537 infer_wait=13890.766s infer_obs_pack=15.528s env_step=9586.939s feedback_total=64.739s feedback_obs_pack=21.520s feedback_info_pack=1.155s effective_fps=57.98
2026-09-28 04:40:42.279 | INFO     | plugrl_env_client.runner.rollout:log_timing_summary:98 - Intermediate rollout timing summary: env_steps=1369417 infer_calls=343368 feedback_calls=343367 infer_wait=13923.317s infer_obs_pack=15.570s env_step=9583.853s feedback_total=65.241s feedback_obs_pack=21.694s feedback_info_pack=1.148s effective_fps=58.06
2026-09-28 04:40:42.279 | INFO     | plugrl_env_client.runner.rollout:log_timing_summary:98 - Intermediate rollout timing summary: env_steps=1369377 infer_calls=343367 feedback_calls=343366 infer_wait=13888.074s infer_obs_pack=15.599s env_step=9618.366s feedback_total=64.925s feedback_obs_pack=21.736s feedback_info_pack=1.112s effective_fps=58.06
2026-09-28 04:40:42.280 | INFO     | plugrl_env_client.runner.rollout:log_timing_summary:98 - Intermediate rollout timing summary: env_steps=1369288 infer_calls=343368 feedback_calls=343367 infer_wait=13898.932s infer_obs_pack=15.562s env_step=9608.482s feedback_total=64.886s feedback_obs_pack=21.568s feedback_info_pack=1.158s effective_fps=58.05
2026-09-28 04:43:01.546 | INFO     | plugrl_env_client.runner.rollout:log_timing_summary:98 - Intermediate rollout timing summary: env_steps=1371818 infer_calls=344003 feedback_calls=344002 infer_wait=14021.522s infer_obs_pack=15.588s env_step=9624.924s feedback_total=65.002s feedback_obs_pack=21.604s feedback_info_pack=1.160s effective_fps=57.82
2026-09-28 04:43:01.548 | INFO     | plugrl_env_client.runner.rollout:log_timing_summary:98 - Intermediate rollout timing summary: env_steps=1371949 infer_calls=344003 feedback_calls=344002 infer_wait=14046.408s infer_obs_pack=15.597s env_step=9599.788s feedback_total=65.360s feedback_obs_pack=21.731s feedback_info_pack=1.150s effective_fps=57.82
2026-09-28 04:43:01.549 | INFO     | plugrl_env_client.runner.rollout:log_timing_summary:98 - Intermediate rollout timing summary: env_steps=1371914 infer_calls=344002 feedback_calls=344001 infer_wait=14010.641s infer_obs_pack=15.626s env_step=9634.836s feedback_total=65.037s feedback_obs_pack=21.773s feedback_info_pack=1.114s effective_fps=57.82
2026-09-28 04:43:31.549 | INFO     | plugrl_env_client.runner.rollout:log_timing_summary:98 - Intermediate rollout timing summary: env_steps=1375175 infer_calls=344844 feedback_calls=344843 infer_wait=14029.910s infer_obs_pack=15.624s env_step=9646.229s feedback_total=65.156s feedback_obs_pack=21.657s feedback_info_pack=1.163s effective_fps=57.89
2026-09-28 04:43:31.549 | INFO     | plugrl_env_client.runner.rollout:log_timing_summary:98 - Intermediate rollout timing summary: env_steps=1375308 infer_calls=344844 feedback_calls=344843 infer_wait=14054.733s infer_obs_pack=15.631s env_step=9621.154s feedback_total=65.513s feedback_obs_pack=21.779s feedback_info_pack=1.153s effective_fps=57.89
2026-09-28 04:43:31.554 | INFO     | plugrl_env_client.runner.rollout:log_timing_summary:98 - Intermediate rollout timing summary: env_steps=1375264 infer_calls=344843 feedback_calls=344842 infer_wait=14019.265s infer_obs_pack=15.661s env_step=9655.894s feedback_total=65.195s feedback_obs_pack=21.822s feedback_info_pack=1.116s effective_fps=57.89
2026-09-28 04:44:01.549 | INFO     | plugrl_env_client.runner.rollout:log_timing_summary:98 - Intermediate rollout timing summary: env_steps=1378735 infer_calls=345703 feedback_calls=345702 infer_wait=14063.280s infer_obs_pack=15.667s env_step=9642.278s feedback_total=65.678s feedback_obs_pack=21.835s feedback_info_pack=1.155s effective_fps=57.96
2026-09-28 04:44:01.554 | INFO     | plugrl_env_client.runner.rollout:log_timing_summary:98 - Intermediate rollout timing summary: env_steps=1378606 infer_calls=345703 feedback_calls=345703 infer_wait=14037.671s infer_obs_pack=15.660s env_step=9668.155s feedback_total=65.316s feedback_obs_pack=21.709s feedback_info_pack=1.165s effective_fps=57.96
2026-09-28 04:44:01.558 | INFO     | plugrl_env_client.runner.rollout:log_timing_summary:98 - Intermediate rollout timing summary: env_steps=1378684 infer_calls=345702 feedback_calls=345702 infer_wait=14027.484s infer_obs_pack=15.697s env_step=9677.346s feedback_total=65.358s feedback_obs_pack=21.873s feedback_info_pack=1.119s effective_fps=57.96
2026-09-28 04:44:31.564 | INFO     | plugrl_env_client.runner.rollout:log_timing_summary:98 - Intermediate rollout timing summary: env_steps=1381950 infer_calls=346542 feedback_calls=346541 infer_wait=14046.192s infer_obs_pack=15.695s env_step=9689.328s feedback_total=65.470s feedback_obs_pack=21.759s feedback_info_pack=1.168s effective_fps=58.02
2026-09-28 04:44:31.566 | INFO     | plugrl_env_client.runner.rollout:log_timing_summary:98 - Intermediate rollout timing summary: env_steps=1382025 infer_calls=346541 feedback_calls=346540 infer_wait=14035.821s infer_obs_pack=15.732s env_step=9698.707s feedback_total=65.509s feedback_obs_pack=21.922s feedback_info_pack=1.121s effective_fps=58.03
2026-09-28 04:44:31.567 | INFO     | plugrl_env_client.runner.rollout:log_timing_summary:98 - Intermediate rollout timing summary: env_steps=1382082 infer_calls=346542 feedback_calls=346541 infer_wait=14071.817s infer_obs_pack=15.702s env_step=9663.449s feedback_total=65.831s feedback_obs_pack=21.883s feedback_info_pack=1.158s effective_fps=58.03
2026-09-28 04:45:01.570 | INFO     | plugrl_env_client.runner.rollout:log_timing_summary:98 - Intermediate rollout timing summary: env_steps=1385218 infer_calls=347363 feedback_calls=347362 infer_wait=14054.678s infer_obs_pack=15.729s env_step=9710.551s feedback_total=65.611s feedback_obs_pack=21.808s feedback_info_pack=1.170s effective_fps=58.09
2026-09-28 04:45:01.571 | INFO     | plugrl_env_client.runner.rollout:log_timing_summary:98 - Intermediate rollout timing summary: env_steps=1385352 infer_calls=347363 feedback_calls=347362 infer_wait=14080.513s infer_obs_pack=15.736s env_step=9684.451s feedback_total=65.977s feedback_obs_pack=21.930s feedback_info_pack=1.161s effective_fps=58.09
2026-09-28 04:45:01.576 | INFO     | plugrl_env_client.runner.rollout:log_timing_summary:98 - Intermediate rollout timing summary: env_steps=1385301 infer_calls=347362 feedback_calls=347361 infer_wait=14044.378s infer_obs_pack=15.766s env_step=9719.863s feedback_total=65.653s feedback_obs_pack=21.970s feedback_info_pack=1.124s effective_fps=58.09
2026-09-28 04:47:19.624 | INFO     | plugrl_env_client.runner.rollout:log_timing_summary:98 - Intermediate rollout timing summary: env_steps=1387848 infer_calls=348002 feedback_calls=348001 infer_wait=14165.997s infer_obs_pack=15.793s env_step=9736.048s feedback_total=65.771s feedback_obs_pack=22.008s feedback_info_pack=1.126s effective_fps=57.87
2026-09-28 04:47:19.625 | INFO     | plugrl_env_client.runner.rollout:log_timing_summary:98 - Intermediate rollout timing summary: env_steps=1387909 infer_calls=348003 feedback_calls=348002 infer_wait=14201.729s infer_obs_pack=15.763s env_step=9701.057s feedback_total=66.090s feedback_obs_pack=21.967s feedback_info_pack=1.163s effective_fps=57.87
2026-09-28 04:47:19.630 | INFO     | plugrl_env_client.runner.rollout:log_timing_summary:98 - Intermediate rollout timing summary: env_steps=1387765 infer_calls=348003 feedback_calls=348002 infer_wait=14176.142s infer_obs_pack=15.755s env_step=9726.908s feedback_total=65.727s feedback_obs_pack=21.844s feedback_info_pack=1.172s effective_fps=57.86
2026-09-28 04:47:49.636 | INFO     | plugrl_env_client.runner.rollout:log_timing_summary:98 - Intermediate rollout timing summary: env_steps=1391227 infer_calls=348850 feedback_calls=348849 infer_wait=14174.327s infer_obs_pack=15.829s env_step=9757.400s feedback_total=65.930s feedback_obs_pack=22.057s feedback_info_pack=1.128s effective_fps=57.94
2026-09-28 04:47:49.637 | INFO     | plugrl_env_client.runner.rollout:log_timing_summary:98 - Intermediate rollout timing summary: env_steps=1391149 infer_calls=348851 feedback_calls=348850 infer_wait=14184.110s infer_obs_pack=15.792s env_step=9748.628s feedback_total=65.885s feedback_obs_pack=21.896s feedback_info_pack=1.175s effective_fps=57.93
2026-09-28 04:47:49.637 | INFO     | plugrl_env_client.runner.rollout:log_timing_summary:98 - Intermediate rollout timing summary: env_steps=1391297 infer_calls=348851 feedback_calls=348850 infer_wait=14210.181s infer_obs_pack=15.797s env_step=9722.309s feedback_total=66.241s feedback_obs_pack=22.017s feedback_info_pack=1.165s effective_fps=57.94
2026-09-28 04:48:19.643 | INFO     | plugrl_env_client.runner.rollout:log_timing_summary:98 - Intermediate rollout timing summary: env_steps=1394685 infer_calls=349718 feedback_calls=349717 infer_wait=14182.506s infer_obs_pack=15.866s env_step=9778.906s feedback_total=66.086s feedback_obs_pack=22.107s feedback_info_pack=1.131s effective_fps=58.01
2026-09-28 04:48:19.643 | INFO     | plugrl_env_client.runner.rollout:log_timing_summary:98 - Intermediate rollout timing summary: env_steps=1394753 infer_calls=349719 feedback_calls=349718 infer_wait=14218.263s infer_obs_pack=15.833s env_step=9743.909s feedback_total=66.401s feedback_obs_pack=22.067s feedback_info_pack=1.168s effective_fps=58.01
2026-09-28 04:48:19.643 | INFO     | plugrl_env_client.runner.rollout:log_timing_summary:98 - Intermediate rollout timing summary: env_steps=1394614 infer_calls=349719 feedback_calls=349718 infer_wait=14192.227s infer_obs_pack=15.828s env_step=9770.197s feedback_total=66.046s feedback_obs_pack=21.949s feedback_info_pack=1.178s effective_fps=58.00
2026-09-28 04:48:49.650 | INFO     | plugrl_env_client.runner.rollout:log_timing_summary:98 - Intermediate rollout timing summary: env_steps=1397966 infer_calls=350542 feedback_calls=350541 infer_wait=14191.338s infer_obs_pack=15.901s env_step=9799.765s feedback_total=66.237s feedback_obs_pack=22.155s feedback_info_pack=1.133s effective_fps=58.07
2026-09-28 04:48:49.650 | INFO     | plugrl_env_client.runner.rollout:log_timing_summary:98 - Intermediate rollout timing summary: env_steps=1397896 infer_calls=350543 feedback_calls=350542 infer_wait=14200.388s infer_obs_pack=15.862s env_step=9791.736s feedback_total=66.195s feedback_obs_pack=22.000s feedback_info_pack=1.180s effective_fps=58.07
2026-09-28 04:48:49.656 | INFO     | plugrl_env_client.runner.rollout:log_timing_summary:98 - Intermediate rollout timing summary: env_steps=1398040 infer_calls=350543 feedback_calls=350542 infer_wait=14226.641s infer_obs_pack=15.867s env_step=9765.240s feedback_total=66.551s feedback_obs_pack=22.117s feedback_info_pack=1.171s effective_fps=58.07
2026-09-28 04:49:19.652 | INFO     | plugrl_env_client.runner.rollout:log_timing_summary:98 - Intermediate rollout timing summary: env_steps=1401165 infer_calls=351361 feedback_calls=351360 infer_wait=14208.984s infer_obs_pack=15.896s env_step=9812.845s feedback_total=66.339s feedback_obs_pack=22.050s feedback_info_pack=1.183s effective_fps=58.13
2026-09-28 04:49:19.655 | INFO     | plugrl_env_client.runner.rollout:log_timing_summary:98 - Intermediate rollout timing summary: env_steps=1401226 infer_calls=351360 feedback_calls=351359 infer_wait=14200.053s infer_obs_pack=15.936s env_step=9820.753s feedback_total=66.381s feedback_obs_pack=22.203s feedback_info_pack=1.136s effective_fps=58.13
2026-09-28 04:49:19.661 | INFO     | plugrl_env_client.runner.rollout:log_timing_summary:98 - Intermediate rollout timing summary: env_steps=1401306 infer_calls=351361 feedback_calls=351361 infer_wait=14234.910s infer_obs_pack=15.901s env_step=9786.671s feedback_total=66.705s feedback_obs_pack=22.165s feedback_info_pack=1.173s effective_fps=58.14
2026-09-28 04:51:37.138 | INFO     | plugrl_env_client.runner.rollout:log_timing_summary:98 - Intermediate rollout timing summary: env_steps=1403718 infer_calls=352003 feedback_calls=352002 infer_wait=14329.852s infer_obs_pack=15.922s env_step=9829.229s feedback_total=66.451s feedback_obs_pack=22.087s feedback_info_pack=1.185s effective_fps=57.91
2026-09-28 04:51:37.143 | INFO     | plugrl_env_client.runner.rollout:log_timing_summary:98 - Intermediate rollout timing summary: env_steps=1403863 infer_calls=352003 feedback_calls=352002 infer_wait=14355.525s infer_obs_pack=15.928s env_step=9803.304s feedback_total=66.819s feedback_obs_pack=22.202s feedback_info_pack=1.175s effective_fps=57.91
2026-09-28 04:51:37.145 | INFO     | plugrl_env_client.runner.rollout:log_timing_summary:98 - Intermediate rollout timing summary: env_steps=1403785 infer_calls=352002 feedback_calls=352001 infer_wait=14321.030s infer_obs_pack=15.962s env_step=9837.029s feedback_total=66.496s feedback_obs_pack=22.240s feedback_info_pack=1.138s effective_fps=57.91
2026-09-28 04:52:07.140 | INFO     | plugrl_env_client.runner.rollout:log_timing_summary:98 - Intermediate rollout timing summary: env_steps=1407202 infer_calls=352876 feedback_calls=352875 infer_wait=14337.587s infer_obs_pack=15.958s env_step=9851.173s feedback_total=66.610s feedback_obs_pack=22.137s feedback_info_pack=1.188s effective_fps=57.98
2026-09-28 04:52:07.157 | INFO     | plugrl_env_client.runner.rollout:log_timing_summary:98 - Intermediate rollout timing summary: env_steps=1407347 infer_calls=352877 feedback_calls=352876 infer_wait=14363.802s infer_obs_pack=15.964s env_step=9824.707s feedback_total=66.984s feedback_obs_pack=22.252s feedback_info_pack=1.178s effective_fps=57.98
2026-09-28 04:52:07.157 | INFO     | plugrl_env_client.runner.rollout:log_timing_summary:98 - Intermediate rollout timing summary: env_steps=1407271 infer_calls=352876 feedback_calls=352875 infer_wait=14329.102s infer_obs_pack=15.999s env_step=9858.643s feedback_total=66.656s feedback_obs_pack=22.292s feedback_info_pack=1.141s effective_fps=57.98
2026-09-28 04:52:37.141 | INFO     | plugrl_env_client.runner.rollout:log_timing_summary:98 - Intermediate rollout timing summary: env_steps=1410617 infer_calls=353732 feedback_calls=353731 infer_wait=14345.437s infer_obs_pack=15.994s env_step=9872.999s feedback_total=66.768s feedback_obs_pack=22.188s feedback_info_pack=1.191s effective_fps=58.05
2026-09-28 04:52:37.171 | INFO     | plugrl_env_client.runner.rollout:log_timing_summary:98 - Intermediate rollout timing summary: env_steps=1410677 infer_calls=353732 feedback_calls=353731 infer_wait=14337.547s infer_obs_pack=16.038s env_step=9879.887s feedback_total=66.814s feedback_obs_pack=22.342s feedback_info_pack=1.143s effective_fps=58.05
2026-09-28 04:52:37.171 | INFO     | plugrl_env_client.runner.rollout:log_timing_summary:98 - Intermediate rollout timing summary: env_steps=1410761 infer_calls=353733 feedback_calls=353732 infer_wait=14372.057s infer_obs_pack=16.000s env_step=9846.142s feedback_total=67.142s feedback_obs_pack=22.302s feedback_info_pack=1.181s effective_fps=58.05
2026-09-28 04:53:07.143 | INFO     | plugrl_env_client.runner.rollout:log_timing_summary:98 - Intermediate rollout timing summary: env_steps=1413952 infer_calls=354567 feedback_calls=354567 infer_wait=14354.056s infer_obs_pack=16.032s env_step=9894.065s feedback_total=66.919s feedback_obs_pack=22.237s feedback_info_pack=1.193s effective_fps=58.11
2026-09-28 04:53:07.175 | INFO     | plugrl_env_client.runner.rollout:log_timing_summary:98 - Intermediate rollout timing summary: env_steps=1414005 infer_calls=354567 feedback_calls=354567 infer_wait=14345.929s infer_obs_pack=16.073s env_step=9901.198s feedback_total=66.966s feedback_obs_pack=22.392s feedback_info_pack=1.146s effective_fps=58.12
2026-09-28 04:53:07.175 | INFO     | plugrl_env_client.runner.rollout:log_timing_summary:98 - Intermediate rollout timing summary: env_steps=1414088 infer_calls=354568 feedback_calls=354568 infer_wait=14380.373s infer_obs_pack=16.037s env_step=9867.523s feedback_total=67.289s feedback_obs_pack=22.350s feedback_info_pack=1.183s effective_fps=58.12
2026-09-28 04:53:37.145 | INFO     | plugrl_env_client.runner.rollout:log_timing_summary:98 - Intermediate rollout timing summary: env_steps=1417239 infer_calls=355392 feedback_calls=355391 infer_wait=14362.759s infer_obs_pack=16.066s env_step=9915.059s feedback_total=67.066s feedback_obs_pack=22.285s feedback_info_pack=1.196s effective_fps=58.18
2026-09-28 04:53:37.180 | INFO     | plugrl_env_client.runner.rollout:log_timing_summary:98 - Intermediate rollout timing summary: env_steps=1417295 infer_calls=355392 feedback_calls=355391 infer_wait=14354.217s infer_obs_pack=16.107s env_step=9922.606s feedback_total=67.116s feedback_obs_pack=22.440s feedback_info_pack=1.148s effective_fps=58.18
2026-09-28 04:53:37.185 | INFO     | plugrl_env_client.runner.rollout:log_timing_summary:98 - Intermediate rollout timing summary: env_steps=1417378 infer_calls=355393 feedback_calls=355392 infer_wait=14388.683s infer_obs_pack=16.071s env_step=9888.921s feedback_total=67.436s feedback_obs_pack=22.397s feedback_info_pack=1.186s effective_fps=58.18
2026-09-28 04:55:54.686 | INFO     | plugrl_env_client.runner.rollout:log_timing_summary:98 - Intermediate rollout timing summary: env_steps=1419724 infer_calls=356002 feedback_calls=356001 infer_wait=14476.030s infer_obs_pack=16.132s env_step=9938.076s feedback_total=67.224s feedback_obs_pack=22.475s feedback_info_pack=1.150s effective_fps=57.95
2026-09-28 04:55:54.688 | INFO     | plugrl_env_client.runner.rollout:log_timing_summary:98 - Intermediate rollout timing summary: env_steps=1419813 infer_calls=356003 feedback_calls=356002 infer_wait=14510.242s infer_obs_pack=16.096s env_step=9904.640s feedback_total=67.543s feedback_obs_pack=22.432s feedback_info_pack=1.188s effective_fps=57.96
2026-09-28 04:55:54.689 | INFO     | plugrl_env_client.runner.rollout:log_timing_summary:98 - Intermediate rollout timing summary: env_steps=1419672 infer_calls=356003 feedback_calls=356002 infer_wait=14484.517s infer_obs_pack=16.093s env_step=9930.616s feedback_total=67.174s feedback_obs_pack=22.319s feedback_info_pack=1.198s effective_fps=57.95
2026-09-28 04:56:24.688 | INFO     | plugrl_env_client.runner.rollout:log_timing_summary:98 - Intermediate rollout timing summary: env_steps=1423207 infer_calls=356856 feedback_calls=356855 infer_wait=14518.624s infer_obs_pack=16.132s env_step=9925.937s feedback_total=67.700s feedback_obs_pack=22.482s feedback_info_pack=1.190s effective_fps=58.02
2026-09-28 04:56:24.690 | INFO     | plugrl_env_client.runner.rollout:log_timing_summary:98 - Intermediate rollout timing summary: env_steps=1423078 infer_calls=356856 feedback_calls=356855 infer_wait=14492.604s infer_obs_pack=16.128s env_step=9952.213s feedback_total=67.328s feedback_obs_pack=22.370s feedback_info_pack=1.200s effective_fps=58.02
2026-09-28 04:56:24.690 | INFO     | plugrl_env_client.runner.rollout:log_timing_summary:98 - Intermediate rollout timing summary: env_steps=1423127 infer_calls=356855 feedback_calls=356855 infer_wait=14484.029s infer_obs_pack=16.169s env_step=9959.754s feedback_total=67.382s feedback_obs_pack=22.527s feedback_info_pack=1.153s effective_fps=58.02
2026-09-28 04:56:54.694 | INFO     | plugrl_env_client.runner.rollout:log_timing_summary:98 - Intermediate rollout timing summary: env_steps=1426534 infer_calls=357708 feedback_calls=357708 infer_wait=14491.950s infer_obs_pack=16.205s env_step=9981.525s feedback_total=67.535s feedback_obs_pack=22.577s feedback_info_pack=1.155s effective_fps=58.09
2026-09-28 04:56:54.694 | INFO     | plugrl_env_client.runner.rollout:log_timing_summary:98 - Intermediate rollout timing summary: env_steps=1426609 infer_calls=357709 feedback_calls=357709 infer_wait=14526.890s infer_obs_pack=16.167s env_step=9947.354s feedback_total=67.857s feedback_obs_pack=22.531s feedback_info_pack=1.193s effective_fps=58.09
2026-09-28 04:56:54.694 | INFO     | plugrl_env_client.runner.rollout:log_timing_summary:98 - Intermediate rollout timing summary: env_steps=1426475 infer_calls=357709 feedback_calls=357709 infer_wait=14500.846s infer_obs_pack=16.164s env_step=9973.661s feedback_total=67.483s feedback_obs_pack=22.418s feedback_info_pack=1.203s effective_fps=58.09
2026-09-28 04:57:24.697 | INFO     | plugrl_env_client.runner.rollout:log_timing_summary:98 - Intermediate rollout timing summary: env_steps=1429812 infer_calls=358547 feedback_calls=358546 infer_wait=14509.339s infer_obs_pack=16.198s env_step=9994.865s feedback_total=67.629s feedback_obs_pack=22.466s feedback_info_pack=1.206s effective_fps=58.15
2026-09-28 04:57:24.698 | INFO     | plugrl_env_client.runner.rollout:log_timing_summary:98 - Intermediate rollout timing summary: env_steps=1429879 infer_calls=358546 feedback_calls=358545 infer_wait=14500.180s infer_obs_pack=16.240s env_step=10002.996s feedback_total=67.681s feedback_obs_pack=22.625s feedback_info_pack=1.158s effective_fps=58.16
2026-09-28 04:57:24.701 | INFO     | plugrl_env_client.runner.rollout:log_timing_summary:98 - Intermediate rollout timing summary: env_steps=1429943 infer_calls=358547 feedback_calls=358546 infer_wait=14535.408s infer_obs_pack=16.202s env_step=9968.525s feedback_total=68.008s feedback_obs_pack=22.580s feedback_info_pack=1.196s effective_fps=58.16
2026-09-28 04:57:54.700 | INFO     | plugrl_env_client.runner.rollout:log_timing_summary:98 - Intermediate rollout timing summary: env_steps=1433147 infer_calls=359366 feedback_calls=359365 infer_wait=14508.531s infer_obs_pack=16.274s env_step=10024.342s feedback_total=67.829s feedback_obs_pack=22.674s feedback_info_pack=1.160s effective_fps=58.22
2026-09-28 04:57:54.700 | INFO     | plugrl_env_client.runner.rollout:log_timing_summary:98 - Intermediate rollout timing summary: env_steps=1433075 infer_calls=359367 feedback_calls=359366 infer_wait=14518.193s infer_obs_pack=16.232s env_step=10015.709s feedback_total=67.777s feedback_obs_pack=22.513s feedback_info_pack=1.208s effective_fps=58.21
2026-09-28 04:57:54.718 | INFO     | plugrl_env_client.runner.rollout:log_timing_summary:98 - Intermediate rollout timing summary: env_steps=1433216 infer_calls=359368 feedback_calls=359367 infer_wait=14543.833s infer_obs_pack=16.237s env_step=9989.817s feedback_total=68.153s feedback_obs_pack=22.627s feedback_info_pack=1.198s effective_fps=58.22
2026-09-28 05:00:12.017 | INFO     | plugrl_env_client.runner.rollout:log_timing_summary:98 - Intermediate rollout timing summary: env_steps=1435747 infer_calls=360003 feedback_calls=360002 infer_wait=14664.688s infer_obs_pack=16.263s env_step=10006.024s feedback_total=68.268s feedback_obs_pack=22.664s feedback_info_pack=1.200s effective_fps=58.00
2026-09-28 05:00:12.020 | INFO     | plugrl_env_client.runner.rollout:log_timing_summary:98 - Intermediate rollout timing summary: env_steps=1435682 infer_calls=360002 feedback_calls=360001 infer_wait=14629.286s infer_obs_pack=16.301s env_step=10040.671s feedback_total=67.942s feedback_obs_pack=22.710s feedback_info_pack=1.162s effective_fps=58.00
2026-09-28 05:00:12.021 | INFO     | plugrl_env_client.runner.rollout:log_timing_summary:98 - Intermediate rollout timing summary: env_steps=1435609 infer_calls=360003 feedback_calls=360002 infer_wait=14639.014s infer_obs_pack=16.259s env_step=10031.971s feedback_total=67.892s feedback_obs_pack=22.550s feedback_info_pack=1.210s effective_fps=57.99
2026-09-28 05:00:42.028 | INFO     | plugrl_env_client.runner.rollout:log_timing_summary:98 - Intermediate rollout timing summary: env_steps=1439171 infer_calls=360863 feedback_calls=360862 infer_wait=14673.041s infer_obs_pack=16.299s env_step=10027.345s feedback_total=68.432s feedback_obs_pack=22.714s feedback_info_pack=1.203s effective_fps=58.07
2026-09-28 05:00:42.029 | INFO     | plugrl_env_client.runner.rollout:log_timing_summary:98 - Intermediate rollout timing summary: env_steps=1439043 infer_calls=360863 feedback_calls=360862 infer_wait=14647.303s infer_obs_pack=16.295s env_step=10053.373s feedback_total=68.047s feedback_obs_pack=22.600s feedback_info_pack=1.213s effective_fps=58.06
2026-09-28 05:00:42.029 | INFO     | plugrl_env_client.runner.rollout:log_timing_summary:98 - Intermediate rollout timing summary: env_steps=1439105 infer_calls=360862 feedback_calls=360861 infer_wait=14637.238s infer_obs_pack=16.338s env_step=10062.399s feedback_total=68.104s feedback_obs_pack=22.761s feedback_info_pack=1.165s effective_fps=58.07
2026-09-28 05:01:12.029 | INFO     | plugrl_env_client.runner.rollout:log_timing_summary:98 - Intermediate rollout timing summary: env_steps=1442461 infer_calls=361702 feedback_calls=361702 infer_wait=14645.771s infer_obs_pack=16.373s env_step=10083.554s feedback_total=68.256s feedback_obs_pack=22.810s feedback_info_pack=1.167s effective_fps=58.13
2026-09-28 05:01:12.043 | INFO     | plugrl_env_client.runner.rollout:log_timing_summary:98 - Intermediate rollout timing summary: env_steps=1442524 infer_calls=361704 feedback_calls=361703 infer_wait=14681.314s infer_obs_pack=16.334s env_step=10048.772s feedback_total=68.586s feedback_obs_pack=22.763s feedback_info_pack=1.206s effective_fps=58.13
2026-09-28 05:01:12.046 | INFO     | plugrl_env_client.runner.rollout:log_timing_summary:98 - Intermediate rollout timing summary: env_steps=1442395 infer_calls=361704 feedback_calls=361703 infer_wait=14655.696s infer_obs_pack=16.330s env_step=10074.685s feedback_total=68.197s feedback_obs_pack=22.648s feedback_info_pack=1.216s effective_fps=58.13
2026-09-28 05:01:42.030 | INFO     | plugrl_env_client.runner.rollout:log_timing_summary:98 - Intermediate rollout timing summary: env_steps=1445785 infer_calls=362536 feedback_calls=362535 infer_wait=14654.002s infer_obs_pack=16.408s env_step=10105.011s feedback_total=68.405s feedback_obs_pack=22.858s feedback_info_pack=1.170s effective_fps=58.19
2026-09-28 05:01:42.046 | INFO     | plugrl_env_client.runner.rollout:log_timing_summary:98 - Intermediate rollout timing summary: env_steps=1445836 infer_calls=362537 feedback_calls=362536 infer_wait=14689.961s infer_obs_pack=16.369s env_step=10069.813s feedback_total=68.736s feedback_obs_pack=22.811s feedback_info_pack=1.209s effective_fps=58.19
2026-09-28 05:01:42.052 | INFO     | plugrl_env_client.runner.rollout:log_timing_summary:98 - Intermediate rollout timing summary: env_steps=1445720 infer_calls=362537 feedback_calls=362537 infer_wait=14663.975s infer_obs_pack=16.365s env_step=10096.106s feedback_total=68.346s feedback_obs_pack=22.696s feedback_info_pack=1.218s effective_fps=58.19
2026-09-28 05:02:12.035 | INFO     | plugrl_env_client.runner.rollout:log_timing_summary:98 - Intermediate rollout timing summary: env_steps=1449097 infer_calls=363366 feedback_calls=363366 infer_wait=14662.555s infer_obs_pack=16.443s env_step=10126.151s feedback_total=68.552s feedback_obs_pack=22.906s feedback_info_pack=1.172s effective_fps=58.26
2026-09-28 05:02:12.050 | INFO     | plugrl_env_client.runner.rollout:log_timing_summary:98 - Intermediate rollout timing summary: env_steps=1449147 infer_calls=363368 feedback_calls=363367 infer_wait=14698.584s infer_obs_pack=16.403s env_step=10090.889s feedback_total=68.884s feedback_obs_pack=22.859s feedback_info_pack=1.211s effective_fps=58.26
2026-09-28 05:02:12.052 | INFO     | plugrl_env_client.runner.rollout:log_timing_summary:98 - Intermediate rollout timing summary: env_steps=1449025 infer_calls=363368 feedback_calls=363367 infer_wait=14672.589s infer_obs_pack=16.399s env_step=10117.187s feedback_total=68.493s feedback_obs_pack=22.744s feedback_info_pack=1.221s effective_fps=58.25
2026-09-28 05:04:29.536 | INFO     | plugrl_env_client.runner.rollout:log_timing_summary:98 - Intermediate rollout timing summary: env_steps=1451633 infer_calls=364002 feedback_calls=364001 infer_wait=14783.712s infer_obs_pack=16.470s env_step=10142.255s feedback_total=68.669s feedback_obs_pack=22.943s feedback_info_pack=1.174s effective_fps=58.04
2026-09-28 05:04:29.536 | INFO     | plugrl_env_client.runner.rollout:log_timing_summary:98 - Intermediate rollout timing summary: env_steps=1451559 infer_calls=364003 feedback_calls=364002 infer_wait=14793.446s infer_obs_pack=16.428s env_step=10133.571s feedback_total=68.608s feedback_obs_pack=22.780s feedback_info_pack=1.223s effective_fps=58.03
2026-09-28 05:04:29.547 | INFO     | plugrl_env_client.runner.rollout:log_timing_summary:98 - Intermediate rollout timing summary: env_steps=1451668 infer_calls=364003 feedback_calls=364002 infer_wait=14820.131s infer_obs_pack=16.429s env_step=10106.598s feedback_total=68.998s feedback_obs_pack=22.896s feedback_info_pack=1.213s effective_fps=58.04
2026-09-28 05:04:59.545 | INFO     | plugrl_env_client.runner.rollout:log_timing_summary:98 - Intermediate rollout timing summary: env_steps=1454927 infer_calls=364848 feedback_calls=364847 infer_wait=14802.033s infer_obs_pack=16.464s env_step=10154.675s feedback_total=68.766s feedback_obs_pack=22.829s feedback_info_pack=1.225s effective_fps=58.10
2026-09-28 05:04:59.546 | INFO     | plugrl_env_client.runner.rollout:log_timing_summary:98 - Intermediate rollout timing summary: env_steps=1454996 infer_calls=364847 feedback_calls=364846 infer_wait=14791.991s infer_obs_pack=16.505s env_step=10163.657s feedback_total=68.830s feedback_obs_pack=22.993s feedback_info_pack=1.177s effective_fps=58.10
2026-09-28 05:04:59.551 | INFO     | plugrl_env_client.runner.rollout:log_timing_summary:98 - Intermediate rollout timing summary: env_steps=1455038 infer_calls=364848 feedback_calls=364847 infer_wait=14828.388s infer_obs_pack=16.467s env_step=10128.026s feedback_total=69.155s feedback_obs_pack=22.945s feedback_info_pack=1.216s effective_fps=58.10
2026-09-28 05:05:29.550 | INFO     | plugrl_env_client.runner.rollout:log_timing_summary:98 - Intermediate rollout timing summary: env_steps=1458234 infer_calls=365678 feedback_calls=365677 infer_wait=14810.477s infer_obs_pack=16.498s env_step=10175.927s feedback_total=68.917s feedback_obs_pack=22.880s feedback_info_pack=1.228s effective_fps=58.16
2026-09-28 05:05:29.550 | INFO     | plugrl_env_client.runner.rollout:log_timing_summary:98 - Intermediate rollout timing summary: env_steps=1458307 infer_calls=365677 feedback_calls=365676 infer_wait=14800.465s infer_obs_pack=16.540s env_step=10184.876s feedback_total=68.983s feedback_obs_pack=23.041s feedback_info_pack=1.179s effective_fps=58.17
2026-09-28 05:05:29.557 | INFO     | plugrl_env_client.runner.rollout:log_timing_summary:98 - Intermediate rollout timing summary: env_steps=1458357 infer_calls=365678 feedback_calls=365677 infer_wait=14836.808s infer_obs_pack=16.501s env_step=10149.307s feedback_total=69.301s feedback_obs_pack=22.993s feedback_info_pack=1.219s effective_fps=58.17
2026-09-28 05:05:59.554 | INFO     | plugrl_env_client.runner.rollout:log_timing_summary:98 - Intermediate rollout timing summary: env_steps=1461587 infer_calls=366499 feedback_calls=366499 infer_wait=14808.820s infer_obs_pack=16.574s env_step=10206.220s feedback_total=69.130s feedback_obs_pack=23.089s feedback_info_pack=1.182s effective_fps=58.23
2026-09-28 05:05:59.554 | INFO     | plugrl_env_client.runner.rollout:log_timing_summary:98 - Intermediate rollout timing summary: env_steps=1461510 infer_calls=366500 feedback_calls=366500 infer_wait=14818.998s infer_obs_pack=16.533s env_step=10197.108s feedback_total=69.066s feedback_obs_pack=22.928s feedback_info_pack=1.231s effective_fps=58.22
2026-09-28 05:05:59.569 | INFO     | plugrl_env_client.runner.rollout:log_timing_summary:98 - Intermediate rollout timing summary: env_steps=1461634 infer_calls=366501 feedback_calls=366500 infer_wait=14845.486s infer_obs_pack=16.537s env_step=10170.340s feedback_total=69.447s feedback_obs_pack=23.041s feedback_info_pack=1.221s effective_fps=58.23
2026-09-28 05:06:29.566 | INFO     | plugrl_env_client.runner.rollout:log_timing_summary:98 - Intermediate rollout timing summary: env_steps=1464890 infer_calls=367329 feedback_calls=367328 infer_wait=14817.433s infer_obs_pack=16.609s env_step=10227.300s feedback_total=69.276s feedback_obs_pack=23.137s feedback_info_pack=1.184s effective_fps=58.29
2026-09-28 05:06:29.567 | INFO     | plugrl_env_client.runner.rollout:log_timing_summary:98 - Intermediate rollout timing summary: env_steps=1464823 infer_calls=367330 feedback_calls=367329 infer_wait=14827.714s infer_obs_pack=16.567s env_step=10218.110s feedback_total=69.209s feedback_obs_pack=22.975s feedback_info_pack=1.233s effective_fps=58.29
2026-09-28 05:06:29.577 | INFO     | plugrl_env_client.runner.rollout:log_timing_summary:98 - Intermediate rollout timing summary: env_steps=1464941 infer_calls=367330 feedback_calls=367329 infer_wait=14853.569s infer_obs_pack=16.572s env_step=10191.966s feedback_total=69.595s feedback_obs_pack=23.088s feedback_info_pack=1.224s effective_fps=58.29
2026-09-28 05:08:48.234 | INFO     | plugrl_env_client.runner.rollout:log_timing_summary:98 - Intermediate rollout timing summary: env_steps=1467573 infer_calls=368002 feedback_calls=368001 infer_wait=14938.525s infer_obs_pack=16.637s env_step=10244.626s feedback_total=69.397s feedback_obs_pack=23.176s feedback_info_pack=1.186s effective_fps=58.08
2026-09-28 05:08:48.234 | INFO     | plugrl_env_client.runner.rollout:log_timing_summary:98 - Intermediate rollout timing summary: env_steps=1467509 infer_calls=368003 feedback_calls=368002 infer_wait=14948.515s infer_obs_pack=16.595s env_step=10235.729s feedback_total=69.331s feedback_obs_pack=23.013s feedback_info_pack=1.235s effective_fps=58.07
2026-09-28 05:08:48.239 | INFO     | plugrl_env_client.runner.rollout:log_timing_summary:98 - Intermediate rollout timing summary: env_steps=1467614 infer_calls=368003 feedback_calls=368002 infer_wait=14975.279s infer_obs_pack=16.600s env_step=10208.668s feedback_total=69.713s feedback_obs_pack=23.127s feedback_info_pack=1.226s effective_fps=58.08
2026-09-28 05:09:18.236 | INFO     | plugrl_env_client.runner.rollout:log_timing_summary:98 - Intermediate rollout timing summary: env_steps=1470976 infer_calls=368856 feedback_calls=368855 infer_wait=14946.752s infer_obs_pack=16.674s env_step=10266.071s feedback_total=69.556s feedback_obs_pack=23.226s feedback_info_pack=1.189s effective_fps=58.14
2026-09-28 05:09:18.238 | INFO     | plugrl_env_client.runner.rollout:log_timing_summary:98 - Intermediate rollout timing summary: env_steps=1470912 infer_calls=368857 feedback_calls=368856 infer_wait=14956.945s infer_obs_pack=16.632s env_step=10256.982s feedback_total=69.482s feedback_obs_pack=23.062s feedback_info_pack=1.238s effective_fps=58.14
2026-09-28 05:09:18.242 | INFO     | plugrl_env_client.runner.rollout:log_timing_summary:98 - Intermediate rollout timing summary: env_steps=1471022 infer_calls=368857 feedback_calls=368857 infer_wait=14983.443s infer_obs_pack=16.635s env_step=10230.183s feedback_total=69.876s feedback_obs_pack=23.180s feedback_info_pack=1.228s effective_fps=58.14
2026-09-28 05:09:48.236 | INFO     | plugrl_env_client.runner.rollout:log_timing_summary:98 - Intermediate rollout timing summary: env_steps=1474292 infer_calls=369687 feedback_calls=369686 infer_wait=14955.031s infer_obs_pack=16.708s env_step=10287.487s feedback_total=69.705s feedback_obs_pack=23.274s feedback_info_pack=1.191s effective_fps=58.21
2026-09-28 05:09:48.239 | INFO     | plugrl_env_client.runner.rollout:log_timing_summary:98 - Intermediate rollout timing summary: env_steps=1474225 infer_calls=369688 feedback_calls=369687 infer_wait=14965.602s infer_obs_pack=16.668s env_step=10278.015s feedback_total=69.634s feedback_obs_pack=23.113s feedback_info_pack=1.241s effective_fps=58.20
2026-09-28 05:09:48.247 | INFO     | plugrl_env_client.runner.rollout:log_timing_summary:98 - Intermediate rollout timing summary: env_steps=1474337 infer_calls=369688 feedback_calls=369688 infer_wait=14991.911s infer_obs_pack=16.670s env_step=10251.411s feedback_total=70.023s feedback_obs_pack=23.228s feedback_info_pack=1.231s effective_fps=58.21
2026-09-28 05:10:18.241 | INFO     | plugrl_env_client.runner.rollout:log_timing_summary:98 - Intermediate rollout timing summary: env_steps=1477644 infer_calls=370528 feedback_calls=370527 infer_wait=14963.487s infer_obs_pack=16.744s env_step=10308.714s feedback_total=69.858s feedback_obs_pack=23.326s feedback_info_pack=1.194s effective_fps=58.27
2026-09-28 05:10:18.245 | INFO     | plugrl_env_client.runner.rollout:log_timing_summary:98 - Intermediate rollout timing summary: env_steps=1477579 infer_calls=370529 feedback_calls=370528 infer_wait=14973.808s infer_obs_pack=16.703s env_step=10299.507s feedback_total=69.783s feedback_obs_pack=23.161s feedback_info_pack=1.243s effective_fps=58.26
2026-09-28 05:10:18.267 | INFO     | plugrl_env_client.runner.rollout:log_timing_summary:98 - Intermediate rollout timing summary: env_steps=1477680 infer_calls=370530 feedback_calls=370529 infer_wait=15000.458s infer_obs_pack=16.704s env_step=10272.577s feedback_total=70.170s feedback_obs_pack=23.276s feedback_info_pack=1.234s effective_fps=58.27
2026-09-28 05:10:48.245 | INFO     | plugrl_env_client.runner.rollout:log_timing_summary:98 - Intermediate rollout timing summary: env_steps=1480892 infer_calls=371344 feedback_calls=371343 infer_wait=14972.067s infer_obs_pack=16.778s env_step=10329.836s feedback_total=70.003s feedback_obs_pack=23.373s feedback_info_pack=1.196s effective_fps=58.33
2026-09-28 05:10:48.246 | INFO     | plugrl_env_client.runner.rollout:log_timing_summary:98 - Intermediate rollout timing summary: env_steps=1480834 infer_calls=371345 feedback_calls=371344 infer_wait=14982.407s infer_obs_pack=16.736s env_step=10320.613s feedback_total=69.927s feedback_obs_pack=23.208s feedback_info_pack=1.246s effective_fps=58.32
2026-09-28 05:10:48.267 | INFO     | plugrl_env_client.runner.rollout:log_timing_summary:98 - Intermediate rollout timing summary: env_steps=1480935 infer_calls=371345 feedback_calls=371345 infer_wait=15008.767s infer_obs_pack=16.738s env_step=10293.963s feedback_total=70.322s feedback_obs_pack=23.324s feedback_info_pack=1.236s effective_fps=58.33
2026-09-28 05:13:06.312 | INFO     | plugrl_env_client.runner.rollout:log_timing_summary:98 - Intermediate rollout timing summary: env_steps=1483513 infer_calls=372002 feedback_calls=372001 infer_wait=15092.930s infer_obs_pack=16.805s env_step=10346.797s feedback_total=70.118s feedback_obs_pack=23.410s feedback_info_pack=1.198s effective_fps=58.12
2026-09-28 05:13:06.315 | INFO     | plugrl_env_client.runner.rollout:log_timing_summary:98 - Intermediate rollout timing summary: env_steps=1483458 infer_calls=372003 feedback_calls=372002 infer_wait=15103.544s infer_obs_pack=16.764s env_step=10337.295s feedback_total=70.048s feedback_obs_pack=23.245s feedback_info_pack=1.250s effective_fps=58.11
2026-09-28 05:13:06.317 | INFO     | plugrl_env_client.runner.rollout:log_timing_summary:98 - Intermediate rollout timing summary: env_steps=1483558 infer_calls=372003 feedback_calls=372002 infer_wait=15129.507s infer_obs_pack=16.768s env_step=10311.025s feedback_total=70.441s feedback_obs_pack=23.361s feedback_info_pack=1.238s effective_fps=58.12
2026-09-28 05:13:36.313 | INFO     | plugrl_env_client.runner.rollout:log_timing_summary:98 - Intermediate rollout timing summary: env_steps=1486942 infer_calls=372861 feedback_calls=372860 infer_wait=15101.369s infer_obs_pack=16.841s env_step=10368.041s feedback_total=70.271s feedback_obs_pack=23.460s feedback_info_pack=1.201s effective_fps=58.18
2026-09-28 05:13:36.318 | INFO     | plugrl_env_client.runner.rollout:log_timing_summary:98 - Intermediate rollout timing summary: env_steps=1486882 infer_calls=372862 feedback_calls=372862 infer_wait=15111.751s infer_obs_pack=16.800s env_step=10358.764s feedback_total=70.208s feedback_obs_pack=23.294s feedback_info_pack=1.253s effective_fps=58.18
2026-09-28 05:13:36.319 | INFO     | plugrl_env_client.runner.rollout:log_timing_summary:98 - Intermediate rollout timing summary: env_steps=1486979 infer_calls=372862 feedback_calls=372862 infer_wait=15137.695s infer_obs_pack=16.804s env_step=10332.518s feedback_total=70.599s feedback_obs_pack=23.412s feedback_info_pack=1.241s effective_fps=58.18
2026-09-28 05:14:06.317 | INFO     | plugrl_env_client.runner.rollout:log_timing_summary:98 - Intermediate rollout timing summary: env_steps=1490203 infer_calls=373681 feedback_calls=373680 infer_wait=15110.270s infer_obs_pack=16.875s env_step=10388.838s feedback_total=70.421s feedback_obs_pack=23.508s feedback_info_pack=1.203s effective_fps=58.24
2026-09-28 05:14:06.322 | INFO     | plugrl_env_client.runner.rollout:log_timing_summary:98 - Intermediate rollout timing summary: env_steps=1490152 infer_calls=373682 feedback_calls=373681 infer_wait=15119.899s infer_obs_pack=16.836s env_step=10380.310s feedback_total=70.361s feedback_obs_pack=23.342s feedback_info_pack=1.255s effective_fps=58.24
2026-09-28 05:14:06.325 | INFO     | plugrl_env_client.runner.rollout:log_timing_summary:98 - Intermediate rollout timing summary: env_steps=1490252 infer_calls=373682 feedback_calls=373681 infer_wait=15146.364s infer_obs_pack=16.841s env_step=10353.548s feedback_total=70.749s feedback_obs_pack=23.462s feedback_info_pack=1.244s effective_fps=58.24
2026-09-28 05:14:36.329 | INFO     | plugrl_env_client.runner.rollout:log_timing_summary:98 - Intermediate rollout timing summary: env_steps=1493564 infer_calls=374514 feedback_calls=374513 infer_wait=15154.501s infer_obs_pack=16.876s env_step=10375.100s feedback_total=70.903s feedback_obs_pack=23.514s feedback_info_pack=1.246s effective_fps=58.30
2026-09-28 05:14:36.329 | INFO     | plugrl_env_client.runner.rollout:log_timing_summary:98 - Intermediate rollout timing summary: env_steps=1493521 infer_calls=374513 feedback_calls=374512 infer_wait=15118.624s infer_obs_pack=16.911s env_step=10410.188s feedback_total=70.566s feedback_obs_pack=23.556s feedback_info_pack=1.205s effective_fps=58.30
2026-09-28 05:14:36.333 | INFO     | plugrl_env_client.runner.rollout:log_timing_summary:98 - Intermediate rollout timing summary: env_steps=1493460 infer_calls=374514 feedback_calls=374513 infer_wait=15128.814s infer_obs_pack=16.871s env_step=10401.102s feedback_total=70.505s feedback_obs_pack=23.390s feedback_info_pack=1.258s effective_fps=58.30
2026-09-28 05:15:06.330 | INFO     | plugrl_env_client.runner.rollout:log_timing_summary:98 - Intermediate rollout timing summary: env_steps=1496834 infer_calls=375334 feedback_calls=375334 infer_wait=15163.220s infer_obs_pack=16.911s env_step=10396.073s feedback_total=71.051s feedback_obs_pack=23.564s feedback_info_pack=1.249s effective_fps=58.36
2026-09-28 05:15:06.331 | INFO     | plugrl_env_client.runner.rollout:log_timing_summary:98 - Intermediate rollout timing summary: env_steps=1496792 infer_calls=375333 feedback_calls=375333 infer_wait=15127.026s infer_obs_pack=16.945s env_step=10431.484s feedback_total=70.715s feedback_obs_pack=23.604s feedback_info_pack=1.208s effective_fps=58.36
2026-09-28 05:15:06.340 | INFO     | plugrl_env_client.runner.rollout:log_timing_summary:98 - Intermediate rollout timing summary: env_steps=1496735 infer_calls=375334 feedback_calls=375334 infer_wait=15137.278s infer_obs_pack=16.904s env_step=10422.348s feedback_total=70.649s feedback_obs_pack=23.437s feedback_info_pack=1.261s effective_fps=58.36
2026-09-28 05:17:24.809 | INFO     | plugrl_env_client.runner.rollout:log_timing_summary:98 - Intermediate rollout timing summary: env_steps=1499494 infer_calls=376003 feedback_calls=376002 infer_wait=15284.639s infer_obs_pack=16.938s env_step=10412.876s feedback_total=71.171s feedback_obs_pack=23.604s feedback_info_pack=1.251s effective_fps=58.15
2026-09-28 05:17:24.813 | INFO     | plugrl_env_client.runner.rollout:log_timing_summary:98 - Intermediate rollout timing summary: env_steps=1499400 infer_calls=376003 feedback_calls=376002 infer_wait=15258.275s infer_obs_pack=16.932s env_step=10439.578s feedback_total=70.770s feedback_obs_pack=23.476s feedback_info_pack=1.263s effective_fps=58.15
2026-09-28 05:17:24.813 | INFO     | plugrl_env_client.runner.rollout:log_timing_summary:98 - Intermediate rollout timing summary: env_steps=1499452 infer_calls=376002 feedback_calls=376001 infer_wait=15248.371s infer_obs_pack=16.973s env_step=10448.364s feedback_total=70.838s feedback_obs_pack=23.646s feedback_info_pack=1.210s effective_fps=58.15
2026-09-28 05:17:54.813 | INFO     | plugrl_env_client.runner.rollout:log_timing_summary:98 - Intermediate rollout timing summary: env_steps=1502729 infer_calls=376839 feedback_calls=376838 infer_wait=15267.068s infer_obs_pack=16.967s env_step=10460.470s feedback_total=70.923s feedback_obs_pack=23.524s feedback_info_pack=1.265s effective_fps=58.21
2026-09-28 05:17:54.817 | INFO     | plugrl_env_client.runner.rollout:log_timing_summary:98 - Intermediate rollout timing summary: env_steps=1502788 infer_calls=376838 feedback_calls=376837 infer_wait=15256.699s infer_obs_pack=17.008s env_step=10469.722s feedback_total=70.997s feedback_obs_pack=23.697s feedback_info_pack=1.212s effective_fps=58.22
2026-09-28 05:17:54.818 | INFO     | plugrl_env_client.runner.rollout:log_timing_summary:98 - Intermediate rollout timing summary: env_steps=1502823 infer_calls=376839 feedback_calls=376838 infer_wait=15292.763s infer_obs_pack=16.975s env_step=10434.439s feedback_total=71.335s feedback_obs_pack=23.653s feedback_info_pack=1.254s effective_fps=58.21
2026-09-28 05:18:24.816 | INFO     | plugrl_env_client.runner.rollout:log_timing_summary:98 - Intermediate rollout timing summary: env_steps=1506042 infer_calls=377669 feedback_calls=377668 infer_wait=15275.424s infer_obs_pack=17.001s env_step=10481.816s feedback_total=71.068s feedback_obs_pack=23.571s feedback_info_pack=1.268s effective_fps=58.27
2026-09-28 05:18:24.819 | INFO     | plugrl_env_client.runner.rollout:log_timing_summary:98 - Intermediate rollout timing summary: env_steps=1506129 infer_calls=377669 feedback_calls=377668 infer_wait=15301.136s infer_obs_pack=17.010s env_step=10455.754s feedback_total=71.490s feedback_obs_pack=23.700s feedback_info_pack=1.256s effective_fps=58.27
2026-09-28 05:18:24.821 | INFO     | plugrl_env_client.runner.rollout:log_timing_summary:98 - Intermediate rollout timing summary: env_steps=1506095 infer_calls=377668 feedback_calls=377667 infer_wait=15265.236s infer_obs_pack=17.043s env_step=10490.875s feedback_total=71.147s feedback_obs_pack=23.745s feedback_info_pack=1.215s effective_fps=58.28
2026-09-28 05:18:54.827 | INFO     | plugrl_env_client.runner.rollout:log_timing_summary:98 - Intermediate rollout timing summary: env_steps=1509347 infer_calls=378497 feedback_calls=378496 infer_wait=15283.689s infer_obs_pack=17.038s env_step=10503.256s feedback_total=71.213s feedback_obs_pack=23.619s feedback_info_pack=1.270s effective_fps=58.33
2026-09-28 05:18:54.828 | INFO     | plugrl_env_client.runner.rollout:log_timing_summary:98 - Intermediate rollout timing summary: env_steps=1509424 infer_calls=378497 feedback_calls=378496 infer_wait=15309.896s infer_obs_pack=17.044s env_step=10476.693s feedback_total=71.638s feedback_obs_pack=23.752s feedback_info_pack=1.259s effective_fps=58.33
2026-09-28 05:18:54.830 | INFO     | plugrl_env_client.runner.rollout:log_timing_summary:98 - Intermediate rollout timing summary: env_steps=1509391 infer_calls=378496 feedback_calls=378495 infer_wait=15273.623s infer_obs_pack=17.077s env_step=10512.185s feedback_total=71.298s feedback_obs_pack=23.793s feedback_info_pack=1.217s effective_fps=58.34
2026-09-28 05:19:24.830 | INFO     | plugrl_env_client.runner.rollout:log_timing_summary:98 - Intermediate rollout timing summary: env_steps=1512727 infer_calls=379325 feedback_calls=379324 infer_wait=15318.616s infer_obs_pack=17.079s env_step=10497.665s feedback_total=71.789s feedback_obs_pack=23.802s feedback_info_pack=1.262s effective_fps=58.39
2026-09-28 05:19:24.831 | INFO     | plugrl_env_client.runner.rollout:log_timing_summary:98 - Intermediate rollout timing summary: env_steps=1512694 infer_calls=379324 feedback_calls=379324 infer_wait=15282.020s infer_obs_pack=17.112s env_step=10533.472s feedback_total=71.449s feedback_obs_pack=23.841s feedback_info_pack=1.220s effective_fps=58.40
2026-09-28 05:19:24.847 | INFO     | plugrl_env_client.runner.rollout:log_timing_summary:98 - Intermediate rollout timing summary: env_steps=1512650 infer_calls=379326 feedback_calls=379325 infer_wait=15292.015s infer_obs_pack=17.072s env_step=10524.644s feedback_total=71.360s feedback_obs_pack=23.667s feedback_info_pack=1.273s effective_fps=58.39
2026-09-28 05:21:42.803 | INFO     | plugrl_env_client.runner.rollout:log_timing_summary:98 - Intermediate rollout timing summary: env_steps=1515391 infer_calls=380002 feedback_calls=380001 infer_wait=15402.727s infer_obs_pack=17.140s env_step=10550.483s feedback_total=71.572s feedback_obs_pack=23.881s feedback_info_pack=1.222s effective_fps=58.19
2026-09-28 05:21:42.805 | INFO     | plugrl_env_client.runner.rollout:log_timing_summary:98 - Intermediate rollout timing summary: env_steps=1515427 infer_calls=380003 feedback_calls=380002 infer_wait=15439.311s infer_obs_pack=17.107s env_step=10514.692s feedback_total=71.907s feedback_obs_pack=23.841s feedback_info_pack=1.264s effective_fps=58.19
2026-09-28 05:21:42.805 | INFO     | plugrl_env_client.runner.rollout:log_timing_summary:98 - Intermediate rollout timing summary: env_steps=1515349 infer_calls=380003 feedback_calls=380002 infer_wait=15412.468s infer_obs_pack=17.099s env_step=10541.902s feedback_total=71.481s feedback_obs_pack=23.706s feedback_info_pack=1.276s effective_fps=58.19
2026-09-28 05:22:12.804 | INFO     | plugrl_env_client.runner.rollout:log_timing_summary:98 - Intermediate rollout timing summary: env_steps=1518726 infer_calls=380839 feedback_calls=380839 infer_wait=15411.077s infer_obs_pack=17.176s env_step=10571.807s feedback_total=71.731s feedback_obs_pack=23.930s feedback_info_pack=1.224s effective_fps=58.25
2026-09-28 05:22:12.805 | INFO     | plugrl_env_client.runner.rollout:log_timing_summary:98 - Intermediate rollout timing summary: env_steps=1518767 infer_calls=380840 feedback_calls=380839 infer_wait=15447.745s infer_obs_pack=17.145s env_step=10535.940s feedback_total=72.062s feedback_obs_pack=23.889s feedback_info_pack=1.266s effective_fps=58.25
2026-09-28 05:22:12.807 | INFO     | plugrl_env_client.runner.rollout:log_timing_summary:98 - Intermediate rollout timing summary: env_steps=1518685 infer_calls=380840 feedback_calls=380840 infer_wait=15420.726s infer_obs_pack=17.134s env_step=10563.325s feedback_total=71.641s feedback_obs_pack=23.754s feedback_info_pack=1.278s effective_fps=58.25
2026-09-28 05:22:42.807 | INFO     | plugrl_env_client.runner.rollout:log_timing_summary:98 - Intermediate rollout timing summary: env_steps=1522072 infer_calls=381669 feedback_calls=381668 infer_wait=15456.132s infer_obs_pack=17.180s env_step=10557.251s feedback_total=72.211s feedback_obs_pack=23.937s feedback_info_pack=1.269s effective_fps=58.31
2026-09-28 05:22:42.808 | INFO     | plugrl_env_client.runner.rollout:log_timing_summary:98 - Intermediate rollout timing summary: env_steps=1522028 infer_calls=381668 feedback_calls=381667 infer_wait=15419.339s infer_obs_pack=17.211s env_step=10593.242s feedback_total=71.879s feedback_obs_pack=23.978s feedback_info_pack=1.227s effective_fps=58.31
2026-09-28 05:22:42.809 | INFO     | plugrl_env_client.runner.rollout:log_timing_summary:98 - Intermediate rollout timing summary: env_steps=1521996 infer_calls=381669 feedback_calls=381668 infer_wait=15429.393s infer_obs_pack=17.168s env_step=10584.362s feedback_total=71.787s feedback_obs_pack=23.801s feedback_info_pack=1.281s effective_fps=58.31
2026-09-28 05:23:12.810 | INFO     | plugrl_env_client.runner.rollout:log_timing_summary:98 - Intermediate rollout timing summary: env_steps=1525324 infer_calls=382494 feedback_calls=382494 infer_wait=15428.052s infer_obs_pack=17.245s env_step=10614.224s feedback_total=72.026s feedback_obs_pack=24.025s feedback_info_pack=1.229s effective_fps=58.37
2026-09-28 05:23:12.813 | INFO     | plugrl_env_client.runner.rollout:log_timing_summary:98 - Intermediate rollout timing summary: env_steps=1525362 infer_calls=382495 feedback_calls=382494 infer_wait=15464.616s infer_obs_pack=17.215s env_step=10578.460s feedback_total=72.367s feedback_obs_pack=23.986s feedback_info_pack=1.272s effective_fps=58.37
2026-09-28 05:23:12.830 | INFO     | plugrl_env_client.runner.rollout:log_timing_summary:98 - Intermediate rollout timing summary: env_steps=1525299 infer_calls=382496 feedback_calls=382495 infer_wait=15437.693s infer_obs_pack=17.203s env_step=10605.788s feedback_total=71.928s feedback_obs_pack=23.848s feedback_info_pack=1.284s effective_fps=58.37
2026-09-28 05:23:42.830 | INFO     | plugrl_env_client.runner.rollout:log_timing_summary:98 - Intermediate rollout timing summary: env_steps=1528568 infer_calls=383308 feedback_calls=383307 infer_wait=15436.596s infer_obs_pack=17.282s env_step=10635.395s feedback_total=72.172s feedback_obs_pack=24.072s feedback_info_pack=1.232s effective_fps=58.43
2026-09-28 05:23:42.830 | INFO     | plugrl_env_client.runner.rollout:log_timing_summary:98 - Intermediate rollout timing summary: env_steps=1528614 infer_calls=383309 feedback_calls=383308 infer_wait=15472.975s infer_obs_pack=17.249s env_step=10599.829s feedback_total=72.507s feedback_obs_pack=24.032s feedback_info_pack=1.274s effective_fps=58.43
2026-09-28 05:23:42.830 | INFO     | plugrl_env_client.runner.rollout:log_timing_summary:98 - Intermediate rollout timing summary: env_steps=1528542 infer_calls=383309 feedback_calls=383308 infer_wait=15446.534s infer_obs_pack=17.237s env_step=10626.647s feedback_total=72.070s feedback_obs_pack=23.895s feedback_info_pack=1.286s effective_fps=58.42
2026-09-28 05:26:01.266 | INFO     | plugrl_env_client.runner.rollout:log_timing_summary:98 - Intermediate rollout timing summary: env_steps=1531335 infer_calls=384002 feedback_calls=384001 infer_wait=15557.254s infer_obs_pack=17.311s env_step=10652.917s feedback_total=72.295s feedback_obs_pack=24.112s feedback_info_pack=1.234s effective_fps=58.23
2026-09-28 05:26:01.270 | INFO     | plugrl_env_client.runner.rollout:log_timing_summary:98 - Intermediate rollout timing summary: env_steps=1531369 infer_calls=384003 feedback_calls=384002 infer_wait=15593.768s infer_obs_pack=17.278s env_step=10617.212s feedback_total=72.634s feedback_obs_pack=24.072s feedback_info_pack=1.276s effective_fps=58.22
2026-09-28 05:26:01.273 | INFO     | plugrl_env_client.runner.rollout:log_timing_summary:98 - Intermediate rollout timing summary: env_steps=1531309 infer_calls=384003 feedback_calls=384002 infer_wait=15567.175s infer_obs_pack=17.266s env_step=10644.191s feedback_total=72.197s feedback_obs_pack=23.935s feedback_info_pack=1.288s effective_fps=58.22
2026-09-28 05:26:31.272 | INFO     | plugrl_env_client.runner.rollout:log_timing_summary:98 - Intermediate rollout timing summary: env_steps=1534679 infer_calls=384840 feedback_calls=384839 infer_wait=15565.406s infer_obs_pack=17.346s env_step=10674.457s feedback_total=72.447s feedback_obs_pack=24.160s feedback_info_pack=1.236s effective_fps=58.29
2026-09-28 05:26:31.274 | INFO     | plugrl_env_client.runner.rollout:log_timing_summary:98 - Intermediate rollout timing summary: env_steps=1534717 infer_calls=384841 feedback_calls=384840 infer_wait=15602.341s infer_obs_pack=17.313s env_step=10638.332s feedback_total=72.789s feedback_obs_pack=24.121s feedback_info_pack=1.279s effective_fps=58.29
2026-09-28 05:26:31.296 | INFO     | plugrl_env_client.runner.rollout:log_timing_summary:98 - Intermediate rollout timing summary: env_steps=1534657 infer_calls=384842 feedback_calls=384841 infer_wait=15575.348s infer_obs_pack=17.301s env_step=10665.732s feedback_total=72.351s feedback_obs_pack=23.984s feedback_info_pack=1.291s effective_fps=58.28
2026-09-28 05:27:01.276 | INFO     | plugrl_env_client.runner.rollout:log_timing_summary:98 - Intermediate rollout timing summary: env_steps=1537966 infer_calls=385665 feedback_calls=385664 infer_wait=15574.045s infer_obs_pack=17.380s env_step=10695.514s feedback_total=72.597s feedback_obs_pack=24.208s feedback_info_pack=1.239s effective_fps=58.35
2026-09-28 05:27:01.278 | INFO     | plugrl_env_client.runner.rollout:log_timing_summary:98 - Intermediate rollout timing summary: env_steps=1538010 infer_calls=385666 feedback_calls=385665 infer_wait=15610.809s infer_obs_pack=17.347s env_step=10659.559s feedback_total=72.934s feedback_obs_pack=24.169s feedback_info_pack=1.282s effective_fps=58.34
2026-09-28 05:27:01.309 | INFO     | plugrl_env_client.runner.rollout:log_timing_summary:98 - Intermediate rollout timing summary: env_steps=1537946 infer_calls=385667 feedback_calls=385666 infer_wait=15583.842s infer_obs_pack=17.335s env_step=10686.951s feedback_total=72.497s feedback_obs_pack=24.031s feedback_info_pack=1.294s effective_fps=58.34
2026-09-28 05:27:31.279 | INFO     | plugrl_env_client.runner.rollout:log_timing_summary:98 - Intermediate rollout timing summary: env_steps=1541274 infer_calls=386495 feedback_calls=386494 infer_wait=15582.796s infer_obs_pack=17.414s env_step=10716.453s feedback_total=72.747s feedback_obs_pack=24.256s feedback_info_pack=1.241s effective_fps=58.41
2026-09-28 05:27:31.279 | INFO     | plugrl_env_client.runner.rollout:log_timing_summary:98 - Intermediate rollout timing summary: env_steps=1541323 infer_calls=386496 feedback_calls=386495 infer_wait=15619.126s infer_obs_pack=17.384s env_step=10680.928s feedback_total=73.089s feedback_obs_pack=24.218s feedback_info_pack=1.284s effective_fps=58.40
2026-09-28 05:27:31.311 | INFO     | plugrl_env_client.runner.rollout:log_timing_summary:98 - Intermediate rollout timing summary: env_steps=1541254 infer_calls=386497 feedback_calls=386496 infer_wait=15592.197s infer_obs_pack=17.370s env_step=10708.295s feedback_total=72.642s feedback_obs_pack=24.078s feedback_info_pack=1.296s effective_fps=58.40
2026-09-28 05:28:01.280 | INFO     | plugrl_env_client.runner.rollout:log_timing_summary:98 - Intermediate rollout timing summary: env_steps=1544562 infer_calls=387307 feedback_calls=387307 infer_wait=15628.107s infer_obs_pack=17.418s env_step=10701.643s feedback_total=73.243s feedback_obs_pack=24.268s feedback_info_pack=1.287s effective_fps=58.46
2026-09-28 05:28:01.291 | INFO     | plugrl_env_client.runner.rollout:log_timing_summary:98 - Intermediate rollout timing summary: env_steps=1544508 infer_calls=387307 feedback_calls=387306 infer_wait=15591.527s infer_obs_pack=17.448s env_step=10737.432s feedback_total=72.890s feedback_obs_pack=24.304s feedback_info_pack=1.244s effective_fps=58.46
2026-09-28 05:28:01.315 | INFO     | plugrl_env_client.runner.rollout:log_timing_summary:98 - Intermediate rollout timing summary: env_steps=1544494 infer_calls=387308 feedback_calls=387307 infer_wait=15600.256s infer_obs_pack=17.404s env_step=10729.947s feedback_total=72.786s feedback_obs_pack=24.125s feedback_info_pack=1.299s effective_fps=58.46
2026-09-28 05:30:21.258 | INFO     | plugrl_env_client.runner.rollout:log_timing_summary:98 - Intermediate rollout timing summary: env_steps=1547339 infer_calls=388003 feedback_calls=388002 infer_wait=15750.298s infer_obs_pack=17.447s env_step=10719.175s feedback_total=73.367s feedback_obs_pack=24.310s feedback_info_pack=1.289s effective_fps=58.26
2026-09-28 05:30:21.266 | INFO     | plugrl_env_client.runner.rollout:log_timing_summary:98 - Intermediate rollout timing summary: env_steps=1547277 infer_calls=388002 feedback_calls=388001 infer_wait=15713.681s infer_obs_pack=17.477s env_step=10754.990s feedback_total=73.018s feedback_obs_pack=24.344s feedback_info_pack=1.246s effective_fps=58.26
2026-09-28 05:30:21.269 | INFO     | plugrl_env_client.runner.rollout:log_timing_summary:98 - Intermediate rollout timing summary: env_steps=1547258 infer_calls=388003 feedback_calls=388002 infer_wait=15722.527s infer_obs_pack=17.432s env_step=10747.373s feedback_total=72.909s feedback_obs_pack=24.167s feedback_info_pack=1.301s effective_fps=58.25
2026-09-28 05:30:51.259 | INFO     | plugrl_env_client.runner.rollout:log_timing_summary:98 - Intermediate rollout timing summary: env_steps=1550681 infer_calls=388843 feedback_calls=388842 infer_wait=15758.610s infer_obs_pack=17.482s env_step=10740.551s feedback_total=73.521s feedback_obs_pack=24.360s feedback_info_pack=1.292s effective_fps=58.32
2026-09-28 05:30:51.269 | INFO     | plugrl_env_client.runner.rollout:log_timing_summary:98 - Intermediate rollout timing summary: env_steps=1550625 infer_calls=388842 feedback_calls=388841 infer_wait=15722.009s infer_obs_pack=17.512s env_step=10776.351s feedback_total=73.171s feedback_obs_pack=24.392s feedback_info_pack=1.248s effective_fps=58.32
2026-09-28 05:30:51.270 | INFO     | plugrl_env_client.runner.rollout:log_timing_summary:98 - Intermediate rollout timing summary: env_steps=1550603 infer_calls=388843 feedback_calls=388842 infer_wait=15731.046s infer_obs_pack=17.467s env_step=10768.547s feedback_total=73.058s feedback_obs_pack=24.215s feedback_info_pack=1.304s effective_fps=58.32
2026-09-28 05:31:21.262 | INFO     | plugrl_env_client.runner.rollout:log_timing_summary:98 - Intermediate rollout timing summary: env_steps=1553957 infer_calls=389663 feedback_calls=389662 infer_wait=15767.012s infer_obs_pack=17.516s env_step=10761.844s feedback_total=73.676s feedback_obs_pack=24.407s feedback_info_pack=1.294s effective_fps=58.38
2026-09-28 05:31:21.273 | INFO     | plugrl_env_client.runner.rollout:log_timing_summary:98 - Intermediate rollout timing summary: env_steps=1553888 infer_calls=389662 feedback_calls=389662 infer_wait=15730.514s infer_obs_pack=17.547s env_step=10797.531s feedback_total=73.324s feedback_obs_pack=24.439s feedback_info_pack=1.251s effective_fps=58.38
2026-09-28 05:31:21.274 | INFO     | plugrl_env_client.runner.rollout:log_timing_summary:98 - Intermediate rollout timing summary: env_steps=1553866 infer_calls=389663 feedback_calls=389663 infer_wait=15739.741s infer_obs_pack=17.504s env_step=10789.542s feedback_total=73.209s feedback_obs_pack=24.263s feedback_info_pack=1.306s effective_fps=58.37
2026-09-28 05:31:51.265 | INFO     | plugrl_env_client.runner.rollout:log_timing_summary:98 - Intermediate rollout timing summary: env_steps=1557281 infer_calls=390497 feedback_calls=390497 infer_wait=15775.643s infer_obs_pack=17.551s env_step=10782.907s feedback_total=73.826s feedback_obs_pack=24.455s feedback_info_pack=1.297s effective_fps=58.43
2026-09-28 05:31:51.280 | INFO     | plugrl_env_client.runner.rollout:log_timing_summary:98 - Intermediate rollout timing summary: env_steps=1557215 infer_calls=390497 feedback_calls=390496 infer_wait=15738.822s infer_obs_pack=17.581s env_step=10818.918s feedback_total=73.476s feedback_obs_pack=24.491s feedback_info_pack=1.253s effective_fps=58.43
2026-09-28 05:31:51.283 | INFO     | plugrl_env_client.runner.rollout:log_timing_summary:98 - Intermediate rollout timing summary: env_steps=1557191 infer_calls=390498 feedback_calls=390497 infer_wait=15748.310s infer_obs_pack=17.540s env_step=10810.664s feedback_total=73.357s feedback_obs_pack=24.310s feedback_info_pack=1.309s effective_fps=58.43
2026-09-28 05:32:21.278 | INFO     | plugrl_env_client.runner.rollout:log_timing_summary:98 - Intermediate rollout timing summary: env_steps=1560578 infer_calls=391324 feedback_calls=391323 infer_wait=15784.178s infer_obs_pack=17.585s env_step=10804.077s feedback_total=73.975s feedback_obs_pack=24.503s feedback_info_pack=1.299s effective_fps=58.49
2026-09-28 05:32:21.284 | INFO     | plugrl_env_client.runner.rollout:log_timing_summary:98 - Intermediate rollout timing summary: env_steps=1560479 infer_calls=391324 feedback_calls=391323 infer_wait=15756.801s infer_obs_pack=17.574s env_step=10831.865s feedback_total=73.507s feedback_obs_pack=24.358s feedback_info_pack=1.311s effective_fps=58.49
2026-09-28 05:32:21.287 | INFO     | plugrl_env_client.runner.rollout:log_timing_summary:98 - Intermediate rollout timing summary: env_steps=1560504 infer_calls=391323 feedback_calls=391322 infer_wait=15747.591s infer_obs_pack=17.616s env_step=10839.848s feedback_total=73.623s feedback_obs_pack=24.539s feedback_info_pack=1.256s effective_fps=58.49
2026-09-28 05:34:38.329 | INFO     | plugrl_env_client.runner.rollout:log_timing_summary:98 - Intermediate rollout timing summary: env_steps=1563285 infer_calls=392003 feedback_calls=392002 infer_wait=15903.974s infer_obs_pack=17.613s env_step=10821.083s feedback_total=74.097s feedback_obs_pack=24.542s feedback_info_pack=1.302s effective_fps=58.30
2026-09-28 05:34:38.329 | INFO     | plugrl_env_client.runner.rollout:log_timing_summary:98 - Intermediate rollout timing summary: env_steps=1563178 infer_calls=392003 feedback_calls=392002 infer_wait=15876.371s infer_obs_pack=17.602s env_step=10849.091s feedback_total=73.627s feedback_obs_pack=24.396s feedback_info_pack=1.313s effective_fps=58.29
2026-09-28 05:34:38.333 | INFO     | plugrl_env_client.runner.rollout:log_timing_summary:98 - Intermediate rollout timing summary: env_steps=1563207 infer_calls=392002 feedback_calls=392001 infer_wait=15867.341s infer_obs_pack=17.644s env_step=10856.883s feedback_total=73.745s feedback_obs_pack=24.578s feedback_info_pack=1.258s effective_fps=58.29
2026-09-28 05:35:08.335 | INFO     | plugrl_env_client.runner.rollout:log_timing_summary:98 - Intermediate rollout timing summary: env_steps=1566542 infer_calls=392838 feedback_calls=392837 infer_wait=15875.454s infer_obs_pack=17.679s env_step=10878.447s feedback_total=73.908s feedback_obs_pack=24.630s feedback_info_pack=1.260s effective_fps=58.35
2026-09-28 05:35:08.335 | INFO     | plugrl_env_client.runner.rollout:log_timing_summary:98 - Intermediate rollout timing summary: env_steps=1566616 infer_calls=392839 feedback_calls=392838 infer_wait=15912.343s infer_obs_pack=17.648s env_step=10842.401s feedback_total=74.255s feedback_obs_pack=24.591s feedback_info_pack=1.304s effective_fps=58.35
2026-09-28 05:35:08.336 | INFO     | plugrl_env_client.runner.rollout:log_timing_summary:98 - Intermediate rollout timing summary: env_steps=1566514 infer_calls=392839 feedback_calls=392838 infer_wait=15885.002s infer_obs_pack=17.637s env_step=10870.148s feedback_total=73.779s feedback_obs_pack=24.444s feedback_info_pack=1.316s effective_fps=58.35
2026-09-28 05:35:38.337 | INFO     | plugrl_env_client.runner.rollout:log_timing_summary:98 - Intermediate rollout timing summary: env_steps=1569810 infer_calls=393657 feedback_calls=393657 infer_wait=15883.807s infer_obs_pack=17.720s env_step=10899.781s feedback_total=74.053s feedback_obs_pack=24.676s feedback_info_pack=1.263s effective_fps=58.41
2026-09-28 05:35:38.338 | INFO     | plugrl_env_client.runner.rollout:log_timing_summary:98 - Intermediate rollout timing summary: env_steps=1569774 infer_calls=393658 feedback_calls=393658 infer_wait=15893.524s infer_obs_pack=17.671s env_step=10891.328s feedback_total=73.923s feedback_obs_pack=24.491s feedback_info_pack=1.319s effective_fps=58.41
2026-09-28 05:35:38.339 | INFO     | plugrl_env_client.runner.rollout:log_timing_summary:98 - Intermediate rollout timing summary: env_steps=1569883 infer_calls=393658 feedback_calls=393658 infer_wait=15921.161s infer_obs_pack=17.682s env_step=10863.289s feedback_total=74.399s feedback_obs_pack=24.638s feedback_info_pack=1.307s effective_fps=58.41
2026-09-28 05:36:08.340 | INFO     | plugrl_env_client.runner.rollout:log_timing_summary:98 - Intermediate rollout timing summary: env_steps=1573144 infer_calls=394477 feedback_calls=394477 infer_wait=15930.014s infer_obs_pack=17.716s env_step=10884.126s feedback_total=74.549s feedback_obs_pack=24.687s feedback_info_pack=1.309s effective_fps=58.47
2026-09-28 05:36:08.340 | INFO     | plugrl_env_client.runner.rollout:log_timing_summary:98 - Intermediate rollout timing summary: env_steps=1573041 infer_calls=394477 feedback_calls=394477 infer_wait=15901.889s infer_obs_pack=17.705s env_step=10912.668s feedback_total=74.067s feedback_obs_pack=24.538s feedback_info_pack=1.321s effective_fps=58.46
2026-09-28 05:36:08.340 | INFO     | plugrl_env_client.runner.rollout:log_timing_summary:98 - Intermediate rollout timing summary: env_steps=1573070 infer_calls=394476 feedback_calls=394476 infer_wait=15892.428s infer_obs_pack=17.754s env_step=10920.855s feedback_total=74.203s feedback_obs_pack=24.724s feedback_info_pack=1.265s effective_fps=58.47
2026-09-28 05:36:38.341 | INFO     | plugrl_env_client.runner.rollout:log_timing_summary:98 - Intermediate rollout timing summary: env_steps=1576433 infer_calls=395304 feedback_calls=395303 infer_wait=15938.892s infer_obs_pack=17.751s env_step=10904.940s feedback_total=74.697s feedback_obs_pack=24.734s feedback_info_pack=1.312s effective_fps=58.52
2026-09-28 05:36:38.341 | INFO     | plugrl_env_client.runner.rollout:log_timing_summary:98 - Intermediate rollout timing summary: env_steps=1576334 infer_calls=395304 feedback_calls=395303 infer_wait=15910.464s infer_obs_pack=17.740s env_step=10933.790s feedback_total=74.218s feedback_obs_pack=24.588s feedback_info_pack=1.324s effective_fps=58.52
2026-09-28 05:36:38.345 | INFO     | plugrl_env_client.runner.rollout:log_timing_summary:98 - Intermediate rollout timing summary: env_steps=1576368 infer_calls=395303 feedback_calls=395302 infer_wait=15900.189s infer_obs_pack=17.789s env_step=10942.792s feedback_total=74.350s feedback_obs_pack=24.772s feedback_info_pack=1.268s effective_fps=58.52
2026-09-28 05:38:56.779 | INFO     | plugrl_env_client.runner.rollout:log_timing_summary:98 - Intermediate rollout timing summary: env_steps=1579160 infer_calls=396002 feedback_calls=396001 infer_wait=16020.419s infer_obs_pack=17.818s env_step=10960.734s feedback_total=74.476s feedback_obs_pack=24.815s feedback_info_pack=1.270s effective_fps=58.33
2026-09-28 05:38:56.787 | INFO     | plugrl_env_client.runner.rollout:log_timing_summary:98 - Intermediate rollout timing summary: env_steps=1579221 infer_calls=396003 feedback_calls=396002 infer_wait=16059.403s infer_obs_pack=17.780s env_step=10922.616s feedback_total=74.821s feedback_obs_pack=24.775s feedback_info_pack=1.314s effective_fps=58.33
2026-09-28 05:38:56.787 | INFO     | plugrl_env_client.runner.rollout:log_timing_summary:98 - Intermediate rollout timing summary: env_steps=1579122 infer_calls=396003 feedback_calls=396002 infer_wait=16030.936s infer_obs_pack=17.769s env_step=10951.507s feedback_total=74.342s feedback_obs_pack=24.627s feedback_info_pack=1.326s effective_fps=58.32
2026-09-28 05:39:26.784 | INFO     | plugrl_env_client.runner.rollout:log_timing_summary:98 - Intermediate rollout timing summary: env_steps=1582600 infer_calls=396866 feedback_calls=396865 infer_wait=16029.043s infer_obs_pack=17.854s env_step=10981.793s feedback_total=74.629s feedback_obs_pack=24.864s feedback_info_pack=1.272s effective_fps=58.39
2026-09-28 05:39:26.791 | INFO     | plugrl_env_client.runner.rollout:log_timing_summary:98 - Intermediate rollout timing summary: env_steps=1582658 infer_calls=396867 feedback_calls=396866 infer_wait=16067.287s infer_obs_pack=17.815s env_step=10944.406s feedback_total=74.979s feedback_obs_pack=24.824s feedback_info_pack=1.317s effective_fps=58.39
2026-09-28 05:39:26.810 | INFO     | plugrl_env_client.runner.rollout:log_timing_summary:98 - Intermediate rollout timing summary: env_steps=1582567 infer_calls=396868 feedback_calls=396867 infer_wait=16039.140s infer_obs_pack=17.806s env_step=10973.010s feedback_total=74.497s feedback_obs_pack=24.676s feedback_info_pack=1.329s effective_fps=58.39
2026-09-28 05:39:56.787 | INFO     | plugrl_env_client.runner.rollout:log_timing_summary:98 - Intermediate rollout timing summary: env_steps=1586047 infer_calls=397730 feedback_calls=397730 infer_wait=16037.357s infer_obs_pack=17.890s env_step=11003.186s feedback_total=74.770s feedback_obs_pack=24.911s feedback_info_pack=1.275s effective_fps=58.45
2026-09-28 05:39:56.800 | INFO     | plugrl_env_client.runner.rollout:log_timing_summary:98 - Intermediate rollout timing summary: env_steps=1586111 infer_calls=397732 feedback_calls=397731 infer_wait=16075.047s infer_obs_pack=17.851s env_step=10966.358s feedback_total=75.126s feedback_obs_pack=24.872s feedback_info_pack=1.320s effective_fps=58.45
2026-09-28 05:39:56.814 | INFO     | plugrl_env_client.runner.rollout:log_timing_summary:98 - Intermediate rollout timing summary: env_steps=1585999 infer_calls=397732 feedback_calls=397732 infer_wait=16047.751s infer_obs_pack=17.842s env_step=10994.093s feedback_total=74.643s feedback_obs_pack=24.724s feedback_info_pack=1.331s effective_fps=58.45
2026-09-28 05:40:26.789 | INFO     | plugrl_env_client.runner.rollout:log_timing_summary:98 - Intermediate rollout timing summary: env_steps=1589495 infer_calls=398597 feedback_calls=398596 infer_wait=16046.068s infer_obs_pack=17.925s env_step=11024.168s feedback_total=74.918s feedback_obs_pack=24.959s feedback_info_pack=1.277s effective_fps=58.52
2026-09-28 05:40:26.808 | INFO     | plugrl_env_client.runner.rollout:log_timing_summary:98 - Intermediate rollout timing summary: env_steps=1589574 infer_calls=398599 feedback_calls=398598 infer_wait=16083.287s infer_obs_pack=17.887s env_step=10987.823s feedback_total=75.274s feedback_obs_pack=24.922s feedback_info_pack=1.322s effective_fps=58.52
2026-09-28 05:40:26.818 | INFO     | plugrl_env_client.runner.rollout:log_timing_summary:98 - Intermediate rollout timing summary: env_steps=1589452 infer_calls=398599 feedback_calls=398598 infer_wait=16055.659s infer_obs_pack=17.877s env_step=11015.887s feedback_total=74.791s feedback_obs_pack=24.773s feedback_info_pack=1.334s effective_fps=58.51
2026-09-28 05:40:56.817 | INFO     | plugrl_env_client.runner.rollout:log_timing_summary:98 - Intermediate rollout timing summary: env_steps=1592914 infer_calls=399454 feedback_calls=399453 infer_wait=16053.944s infer_obs_pack=17.961s env_step=11046.016s feedback_total=75.066s feedback_obs_pack=25.007s feedback_info_pack=1.280s effective_fps=58.58
2026-09-28 05:40:56.817 | INFO     | plugrl_env_client.runner.rollout:log_timing_summary:98 - Intermediate rollout timing summary: env_steps=1592981 infer_calls=399455 feedback_calls=399454 infer_wait=16091.815s infer_obs_pack=17.922s env_step=11008.998s feedback_total=75.424s feedback_obs_pack=24.970s feedback_info_pack=1.325s effective_fps=58.58
2026-09-28 05:40:56.819 | INFO     | plugrl_env_client.runner.rollout:log_timing_summary:98 - Intermediate rollout timing summary: env_steps=1592866 infer_calls=399455 feedback_calls=399454 infer_wait=16064.210s infer_obs_pack=17.913s env_step=11037.038s feedback_total=74.938s feedback_obs_pack=24.821s feedback_info_pack=1.336s effective_fps=58.57
2026-09-28 05:43:07.423 | INFO     | plugrl_env_client.runner.rollout:log_timing_summary:98 - Final rollout timing summary: env_steps=1595160 infer_calls=400001 feedback_calls=400001 infer_wait=16096.668s infer_obs_pack=17.945s env_step=11022.885s feedback_total=75.524s feedback_obs_pack=25.002s feedback_info_pack=1.327s effective_fps=58.62
2026-09-28 05:43:07.423 | INFO     | plugrl_env_client.runner.run:run:156 - Server signalled the end of the run; collection stopped after 5679/100000000 episodes.
2026-09-28 05:43:07.423 | INFO     | plugrl_env_client.runner.rollout:log_timing_summary:98 - Final rollout timing summary: env_steps=1595092 infer_calls=400000 feedback_calls=400000 infer_wait=16059.399s infer_obs_pack=17.984s env_step=11059.306s feedback_total=75.163s feedback_obs_pack=25.038s feedback_info_pack=1.281s effective_fps=58.62
Created environment with name NutAssemblySquare
Action size is 7
2026-09-28 05:43:07.423 | INFO     | plugrl_env_client.runner.run:run:156 - Server signalled the end of the run; collection stopped after 5651/100000000 episodes.
2026-09-28 05:43:07.424 | INFO     | plugrl_env_client.runner.rollout:log_timing_summary:98 - Final rollout timing summary: env_steps=1595046 infer_calls=400001 feedback_calls=400001 infer_wait=16069.590s infer_obs_pack=17.936s env_step=11050.402s feedback_total=75.035s feedback_obs_pack=24.851s feedback_info_pack=1.338s effective_fps=58.61
2026-09-28 05:43:07.424 | INFO     | plugrl_env_client.runner.run:run:156 - Server signalled the end of the run; collection stopped after 5671/100000000 episodes.
Created environment with name NutAssemblySquare
Action size is 7
Created environment with name NutAssemblySquare
Action size is 7
Exception ignored in: <function MjRenderContext.__del__ at 0x7971babc1300>
Traceback (most recent call last):
  File "/home/guangzhao/zuogou/plugrl/plugrl-env-client/.venv-robomimic/lib/python3.11/site-packages/robosuite/utils/binding_utils.py", line 199, in __del__
    self.gl_ctx.free()
  File "/home/guangzhao/zuogou/plugrl/plugrl-env-client/.venv-robomimic/lib/python3.11/site-packages/robosuite/renderers/context/egl_context.py", line 149, in free
    EGL.eglMakeCurrent(EGL_DISPLAY, EGL.EGL_NO_SURFACE, EGL.EGL_NO_SURFACE, EGL.EGL_NO_CONTEXT)
  File "/home/guangzhao/zuogou/plugrl/plugrl-env-client/.venv-robomimic/lib/python3.11/site-packages/OpenGL/error.py", line 228, in glCheckError
    raise GLError(
Exception ignored in: <function MjRenderContext.__del__ at 0x7a55f61ad300>
Traceback (most recent call last):
  File "/home/guangzhao/zuogou/plugrl/plugrl-env-client/.venv-robomimic/lib/python3.11/site-packages/robosuite/utils/binding_utils.py", line 199, in __del__
    self.gl_ctx.free()
  File "/home/guangzhao/zuogou/plugrl/plugrl-env-client/.venv-robomimic/lib/python3.11/site-packages/robosuite/renderers/context/egl_context.py", line 149, in free
    EGL.eglMakeCurrent(EGL_DISPLAY, EGL.EGL_NO_SURFACE, EGL.EGL_NO_SURFACE, EGL.EGL_NO_CONTEXT)
  File "/home/guangzhao/zuogou/plugrl/plugrl-env-client/.venv-robomimic/lib/python3.11/site-packages/OpenGL/error.py", line 228, in glCheckError
    raise GLError(
Exception ignored in: <function MjRenderContext.__del__ at 0x730d0cbb9300>
Traceback (most recent call last):
  File "/home/guangzhao/zuogou/plugrl/plugrl-env-client/.venv-robomimic/lib/python3.11/site-packages/robosuite/utils/binding_utils.py", line 199, in __del__
    self.gl_ctx.free()
  File "/home/guangzhao/zuogou/plugrl/plugrl-env-client/.venv-robomimic/lib/python3.11/site-packages/robosuite/renderers/context/egl_context.py", line 149, in free
    EGL.eglMakeCurrent(EGL_DISPLAY, EGL.EGL_NO_SURFACE, EGL.EGL_NO_SURFACE, EGL.EGL_NO_CONTEXT)
  File "/home/guangzhao/zuogou/plugrl/plugrl-env-client/.venv-robomimic/lib/python3.11/site-packages/OpenGL/error.py", line 228, in glCheckError
    raise GLError(
OpenGL.error.GLError: GLError(
	err = 12289,
	baseOperation = eglMakeCurrent,
	cArguments = (
		<OpenGL._opaque.EGLDisplay_pointer object at 0x7971913aa4e0>,
		<OpenGL._opaque.EGLSurface_pointer object at 0x7971bf5796d0>,
		<OpenGL._opaque.EGLSurface_pointer object at 0x7971bf5796d0>,
		<OpenGL._opaque.EGLContext_pointer object at 0x7971bf5795b0>,
	),
	result = 0
)
Exception ignored in: <function EGLGLContext.__del__ at 0x7971babc11c0>
Traceback (most recent call last):
  File "/home/guangzhao/zuogou/plugrl/plugrl-env-client/.venv-robomimic/lib/python3.11/site-packages/robosuite/renderers/context/egl_context.py", line 155, in __del__
    self.free()
  File "/home/guangzhao/zuogou/plugrl/plugrl-env-client/.venv-robomimic/lib/python3.11/site-packages/robosuite/renderers/context/egl_context.py", line 149, in free
    EGL.eglMakeCurrent(EGL_DISPLAY, EGL.EGL_NO_SURFACE, EGL.EGL_NO_SURFACE, EGL.EGL_NO_CONTEXT)
  File "/home/guangzhao/zuogou/plugrl/plugrl-env-client/.venv-robomimic/lib/python3.11/site-packages/OpenGL/error.py", line 228, in glCheckError
    raise GLError(
OpenGL.error.GLError: GLError(
	err = 12289,
	baseOperation = eglMakeCurrent,
	cArguments = (
		<OpenGL._opaque.EGLDisplay_pointer object at 0x7971913aa4e0>,
		<OpenGL._opaque.EGLSurface_pointer object at 0x7971bf5796d0>,
		<OpenGL._opaque.EGLSurface_pointer object at 0x7971bf5796d0>,
		<OpenGL._opaque.EGLContext_pointer object at 0x7971bf5795b0>,
	),
	result = 0
)
OpenGL.error.GLError: GLError(
	err = 12289,
	baseOperation = eglMakeCurrent,
	cArguments = (
		<OpenGL._opaque.EGLDisplay_pointer object at 0x7a55cc6964e0>,
		<OpenGL._opaque.EGLSurface_pointer object at 0x7a55fab656d0>,
		<OpenGL._opaque.EGLSurface_pointer object at 0x7a55fab656d0>,
		<OpenGL._opaque.EGLContext_pointer object at 0x7a55fab655b0>,
	),
	result = 0
)
Exception ignored in: <function EGLGLContext.__del__ at 0x7a55f61ad1c0>
Traceback (most recent call last):
  File "/home/guangzhao/zuogou/plugrl/plugrl-env-client/.venv-robomimic/lib/python3.11/site-packages/robosuite/renderers/context/egl_context.py", line 155, in __del__
    self.free()
  File "/home/guangzhao/zuogou/plugrl/plugrl-env-client/.venv-robomimic/lib/python3.11/site-packages/robosuite/renderers/context/egl_context.py", line 149, in free
    EGL.eglMakeCurrent(EGL_DISPLAY, EGL.EGL_NO_SURFACE, EGL.EGL_NO_SURFACE, EGL.EGL_NO_CONTEXT)
  File "/home/guangzhao/zuogou/plugrl/plugrl-env-client/.venv-robomimic/lib/python3.11/site-packages/OpenGL/error.py", line 228, in glCheckError
    raise GLError(
OpenGL.error.GLError: GLError(
	err = 12289,
	baseOperation = eglMakeCurrent,
	cArguments = (
		<OpenGL._opaque.EGLDisplay_pointer object at 0x7a55cc6964e0>,
		<OpenGL._opaque.EGLSurface_pointer object at 0x7a55fab656d0>,
		<OpenGL._opaque.EGLSurface_pointer object at 0x7a55fab656d0>,
		<OpenGL._opaque.EGLContext_pointer object at 0x7a55fab655b0>,
	),
	result = 0
)
OpenGL.error.GLError: GLError(
	err = 12289,
	baseOperation = eglMakeCurrent,
	cArguments = (
		<OpenGL._opaque.EGLDisplay_pointer object at 0x730ce33a24e0>,
		<OpenGL._opaque.EGLSurface_pointer object at 0x730d115756d0>,
		<OpenGL._opaque.EGLSurface_pointer object at 0x730d115756d0>,
		<OpenGL._opaque.EGLContext_pointer object at 0x730d115755b0>,
	),
	result = 0
)
Exception ignored in: <function EGLGLContext.__del__ at 0x730d0cbb91c0>
Traceback (most recent call last):
  File "/home/guangzhao/zuogou/plugrl/plugrl-env-client/.venv-robomimic/lib/python3.11/site-packages/robosuite/renderers/context/egl_context.py", line 155, in __del__
    self.free()
  File "/home/guangzhao/zuogou/plugrl/plugrl-env-client/.venv-robomimic/lib/python3.11/site-packages/robosuite/renderers/context/egl_context.py", line 149, in free
    EGL.eglMakeCurrent(EGL_DISPLAY, EGL.EGL_NO_SURFACE, EGL.EGL_NO_SURFACE, EGL.EGL_NO_CONTEXT)
  File "/home/guangzhao/zuogou/plugrl/plugrl-env-client/.venv-robomimic/lib/python3.11/site-packages/OpenGL/error.py", line 228, in glCheckError
    raise GLError(
OpenGL.error.GLError: GLError(
	err = 12289,
	baseOperation = eglMakeCurrent,
	cArguments = (
		<OpenGL._opaque.EGLDisplay_pointer object at 0x730ce33a24e0>,
		<OpenGL._opaque.EGLSurface_pointer object at 0x730d115756d0>,
		<OpenGL._opaque.EGLSurface_pointer object at 0x730d115756d0>,
		<OpenGL._opaque.EGLContext_pointer object at 0x730d115755b0>,
	),
	result = 0
)
