
╭──────────────────────────────────────────────────────────────────────────────────────────────────────────────────────╮
├──────────────────────────────────────────────────── Metric Table ────────────────────────────────────────────────────┤
│ Global Step:    1/100 │ Progress: ░░░░░░░░░░░░░░░░░░░░░░░░░░░░░░░░░░░░░░░░ │   1.0%                                  │
│ Elapsed: 00:21 │ ETA: 35:17 │ Step Time: 21.385s                                                                     │
├──────────────────────────────────────────────────────── Time ────────────────────────────────────────────────────────┤
│                                                                                                                      │
│actor/actor/compute_adv=0.041          │actor/actor/recv_traj=20.265           │actor/actor/sync_model_to_rollout=0.0…│
│actor/run_training=0.883               │actor_training=0.885                   │cal_adv_and_returns=0.043             │
│env/env/bootstrap_step=6.74e-04        │env/env_interact_step=15.906           │env/interact=20.225                   │
│env/run_interact_once=20.224           │generate_rollouts=20.285               │rollout/generate_one_epoch=20.227     │
│rollout/predict=0.413                  │rollout/rollout/generate=20.229        │rollout/sync_model_from_actor=0.150   │
│step=21.367                            │sync_weights=0.154                     │                                      │
│                                                                                                                      │
├──────────────────────────────────────────────────── Environment ─────────────────────────────────────────────────────┤
│                                                                                                                      │
│num_trajectories=0                     │                                       │                                      │
│                                                                                                                      │
├────────────────────────────────────────────────────── Rollout ───────────────────────────────────────────────────────┤
│                                                                                                                      │
│advantages_max=3.028                   │advantages_mean=-2.98e-08              │advantages_min=-3.039                 │
│returns_max=9.585                      │returns_mean=-4.598                    │returns_min=-18.419                   │
│rewards=-0.291                         │                                       │                                      │
│                                                                                                                      │
├─────────────────────────────────────────────────── Training/Actor ───────────────────────────────────────────────────┤
│                                                                                                                      │
│actor/approx_kl=0.0064                 │actor/clip_fraction=0.061              │actor/clipped_ratio=0.999             │
│actor/dual_cliped_ratio=0.0000         │actor/entropy_loss=0.0000              │actor/grad_norm=3.825                 │
│actor/lr=3.00e-04                      │actor/policy_loss=-0.018               │actor/policy_loss_abs=0.797           │
│actor/ratio=1.001                      │actor/ratio_abs=0.089                  │actor/total_loss=5.096                │
│                                                                                                                      │
├────────────────────────────────────────────────── Training/Critic ───────────────────────────────────────────────────┤
│                                                                                                                      │
│critic/explained_variance=0.022        │critic/lr=3.00e-04                     │critic/value_clip_ratio=0.0051        │
│critic/value_loss=20.403               │                                       │                                      │
│                                                                                                                      │
╰──────────────────────────────────────────────────────────────────────────────────────────────────────────────────────╯


╭──────────────────────────────────────────────────────────────────────────────────────────────────────────────────────╮
├──────────────────────────────────────────────────── Metric Table ────────────────────────────────────────────────────┤
│ Global Step:    2/100 │ Progress: ░░░░░░░░░░░░░░░░░░░░░░░░░░░░░░░░░░░░░░░░ │   2.0%                                  │
│ Elapsed: 00:45 │ ETA: 36:57 │ Step Time: 22.627s                                                                     │
├──────────────────────────────────────────────────────── Time ────────────────────────────────────────────────────────┤
│                                                                                                                      │
│actor/actor/compute_adv=0.0076         │actor/actor/recv_traj=23.042           │actor/actor/sync_model_to_rollout=0.0…│
│actor/run_training=0.592               │actor_training=0.594                   │cal_adv_and_returns=0.0099            │
│env/env/bootstrap_step=3.99e-04        │env/env_interact_step=18.053           │env/interact=23.030                   │
│env/run_interact_once=23.030           │generate_rollouts=23.054               │rollout/generate_one_epoch=23.034     │
│rollout/predict=0.281                  │rollout/rollout/generate=23.034        │rollout/sync_model_from_actor=0.195   │
│step=23.855                            │sync_weights=0.196                     │                                      │
│                                                                                                                      │
├──────────────────────────────────────────────────── Environment ─────────────────────────────────────────────────────┤
│                                                                                                                      │
│num_trajectories=0                     │                                       │                                      │
│                                                                                                                      │
├────────────────────────────────────────────────────── Rollout ───────────────────────────────────────────────────────┤
│                                                                                                                      │
│advantages_max=2.853                   │advantages_mean=2.24e-08               │advantages_min=-3.810                 │
│returns_max=8.739                      │returns_mean=-4.970                    │returns_min=-23.050                   │
│rewards=-0.305                         │                                       │                                      │
│                                                                                                                      │
├─────────────────────────────────────────────────── Training/Actor ───────────────────────────────────────────────────┤
│                                                                                                                      │
│actor/approx_kl=0.0085                 │actor/clip_fraction=0.060              │actor/clipped_ratio=0.996             │
│actor/dual_cliped_ratio=0.0000         │actor/entropy_loss=0.0000              │actor/grad_norm=6.918                 │
│actor/lr=3.00e-04                      │actor/policy_loss=-0.015               │actor/policy_loss_abs=0.764           │
│actor/ratio=0.998                      │actor/ratio_abs=0.085                  │actor/total_loss=4.953                │
│                                                                                                                      │
├────────────────────────────────────────────────── Training/Critic ───────────────────────────────────────────────────┤
│                                                                                                                      │
│critic/explained_variance=0.077        │critic/lr=3.00e-04                     │critic/value_clip_ratio=0.134         │
│critic/value_loss=19.826               │                                       │                                      │
│                                                                                                                      │
╰──────────────────────────────────────────────────────────────────────────────────────────────────────────────────────╯


╭──────────────────────────────────────────────────────────────────────────────────────────────────────────────────────╮
├──────────────────────────────────────────────────── Metric Table ────────────────────────────────────────────────────┤
│ Global Step:    3/100 │ Progress: █░░░░░░░░░░░░░░░░░░░░░░░░░░░░░░░░░░░░░░░ │   3.0%                                  │
│ Elapsed: 01:07 │ ETA: 36:23 │ Step Time: 22.514s                                                                     │
├──────────────────────────────────────────────────────── Time ────────────────────────────────────────────────────────┤
│                                                                                                                      │
│actor/actor/compute_adv=0.0093         │actor/actor/recv_traj=21.552           │actor/actor/sync_model_to_rollout=0.0…│
│actor/run_training=0.586               │actor_training=0.588                   │cal_adv_and_returns=0.012             │
│env/env/bootstrap_step=3.73e-04        │env/env_interact_step=16.988           │env/interact=21.543                   │
│env/run_interact_once=21.543           │generate_rollouts=21.565               │rollout/generate_one_epoch=21.543     │
│rollout/predict=0.285                  │rollout/rollout/generate=21.544        │rollout/sync_model_from_actor=0.104   │
│step=22.272                            │sync_weights=0.106                     │                                      │
│                                                                                                                      │
├──────────────────────────────────────────────────── Environment ─────────────────────────────────────────────────────┤
│                                                                                                                      │
│num_trajectories=0                     │                                       │                                      │
│                                                                                                                      │
├────────────────────────────────────────────────────── Rollout ───────────────────────────────────────────────────────┤
│                                                                                                                      │
│advantages_max=2.798                   │advantages_mean=-3.17e-08              │advantages_min=-3.630                 │
│returns_max=9.543                      │returns_mean=-4.620                    │returns_min=-21.979                   │
│rewards=-0.237                         │                                       │                                      │
│                                                                                                                      │
├─────────────────────────────────────────────────── Training/Actor ───────────────────────────────────────────────────┤
│                                                                                                                      │
│actor/approx_kl=0.0041                 │actor/clip_fraction=0.045              │actor/clipped_ratio=1.000             │
│actor/dual_cliped_ratio=0.0000         │actor/entropy_loss=0.0000              │actor/grad_norm=9.495                 │
│actor/lr=3.00e-04                      │actor/policy_loss=-0.014               │actor/policy_loss_abs=0.822           │
│actor/ratio=1.001                      │actor/ratio_abs=0.075                  │actor/total_loss=3.757                │
│                                                                                                                      │
├────────────────────────────────────────────────── Training/Critic ───────────────────────────────────────────────────┤
│                                                                                                                      │
│critic/explained_variance=0.197        │critic/lr=3.00e-04                     │critic/value_clip_ratio=0.379         │
│critic/value_loss=15.043               │                                       │                                      │
│                                                                                                                      │
╰──────────────────────────────────────────────────────────────────────────────────────────────────────────────────────╯


╭──────────────────────────────────────────────────────────────────────────────────────────────────────────────────────╮
├──────────────────────────────────────────────────── Metric Table ────────────────────────────────────────────────────┤
│ Global Step:    4/100 │ Progress: █░░░░░░░░░░░░░░░░░░░░░░░░░░░░░░░░░░░░░░░ │   4.0%                                  │
│ Elapsed: 01:29 │ ETA: 35:37 │ Step Time: 22.262s                                                                     │
├──────────────────────────────────────────────────────── Time ────────────────────────────────────────────────────────┤
│                                                                                                                      │
│actor/actor/compute_adv=0.010          │actor/actor/recv_traj=20.777           │actor/actor/sync_model_to_rollout=0.0…│
│actor/run_training=0.574               │actor_training=0.576                   │cal_adv_and_returns=0.012             │
│env/env/bootstrap_step=3.73e-04        │env/env_interact_step=16.130           │env/interact=20.760                   │
│env/run_interact_once=20.760           │generate_rollouts=20.791               │rollout/generate_one_epoch=20.765     │
│rollout/predict=0.270                  │rollout/rollout/generate=20.765        │rollout/sync_model_from_actor=0.106   │
│step=21.488                            │sync_weights=0.108                     │                                      │
│                                                                                                                      │
├──────────────────────────────────────────────────── Environment ─────────────────────────────────────────────────────┤
│                                                                                                                      │
│episode_len=1000.0                     │num_trajectories=16                    │return=-274.37198                     │
│reward=-0.274372                       │                                       │                                      │
│                                                                                                                      │
├────────────────────────────────────────────────────── Rollout ───────────────────────────────────────────────────────┤
│                                                                                                                      │
│advantages_max=3.088                   │advantages_mean=0.0000                 │advantages_min=-3.770                 │
│returns_max=9.948                      │returns_mean=-6.221                    │returns_min=-24.110                   │
│rewards=-0.273                         │                                       │                                      │
│                                                                                                                      │
├─────────────────────────────────────────────────── Training/Actor ───────────────────────────────────────────────────┤
│                                                                                                                      │
│actor/approx_kl=0.0079                 │actor/clip_fraction=0.048              │actor/clipped_ratio=0.997             │
│actor/dual_cliped_ratio=0.0000         │actor/entropy_loss=0.0000              │actor/grad_norm=14.804                │
│actor/lr=3.00e-04                      │actor/policy_loss=-0.012               │actor/policy_loss_abs=0.765           │
│actor/ratio=0.998                      │actor/ratio_abs=0.078                  │actor/total_loss=3.937                │
│                                                                                                                      │
├────────────────────────────────────────────────── Training/Critic ───────────────────────────────────────────────────┤
│                                                                                                                      │
│critic/explained_variance=0.229        │critic/lr=3.00e-04                     │critic/value_clip_ratio=0.334         │
│critic/value_loss=15.760               │                                       │                                      │
│                                                                                                                      │
╰──────────────────────────────────────────────────────────────────────────────────────────────────────────────────────╯


╭──────────────────────────────────────────────────────────────────────────────────────────────────────────────────────╮
├──────────────────────────────────────────────────── Metric Table ────────────────────────────────────────────────────┤
│ Global Step:    5/100 │ Progress: ██░░░░░░░░░░░░░░░░░░░░░░░░░░░░░░░░░░░░░░ │   5.0%                                  │
│ Elapsed: 01:50 │ ETA: 35:00 │ Step Time: 22.106s                                                                     │
├──────────────────────────────────────────────────────── Time ────────────────────────────────────────────────────────┤
│                                                                                                                      │
│actor/actor/compute_adv=0.0064         │actor/actor/recv_traj=20.745           │actor/actor/sync_model_to_rollout=0.0…│
│actor/run_training=0.590               │actor_training=0.593                   │cal_adv_and_returns=0.0078            │
│env/env/bootstrap_step=4.46e-04        │env/env_interact_step=15.944           │env/interact=20.734                   │
│env/run_interact_once=20.734           │generate_rollouts=20.758               │rollout/generate_one_epoch=20.734     │
│rollout/predict=0.283                  │rollout/rollout/generate=20.735        │rollout/sync_model_from_actor=0.104   │
│step=21.465                            │sync_weights=0.107                     │                                      │
│                                                                                                                      │
├──────────────────────────────────────────────────── Environment ─────────────────────────────────────────────────────┤
│                                                                                                                      │
│num_trajectories=0                     │                                       │                                      │
│                                                                                                                      │
├────────────────────────────────────────────────────── Rollout ───────────────────────────────────────────────────────┤
│                                                                                                                      │
│advantages_max=3.550                   │advantages_mean=1.12e-08               │advantages_min=-3.617                 │
│returns_max=14.280                     │returns_mean=-5.396                    │returns_min=-22.949                   │
│rewards=-0.176                         │                                       │                                      │
│                                                                                                                      │
├─────────────────────────────────────────────────── Training/Actor ───────────────────────────────────────────────────┤
│                                                                                                                      │
│actor/approx_kl=0.0087                 │actor/clip_fraction=0.050              │actor/clipped_ratio=0.996             │
│actor/dual_cliped_ratio=0.0000         │actor/entropy_loss=0.0000              │actor/grad_norm=15.653                │
│actor/lr=3.00e-04                      │actor/policy_loss=-0.012               │actor/policy_loss_abs=0.792           │
│actor/ratio=0.998                      │actor/ratio_abs=0.082                  │actor/total_loss=3.059                │
│                                                                                                                      │
├────────────────────────────────────────────────── Training/Critic ───────────────────────────────────────────────────┤
│                                                                                                                      │
│critic/explained_variance=0.266        │critic/lr=3.00e-04                     │critic/value_clip_ratio=0.293         │
│critic/value_loss=12.248               │                                       │                                      │
│                                                                                                                      │
╰──────────────────────────────────────────────────────────────────────────────────────────────────────────────────────╯


╭──────────────────────────────────────────────────────────────────────────────────────────────────────────────────────╮
├──────────────────────────────────────────────────── Metric Table ────────────────────────────────────────────────────┤
│ Global Step:    6/100 │ Progress: ██░░░░░░░░░░░░░░░░░░░░░░░░░░░░░░░░░░░░░░ │   6.0%                                  │
│ Elapsed: 02:13 │ ETA: 34:44 │ Step Time: 22.180s                                                                     │
├──────────────────────────────────────────────────────── Time ────────────────────────────────────────────────────────┤
│                                                                                                                      │
│actor/actor/compute_adv=0.0070         │actor/actor/recv_traj=21.826           │actor/actor/sync_model_to_rollout=0.0…│
│actor/run_training=0.579               │actor_training=0.581                   │cal_adv_and_returns=0.0087            │
│env/env/bootstrap_step=3.65e-04        │env/env_interact_step=16.995           │env/interact=21.815                   │
│env/run_interact_once=21.815           │generate_rollouts=21.835               │rollout/generate_one_epoch=21.817     │
│rollout/predict=0.281                  │rollout/rollout/generate=21.817        │rollout/sync_model_from_actor=0.113   │
│step=22.540                            │sync_weights=0.115                     │                                      │
│                                                                                                                      │
├──────────────────────────────────────────────────── Environment ─────────────────────────────────────────────────────┤
│                                                                                                                      │
│num_trajectories=0                     │                                       │                                      │
│                                                                                                                      │
├────────────────────────────────────────────────────── Rollout ───────────────────────────────────────────────────────┤
│                                                                                                                      │
│advantages_max=2.728                   │advantages_mean=5.96e-08               │advantages_min=-3.519                 │
│returns_max=11.073                     │returns_mean=-6.886                    │returns_min=-24.330                   │
│rewards=-0.221                         │                                       │                                      │
│                                                                                                                      │
├─────────────────────────────────────────────────── Training/Actor ───────────────────────────────────────────────────┤
│                                                                                                                      │
│actor/approx_kl=0.0075                 │actor/clip_fraction=0.051              │actor/clipped_ratio=0.997             │
│actor/dual_cliped_ratio=0.0000         │actor/entropy_loss=0.0000              │actor/grad_norm=18.376                │
│actor/lr=3.00e-04                      │actor/policy_loss=-0.013               │actor/policy_loss_abs=0.795           │
│actor/ratio=0.999                      │actor/ratio_abs=0.078                  │actor/total_loss=3.569                │
│                                                                                                                      │
├────────────────────────────────────────────────── Training/Critic ───────────────────────────────────────────────────┤
│                                                                                                                      │
│critic/explained_variance=0.281        │critic/lr=3.00e-04                     │critic/value_clip_ratio=0.313         │
│critic/value_loss=14.289               │                                       │                                      │
│                                                                                                                      │
╰──────────────────────────────────────────────────────────────────────────────────────────────────────────────────────╯


╭──────────────────────────────────────────────────────────────────────────────────────────────────────────────────────╮
├──────────────────────────────────────────────────── Metric Table ────────────────────────────────────────────────────┤
│ Global Step:    7/100 │ Progress: ██░░░░░░░░░░░░░░░░░░░░░░░░░░░░░░░░░░░░░░ │   7.0%                                  │
│ Elapsed: 02:34 │ ETA: 34:08 │ Step Time: 22.030s                                                                     │
├──────────────────────────────────────────────────────── Time ────────────────────────────────────────────────────────┤
│                                                                                                                      │
│actor/actor/compute_adv=0.0074         │actor/actor/recv_traj=20.401           │actor/actor/sync_model_to_rollout=0.0…│
│actor/run_training=0.588               │actor_training=0.590                   │cal_adv_and_returns=0.0088            │
│env/env/bootstrap_step=3.49e-04        │env/env_interact_step=16.026           │env/interact=20.393                   │
│env/run_interact_once=20.393           │generate_rollouts=20.416               │rollout/generate_one_epoch=20.394     │
│rollout/predict=0.260                  │rollout/rollout/generate=20.395        │rollout/sync_model_from_actor=0.098   │
│step=21.116                            │sync_weights=0.100                     │                                      │
│                                                                                                                      │
├──────────────────────────────────────────────────── Environment ─────────────────────────────────────────────────────┤
│                                                                                                                      │
│num_trajectories=0                     │                                       │                                      │
│                                                                                                                      │
├────────────────────────────────────────────────────── Rollout ───────────────────────────────────────────────────────┤
│                                                                                                                      │
│advantages_max=3.585                   │advantages_mean=-3.35e-08              │advantages_min=-3.672                 │
│returns_max=10.483                     │returns_mean=-7.709                    │returns_min=-26.779                   │
│rewards=-0.176                         │                                       │                                      │
│                                                                                                                      │
├─────────────────────────────────────────────────── Training/Actor ───────────────────────────────────────────────────┤
│                                                                                                                      │
│actor/approx_kl=0.0060                 │actor/clip_fraction=0.052              │actor/clipped_ratio=0.998             │
│actor/dual_cliped_ratio=0.0000         │actor/entropy_loss=0.0000              │actor/grad_norm=16.988                │
│actor/lr=3.00e-04                      │actor/policy_loss=-0.014               │actor/policy_loss_abs=0.769           │
│actor/ratio=1.000                      │actor/ratio_abs=0.082                  │actor/total_loss=2.724                │
│                                                                                                                      │
├────────────────────────────────────────────────── Training/Critic ───────────────────────────────────────────────────┤
│                                                                                                                      │
│critic/explained_variance=0.266        │critic/lr=3.00e-04                     │critic/value_clip_ratio=0.254         │
│critic/value_loss=10.909               │                                       │                                      │
│                                                                                                                      │
╰──────────────────────────────────────────────────────────────────────────────────────────────────────────────────────╯


╭──────────────────────────────────────────────────────────────────────────────────────────────────────────────────────╮
├──────────────────────────────────────────────────── Metric Table ────────────────────────────────────────────────────┤
│ Global Step:    8/100 │ Progress: ███░░░░░░░░░░░░░░░░░░░░░░░░░░░░░░░░░░░░░ │   8.0%                                  │
│ Elapsed: 02:54 │ ETA: 33:31 │ Step Time: 21.868s                                                                     │
├──────────────────────────────────────────────────────── Time ────────────────────────────────────────────────────────┤
│                                                                                                                      │
│actor/actor/compute_adv=0.0080         │actor/actor/recv_traj=20.027           │actor/actor/sync_model_to_rollout=0.0…│
│actor/run_training=0.563               │actor_training=0.565                   │cal_adv_and_returns=0.0093            │
│env/env/bootstrap_step=3.90e-04        │env/env_interact_step=15.832           │env/interact=20.019                   │
│env/run_interact_once=20.019           │generate_rollouts=20.041               │rollout/generate_one_epoch=20.020     │
│rollout/predict=0.241                  │rollout/rollout/generate=20.021        │rollout/sync_model_from_actor=0.110   │
│step=20.727                            │sync_weights=0.112                     │                                      │
│                                                                                                                      │
├──────────────────────────────────────────────────── Environment ─────────────────────────────────────────────────────┤
│                                                                                                                      │
│episode_len=1000.0                     │num_trajectories=16                    │return=-190.77492                     │
│reward=-0.1907749                      │                                       │                                      │
│                                                                                                                      │
├────────────────────────────────────────────────────── Rollout ───────────────────────────────────────────────────────┤
│                                                                                                                      │
│advantages_max=3.553                   │advantages_mean=-2.61e-08              │advantages_min=-3.152                 │
│returns_max=12.389                     │returns_mean=-7.751                    │returns_min=-22.747                   │
│rewards=-0.194                         │                                       │                                      │
│                                                                                                                      │
├─────────────────────────────────────────────────── Training/Actor ───────────────────────────────────────────────────┤
│                                                                                                                      │
│actor/approx_kl=0.010                  │actor/clip_fraction=0.061              │actor/clipped_ratio=0.995             │
│actor/dual_cliped_ratio=0.0000         │actor/entropy_loss=0.0000              │actor/grad_norm=18.053                │
│actor/lr=3.00e-04                      │actor/policy_loss=-0.016               │actor/policy_loss_abs=0.763           │
│actor/ratio=0.997                      │actor/ratio_abs=0.085                  │actor/total_loss=2.730                │
│                                                                                                                      │
├────────────────────────────────────────────────── Training/Critic ───────────────────────────────────────────────────┤
│                                                                                                                      │
│critic/explained_variance=0.447        │critic/lr=3.00e-04                     │critic/value_clip_ratio=0.259         │
│critic/value_loss=10.934               │                                       │                                      │
│                                                                                                                      │
╰──────────────────────────────────────────────────────────────────────────────────────────────────────────────────────╯


╭──────────────────────────────────────────────────────────────────────────────────────────────────────────────────────╮
├──────────────────────────────────────────────────── Metric Table ────────────────────────────────────────────────────┤
│ Global Step:    9/100 │ Progress: ███░░░░░░░░░░░░░░░░░░░░░░░░░░░░░░░░░░░░░ │   9.0%                                  │
│ Elapsed: 03:16 │ ETA: 33:04 │ Step Time: 21.809s                                                                     │
├──────────────────────────────────────────────────────── Time ────────────────────────────────────────────────────────┤
│                                                                                                                      │
│actor/actor/compute_adv=0.0071         │actor/actor/recv_traj=20.590           │actor/actor/sync_model_to_rollout=0.0…│
│actor/run_training=0.596               │actor_training=0.598                   │cal_adv_and_returns=0.0092            │
│env/env/bootstrap_step=2.39e-04        │env/env_interact_step=16.367           │env/interact=20.585                   │
│env/run_interact_once=20.585           │generate_rollouts=20.604               │rollout/generate_one_epoch=20.581     │
│rollout/predict=0.245                  │rollout/rollout/generate=20.582        │rollout/sync_model_from_actor=0.108   │
│step=21.320                            │sync_weights=0.109                     │                                      │
│                                                                                                                      │
├──────────────────────────────────────────────────── Environment ─────────────────────────────────────────────────────┤
│                                                                                                                      │
│num_trajectories=0                     │                                       │                                      │
│                                                                                                                      │
├────────────────────────────────────────────────────── Rollout ───────────────────────────────────────────────────────┤
│                                                                                                                      │
│advantages_max=2.819                   │advantages_mean=1.49e-08               │advantages_min=-3.174                 │
│returns_max=7.313                      │returns_mean=-7.332                    │returns_min=-23.524                   │
│rewards=-0.102                         │                                       │                                      │
│                                                                                                                      │
├─────────────────────────────────────────────────── Training/Actor ───────────────────────────────────────────────────┤
│                                                                                                                      │
│actor/approx_kl=0.0078                 │actor/clip_fraction=0.071              │actor/clipped_ratio=0.997             │
│actor/dual_cliped_ratio=0.0000         │actor/entropy_loss=0.0000              │actor/grad_norm=14.959                │
│actor/lr=3.00e-04                      │actor/policy_loss=-0.020               │actor/policy_loss_abs=0.798           │
│actor/ratio=1.000                      │actor/ratio_abs=0.090                  │actor/total_loss=2.413                │
│                                                                                                                      │
├────────────────────────────────────────────────── Training/Critic ───────────────────────────────────────────────────┤
│                                                                                                                      │
│critic/explained_variance=0.360        │critic/lr=3.00e-04                     │critic/value_clip_ratio=0.068         │
│critic/value_loss=9.670                │                                       │                                      │
│                                                                                                                      │
╰──────────────────────────────────────────────────────────────────────────────────────────────────────────────────────╯


╭──────────────────────────────────────────────────────────────────────────────────────────────────────────────────────╮
├──────────────────────────────────────────────────── Metric Table ────────────────────────────────────────────────────┤
│ Global Step:   10/100 │ Progress: ████░░░░░░░░░░░░░░░░░░░░░░░░░░░░░░░░░░░░ │  10.0%                                  │
│ Elapsed: 03:37 │ ETA: 32:39 │ Step Time: 21.775s                                                                     │
├──────────────────────────────────────────────────────── Time ────────────────────────────────────────────────────────┤
│                                                                                                                      │
│actor/actor/compute_adv=0.0060         │actor/actor/recv_traj=20.746           │actor/actor/sync_model_to_rollout=0.0…│
│actor/run_training=0.579               │actor_training=0.581                   │cal_adv_and_returns=0.0073            │
│env/env/bootstrap_step=3.63e-04        │env/env_interact_step=16.416           │env/interact=20.736                   │
│env/run_interact_once=20.736           │generate_rollouts=20.758               │rollout/generate_one_epoch=20.738     │
│rollout/predict=0.246                  │rollout/rollout/generate=20.739        │rollout/sync_model_from_actor=0.106   │
│step=21.454                            │sync_weights=0.108                     │                                      │
│                                                                                                                      │
├──────────────────────────────────────────────────── Environment ─────────────────────────────────────────────────────┤
│                                                                                                                      │
│num_trajectories=0                     │                                       │                                      │
│                                                                                                                      │
├────────────────────────────────────────────────────── Rollout ───────────────────────────────────────────────────────┤
│                                                                                                                      │
│advantages_max=4.299                   │advantages_mean=-1.86e-08              │advantages_min=-3.651                 │
│returns_max=19.635                     │returns_mean=-9.216                    │returns_min=-24.942                   │
│rewards=-0.146                         │                                       │                                      │
│                                                                                                                      │
├─────────────────────────────────────────────────── Training/Actor ───────────────────────────────────────────────────┤
│                                                                                                                      │
│actor/approx_kl=0.0084                 │actor/clip_fraction=0.066              │actor/clipped_ratio=0.996             │
│actor/dual_cliped_ratio=0.0000         │actor/entropy_loss=0.0000              │actor/grad_norm=16.946                │
│actor/lr=3.00e-04                      │actor/policy_loss=-0.018               │actor/policy_loss_abs=0.758           │
│actor/ratio=0.999                      │actor/ratio_abs=0.087                  │actor/total_loss=2.444                │
│                                                                                                                      │
├────────────────────────────────────────────────── Training/Critic ───────────────────────────────────────────────────┤
│                                                                                                                      │
│critic/explained_variance=0.495        │critic/lr=3.00e-04                     │critic/value_clip_ratio=0.195         │
│critic/value_loss=9.796                │                                       │                                      │
│                                                                                                                      │
╰──────────────────────────────────────────────────────────────────────────────────────────────────────────────────────╯


╭──────────────────────────────────────────────────────────────────────────────────────────────────────────────────────╮
├──────────────────────────────────────────────────── Metric Table ────────────────────────────────────────────────────┤
│ Global Step:   11/100 │ Progress: ████░░░░░░░░░░░░░░░░░░░░░░░░░░░░░░░░░░░░ │  11.0%                                  │
│ Elapsed: 03:58 │ ETA: 32:09 │ Step Time: 21.682s                                                                     │
├──────────────────────────────────────────────────────── Time ────────────────────────────────────────────────────────┤
│                                                                                                                      │
│actor/actor/compute_adv=0.0060         │actor/actor/recv_traj=20.020           │actor/actor/sync_model_to_rollout=0.0…│
│actor/run_training=0.584               │actor_training=0.586                   │cal_adv_and_returns=0.0072            │
│env/env/bootstrap_step=4.03e-04        │env/env_interact_step=15.800           │env/interact=20.013                   │
│env/run_interact_once=20.013           │generate_rollouts=20.034               │rollout/generate_one_epoch=20.016     │
│rollout/predict=0.247                  │rollout/rollout/generate=20.016        │rollout/sync_model_from_actor=0.109   │
│step=20.738                            │sync_weights=0.111                     │                                      │
│                                                                                                                      │
├──────────────────────────────────────────────────── Environment ─────────────────────────────────────────────────────┤
│                                                                                                                      │
│num_trajectories=0                     │                                       │                                      │
│                                                                                                                      │
├────────────────────────────────────────────────────── Rollout ───────────────────────────────────────────────────────┤
│                                                                                                                      │
│advantages_max=4.898                   │advantages_mean=3.73e-08               │advantages_min=-4.558                 │
│returns_max=14.246                     │returns_mean=-11.083                   │returns_min=-21.818                   │
│rewards=-0.218                         │                                       │                                      │
│                                                                                                                      │
├─────────────────────────────────────────────────── Training/Actor ───────────────────────────────────────────────────┤
│                                                                                                                      │
│actor/approx_kl=0.0099                 │actor/clip_fraction=0.053              │actor/clipped_ratio=0.995             │
│actor/dual_cliped_ratio=0.0000         │actor/entropy_loss=0.0000              │actor/grad_norm=19.462                │
│actor/lr=3.00e-04                      │actor/policy_loss=-0.016               │actor/policy_loss_abs=0.765           │
│actor/ratio=0.996                      │actor/ratio_abs=0.081                  │actor/total_loss=2.225                │
│                                                                                                                      │
├────────────────────────────────────────────────── Training/Critic ───────────────────────────────────────────────────┤
│                                                                                                                      │
│critic/explained_variance=0.532        │critic/lr=3.00e-04                     │critic/value_clip_ratio=0.326         │
│critic/value_loss=8.916                │                                       │                                      │
│                                                                                                                      │
╰──────────────────────────────────────────────────────────────────────────────────────────────────────────────────────╯


╭──────────────────────────────────────────────────────────────────────────────────────────────────────────────────────╮
├──────────────────────────────────────────────────── Metric Table ────────────────────────────────────────────────────┤
│ Global Step:   12/100 │ Progress: ████░░░░░░░░░░░░░░░░░░░░░░░░░░░░░░░░░░░░ │  12.0%                                  │
│ Elapsed: 04:19 │ ETA: 31:45 │ Step Time: 21.655s                                                                     │
├──────────────────────────────────────────────────────── Time ────────────────────────────────────────────────────────┤
│                                                                                                                      │
│actor/actor/compute_adv=0.0067         │actor/actor/recv_traj=20.647           │actor/actor/sync_model_to_rollout=0.0…│
│actor/run_training=0.577               │actor_training=0.579                   │cal_adv_and_returns=0.0087            │
│env/env/bootstrap_step=3.49e-04        │env/env_interact_step=16.285           │env/interact=20.634                   │
│env/run_interact_once=20.634           │generate_rollouts=20.656               │rollout/generate_one_epoch=20.639     │
│rollout/predict=0.252                  │rollout/rollout/generate=20.639        │rollout/sync_model_from_actor=0.103   │
│step=21.350                            │sync_weights=0.106                     │                                      │
│                                                                                                                      │
├──────────────────────────────────────────────────── Environment ─────────────────────────────────────────────────────┤
│                                                                                                                      │
│episode_len=1000.0                     │num_trajectories=16                    │return=-156.91853                     │
│reward=-0.15691853                     │                                       │                                      │
│                                                                                                                      │
├────────────────────────────────────────────────────── Rollout ───────────────────────────────────────────────────────┤
│                                                                                                                      │
│advantages_max=4.601                   │advantages_mean=-1.86e-09              │advantages_min=-3.756                 │
│returns_max=20.975                     │returns_mean=-9.495                    │returns_min=-26.304                   │
│rewards=-0.172                         │                                       │                                      │
│                                                                                                                      │
├─────────────────────────────────────────────────── Training/Actor ───────────────────────────────────────────────────┤
│                                                                                                                      │
│actor/approx_kl=0.0093                 │actor/clip_fraction=0.073              │actor/clipped_ratio=0.997             │
│actor/dual_cliped_ratio=0.0000         │actor/entropy_loss=0.0000              │actor/grad_norm=18.735                │
│actor/lr=3.00e-04                      │actor/policy_loss=-0.019               │actor/policy_loss_abs=0.758           │
│actor/ratio=0.999                      │actor/ratio_abs=0.091                  │actor/total_loss=2.568                │
│                                                                                                                      │
├────────────────────────────────────────────────── Training/Critic ───────────────────────────────────────────────────┤
│                                                                                                                      │
│critic/explained_variance=0.662        │critic/lr=3.00e-04                     │critic/value_clip_ratio=0.244         │
│critic/value_loss=10.291               │                                       │                                      │
│                                                                                                                      │
╰──────────────────────────────────────────────────────────────────────────────────────────────────────────────────────╯


╭──────────────────────────────────────────────────────────────────────────────────────────────────────────────────────╮
├──────────────────────────────────────────────────── Metric Table ────────────────────────────────────────────────────┤
│ Global Step:   13/100 │ Progress: █████░░░░░░░░░░░░░░░░░░░░░░░░░░░░░░░░░░░ │  13.0%                                  │
│ Elapsed: 04:42 │ ETA: 31:30 │ Step Time: 21.729s                                                                     │
├──────────────────────────────────────────────────────── Time ────────────────────────────────────────────────────────┤
│                                                                                                                      │
│actor/actor/compute_adv=0.0074         │actor/actor/recv_traj=21.898           │actor/actor/sync_model_to_rollout=0.0…│
│actor/run_training=0.567               │actor_training=0.569                   │cal_adv_and_returns=0.0085            │
│env/env/bootstrap_step=2.41e-04        │env/env_interact_step=17.717           │env/interact=21.892                   │
│env/run_interact_once=21.892           │generate_rollouts=21.911               │rollout/generate_one_epoch=21.889     │
│rollout/predict=0.238                  │rollout/rollout/generate=21.890        │rollout/sync_model_from_actor=0.107   │
│step=22.598                            │sync_weights=0.109                     │                                      │
│                                                                                                                      │
├──────────────────────────────────────────────────── Environment ─────────────────────────────────────────────────────┤
│                                                                                                                      │
│num_trajectories=0                     │                                       │                                      │
│                                                                                                                      │
├────────────────────────────────────────────────────── Rollout ───────────────────────────────────────────────────────┤
│                                                                                                                      │
│advantages_max=3.781                   │advantages_mean=-1.49e-08              │advantages_min=-3.864                 │
│returns_max=14.854                     │returns_mean=-10.227                   │returns_min=-28.657                   │
│rewards=-0.147                         │                                       │                                      │
│                                                                                                                      │
├─────────────────────────────────────────────────── Training/Actor ───────────────────────────────────────────────────┤
│                                                                                                                      │
│actor/approx_kl=0.0087                 │actor/clip_fraction=0.070              │actor/clipped_ratio=0.996             │
│actor/dual_cliped_ratio=0.0000         │actor/entropy_loss=0.0000              │actor/grad_norm=16.357                │
│actor/lr=3.00e-04                      │actor/policy_loss=-0.021               │actor/policy_loss_abs=0.767           │
│actor/ratio=0.999                      │actor/ratio_abs=0.089                  │actor/total_loss=2.590                │
│                                                                                                                      │
├────────────────────────────────────────────────── Training/Critic ───────────────────────────────────────────────────┤
│                                                                                                                      │
│critic/explained_variance=0.583        │critic/lr=3.00e-04                     │critic/value_clip_ratio=0.103         │
│critic/value_loss=10.382               │                                       │                                      │
│                                                                                                                      │
╰──────────────────────────────────────────────────────────────────────────────────────────────────────────────────────╯


╭──────────────────────────────────────────────────────────────────────────────────────────────────────────────────────╮
├──────────────────────────────────────────────────── Metric Table ────────────────────────────────────────────────────┤
│ Global Step:   14/100 │ Progress: █████░░░░░░░░░░░░░░░░░░░░░░░░░░░░░░░░░░░ │  14.0%                                  │
│ Elapsed: 05:07 │ ETA: 31:30 │ Step Time: 21.978s                                                                     │
├──────────────────────────────────────────────────────── Time ────────────────────────────────────────────────────────┤
│                                                                                                                      │
│actor/actor/compute_adv=0.0059         │actor/actor/recv_traj=24.509           │actor/actor/sync_model_to_rollout=0.0…│
│actor/run_training=0.575               │actor_training=0.578                   │cal_adv_and_returns=0.0079            │
│env/env/bootstrap_step=2.35e-04        │env/env_interact_step=20.231           │env/interact=24.500                   │
│env/run_interact_once=24.500           │generate_rollouts=24.522               │rollout/generate_one_epoch=24.500     │
│rollout/predict=0.262                  │rollout/rollout/generate=24.500        │rollout/sync_model_from_actor=0.100   │
│step=25.210                            │sync_weights=0.102                     │                                      │
│                                                                                                                      │
├──────────────────────────────────────────────────── Environment ─────────────────────────────────────────────────────┤
│                                                                                                                      │
│num_trajectories=0                     │                                       │                                      │
│                                                                                                                      │
├────────────────────────────────────────────────────── Rollout ───────────────────────────────────────────────────────┤
│                                                                                                                      │
│advantages_max=4.987                   │advantages_mean=-1.58e-08              │advantages_min=-3.942                 │
│returns_max=20.547                     │returns_mean=-10.616                   │returns_min=-26.880                   │
│rewards=-0.162                         │                                       │                                      │
│                                                                                                                      │
├─────────────────────────────────────────────────── Training/Actor ───────────────────────────────────────────────────┤
│                                                                                                                      │
│actor/approx_kl=0.0086                 │actor/clip_fraction=0.081              │actor/clipped_ratio=0.997             │
│actor/dual_cliped_ratio=0.0000         │actor/entropy_loss=0.0000              │actor/grad_norm=17.986                │
│actor/lr=3.00e-04                      │actor/policy_loss=-0.022               │actor/policy_loss_abs=0.755           │
│actor/ratio=1.000                      │actor/ratio_abs=0.096                  │actor/total_loss=2.511                │
│                                                                                                                      │
├────────────────────────────────────────────────── Training/Critic ───────────────────────────────────────────────────┤
│                                                                                                                      │
│critic/explained_variance=0.524        │critic/lr=3.00e-04                     │critic/value_clip_ratio=0.108         │
│critic/value_loss=10.066               │                                       │                                      │
│                                                                                                                      │
╰──────────────────────────────────────────────────────────────────────────────────────────────────────────────────────╯


╭──────────────────────────────────────────────────────────────────────────────────────────────────────────────────────╮
├──────────────────────────────────────────────────── Metric Table ────────────────────────────────────────────────────┤
│ Global Step:   15/100 │ Progress: ██████░░░░░░░░░░░░░░░░░░░░░░░░░░░░░░░░░░ │  15.0%                                  │
│ Elapsed: 05:30 │ ETA: 31:11 │ Step Time: 22.013s                                                                     │
├──────────────────────────────────────────────────────── Time ────────────────────────────────────────────────────────┤
│                                                                                                                      │
│actor/actor/compute_adv=0.0060         │actor/actor/recv_traj=21.776           │actor/actor/sync_model_to_rollout=0.0…│
│actor/run_training=0.583               │actor_training=0.584                   │cal_adv_and_returns=0.0076            │
│env/env/bootstrap_step=3.93e-04        │env/env_interact_step=17.435           │env/interact=21.768                   │
│env/run_interact_once=21.768           │generate_rollouts=21.791               │rollout/generate_one_epoch=21.768     │
│rollout/predict=0.266                  │rollout/rollout/generate=21.769        │rollout/sync_model_from_actor=0.098   │
│step=22.483                            │sync_weights=0.100                     │                                      │
│                                                                                                                      │
├──────────────────────────────────────────────────── Environment ─────────────────────────────────────────────────────┤
│                                                                                                                      │
│num_trajectories=0                     │                                       │                                      │
│                                                                                                                      │
├────────────────────────────────────────────────────── Rollout ───────────────────────────────────────────────────────┤
│                                                                                                                      │
│advantages_max=4.424                   │advantages_mean=0.0000                 │advantages_min=-5.072                 │
│returns_max=13.852                     │returns_mean=-11.933                   │returns_min=-28.857                   │
│rewards=-0.164                         │                                       │                                      │
│                                                                                                                      │
├─────────────────────────────────────────────────── Training/Actor ───────────────────────────────────────────────────┤
│                                                                                                                      │
│actor/approx_kl=0.0083                 │actor/clip_fraction=0.067              │actor/clipped_ratio=0.997             │
│actor/dual_cliped_ratio=0.0000         │actor/entropy_loss=0.0000              │actor/grad_norm=17.392                │
│actor/lr=3.00e-04                      │actor/policy_loss=-0.020               │actor/policy_loss_abs=0.740           │
│actor/ratio=0.999                      │actor/ratio_abs=0.086                  │actor/total_loss=1.990                │
│                                                                                                                      │
├────────────────────────────────────────────────── Training/Critic ───────────────────────────────────────────────────┤
│                                                                                                                      │
│critic/explained_variance=0.588        │critic/lr=3.00e-04                     │critic/value_clip_ratio=0.103         │
│critic/value_loss=7.979                │                                       │                                      │
│                                                                                                                      │
╰──────────────────────────────────────────────────────────────────────────────────────────────────────────────────────╯


╭──────────────────────────────────────────────────────────────────────────────────────────────────────────────────────╮
├──────────────────────────────────────────────────── Metric Table ────────────────────────────────────────────────────┤
│ Global Step:   16/100 │ Progress: ██████░░░░░░░░░░░░░░░░░░░░░░░░░░░░░░░░░░ │  16.0%                                  │
│ Elapsed: 05:53 │ ETA: 30:54 │ Step Time: 22.072s                                                                     │
├──────────────────────────────────────────────────────── Time ────────────────────────────────────────────────────────┤
│                                                                                                                      │
│actor/actor/compute_adv=0.0081         │actor/actor/recv_traj=22.265           │actor/actor/sync_model_to_rollout=0.0…│
│actor/run_training=0.557               │actor_training=0.559                   │cal_adv_and_returns=0.0097            │
│env/env/bootstrap_step=2.41e-04        │env/env_interact_step=17.847           │env/interact=22.258                   │
│env/run_interact_once=22.258           │generate_rollouts=22.278               │rollout/generate_one_epoch=22.257     │
│rollout/predict=0.260                  │rollout/rollout/generate=22.257        │rollout/sync_model_from_actor=0.097   │
│step=22.946                            │sync_weights=0.099                     │                                      │
│                                                                                                                      │
├──────────────────────────────────────────────────── Environment ─────────────────────────────────────────────────────┤
│                                                                                                                      │
│episode_len=1000.0                     │num_trajectories=16                    │return=-149.40202                     │
│reward=-0.14940202                     │                                       │                                      │
│                                                                                                                      │
├────────────────────────────────────────────────────── Rollout ───────────────────────────────────────────────────────┤
│                                                                                                                      │
│advantages_max=3.858                   │advantages_mean=1.49e-08               │advantages_min=-3.646                 │
│returns_max=7.770                      │returns_mean=-11.598                   │returns_min=-25.089                   │
│rewards=-0.172                         │                                       │                                      │
│                                                                                                                      │
├─────────────────────────────────────────────────── Training/Actor ───────────────────────────────────────────────────┤
│                                                                                                                      │
│actor/approx_kl=0.011                  │actor/clip_fraction=0.070              │actor/clipped_ratio=0.995             │
│actor/dual_cliped_ratio=0.0000         │actor/entropy_loss=0.0000              │actor/grad_norm=18.575                │
│actor/lr=3.00e-04                      │actor/policy_loss=-0.019               │actor/policy_loss_abs=0.762           │
│actor/ratio=0.997                      │actor/ratio_abs=0.093                  │actor/total_loss=2.089                │
│                                                                                                                      │
├────────────────────────────────────────────────── Training/Critic ───────────────────────────────────────────────────┤
│                                                                                                                      │
│critic/explained_variance=0.576        │critic/lr=3.00e-04                     │critic/value_clip_ratio=0.041         │
│critic/value_loss=8.377                │                                       │                                      │
│                                                                                                                      │
╰──────────────────────────────────────────────────────────────────────────────────────────────────────────────────────╯


╭──────────────────────────────────────────────────────────────────────────────────────────────────────────────────────╮
├──────────────────────────────────────────────────── Metric Table ────────────────────────────────────────────────────┤
│ Global Step:   17/100 │ Progress: ██████░░░░░░░░░░░░░░░░░░░░░░░░░░░░░░░░░░ │  17.0%                                  │
│ Elapsed: 06:16 │ ETA: 30:36 │ Step Time: 22.121s                                                                     │
├──────────────────────────────────────────────────────── Time ────────────────────────────────────────────────────────┤
│                                                                                                                      │
│actor/actor/compute_adv=0.0061         │actor/actor/recv_traj=22.203           │actor/actor/sync_model_to_rollout=0.0…│
│actor/run_training=0.569               │actor_training=0.571                   │cal_adv_and_returns=0.0072            │
│env/env/bootstrap_step=3.50e-04        │env/env_interact_step=17.910           │env/interact=22.195                   │
│env/run_interact_once=22.195           │generate_rollouts=22.216               │rollout/generate_one_epoch=22.196     │
│rollout/predict=0.246                  │rollout/rollout/generate=22.197        │rollout/sync_model_from_actor=0.098   │
│step=22.895                            │sync_weights=0.100                     │                                      │
│                                                                                                                      │
├──────────────────────────────────────────────────── Environment ─────────────────────────────────────────────────────┤
│                                                                                                                      │
│num_trajectories=0                     │                                       │                                      │
│                                                                                                                      │
├────────────────────────────────────────────────────── Rollout ───────────────────────────────────────────────────────┤
│                                                                                                                      │
│advantages_max=4.708                   │advantages_mean=1.12e-08               │advantages_min=-3.665                 │
│returns_max=17.498                     │returns_mean=-12.526                   │returns_min=-24.749                   │
│rewards=-0.120                         │                                       │                                      │
│                                                                                                                      │
├─────────────────────────────────────────────────── Training/Actor ───────────────────────────────────────────────────┤
│                                                                                                                      │
│actor/approx_kl=0.011                  │actor/clip_fraction=0.092              │actor/clipped_ratio=0.995             │
│actor/dual_cliped_ratio=0.0000         │actor/entropy_loss=0.0000              │actor/grad_norm=13.509                │
│actor/lr=3.00e-04                      │actor/policy_loss=-0.025               │actor/policy_loss_abs=0.758           │
│actor/ratio=0.999                      │actor/ratio_abs=0.102                  │actor/total_loss=1.660                │
│                                                                                                                      │
├────────────────────────────────────────────────── Training/Critic ───────────────────────────────────────────────────┤
│                                                                                                                      │
│critic/explained_variance=0.697        │critic/lr=3.00e-04                     │critic/value_clip_ratio=0.063         │
│critic/value_loss=6.665                │                                       │                                      │
│                                                                                                                      │
╰──────────────────────────────────────────────────────────────────────────────────────────────────────────────────────╯


╭──────────────────────────────────────────────────────────────────────────────────────────────────────────────────────╮
├──────────────────────────────────────────────────── Metric Table ────────────────────────────────────────────────────┤
│ Global Step:   18/100 │ Progress: ███████░░░░░░░░░░░░░░░░░░░░░░░░░░░░░░░░░ │  18.0%                                  │
│ Elapsed: 06:41 │ ETA: 30:30 │ Step Time: 22.328s                                                                     │
├──────────────────────────────────────────────────────── Time ────────────────────────────────────────────────────────┤
│                                                                                                                      │
│actor/actor/compute_adv=0.0060         │actor/actor/recv_traj=25.129           │actor/actor/sync_model_to_rollout=0.0…│
│actor/run_training=0.568               │actor_training=0.570                   │cal_adv_and_returns=0.0082            │
│env/env/bootstrap_step=2.39e-04        │env/env_interact_step=20.750           │env/interact=25.124                   │
│env/run_interact_once=25.123           │generate_rollouts=25.144               │rollout/generate_one_epoch=25.121     │
│rollout/predict=0.257                  │rollout/rollout/generate=25.121        │rollout/sync_model_from_actor=0.097   │
│step=25.822                            │sync_weights=0.100                     │                                      │
│                                                                                                                      │
├──────────────────────────────────────────────────── Environment ─────────────────────────────────────────────────────┤
│                                                                                                                      │
│num_trajectories=0                     │                                       │                                      │
│                                                                                                                      │
├────────────────────────────────────────────────────── Rollout ───────────────────────────────────────────────────────┤
│                                                                                                                      │
│advantages_max=4.710                   │advantages_mean=-1.58e-08              │advantages_min=-5.234                 │
│returns_max=14.357                     │returns_mean=-14.228                   │returns_min=-27.104                   │
│rewards=-0.169                         │                                       │                                      │
│                                                                                                                      │
├─────────────────────────────────────────────────── Training/Actor ───────────────────────────────────────────────────┤
│                                                                                                                      │
│actor/approx_kl=0.013                  │actor/clip_fraction=0.104              │actor/clipped_ratio=0.994             │
│actor/dual_cliped_ratio=0.0000         │actor/entropy_loss=0.0000              │actor/grad_norm=12.388                │
│actor/lr=3.00e-04                      │actor/policy_loss=-0.027               │actor/policy_loss_abs=0.747           │
│actor/ratio=0.997                      │actor/ratio_abs=0.104                  │actor/total_loss=1.431                │
│                                                                                                                      │
├────────────────────────────────────────────────── Training/Critic ───────────────────────────────────────────────────┤
│                                                                                                                      │
│critic/explained_variance=0.710        │critic/lr=3.00e-04                     │critic/value_clip_ratio=0.060         │
│critic/value_loss=5.752                │                                       │                                      │
│                                                                                                                      │
╰──────────────────────────────────────────────────────────────────────────────────────────────────────────────────────╯


╭──────────────────────────────────────────────────────────────────────────────────────────────────────────────────────╮
├──────────────────────────────────────────────────── Metric Table ────────────────────────────────────────────────────┤
│ Global Step:   19/100 │ Progress: ███████░░░░░░░░░░░░░░░░░░░░░░░░░░░░░░░░░ │  19.0%                                  │
│ Elapsed: 07:06 │ ETA: 30:20 │ Step Time: 22.471s                                                                     │
├──────────────────────────────────────────────────────── Time ────────────────────────────────────────────────────────┤
│                                                                                                                      │
│actor/actor/compute_adv=0.0063         │actor/actor/recv_traj=24.351           │actor/actor/sync_model_to_rollout=0.0…│
│actor/run_training=0.562               │actor_training=0.565                   │cal_adv_and_returns=0.0078            │
│env/env/bootstrap_step=2.30e-04        │env/env_interact_step=20.026           │env/interact=24.346                   │
│env/run_interact_once=24.346           │generate_rollouts=24.365               │rollout/generate_one_epoch=24.344     │
│rollout/predict=0.251                  │rollout/rollout/generate=24.344        │rollout/sync_model_from_actor=0.099   │
│step=25.038                            │sync_weights=0.100                     │                                      │
│                                                                                                                      │
├──────────────────────────────────────────────────── Environment ─────────────────────────────────────────────────────┤
│                                                                                                                      │
│num_trajectories=0                     │                                       │                                      │
│                                                                                                                      │
├────────────────────────────────────────────────────── Rollout ───────────────────────────────────────────────────────┤
│                                                                                                                      │
│advantages_max=3.848                   │advantages_mean=7.45e-09               │advantages_min=-4.670                 │
│returns_max=7.820                      │returns_mean=-16.255                   │returns_min=-27.365                   │
│rewards=-0.215                         │                                       │                                      │
│                                                                                                                      │
├─────────────────────────────────────────────────── Training/Actor ───────────────────────────────────────────────────┤
│                                                                                                                      │
│actor/approx_kl=0.0089                 │actor/clip_fraction=0.098              │actor/clipped_ratio=0.997             │
│actor/dual_cliped_ratio=0.0000         │actor/entropy_loss=0.0000              │actor/grad_norm=11.171                │
│actor/lr=3.00e-04                      │actor/policy_loss=-0.028               │actor/policy_loss_abs=0.748           │
│actor/ratio=1.001                      │actor/ratio_abs=0.100                  │actor/total_loss=1.439                │
│                                                                                                                      │
├────────────────────────────────────────────────── Training/Critic ───────────────────────────────────────────────────┤
│                                                                                                                      │
│critic/explained_variance=0.702        │critic/lr=3.00e-04                     │critic/value_clip_ratio=0.209         │
│critic/value_loss=5.782                │                                       │                                      │
│                                                                                                                      │
╰──────────────────────────────────────────────────────────────────────────────────────────────────────────────────────╯


╭──────────────────────────────────────────────────────────────────────────────────────────────────────────────────────╮
├──────────────────────────────────────────────────── Metric Table ────────────────────────────────────────────────────┤
│ Global Step:   20/100 │ Progress: ████████░░░░░░░░░░░░░░░░░░░░░░░░░░░░░░░░ │  20.0%                                  │
│ Elapsed: 07:32 │ ETA: 30:11 │ Step Time: 22.643s                                                                     │
├──────────────────────────────────────────────────────── Time ────────────────────────────────────────────────────────┤
│                                                                                                                      │
│actor/actor/compute_adv=0.0077         │actor/actor/recv_traj=25.075           │actor/actor/sync_model_to_rollout=0.0…│
│actor/run_training=0.562               │actor_training=0.565                   │cal_adv_and_returns=0.0093            │
│env/env/bootstrap_step=4.08e-04        │env/env_interact_step=20.654           │env/interact=25.063                   │
│env/run_interact_once=25.063           │generate_rollouts=25.085               │rollout/generate_one_epoch=25.069     │
│rollout/predict=0.271                  │rollout/rollout/generate=25.069        │rollout/sync_model_from_actor=0.107   │
│step=25.903                            │sync_weights=0.109                     │                                      │
│                                                                                                                      │
├──────────────────────────────────────────────────── Environment ─────────────────────────────────────────────────────┤
│                                                                                                                      │
│episode_len=1000.0                     │num_trajectories=16                    │return=-163.18073                     │
│reward=-0.16318072                     │                                       │                                      │
│                                                                                                                      │
├────────────────────────────────────────────────────── Rollout ───────────────────────────────────────────────────────┤
│                                                                                                                      │
│advantages_max=6.329                   │advantages_mean=1.86e-09               │advantages_min=-3.479                 │
│returns_max=26.196                     │returns_mean=-11.419                   │returns_min=-27.450                   │
│rewards=-0.163                         │                                       │                                      │
│                                                                                                                      │
├─────────────────────────────────────────────────── Training/Actor ───────────────────────────────────────────────────┤
│                                                                                                                      │
│actor/approx_kl=0.010                  │actor/clip_fraction=0.082              │actor/clipped_ratio=0.996             │
│actor/dual_cliped_ratio=0.0000         │actor/entropy_loss=0.0000              │actor/grad_norm=18.395                │
│actor/lr=3.00e-04                      │actor/policy_loss=-0.022               │actor/policy_loss_abs=0.734           │
│actor/ratio=0.999                      │actor/ratio_abs=0.097                  │actor/total_loss=1.840                │
│                                                                                                                      │
├────────────────────────────────────────────────── Training/Critic ───────────────────────────────────────────────────┤
│                                                                                                                      │
│critic/explained_variance=0.806        │critic/lr=3.00e-04                     │critic/value_clip_ratio=0.071         │
│critic/value_loss=7.383                │                                       │                                      │
│                                                                                                                      │
╰──────────────────────────────────────────────────────────────────────────────────────────────────────────────────────╯


╭──────────────────────────────────────────────────────────────────────────────────────────────────────────────────────╮
├──────────────────────────────────────────────────── Metric Table ────────────────────────────────────────────────────┤
│ Global Step:   21/100 │ Progress: ████████░░░░░░░░░░░░░░░░░░░░░░░░░░░░░░░░ │  21.0%                                  │
│ Elapsed: 07:55 │ ETA: 29:47 │ Step Time: 22.625s                                                                     │
├──────────────────────────────────────────────────────── Time ────────────────────────────────────────────────────────┤
│                                                                                                                      │
│actor/actor/compute_adv=0.0062         │actor/actor/recv_traj=21.527           │actor/actor/sync_model_to_rollout=0.0…│
│actor/run_training=0.592               │actor_training=0.594                   │cal_adv_and_returns=0.0074            │
│env/env/bootstrap_step=2.40e-04        │env/env_interact_step=17.255           │env/interact=21.523                   │
│env/run_interact_once=21.523           │generate_rollouts=21.543               │rollout/generate_one_epoch=21.522     │
│rollout/predict=0.258                  │rollout/rollout/generate=21.522        │rollout/sync_model_from_actor=0.096   │
│step=22.243                            │sync_weights=0.099                     │                                      │
│                                                                                                                      │
├──────────────────────────────────────────────────── Environment ─────────────────────────────────────────────────────┤
│                                                                                                                      │
│num_trajectories=0                     │                                       │                                      │
│                                                                                                                      │
├────────────────────────────────────────────────────── Rollout ───────────────────────────────────────────────────────┤
│                                                                                                                      │
│advantages_max=3.144                   │advantages_mean=7.45e-09               │advantages_min=-4.820                 │
│returns_max=12.101                     │returns_mean=-9.837                    │returns_min=-31.444                   │
│rewards=-0.113                         │                                       │                                      │
│                                                                                                                      │
├─────────────────────────────────────────────────── Training/Actor ───────────────────────────────────────────────────┤
│                                                                                                                      │
│actor/approx_kl=0.010                  │actor/clip_fraction=0.075              │actor/clipped_ratio=0.996             │
│actor/dual_cliped_ratio=0.0000         │actor/entropy_loss=0.0000              │actor/grad_norm=23.716                │
│actor/lr=3.00e-04                      │actor/policy_loss=-0.022               │actor/policy_loss_abs=0.754           │
│actor/ratio=0.998                      │actor/ratio_abs=0.095                  │actor/total_loss=2.917                │
│                                                                                                                      │
├────────────────────────────────────────────────── Training/Critic ───────────────────────────────────────────────────┤
│                                                                                                                      │
│critic/explained_variance=0.585        │critic/lr=3.00e-04                     │critic/value_clip_ratio=0.066         │
│critic/value_loss=11.690               │                                       │                                      │
│                                                                                                                      │
╰──────────────────────────────────────────────────────────────────────────────────────────────────────────────────────╯


╭──────────────────────────────────────────────────────────────────────────────────────────────────────────────────────╮
├──────────────────────────────────────────────────── Metric Table ────────────────────────────────────────────────────┤
│ Global Step:   22/100 │ Progress: ████████░░░░░░░░░░░░░░░░░░░░░░░░░░░░░░░░ │  22.0%                                  │
│ Elapsed: 08:21 │ ETA: 29:37 │ Step Time: 22.784s                                                                     │
├──────────────────────────────────────────────────────── Time ────────────────────────────────────────────────────────┤
│                                                                                                                      │
│actor/actor/compute_adv=0.0061         │actor/actor/recv_traj=25.386           │actor/actor/sync_model_to_rollout=0.0…│
│actor/run_training=0.581               │actor_training=0.583                   │cal_adv_and_returns=0.0078            │
│env/env/bootstrap_step=2.31e-04        │env/env_interact_step=21.117           │env/interact=25.380                   │
│env/run_interact_once=25.380           │generate_rollouts=25.403               │rollout/generate_one_epoch=25.378     │
│rollout/predict=0.254                  │rollout/rollout/generate=25.378        │rollout/sync_model_from_actor=0.104   │
│step=26.101                            │sync_weights=0.107                     │                                      │
│                                                                                                                      │
├──────────────────────────────────────────────────── Environment ─────────────────────────────────────────────────────┤
│                                                                                                                      │
│num_trajectories=0                     │                                       │                                      │
│                                                                                                                      │
├────────────────────────────────────────────────────── Rollout ───────────────────────────────────────────────────────┤
│                                                                                                                      │
│advantages_max=4.656                   │advantages_mean=1.86e-08               │advantages_min=-4.330                 │
│returns_max=22.652                     │returns_mean=-8.907                    │returns_min=-26.175                   │
│rewards=-0.052                         │                                       │                                      │
│                                                                                                                      │
├─────────────────────────────────────────────────── Training/Actor ───────────────────────────────────────────────────┤
│                                                                                                                      │
│actor/approx_kl=0.0091                 │actor/clip_fraction=0.088              │actor/clipped_ratio=0.997             │
│actor/dual_cliped_ratio=0.0000         │actor/entropy_loss=0.0000              │actor/grad_norm=18.391                │
│actor/lr=3.00e-04                      │actor/policy_loss=-0.024               │actor/policy_loss_abs=0.736           │
│actor/ratio=1.000                      │actor/ratio_abs=0.099                  │actor/total_loss=2.327                │
│                                                                                                                      │
├────────────────────────────────────────────────── Training/Critic ───────────────────────────────────────────────────┤
│                                                                                                                      │
│critic/explained_variance=0.711        │critic/lr=3.00e-04                     │critic/value_clip_ratio=0.092         │
│critic/value_loss=9.332                │                                       │                                      │
│                                                                                                                      │
╰──────────────────────────────────────────────────────────────────────────────────────────────────────────────────────╯


╭──────────────────────────────────────────────────────────────────────────────────────────────────────────────────────╮
├──────────────────────────────────────────────────── Metric Table ────────────────────────────────────────────────────┤
│ Global Step:   23/100 │ Progress: █████████░░░░░░░░░░░░░░░░░░░░░░░░░░░░░░░ │  23.0%                                  │
│ Elapsed: 08:44 │ ETA: 29:15 │ Step Time: 22.803s                                                                     │
├──────────────────────────────────────────────────────── Time ────────────────────────────────────────────────────────┤
│                                                                                                                      │
│actor/actor/compute_adv=0.0061         │actor/actor/recv_traj=22.517           │actor/actor/sync_model_to_rollout=0.0…│
│actor/run_training=0.569               │actor_training=0.571                   │cal_adv_and_returns=0.0070            │
│env/env/bootstrap_step=2.39e-04        │env/env_interact_step=18.149           │env/interact=22.508                   │
│env/run_interact_once=22.508           │generate_rollouts=22.527               │rollout/generate_one_epoch=22.507     │
│rollout/predict=0.268                  │rollout/rollout/generate=22.508        │rollout/sync_model_from_actor=0.103   │
│step=23.211                            │sync_weights=0.105                     │                                      │
│                                                                                                                      │
├──────────────────────────────────────────────────── Environment ─────────────────────────────────────────────────────┤
│                                                                                                                      │
│num_trajectories=0                     │                                       │                                      │
│                                                                                                                      │
├────────────────────────────────────────────────────── Rollout ───────────────────────────────────────────────────────┤
│                                                                                                                      │
│advantages_max=4.889                   │advantages_mean=-3.73e-09              │advantages_min=-5.053                 │
│returns_max=13.372                     │returns_mean=-11.336                   │returns_min=-27.568                   │
│rewards=-0.097                         │                                       │                                      │
│                                                                                                                      │
├─────────────────────────────────────────────────── Training/Actor ───────────────────────────────────────────────────┤
│                                                                                                                      │
│actor/approx_kl=0.012                  │actor/clip_fraction=0.105              │actor/clipped_ratio=0.995             │
│actor/dual_cliped_ratio=0.0000         │actor/entropy_loss=0.0000              │actor/grad_norm=14.812                │
│actor/lr=3.00e-04                      │actor/policy_loss=-0.026               │actor/policy_loss_abs=0.764           │
│actor/ratio=0.998                      │actor/ratio_abs=0.106                  │actor/total_loss=1.556                │
│                                                                                                                      │
├────────────────────────────────────────────────── Training/Critic ───────────────────────────────────────────────────┤
│                                                                                                                      │
│critic/explained_variance=0.692        │critic/lr=3.00e-04                     │critic/value_clip_ratio=0.061         │
│critic/value_loss=6.250                │                                       │                                      │
│                                                                                                                      │
╰──────────────────────────────────────────────────────────────────────────────────────────────────────────────────────╯


╭──────────────────────────────────────────────────────────────────────────────────────────────────────────────────────╮
├──────────────────────────────────────────────────── Metric Table ────────────────────────────────────────────────────┤
│ Global Step:   24/100 │ Progress: █████████░░░░░░░░░░░░░░░░░░░░░░░░░░░░░░░ │  24.0%                                  │
│ Elapsed: 09:06 │ ETA: 28:51 │ Step Time: 22.778s                                                                     │
├──────────────────────────────────────────────────────── Time ────────────────────────────────────────────────────────┤
│                                                                                                                      │
│actor/actor/compute_adv=0.0061         │actor/actor/recv_traj=21.469           │actor/actor/sync_model_to_rollout=0.0…│
│actor/run_training=0.591               │actor_training=0.593                   │cal_adv_and_returns=0.0073            │
│env/env/bootstrap_step=2.40e-04        │env/env_interact_step=17.223           │env/interact=21.460                   │
│env/run_interact_once=21.460           │generate_rollouts=21.480               │rollout/generate_one_epoch=21.459     │
│rollout/predict=0.261                  │rollout/rollout/generate=21.460        │rollout/sync_model_from_actor=0.101   │
│step=22.183                            │sync_weights=0.102                     │                                      │
│                                                                                                                      │
├──────────────────────────────────────────────────── Environment ─────────────────────────────────────────────────────┤
│                                                                                                                      │
│episode_len=1000.0                     │num_trajectories=16                    │return=-81.11567                      │
│reward=-0.08111567                     │                                       │                                      │
│                                                                                                                      │
├────────────────────────────────────────────────────── Rollout ───────────────────────────────────────────────────────┤
│                                                                                                                      │
│advantages_max=5.282                   │advantages_mean=-7.45e-09              │advantages_min=-3.599                 │
│returns_max=23.409                     │returns_mean=-8.923                    │returns_min=-26.861                   │
│rewards=-0.117                         │                                       │                                      │
│                                                                                                                      │
├─────────────────────────────────────────────────── Training/Actor ───────────────────────────────────────────────────┤
│                                                                                                                      │
│actor/approx_kl=0.010                  │actor/clip_fraction=0.080              │actor/clipped_ratio=0.996             │
│actor/dual_cliped_ratio=0.0000         │actor/entropy_loss=0.0000              │actor/grad_norm=21.289                │
│actor/lr=3.00e-04                      │actor/policy_loss=-0.022               │actor/policy_loss_abs=0.744           │
│actor/ratio=0.998                      │actor/ratio_abs=0.094                  │actor/total_loss=2.131                │
│                                                                                                                      │
├────────────────────────────────────────────────── Training/Critic ───────────────────────────────────────────────────┤
│                                                                                                                      │
│critic/explained_variance=0.694        │critic/lr=3.00e-04                     │critic/value_clip_ratio=0.045         │
│critic/value_loss=8.545                │                                       │                                      │
│                                                                                                                      │
╰──────────────────────────────────────────────────────────────────────────────────────────────────────────────────────╯


╭──────────────────────────────────────────────────────────────────────────────────────────────────────────────────────╮
├──────────────────────────────────────────────────── Metric Table ────────────────────────────────────────────────────┤
│ Global Step:   25/100 │ Progress: ██████████░░░░░░░░░░░░░░░░░░░░░░░░░░░░░░ │  25.0%                                  │
│ Elapsed: 09:30 │ ETA: 28:31 │ Step Time: 22.817s                                                                     │
├──────────────────────────────────────────────────────── Time ────────────────────────────────────────────────────────┤
│                                                                                                                      │
│actor/actor/compute_adv=0.0060         │actor/actor/recv_traj=23.023           │actor/actor/sync_model_to_rollout=0.0…│
│actor/run_training=0.588               │actor_training=0.589                   │cal_adv_and_returns=0.0075            │
│env/env/bootstrap_step=3.46e-04        │env/env_interact_step=18.866           │env/interact=23.017                   │
│env/run_interact_once=23.017           │generate_rollouts=23.040               │rollout/generate_one_epoch=23.020     │
│rollout/predict=0.254                  │rollout/rollout/generate=23.020        │rollout/sync_model_from_actor=0.106   │
│step=23.745                            │sync_weights=0.108                     │                                      │
│                                                                                                                      │
├──────────────────────────────────────────────────── Environment ─────────────────────────────────────────────────────┤
│                                                                                                                      │
│num_trajectories=0                     │                                       │                                      │
│                                                                                                                      │
├────────────────────────────────────────────────────── Rollout ───────────────────────────────────────────────────────┤
│                                                                                                                      │
│advantages_max=4.064                   │advantages_mean=7.45e-09               │advantages_min=-5.228                 │
│returns_max=14.886                     │returns_mean=-8.905                    │returns_min=-27.413                   │
│rewards=-0.041                         │                                       │                                      │
│                                                                                                                      │
├─────────────────────────────────────────────────── Training/Actor ───────────────────────────────────────────────────┤
│                                                                                                                      │
│actor/approx_kl=0.0095                 │actor/clip_fraction=0.099              │actor/clipped_ratio=0.996             │
│actor/dual_cliped_ratio=0.0000         │actor/entropy_loss=0.0000              │actor/grad_norm=16.340                │
│actor/lr=3.00e-04                      │actor/policy_loss=-0.026               │actor/policy_loss_abs=0.747           │
│actor/ratio=1.001                      │actor/ratio_abs=0.105                  │actor/total_loss=1.587                │
│                                                                                                                      │
├────────────────────────────────────────────────── Training/Critic ───────────────────────────────────────────────────┤
│                                                                                                                      │
│critic/explained_variance=0.684        │critic/lr=3.00e-04                     │critic/value_clip_ratio=0.144         │
│critic/value_loss=6.374                │                                       │                                      │
│                                                                                                                      │
╰──────────────────────────────────────────────────────────────────────────────────────────────────────────────────────╯


╭──────────────────────────────────────────────────────────────────────────────────────────────────────────────────────╮
├──────────────────────────────────────────────────── Metric Table ────────────────────────────────────────────────────┤
│ Global Step:   26/100 │ Progress: ██████████░░░░░░░░░░░░░░░░░░░░░░░░░░░░░░ │  26.0%                                  │
│ Elapsed: 09:53 │ ETA: 28:08 │ Step Time: 22.820s                                                                     │
├──────────────────────────────────────────────────────── Time ────────────────────────────────────────────────────────┤
│                                                                                                                      │
│actor/actor/compute_adv=0.0061         │actor/actor/recv_traj=22.193           │actor/actor/sync_model_to_rollout=0.0…│
│actor/run_training=0.566               │actor_training=0.568                   │cal_adv_and_returns=0.0075            │
│env/env/bootstrap_step=2.40e-04        │env/env_interact_step=17.840           │env/interact=22.185                   │
│env/run_interact_once=22.185           │generate_rollouts=22.204               │rollout/generate_one_epoch=22.183     │
│rollout/predict=0.264                  │rollout/rollout/generate=22.184        │rollout/sync_model_from_actor=0.107   │
│step=22.889                            │sync_weights=0.109                     │                                      │
│                                                                                                                      │
├──────────────────────────────────────────────────── Environment ─────────────────────────────────────────────────────┤
│                                                                                                                      │
│num_trajectories=0                     │                                       │                                      │
│                                                                                                                      │
├────────────────────────────────────────────────────── Rollout ───────────────────────────────────────────────────────┤
│                                                                                                                      │
│advantages_max=4.370                   │advantages_mean=-1.30e-08              │advantages_min=-3.363                 │
│returns_max=16.896                     │returns_mean=-10.213                   │returns_min=-27.355                   │
│rewards=-0.064                         │                                       │                                      │
│                                                                                                                      │
├─────────────────────────────────────────────────── Training/Actor ───────────────────────────────────────────────────┤
│                                                                                                                      │
│actor/approx_kl=0.012                  │actor/clip_fraction=0.120              │actor/clipped_ratio=0.995             │
│actor/dual_cliped_ratio=0.0000         │actor/entropy_loss=0.0000              │actor/grad_norm=13.943                │
│actor/lr=3.00e-04                      │actor/policy_loss=-0.031               │actor/policy_loss_abs=0.758           │
│actor/ratio=0.999                      │actor/ratio_abs=0.112                  │actor/total_loss=1.525                │
│                                                                                                                      │
├────────────────────────────────────────────────── Training/Critic ───────────────────────────────────────────────────┤
│                                                                                                                      │
│critic/explained_variance=0.799        │critic/lr=3.00e-04                     │critic/value_clip_ratio=0.087         │
│critic/value_loss=6.131                │                                       │                                      │
│                                                                                                                      │
╰──────────────────────────────────────────────────────────────────────────────────────────────────────────────────────╯


╭──────────────────────────────────────────────────────────────────────────────────────────────────────────────────────╮
├──────────────────────────────────────────────────── Metric Table ────────────────────────────────────────────────────┤
│ Global Step:   27/100 │ Progress: ██████████░░░░░░░░░░░░░░░░░░░░░░░░░░░░░░ │  27.0%                                  │
│ Elapsed: 10:18 │ ETA: 27:53 │ Step Time: 22.922s                                                                     │
├──────────────────────────────────────────────────────── Time ────────────────────────────────────────────────────────┤
│                                                                                                                      │
│actor/actor/compute_adv=0.0061         │actor/actor/recv_traj=24.848           │actor/actor/sync_model_to_rollout=0.0…│
│actor/run_training=0.594               │actor_training=0.597                   │cal_adv_and_returns=0.0077            │
│env/env/bootstrap_step=2.40e-04        │env/env_interact_step=20.443           │env/interact=24.838                   │
│env/run_interact_once=24.838           │generate_rollouts=24.861               │rollout/generate_one_epoch=24.836     │
│rollout/predict=0.254                  │rollout/rollout/generate=24.837        │rollout/sync_model_from_actor=0.104   │
│step=25.571                            │sync_weights=0.106                     │                                      │
│                                                                                                                      │
├──────────────────────────────────────────────────── Environment ─────────────────────────────────────────────────────┤
│                                                                                                                      │
│num_trajectories=0                     │                                       │                                      │
│                                                                                                                      │
├────────────────────────────────────────────────────── Rollout ───────────────────────────────────────────────────────┤
│                                                                                                                      │
│advantages_max=4.522                   │advantages_mean=7.45e-09               │advantages_min=-4.404                 │
│returns_max=18.652                     │returns_mean=-11.140                   │returns_min=-27.490                   │
│rewards=-0.090                         │                                       │                                      │
│                                                                                                                      │
├─────────────────────────────────────────────────── Training/Actor ───────────────────────────────────────────────────┤
│                                                                                                                      │
│actor/approx_kl=0.0081                 │actor/clip_fraction=0.097              │actor/clipped_ratio=0.998             │
│actor/dual_cliped_ratio=0.0000         │actor/entropy_loss=0.0000              │actor/grad_norm=19.398                │
│actor/lr=3.00e-04                      │actor/policy_loss=-0.025               │actor/policy_loss_abs=0.746           │
│actor/ratio=1.001                      │actor/ratio_abs=0.102                  │actor/total_loss=1.868                │
│                                                                                                                      │
├────────────────────────────────────────────────── Training/Critic ───────────────────────────────────────────────────┤
│                                                                                                                      │
│critic/explained_variance=0.771        │critic/lr=3.00e-04                     │critic/value_clip_ratio=0.030         │
│critic/value_loss=7.498                │                                       │                                      │
│                                                                                                                      │
╰──────────────────────────────────────────────────────────────────────────────────────────────────────────────────────╯


╭──────────────────────────────────────────────────────────────────────────────────────────────────────────────────────╮
├──────────────────────────────────────────────────── Metric Table ────────────────────────────────────────────────────┤
│ Global Step:   28/100 │ Progress: ███████████░░░░░░░░░░░░░░░░░░░░░░░░░░░░░ │  28.0%                                  │
│ Elapsed: 10:43 │ ETA: 27:35 │ Step Time: 22.998s                                                                     │
├──────────────────────────────────────────────────────── Time ────────────────────────────────────────────────────────┤
│                                                                                                                      │
│actor/actor/compute_adv=0.0062         │actor/actor/recv_traj=24.327           │actor/actor/sync_model_to_rollout=0.0…│
│actor/run_training=0.568               │actor_training=0.571                   │cal_adv_and_returns=0.0079            │
│env/env/bootstrap_step=2.43e-04        │env/env_interact_step=19.969           │env/interact=24.322                   │
│env/run_interact_once=24.322           │generate_rollouts=24.342               │rollout/generate_one_epoch=24.318     │
│rollout/predict=0.242                  │rollout/rollout/generate=24.319        │rollout/sync_model_from_actor=0.102   │
│step=25.025                            │sync_weights=0.104                     │                                      │
│                                                                                                                      │
├──────────────────────────────────────────────────── Environment ─────────────────────────────────────────────────────┤
│                                                                                                                      │
│episode_len=1000.0                     │num_trajectories=16                    │return=-56.93414                      │
│reward=-0.05693414                     │                                       │                                      │
│                                                                                                                      │
├────────────────────────────────────────────────────── Rollout ───────────────────────────────────────────────────────┤
│                                                                                                                      │
│advantages_max=4.275                   │advantages_mean=3.54e-08               │advantages_min=-4.797                 │
│returns_max=17.004                     │returns_mean=-5.591                    │returns_min=-28.433                   │
│rewards=-0.031                         │                                       │                                      │
│                                                                                                                      │
├─────────────────────────────────────────────────── Training/Actor ───────────────────────────────────────────────────┤
│                                                                                                                      │
│actor/approx_kl=0.010                  │actor/clip_fraction=0.097              │actor/clipped_ratio=0.997             │
│actor/dual_cliped_ratio=0.0000         │actor/entropy_loss=0.0000              │actor/grad_norm=24.826                │
│actor/lr=3.00e-04                      │actor/policy_loss=-0.023               │actor/policy_loss_abs=0.751           │
│actor/ratio=1.000                      │actor/ratio_abs=0.103                  │actor/total_loss=1.949                │
│                                                                                                                      │
├────────────────────────────────────────────────── Training/Critic ───────────────────────────────────────────────────┤
│                                                                                                                      │
│critic/explained_variance=0.751        │critic/lr=3.00e-04                     │critic/value_clip_ratio=0.211         │
│critic/value_loss=7.820                │                                       │                                      │
│                                                                                                                      │
╰──────────────────────────────────────────────────────────────────────────────────────────────────────────────────────╯


╭──────────────────────────────────────────────────────────────────────────────────────────────────────────────────────╮
├──────────────────────────────────────────────────── Metric Table ────────────────────────────────────────────────────┤
│ Global Step:   29/100 │ Progress: ███████████░░░░░░░░░░░░░░░░░░░░░░░░░░░░░ │  29.0%                                  │
│ Elapsed: 11:08 │ ETA: 27:17 │ Step Time: 23.059s                                                                     │
├──────────────────────────────────────────────────────── Time ────────────────────────────────────────────────────────┤
│                                                                                                                      │
│actor/actor/compute_adv=0.0073         │actor/actor/recv_traj=24.060           │actor/actor/sync_model_to_rollout=0.0…│
│actor/run_training=0.567               │actor_training=0.569                   │cal_adv_and_returns=0.0087            │
│env/env/bootstrap_step=2.45e-04        │env/env_interact_step=19.758           │env/interact=24.055                   │
│env/run_interact_once=24.055           │generate_rollouts=24.072               │rollout/generate_one_epoch=24.051     │
│rollout/predict=0.252                  │rollout/rollout/generate=24.052        │rollout/sync_model_from_actor=0.101   │
│step=24.753                            │sync_weights=0.103                     │                                      │
│                                                                                                                      │
├──────────────────────────────────────────────────── Environment ─────────────────────────────────────────────────────┤
│                                                                                                                      │
│num_trajectories=0                     │                                       │                                      │
│                                                                                                                      │
├────────────────────────────────────────────────────── Rollout ───────────────────────────────────────────────────────┤
│                                                                                                                      │
│advantages_max=3.574                   │advantages_mean=3.73e-09               │advantages_min=-4.012                 │
│returns_max=14.412                     │returns_mean=-7.693                    │returns_min=-26.073                   │
│rewards=-0.039                         │                                       │                                      │
│                                                                                                                      │
├─────────────────────────────────────────────────── Training/Actor ───────────────────────────────────────────────────┤
│                                                                                                                      │
│actor/approx_kl=0.011                  │actor/clip_fraction=0.108              │actor/clipped_ratio=0.996             │
│actor/dual_cliped_ratio=0.0000         │actor/entropy_loss=0.0000              │actor/grad_norm=14.715                │
│actor/lr=3.00e-04                      │actor/policy_loss=-0.030               │actor/policy_loss_abs=0.752           │
│actor/ratio=1.000                      │actor/ratio_abs=0.109                  │actor/total_loss=1.918                │
│                                                                                                                      │
├────────────────────────────────────────────────── Training/Critic ───────────────────────────────────────────────────┤
│                                                                                                                      │
│critic/explained_variance=0.665        │critic/lr=3.00e-04                     │critic/value_clip_ratio=0.052         │
│critic/value_loss=7.702                │                                       │                                      │
│                                                                                                                      │
╰──────────────────────────────────────────────────────────────────────────────────────────────────────────────────────╯


╭──────────────────────────────────────────────────────────────────────────────────────────────────────────────────────╮
├──────────────────────────────────────────────────── Metric Table ────────────────────────────────────────────────────┤
│ Global Step:   30/100 │ Progress: ████████████░░░░░░░░░░░░░░░░░░░░░░░░░░░░ │  30.0%                                  │
│ Elapsed: 11:37 │ ETA: 27:06 │ Step Time: 23.237s                                                                     │
├──────────────────────────────────────────────────────── Time ────────────────────────────────────────────────────────┤
│                                                                                                                      │
│actor/actor/compute_adv=0.0061         │actor/actor/recv_traj=27.657           │actor/actor/sync_model_to_rollout=0.0…│
│actor/run_training=0.587               │actor_training=0.588                   │cal_adv_and_returns=0.0077            │
│env/env/bootstrap_step=3.60e-04        │env/env_interact_step=23.357           │env/interact=27.644                   │
│env/run_interact_once=27.644           │generate_rollouts=27.670               │rollout/generate_one_epoch=27.648     │
│rollout/predict=0.253                  │rollout/rollout/generate=27.648        │rollout/sync_model_from_actor=0.102   │
│step=28.371                            │sync_weights=0.104                     │                                      │
│                                                                                                                      │
├──────────────────────────────────────────────────── Environment ─────────────────────────────────────────────────────┤
│                                                                                                                      │
│num_trajectories=0                     │                                       │                                      │
│                                                                                                                      │
├────────────────────────────────────────────────────── Rollout ───────────────────────────────────────────────────────┤
│                                                                                                                      │
│advantages_max=4.538                   │advantages_mean=-1.86e-09              │advantages_min=-3.948                 │
│returns_max=23.170                     │returns_mean=-8.776                    │returns_min=-26.691                   │
│rewards=-0.082                         │                                       │                                      │
│                                                                                                                      │
├─────────────────────────────────────────────────── Training/Actor ───────────────────────────────────────────────────┤
│                                                                                                                      │
│actor/approx_kl=0.011                  │actor/clip_fraction=0.093              │actor/clipped_ratio=0.995             │
│actor/dual_cliped_ratio=0.0000         │actor/entropy_loss=0.0000              │actor/grad_norm=17.606                │
│actor/lr=3.00e-04                      │actor/policy_loss=-0.027               │actor/policy_loss_abs=0.746           │
│actor/ratio=0.998                      │actor/ratio_abs=0.101                  │actor/total_loss=1.704                │
│                                                                                                                      │
├────────────────────────────────────────────────── Training/Critic ───────────────────────────────────────────────────┤
│                                                                                                                      │
│critic/explained_variance=0.808        │critic/lr=3.00e-04                     │critic/value_clip_ratio=0.051         │
│critic/value_loss=6.844                │                                       │                                      │
│                                                                                                                      │
╰──────────────────────────────────────────────────────────────────────────────────────────────────────────────────────╯


╭──────────────────────────────────────────────────────────────────────────────────────────────────────────────────────╮
├──────────────────────────────────────────────────── Metric Table ────────────────────────────────────────────────────┤
│ Global Step:   31/100 │ Progress: ████████████░░░░░░░░░░░░░░░░░░░░░░░░░░░░ │  31.0%                                  │
│ Elapsed: 12:02 │ ETA: 26:47 │ Step Time: 23.300s                                                                     │
├──────────────────────────────────────────────────────── Time ────────────────────────────────────────────────────────┤
│                                                                                                                      │
│actor/actor/compute_adv=0.0061         │actor/actor/recv_traj=24.453           │actor/actor/sync_model_to_rollout=0.0…│
│actor/run_training=0.603               │actor_training=0.605                   │cal_adv_and_returns=0.0078            │
│env/env/bootstrap_step=2.58e-04        │env/env_interact_step=20.139           │env/interact=24.447                   │
│env/run_interact_once=24.447           │generate_rollouts=24.468               │rollout/generate_one_epoch=24.444     │
│rollout/predict=0.255                  │rollout/rollout/generate=24.445        │rollout/sync_model_from_actor=0.106   │
│step=25.189                            │sync_weights=0.108                     │                                      │
│                                                                                                                      │
├──────────────────────────────────────────────────── Environment ─────────────────────────────────────────────────────┤
│                                                                                                                      │
│num_trajectories=0                     │                                       │                                      │
│                                                                                                                      │
├────────────────────────────────────────────────────── Rollout ───────────────────────────────────────────────────────┤
│                                                                                                                      │
│advantages_max=3.681                   │advantages_mean=-4.28e-08              │advantages_min=-3.066                 │
│returns_max=19.280                     │returns_mean=-7.664                    │returns_min=-27.153                   │
│rewards=-2.75e-04                      │                                       │                                      │
│                                                                                                                      │
├─────────────────────────────────────────────────── Training/Actor ───────────────────────────────────────────────────┤
│                                                                                                                      │
│actor/approx_kl=0.010                  │actor/clip_fraction=0.087              │actor/clipped_ratio=0.996             │
│actor/dual_cliped_ratio=0.0000         │actor/entropy_loss=0.0000              │actor/grad_norm=19.622                │
│actor/lr=3.00e-04                      │actor/policy_loss=-0.027               │actor/policy_loss_abs=0.778           │
│actor/ratio=0.998                      │actor/ratio_abs=0.097                  │actor/total_loss=1.807                │
│                                                                                                                      │
├────────────────────────────────────────────────── Training/Critic ───────────────────────────────────────────────────┤
│                                                                                                                      │
│critic/explained_variance=0.835        │critic/lr=3.00e-04                     │critic/value_clip_ratio=0.239         │
│critic/value_loss=7.253                │                                       │                                      │
│                                                                                                                      │
╰──────────────────────────────────────────────────────────────────────────────────────────────────────────────────────╯


╭──────────────────────────────────────────────────────────────────────────────────────────────────────────────────────╮
├──────────────────────────────────────────────────── Metric Table ────────────────────────────────────────────────────┤
│ Global Step:   32/100 │ Progress: ████████████░░░░░░░░░░░░░░░░░░░░░░░░░░░░ │  32.0%                                  │
│ Elapsed: 12:30 │ ETA: 26:35 │ Step Time: 23.462s                                                                     │
├──────────────────────────────────────────────────────── Time ────────────────────────────────────────────────────────┤
│                                                                                                                      │
│actor/actor/compute_adv=0.0062         │actor/actor/recv_traj=27.793           │actor/actor/sync_model_to_rollout=0.0…│
│actor/run_training=0.549               │actor_training=0.551                   │cal_adv_and_returns=0.0077            │
│env/env/bootstrap_step=3.66e-04        │env/env_interact_step=23.442           │env/interact=27.780                   │
│env/run_interact_once=27.780           │generate_rollouts=27.804               │rollout/generate_one_epoch=27.784     │
│rollout/predict=0.254                  │rollout/rollout/generate=27.784        │rollout/sync_model_from_actor=0.100   │
│step=28.465                            │sync_weights=0.102                     │                                      │
│                                                                                                                      │
├──────────────────────────────────────────────────── Environment ─────────────────────────────────────────────────────┤
│                                                                                                                      │
│episode_len=1000.0                     │num_trajectories=16                    │return=-23.108292                     │
│reward=-0.023108292                    │                                       │                                      │
│                                                                                                                      │
├────────────────────────────────────────────────────── Rollout ───────────────────────────────────────────────────────┤
│                                                                                                                      │
│advantages_max=4.783                   │advantages_mean=1.49e-08               │advantages_min=-4.182                 │
│returns_max=24.045                     │returns_mean=-2.914                    │returns_min=-24.928                   │
│rewards=0.016                          │                                       │                                      │
│                                                                                                                      │
├─────────────────────────────────────────────────── Training/Actor ───────────────────────────────────────────────────┤
│                                                                                                                      │
│actor/approx_kl=0.011                  │actor/clip_fraction=0.093              │actor/clipped_ratio=0.996             │
│actor/dual_cliped_ratio=0.0000         │actor/entropy_loss=0.0000              │actor/grad_norm=21.150                │
│actor/lr=3.00e-04                      │actor/policy_loss=-0.027               │actor/policy_loss_abs=0.742           │
│actor/ratio=0.999                      │actor/ratio_abs=0.101                  │actor/total_loss=2.372                │
│                                                                                                                      │
├────────────────────────────────────────────────── Training/Critic ───────────────────────────────────────────────────┤
│                                                                                                                      │
│critic/explained_variance=0.672        │critic/lr=3.00e-04                     │critic/value_clip_ratio=0.232         │
│critic/value_loss=9.513                │                                       │                                      │
│                                                                                                                      │
╰──────────────────────────────────────────────────────────────────────────────────────────────────────────────────────╯


╭──────────────────────────────────────────────────────────────────────────────────────────────────────────────────────╮
├──────────────────────────────────────────────────── Metric Table ────────────────────────────────────────────────────┤
│ Global Step:   33/100 │ Progress: █████████████░░░░░░░░░░░░░░░░░░░░░░░░░░░ │  33.0%                                  │
│ Elapsed: 12:55 │ ETA: 26:15 │ Step Time: 23.513s                                                                     │
├──────────────────────────────────────────────────────── Time ────────────────────────────────────────────────────────┤
│                                                                                                                      │
│actor/actor/compute_adv=0.0060         │actor/actor/recv_traj=24.421           │actor/actor/sync_model_to_rollout=0.0…│
│actor/run_training=0.582               │actor_training=0.585                   │cal_adv_and_returns=0.0081            │
│env/env/bootstrap_step=3.61e-04        │env/env_interact_step=20.056           │env/interact=24.414                   │
│env/run_interact_once=24.414           │generate_rollouts=24.436               │rollout/generate_one_epoch=24.417     │
│rollout/predict=0.268                  │rollout/rollout/generate=24.417        │rollout/sync_model_from_actor=0.103   │
│step=25.133                            │sync_weights=0.104                     │                                      │
│                                                                                                                      │
├──────────────────────────────────────────────────── Environment ─────────────────────────────────────────────────────┤
│                                                                                                                      │
│num_trajectories=0                     │                                       │                                      │
│                                                                                                                      │
├────────────────────────────────────────────────────── Rollout ───────────────────────────────────────────────────────┤
│                                                                                                                      │
│advantages_max=4.389                   │advantages_mean=-8.38e-09              │advantages_min=-3.932                 │
│returns_max=24.230                     │returns_mean=-1.610                    │returns_min=-18.513                   │
│rewards=0.070                          │                                       │                                      │
│                                                                                                                      │
├─────────────────────────────────────────────────── Training/Actor ───────────────────────────────────────────────────┤
│                                                                                                                      │
│actor/approx_kl=0.0094                 │actor/clip_fraction=0.093              │actor/clipped_ratio=0.997             │
│actor/dual_cliped_ratio=0.0000         │actor/entropy_loss=0.0000              │actor/grad_norm=24.691                │
│actor/lr=3.00e-04                      │actor/policy_loss=-0.026               │actor/policy_loss_abs=0.740           │
│actor/ratio=1.000                      │actor/ratio_abs=0.100                  │actor/total_loss=2.310                │
│                                                                                                                      │
├────────────────────────────────────────────────── Training/Critic ───────────────────────────────────────────────────┤
│                                                                                                                      │
│critic/explained_variance=0.563        │critic/lr=3.00e-04                     │critic/value_clip_ratio=0.317         │
│critic/value_loss=9.264                │                                       │                                      │
│                                                                                                                      │
╰──────────────────────────────────────────────────────────────────────────────────────────────────────────────────────╯


╭──────────────────────────────────────────────────────────────────────────────────────────────────────────────────────╮
├──────────────────────────────────────────────────── Metric Table ────────────────────────────────────────────────────┤
│ Global Step:   34/100 │ Progress: █████████████░░░░░░░░░░░░░░░░░░░░░░░░░░░ │  34.0%                                  │
│ Elapsed: 13:21 │ ETA: 25:55 │ Step Time: 23.568s                                                                     │
├──────────────────────────────────────────────────────── Time ────────────────────────────────────────────────────────┤
│                                                                                                                      │
│actor/actor/compute_adv=0.0082         │actor/actor/recv_traj=24.685           │actor/actor/sync_model_to_rollout=0.0…│
│actor/run_training=0.572               │actor_training=0.574                   │cal_adv_and_returns=0.0099            │
│env/env/bootstrap_step=3.72e-04        │env/env_interact_step=20.395           │env/interact=24.676                   │
│env/run_interact_once=24.676           │generate_rollouts=24.695               │rollout/generate_one_epoch=24.679     │
│rollout/predict=0.256                  │rollout/rollout/generate=24.679        │rollout/sync_model_from_actor=0.098   │
│step=25.379                            │sync_weights=0.100                     │                                      │
│                                                                                                                      │
├──────────────────────────────────────────────────── Environment ─────────────────────────────────────────────────────┤
│                                                                                                                      │
│num_trajectories=0                     │                                       │                                      │
│                                                                                                                      │
├────────────────────────────────────────────────────── Rollout ───────────────────────────────────────────────────────┤
│                                                                                                                      │
│advantages_max=3.322                   │advantages_mean=-2.24e-08              │advantages_min=-4.070                 │
│returns_max=23.078                     │returns_mean=-0.883                    │returns_min=-21.908                   │
│rewards=0.062                          │                                       │                                      │
│                                                                                                                      │
├─────────────────────────────────────────────────── Training/Actor ───────────────────────────────────────────────────┤
│                                                                                                                      │
│actor/approx_kl=0.0057                 │actor/clip_fraction=0.087              │actor/clipped_ratio=1.000             │
│actor/dual_cliped_ratio=0.0000         │actor/entropy_loss=0.0000              │actor/grad_norm=25.645                │
│actor/lr=3.00e-04                      │actor/policy_loss=-0.024               │actor/policy_loss_abs=0.735           │
│actor/ratio=1.003                      │actor/ratio_abs=0.097                  │actor/total_loss=2.874                │
│                                                                                                                      │
├────────────────────────────────────────────────── Training/Critic ───────────────────────────────────────────────────┤
│                                                                                                                      │
│critic/explained_variance=0.498        │critic/lr=3.00e-04                     │critic/value_clip_ratio=0.203         │
│critic/value_loss=11.520               │                                       │                                      │
│                                                                                                                      │
╰──────────────────────────────────────────────────────────────────────────────────────────────────────────────────────╯


╭──────────────────────────────────────────────────────────────────────────────────────────────────────────────────────╮
├──────────────────────────────────────────────────── Metric Table ────────────────────────────────────────────────────┤
│ Global Step:   35/100 │ Progress: ██████████████░░░░░░░░░░░░░░░░░░░░░░░░░░ │  35.0%                                  │
│ Elapsed: 13:46 │ ETA: 25:34 │ Step Time: 23.605s                                                                     │
├──────────────────────────────────────────────────────── Time ────────────────────────────────────────────────────────┤
│                                                                                                                      │
│actor/actor/compute_adv=0.0060         │actor/actor/recv_traj=24.123           │actor/actor/sync_model_to_rollout=0.0…│
│actor/run_training=0.577               │actor_training=0.579                   │cal_adv_and_returns=0.0073            │
│env/env/bootstrap_step=3.46e-04        │env/env_interact_step=19.886           │env/interact=24.115                   │
│env/run_interact_once=24.115           │generate_rollouts=24.132               │rollout/generate_one_epoch=24.117     │
│rollout/predict=0.244                  │rollout/rollout/generate=24.118        │rollout/sync_model_from_actor=0.101   │
│step=24.822                            │sync_weights=0.103                     │                                      │
│                                                                                                                      │
├──────────────────────────────────────────────────── Environment ─────────────────────────────────────────────────────┤
│                                                                                                                      │
│num_trajectories=0                     │                                       │                                      │
│                                                                                                                      │
├────────────────────────────────────────────────────── Rollout ───────────────────────────────────────────────────────┤
│                                                                                                                      │
│advantages_max=3.854                   │advantages_mean=1.86e-09               │advantages_min=-4.503                 │
│returns_max=21.963                     │returns_mean=-1.806                    │returns_min=-28.734                   │
│rewards=0.054                          │                                       │                                      │
│                                                                                                                      │
├─────────────────────────────────────────────────── Training/Actor ───────────────────────────────────────────────────┤
│                                                                                                                      │
│actor/approx_kl=0.010                  │actor/clip_fraction=0.094              │actor/clipped_ratio=0.996             │
│actor/dual_cliped_ratio=0.0000         │actor/entropy_loss=0.0000              │actor/grad_norm=23.928                │
│actor/lr=3.00e-04                      │actor/policy_loss=-0.026               │actor/policy_loss_abs=0.761           │
│actor/ratio=0.999                      │actor/ratio_abs=0.101                  │actor/total_loss=2.155                │
│                                                                                                                      │
├────────────────────────────────────────────────── Training/Critic ───────────────────────────────────────────────────┤
│                                                                                                                      │
│critic/explained_variance=0.637        │critic/lr=3.00e-04                     │critic/value_clip_ratio=0.262         │
│critic/value_loss=8.644                │                                       │                                      │
│                                                                                                                      │
╰──────────────────────────────────────────────────────────────────────────────────────────────────────────────────────╯


╭──────────────────────────────────────────────────────────────────────────────────────────────────────────────────────╮
├──────────────────────────────────────────────────── Metric Table ────────────────────────────────────────────────────┤
│ Global Step:   36/100 │ Progress: ██████████████░░░░░░░░░░░░░░░░░░░░░░░░░░ │  36.0%                                  │
│ Elapsed: 14:09 │ ETA: 25:10 │ Step Time: 23.603s                                                                     │
├──────────────────────────────────────────────────────── Time ────────────────────────────────────────────────────────┤
│                                                                                                                      │
│actor/actor/compute_adv=0.0061         │actor/actor/recv_traj=22.817           │actor/actor/sync_model_to_rollout=0.0…│
│actor/run_training=0.589               │actor_training=0.591                   │cal_adv_and_returns=0.0075            │
│env/env/bootstrap_step=3.49e-04        │env/env_interact_step=18.383           │env/interact=22.811                   │
│env/run_interact_once=22.811           │generate_rollouts=22.832               │rollout/generate_one_epoch=22.812     │
│rollout/predict=0.261                  │rollout/rollout/generate=22.813        │rollout/sync_model_from_actor=0.106   │
│step=23.539                            │sync_weights=0.108                     │                                      │
│                                                                                                                      │
├──────────────────────────────────────────────────── Environment ─────────────────────────────────────────────────────┤
│                                                                                                                      │
│episode_len=1000.0                     │num_trajectories=16                    │return=64.26821                       │
│reward=0.06426822                      │                                       │                                      │
│                                                                                                                      │
├────────────────────────────────────────────────────── Rollout ───────────────────────────────────────────────────────┤
│                                                                                                                      │
│advantages_max=3.070                   │advantages_mean=7.45e-09               │advantages_min=-5.032                 │
│returns_max=19.772                     │returns_mean=0.539                     │returns_min=-24.414                   │
│rewards=0.079                          │                                       │                                      │
│                                                                                                                      │
├─────────────────────────────────────────────────── Training/Actor ───────────────────────────────────────────────────┤
│                                                                                                                      │
│actor/approx_kl=0.012                  │actor/clip_fraction=0.097              │actor/clipped_ratio=0.994             │
│actor/dual_cliped_ratio=0.0000         │actor/entropy_loss=0.0000              │actor/grad_norm=21.796                │
│actor/lr=3.00e-04                      │actor/policy_loss=-0.027               │actor/policy_loss_abs=0.726           │
│actor/ratio=0.997                      │actor/ratio_abs=0.102                  │actor/total_loss=2.686                │
│                                                                                                                      │
├────────────────────────────────────────────────── Training/Critic ───────────────────────────────────────────────────┤
│                                                                                                                      │
│critic/explained_variance=0.482        │critic/lr=3.00e-04                     │critic/value_clip_ratio=0.306         │
│critic/value_loss=10.773               │                                       │                                      │
│                                                                                                                      │
╰──────────────────────────────────────────────────────────────────────────────────────────────────────────────────────╯


╭──────────────────────────────────────────────────────────────────────────────────────────────────────────────────────╮
├──────────────────────────────────────────────────── Metric Table ────────────────────────────────────────────────────┤
│ Global Step:   37/100 │ Progress: ██████████████░░░░░░░░░░░░░░░░░░░░░░░░░░ │  37.0%                                  │
│ Elapsed: 14:37 │ ETA: 24:54 │ Step Time: 23.722s                                                                     │
├──────────────────────────────────────────────────────── Time ────────────────────────────────────────────────────────┤
│                                                                                                                      │
│actor/actor/compute_adv=0.0061         │actor/actor/recv_traj=27.303           │actor/actor/sync_model_to_rollout=0.0…│
│actor/run_training=0.577               │actor_training=0.579                   │cal_adv_and_returns=0.0075            │
│env/env/bootstrap_step=3.59e-04        │env/env_interact_step=22.922           │env/interact=27.295                   │
│env/run_interact_once=27.295           │generate_rollouts=27.316               │rollout/generate_one_epoch=27.296     │
│rollout/predict=0.254                  │rollout/rollout/generate=27.296        │rollout/sync_model_from_actor=0.101   │
│step=28.006                            │sync_weights=0.103                     │                                      │
│                                                                                                                      │
├──────────────────────────────────────────────────── Environment ─────────────────────────────────────────────────────┤
│                                                                                                                      │
│num_trajectories=0                     │                                       │                                      │
│                                                                                                                      │
├────────────────────────────────────────────────────── Rollout ───────────────────────────────────────────────────────┤
│                                                                                                                      │
│advantages_max=3.480                   │advantages_mean=0.0000                 │advantages_min=-3.547                 │
│returns_max=22.730                     │returns_mean=1.101                     │returns_min=-17.258                   │
│rewards=0.079                          │                                       │                                      │
│                                                                                                                      │
├─────────────────────────────────────────────────── Training/Actor ───────────────────────────────────────────────────┤
│                                                                                                                      │
│actor/approx_kl=0.0090                 │actor/clip_fraction=0.105              │actor/clipped_ratio=0.997             │
│actor/dual_cliped_ratio=0.0000         │actor/entropy_loss=0.0000              │actor/grad_norm=22.344                │
│actor/lr=3.00e-04                      │actor/policy_loss=-0.028               │actor/policy_loss_abs=0.787           │
│actor/ratio=1.001                      │actor/ratio_abs=0.106                  │actor/total_loss=2.754                │
│                                                                                                                      │
├────────────────────────────────────────────────── Training/Critic ───────────────────────────────────────────────────┤
│                                                                                                                      │
│critic/explained_variance=0.387        │critic/lr=3.00e-04                     │critic/value_clip_ratio=0.228         │
│critic/value_loss=11.045               │                                       │                                      │
│                                                                                                                      │
╰──────────────────────────────────────────────────────────────────────────────────────────────────────────────────────╯


╭──────────────────────────────────────────────────────────────────────────────────────────────────────────────────────╮
├──────────────────────────────────────────────────── Metric Table ────────────────────────────────────────────────────┤
│ Global Step:   38/100 │ Progress: ███████████████░░░░░░░░░░░░░░░░░░░░░░░░░ │  38.0%                                  │
│ Elapsed: 15:06 │ ETA: 24:38 │ Step Time: 23.851s                                                                     │
├──────────────────────────────────────────────────────── Time ────────────────────────────────────────────────────────┤
│                                                                                                                      │
│actor/actor/compute_adv=0.0061         │actor/actor/recv_traj=27.889           │actor/actor/sync_model_to_rollout=0.0…│
│actor/run_training=0.576               │actor_training=0.577                   │cal_adv_and_returns=0.0073            │
│env/env/bootstrap_step=3.49e-04        │env/env_interact_step=23.542           │env/interact=27.881                   │
│env/run_interact_once=27.881           │generate_rollouts=27.902               │rollout/generate_one_epoch=27.883     │
│rollout/predict=0.256                  │rollout/rollout/generate=27.883        │rollout/sync_model_from_actor=0.112   │
│step=28.601                            │sync_weights=0.114                     │                                      │
│                                                                                                                      │
├──────────────────────────────────────────────────── Environment ─────────────────────────────────────────────────────┤
│                                                                                                                      │
│num_trajectories=0                     │                                       │                                      │
│                                                                                                                      │
├────────────────────────────────────────────────────── Rollout ───────────────────────────────────────────────────────┤
│                                                                                                                      │
│advantages_max=4.036                   │advantages_mean=-1.12e-08              │advantages_min=-5.382                 │
│returns_max=26.878                     │returns_mean=1.645                     │returns_min=-30.566                   │
│rewards=0.082                          │                                       │                                      │
│                                                                                                                      │
├─────────────────────────────────────────────────── Training/Actor ───────────────────────────────────────────────────┤
│                                                                                                                      │
│actor/approx_kl=0.010                  │actor/clip_fraction=0.111              │actor/clipped_ratio=0.996             │
│actor/dual_cliped_ratio=0.0000         │actor/entropy_loss=0.0000              │actor/grad_norm=20.365                │
│actor/lr=3.00e-04                      │actor/policy_loss=-0.030               │actor/policy_loss_abs=0.737           │
│actor/ratio=1.000                      │actor/ratio_abs=0.107                  │actor/total_loss=2.966                │
│                                                                                                                      │
├────────────────────────────────────────────────── Training/Critic ───────────────────────────────────────────────────┤
│                                                                                                                      │
│critic/explained_variance=0.404        │critic/lr=3.00e-04                     │critic/value_clip_ratio=0.242         │
│critic/value_loss=11.893               │                                       │                                      │
│                                                                                                                      │
╰──────────────────────────────────────────────────────────────────────────────────────────────────────────────────────╯


╭──────────────────────────────────────────────────────────────────────────────────────────────────────────────────────╮
├──────────────────────────────────────────────────── Metric Table ────────────────────────────────────────────────────┤
│ Global Step:   39/100 │ Progress: ███████████████░░░░░░░░░░░░░░░░░░░░░░░░░ │  39.0%                                  │
│ Elapsed: 15:32 │ ETA: 24:19 │ Step Time: 23.918s                                                                     │
├──────────────────────────────────────────────────────── Time ────────────────────────────────────────────────────────┤
│                                                                                                                      │
│actor/actor/compute_adv=0.0078         │actor/actor/recv_traj=25.734           │actor/actor/sync_model_to_rollout=0.0…│
│actor/run_training=0.583               │actor_training=0.585                   │cal_adv_and_returns=0.0096            │
│env/env/bootstrap_step=2.40e-04        │env/env_interact_step=21.467           │env/interact=25.727                   │
│env/run_interact_once=25.727           │generate_rollouts=25.747               │rollout/generate_one_epoch=25.723     │
│rollout/predict=0.236                  │rollout/rollout/generate=25.724        │rollout/sync_model_from_actor=0.104   │
│step=26.449                            │sync_weights=0.107                     │                                      │
│                                                                                                                      │
├──────────────────────────────────────────────────── Environment ─────────────────────────────────────────────────────┤
│                                                                                                                      │
│num_trajectories=0                     │                                       │                                      │
│                                                                                                                      │
├────────────────────────────────────────────────────── Rollout ───────────────────────────────────────────────────────┤
│                                                                                                                      │
│advantages_max=4.034                   │advantages_mean=-1.12e-08              │advantages_min=-4.370                 │
│returns_max=30.076                     │returns_mean=3.393                     │returns_min=-20.428                   │
│rewards=0.132                          │                                       │                                      │
│                                                                                                                      │
├─────────────────────────────────────────────────── Training/Actor ───────────────────────────────────────────────────┤
│                                                                                                                      │
│actor/approx_kl=0.0064                 │actor/clip_fraction=0.091              │actor/clipped_ratio=0.998             │
│actor/dual_cliped_ratio=0.0000         │actor/entropy_loss=0.0000              │actor/grad_norm=25.260                │
│actor/lr=3.00e-04                      │actor/policy_loss=-0.029               │actor/policy_loss_abs=0.747           │
│actor/ratio=1.003                      │actor/ratio_abs=0.098                  │actor/total_loss=2.886                │
│                                                                                                                      │
├────────────────────────────────────────────────── Training/Critic ───────────────────────────────────────────────────┤
│                                                                                                                      │
│critic/explained_variance=0.410        │critic/lr=3.00e-04                     │critic/value_clip_ratio=0.383         │
│critic/value_loss=11.574               │                                       │                                      │
│                                                                                                                      │
╰──────────────────────────────────────────────────────────────────────────────────────────────────────────────────────╯


╭──────────────────────────────────────────────────────────────────────────────────────────────────────────────────────╮
├──────────────────────────────────────────────────── Metric Table ────────────────────────────────────────────────────┤
│ Global Step:   40/100 │ Progress: ████████████████░░░░░░░░░░░░░░░░░░░░░░░░ │  40.0%                                  │
│ Elapsed: 16:00 │ ETA: 24:00 │ Step Time: 24.009s                                                                     │
├──────────────────────────────────────────────────────── Time ────────────────────────────────────────────────────────┤
│                                                                                                                      │
│actor/actor/compute_adv=0.0061         │actor/actor/recv_traj=26.691           │actor/actor/sync_model_to_rollout=0.0…│
│actor/run_training=0.579               │actor_training=0.581                   │cal_adv_and_returns=0.0072            │
│env/env/bootstrap_step=4.10e-04        │env/env_interact_step=22.240           │env/interact=26.679                   │
│env/run_interact_once=26.679           │generate_rollouts=26.702               │rollout/generate_one_epoch=26.681     │
│rollout/predict=0.266                  │rollout/rollout/generate=26.681        │rollout/sync_model_from_actor=0.101   │
│step=27.520                            │sync_weights=0.104                     │                                      │
│                                                                                                                      │
├──────────────────────────────────────────────────── Environment ─────────────────────────────────────────────────────┤
│                                                                                                                      │
│episode_len=1000.0                     │num_trajectories=16                    │return=94.711624                      │
│reward=0.094711624                     │                                       │                                      │
│                                                                                                                      │
├────────────────────────────────────────────────────── Rollout ───────────────────────────────────────────────────────┤
│                                                                                                                      │
│advantages_max=3.826                   │advantages_mean=-1.49e-08              │advantages_min=-4.266                 │
│returns_max=26.989                     │returns_mean=3.117                     │returns_min=-20.443                   │
│rewards=0.085                          │                                       │                                      │
│                                                                                                                      │
├─────────────────────────────────────────────────── Training/Actor ───────────────────────────────────────────────────┤
│                                                                                                                      │
│actor/approx_kl=0.011                  │actor/clip_fraction=0.100              │actor/clipped_ratio=0.996             │
│actor/dual_cliped_ratio=0.0000         │actor/entropy_loss=0.0000              │actor/grad_norm=24.642                │
│actor/lr=3.00e-04                      │actor/policy_loss=-0.027               │actor/policy_loss_abs=0.767           │
│actor/ratio=0.999                      │actor/ratio_abs=0.103                  │actor/total_loss=3.406                │
│                                                                                                                      │
├────────────────────────────────────────────────── Training/Critic ───────────────────────────────────────────────────┤
│                                                                                                                      │
│critic/explained_variance=0.491        │critic/lr=3.00e-04                     │critic/value_clip_ratio=0.165         │
│critic/value_loss=13.653               │                                       │                                      │
│                                                                                                                      │
╰──────────────────────────────────────────────────────────────────────────────────────────────────────────────────────╯


╭──────────────────────────────────────────────────────────────────────────────────────────────────────────────────────╮
├──────────────────────────────────────────────────── Metric Table ────────────────────────────────────────────────────┤
│ Global Step:   41/100 │ Progress: ████████████████░░░░░░░░░░░░░░░░░░░░░░░░ │  41.0%                                  │
│ Elapsed: 16:44 │ ETA: 24:04 │ Step Time: 24.490s                                                                     │
├──────────────────────────────────────────────────────── Time ────────────────────────────────────────────────────────┤
│                                                                                                                      │
│actor/actor/compute_adv=0.0067         │actor/actor/recv_traj=43.036           │actor/actor/sync_model_to_rollout=0.0…│
│actor/run_training=0.584               │actor_training=0.586                   │cal_adv_and_returns=0.0078            │
│env/env/bootstrap_step=4.15e-04        │env/env_interact_step=38.576           │env/interact=43.023                   │
│env/run_interact_once=43.023           │generate_rollouts=43.049               │rollout/generate_one_epoch=43.027     │
│rollout/predict=0.264                  │rollout/rollout/generate=43.028        │rollout/sync_model_from_actor=0.100   │
│step=43.745                            │sync_weights=0.102                     │                                      │
│                                                                                                                      │
├──────────────────────────────────────────────────── Environment ─────────────────────────────────────────────────────┤
│                                                                                                                      │
│num_trajectories=0                     │                                       │                                      │
│                                                                                                                      │
├────────────────────────────────────────────────────── Rollout ───────────────────────────────────────────────────────┤
│                                                                                                                      │
│advantages_max=3.502                   │advantages_mean=-1.40e-08              │advantages_min=-3.563                 │
│returns_max=24.374                     │returns_mean=4.378                     │returns_min=-17.243                   │
│rewards=0.141                          │                                       │                                      │
│                                                                                                                      │
├─────────────────────────────────────────────────── Training/Actor ───────────────────────────────────────────────────┤
│                                                                                                                      │
│actor/approx_kl=0.010                  │actor/clip_fraction=0.109              │actor/clipped_ratio=0.997             │
│actor/dual_cliped_ratio=0.0000         │actor/entropy_loss=0.0000              │actor/grad_norm=25.062                │
│actor/lr=3.00e-04                      │actor/policy_loss=-0.030               │actor/policy_loss_abs=0.771           │
│actor/ratio=1.000                      │actor/ratio_abs=0.107                  │actor/total_loss=2.639                │
│                                                                                                                      │
├────────────────────────────────────────────────── Training/Critic ───────────────────────────────────────────────────┤
│                                                                                                                      │
│critic/explained_variance=0.497        │critic/lr=3.00e-04                     │critic/value_clip_ratio=0.328         │
│critic/value_loss=10.585               │                                       │                                      │
│                                                                                                                      │
╰──────────────────────────────────────────────────────────────────────────────────────────────────────────────────────╯


╭──────────────────────────────────────────────────────────────────────────────────────────────────────────────────────╮
├──────────────────────────────────────────────────── Metric Table ────────────────────────────────────────────────────┤
│ Global Step:   42/100 │ Progress: ████████████████░░░░░░░░░░░░░░░░░░░░░░░░ │  42.0%                                  │
│ Elapsed: 17:07 │ ETA: 23:39 │ Step Time: 24.474s                                                                     │
├──────────────────────────────────────────────────────── Time ────────────────────────────────────────────────────────┤
│                                                                                                                      │
│actor/actor/compute_adv=0.0068         │actor/actor/recv_traj=23.062           │actor/actor/sync_model_to_rollout=0.0…│
│actor/run_training=0.593               │actor_training=0.595                   │cal_adv_and_returns=0.0084            │
│env/env/bootstrap_step=3.44e-04        │env/env_interact_step=18.752           │env/interact=23.051                   │
│env/run_interact_once=23.051           │generate_rollouts=23.075               │rollout/generate_one_epoch=23.052     │
│rollout/predict=0.259                  │rollout/rollout/generate=23.052        │rollout/sync_model_from_actor=0.100   │
│step=23.780                            │sync_weights=0.101                     │                                      │
│                                                                                                                      │
├──────────────────────────────────────────────────── Environment ─────────────────────────────────────────────────────┤
│                                                                                                                      │
│num_trajectories=0                     │                                       │                                      │
│                                                                                                                      │
├────────────────────────────────────────────────────── Rollout ───────────────────────────────────────────────────────┤
│                                                                                                                      │
│advantages_max=3.233                   │advantages_mean=3.73e-09               │advantages_min=-4.915                 │
│returns_max=20.144                     │returns_mean=3.692                     │returns_min=-21.220                   │
│rewards=0.107                          │                                       │                                      │
│                                                                                                                      │
├─────────────────────────────────────────────────── Training/Actor ───────────────────────────────────────────────────┤
│                                                                                                                      │
│actor/approx_kl=0.012                  │actor/clip_fraction=0.108              │actor/clipped_ratio=0.995             │
│actor/dual_cliped_ratio=0.0000         │actor/entropy_loss=0.0000              │actor/grad_norm=23.708                │
│actor/lr=3.00e-04                      │actor/policy_loss=-0.030               │actor/policy_loss_abs=0.777           │
│actor/ratio=0.998                      │actor/ratio_abs=0.105                  │actor/total_loss=3.037                │
│                                                                                                                      │
├────────────────────────────────────────────────── Training/Critic ───────────────────────────────────────────────────┤
│                                                                                                                      │
│critic/explained_variance=0.554        │critic/lr=3.00e-04                     │critic/value_clip_ratio=0.241         │
│critic/value_loss=12.177               │                                       │                                      │
│                                                                                                                      │
╰──────────────────────────────────────────────────────────────────────────────────────────────────────────────────────╯


╭──────────────────────────────────────────────────────────────────────────────────────────────────────────────────────╮
├──────────────────────────────────────────────────── Metric Table ────────────────────────────────────────────────────┤
│ Global Step:   43/100 │ Progress: █████████████████░░░░░░░░░░░░░░░░░░░░░░░ │  43.0%                                  │
│ Elapsed: 17:30 │ ETA: 23:11 │ Step Time: 24.420s                                                                     │
├──────────────────────────────────────────────────────── Time ────────────────────────────────────────────────────────┤
│                                                                                                                      │
│actor/actor/compute_adv=0.0070         │actor/actor/recv_traj=21.452           │actor/actor/sync_model_to_rollout=0.0…│
│actor/run_training=0.582               │actor_training=0.584                   │cal_adv_and_returns=0.0085            │
│env/env/bootstrap_step=2.42e-04        │env/env_interact_step=17.076           │env/interact=21.443                   │
│env/run_interact_once=21.442           │generate_rollouts=21.465               │rollout/generate_one_epoch=21.442     │
│rollout/predict=0.275                  │rollout/rollout/generate=21.442        │rollout/sync_model_from_actor=0.100   │
│step=22.158                            │sync_weights=0.101                     │                                      │
│                                                                                                                      │
├──────────────────────────────────────────────────── Environment ─────────────────────────────────────────────────────┤
│                                                                                                                      │
│episode_len=1000.0                     │num_trajectories=16                    │return=107.35115                      │
│reward=0.10735116                      │                                       │                                      │
│                                                                                                                      │
├────────────────────────────────────────────────────── Rollout ───────────────────────────────────────────────────────┤
│                                                                                                                      │
│advantages_max=3.264                   │advantages_mean=2.24e-08               │advantages_min=-4.107                 │
│returns_max=21.290                     │returns_mean=4.393                     │returns_min=-21.354                   │
│rewards=0.111                          │                                       │                                      │
│                                                                                                                      │
├─────────────────────────────────────────────────── Training/Actor ───────────────────────────────────────────────────┤
│                                                                                                                      │
│actor/approx_kl=0.013                  │actor/clip_fraction=0.116              │actor/clipped_ratio=0.995             │
│actor/dual_cliped_ratio=0.0000         │actor/entropy_loss=0.0000              │actor/grad_norm=22.796                │
│actor/lr=3.00e-04                      │actor/policy_loss=-0.031               │actor/policy_loss_abs=0.770           │
│actor/ratio=0.998                      │actor/ratio_abs=0.110                  │actor/total_loss=2.589                │
│                                                                                                                      │
├────────────────────────────────────────────────── Training/Critic ───────────────────────────────────────────────────┤
│                                                                                                                      │
│critic/explained_variance=0.587        │critic/lr=3.00e-04                     │critic/value_clip_ratio=0.258         │
│critic/value_loss=10.386               │                                       │                                      │
│                                                                                                                      │
╰──────────────────────────────────────────────────────────────────────────────────────────────────────────────────────╯


╭──────────────────────────────────────────────────────────────────────────────────────────────────────────────────────╮
├──────────────────────────────────────────────────── Metric Table ────────────────────────────────────────────────────┤
│ Global Step:   44/100 │ Progress: █████████████████░░░░░░░░░░░░░░░░░░░░░░░ │  44.0%                                  │
│ Elapsed: 17:54 │ ETA: 22:46 │ Step Time: 24.411s                                                                     │
├──────────────────────────────────────────────────────── Time ────────────────────────────────────────────────────────┤
│                                                                                                                      │
│actor/actor/compute_adv=0.0061         │actor/actor/recv_traj=23.259           │actor/actor/sync_model_to_rollout=0.0…│
│actor/run_training=0.592               │actor_training=0.594                   │cal_adv_and_returns=0.0073            │
│env/env/bootstrap_step=3.41e-04        │env/env_interact_step=18.863           │env/interact=23.254                   │
│env/run_interact_once=23.254           │generate_rollouts=23.275               │rollout/generate_one_epoch=23.255     │
│rollout/predict=0.257                  │rollout/rollout/generate=23.255        │rollout/sync_model_from_actor=0.111   │
│step=23.988                            │sync_weights=0.112                     │                                      │
│                                                                                                                      │
├──────────────────────────────────────────────────── Environment ─────────────────────────────────────────────────────┤
│                                                                                                                      │
│num_trajectories=0                     │                                       │                                      │
│                                                                                                                      │
├────────────────────────────────────────────────────── Rollout ───────────────────────────────────────────────────────┤
│                                                                                                                      │
│advantages_max=2.781                   │advantages_mean=-2.61e-08              │advantages_min=-4.061                 │
│returns_max=24.151                     │returns_mean=5.601                     │returns_min=-20.970                   │
│rewards=0.094                          │                                       │                                      │
│                                                                                                                      │
├─────────────────────────────────────────────────── Training/Actor ───────────────────────────────────────────────────┤
│                                                                                                                      │
│actor/approx_kl=0.012                  │actor/clip_fraction=0.122              │actor/clipped_ratio=0.995             │
│actor/dual_cliped_ratio=0.0000         │actor/entropy_loss=0.0000              │actor/grad_norm=22.640                │
│actor/lr=3.00e-04                      │actor/policy_loss=-0.032               │actor/policy_loss_abs=0.782           │
│actor/ratio=1.000                      │actor/ratio_abs=0.112                  │actor/total_loss=2.883                │
│                                                                                                                      │
├────────────────────────────────────────────────── Training/Critic ───────────────────────────────────────────────────┤
│                                                                                                                      │
│critic/explained_variance=0.531        │critic/lr=3.00e-04                     │critic/value_clip_ratio=0.101         │
│critic/value_loss=11.565               │                                       │                                      │
│                                                                                                                      │
╰──────────────────────────────────────────────────────────────────────────────────────────────────────────────────────╯


╭──────────────────────────────────────────────────────────────────────────────────────────────────────────────────────╮
├──────────────────────────────────────────────────── Metric Table ────────────────────────────────────────────────────┤
│ Global Step:   45/100 │ Progress: ██████████████████░░░░░░░░░░░░░░░░░░░░░░ │  45.0%                                  │
│ Elapsed: 18:16 │ ETA: 22:20 │ Step Time: 24.371s                                                                     │
├──────────────────────────────────────────────────────── Time ────────────────────────────────────────────────────────┤
│                                                                                                                      │
│actor/actor/compute_adv=0.0079         │actor/actor/recv_traj=21.909           │actor/actor/sync_model_to_rollout=0.0…│
│actor/run_training=0.573               │actor_training=0.575                   │cal_adv_and_returns=0.0098            │
│env/env/bootstrap_step=3.59e-04        │env/env_interact_step=17.617           │env/interact=21.893                   │
│env/run_interact_once=21.893           │generate_rollouts=21.917               │rollout/generate_one_epoch=21.893     │
│rollout/predict=0.242                  │rollout/rollout/generate=21.894        │rollout/sync_model_from_actor=0.100   │
│step=22.603                            │sync_weights=0.101                     │                                      │
│                                                                                                                      │
├──────────────────────────────────────────────────── Environment ─────────────────────────────────────────────────────┤
│                                                                                                                      │
│num_trajectories=0                     │                                       │                                      │
│                                                                                                                      │
├────────────────────────────────────────────────────── Rollout ───────────────────────────────────────────────────────┤
│                                                                                                                      │
│advantages_max=4.030                   │advantages_mean=0.0000                 │advantages_min=-4.775                 │
│returns_max=31.009                     │returns_mean=5.202                     │returns_min=-21.088                   │
│rewards=0.108                          │                                       │                                      │
│                                                                                                                      │
├─────────────────────────────────────────────────── Training/Actor ───────────────────────────────────────────────────┤
│                                                                                                                      │
│actor/approx_kl=0.011                  │actor/clip_fraction=0.107              │actor/clipped_ratio=0.996             │
│actor/dual_cliped_ratio=0.0000         │actor/entropy_loss=0.0000              │actor/grad_norm=23.536                │
│actor/lr=3.00e-04                      │actor/policy_loss=-0.031               │actor/policy_loss_abs=0.749           │
│actor/ratio=1.000                      │actor/ratio_abs=0.107                  │actor/total_loss=2.638                │
│                                                                                                                      │
├────────────────────────────────────────────────── Training/Critic ───────────────────────────────────────────────────┤
│                                                                                                                      │
│critic/explained_variance=0.707        │critic/lr=3.00e-04                     │critic/value_clip_ratio=0.247         │
│critic/value_loss=10.585               │                                       │                                      │
│                                                                                                                      │
╰──────────────────────────────────────────────────────────────────────────────────────────────────────────────────────╯


╭──────────────────────────────────────────────────────────────────────────────────────────────────────────────────────╮
├──────────────────────────────────────────────────── Metric Table ────────────────────────────────────────────────────┤
│ Global Step:   46/100 │ Progress: ██████████████████░░░░░░░░░░░░░░░░░░░░░░ │  46.0%                                  │
│ Elapsed: 18:39 │ ETA: 21:53 │ Step Time: 24.326s                                                                     │
├──────────────────────────────────────────────────────── Time ────────────────────────────────────────────────────────┤
│                                                                                                                      │
│actor/actor/compute_adv=0.0060         │actor/actor/recv_traj=21.604           │actor/actor/sync_model_to_rollout=0.0…│
│actor/run_training=0.576               │actor_training=0.578                   │cal_adv_and_returns=0.0073            │
│env/env/bootstrap_step=3.77e-04        │env/env_interact_step=17.307           │env/interact=21.593                   │
│env/run_interact_once=21.593           │generate_rollouts=21.612               │rollout/generate_one_epoch=21.595     │
│rollout/predict=0.244                  │rollout/rollout/generate=21.595        │rollout/sync_model_from_actor=0.119   │
│step=22.318                            │sync_weights=0.121                     │                                      │
│                                                                                                                      │
├──────────────────────────────────────────────────── Environment ─────────────────────────────────────────────────────┤
│                                                                                                                      │
│num_trajectories=0                     │                                       │                                      │
│                                                                                                                      │
├────────────────────────────────────────────────────── Rollout ───────────────────────────────────────────────────────┤
│                                                                                                                      │
│advantages_max=3.646                   │advantages_mean=-7.45e-09              │advantages_min=-4.373                 │
│returns_max=24.890                     │returns_mean=5.938                     │returns_min=-23.212                   │
│rewards=0.113                          │                                       │                                      │
│                                                                                                                      │
├─────────────────────────────────────────────────── Training/Actor ───────────────────────────────────────────────────┤
│                                                                                                                      │
│actor/approx_kl=0.011                  │actor/clip_fraction=0.099              │actor/clipped_ratio=0.996             │
│actor/dual_cliped_ratio=0.0000         │actor/entropy_loss=0.0000              │actor/grad_norm=35.585                │
│actor/lr=3.00e-04                      │actor/policy_loss=-0.027               │actor/policy_loss_abs=0.764           │
│actor/ratio=0.999                      │actor/ratio_abs=0.103                  │actor/total_loss=3.026                │
│                                                                                                                      │
├────────────────────────────────────────────────── Training/Critic ───────────────────────────────────────────────────┤
│                                                                                                                      │
│critic/explained_variance=0.638        │critic/lr=3.00e-04                     │critic/value_clip_ratio=0.222         │
│critic/value_loss=12.133               │                                       │                                      │
│                                                                                                                      │
╰──────────────────────────────────────────────────────────────────────────────────────────────────────────────────────╯


╭──────────────────────────────────────────────────────────────────────────────────────────────────────────────────────╮
├──────────────────────────────────────────────────── Metric Table ────────────────────────────────────────────────────┤
│ Global Step:   47/100 │ Progress: ██████████████████░░░░░░░░░░░░░░░░░░░░░░ │  47.0%                                  │
│ Elapsed: 19:01 │ ETA: 21:27 │ Step Time: 24.284s                                                                     │
├──────────────────────────────────────────────────────── Time ────────────────────────────────────────────────────────┤
│                                                                                                                      │
│actor/actor/compute_adv=0.0061         │actor/actor/recv_traj=21.627           │actor/actor/sync_model_to_rollout=0.0…│
│actor/run_training=0.581               │actor_training=0.584                   │cal_adv_and_returns=0.0082            │
│env/env/bootstrap_step=3.66e-04        │env/env_interact_step=17.276           │env/interact=21.618                   │
│env/run_interact_once=21.618           │generate_rollouts=21.637               │rollout/generate_one_epoch=21.623     │
│rollout/predict=0.257                  │rollout/rollout/generate=21.624        │rollout/sync_model_from_actor=0.098   │
│step=22.330                            │sync_weights=0.100                     │                                      │
│                                                                                                                      │
├──────────────────────────────────────────────────── Environment ─────────────────────────────────────────────────────┤
│                                                                                                                      │
│episode_len=1000.0                     │num_trajectories=16                    │return=122.63123                      │
│reward=0.12263124                      │                                       │                                      │
│                                                                                                                      │
├────────────────────────────────────────────────────── Rollout ───────────────────────────────────────────────────────┤
│                                                                                                                      │
│advantages_max=3.190                   │advantages_mean=2.98e-08               │advantages_min=-4.796                 │
│returns_max=29.208                     │returns_mean=8.216                     │returns_min=-23.461                   │
│rewards=0.203                          │                                       │                                      │
│                                                                                                                      │
├─────────────────────────────────────────────────── Training/Actor ───────────────────────────────────────────────────┤
│                                                                                                                      │
│actor/approx_kl=0.010                  │actor/clip_fraction=0.090              │actor/clipped_ratio=0.996             │
│actor/dual_cliped_ratio=0.0000         │actor/entropy_loss=0.0000              │actor/grad_norm=33.881                │
│actor/lr=3.00e-04                      │actor/policy_loss=-0.027               │actor/policy_loss_abs=0.765           │
│actor/ratio=0.999                      │actor/ratio_abs=0.097                  │actor/total_loss=2.858                │
│                                                                                                                      │
├────────────────────────────────────────────────── Training/Critic ───────────────────────────────────────────────────┤
│                                                                                                                      │
│critic/explained_variance=0.682        │critic/lr=3.00e-04                     │critic/value_clip_ratio=0.348         │
│critic/value_loss=11.458               │                                       │                                      │
│                                                                                                                      │
╰──────────────────────────────────────────────────────────────────────────────────────────────────────────────────────╯


╭──────────────────────────────────────────────────────────────────────────────────────────────────────────────────────╮
├──────────────────────────────────────────────────── Metric Table ────────────────────────────────────────────────────┤
│ Global Step:   48/100 │ Progress: ███████████████████░░░░░░░░░░░░░░░░░░░░░ │  48.0%                                  │
│ Elapsed: 19:25 │ ETA: 21:02 │ Step Time: 24.273s                                                                     │
├──────────────────────────────────────────────────────── Time ────────────────────────────────────────────────────────┤
│                                                                                                                      │
│actor/actor/compute_adv=0.0061         │actor/actor/recv_traj=23.022           │actor/actor/sync_model_to_rollout=0.0…│
│actor/run_training=0.576               │actor_training=0.577                   │cal_adv_and_returns=0.0075            │
│env/env/bootstrap_step=3.52e-04        │env/env_interact_step=18.691           │env/interact=23.008                   │
│env/run_interact_once=23.008           │generate_rollouts=23.030               │rollout/generate_one_epoch=23.006     │
│rollout/predict=0.253                  │rollout/rollout/generate=23.007        │rollout/sync_model_from_actor=0.101   │
│step=23.717                            │sync_weights=0.103                     │                                      │
│                                                                                                                      │
├──────────────────────────────────────────────────── Environment ─────────────────────────────────────────────────────┤
│                                                                                                                      │
│num_trajectories=0                     │                                       │                                      │
│                                                                                                                      │
├────────────────────────────────────────────────────── Rollout ───────────────────────────────────────────────────────┤
│                                                                                                                      │
│advantages_max=3.017                   │advantages_mean=-1.49e-08              │advantages_min=-4.592                 │
│returns_max=28.490                     │returns_mean=8.420                     │returns_min=-20.785                   │
│rewards=0.100                          │                                       │                                      │
│                                                                                                                      │
├─────────────────────────────────────────────────── Training/Actor ───────────────────────────────────────────────────┤
│                                                                                                                      │
│actor/approx_kl=0.010                  │actor/clip_fraction=0.108              │actor/clipped_ratio=0.996             │
│actor/dual_cliped_ratio=0.0000         │actor/entropy_loss=0.0000              │actor/grad_norm=35.227                │
│actor/lr=3.00e-04                      │actor/policy_loss=-0.026               │actor/policy_loss_abs=0.779           │
│actor/ratio=1.001                      │actor/ratio_abs=0.106                  │actor/total_loss=3.885                │
│                                                                                                                      │
├────────────────────────────────────────────────── Training/Critic ───────────────────────────────────────────────────┤
│                                                                                                                      │
│critic/explained_variance=0.376        │critic/lr=3.00e-04                     │critic/value_clip_ratio=0.108         │
│critic/value_loss=15.565               │                                       │                                      │
│                                                                                                                      │
╰──────────────────────────────────────────────────────────────────────────────────────────────────────────────────────╯


╭──────────────────────────────────────────────────────────────────────────────────────────────────────────────────────╮
├──────────────────────────────────────────────────── Metric Table ────────────────────────────────────────────────────┤
│ Global Step:   49/100 │ Progress: ███████████████████░░░░░░░░░░░░░░░░░░░░░ │  49.0%                                  │
│ Elapsed: 19:48 │ ETA: 20:37 │ Step Time: 24.263s                                                                     │
├──────────────────────────────────────────────────────── Time ────────────────────────────────────────────────────────┤
│                                                                                                                      │
│actor/actor/compute_adv=0.0069         │actor/actor/recv_traj=23.074           │actor/actor/sync_model_to_rollout=0.0…│
│actor/run_training=0.589               │actor_training=0.591                   │cal_adv_and_returns=0.0087            │
│env/env/bootstrap_step=3.51e-04        │env/env_interact_step=18.728           │env/interact=23.060                   │
│env/run_interact_once=23.060           │generate_rollouts=23.083               │rollout/generate_one_epoch=23.063     │
│rollout/predict=0.266                  │rollout/rollout/generate=23.063        │rollout/sync_model_from_actor=0.104   │
│step=23.788                            │sync_weights=0.106                     │                                      │
│                                                                                                                      │
├──────────────────────────────────────────────────── Environment ─────────────────────────────────────────────────────┤
│                                                                                                                      │
│num_trajectories=0                     │                                       │                                      │
│                                                                                                                      │
├────────────────────────────────────────────────────── Rollout ───────────────────────────────────────────────────────┤
│                                                                                                                      │
│advantages_max=4.445                   │advantages_mean=-2.33e-09              │advantages_min=-4.573                 │
│returns_max=31.300                     │returns_mean=9.874                     │returns_min=-15.142                   │
│rewards=0.173                          │                                       │                                      │
│                                                                                                                      │
├─────────────────────────────────────────────────── Training/Actor ───────────────────────────────────────────────────┤
│                                                                                                                      │
│actor/approx_kl=0.012                  │actor/clip_fraction=0.130              │actor/clipped_ratio=0.996             │
│actor/dual_cliped_ratio=0.0000         │actor/entropy_loss=0.0000              │actor/grad_norm=27.836                │
│actor/lr=3.00e-04                      │actor/policy_loss=-0.029               │actor/policy_loss_abs=0.764           │
│actor/ratio=1.001                      │actor/ratio_abs=0.121                  │actor/total_loss=3.074                │
│                                                                                                                      │
├────────────────────────────────────────────────── Training/Critic ───────────────────────────────────────────────────┤
│                                                                                                                      │
│critic/explained_variance=0.381        │critic/lr=3.00e-04                     │critic/value_clip_ratio=0.238         │
│critic/value_loss=12.325               │                                       │                                      │
│                                                                                                                      │
╰──────────────────────────────────────────────────────────────────────────────────────────────────────────────────────╯


╭──────────────────────────────────────────────────────────────────────────────────────────────────────────────────────╮
├──────────────────────────────────────────────────── Metric Table ────────────────────────────────────────────────────┤
│ Global Step:   50/100 │ Progress: ████████████████████░░░░░░░░░░░░░░░░░░░░ │  50.0%                                  │
│ Elapsed: 20:11 │ ETA: 20:11 │ Step Time: 24.221s                                                                     │
├──────────────────────────────────────────────────────── Time ────────────────────────────────────────────────────────┤
│                                                                                                                      │
│actor/actor/compute_adv=0.0061         │actor/actor/recv_traj=21.458           │actor/actor/sync_model_to_rollout=0.0…│
│actor/run_training=0.562               │actor_training=0.564                   │cal_adv_and_returns=0.0073            │
│env/env/bootstrap_step=3.60e-04        │env/env_interact_step=17.160           │env/interact=21.451                   │
│env/run_interact_once=21.451           │generate_rollouts=21.471               │rollout/generate_one_epoch=21.452     │
│rollout/predict=0.252                  │rollout/rollout/generate=21.453        │rollout/sync_model_from_actor=0.102   │
│step=22.147                            │sync_weights=0.104                     │                                      │
│                                                                                                                      │
├──────────────────────────────────────────────────── Environment ─────────────────────────────────────────────────────┤
│                                                                                                                      │
│num_trajectories=0                     │                                       │                                      │
│                                                                                                                      │
├────────────────────────────────────────────────────── Rollout ───────────────────────────────────────────────────────┤
│                                                                                                                      │
│advantages_max=3.447                   │advantages_mean=-7.45e-09              │advantages_min=-3.446                 │
│returns_max=33.501                     │returns_mean=11.141                    │returns_min=-12.228                   │
│rewards=0.204                          │                                       │                                      │
│                                                                                                                      │
├─────────────────────────────────────────────────── Training/Actor ───────────────────────────────────────────────────┤
│                                                                                                                      │
│actor/approx_kl=0.0070                 │actor/clip_fraction=0.095              │actor/clipped_ratio=0.999             │
│actor/dual_cliped_ratio=0.0000         │actor/entropy_loss=0.0000              │actor/grad_norm=34.748                │
│actor/lr=3.00e-04                      │actor/policy_loss=-0.028               │actor/policy_loss_abs=0.773           │
│actor/ratio=1.002                      │actor/ratio_abs=0.101                  │actor/total_loss=3.813                │
│                                                                                                                      │
├────────────────────────────────────────────────── Training/Critic ───────────────────────────────────────────────────┤
│                                                                                                                      │
│critic/explained_variance=0.422        │critic/lr=3.00e-04                     │critic/value_clip_ratio=0.264         │
│critic/value_loss=15.279               │                                       │                                      │
│                                                                                                                      │
╰──────────────────────────────────────────────────────────────────────────────────────────────────────────────────────╯


╭──────────────────────────────────────────────────────────────────────────────────────────────────────────────────────╮
├──────────────────────────────────────────────────── Metric Table ────────────────────────────────────────────────────┤
│ Global Step:   51/100 │ Progress: ████████████████████░░░░░░░░░░░░░░░░░░░░ │  51.0%                                  │
│ Elapsed: 20:33 │ ETA: 19:45 │ Step Time: 24.190s                                                                     │
├──────────────────────────────────────────────────────── Time ────────────────────────────────────────────────────────┤
│                                                                                                                      │
│actor/actor/compute_adv=0.0064         │actor/actor/recv_traj=21.878           │actor/actor/sync_model_to_rollout=0.0…│
│actor/run_training=0.603               │actor_training=0.605                   │cal_adv_and_returns=0.0077            │
│env/env/bootstrap_step=3.69e-04        │env/env_interact_step=17.641           │env/interact=21.871                   │
│env/run_interact_once=21.870           │generate_rollouts=21.891               │rollout/generate_one_epoch=21.873     │
│rollout/predict=0.261                  │rollout/rollout/generate=21.874        │rollout/sync_model_from_actor=0.103   │
│step=22.608                            │sync_weights=0.105                     │                                      │
│                                                                                                                      │
├──────────────────────────────────────────────────── Environment ─────────────────────────────────────────────────────┤
│                                                                                                                      │
│episode_len=1000.0                     │num_trajectories=16                    │return=162.05063                      │
│reward=0.16205063                      │                                       │                                      │
│                                                                                                                      │
├────────────────────────────────────────────────────── Rollout ───────────────────────────────────────────────────────┤
│                                                                                                                      │
│advantages_max=3.558                   │advantages_mean=-5.59e-09              │advantages_min=-4.747                 │
│returns_max=31.872                     │returns_mean=11.204                    │returns_min=-16.296                   │
│rewards=0.208                          │                                       │                                      │
│                                                                                                                      │
├─────────────────────────────────────────────────── Training/Actor ───────────────────────────────────────────────────┤
│                                                                                                                      │
│actor/approx_kl=0.0090                 │actor/clip_fraction=0.122              │actor/clipped_ratio=0.998             │
│actor/dual_cliped_ratio=0.0000         │actor/entropy_loss=0.0000              │actor/grad_norm=28.303                │
│actor/lr=3.00e-04                      │actor/policy_loss=-0.031               │actor/policy_loss_abs=0.775           │
│actor/ratio=1.003                      │actor/ratio_abs=0.113                  │actor/total_loss=3.443                │
│                                                                                                                      │
├────────────────────────────────────────────────── Training/Critic ───────────────────────────────────────────────────┤
│                                                                                                                      │
│critic/explained_variance=0.364        │critic/lr=3.00e-04                     │critic/value_clip_ratio=0.158         │
│critic/value_loss=13.804               │                                       │                                      │
│                                                                                                                      │
╰──────────────────────────────────────────────────────────────────────────────────────────────────────────────────────╯


╭──────────────────────────────────────────────────────────────────────────────────────────────────────────────────────╮
├──────────────────────────────────────────────────── Metric Table ────────────────────────────────────────────────────┤
│ Global Step:   52/100 │ Progress: ████████████████████░░░░░░░░░░░░░░░░░░░░ │  52.0%                                  │
│ Elapsed: 20:57 │ ETA: 19:20 │ Step Time: 24.184s                                                                     │
├──────────────────────────────────────────────────────── Time ────────────────────────────────────────────────────────┤
│                                                                                                                      │
│actor/actor/compute_adv=0.0070         │actor/actor/recv_traj=23.154           │actor/actor/sync_model_to_rollout=0.0…│
│actor/run_training=0.580               │actor_training=0.582                   │cal_adv_and_returns=0.0083            │
│env/env/bootstrap_step=3.58e-04        │env/env_interact_step=18.897           │env/interact=23.145                   │
│env/run_interact_once=23.145           │generate_rollouts=23.167               │rollout/generate_one_epoch=23.144     │
│rollout/predict=0.254                  │rollout/rollout/generate=23.144        │rollout/sync_model_from_actor=0.103   │
│step=23.863                            │sync_weights=0.105                     │                                      │
│                                                                                                                      │
├──────────────────────────────────────────────────── Environment ─────────────────────────────────────────────────────┤
│                                                                                                                      │
│num_trajectories=0                     │                                       │                                      │
│                                                                                                                      │
├────────────────────────────────────────────────────── Rollout ───────────────────────────────────────────────────────┤
│                                                                                                                      │
│advantages_max=3.468                   │advantages_mean=3.35e-08               │advantages_min=-3.615                 │
│returns_max=32.555                     │returns_mean=12.415                    │returns_min=-8.584                    │
│rewards=0.205                          │                                       │                                      │
│                                                                                                                      │
├─────────────────────────────────────────────────── Training/Actor ───────────────────────────────────────────────────┤
│                                                                                                                      │
│actor/approx_kl=0.010                  │actor/clip_fraction=0.113              │actor/clipped_ratio=0.996             │
│actor/dual_cliped_ratio=0.0000         │actor/entropy_loss=0.0000              │actor/grad_norm=32.169                │
│actor/lr=3.00e-04                      │actor/policy_loss=-0.030               │actor/policy_loss_abs=0.775           │
│actor/ratio=1.000                      │actor/ratio_abs=0.109                  │actor/total_loss=3.283                │
│                                                                                                                      │
├────────────────────────────────────────────────── Training/Critic ───────────────────────────────────────────────────┤
│                                                                                                                      │
│critic/explained_variance=0.349        │critic/lr=3.00e-04                     │critic/value_clip_ratio=0.260         │
│critic/value_loss=13.161               │                                       │                                      │
│                                                                                                                      │
╰──────────────────────────────────────────────────────────────────────────────────────────────────────────────────────╯


╭──────────────────────────────────────────────────────────────────────────────────────────────────────────────────────╮
├──────────────────────────────────────────────────── Metric Table ────────────────────────────────────────────────────┤
│ Global Step:   53/100 │ Progress: █████████████████████░░░░░░░░░░░░░░░░░░░ │  53.0%                                  │
│ Elapsed: 21:21 │ ETA: 18:56 │ Step Time: 24.182s                                                                     │
├──────────────────────────────────────────────────────── Time ────────────────────────────────────────────────────────┤
│                                                                                                                      │
│actor/actor/compute_adv=0.0062         │actor/actor/recv_traj=23.388           │actor/actor/sync_model_to_rollout=0.0…│
│actor/run_training=0.577               │actor_training=0.578                   │cal_adv_and_returns=0.0078            │
│env/env/bootstrap_step=2.29e-04        │env/env_interact_step=19.133           │env/interact=23.385                   │
│env/run_interact_once=23.385           │generate_rollouts=23.403               │rollout/generate_one_epoch=23.383     │
│rollout/predict=0.249                  │rollout/rollout/generate=23.383        │rollout/sync_model_from_actor=0.105   │
│step=24.097                            │sync_weights=0.107                     │                                      │
│                                                                                                                      │
├──────────────────────────────────────────────────── Environment ─────────────────────────────────────────────────────┤
│                                                                                                                      │
│num_trajectories=0                     │                                       │                                      │
│                                                                                                                      │
├────────────────────────────────────────────────────── Rollout ───────────────────────────────────────────────────────┤
│                                                                                                                      │
│advantages_max=3.316                   │advantages_mean=-3.73e-08              │advantages_min=-4.039                 │
│returns_max=30.010                     │returns_mean=14.718                    │returns_min=-3.429                    │
│rewards=0.286                          │                                       │                                      │
│                                                                                                                      │
├─────────────────────────────────────────────────── Training/Actor ───────────────────────────────────────────────────┤
│                                                                                                                      │
│actor/approx_kl=0.0071                 │actor/clip_fraction=0.105              │actor/clipped_ratio=0.999             │
│actor/dual_cliped_ratio=0.0000         │actor/entropy_loss=0.0000              │actor/grad_norm=29.590                │
│actor/lr=3.00e-04                      │actor/policy_loss=-0.031               │actor/policy_loss_abs=0.782           │
│actor/ratio=1.003                      │actor/ratio_abs=0.101                  │actor/total_loss=2.864                │
│                                                                                                                      │
├────────────────────────────────────────────────── Training/Critic ───────────────────────────────────────────────────┤
│                                                                                                                      │
│critic/explained_variance=0.317        │critic/lr=3.00e-04                     │critic/value_clip_ratio=0.447         │
│critic/value_loss=11.486               │                                       │                                      │
│                                                                                                                      │
╰──────────────────────────────────────────────────────────────────────────────────────────────────────────────────────╯


╭──────────────────────────────────────────────────────────────────────────────────────────────────────────────────────╮
├──────────────────────────────────────────────────── Metric Table ────────────────────────────────────────────────────┤
│ Global Step:   54/100 │ Progress: █████████████████████░░░░░░░░░░░░░░░░░░░ │  54.0%                                  │
│ Elapsed: 21:54 │ ETA: 18:39 │ Step Time: 24.336s                                                                     │
├──────────────────────────────────────────────────────── Time ────────────────────────────────────────────────────────┤
│                                                                                                                      │
│actor/actor/compute_adv=0.0064         │actor/actor/recv_traj=31.758           │actor/actor/sync_model_to_rollout=0.0…│
│actor/run_training=0.584               │actor_training=0.585                   │cal_adv_and_returns=0.0072            │
│env/env/bootstrap_step=3.07e-04        │env/env_interact_step=27.435           │env/interact=31.752                   │
│env/run_interact_once=31.752           │generate_rollouts=31.771               │rollout/generate_one_epoch=31.751     │
│rollout/predict=0.255                  │rollout/rollout/generate=31.752        │rollout/sync_model_from_actor=0.105   │
│step=32.471                            │sync_weights=0.107                     │                                      │
│                                                                                                                      │
├──────────────────────────────────────────────────── Environment ─────────────────────────────────────────────────────┤
│                                                                                                                      │
│num_trajectories=0                     │                                       │                                      │
│                                                                                                                      │
├────────────────────────────────────────────────────── Rollout ───────────────────────────────────────────────────────┤
│                                                                                                                      │
│advantages_max=3.464                   │advantages_mean=3.73e-08               │advantages_min=-4.059                 │
│returns_max=37.227                     │returns_mean=13.999                    │returns_min=-9.329                    │
│rewards=0.222                          │                                       │                                      │
│                                                                                                                      │
├─────────────────────────────────────────────────── Training/Actor ───────────────────────────────────────────────────┤
│                                                                                                                      │
│actor/approx_kl=0.010                  │actor/clip_fraction=0.119              │actor/clipped_ratio=0.997             │
│actor/dual_cliped_ratio=0.0000         │actor/entropy_loss=0.0000              │actor/grad_norm=26.255                │
│actor/lr=3.00e-04                      │actor/policy_loss=-0.031               │actor/policy_loss_abs=0.779           │
│actor/ratio=1.001                      │actor/ratio_abs=0.109                  │actor/total_loss=3.540                │
│                                                                                                                      │
├────────────────────────────────────────────────── Training/Critic ───────────────────────────────────────────────────┤
│                                                                                                                      │
│critic/explained_variance=0.366        │critic/lr=3.00e-04                     │critic/value_clip_ratio=0.178         │
│critic/value_loss=14.192               │                                       │                                      │
│                                                                                                                      │
╰──────────────────────────────────────────────────────────────────────────────────────────────────────────────────────╯


╭──────────────────────────────────────────────────────────────────────────────────────────────────────────────────────╮
├──────────────────────────────────────────────────── Metric Table ────────────────────────────────────────────────────┤
│ Global Step:   55/100 │ Progress: ██████████████████████░░░░░░░░░░░░░░░░░░ │  55.0%                                  │
│ Elapsed: 22:19 │ ETA: 18:16 │ Step Time: 24.360s                                                                     │
├──────────────────────────────────────────────────────── Time ────────────────────────────────────────────────────────┤
│                                                                                                                      │
│actor/actor/compute_adv=0.0064         │actor/actor/recv_traj=24.908           │actor/actor/sync_model_to_rollout=0.0…│
│actor/run_training=0.604               │actor_training=0.607                   │cal_adv_and_returns=0.0086            │
│env/env/bootstrap_step=2.46e-04        │env/env_interact_step=20.598           │env/interact=24.898                   │
│env/run_interact_once=24.898           │generate_rollouts=24.920               │rollout/generate_one_epoch=24.896     │
│rollout/predict=0.250                  │rollout/rollout/generate=24.896        │rollout/sync_model_from_actor=0.100   │
│step=25.637                            │sync_weights=0.102                     │                                      │
│                                                                                                                      │
├──────────────────────────────────────────────────── Environment ─────────────────────────────────────────────────────┤
│                                                                                                                      │
│episode_len=1000.0                     │num_trajectories=16                    │return=232.12924                      │
│reward=0.23212926                      │                                       │                                      │
│                                                                                                                      │
├────────────────────────────────────────────────────── Rollout ───────────────────────────────────────────────────────┤
│                                                                                                                      │
│advantages_max=3.127                   │advantages_mean=1.86e-08               │advantages_min=-4.041                 │
│returns_max=40.250                     │returns_mean=15.640                    │returns_min=-9.854                    │
│rewards=0.306                          │                                       │                                      │
│                                                                                                                      │
├─────────────────────────────────────────────────── Training/Actor ───────────────────────────────────────────────────┤
│                                                                                                                      │
│actor/approx_kl=0.011                  │actor/clip_fraction=0.136              │actor/clipped_ratio=0.996             │
│actor/dual_cliped_ratio=0.0000         │actor/entropy_loss=0.0000              │actor/grad_norm=29.256                │
│actor/lr=3.00e-04                      │actor/policy_loss=-0.034               │actor/policy_loss_abs=0.747           │
│actor/ratio=1.002                      │actor/ratio_abs=0.120                  │actor/total_loss=3.776                │
│                                                                                                                      │
├────────────────────────────────────────────────── Training/Critic ───────────────────────────────────────────────────┤
│                                                                                                                      │
│critic/explained_variance=0.441        │critic/lr=3.00e-04                     │critic/value_clip_ratio=0.324         │
│critic/value_loss=15.136               │                                       │                                      │
│                                                                                                                      │
╰──────────────────────────────────────────────────────────────────────────────────────────────────────────────────────╯


╭──────────────────────────────────────────────────────────────────────────────────────────────────────────────────────╮
├──────────────────────────────────────────────────── Metric Table ────────────────────────────────────────────────────┤
│ Global Step:   56/100 │ Progress: ██████████████████████░░░░░░░░░░░░░░░░░░ │  56.0%                                  │
│ Elapsed: 22:43 │ ETA: 17:51 │ Step Time: 24.342s                                                                     │
├──────────────────────────────────────────────────────── Time ────────────────────────────────────────────────────────┤
│                                                                                                                      │
│actor/actor/compute_adv=0.010          │actor/actor/recv_traj=22.676           │actor/actor/sync_model_to_rollout=0.0…│
│actor/run_training=0.572               │actor_training=0.574                   │cal_adv_and_returns=0.013             │
│env/env/bootstrap_step=3.25e-04        │env/env_interact_step=18.216           │env/interact=22.666                   │
│env/run_interact_once=22.666           │generate_rollouts=22.686               │rollout/generate_one_epoch=22.668     │
│rollout/predict=0.264                  │rollout/rollout/generate=22.669        │rollout/sync_model_from_actor=0.102   │
│step=23.378                            │sync_weights=0.104                     │                                      │
│                                                                                                                      │
├──────────────────────────────────────────────────── Environment ─────────────────────────────────────────────────────┤
│                                                                                                                      │
│num_trajectories=0                     │                                       │                                      │
│                                                                                                                      │
├────────────────────────────────────────────────────── Rollout ───────────────────────────────────────────────────────┤
│                                                                                                                      │
│advantages_max=3.648                   │advantages_mean=-2.24e-08              │advantages_min=-3.746                 │
│returns_max=32.578                     │returns_mean=14.900                    │returns_min=-3.728                    │
│rewards=0.197                          │                                       │                                      │
│                                                                                                                      │
├─────────────────────────────────────────────────── Training/Actor ───────────────────────────────────────────────────┤
│                                                                                                                      │
│actor/approx_kl=0.012                  │actor/clip_fraction=0.125              │actor/clipped_ratio=0.995             │
│actor/dual_cliped_ratio=0.0000         │actor/entropy_loss=0.0000              │actor/grad_norm=27.693                │
│actor/lr=3.00e-04                      │actor/policy_loss=-0.034               │actor/policy_loss_abs=0.786           │
│actor/ratio=0.999                      │actor/ratio_abs=0.111                  │actor/total_loss=3.503                │
│                                                                                                                      │
├────────────────────────────────────────────────── Training/Critic ───────────────────────────────────────────────────┤
│                                                                                                                      │
│critic/explained_variance=0.333        │critic/lr=3.00e-04                     │critic/value_clip_ratio=0.116         │
│critic/value_loss=14.045               │                                       │                                      │
│                                                                                                                      │
╰──────────────────────────────────────────────────────────────────────────────────────────────────────────────────────╯


╭──────────────────────────────────────────────────────────────────────────────────────────────────────────────────────╮
├──────────────────────────────────────────────────── Metric Table ────────────────────────────────────────────────────┤
│ Global Step:   57/100 │ Progress: ██████████████████████░░░░░░░░░░░░░░░░░░ │  57.0%                                  │
│ Elapsed: 23:06 │ ETA: 17:25 │ Step Time: 24.319s                                                                     │
├──────────────────────────────────────────────────────── Time ────────────────────────────────────────────────────────┤
│                                                                                                                      │
│actor/actor/compute_adv=0.0063         │actor/actor/recv_traj=22.246           │actor/actor/sync_model_to_rollout=0.0…│
│actor/run_training=0.584               │actor_training=0.586                   │cal_adv_and_returns=0.0080            │
│env/env/bootstrap_step=3.76e-04        │env/env_interact_step=17.934           │env/interact=22.238                   │
│env/run_interact_once=22.238           │generate_rollouts=22.255               │rollout/generate_one_epoch=22.241     │
│rollout/predict=0.262                  │rollout/rollout/generate=22.242        │rollout/sync_model_from_actor=0.110   │
│step=22.962                            │sync_weights=0.113                     │                                      │
│                                                                                                                      │
├──────────────────────────────────────────────────── Environment ─────────────────────────────────────────────────────┤
│                                                                                                                      │
│num_trajectories=0                     │                                       │                                      │
│                                                                                                                      │
├────────────────────────────────────────────────────── Rollout ───────────────────────────────────────────────────────┤
│                                                                                                                      │
│advantages_max=2.828                   │advantages_mean=2.05e-08               │advantages_min=-4.998                 │
│returns_max=38.179                     │returns_mean=17.073                    │returns_min=-18.145                   │
│rewards=0.285                          │                                       │                                      │
│                                                                                                                      │
├─────────────────────────────────────────────────── Training/Actor ───────────────────────────────────────────────────┤
│                                                                                                                      │
│actor/approx_kl=0.010                  │actor/clip_fraction=0.114              │actor/clipped_ratio=0.996             │
│actor/dual_cliped_ratio=0.0000         │actor/entropy_loss=0.0000              │actor/grad_norm=32.499                │
│actor/lr=3.00e-04                      │actor/policy_loss=-0.031               │actor/policy_loss_abs=0.755           │
│actor/ratio=1.001                      │actor/ratio_abs=0.107                  │actor/total_loss=4.190                │
│                                                                                                                      │
├────────────────────────────────────────────────── Training/Critic ───────────────────────────────────────────────────┤
│                                                                                                                      │
│critic/explained_variance=0.430        │critic/lr=3.00e-04                     │critic/value_clip_ratio=0.349         │
│critic/value_loss=16.790               │                                       │                                      │
│                                                                                                                      │
╰──────────────────────────────────────────────────────────────────────────────────────────────────────────────────────╯


╭──────────────────────────────────────────────────────────────────────────────────────────────────────────────────────╮
├──────────────────────────────────────────────────── Metric Table ────────────────────────────────────────────────────┤
│ Global Step:   58/100 │ Progress: ███████████████████████░░░░░░░░░░░░░░░░░ │  58.0%                                  │
│ Elapsed: 23:28 │ ETA: 16:59 │ Step Time: 24.281s                                                                     │
├──────────────────────────────────────────────────────── Time ────────────────────────────────────────────────────────┤
│                                                                                                                      │
│actor/actor/compute_adv=0.0078         │actor/actor/recv_traj=21.402           │actor/actor/sync_model_to_rollout=0.0…│
│actor/run_training=0.586               │actor_training=0.589                   │cal_adv_and_returns=0.0098            │
│env/env/bootstrap_step=3.23e-04        │env/env_interact_step=17.126           │env/interact=21.394                   │
│env/run_interact_once=21.394           │generate_rollouts=21.417               │rollout/generate_one_epoch=21.394     │
│rollout/predict=0.271                  │rollout/rollout/generate=21.397        │rollout/sync_model_from_actor=0.102   │
│step=22.120                            │sync_weights=0.105                     │                                      │
│                                                                                                                      │
├──────────────────────────────────────────────────── Environment ─────────────────────────────────────────────────────┤
│                                                                                                                      │
│num_trajectories=0                     │                                       │                                      │
│                                                                                                                      │
├────────────────────────────────────────────────────── Rollout ───────────────────────────────────────────────────────┤
│                                                                                                                      │
│advantages_max=2.705                   │advantages_mean=-7.45e-09              │advantages_min=-4.056                 │
│returns_max=39.631                     │returns_mean=17.593                    │returns_min=-9.518                    │
│rewards=0.307                          │                                       │                                      │
│                                                                                                                      │
├─────────────────────────────────────────────────── Training/Actor ───────────────────────────────────────────────────┤
│                                                                                                                      │
│actor/approx_kl=0.0098                 │actor/clip_fraction=0.116              │actor/clipped_ratio=0.997             │
│actor/dual_cliped_ratio=0.0000         │actor/entropy_loss=0.0000              │actor/grad_norm=30.059                │
│actor/lr=3.00e-04                      │actor/policy_loss=-0.033               │actor/policy_loss_abs=0.751           │
│actor/ratio=1.001                      │actor/ratio_abs=0.109                  │actor/total_loss=3.905                │
│                                                                                                                      │
├────────────────────────────────────────────────── Training/Critic ───────────────────────────────────────────────────┤
│                                                                                                                      │
│critic/explained_variance=0.567        │critic/lr=3.00e-04                     │critic/value_clip_ratio=0.431         │
│critic/value_loss=15.654               │                                       │                                      │
│                                                                                                                      │
╰──────────────────────────────────────────────────────────────────────────────────────────────────────────────────────╯


╭──────────────────────────────────────────────────────────────────────────────────────────────────────────────────────╮
├──────────────────────────────────────────────────── Metric Table ────────────────────────────────────────────────────┤
│ Global Step:   59/100 │ Progress: ███████████████████████░░░░░░░░░░░░░░░░░ │  59.0%                                  │
│ Elapsed: 23:51 │ ETA: 16:35 │ Step Time: 24.270s                                                                     │
├──────────────────────────────────────────────────────── Time ────────────────────────────────────────────────────────┤
│                                                                                                                      │
│actor/actor/compute_adv=0.0062         │actor/actor/recv_traj=22.907           │actor/actor/sync_model_to_rollout=0.0…│
│actor/run_training=0.569               │actor_training=0.572                   │cal_adv_and_returns=0.0079            │
│env/env/bootstrap_step=2.48e-04        │env/env_interact_step=18.638           │env/interact=22.903                   │
│env/run_interact_once=22.903           │generate_rollouts=22.921               │rollout/generate_one_epoch=22.902     │
│rollout/predict=0.265                  │rollout/rollout/generate=22.903        │rollout/sync_model_from_actor=0.108   │
│step=23.612                            │sync_weights=0.110                     │                                      │
│                                                                                                                      │
├──────────────────────────────────────────────────── Environment ─────────────────────────────────────────────────────┤
│                                                                                                                      │
│episode_len=1000.0                     │num_trajectories=16                    │return=256.83276                      │
│reward=0.25683278                      │                                       │                                      │
│                                                                                                                      │
├────────────────────────────────────────────────────── Rollout ───────────────────────────────────────────────────────┤
│                                                                                                                      │
│advantages_max=2.976                   │advantages_mean=-3.73e-09              │advantages_min=-4.139                 │
│returns_max=36.683                     │returns_mean=17.137                    │returns_min=-9.147                    │
│rewards=0.296                          │                                       │                                      │
│                                                                                                                      │
├─────────────────────────────────────────────────── Training/Actor ───────────────────────────────────────────────────┤
│                                                                                                                      │
│actor/approx_kl=0.0091                 │actor/clip_fraction=0.103              │actor/clipped_ratio=0.997             │
│actor/dual_cliped_ratio=0.0000         │actor/entropy_loss=0.0000              │actor/grad_norm=33.656                │
│actor/lr=3.00e-04                      │actor/policy_loss=-0.031               │actor/policy_loss_abs=0.784           │
│actor/ratio=1.000                      │actor/ratio_abs=0.102                  │actor/total_loss=4.117                │
│                                                                                                                      │
├────────────────────────────────────────────────── Training/Critic ───────────────────────────────────────────────────┤
│                                                                                                                      │
│critic/explained_variance=0.594        │critic/lr=3.00e-04                     │critic/value_clip_ratio=0.299         │
│critic/value_loss=16.499               │                                       │                                      │
│                                                                                                                      │
╰──────────────────────────────────────────────────────────────────────────────────────────────────────────────────────╯


╭──────────────────────────────────────────────────────────────────────────────────────────────────────────────────────╮
├──────────────────────────────────────────────────── Metric Table ────────────────────────────────────────────────────┤
│ Global Step:   60/100 │ Progress: ████████████████████████░░░░░░░░░░░░░░░░ │  60.0%                                  │
│ Elapsed: 24:17 │ ETA: 16:11 │ Step Time: 24.298s                                                                     │
├──────────────────────────────────────────────────────── Time ────────────────────────────────────────────────────────┤
│                                                                                                                      │
│actor/actor/compute_adv=0.0062         │actor/actor/recv_traj=25.125           │actor/actor/sync_model_to_rollout=0.0…│
│actor/run_training=0.567               │actor_training=0.569                   │cal_adv_and_returns=0.0080            │
│env/env/bootstrap_step=2.39e-04        │env/env_interact_step=20.811           │env/interact=25.118                   │
│env/run_interact_once=25.118           │generate_rollouts=25.138               │rollout/generate_one_epoch=25.117     │
│rollout/predict=0.244                  │rollout/rollout/generate=25.117        │rollout/sync_model_from_actor=0.096   │
│step=25.933                            │sync_weights=0.097                     │                                      │
│                                                                                                                      │
├──────────────────────────────────────────────────── Environment ─────────────────────────────────────────────────────┤
│                                                                                                                      │
│num_trajectories=0                     │                                       │                                      │
│                                                                                                                      │
├────────────────────────────────────────────────────── Rollout ───────────────────────────────────────────────────────┤
│                                                                                                                      │
│advantages_max=4.024                   │advantages_mean=-1.49e-08              │advantages_min=-4.256                 │
│returns_max=44.642                     │returns_mean=19.261                    │returns_min=-12.736                   │
│rewards=0.300                          │                                       │                                      │
│                                                                                                                      │
├─────────────────────────────────────────────────── Training/Actor ───────────────────────────────────────────────────┤
│                                                                                                                      │
│actor/approx_kl=0.011                  │actor/clip_fraction=0.123              │actor/clipped_ratio=0.996             │
│actor/dual_cliped_ratio=0.0000         │actor/entropy_loss=0.0000              │actor/grad_norm=37.796                │
│actor/lr=3.00e-04                      │actor/policy_loss=-0.032               │actor/policy_loss_abs=0.766           │
│actor/ratio=1.001                      │actor/ratio_abs=0.112                  │actor/total_loss=3.675                │
│                                                                                                                      │
├────────────────────────────────────────────────── Training/Critic ───────────────────────────────────────────────────┤
│                                                                                                                      │
│critic/explained_variance=0.544        │critic/lr=3.00e-04                     │critic/value_clip_ratio=0.327         │
│critic/value_loss=14.731               │                                       │                                      │
│                                                                                                                      │
╰──────────────────────────────────────────────────────────────────────────────────────────────────────────────────────╯


╭──────────────────────────────────────────────────────────────────────────────────────────────────────────────────────╮
├──────────────────────────────────────────────────── Metric Table ────────────────────────────────────────────────────┤
│ Global Step:   61/100 │ Progress: ████████████████████████░░░░░░░░░░░░░░░░ │  61.0%                                  │
│ Elapsed: 24:47 │ ETA: 15:51 │ Step Time: 24.385s                                                                     │
├──────────────────────────────────────────────────────── Time ────────────────────────────────────────────────────────┤
│                                                                                                                      │
│actor/actor/compute_adv=0.0063         │actor/actor/recv_traj=28.886           │actor/actor/sync_model_to_rollout=0.0…│
│actor/run_training=0.590               │actor_training=0.592                   │cal_adv_and_returns=0.0081            │
│env/env/bootstrap_step=3.94e-04        │env/env_interact_step=24.426           │env/interact=28.873                   │
│env/run_interact_once=28.873           │generate_rollouts=28.896               │rollout/generate_one_epoch=28.872     │
│rollout/predict=0.264                  │rollout/rollout/generate=28.873        │rollout/sync_model_from_actor=0.108   │
│step=29.606                            │sync_weights=0.110                     │                                      │
│                                                                                                                      │
├──────────────────────────────────────────────────── Environment ─────────────────────────────────────────────────────┤
│                                                                                                                      │
│num_trajectories=0                     │                                       │                                      │
│                                                                                                                      │
├────────────────────────────────────────────────────── Rollout ───────────────────────────────────────────────────────┤
│                                                                                                                      │
│advantages_max=3.087                   │advantages_mean=-1.68e-08              │advantages_min=-4.168                 │
│returns_max=39.022                     │returns_mean=19.205                    │returns_min=-14.595                   │
│rewards=0.282                          │                                       │                                      │
│                                                                                                                      │
├─────────────────────────────────────────────────── Training/Actor ───────────────────────────────────────────────────┤
│                                                                                                                      │
│actor/approx_kl=0.012                  │actor/clip_fraction=0.107              │actor/clipped_ratio=0.995             │
│actor/dual_cliped_ratio=0.0000         │actor/entropy_loss=0.0000              │actor/grad_norm=35.738                │
│actor/lr=3.00e-04                      │actor/policy_loss=-0.031               │actor/policy_loss_abs=0.768           │
│actor/ratio=0.998                      │actor/ratio_abs=0.105                  │actor/total_loss=4.024                │
│                                                                                                                      │
├────────────────────────────────────────────────── Training/Critic ───────────────────────────────────────────────────┤
│                                                                                                                      │
│critic/explained_variance=0.671        │critic/lr=3.00e-04                     │critic/value_clip_ratio=0.386         │
│critic/value_loss=16.127               │                                       │                                      │
│                                                                                                                      │
╰──────────────────────────────────────────────────────────────────────────────────────────────────────────────────────╯


╭──────────────────────────────────────────────────────────────────────────────────────────────────────────────────────╮
├──────────────────────────────────────────────────── Metric Table ────────────────────────────────────────────────────┤
│ Global Step:   62/100 │ Progress: ████████████████████████░░░░░░░░░░░░░░░░ │  62.0%                                  │
│ Elapsed: 25:12 │ ETA: 15:27 │ Step Time: 24.399s                                                                     │
├──────────────────────────────────────────────────────── Time ────────────────────────────────────────────────────────┤
│                                                                                                                      │
│actor/actor/compute_adv=0.0072         │actor/actor/recv_traj=24.534           │actor/actor/sync_model_to_rollout=0.0…│
│actor/run_training=0.582               │actor_training=0.584                   │cal_adv_and_returns=0.0095            │
│env/env/bootstrap_step=3.86e-04        │env/env_interact_step=20.172           │env/interact=24.523                   │
│env/run_interact_once=24.523           │generate_rollouts=24.546               │rollout/generate_one_epoch=24.524     │
│rollout/predict=0.260                  │rollout/rollout/generate=24.524        │rollout/sync_model_from_actor=0.101   │
│step=25.243                            │sync_weights=0.103                     │                                      │
│                                                                                                                      │
├──────────────────────────────────────────────────── Environment ─────────────────────────────────────────────────────┤
│                                                                                                                      │
│num_trajectories=0                     │                                       │                                      │
│                                                                                                                      │
├────────────────────────────────────────────────────── Rollout ───────────────────────────────────────────────────────┤
│                                                                                                                      │
│advantages_max=3.459                   │advantages_mean=2.05e-08               │advantages_min=-4.384                 │
│returns_max=41.961                     │returns_mean=17.242                    │returns_min=-18.221                   │
│rewards=0.212                          │                                       │                                      │
│                                                                                                                      │
├─────────────────────────────────────────────────── Training/Actor ───────────────────────────────────────────────────┤
│                                                                                                                      │
│actor/approx_kl=0.0090                 │actor/clip_fraction=0.113              │actor/clipped_ratio=0.998             │
│actor/dual_cliped_ratio=0.0000         │actor/entropy_loss=0.0000              │actor/grad_norm=34.467                │
│actor/lr=3.00e-04                      │actor/policy_loss=-0.033               │actor/policy_loss_abs=0.768           │
│actor/ratio=1.002                      │actor/ratio_abs=0.108                  │actor/total_loss=4.062                │
│                                                                                                                      │
├────────────────────────────────────────────────── Training/Critic ───────────────────────────────────────────────────┤
│                                                                                                                      │
│critic/explained_variance=0.756        │critic/lr=3.00e-04                     │critic/value_clip_ratio=0.204         │
│critic/value_loss=16.283               │                                       │                                      │
│                                                                                                                      │
╰──────────────────────────────────────────────────────────────────────────────────────────────────────────────────────╯


╭──────────────────────────────────────────────────────────────────────────────────────────────────────────────────────╮
├──────────────────────────────────────────────────── Metric Table ────────────────────────────────────────────────────┤
│ Global Step:   63/100 │ Progress: █████████████████████████░░░░░░░░░░░░░░░ │  63.0%                                  │
│ Elapsed: 25:36 │ ETA: 15:02 │ Step Time: 24.382s                                                                     │
├──────────────────────────────────────────────────────── Time ────────────────────────────────────────────────────────┤
│                                                                                                                      │
│actor/actor/compute_adv=0.0061         │actor/actor/recv_traj=22.595           │actor/actor/sync_model_to_rollout=0.0…│
│actor/run_training=0.594               │actor_training=0.596                   │cal_adv_and_returns=0.0076            │
│env/env/bootstrap_step=2.36e-04        │env/env_interact_step=18.143           │env/interact=22.585                   │
│env/run_interact_once=22.585           │generate_rollouts=22.608               │rollout/generate_one_epoch=22.584     │
│rollout/predict=0.267                  │rollout/rollout/generate=22.585        │rollout/sync_model_from_actor=0.104   │
│step=23.319                            │sync_weights=0.107                     │                                      │
│                                                                                                                      │
├──────────────────────────────────────────────────── Environment ─────────────────────────────────────────────────────┤
│                                                                                                                      │
│episode_len=1000.0                     │num_trajectories=16                    │return=246.3487                       │
│reward=0.24634871                      │                                       │                                      │
│                                                                                                                      │
├────────────────────────────────────────────────────── Rollout ───────────────────────────────────────────────────────┤
│                                                                                                                      │
│advantages_max=3.005                   │advantages_mean=1.40e-09               │advantages_min=-3.972                 │
│returns_max=39.423                     │returns_mean=18.564                    │returns_min=-17.096                   │
│rewards=0.292                          │                                       │                                      │
│                                                                                                                      │
├─────────────────────────────────────────────────── Training/Actor ───────────────────────────────────────────────────┤
│                                                                                                                      │
│actor/approx_kl=0.0082                 │actor/clip_fraction=0.117              │actor/clipped_ratio=0.998             │
│actor/dual_cliped_ratio=0.0000         │actor/entropy_loss=0.0000              │actor/grad_norm=31.578                │
│actor/lr=3.00e-04                      │actor/policy_loss=-0.035               │actor/policy_loss_abs=0.774           │
│actor/ratio=1.003                      │actor/ratio_abs=0.108                  │actor/total_loss=4.243                │
│                                                                                                                      │
├────────────────────────────────────────────────── Training/Critic ───────────────────────────────────────────────────┤
│                                                                                                                      │
│critic/explained_variance=0.728        │critic/lr=3.00e-04                     │critic/value_clip_ratio=0.186         │
│critic/value_loss=17.009               │                                       │                                      │
│                                                                                                                      │
╰──────────────────────────────────────────────────────────────────────────────────────────────────────────────────────╯


╭──────────────────────────────────────────────────────────────────────────────────────────────────────────────────────╮
├──────────────────────────────────────────────────── Metric Table ────────────────────────────────────────────────────┤
│ Global Step:   64/100 │ Progress: █████████████████████████░░░░░░░░░░░░░░░ │  64.0%                                  │
│ Elapsed: 26:00 │ ETA: 14:37 │ Step Time: 24.383s                                                                     │
├──────────────────────────────────────────────────────── Time ────────────────────────────────────────────────────────┤
│                                                                                                                      │
│actor/actor/compute_adv=0.0094         │actor/actor/recv_traj=23.697           │actor/actor/sync_model_to_rollout=0.0…│
│actor/run_training=0.594               │actor_training=0.596                   │cal_adv_and_returns=0.011             │
│env/env/bootstrap_step=2.43e-04        │env/env_interact_step=19.266           │env/interact=23.689                   │
│env/run_interact_once=23.689           │generate_rollouts=23.710               │rollout/generate_one_epoch=23.689     │
│rollout/predict=0.260                  │rollout/rollout/generate=23.690        │rollout/sync_model_from_actor=0.109   │
│step=24.428                            │sync_weights=0.112                     │                                      │
│                                                                                                                      │
├──────────────────────────────────────────────────── Environment ─────────────────────────────────────────────────────┤
│                                                                                                                      │
│num_trajectories=0                     │                                       │                                      │
│                                                                                                                      │
├────────────────────────────────────────────────────── Rollout ───────────────────────────────────────────────────────┤
│                                                                                                                      │
│advantages_max=3.123                   │advantages_mean=-3.73e-09              │advantages_min=-4.286                 │
│returns_max=38.645                     │returns_mean=20.611                    │returns_min=-13.534                   │
│rewards=0.283                          │                                       │                                      │
│                                                                                                                      │
├─────────────────────────────────────────────────── Training/Actor ───────────────────────────────────────────────────┤
│                                                                                                                      │
│actor/approx_kl=0.0096                 │actor/clip_fraction=0.107              │actor/clipped_ratio=0.998             │
│actor/dual_cliped_ratio=0.0000         │actor/entropy_loss=0.0000              │actor/grad_norm=37.866                │
│actor/lr=3.00e-04                      │actor/policy_loss=-0.031               │actor/policy_loss_abs=0.768           │
│actor/ratio=1.001                      │actor/ratio_abs=0.105                  │actor/total_loss=3.611                │
│                                                                                                                      │
├────────────────────────────────────────────────── Training/Critic ───────────────────────────────────────────────────┤
│                                                                                                                      │
│critic/explained_variance=0.732        │critic/lr=3.00e-04                     │critic/value_clip_ratio=0.291         │
│critic/value_loss=14.475               │                                       │                                      │
│                                                                                                                      │
╰──────────────────────────────────────────────────────────────────────────────────────────────────────────────────────╯


╭──────────────────────────────────────────────────────────────────────────────────────────────────────────────────────╮
├──────────────────────────────────────────────────── Metric Table ────────────────────────────────────────────────────┤
│ Global Step:   65/100 │ Progress: ██████████████████████████░░░░░░░░░░░░░░ │  65.0%                                  │
│ Elapsed: 26:26 │ ETA: 14:14 │ Step Time: 24.401s                                                                     │
├──────────────────────────────────────────────────────── Time ────────────────────────────────────────────────────────┤
│                                                                                                                      │
│actor/actor/compute_adv=0.0063         │actor/actor/recv_traj=24.825           │actor/actor/sync_model_to_rollout=0.0…│
│actor/run_training=0.603               │actor_training=0.605                   │cal_adv_and_returns=0.0078            │
│env/env/bootstrap_step=2.36e-04        │env/env_interact_step=20.462           │env/interact=24.818                   │
│env/run_interact_once=24.818           │generate_rollouts=24.835               │rollout/generate_one_epoch=24.816     │
│rollout/predict=0.261                  │rollout/rollout/generate=24.817        │rollout/sync_model_from_actor=0.104   │
│step=25.555                            │sync_weights=0.106                     │                                      │
│                                                                                                                      │
├──────────────────────────────────────────────────── Environment ─────────────────────────────────────────────────────┤
│                                                                                                                      │
│num_trajectories=0                     │                                       │                                      │
│                                                                                                                      │
├────────────────────────────────────────────────────── Rollout ───────────────────────────────────────────────────────┤
│                                                                                                                      │
│advantages_max=2.785                   │advantages_mean=0.0000                 │advantages_min=-3.655                 │
│returns_max=44.922                     │returns_mean=19.964                    │returns_min=-17.990                   │
│rewards=0.273                          │                                       │                                      │
│                                                                                                                      │
├─────────────────────────────────────────────────── Training/Actor ───────────────────────────────────────────────────┤
│                                                                                                                      │
│actor/approx_kl=0.016                  │actor/clip_fraction=0.111              │actor/clipped_ratio=0.991             │
│actor/dual_cliped_ratio=0.0000         │actor/entropy_loss=0.0000              │actor/grad_norm=39.580                │
│actor/lr=3.00e-04                      │actor/policy_loss=-0.029               │actor/policy_loss_abs=0.799           │
│actor/ratio=0.994                      │actor/ratio_abs=0.107                  │actor/total_loss=4.886                │
│                                                                                                                      │
├────────────────────────────────────────────────── Training/Critic ───────────────────────────────────────────────────┤
│                                                                                                                      │
│critic/explained_variance=0.802        │critic/lr=3.00e-04                     │critic/value_clip_ratio=0.328         │
│critic/value_loss=19.573               │                                       │                                      │
│                                                                                                                      │
╰──────────────────────────────────────────────────────────────────────────────────────────────────────────────────────╯


╭──────────────────────────────────────────────────────────────────────────────────────────────────────────────────────╮
├──────────────────────────────────────────────────── Metric Table ────────────────────────────────────────────────────┤
│ Global Step:   66/100 │ Progress: ██████████████████████████░░░░░░░░░░░░░░ │  66.0%                                  │
│ Elapsed: 26:50 │ ETA: 13:49 │ Step Time: 24.394s                                                                     │
├──────────────────────────────────────────────────────── Time ────────────────────────────────────────────────────────┤
│                                                                                                                      │
│actor/actor/compute_adv=0.0062         │actor/actor/recv_traj=23.204           │actor/actor/sync_model_to_rollout=0.0…│
│actor/run_training=0.587               │actor_training=0.589                   │cal_adv_and_returns=0.0078            │
│env/env/bootstrap_step=2.50e-04        │env/env_interact_step=18.599           │env/interact=23.195                   │
│env/run_interact_once=23.195           │generate_rollouts=23.213               │rollout/generate_one_epoch=23.192     │
│rollout/predict=0.264                  │rollout/rollout/generate=23.192        │rollout/sync_model_from_actor=0.105   │
│step=23.918                            │sync_weights=0.107                     │                                      │
│                                                                                                                      │
├──────────────────────────────────────────────────── Environment ─────────────────────────────────────────────────────┤
│                                                                                                                      │
│num_trajectories=0                     │                                       │                                      │
│                                                                                                                      │
├────────────────────────────────────────────────────── Rollout ───────────────────────────────────────────────────────┤
│                                                                                                                      │
│advantages_max=2.889                   │advantages_mean=-7.45e-09              │advantages_min=-4.443                 │
│returns_max=41.902                     │returns_mean=18.796                    │returns_min=-20.508                   │
│rewards=0.252                          │                                       │                                      │
│                                                                                                                      │
├─────────────────────────────────────────────────── Training/Actor ───────────────────────────────────────────────────┤
│                                                                                                                      │
│actor/approx_kl=0.012                  │actor/clip_fraction=0.114              │actor/clipped_ratio=0.995             │
│actor/dual_cliped_ratio=0.0000         │actor/entropy_loss=0.0000              │actor/grad_norm=33.807                │
│actor/lr=3.00e-04                      │actor/policy_loss=-0.033               │actor/policy_loss_abs=0.803           │
│actor/ratio=0.999                      │actor/ratio_abs=0.106                  │actor/total_loss=4.391                │
│                                                                                                                      │
├────────────────────────────────────────────────── Training/Critic ───────────────────────────────────────────────────┤
│                                                                                                                      │
│critic/explained_variance=0.859        │critic/lr=3.00e-04                     │critic/value_clip_ratio=0.350         │
│critic/value_loss=17.597               │                                       │                                      │
│                                                                                                                      │
╰──────────────────────────────────────────────────────────────────────────────────────────────────────────────────────╯


╭──────────────────────────────────────────────────────────────────────────────────────────────────────────────────────╮
├──────────────────────────────────────────────────── Metric Table ────────────────────────────────────────────────────┤
│ Global Step:   67/100 │ Progress: ██████████████████████████░░░░░░░░░░░░░░ │  67.0%                                  │
│ Elapsed: 27:18 │ ETA: 13:26 │ Step Time: 24.448s                                                                     │
├──────────────────────────────────────────────────────── Time ────────────────────────────────────────────────────────┤
│                                                                                                                      │
│actor/actor/compute_adv=0.0061         │actor/actor/recv_traj=27.262           │actor/actor/sync_model_to_rollout=0.0…│
│actor/run_training=0.575               │actor_training=0.576                   │cal_adv_and_returns=0.0076            │
│env/env/bootstrap_step=2.40e-04        │env/env_interact_step=22.890           │env/interact=27.256                   │
│env/run_interact_once=27.256           │generate_rollouts=27.276               │rollout/generate_one_epoch=27.256     │
│rollout/predict=0.241                  │rollout/rollout/generate=27.256        │rollout/sync_model_from_actor=0.104   │
│step=27.966                            │sync_weights=0.106                     │                                      │
│                                                                                                                      │
├──────────────────────────────────────────────────── Environment ─────────────────────────────────────────────────────┤
│                                                                                                                      │
│episode_len=1000.0                     │num_trajectories=16                    │return=267.78918                      │
│reward=0.26778916                      │                                       │                                      │
│                                                                                                                      │
├────────────────────────────────────────────────────── Rollout ───────────────────────────────────────────────────────┤
│                                                                                                                      │
│advantages_max=3.245                   │advantages_mean=-7.45e-09              │advantages_min=-4.824                 │
│returns_max=47.910                     │returns_mean=21.166                    │returns_min=-21.063                   │
│rewards=0.307                          │                                       │                                      │
│                                                                                                                      │
├─────────────────────────────────────────────────── Training/Actor ───────────────────────────────────────────────────┤
│                                                                                                                      │
│actor/approx_kl=0.0091                 │actor/clip_fraction=0.126              │actor/clipped_ratio=0.998             │
│actor/dual_cliped_ratio=0.0000         │actor/entropy_loss=0.0000              │actor/grad_norm=37.604                │
│actor/lr=3.00e-04                      │actor/policy_loss=-0.033               │actor/policy_loss_abs=0.776           │
│actor/ratio=1.003                      │actor/ratio_abs=0.114                  │actor/total_loss=4.069                │
│                                                                                                                      │
├────────────────────────────────────────────────── Training/Critic ───────────────────────────────────────────────────┤
│                                                                                                                      │
│critic/explained_variance=0.788        │critic/lr=3.00e-04                     │critic/value_clip_ratio=0.167         │
│critic/value_loss=16.311               │                                       │                                      │
│                                                                                                                      │
╰──────────────────────────────────────────────────────────────────────────────────────────────────────────────────────╯


╭──────────────────────────────────────────────────────────────────────────────────────────────────────────────────────╮
├──────────────────────────────────────────────────── Metric Table ────────────────────────────────────────────────────┤
│ Global Step:   68/100 │ Progress: ███████████████████████████░░░░░░░░░░░░░ │  68.0%                                  │
│ Elapsed: 27:49 │ ETA: 13:05 │ Step Time: 24.552s                                                                     │
├──────────────────────────────────────────────────────── Time ────────────────────────────────────────────────────────┤
│                                                                                                                      │
│actor/actor/compute_adv=0.0093         │actor/actor/recv_traj=30.783           │actor/actor/sync_model_to_rollout=0.0…│
│actor/run_training=0.593               │actor_training=0.596                   │cal_adv_and_returns=0.012             │
│env/env/bootstrap_step=2.39e-04        │env/env_interact_step=26.266           │env/interact=30.775                   │
│env/run_interact_once=30.775           │generate_rollouts=30.797               │rollout/generate_one_epoch=30.775     │
│rollout/predict=0.269                  │rollout/rollout/generate=30.775        │rollout/sync_model_from_actor=0.098   │
│step=31.505                            │sync_weights=0.100                     │                                      │
│                                                                                                                      │
├──────────────────────────────────────────────────── Environment ─────────────────────────────────────────────────────┤
│                                                                                                                      │
│num_trajectories=0                     │                                       │                                      │
│                                                                                                                      │
├────────────────────────────────────────────────────── Rollout ───────────────────────────────────────────────────────┤
│                                                                                                                      │
│advantages_max=3.711                   │advantages_mean=7.45e-09               │advantages_min=-4.101                 │
│returns_max=48.103                     │returns_mean=25.035                    │returns_min=-1.868                    │
│rewards=0.326                          │                                       │                                      │
│                                                                                                                      │
├─────────────────────────────────────────────────── Training/Actor ───────────────────────────────────────────────────┤
│                                                                                                                      │
│actor/approx_kl=0.011                  │actor/clip_fraction=0.116              │actor/clipped_ratio=0.996             │
│actor/dual_cliped_ratio=0.0000         │actor/entropy_loss=0.0000              │actor/grad_norm=38.137                │
│actor/lr=3.00e-04                      │actor/policy_loss=-0.032               │actor/policy_loss_abs=0.783           │
│actor/ratio=1.000                      │actor/ratio_abs=0.109                  │actor/total_loss=4.581                │
│                                                                                                                      │
├────────────────────────────────────────────────── Training/Critic ───────────────────────────────────────────────────┤
│                                                                                                                      │
│critic/explained_variance=0.391        │critic/lr=3.00e-04                     │critic/value_clip_ratio=0.157         │
│critic/value_loss=18.356               │                                       │                                      │
│                                                                                                                      │
╰──────────────────────────────────────────────────────────────────────────────────────────────────────────────────────╯


╭──────────────────────────────────────────────────────────────────────────────────────────────────────────────────────╮
├──────────────────────────────────────────────────── Metric Table ────────────────────────────────────────────────────┤
│ Global Step:   69/100 │ Progress: ███████████████████████████░░░░░░░░░░░░░ │  69.0%                                  │
│ Elapsed: 28:20 │ ETA: 12:43 │ Step Time: 24.643s                                                                     │
├──────────────────────────────────────────────────────── Time ────────────────────────────────────────────────────────┤
│                                                                                                                      │
│actor/actor/compute_adv=0.0075         │actor/actor/recv_traj=30.113           │actor/actor/sync_model_to_rollout=0.0…│
│actor/run_training=0.596               │actor_training=0.599                   │cal_adv_and_returns=0.0095            │
│env/env/bootstrap_step=3.44e-04        │env/env_interact_step=25.734           │env/interact=30.105                   │
│env/run_interact_once=30.105           │generate_rollouts=30.127               │rollout/generate_one_epoch=30.107     │
│rollout/predict=0.253                  │rollout/rollout/generate=30.107        │rollout/sync_model_from_actor=0.102   │
│step=30.841                            │sync_weights=0.105                     │                                      │
│                                                                                                                      │
├──────────────────────────────────────────────────── Environment ─────────────────────────────────────────────────────┤
│                                                                                                                      │
│num_trajectories=0                     │                                       │                                      │
│                                                                                                                      │
├────────────────────────────────────────────────────── Rollout ───────────────────────────────────────────────────────┤
│                                                                                                                      │
│advantages_max=2.841                   │advantages_mean=-7.45e-09              │advantages_min=-4.220                 │
│returns_max=43.560                     │returns_mean=27.426                    │returns_min=0.774                     │
│rewards=0.399                          │                                       │                                      │
│                                                                                                                      │
├─────────────────────────────────────────────────── Training/Actor ───────────────────────────────────────────────────┤
│                                                                                                                      │
│actor/approx_kl=0.0098                 │actor/clip_fraction=0.135              │actor/clipped_ratio=0.997             │
│actor/dual_cliped_ratio=0.0000         │actor/entropy_loss=0.0000              │actor/grad_norm=36.628                │
│actor/lr=3.00e-04                      │actor/policy_loss=-0.033               │actor/policy_loss_abs=0.767           │
│actor/ratio=1.003                      │actor/ratio_abs=0.118                  │actor/total_loss=3.894                │
│                                                                                                                      │
├────────────────────────────────────────────────── Training/Critic ───────────────────────────────────────────────────┤
│                                                                                                                      │
│critic/explained_variance=0.394        │critic/lr=3.00e-04                     │critic/value_clip_ratio=0.366         │
│critic/value_loss=15.607               │                                       │                                      │
│                                                                                                                      │
╰──────────────────────────────────────────────────────────────────────────────────────────────────────────────────────╯


╭──────────────────────────────────────────────────────────────────────────────────────────────────────────────────────╮
├──────────────────────────────────────────────────── Metric Table ────────────────────────────────────────────────────┤
│ Global Step:   70/100 │ Progress: ████████████████████████████░░░░░░░░░░░░ │  70.0%                                  │
│ Elapsed: 28:44 │ ETA: 12:18 │ Step Time: 24.632s                                                                     │
├──────────────────────────────────────────────────────── Time ────────────────────────────────────────────────────────┤
│                                                                                                                      │
│actor/actor/compute_adv=0.0086         │actor/actor/recv_traj=23.165           │actor/actor/sync_model_to_rollout=0.0…│
│actor/run_training=0.568               │actor_training=0.569                   │cal_adv_and_returns=0.010             │
│env/env/bootstrap_step=3.86e-04        │env/env_interact_step=18.849           │env/interact=23.155                   │
│env/run_interact_once=23.155           │generate_rollouts=23.180               │rollout/generate_one_epoch=23.156     │
│rollout/predict=0.254                  │rollout/rollout/generate=23.157        │rollout/sync_model_from_actor=0.104   │
│step=23.865                            │sync_weights=0.106                     │                                      │
│                                                                                                                      │
├──────────────────────────────────────────────────── Environment ─────────────────────────────────────────────────────┤
│                                                                                                                      │
│num_trajectories=0                     │                                       │                                      │
│                                                                                                                      │
├────────────────────────────────────────────────────── Rollout ───────────────────────────────────────────────────────┤
│                                                                                                                      │
│advantages_max=2.959                   │advantages_mean=-2.47e-08              │advantages_min=-4.129                 │
│returns_max=47.925                     │returns_mean=26.622                    │returns_min=-2.211                    │
│rewards=0.340                          │                                       │                                      │
│                                                                                                                      │
├─────────────────────────────────────────────────── Training/Actor ───────────────────────────────────────────────────┤
│                                                                                                                      │
│actor/approx_kl=0.011                  │actor/clip_fraction=0.126              │actor/clipped_ratio=0.997             │
│actor/dual_cliped_ratio=0.0000         │actor/entropy_loss=0.0000              │actor/grad_norm=42.021                │
│actor/lr=3.00e-04                      │actor/policy_loss=-0.032               │actor/policy_loss_abs=0.784           │
│actor/ratio=1.001                      │actor/ratio_abs=0.115                  │actor/total_loss=4.551                │
│                                                                                                                      │
├────────────────────────────────────────────────── Training/Critic ───────────────────────────────────────────────────┤
│                                                                                                                      │
│critic/explained_variance=0.420        │critic/lr=3.00e-04                     │critic/value_clip_ratio=0.162         │
│critic/value_loss=18.235               │                                       │                                      │
│                                                                                                                      │
╰──────────────────────────────────────────────────────────────────────────────────────────────────────────────────────╯


╭──────────────────────────────────────────────────────────────────────────────────────────────────────────────────────╮
├──────────────────────────────────────────────────── Metric Table ────────────────────────────────────────────────────┤
│ Global Step:   71/100 │ Progress: ████████████████████████████░░░░░░░░░░░░ │  71.0%                                  │
│ Elapsed: 29:17 │ ETA: 11:57 │ Step Time: 24.756s                                                                     │
├──────────────────────────────────────────────────────── Time ────────────────────────────────────────────────────────┤
│                                                                                                                      │
│actor/actor/compute_adv=0.0060         │actor/actor/recv_traj=32.716           │actor/actor/sync_model_to_rollout=0.0…│
│actor/run_training=0.570               │actor_training=0.572                   │cal_adv_and_returns=0.0074            │
│env/env/bootstrap_step=3.54e-04        │env/env_interact_step=28.298           │env/interact=32.705                   │
│env/run_interact_once=32.705           │generate_rollouts=32.728               │rollout/generate_one_epoch=32.707     │
│rollout/predict=0.268                  │rollout/rollout/generate=32.708        │rollout/sync_model_from_actor=0.100   │
│step=33.410                            │sync_weights=0.102                     │                                      │
│                                                                                                                      │
├──────────────────────────────────────────────────── Environment ─────────────────────────────────────────────────────┤
│                                                                                                                      │
│episode_len=1000.0                     │num_trajectories=16                    │return=354.9499                       │
│reward=0.35494992                      │                                       │                                      │
│                                                                                                                      │
├────────────────────────────────────────────────────── Rollout ───────────────────────────────────────────────────────┤
│                                                                                                                      │
│advantages_max=3.050                   │advantages_mean=4.10e-08               │advantages_min=-3.868                 │
│returns_max=48.511                     │returns_mean=28.231                    │returns_min=1.026                     │
│rewards=0.482                          │                                       │                                      │
│                                                                                                                      │
├─────────────────────────────────────────────────── Training/Actor ───────────────────────────────────────────────────┤
│                                                                                                                      │
│actor/approx_kl=0.0085                 │actor/clip_fraction=0.105              │actor/clipped_ratio=0.997             │
│actor/dual_cliped_ratio=0.0000         │actor/entropy_loss=0.0000              │actor/grad_norm=43.891                │
│actor/lr=3.00e-04                      │actor/policy_loss=-0.030               │actor/policy_loss_abs=0.784           │
│actor/ratio=1.002                      │actor/ratio_abs=0.106                  │actor/total_loss=4.661                │
│                                                                                                                      │
├────────────────────────────────────────────────── Training/Critic ───────────────────────────────────────────────────┤
│                                                                                                                      │
│critic/explained_variance=0.423        │critic/lr=3.00e-04                     │critic/value_clip_ratio=0.271         │
│critic/value_loss=18.674               │                                       │                                      │
│                                                                                                                      │
╰──────────────────────────────────────────────────────────────────────────────────────────────────────────────────────╯


╭──────────────────────────────────────────────────────────────────────────────────────────────────────────────────────╮
├──────────────────────────────────────────────────── Metric Table ────────────────────────────────────────────────────┤
│ Global Step:   72/100 │ Progress: ████████████████████████████░░░░░░░░░░░░ │  72.0%                                  │
│ Elapsed: 29:40 │ ETA: 11:32 │ Step Time: 24.735s                                                                     │
├──────────────────────────────────────────────────────── Time ────────────────────────────────────────────────────────┤
│                                                                                                                      │
│actor/actor/compute_adv=0.0061         │actor/actor/recv_traj=22.488           │actor/actor/sync_model_to_rollout=0.0…│
│actor/run_training=0.578               │actor_training=0.580                   │cal_adv_and_returns=0.0075            │
│env/env/bootstrap_step=3.83e-04        │env/env_interact_step=18.156           │env/interact=22.480                   │
│env/run_interact_once=22.480           │generate_rollouts=22.500               │rollout/generate_one_epoch=22.482     │
│rollout/predict=0.262                  │rollout/rollout/generate=22.483        │rollout/sync_model_from_actor=0.104   │
│step=23.195                            │sync_weights=0.106                     │                                      │
│                                                                                                                      │
├──────────────────────────────────────────────────── Environment ─────────────────────────────────────────────────────┤
│                                                                                                                      │
│num_trajectories=0                     │                                       │                                      │
│                                                                                                                      │
├────────────────────────────────────────────────────── Rollout ───────────────────────────────────────────────────────┤
│                                                                                                                      │
│advantages_max=3.251                   │advantages_mean=2.98e-08               │advantages_min=-5.417                 │
│returns_max=44.685                     │returns_mean=29.565                    │returns_min=-18.592                   │
│rewards=0.445                          │                                       │                                      │
│                                                                                                                      │
├─────────────────────────────────────────────────── Training/Actor ───────────────────────────────────────────────────┤
│                                                                                                                      │
│actor/approx_kl=0.011                  │actor/clip_fraction=0.126              │actor/clipped_ratio=0.997             │
│actor/dual_cliped_ratio=0.0000         │actor/entropy_loss=0.0000              │actor/grad_norm=40.587                │
│actor/lr=3.00e-04                      │actor/policy_loss=-0.031               │actor/policy_loss_abs=0.746           │
│actor/ratio=1.001                      │actor/ratio_abs=0.115                  │actor/total_loss=4.396                │
│                                                                                                                      │
├────────────────────────────────────────────────── Training/Critic ───────────────────────────────────────────────────┤
│                                                                                                                      │
│critic/explained_variance=0.651        │critic/lr=3.00e-04                     │critic/value_clip_ratio=0.467         │
│critic/value_loss=17.616               │                                       │                                      │
│                                                                                                                      │
╰──────────────────────────────────────────────────────────────────────────────────────────────────────────────────────╯


╭──────────────────────────────────────────────────────────────────────────────────────────────────────────────────────╮
├──────────────────────────────────────────────────── Metric Table ────────────────────────────────────────────────────┤
│ Global Step:   73/100 │ Progress: █████████████████████████████░░░░░░░░░░░ │  73.0%                                  │
│ Elapsed: 30:08 │ ETA: 11:08 │ Step Time: 24.773s                                                                     │
├──────────────────────────────────────────────────────── Time ────────────────────────────────────────────────────────┤
│                                                                                                                      │
│actor/actor/compute_adv=0.0062         │actor/actor/recv_traj=26.831           │actor/actor/sync_model_to_rollout=0.0…│
│actor/run_training=0.586               │actor_training=0.588                   │cal_adv_and_returns=0.0079            │
│env/env/bootstrap_step=3.74e-04        │env/env_interact_step=22.493           │env/interact=26.821                   │
│env/run_interact_once=26.821           │generate_rollouts=26.841               │rollout/generate_one_epoch=26.826     │
│rollout/predict=0.254                  │rollout/rollout/generate=26.826        │rollout/sync_model_from_actor=0.099   │
│step=27.539                            │sync_weights=0.101                     │                                      │
│                                                                                                                      │
├──────────────────────────────────────────────────── Environment ─────────────────────────────────────────────────────┤
│                                                                                                                      │
│num_trajectories=0                     │                                       │                                      │
│                                                                                                                      │
├────────────────────────────────────────────────────── Rollout ───────────────────────────────────────────────────────┤
│                                                                                                                      │
│advantages_max=3.026                   │advantages_mean=3.73e-08               │advantages_min=-4.841                 │
│returns_max=44.340                     │returns_mean=26.960                    │returns_min=-23.612                   │
│rewards=0.335                          │                                       │                                      │
│                                                                                                                      │
├─────────────────────────────────────────────────── Training/Actor ───────────────────────────────────────────────────┤
│                                                                                                                      │
│actor/approx_kl=0.015                  │actor/clip_fraction=0.156              │actor/clipped_ratio=0.995             │
│actor/dual_cliped_ratio=0.0000         │actor/entropy_loss=0.0000              │actor/grad_norm=32.281                │
│actor/lr=3.00e-04                      │actor/policy_loss=-0.035               │actor/policy_loss_abs=0.780           │
│actor/ratio=1.001                      │actor/ratio_abs=0.129                  │actor/total_loss=3.852                │
│                                                                                                                      │
├────────────────────────────────────────────────── Training/Critic ───────────────────────────────────────────────────┤
│                                                                                                                      │
│critic/explained_variance=0.818        │critic/lr=3.00e-04                     │critic/value_clip_ratio=0.266         │
│critic/value_loss=15.444               │                                       │                                      │
│                                                                                                                      │
╰──────────────────────────────────────────────────────────────────────────────────────────────────────────────────────╯


╭──────────────────────────────────────────────────────────────────────────────────────────────────────────────────────╮
├──────────────────────────────────────────────────── Metric Table ────────────────────────────────────────────────────┤
│ Global Step:   74/100 │ Progress: █████████████████████████████░░░░░░░░░░░ │  74.0%                                  │
│ Elapsed: 30:36 │ ETA: 10:45 │ Step Time: 24.812s                                                                     │
├──────────────────────────────────────────────────────── Time ────────────────────────────────────────────────────────┤
│                                                                                                                      │
│actor/actor/compute_adv=0.0060         │actor/actor/recv_traj=26.953           │actor/actor/sync_model_to_rollout=0.0…│
│actor/run_training=0.571               │actor_training=0.573                   │cal_adv_and_returns=0.0071            │
│env/env/bootstrap_step=2.31e-04        │env/env_interact_step=22.676           │env/interact=26.948                   │
│env/run_interact_once=26.948           │generate_rollouts=26.966               │rollout/generate_one_epoch=26.948     │
│rollout/predict=0.253                  │rollout/rollout/generate=26.948        │rollout/sync_model_from_actor=0.100   │
│step=27.648                            │sync_weights=0.102                     │                                      │
│                                                                                                                      │
├──────────────────────────────────────────────────── Environment ─────────────────────────────────────────────────────┤
│                                                                                                                      │
│num_trajectories=0                     │                                       │                                      │
│                                                                                                                      │
├────────────────────────────────────────────────────── Rollout ───────────────────────────────────────────────────────┤
│                                                                                                                      │
│advantages_max=2.856                   │advantages_mean=9.31e-09               │advantages_min=-4.369                 │
│returns_max=48.048                     │returns_mean=29.527                    │returns_min=-20.315                   │
│rewards=0.422                          │                                       │                                      │
│                                                                                                                      │
├─────────────────────────────────────────────────── Training/Actor ───────────────────────────────────────────────────┤
│                                                                                                                      │
│actor/approx_kl=0.013                  │actor/clip_fraction=0.139              │actor/clipped_ratio=0.995             │
│actor/dual_cliped_ratio=0.0000         │actor/entropy_loss=0.0000              │actor/grad_norm=36.245                │
│actor/lr=3.00e-04                      │actor/policy_loss=-0.033               │actor/policy_loss_abs=0.760           │
│actor/ratio=1.000                      │actor/ratio_abs=0.120                  │actor/total_loss=3.887                │
│                                                                                                                      │
├────────────────────────────────────────────────── Training/Critic ───────────────────────────────────────────────────┤
│                                                                                                                      │
│critic/explained_variance=0.840        │critic/lr=3.00e-04                     │critic/value_clip_ratio=0.434         │
│critic/value_loss=15.580               │                                       │                                      │
│                                                                                                                      │
╰──────────────────────────────────────────────────────────────────────────────────────────────────────────────────────╯


╭──────────────────────────────────────────────────────────────────────────────────────────────────────────────────────╮
├──────────────────────────────────────────────────── Metric Table ────────────────────────────────────────────────────┤
│ Global Step:   75/100 │ Progress: ██████████████████████████████░░░░░░░░░░ │  75.0%                                  │
│ Elapsed: 31:02 │ ETA: 10:20 │ Step Time: 24.838s                                                                     │
├──────────────────────────────────────────────────────── Time ────────────────────────────────────────────────────────┤
│                                                                                                                      │
│actor/actor/compute_adv=0.0061         │actor/actor/recv_traj=25.973           │actor/actor/sync_model_to_rollout=0.0…│
│actor/run_training=0.609               │actor_training=0.610                   │cal_adv_and_returns=0.0075            │
│env/env/bootstrap_step=2.40e-04        │env/env_interact_step=21.477           │env/interact=25.969                   │
│env/run_interact_once=25.969           │generate_rollouts=25.989               │rollout/generate_one_epoch=25.964     │
│rollout/predict=0.259                  │rollout/rollout/generate=25.965        │rollout/sync_model_from_actor=0.112   │
│step=26.721                            │sync_weights=0.114                     │                                      │
│                                                                                                                      │
├──────────────────────────────────────────────────── Environment ─────────────────────────────────────────────────────┤
│                                                                                                                      │
│episode_len=1000.0                     │num_trajectories=16                    │return=390.46808                      │
│reward=0.39046806                      │                                       │                                      │
│                                                                                                                      │
├────────────────────────────────────────────────────── Rollout ───────────────────────────────────────────────────────┤
│                                                                                                                      │
│advantages_max=2.863                   │advantages_mean=-2.79e-09              │advantages_min=-5.825                 │
│returns_max=51.326                     │returns_mean=32.410                    │returns_min=-19.897                   │
│rewards=0.539                          │                                       │                                      │
│                                                                                                                      │
├─────────────────────────────────────────────────── Training/Actor ───────────────────────────────────────────────────┤
│                                                                                                                      │
│actor/approx_kl=0.012                  │actor/clip_fraction=0.120              │actor/clipped_ratio=0.995             │
│actor/dual_cliped_ratio=0.0000         │actor/entropy_loss=0.0000              │actor/grad_norm=35.844                │
│actor/lr=3.00e-04                      │actor/policy_loss=-0.032               │actor/policy_loss_abs=0.763           │
│actor/ratio=0.999                      │actor/ratio_abs=0.112                  │actor/total_loss=4.088                │
│                                                                                                                      │
├────────────────────────────────────────────────── Training/Critic ───────────────────────────────────────────────────┤
│                                                                                                                      │
│critic/explained_variance=0.643        │critic/lr=3.00e-04                     │critic/value_clip_ratio=0.394         │
│critic/value_loss=16.383               │                                       │                                      │
│                                                                                                                      │
╰──────────────────────────────────────────────────────────────────────────────────────────────────────────────────────╯


╭──────────────────────────────────────────────────────────────────────────────────────────────────────────────────────╮
├──────────────────────────────────────────────────── Metric Table ────────────────────────────────────────────────────┤
│ Global Step:   76/100 │ Progress: ██████████████████████████████░░░░░░░░░░ │  76.0%                                  │
│ Elapsed: 31:38 │ ETA: 09:59 │ Step Time: 24.980s                                                                     │
├──────────────────────────────────────────────────────── Time ────────────────────────────────────────────────────────┤
│                                                                                                                      │
│actor/actor/compute_adv=0.0072         │actor/actor/recv_traj=34.930           │actor/actor/sync_model_to_rollout=0.0…│
│actor/run_training=0.585               │actor_training=0.587                   │cal_adv_and_returns=0.0092            │
│env/env/bootstrap_step=3.25e-04        │env/env_interact_step=30.377           │env/interact=34.919                   │
│env/run_interact_once=34.919           │generate_rollouts=34.941               │rollout/generate_one_epoch=34.922     │
│rollout/predict=0.259                  │rollout/rollout/generate=34.923        │rollout/sync_model_from_actor=0.116   │
│step=35.655                            │sync_weights=0.117                     │                                      │
│                                                                                                                      │
├──────────────────────────────────────────────────── Environment ─────────────────────────────────────────────────────┤
│                                                                                                                      │
│num_trajectories=0                     │                                       │                                      │
│                                                                                                                      │
├────────────────────────────────────────────────────── Rollout ───────────────────────────────────────────────────────┤
│                                                                                                                      │
│advantages_max=2.824                   │advantages_mean=1.49e-08               │advantages_min=-4.193                 │
│returns_max=48.759                     │returns_mean=34.559                    │returns_min=7.588                     │
│rewards=0.475                          │                                       │                                      │
│                                                                                                                      │
├─────────────────────────────────────────────────── Training/Actor ───────────────────────────────────────────────────┤
│                                                                                                                      │
│actor/approx_kl=0.012                  │actor/clip_fraction=0.143              │actor/clipped_ratio=0.996             │
│actor/dual_cliped_ratio=0.0000         │actor/entropy_loss=0.0000              │actor/grad_norm=31.320                │
│actor/lr=3.00e-04                      │actor/policy_loss=-0.035               │actor/policy_loss_abs=0.765           │
│actor/ratio=1.001                      │actor/ratio_abs=0.120                  │actor/total_loss=4.171                │
│                                                                                                                      │
├────────────────────────────────────────────────── Training/Critic ───────────────────────────────────────────────────┤
│                                                                                                                      │
│critic/explained_variance=0.384        │critic/lr=3.00e-04                     │critic/value_clip_ratio=0.425         │
│critic/value_loss=16.720               │                                       │                                      │
│                                                                                                                      │
╰──────────────────────────────────────────────────────────────────────────────────────────────────────────────────────╯


╭──────────────────────────────────────────────────────────────────────────────────────────────────────────────────────╮
├──────────────────────────────────────────────────── Metric Table ────────────────────────────────────────────────────┤
│ Global Step:   77/100 │ Progress: ██████████████████████████████░░░░░░░░░░ │  77.0%                                  │
│ Elapsed: 32:02 │ ETA: 09:34 │ Step Time: 24.963s                                                                     │
├──────────────────────────────────────────────────────── Time ────────────────────────────────────────────────────────┤
│                                                                                                                      │
│actor/actor/compute_adv=0.0062         │actor/actor/recv_traj=22.925           │actor/actor/sync_model_to_rollout=0.0…│
│actor/run_training=0.580               │actor_training=0.582                   │cal_adv_and_returns=0.0077            │
│env/env/bootstrap_step=3.80e-04        │env/env_interact_step=18.631           │env/interact=22.915                   │
│env/run_interact_once=22.915           │generate_rollouts=22.936               │rollout/generate_one_epoch=22.917     │
│rollout/predict=0.249                  │rollout/rollout/generate=22.917        │rollout/sync_model_from_actor=0.105   │
│step=23.633                            │sync_weights=0.107                     │                                      │
│                                                                                                                      │
├──────────────────────────────────────────────────── Environment ─────────────────────────────────────────────────────┤
│                                                                                                                      │
│num_trajectories=0                     │                                       │                                      │
│                                                                                                                      │
├────────────────────────────────────────────────────── Rollout ───────────────────────────────────────────────────────┤
│                                                                                                                      │
│advantages_max=3.373                   │advantages_mean=1.30e-08               │advantages_min=-4.995                 │
│returns_max=53.673                     │returns_mean=35.825                    │returns_min=-1.719                    │
│rewards=0.514                          │                                       │                                      │
│                                                                                                                      │
├─────────────────────────────────────────────────── Training/Actor ───────────────────────────────────────────────────┤
│                                                                                                                      │
│actor/approx_kl=0.014                  │actor/clip_fraction=0.134              │actor/clipped_ratio=0.994             │
│actor/dual_cliped_ratio=0.0000         │actor/entropy_loss=0.0000              │actor/grad_norm=36.703                │
│actor/lr=3.00e-04                      │actor/policy_loss=-0.032               │actor/policy_loss_abs=0.772           │
│actor/ratio=0.999                      │actor/ratio_abs=0.119                  │actor/total_loss=4.918                │
│                                                                                                                      │
├────────────────────────────────────────────────── Training/Critic ───────────────────────────────────────────────────┤
│                                                                                                                      │
│critic/explained_variance=0.431        │critic/lr=3.00e-04                     │critic/value_clip_ratio=0.418         │
│critic/value_loss=19.705               │                                       │                                      │
│                                                                                                                      │
╰──────────────────────────────────────────────────────────────────────────────────────────────────────────────────────╯


╭──────────────────────────────────────────────────────────────────────────────────────────────────────────────────────╮
├──────────────────────────────────────────────────── Metric Table ────────────────────────────────────────────────────┤
│ Global Step:   78/100 │ Progress: ███████████████████████████████░░░░░░░░░ │  78.0%                                  │
│ Elapsed: 32:30 │ ETA: 09:10 │ Step Time: 25.011s                                                                     │
├──────────────────────────────────────────────────────── Time ────────────────────────────────────────────────────────┤
│                                                                                                                      │
│actor/actor/compute_adv=0.0062         │actor/actor/recv_traj=27.961           │actor/actor/sync_model_to_rollout=0.0…│
│actor/run_training=0.587               │actor_training=0.589                   │cal_adv_and_returns=0.0079            │
│env/env/bootstrap_step=2.40e-04        │env/env_interact_step=23.621           │env/interact=27.947                   │
│env/run_interact_once=27.947           │generate_rollouts=27.973               │rollout/generate_one_epoch=27.947     │
│rollout/predict=0.249                  │rollout/rollout/generate=27.947        │rollout/sync_model_from_actor=0.101   │
│step=28.673                            │sync_weights=0.103                     │                                      │
│                                                                                                                      │
├──────────────────────────────────────────────────── Environment ─────────────────────────────────────────────────────┤
│                                                                                                                      │
│num_trajectories=0                     │                                       │                                      │
│                                                                                                                      │
├────────────────────────────────────────────────────── Rollout ───────────────────────────────────────────────────────┤
│                                                                                                                      │
│advantages_max=3.382                   │advantages_mean=-1.12e-08              │advantages_min=-3.977                 │
│returns_max=55.147                     │returns_mean=31.881                    │returns_min=-23.374                   │
│rewards=0.399                          │                                       │                                      │
│                                                                                                                      │
├─────────────────────────────────────────────────── Training/Actor ───────────────────────────────────────────────────┤
│                                                                                                                      │
│actor/approx_kl=0.013                  │actor/clip_fraction=0.127              │actor/clipped_ratio=0.995             │
│actor/dual_cliped_ratio=0.0000         │actor/entropy_loss=0.0000              │actor/grad_norm=33.765                │
│actor/lr=3.00e-04                      │actor/policy_loss=-0.035               │actor/policy_loss_abs=0.782           │
│actor/ratio=0.999                      │actor/ratio_abs=0.114                  │actor/total_loss=4.372                │
│                                                                                                                      │
├────────────────────────────────────────────────── Training/Critic ───────────────────────────────────────────────────┤
│                                                                                                                      │
│critic/explained_variance=0.846        │critic/lr=3.00e-04                     │critic/value_clip_ratio=0.271         │
│critic/value_loss=17.522               │                                       │                                      │
│                                                                                                                      │
╰──────────────────────────────────────────────────────────────────────────────────────────────────────────────────────╯


╭──────────────────────────────────────────────────────────────────────────────────────────────────────────────────────╮
├──────────────────────────────────────────────────── Metric Table ────────────────────────────────────────────────────┤
│ Global Step:   79/100 │ Progress: ███████████████████████████████░░░░░░░░░ │  79.0%                                  │
│ Elapsed: 32:57 │ ETA: 08:45 │ Step Time: 25.026s                                                                     │
├──────────────────────────────────────────────────────── Time ────────────────────────────────────────────────────────┤
│                                                                                                                      │
│actor/actor/compute_adv=0.0061         │actor/actor/recv_traj=25.522           │actor/actor/sync_model_to_rollout=0.0…│
│actor/run_training=0.585               │actor_training=0.587                   │cal_adv_and_returns=0.0074            │
│env/env/bootstrap_step=3.19e-04        │env/env_interact_step=21.211           │env/interact=25.500                   │
│env/run_interact_once=25.500           │generate_rollouts=25.531               │rollout/generate_one_epoch=25.503     │
│rollout/predict=0.267                  │rollout/rollout/generate=25.503        │rollout/sync_model_from_actor=0.102   │
│step=26.229                            │sync_weights=0.103                     │                                      │
│                                                                                                                      │
├──────────────────────────────────────────────────── Environment ─────────────────────────────────────────────────────┤
│                                                                                                                      │
│episode_len=1000.0                     │num_trajectories=16                    │return=449.4032                       │
│reward=0.4494032                       │                                       │                                      │
│                                                                                                                      │
├────────────────────────────────────────────────────── Rollout ───────────────────────────────────────────────────────┤
│                                                                                                                      │
│advantages_max=2.961                   │advantages_mean=-7.45e-09              │advantages_min=-5.309                 │
│returns_max=53.126                     │returns_mean=34.618                    │returns_min=-22.430                   │
│rewards=0.525                          │                                       │                                      │
│                                                                                                                      │
├─────────────────────────────────────────────────── Training/Actor ───────────────────────────────────────────────────┤
│                                                                                                                      │
│actor/approx_kl=0.013                  │actor/clip_fraction=0.126              │actor/clipped_ratio=0.994             │
│actor/dual_cliped_ratio=0.0000         │actor/entropy_loss=0.0000              │actor/grad_norm=35.735                │
│actor/lr=3.00e-04                      │actor/policy_loss=-0.034               │actor/policy_loss_abs=0.782           │
│actor/ratio=0.999                      │actor/ratio_abs=0.112                  │actor/total_loss=4.206                │
│                                                                                                                      │
├────────────────────────────────────────────────── Training/Critic ───────────────────────────────────────────────────┤
│                                                                                                                      │
│critic/explained_variance=0.716        │critic/lr=3.00e-04                     │critic/value_clip_ratio=0.227         │
│critic/value_loss=16.856               │                                       │                                      │
│                                                                                                                      │
╰──────────────────────────────────────────────────────────────────────────────────────────────────────────────────────╯


╭──────────────────────────────────────────────────────────────────────────────────────────────────────────────────────╮
├──────────────────────────────────────────────────── Metric Table ────────────────────────────────────────────────────┤
│ Global Step:   80/100 │ Progress: ████████████████████████████████░░░░░░░░ │  80.0%                                  │
│ Elapsed: 33:20 │ ETA: 08:20 │ Step Time: 25.001s                                                                     │
├──────────────────────────────────────────────────────── Time ────────────────────────────────────────────────────────┤
│                                                                                                                      │
│actor/actor/compute_adv=0.0072         │actor/actor/recv_traj=22.139           │actor/actor/sync_model_to_rollout=0.0…│
│actor/run_training=0.575               │actor_training=0.578                   │cal_adv_and_returns=0.0093            │
│env/env/bootstrap_step=3.55e-04        │env/env_interact_step=17.821           │env/interact=22.128                   │
│env/run_interact_once=22.128           │generate_rollouts=22.153               │rollout/generate_one_epoch=22.130     │
│rollout/predict=0.251                  │rollout/rollout/generate=22.131        │rollout/sync_model_from_actor=0.101   │
│step=22.973                            │sync_weights=0.104                     │                                      │
│                                                                                                                      │
├──────────────────────────────────────────────────── Environment ─────────────────────────────────────────────────────┤
│                                                                                                                      │
│num_trajectories=0                     │                                       │                                      │
│                                                                                                                      │
├────────────────────────────────────────────────────── Rollout ───────────────────────────────────────────────────────┤
│                                                                                                                      │
│advantages_max=2.583                   │advantages_mean=2.98e-08               │advantages_min=-5.179                 │
│returns_max=54.253                     │returns_mean=33.264                    │returns_min=-23.757                   │
│rewards=0.437                          │                                       │                                      │
│                                                                                                                      │
├─────────────────────────────────────────────────── Training/Actor ───────────────────────────────────────────────────┤
│                                                                                                                      │
│actor/approx_kl=0.013                  │actor/clip_fraction=0.138              │actor/clipped_ratio=0.996             │
│actor/dual_cliped_ratio=0.0000         │actor/entropy_loss=0.0000              │actor/grad_norm=45.358                │
│actor/lr=3.00e-04                      │actor/policy_loss=-0.032               │actor/policy_loss_abs=0.771           │
│actor/ratio=1.001                      │actor/ratio_abs=0.121                  │actor/total_loss=5.144                │
│                                                                                                                      │
├────────────────────────────────────────────────── Training/Critic ───────────────────────────────────────────────────┤
│                                                                                                                      │
│critic/explained_variance=0.850        │critic/lr=3.00e-04                     │critic/value_clip_ratio=0.329         │
│critic/value_loss=20.608               │                                       │                                      │
│                                                                                                                      │
╰──────────────────────────────────────────────────────────────────────────────────────────────────────────────────────╯


╭──────────────────────────────────────────────────────────────────────────────────────────────────────────────────────╮
├──────────────────────────────────────────────────── Metric Table ────────────────────────────────────────────────────┤
│ Global Step:   81/100 │ Progress: ████████████████████████████████░░░░░░░░ │  81.0%                                  │
│ Elapsed: 33:42 │ ETA: 07:54 │ Step Time: 24.968s                                                                     │
├──────────────────────────────────────────────────────── Time ────────────────────────────────────────────────────────┤
│                                                                                                                      │
│actor/actor/compute_adv=0.0063         │actor/actor/recv_traj=21.573           │actor/actor/sync_model_to_rollout=0.0…│
│actor/run_training=0.579               │actor_training=0.581                   │cal_adv_and_returns=0.0076            │
│env/env/bootstrap_step=2.37e-04        │env/env_interact_step=17.192           │env/interact=21.569                   │
│env/run_interact_once=21.569           │generate_rollouts=21.587               │rollout/generate_one_epoch=21.569     │
│rollout/predict=0.255                  │rollout/rollout/generate=21.569        │rollout/sync_model_from_actor=0.107   │
│step=22.285                            │sync_weights=0.109                     │                                      │
│                                                                                                                      │
├──────────────────────────────────────────────────── Environment ─────────────────────────────────────────────────────┤
│                                                                                                                      │
│num_trajectories=0                     │                                       │                                      │
│                                                                                                                      │
├────────────────────────────────────────────────────── Rollout ───────────────────────────────────────────────────────┤
│                                                                                                                      │
│advantages_max=4.197                   │advantages_mean=-1.49e-08              │advantages_min=-4.428                 │
│returns_max=58.910                     │returns_mean=34.176                    │returns_min=-22.322                   │
│rewards=0.432                          │                                       │                                      │
│                                                                                                                      │
├─────────────────────────────────────────────────── Training/Actor ───────────────────────────────────────────────────┤
│                                                                                                                      │
│actor/approx_kl=0.010                  │actor/clip_fraction=0.117              │actor/clipped_ratio=0.997             │
│actor/dual_cliped_ratio=0.0000         │actor/entropy_loss=0.0000              │actor/grad_norm=45.148                │
│actor/lr=3.00e-04                      │actor/policy_loss=-0.034               │actor/policy_loss_abs=0.768           │
│actor/ratio=1.001                      │actor/ratio_abs=0.108                  │actor/total_loss=5.240                │
│                                                                                                                      │
├────────────────────────────────────────────────── Training/Critic ───────────────────────────────────────────────────┤
│                                                                                                                      │
│critic/explained_variance=0.842        │critic/lr=3.00e-04                     │critic/value_clip_ratio=0.247         │
│critic/value_loss=20.994               │                                       │                                      │
│                                                                                                                      │
╰──────────────────────────────────────────────────────────────────────────────────────────────────────────────────────╯


╭──────────────────────────────────────────────────────────────────────────────────────────────────────────────────────╮
├──────────────────────────────────────────────────── Metric Table ────────────────────────────────────────────────────┤
│ Global Step:   82/100 │ Progress: ████████████████████████████████░░░░░░░░ │  82.0%                                  │
│ Elapsed: 34:06 │ ETA: 07:29 │ Step Time: 24.963s                                                                     │
├──────────────────────────────────────────────────────── Time ────────────────────────────────────────────────────────┤
│                                                                                                                      │
│actor/actor/compute_adv=0.0061         │actor/actor/recv_traj=23.862           │actor/actor/sync_model_to_rollout=0.0…│
│actor/run_training=0.567               │actor_training=0.569                   │cal_adv_and_returns=0.0083            │
│env/env/bootstrap_step=2.46e-04        │env/env_interact_step=19.527           │env/interact=23.851                   │
│env/run_interact_once=23.851           │generate_rollouts=23.875               │rollout/generate_one_epoch=23.851     │
│rollout/predict=0.249                  │rollout/rollout/generate=23.852        │rollout/sync_model_from_actor=0.105   │
│step=24.560                            │sync_weights=0.107                     │                                      │
│                                                                                                                      │
├──────────────────────────────────────────────────── Environment ─────────────────────────────────────────────────────┤
│                                                                                                                      │
│num_trajectories=0                     │                                       │                                      │
│                                                                                                                      │
├────────────────────────────────────────────────────── Rollout ───────────────────────────────────────────────────────┤
│                                                                                                                      │
│advantages_max=3.299                   │advantages_mean=0.0000                 │advantages_min=-4.552                 │
│returns_max=57.002                     │returns_mean=29.519                    │returns_min=-28.062                   │
│rewards=0.352                          │                                       │                                      │
│                                                                                                                      │
├─────────────────────────────────────────────────── Training/Actor ───────────────────────────────────────────────────┤
│                                                                                                                      │
│actor/approx_kl=0.013                  │actor/clip_fraction=0.119              │actor/clipped_ratio=0.995             │
│actor/dual_cliped_ratio=0.0000         │actor/entropy_loss=0.0000              │actor/grad_norm=36.879                │
│actor/lr=3.00e-04                      │actor/policy_loss=-0.034               │actor/policy_loss_abs=0.765           │
│actor/ratio=0.998                      │actor/ratio_abs=0.109                  │actor/total_loss=4.796                │
│                                                                                                                      │
├────────────────────────────────────────────────── Training/Critic ───────────────────────────────────────────────────┤
│                                                                                                                      │
│critic/explained_variance=0.911        │critic/lr=3.00e-04                     │critic/value_clip_ratio=0.211         │
│critic/value_loss=19.217               │                                       │                                      │
│                                                                                                                      │
╰──────────────────────────────────────────────────────────────────────────────────────────────────────────────────────╯


╭──────────────────────────────────────────────────────────────────────────────────────────────────────────────────────╮
├──────────────────────────────────────────────────── Metric Table ────────────────────────────────────────────────────┤
│ Global Step:   83/100 │ Progress: █████████████████████████████████░░░░░░░ │  83.0%                                  │
│ Elapsed: 34:29 │ ETA: 07:03 │ Step Time: 24.938s                                                                     │
├──────────────────────────────────────────────────────── Time ────────────────────────────────────────────────────────┤
│                                                                                                                      │
│actor/actor/compute_adv=0.0063         │actor/actor/recv_traj=22.184           │actor/actor/sync_model_to_rollout=0.0…│
│actor/run_training=0.550               │actor_training=0.552                   │cal_adv_and_returns=0.0086            │
│env/env/bootstrap_step=2.48e-04        │env/env_interact_step=17.977           │env/interact=22.184                   │
│env/run_interact_once=22.184           │generate_rollouts=22.202               │rollout/generate_one_epoch=22.181     │
│rollout/predict=0.257                  │rollout/rollout/generate=22.182        │rollout/sync_model_from_actor=0.101   │
│step=22.865                            │sync_weights=0.103                     │                                      │
│                                                                                                                      │
├──────────────────────────────────────────────────── Environment ─────────────────────────────────────────────────────┤
│                                                                                                                      │
│episode_len=1000.0                     │num_trajectories=16                    │return=413.0064                       │
│reward=0.41300642                      │                                       │                                      │
│                                                                                                                      │
├────────────────────────────────────────────────────── Rollout ───────────────────────────────────────────────────────┤
│                                                                                                                      │
│advantages_max=3.023                   │advantages_mean=3.73e-09               │advantages_min=-4.699                 │
│returns_max=58.147                     │returns_mean=34.173                    │returns_min=-27.555                   │
│rewards=0.501                          │                                       │                                      │
│                                                                                                                      │
├─────────────────────────────────────────────────── Training/Actor ───────────────────────────────────────────────────┤
│                                                                                                                      │
│actor/approx_kl=0.011                  │actor/clip_fraction=0.126              │actor/clipped_ratio=0.996             │
│actor/dual_cliped_ratio=0.0000         │actor/entropy_loss=0.0000              │actor/grad_norm=37.557                │
│actor/lr=3.00e-04                      │actor/policy_loss=-0.034               │actor/policy_loss_abs=0.777           │
│actor/ratio=1.001                      │actor/ratio_abs=0.114                  │actor/total_loss=5.808                │
│                                                                                                                      │
├────────────────────────────────────────────────── Training/Critic ───────────────────────────────────────────────────┤
│                                                                                                                      │
│critic/explained_variance=0.849        │critic/lr=3.00e-04                     │critic/value_clip_ratio=0.228         │
│critic/value_loss=23.265               │                                       │                                      │
│                                                                                                                      │
╰──────────────────────────────────────────────────────────────────────────────────────────────────────────────────────╯


╭──────────────────────────────────────────────────────────────────────────────────────────────────────────────────────╮
├──────────────────────────────────────────────────── Metric Table ────────────────────────────────────────────────────┤
│ Global Step:   84/100 │ Progress: █████████████████████████████████░░░░░░░ │  84.0%                                  │
│ Elapsed: 34:51 │ ETA: 06:38 │ Step Time: 24.898s                                                                     │
├──────────────────────────────────────────────────────── Time ────────────────────────────────────────────────────────┤
│                                                                                                                      │
│actor/actor/compute_adv=0.0061         │actor/actor/recv_traj=20.867           │actor/actor/sync_model_to_rollout=0.0…│
│actor/run_training=0.579               │actor_training=0.581                   │cal_adv_and_returns=0.0076            │
│env/env/bootstrap_step=2.45e-04        │env/env_interact_step=16.613           │env/interact=20.864                   │
│env/run_interact_once=20.864           │generate_rollouts=20.882               │rollout/generate_one_epoch=20.860     │
│rollout/predict=0.247                  │rollout/rollout/generate=20.861        │rollout/sync_model_from_actor=0.103   │
│step=21.576                            │sync_weights=0.105                     │                                      │
│                                                                                                                      │
├──────────────────────────────────────────────────── Environment ─────────────────────────────────────────────────────┤
│                                                                                                                      │
│num_trajectories=0                     │                                       │                                      │
│                                                                                                                      │
├────────────────────────────────────────────────────── Rollout ───────────────────────────────────────────────────────┤
│                                                                                                                      │
│advantages_max=4.581                   │advantages_mean=-2.24e-08              │advantages_min=-4.667                 │
│returns_max=59.331                     │returns_mean=32.903                    │returns_min=-28.144                   │
│rewards=0.432                          │                                       │                                      │
│                                                                                                                      │
├─────────────────────────────────────────────────── Training/Actor ───────────────────────────────────────────────────┤
│                                                                                                                      │
│actor/approx_kl=0.010                  │actor/clip_fraction=0.127              │actor/clipped_ratio=0.997             │
│actor/dual_cliped_ratio=0.0000         │actor/entropy_loss=0.0000              │actor/grad_norm=44.701                │
│actor/lr=3.00e-04                      │actor/policy_loss=-0.032               │actor/policy_loss_abs=0.784           │
│actor/ratio=1.001                      │actor/ratio_abs=0.113                  │actor/total_loss=5.032                │
│                                                                                                                      │
├────────────────────────────────────────────────── Training/Critic ───────────────────────────────────────────────────┤
│                                                                                                                      │
│critic/explained_variance=0.918        │critic/lr=3.00e-04                     │critic/value_clip_ratio=0.289         │
│critic/value_loss=20.159               │                                       │                                      │
│                                                                                                                      │
╰──────────────────────────────────────────────────────────────────────────────────────────────────────────────────────╯


╭──────────────────────────────────────────────────────────────────────────────────────────────────────────────────────╮
├──────────────────────────────────────────────────── Metric Table ────────────────────────────────────────────────────┤
│ Global Step:   85/100 │ Progress: ██████████████████████████████████░░░░░░ │  85.0%                                  │
│ Elapsed: 35:14 │ ETA: 06:13 │ Step Time: 24.874s                                                                     │
├──────────────────────────────────────────────────────── Time ────────────────────────────────────────────────────────┤
│                                                                                                                      │
│actor/actor/compute_adv=0.0061         │actor/actor/recv_traj=22.206           │actor/actor/sync_model_to_rollout=0.0…│
│actor/run_training=0.574               │actor_training=0.577                   │cal_adv_and_returns=0.0078            │
│env/env/bootstrap_step=2.39e-04        │env/env_interact_step=17.945           │env/interact=22.200                   │
│env/run_interact_once=22.200           │generate_rollouts=22.219               │rollout/generate_one_epoch=22.200     │
│rollout/predict=0.257                  │rollout/rollout/generate=22.200        │rollout/sync_model_from_actor=0.099   │
│step=22.905                            │sync_weights=0.101                     │                                      │
│                                                                                                                      │
├──────────────────────────────────────────────────── Environment ─────────────────────────────────────────────────────┤
│                                                                                                                      │
│num_trajectories=0                     │                                       │                                      │
│                                                                                                                      │
├────────────────────────────────────────────────────── Rollout ───────────────────────────────────────────────────────┤
│                                                                                                                      │
│advantages_max=4.510                   │advantages_mean=-1.49e-08              │advantages_min=-5.060                 │
│returns_max=61.255                     │returns_mean=29.647                    │returns_min=-31.334                   │
│rewards=0.388                          │                                       │                                      │
│                                                                                                                      │
├─────────────────────────────────────────────────── Training/Actor ───────────────────────────────────────────────────┤
│                                                                                                                      │
│actor/approx_kl=0.011                  │actor/clip_fraction=0.111              │actor/clipped_ratio=0.996             │
│actor/dual_cliped_ratio=0.0000         │actor/entropy_loss=0.0000              │actor/grad_norm=48.658                │
│actor/lr=3.00e-04                      │actor/policy_loss=-0.034               │actor/policy_loss_abs=0.793           │
│actor/ratio=0.999                      │actor/ratio_abs=0.105                  │actor/total_loss=4.716                │
│                                                                                                                      │
├────────────────────────────────────────────────── Training/Critic ───────────────────────────────────────────────────┤
│                                                                                                                      │
│critic/explained_variance=0.947        │critic/lr=3.00e-04                     │critic/value_clip_ratio=0.349         │
│critic/value_loss=18.899               │                                       │                                      │
│                                                                                                                      │
╰──────────────────────────────────────────────────────────────────────────────────────────────────────────────────────╯


╭──────────────────────────────────────────────────────────────────────────────────────────────────────────────────────╮
├──────────────────────────────────────────────────── Metric Table ────────────────────────────────────────────────────┤
│ Global Step:   86/100 │ Progress: ██████████████████████████████████░░░░░░ │  86.0%                                  │
│ Elapsed: 35:37 │ ETA: 05:47 │ Step Time: 24.852s                                                                     │
├──────────────────────────────────────────────────────── Time ────────────────────────────────────────────────────────┤
│                                                                                                                      │
│actor/actor/compute_adv=0.0063         │actor/actor/recv_traj=22.223           │actor/actor/sync_model_to_rollout=0.0…│
│actor/run_training=0.592               │actor_training=0.594                   │cal_adv_and_returns=0.0080            │
│env/env/bootstrap_step=3.63e-04        │env/env_interact_step=17.938           │env/interact=22.214                   │
│env/run_interact_once=22.214           │generate_rollouts=22.234               │rollout/generate_one_epoch=22.211     │
│rollout/predict=0.257                  │rollout/rollout/generate=22.212        │rollout/sync_model_from_actor=0.097   │
│step=22.936                            │sync_weights=0.099                     │                                      │
│                                                                                                                      │
├──────────────────────────────────────────────────── Environment ─────────────────────────────────────────────────────┤
│                                                                                                                      │
│episode_len=1000.0                     │num_trajectories=16                    │return=394.41632                      │
│reward=0.3944163                       │                                       │                                      │
│                                                                                                                      │
├────────────────────────────────────────────────────── Rollout ───────────────────────────────────────────────────────┤
│                                                                                                                      │
│advantages_max=4.380                   │advantages_mean=2.24e-08               │advantages_min=-4.049                 │
│returns_max=60.823                     │returns_mean=29.194                    │returns_min=-29.681                   │
│rewards=0.426                          │                                       │                                      │
│                                                                                                                      │
├─────────────────────────────────────────────────── Training/Actor ───────────────────────────────────────────────────┤
│                                                                                                                      │
│actor/approx_kl=0.013                  │actor/clip_fraction=0.125              │actor/clipped_ratio=0.995             │
│actor/dual_cliped_ratio=0.0000         │actor/entropy_loss=0.0000              │actor/grad_norm=46.801                │
│actor/lr=3.00e-04                      │actor/policy_loss=-0.033               │actor/policy_loss_abs=0.770           │
│actor/ratio=0.999                      │actor/ratio_abs=0.114                  │actor/total_loss=4.016                │
│                                                                                                                      │
├────────────────────────────────────────────────── Training/Critic ───────────────────────────────────────────────────┤
│                                                                                                                      │
│critic/explained_variance=0.949        │critic/lr=3.00e-04                     │critic/value_clip_ratio=0.169         │
│critic/value_loss=16.099               │                                       │                                      │
│                                                                                                                      │
╰──────────────────────────────────────────────────────────────────────────────────────────────────────────────────────╯


╭──────────────────────────────────────────────────────────────────────────────────────────────────────────────────────╮
├──────────────────────────────────────────────────── Metric Table ────────────────────────────────────────────────────┤
│ Global Step:   87/100 │ Progress: ██████████████████████████████████░░░░░░ │  87.0%                                  │
│ Elapsed: 36:00 │ ETA: 05:22 │ Step Time: 24.834s                                                                     │
├──────────────────────────────────────────────────────── Time ────────────────────────────────────────────────────────┤
│                                                                                                                      │
│actor/actor/compute_adv=0.0064         │actor/actor/recv_traj=22.551           │actor/actor/sync_model_to_rollout=0.0…│
│actor/run_training=0.584               │actor_training=0.585                   │cal_adv_and_returns=0.0083            │
│env/env/bootstrap_step=2.39e-04        │env/env_interact_step=18.290           │env/interact=22.545                   │
│env/run_interact_once=22.545           │generate_rollouts=22.566               │rollout/generate_one_epoch=22.545     │
│rollout/predict=0.250                  │rollout/rollout/generate=22.545        │rollout/sync_model_from_actor=0.111   │
│step=23.273                            │sync_weights=0.112                     │                                      │
│                                                                                                                      │
├──────────────────────────────────────────────────── Environment ─────────────────────────────────────────────────────┤
│                                                                                                                      │
│num_trajectories=0                     │                                       │                                      │
│                                                                                                                      │
├────────────────────────────────────────────────────── Rollout ───────────────────────────────────────────────────────┤
│                                                                                                                      │
│advantages_max=3.575                   │advantages_mean=7.45e-09               │advantages_min=-5.098                 │
│returns_max=61.280                     │returns_mean=35.288                    │returns_min=-29.766                   │
│rewards=0.433                          │                                       │                                      │
│                                                                                                                      │
├─────────────────────────────────────────────────── Training/Actor ───────────────────────────────────────────────────┤
│                                                                                                                      │
│actor/approx_kl=0.012                  │actor/clip_fraction=0.130              │actor/clipped_ratio=0.996             │
│actor/dual_cliped_ratio=0.0000         │actor/entropy_loss=0.0000              │actor/grad_norm=39.430                │
│actor/lr=3.00e-04                      │actor/policy_loss=-0.035               │actor/policy_loss_abs=0.761           │
│actor/ratio=1.000                      │actor/ratio_abs=0.115                  │actor/total_loss=5.461                │
│                                                                                                                      │
├────────────────────────────────────────────────── Training/Critic ───────────────────────────────────────────────────┤
│                                                                                                                      │
│critic/explained_variance=0.897        │critic/lr=3.00e-04                     │critic/value_clip_ratio=0.187         │
│critic/value_loss=21.881               │                                       │                                      │
│                                                                                                                      │
╰──────────────────────────────────────────────────────────────────────────────────────────────────────────────────────╯


╭──────────────────────────────────────────────────────────────────────────────────────────────────────────────────────╮
├──────────────────────────────────────────────────── Metric Table ────────────────────────────────────────────────────┤
│ Global Step:   88/100 │ Progress: ███████████████████████████████████░░░░░ │  88.0%                                  │
│ Elapsed: 36:22 │ ETA: 04:57 │ Step Time: 24.801s                                                                     │
├──────────────────────────────────────────────────────── Time ────────────────────────────────────────────────────────┤
│                                                                                                                      │
│actor/actor/compute_adv=0.0074         │actor/actor/recv_traj=21.208           │actor/actor/sync_model_to_rollout=0.0…│
│actor/run_training=0.569               │actor_training=0.571                   │cal_adv_and_returns=0.0092            │
│env/env/bootstrap_step=3.68e-04        │env/env_interact_step=16.901           │env/interact=21.199                   │
│env/run_interact_once=21.199           │generate_rollouts=21.223               │rollout/generate_one_epoch=21.201     │
│rollout/predict=0.245                  │rollout/rollout/generate=21.202        │rollout/sync_model_from_actor=0.098   │
│step=21.903                            │sync_weights=0.100                     │                                      │
│                                                                                                                      │
├──────────────────────────────────────────────────── Environment ─────────────────────────────────────────────────────┤
│                                                                                                                      │
│num_trajectories=0                     │                                       │                                      │
│                                                                                                                      │
├────────────────────────────────────────────────────── Rollout ───────────────────────────────────────────────────────┤
│                                                                                                                      │
│advantages_max=3.224                   │advantages_mean=7.45e-09               │advantages_min=-4.069                 │
│returns_max=65.757                     │returns_mean=36.226                    │returns_min=-32.499                   │
│rewards=0.475                          │                                       │                                      │
│                                                                                                                      │
├─────────────────────────────────────────────────── Training/Actor ───────────────────────────────────────────────────┤
│                                                                                                                      │
│actor/approx_kl=0.013                  │actor/clip_fraction=0.144              │actor/clipped_ratio=0.995             │
│actor/dual_cliped_ratio=0.0000         │actor/entropy_loss=0.0000              │actor/grad_norm=40.428                │
│actor/lr=3.00e-04                      │actor/policy_loss=-0.038               │actor/policy_loss_abs=0.787           │
│actor/ratio=1.000                      │actor/ratio_abs=0.117                  │actor/total_loss=4.155                │
│                                                                                                                      │
├────────────────────────────────────────────────── Training/Critic ───────────────────────────────────────────────────┤
│                                                                                                                      │
│critic/explained_variance=0.946        │critic/lr=3.00e-04                     │critic/value_clip_ratio=0.354         │
│critic/value_loss=16.660               │                                       │                                      │
│                                                                                                                      │
╰──────────────────────────────────────────────────────────────────────────────────────────────────────────────────────╯


╭──────────────────────────────────────────────────────────────────────────────────────────────────────────────────────╮
├──────────────────────────────────────────────────── Metric Table ────────────────────────────────────────────────────┤
│ Global Step:   89/100 │ Progress: ███████████████████████████████████░░░░░ │  89.0%                                  │
│ Elapsed: 36:46 │ ETA: 04:32 │ Step Time: 24.793s                                                                     │
├──────────────────────────────────────────────────────── Time ────────────────────────────────────────────────────────┤
│                                                                                                                      │
│actor/actor/compute_adv=0.0082         │actor/actor/recv_traj=23.365           │actor/actor/sync_model_to_rollout=0.0…│
│actor/run_training=0.566               │actor_training=0.568                   │cal_adv_and_returns=0.0095            │
│env/env/bootstrap_step=2.46e-04        │env/env_interact_step=18.935           │env/interact=23.357                   │
│env/run_interact_once=23.357           │generate_rollouts=23.380               │rollout/generate_one_epoch=23.356     │
│rollout/predict=0.254                  │rollout/rollout/generate=23.356        │rollout/sync_model_from_actor=0.107   │
│step=24.067                            │sync_weights=0.109                     │                                      │
│                                                                                                                      │
├──────────────────────────────────────────────────── Environment ─────────────────────────────────────────────────────┤
│                                                                                                                      │
│num_trajectories=0                     │                                       │                                      │
│                                                                                                                      │
├────────────────────────────────────────────────────── Rollout ───────────────────────────────────────────────────────┤
│                                                                                                                      │
│advantages_max=3.366                   │advantages_mean=-7.45e-09              │advantages_min=-5.041                 │
│returns_max=64.630                     │returns_mean=34.456                    │returns_min=-32.097                   │
│rewards=0.478                          │                                       │                                      │
│                                                                                                                      │
├─────────────────────────────────────────────────── Training/Actor ───────────────────────────────────────────────────┤
│                                                                                                                      │
│actor/approx_kl=0.014                  │actor/clip_fraction=0.115              │actor/clipped_ratio=0.994             │
│actor/dual_cliped_ratio=0.0000         │actor/entropy_loss=0.0000              │actor/grad_norm=64.979                │
│actor/lr=3.00e-04                      │actor/policy_loss=-0.030               │actor/policy_loss_abs=0.754           │
│actor/ratio=0.997                      │actor/ratio_abs=0.109                  │actor/total_loss=5.713                │
│                                                                                                                      │
├────────────────────────────────────────────────── Training/Critic ───────────────────────────────────────────────────┤
│                                                                                                                      │
│critic/explained_variance=0.936        │critic/lr=3.00e-04                     │critic/value_clip_ratio=0.387         │
│critic/value_loss=22.884               │                                       │                                      │
│                                                                                                                      │
╰──────────────────────────────────────────────────────────────────────────────────────────────────────────────────────╯


╭──────────────────────────────────────────────────────────────────────────────────────────────────────────────────────╮
├──────────────────────────────────────────────────── Metric Table ────────────────────────────────────────────────────┤
│ Global Step:   90/100 │ Progress: ████████████████████████████████████░░░░ │  90.0%                                  │
│ Elapsed: 37:07 │ ETA: 04:07 │ Step Time: 24.755s                                                                     │
├──────────────────────────────────────────────────────── Time ────────────────────────────────────────────────────────┤
│                                                                                                                      │
│actor/actor/compute_adv=0.0061         │actor/actor/recv_traj=20.710           │actor/actor/sync_model_to_rollout=0.0…│
│actor/run_training=0.566               │actor_training=0.568                   │cal_adv_and_returns=0.0072            │
│env/env/bootstrap_step=3.91e-04        │env/env_interact_step=16.450           │env/interact=20.702                   │
│env/run_interact_once=20.702           │generate_rollouts=20.724               │rollout/generate_one_epoch=20.703     │
│rollout/predict=0.249                  │rollout/rollout/generate=20.703        │rollout/sync_model_from_actor=0.106   │
│step=21.408                            │sync_weights=0.108                     │                                      │
│                                                                                                                      │
├──────────────────────────────────────────────────── Environment ─────────────────────────────────────────────────────┤
│                                                                                                                      │
│episode_len=1000.0                     │num_trajectories=16                    │return=408.19897                      │
│reward=0.40819895                      │                                       │                                      │
│                                                                                                                      │
├────────────────────────────────────────────────────── Rollout ───────────────────────────────────────────────────────┤
│                                                                                                                      │
│advantages_max=3.937                   │advantages_mean=-2.05e-08              │advantages_min=-5.368                 │
│returns_max=63.101                     │returns_mean=24.177                    │returns_min=-35.666                   │
│rewards=0.317                          │                                       │                                      │
│                                                                                                                      │
├─────────────────────────────────────────────────── Training/Actor ───────────────────────────────────────────────────┤
│                                                                                                                      │
│actor/approx_kl=0.011                  │actor/clip_fraction=0.131              │actor/clipped_ratio=0.997             │
│actor/dual_cliped_ratio=0.0000         │actor/entropy_loss=0.0000              │actor/grad_norm=41.886                │
│actor/lr=3.00e-04                      │actor/policy_loss=-0.038               │actor/policy_loss_abs=0.762           │
│actor/ratio=1.001                      │actor/ratio_abs=0.111                  │actor/total_loss=4.568                │
│                                                                                                                      │
├────────────────────────────────────────────────── Training/Critic ───────────────────────────────────────────────────┤
│                                                                                                                      │
│critic/explained_variance=0.961        │critic/lr=3.00e-04                     │critic/value_clip_ratio=0.084         │
│critic/value_loss=18.310               │                                       │                                      │
│                                                                                                                      │
╰──────────────────────────────────────────────────────────────────────────────────────────────────────────────────────╯


╭──────────────────────────────────────────────────────────────────────────────────────────────────────────────────────╮
├──────────────────────────────────────────────────── Metric Table ────────────────────────────────────────────────────┤
│ Global Step:   91/100 │ Progress: ████████████████████████████████████░░░░ │  91.0%                                  │
│ Elapsed: 37:29 │ ETA: 03:42 │ Step Time: 24.718s                                                                     │
├──────────────────────────────────────────────────────── Time ────────────────────────────────────────────────────────┤
│                                                                                                                      │
│actor/actor/compute_adv=0.0077         │actor/actor/recv_traj=20.595           │actor/actor/sync_model_to_rollout=0.0…│
│actor/run_training=0.605               │actor_training=0.607                   │cal_adv_and_returns=0.0091            │
│env/env/bootstrap_step=3.49e-04        │env/env_interact_step=16.210           │env/interact=20.582                   │
│env/run_interact_once=20.582           │generate_rollouts=20.605               │rollout/generate_one_epoch=20.588     │
│rollout/predict=0.262                  │rollout/rollout/generate=20.588        │rollout/sync_model_from_actor=0.097   │
│step=21.321                            │sync_weights=0.099                     │                                      │
│                                                                                                                      │
├──────────────────────────────────────────────────── Environment ─────────────────────────────────────────────────────┤
│                                                                                                                      │
│num_trajectories=0                     │                                       │                                      │
│                                                                                                                      │
├────────────────────────────────────────────────────── Rollout ───────────────────────────────────────────────────────┤
│                                                                                                                      │
│advantages_max=3.542                   │advantages_mean=1.12e-08               │advantages_min=-4.468                 │
│returns_max=62.521                     │returns_mean=41.896                    │returns_min=8.143                     │
│rewards=0.401                          │                                       │                                      │
│                                                                                                                      │
├─────────────────────────────────────────────────── Training/Actor ───────────────────────────────────────────────────┤
│                                                                                                                      │
│actor/approx_kl=0.017                  │actor/clip_fraction=0.165              │actor/clipped_ratio=0.993             │
│actor/dual_cliped_ratio=0.0000         │actor/entropy_loss=0.0000              │actor/grad_norm=36.430                │
│actor/lr=3.00e-04                      │actor/policy_loss=-0.040               │actor/policy_loss_abs=0.774           │
│actor/ratio=0.999                      │actor/ratio_abs=0.130                  │actor/total_loss=5.486                │
│                                                                                                                      │
├────────────────────────────────────────────────── Training/Critic ───────────────────────────────────────────────────┤
│                                                                                                                      │
│critic/explained_variance=0.504        │critic/lr=3.00e-04                     │critic/value_clip_ratio=0.089         │
│critic/value_loss=21.982               │                                       │                                      │
│                                                                                                                      │
╰──────────────────────────────────────────────────────────────────────────────────────────────────────────────────────╯


╭──────────────────────────────────────────────────────────────────────────────────────────────────────────────────────╮
├──────────────────────────────────────────────────── Metric Table ────────────────────────────────────────────────────┤
│ Global Step:   92/100 │ Progress: ████████████████████████████████████░░░░ │  92.0%                                  │
│ Elapsed: 37:51 │ ETA: 03:17 │ Step Time: 24.690s                                                                     │
├──────────────────────────────────────────────────────── Time ────────────────────────────────────────────────────────┤
│                                                                                                                      │
│actor/actor/compute_adv=0.012          │actor/actor/recv_traj=21.449           │actor/actor/sync_model_to_rollout=0.0…│
│actor/run_training=0.603               │actor_training=0.605                   │cal_adv_and_returns=0.013             │
│env/env/bootstrap_step=3.51e-04        │env/env_interact_step=17.040           │env/interact=21.434                   │
│env/run_interact_once=21.434           │generate_rollouts=21.464               │rollout/generate_one_epoch=21.439     │
│rollout/predict=0.258                  │rollout/rollout/generate=21.439        │rollout/sync_model_from_actor=0.098   │
│step=22.183                            │sync_weights=0.100                     │                                      │
│                                                                                                                      │
├──────────────────────────────────────────────────── Environment ─────────────────────────────────────────────────────┤
│                                                                                                                      │
│num_trajectories=0                     │                                       │                                      │
│                                                                                                                      │
├────────────────────────────────────────────────────── Rollout ───────────────────────────────────────────────────────┤
│                                                                                                                      │
│advantages_max=3.293                   │advantages_mean=2.70e-08               │advantages_min=-3.265                 │
│returns_max=65.731                     │returns_mean=45.339                    │returns_min=15.666                    │
│rewards=0.546                          │                                       │                                      │
│                                                                                                                      │
├─────────────────────────────────────────────────── Training/Actor ───────────────────────────────────────────────────┤
│                                                                                                                      │
│actor/approx_kl=0.0095                 │actor/clip_fraction=0.128              │actor/clipped_ratio=0.997             │
│actor/dual_cliped_ratio=0.0000         │actor/entropy_loss=0.0000              │actor/grad_norm=46.481                │
│actor/lr=3.00e-04                      │actor/policy_loss=-0.035               │actor/policy_loss_abs=0.804           │
│actor/ratio=1.002                      │actor/ratio_abs=0.112                  │actor/total_loss=5.448                │
│                                                                                                                      │
├────────────────────────────────────────────────── Training/Critic ───────────────────────────────────────────────────┤
│                                                                                                                      │
│critic/explained_variance=0.509        │critic/lr=3.00e-04                     │critic/value_clip_ratio=0.180         │
│critic/value_loss=21.828               │                                       │                                      │
│                                                                                                                      │
╰──────────────────────────────────────────────────────────────────────────────────────────────────────────────────────╯


╭──────────────────────────────────────────────────────────────────────────────────────────────────────────────────────╮
├──────────────────────────────────────────────────── Metric Table ────────────────────────────────────────────────────┤
│ Global Step:   93/100 │ Progress: █████████████████████████████████████░░░ │  93.0%                                  │
│ Elapsed: 38:15 │ ETA: 02:52 │ Step Time: 24.688s                                                                     │
├──────────────────────────────────────────────────────── Time ────────────────────────────────────────────────────────┤
│                                                                                                                      │
│actor/actor/compute_adv=0.0079         │actor/actor/recv_traj=23.766           │actor/actor/sync_model_to_rollout=0.0…│
│actor/run_training=0.574               │actor_training=0.577                   │cal_adv_and_returns=0.0091            │
│env/env/bootstrap_step=3.54e-04        │env/env_interact_step=19.407           │env/interact=23.755                   │
│env/run_interact_once=23.755           │generate_rollouts=23.773               │rollout/generate_one_epoch=23.755     │
│rollout/predict=0.251                  │rollout/rollout/generate=23.755        │rollout/sync_model_from_actor=0.100   │
│step=24.461                            │sync_weights=0.102                     │                                      │
│                                                                                                                      │
├──────────────────────────────────────────────────── Environment ─────────────────────────────────────────────────────┤
│                                                                                                                      │
│num_trajectories=0                     │                                       │                                      │
│                                                                                                                      │
├────────────────────────────────────────────────────── Rollout ───────────────────────────────────────────────────────┤
│                                                                                                                      │
│advantages_max=4.310                   │advantages_mean=1.68e-08               │advantages_min=-5.161                 │
│returns_max=69.684                     │returns_mean=43.129                    │returns_min=-33.167                   │
│rewards=0.552                          │                                       │                                      │
│                                                                                                                      │
├─────────────────────────────────────────────────── Training/Actor ───────────────────────────────────────────────────┤
│                                                                                                                      │
│actor/approx_kl=0.0099                 │actor/clip_fraction=0.118              │actor/clipped_ratio=0.997             │
│actor/dual_cliped_ratio=0.0000         │actor/entropy_loss=0.0000              │actor/grad_norm=59.884                │
│actor/lr=3.00e-04                      │actor/policy_loss=-0.030               │actor/policy_loss_abs=0.765           │
│actor/ratio=1.001                      │actor/ratio_abs=0.111                  │actor/total_loss=5.785                │
│                                                                                                                      │
├────────────────────────────────────────────────── Training/Critic ───────────────────────────────────────────────────┤
│                                                                                                                      │
│critic/explained_variance=0.876        │critic/lr=3.00e-04                     │critic/value_clip_ratio=0.326         │
│critic/value_loss=23.171               │                                       │                                      │
│                                                                                                                      │
╰──────────────────────────────────────────────────────────────────────────────────────────────────────────────────────╯


╭──────────────────────────────────────────────────────────────────────────────────────────────────────────────────────╮
├──────────────────────────────────────────────────── Metric Table ────────────────────────────────────────────────────┤
│ Global Step:   94/100 │ Progress: █████████████████████████████████████░░░ │  94.0%                                  │
│ Elapsed: 38:38 │ ETA: 02:27 │ Step Time: 24.663s                                                                     │
├──────────────────────────────────────────────────────── Time ────────────────────────────────────────────────────────┤
│                                                                                                                      │
│actor/actor/compute_adv=0.0060         │actor/actor/recv_traj=21.673           │actor/actor/sync_model_to_rollout=0.0…│
│actor/run_training=0.565               │actor_training=0.567                   │cal_adv_and_returns=0.0075            │
│env/env/bootstrap_step=2.41e-04        │env/env_interact_step=17.358           │env/interact=21.668                   │
│env/run_interact_once=21.668           │generate_rollouts=21.686               │rollout/generate_one_epoch=21.667     │
│rollout/predict=0.253                  │rollout/rollout/generate=21.667        │rollout/sync_model_from_actor=0.103   │
│step=22.366                            │sync_weights=0.105                     │                                      │
│                                                                                                                      │
├──────────────────────────────────────────────────── Environment ─────────────────────────────────────────────────────┤
│                                                                                                                      │
│episode_len=1000.0                     │num_trajectories=16                    │return=481.02542                      │
│reward=0.48102546                      │                                       │                                      │
│                                                                                                                      │
├────────────────────────────────────────────────────── Rollout ───────────────────────────────────────────────────────┤
│                                                                                                                      │
│advantages_max=3.298                   │advantages_mean=2.68e-08               │advantages_min=-4.460                 │
│returns_max=67.908                     │returns_mean=41.919                    │returns_min=-33.862                   │
│rewards=0.602                          │                                       │                                      │
│                                                                                                                      │
├─────────────────────────────────────────────────── Training/Actor ───────────────────────────────────────────────────┤
│                                                                                                                      │
│actor/approx_kl=0.0099                 │actor/clip_fraction=0.133              │actor/clipped_ratio=0.998             │
│actor/dual_cliped_ratio=0.0000         │actor/entropy_loss=0.0000              │actor/grad_norm=47.108                │
│actor/lr=3.00e-04                      │actor/policy_loss=-0.038               │actor/policy_loss_abs=0.772           │
│actor/ratio=1.002                      │actor/ratio_abs=0.114                  │actor/total_loss=5.678                │
│                                                                                                                      │
├────────────────────────────────────────────────── Training/Critic ───────────────────────────────────────────────────┤
│                                                                                                                      │
│critic/explained_variance=0.872        │critic/lr=3.00e-04                     │critic/value_clip_ratio=0.201         │
│critic/value_loss=22.749               │                                       │                                      │
│                                                                                                                      │
╰──────────────────────────────────────────────────────────────────────────────────────────────────────────────────────╯


╭──────────────────────────────────────────────────────────────────────────────────────────────────────────────────────╮
├──────────────────────────────────────────────────── Metric Table ────────────────────────────────────────────────────┤
│ Global Step:   95/100 │ Progress: ██████████████████████████████████████░░ │  95.0%                                  │
│ Elapsed: 39:00 │ ETA: 02:03 │ Step Time: 24.641s                                                                     │
├──────────────────────────────────────────────────────── Time ────────────────────────────────────────────────────────┤
│                                                                                                                      │
│actor/actor/compute_adv=0.0062         │actor/actor/recv_traj=21.852           │actor/actor/sync_model_to_rollout=0.0…│
│actor/run_training=0.567               │actor_training=0.570                   │cal_adv_and_returns=0.0077            │
│env/env/bootstrap_step=3.45e-04        │env/env_interact_step=17.485           │env/interact=21.839                   │
│env/run_interact_once=21.839           │generate_rollouts=21.865               │rollout/generate_one_epoch=21.841     │
│rollout/predict=0.249                  │rollout/rollout/generate=21.842        │rollout/sync_model_from_actor=0.099   │
│step=22.544                            │sync_weights=0.101                     │                                      │
│                                                                                                                      │
├──────────────────────────────────────────────────── Environment ─────────────────────────────────────────────────────┤
│                                                                                                                      │
│num_trajectories=0                     │                                       │                                      │
│                                                                                                                      │
├────────────────────────────────────────────────────── Rollout ───────────────────────────────────────────────────────┤
│                                                                                                                      │
│advantages_max=3.394                   │advantages_mean=3.35e-08               │advantages_min=-4.077                 │
│returns_max=76.593                     │returns_mean=49.386                    │returns_min=11.407                    │
│rewards=0.624                          │                                       │                                      │
│                                                                                                                      │
├─────────────────────────────────────────────────── Training/Actor ───────────────────────────────────────────────────┤
│                                                                                                                      │
│actor/approx_kl=0.013                  │actor/clip_fraction=0.113              │actor/clipped_ratio=0.995             │
│actor/dual_cliped_ratio=0.0000         │actor/entropy_loss=0.0000              │actor/grad_norm=51.688                │
│actor/lr=3.00e-04                      │actor/policy_loss=-0.033               │actor/policy_loss_abs=0.768           │
│actor/ratio=0.998                      │actor/ratio_abs=0.107                  │actor/total_loss=5.909                │
│                                                                                                                      │
├────────────────────────────────────────────────── Training/Critic ───────────────────────────────────────────────────┤
│                                                                                                                      │
│critic/explained_variance=0.529        │critic/lr=3.00e-04                     │critic/value_clip_ratio=0.364         │
│critic/value_loss=23.670               │                                       │                                      │
│                                                                                                                      │
╰──────────────────────────────────────────────────────────────────────────────────────────────────────────────────────╯


╭──────────────────────────────────────────────────────────────────────────────────────────────────────────────────────╮
├──────────────────────────────────────────────────── Metric Table ────────────────────────────────────────────────────┤
│ Global Step:   96/100 │ Progress: ██████████████████████████████████████░░ │  96.0%                                  │
│ Elapsed: 39:25 │ ETA: 01:38 │ Step Time: 24.639s                                                                     │
├──────────────────────────────────────────────────────── Time ────────────────────────────────────────────────────────┤
│                                                                                                                      │
│actor/actor/compute_adv=0.0061         │actor/actor/recv_traj=23.743           │actor/actor/sync_model_to_rollout=0.0…│
│actor/run_training=0.590               │actor_training=0.592                   │cal_adv_and_returns=0.0073            │
│env/env/bootstrap_step=2.86e-04        │env/env_interact_step=19.476           │env/interact=23.737                   │
│env/run_interact_once=23.737           │generate_rollouts=23.757               │rollout/generate_one_epoch=23.737     │
│rollout/predict=0.262                  │rollout/rollout/generate=23.737        │rollout/sync_model_from_actor=0.100   │
│step=24.459                            │sync_weights=0.101                     │                                      │
│                                                                                                                      │
├──────────────────────────────────────────────────── Environment ─────────────────────────────────────────────────────┤
│                                                                                                                      │
│num_trajectories=0                     │                                       │                                      │
│                                                                                                                      │
├────────────────────────────────────────────────────── Rollout ───────────────────────────────────────────────────────┤
│                                                                                                                      │
│advantages_max=3.981                   │advantages_mean=7.45e-09               │advantages_min=-5.453                 │
│returns_max=69.038                     │returns_mean=48.674                    │returns_min=-32.649                   │
│rewards=0.603                          │                                       │                                      │
│                                                                                                                      │
├─────────────────────────────────────────────────── Training/Actor ───────────────────────────────────────────────────┤
│                                                                                                                      │
│actor/approx_kl=0.011                  │actor/clip_fraction=0.114              │actor/clipped_ratio=0.995             │
│actor/dual_cliped_ratio=0.0000         │actor/entropy_loss=0.0000              │actor/grad_norm=64.671                │
│actor/lr=3.00e-04                      │actor/policy_loss=-0.031               │actor/policy_loss_abs=0.776           │
│actor/ratio=0.999                      │actor/ratio_abs=0.107                  │actor/total_loss=6.414                │
│                                                                                                                      │
├────────────────────────────────────────────────── Training/Critic ───────────────────────────────────────────────────┤
│                                                                                                                      │
│critic/explained_variance=0.754        │critic/lr=3.00e-04                     │critic/value_clip_ratio=0.303         │
│critic/value_loss=25.687               │                                       │                                      │
│                                                                                                                      │
╰──────────────────────────────────────────────────────────────────────────────────────────────────────────────────────╯


╭──────────────────────────────────────────────────────────────────────────────────────────────────────────────────────╮
├──────────────────────────────────────────────────── Metric Table ────────────────────────────────────────────────────┤
│ Global Step:   97/100 │ Progress: ██████████████████████████████████████░░ │  97.0%                                  │
│ Elapsed: 39:48 │ ETA: 01:13 │ Step Time: 24.621s                                                                     │
├──────────────────────────────────────────────────────── Time ────────────────────────────────────────────────────────┤
│                                                                                                                      │
│actor/actor/compute_adv=0.0060         │actor/actor/recv_traj=22.158           │actor/actor/sync_model_to_rollout=0.0…│
│actor/run_training=0.584               │actor_training=0.587                   │cal_adv_and_returns=0.0084            │
│env/env/bootstrap_step=5.98e-04        │env/env_interact_step=17.818           │env/interact=22.147                   │
│env/run_interact_once=22.147           │generate_rollouts=22.168               │rollout/generate_one_epoch=22.151     │
│rollout/predict=0.251                  │rollout/rollout/generate=22.152        │rollout/sync_model_from_actor=0.098   │
│step=22.862                            │sync_weights=0.099                     │                                      │
│                                                                                                                      │
├──────────────────────────────────────────────────── Environment ─────────────────────────────────────────────────────┤
│                                                                                                                      │
│num_trajectories=0                     │                                       │                                      │
│                                                                                                                      │
├────────────────────────────────────────────────────── Rollout ───────────────────────────────────────────────────────┤
│                                                                                                                      │
│advantages_max=3.890                   │advantages_mean=1.86e-08               │advantages_min=-6.352                 │
│returns_max=68.549                     │returns_mean=41.951                    │returns_min=-36.871                   │
│rewards=0.504                          │                                       │                                      │
│                                                                                                                      │
├─────────────────────────────────────────────────── Training/Actor ───────────────────────────────────────────────────┤
│                                                                                                                      │
│actor/approx_kl=0.0071                 │actor/clip_fraction=0.118              │actor/clipped_ratio=0.999             │
│actor/dual_cliped_ratio=0.0000         │actor/entropy_loss=0.0000              │actor/grad_norm=55.922                │
│actor/lr=3.00e-04                      │actor/policy_loss=-0.035               │actor/policy_loss_abs=0.777           │
│actor/ratio=1.003                      │actor/ratio_abs=0.107                  │actor/total_loss=5.377                │
│                                                                                                                      │
├────────────────────────────────────────────────── Training/Critic ───────────────────────────────────────────────────┤
│                                                                                                                      │
│critic/explained_variance=0.928        │critic/lr=3.00e-04                     │critic/value_clip_ratio=0.183         │
│critic/value_loss=21.542               │                                       │                                      │
│                                                                                                                      │
╰──────────────────────────────────────────────────────────────────────────────────────────────────────────────────────╯


╭──────────────────────────────────────────────────────────────────────────────────────────────────────────────────────╮
├──────────────────────────────────────────────────── Metric Table ────────────────────────────────────────────────────┤
│ Global Step:   98/100 │ Progress: ███████████████████████████████████████░ │  98.0%                                  │
│ Elapsed: 40:10 │ ETA: 00:49 │ Step Time: 24.597s                                                                     │
├──────────────────────────────────────────────────────── Time ────────────────────────────────────────────────────────┤
│                                                                                                                      │
│actor/actor/compute_adv=0.0061         │actor/actor/recv_traj=21.554           │actor/actor/sync_model_to_rollout=0.0…│
│actor/run_training=0.579               │actor_training=0.582                   │cal_adv_and_returns=0.0080            │
│env/env/bootstrap_step=3.59e-04        │env/env_interact_step=17.371           │env/interact=21.545                   │
│env/run_interact_once=21.545           │generate_rollouts=21.566               │rollout/generate_one_epoch=21.541     │
│rollout/predict=0.247                  │rollout/rollout/generate=21.541        │rollout/sync_model_from_actor=0.104   │
│step=22.262                            │sync_weights=0.106                     │                                      │
│                                                                                                                      │
├──────────────────────────────────────────────────── Environment ─────────────────────────────────────────────────────┤
│                                                                                                                      │
│episode_len=1000.0                     │num_trajectories=16                    │return=555.2773                       │
│reward=0.5552773                       │                                       │                                      │
│                                                                                                                      │
├────────────────────────────────────────────────────── Rollout ───────────────────────────────────────────────────────┤
│                                                                                                                      │
│advantages_max=3.400                   │advantages_mean=1.49e-08               │advantages_min=-3.325                 │
│returns_max=73.623                     │returns_mean=44.285                    │returns_min=-37.270                   │
│rewards=0.658                          │                                       │                                      │
│                                                                                                                      │
├─────────────────────────────────────────────────── Training/Actor ───────────────────────────────────────────────────┤
│                                                                                                                      │
│actor/approx_kl=0.012                  │actor/clip_fraction=0.127              │actor/clipped_ratio=0.996             │
│actor/dual_cliped_ratio=0.0000         │actor/entropy_loss=0.0000              │actor/grad_norm=55.450                │
│actor/lr=3.00e-04                      │actor/policy_loss=-0.036               │actor/policy_loss_abs=0.789           │
│actor/ratio=1.000                      │actor/ratio_abs=0.113                  │actor/total_loss=4.570                │
│                                                                                                                      │
├────────────────────────────────────────────────── Training/Critic ───────────────────────────────────────────────────┤
│                                                                                                                      │
│critic/explained_variance=0.938        │critic/lr=3.00e-04                     │critic/value_clip_ratio=0.264         │
│critic/value_loss=18.317               │                                       │                                      │
│                                                                                                                      │
╰──────────────────────────────────────────────────────────────────────────────────────────────────────────────────────╯


╭──────────────────────────────────────────────────────────────────────────────────────────────────────────────────────╮
├──────────────────────────────────────────────────── Metric Table ────────────────────────────────────────────────────┤
│ Global Step:   99/100 │ Progress: ███████████████████████████████████████░ │  99.0%                                  │
│ Elapsed: 40:32 │ ETA: 00:24 │ Step Time: 24.575s                                                                     │
├──────────────────────────────────────────────────────── Time ────────────────────────────────────────────────────────┤
│                                                                                                                      │
│actor/actor/compute_adv=0.0061         │actor/actor/recv_traj=21.681           │actor/actor/sync_model_to_rollout=0.0…│
│actor/run_training=0.575               │actor_training=0.578                   │cal_adv_and_returns=0.0078            │
│env/env/bootstrap_step=3.52e-04        │env/env_interact_step=17.570           │env/interact=21.673                   │
│env/run_interact_once=21.673           │generate_rollouts=21.691               │rollout/generate_one_epoch=21.677     │
│rollout/predict=0.246                  │rollout/rollout/generate=21.677        │rollout/sync_model_from_actor=0.100   │
│step=22.378                            │sync_weights=0.101                     │                                      │
│                                                                                                                      │
├──────────────────────────────────────────────────── Environment ─────────────────────────────────────────────────────┤
│                                                                                                                      │
│num_trajectories=0                     │                                       │                                      │
│                                                                                                                      │
├────────────────────────────────────────────────────── Rollout ───────────────────────────────────────────────────────┤
│                                                                                                                      │
│advantages_max=3.021                   │advantages_mean=-2.79e-08              │advantages_min=-4.026                 │
│returns_max=73.037                     │returns_mean=52.713                    │returns_min=9.534                     │
│rewards=0.636                          │                                       │                                      │
│                                                                                                                      │
├─────────────────────────────────────────────────── Training/Actor ───────────────────────────────────────────────────┤
│                                                                                                                      │
│actor/approx_kl=0.011                  │actor/clip_fraction=0.131              │actor/clipped_ratio=0.997             │
│actor/dual_cliped_ratio=0.0000         │actor/entropy_loss=0.0000              │actor/grad_norm=53.124                │
│actor/lr=3.00e-04                      │actor/policy_loss=-0.035               │actor/policy_loss_abs=0.753           │
│actor/ratio=1.002                      │actor/ratio_abs=0.115                  │actor/total_loss=6.074                │
│                                                                                                                      │
├────────────────────────────────────────────────── Training/Critic ───────────────────────────────────────────────────┤
│                                                                                                                      │
│critic/explained_variance=0.588        │critic/lr=3.00e-04                     │critic/value_clip_ratio=0.403         │
│critic/value_loss=24.329               │                                       │                                      │
│                                                                                                                      │
╰──────────────────────────────────────────────────────────────────────────────────────────────────────────────────────╯


╭──────────────────────────────────────────────────────────────────────────────────────────────────────────────────────╮
├──────────────────────────────────────────────────── Metric Table ────────────────────────────────────────────────────┤
│ Global Step:  100/100 │ Progress: ████████████████████████████████████████ │ 100.0%                                  │
│ Elapsed: 40:56 │ ETA: 00:00 │ Step Time: 24.561s                                                                     │
├──────────────────────────────────────────────────────── Time ────────────────────────────────────────────────────────┤
│                                                                                                                      │
│actor/actor/compute_adv=0.0061         │actor/actor/recv_traj=22.283           │actor/actor/sync_model_to_rollout=0.0…│
│actor/run_training=0.593               │actor_training=0.595                   │cal_adv_and_returns=0.0081            │
│env/env/bootstrap_step=2.32e-04        │env/env_interact_step=17.982           │env/interact=22.275                   │
│env/run_interact_once=22.275           │generate_rollouts=22.296               │rollout/generate_one_epoch=22.275     │
│rollout/predict=0.253                  │rollout/rollout/generate=22.276        │rollout/sync_model_from_actor=0.097   │
│step=23.123                            │sync_weights=0.099                     │                                      │
│                                                                                                                      │
├──────────────────────────────────────────────────── Environment ─────────────────────────────────────────────────────┤
│                                                                                                                      │
│num_trajectories=0                     │                                       │                                      │
│                                                                                                                      │
├────────────────────────────────────────────────────── Rollout ───────────────────────────────────────────────────────┤
│                                                                                                                      │
│advantages_max=3.073                   │advantages_mean=1.86e-08               │advantages_min=-4.422                 │
│returns_max=73.249                     │returns_mean=51.746                    │returns_min=2.477                     │
│rewards=0.595                          │                                       │                                      │
│                                                                                                                      │
├─────────────────────────────────────────────────── Training/Actor ───────────────────────────────────────────────────┤
│                                                                                                                      │
│actor/approx_kl=0.011                  │actor/clip_fraction=0.128              │actor/clipped_ratio=0.997             │
│actor/dual_cliped_ratio=0.0000         │actor/entropy_loss=0.0000              │actor/grad_norm=56.568                │
│actor/lr=3.00e-04                      │actor/policy_loss=-0.033               │actor/policy_loss_abs=0.768           │
│actor/ratio=1.002                      │actor/ratio_abs=0.117                  │actor/total_loss=6.492                │
│                                                                                                                      │
├────────────────────────────────────────────────── Training/Critic ───────────────────────────────────────────────────┤
│                                                                                                                      │
│critic/explained_variance=0.589        │critic/lr=3.00e-04                     │critic/value_clip_ratio=0.185         │
│critic/value_loss=26.002               │                                       │                                      │
│                                                                                                                      │
╰──────────────────────────────────────────────────────────────────────────────────────────────────────────────────────╯

