2026-09-27 12:31:18.383 | WARNING  | plugrl_env_client.envs:_load_env_modules:27 - Skip loading env module plugrl_env_client.envs.classic.classic_env: pygame is not installed. Please install it with pip install "plugrl-env-client[classic]".
2026-09-27 12:31:18.384 | WARNING  | plugrl_env_client.envs:_load_env_modules:27 - Skip loading env module plugrl_env_client.envs.atari.atari_env: Atari is not installed. Please install it with the 'atari' extra, e.g. 'pip install plugrl-env-client[atari]'
2026-09-27 12:31:18.384 | WARNING  | plugrl_env_client.envs:_load_env_modules:27 - Skip loading env module plugrl_env_client.envs.d4rl.d4rl_env: d4rl is not installed. Please install it with pip install "plugrl-env-client[d4rl]".
2026-09-27 12:31:18.384 | WARNING  | plugrl_env_client.envs:_load_env_modules:27 - Skip loading env module plugrl_env_client.envs.libero.libero_env: libero is not installed. Please install it with pip install "plugrl-env-client[libero]".
[robosuite WARNING] No private macro file found! (macros.py:53)
[robosuite WARNING] It is recommended to use a private macro file (macros.py:54)
[robosuite WARNING] To setup, run: python /home/guangzhao/zuogou/plugrl/plugrl-env-client/.venv-robomimic/lib/python3.11/site-packages/robosuite/scripts/setup_macros.py (macros.py:55)
2026-09-27 12:31:19.079 | INFO     | __main__:main:83 - Starting env client exp_name=robomimic-v1-nenv1-20260927-123119-a19b354a output_dir=runs/robomimic-v1-nenv1-20260927-123119-a19b354a recorder={'episode_freq': 0, 'thread0_only': True, 'record_video': False, 'video_fps': 30.0, 'record_full_rollout': False, 'record_obs_stats': True, 'record_episode_metrics': True, 'metric_window': 100}
2026-09-27 12:31:19.195 | WARNING  | plugrl_env_client.envs:_load_env_modules:27 - Skip loading env module plugrl_env_client.envs.classic.classic_env: pygame is not installed. Please install it with pip install "plugrl-env-client[classic]".
2026-09-27 12:31:19.195 | WARNING  | plugrl_env_client.envs:_load_env_modules:27 - Skip loading env module plugrl_env_client.envs.atari.atari_env: Atari is not installed. Please install it with the 'atari' extra, e.g. 'pip install plugrl-env-client[atari]'
2026-09-27 12:31:19.196 | WARNING  | plugrl_env_client.envs:_load_env_modules:27 - Skip loading env module plugrl_env_client.envs.d4rl.d4rl_env: d4rl is not installed. Please install it with pip install "plugrl-env-client[d4rl]".
2026-09-27 12:31:19.196 | WARNING  | plugrl_env_client.envs:_load_env_modules:27 - Skip loading env module plugrl_env_client.envs.classic.classic_env: pygame is not installed. Please install it with pip install "plugrl-env-client[classic]".
2026-09-27 12:31:19.196 | WARNING  | plugrl_env_client.envs:_load_env_modules:27 - Skip loading env module plugrl_env_client.envs.libero.libero_env: libero is not installed. Please install it with pip install "plugrl-env-client[libero]".
2026-09-27 12:31:19.196 | WARNING  | plugrl_env_client.envs:_load_env_modules:27 - Skip loading env module plugrl_env_client.envs.atari.atari_env: Atari is not installed. Please install it with the 'atari' extra, e.g. 'pip install plugrl-env-client[atari]'
2026-09-27 12:31:19.196 | WARNING  | plugrl_env_client.envs:_load_env_modules:27 - Skip loading env module plugrl_env_client.envs.d4rl.d4rl_env: d4rl is not installed. Please install it with pip install "plugrl-env-client[d4rl]".
2026-09-27 12:31:19.196 | WARNING  | plugrl_env_client.envs:_load_env_modules:27 - Skip loading env module plugrl_env_client.envs.libero.libero_env: libero is not installed. Please install it with pip install "plugrl-env-client[libero]".
2026-09-27 12:31:19.204 | WARNING  | plugrl_env_client.envs:_load_env_modules:27 - Skip loading env module plugrl_env_client.envs.classic.classic_env: pygame is not installed. Please install it with pip install "plugrl-env-client[classic]".
2026-09-27 12:31:19.205 | WARNING  | plugrl_env_client.envs:_load_env_modules:27 - Skip loading env module plugrl_env_client.envs.atari.atari_env: Atari is not installed. Please install it with the 'atari' extra, e.g. 'pip install plugrl-env-client[atari]'
2026-09-27 12:31:19.205 | WARNING  | plugrl_env_client.envs:_load_env_modules:27 - Skip loading env module plugrl_env_client.envs.d4rl.d4rl_env: d4rl is not installed. Please install it with pip install "plugrl-env-client[d4rl]".
2026-09-27 12:31:19.205 | WARNING  | plugrl_env_client.envs:_load_env_modules:27 - Skip loading env module plugrl_env_client.envs.libero.libero_env: libero is not installed. Please install it with pip install "plugrl-env-client[libero]".
[robosuite WARNING] No private macro file found! (macros.py:53)
[robosuite WARNING] It is recommended to use a private macro file (macros.py:54)
[robosuite WARNING] To setup, run: python /home/guangzhao/zuogou/plugrl/plugrl-env-client/.venv-robomimic/lib/python3.11/site-packages/robosuite/scripts/setup_macros.py (macros.py:55)
[robosuite WARNING] No private macro file found! (macros.py:53)
[robosuite WARNING] It is recommended to use a private macro file (macros.py:54)
[robosuite WARNING] To setup, run: python /home/guangzhao/zuogou/plugrl/plugrl-env-client/.venv-robomimic/lib/python3.11/site-packages/robosuite/scripts/setup_macros.py (macros.py:55)
[robosuite WARNING] No private macro file found! (macros.py:53)
[robosuite WARNING] It is recommended to use a private macro file (macros.py:54)
[robosuite WARNING] To setup, run: python /home/guangzhao/zuogou/plugrl/plugrl-env-client/.venv-robomimic/lib/python3.11/site-packages/robosuite/scripts/setup_macros.py (macros.py:55)
2026-09-27 12:31:21.154 | INFO     | plugrl_env_client.agent.websocket_env_client_agent:_wait_for_server:67 - Waiting for server at ws://127.0.0.1:9610...
2026-09-27 12:31:21.157 | INFO     | plugrl_env_client.runner.run:report_server_metadata:56 - Server metadata: {'protocol_version': 1, 'server': 'plugrl-server', 'server_version': '0.1.0', 'algorithm': 'DPPOAlgorithm', 'policy': 'FPOPolicy', 'action_dim': 7, 'action_horizon': 4}
2026-09-27 12:31:21.261 | INFO     | plugrl_env_client.agent.websocket_env_client_agent:_wait_for_server:67 - Waiting for server at ws://127.0.0.1:9610...
2026-09-27 12:31:21.266 | INFO     | plugrl_env_client.agent.websocket_env_client_agent:_wait_for_server:67 - Waiting for server at ws://127.0.0.1:9610...
2026-09-27 12:31:21.274 | INFO     | plugrl_env_client.runner.run:report_server_metadata:56 - Server metadata: {'protocol_version': 1, 'server': 'plugrl-server', 'server_version': '0.1.0', 'algorithm': 'DPPOAlgorithm', 'policy': 'FPOPolicy', 'action_dim': 7, 'action_horizon': 4}
2026-09-27 12:31:21.274 | INFO     | plugrl_env_client.runner.run:report_server_metadata:56 - Server metadata: {'protocol_version': 1, 'server': 'plugrl-server', 'server_version': '0.1.0', 'algorithm': 'DPPOAlgorithm', 'policy': 'FPOPolicy', 'action_dim': 7, 'action_horizon': 4}
2026-09-27 12:31:51.192 | INFO     | plugrl_env_client.runner.rollout:log_timing_summary:98 - Intermediate rollout timing summary: env_steps=2333 infer_calls=584 feedback_calls=583 infer_wait=12.164s infer_obs_pack=0.027s env_step=17.619s feedback_total=0.119s feedback_obs_pack=0.038s feedback_info_pack=0.002s effective_fps=77.95
2026-09-27 12:31:51.310 | INFO     | plugrl_env_client.runner.rollout:log_timing_summary:98 - Intermediate rollout timing summary: env_steps=2329 infer_calls=583 feedback_calls=582 infer_wait=12.463s infer_obs_pack=0.027s env_step=17.333s feedback_total=0.113s feedback_obs_pack=0.038s feedback_info_pack=0.002s effective_fps=77.80
2026-09-27 12:31:51.312 | INFO     | plugrl_env_client.runner.rollout:log_timing_summary:98 - Intermediate rollout timing summary: env_steps=2329 infer_calls=583 feedback_calls=582 infer_wait=12.218s infer_obs_pack=0.031s env_step=17.559s feedback_total=0.122s feedback_obs_pack=0.039s feedback_info_pack=0.002s effective_fps=77.81
2026-09-27 12:32:21.213 | INFO     | plugrl_env_client.runner.rollout:log_timing_summary:98 - Intermediate rollout timing summary: env_steps=4585 infer_calls=1147 feedback_calls=1146 infer_wait=24.249s infer_obs_pack=0.054s env_step=35.322s feedback_total=0.229s feedback_obs_pack=0.075s feedback_info_pack=0.004s effective_fps=76.60
2026-09-27 12:32:21.322 | INFO     | plugrl_env_client.runner.rollout:log_timing_summary:98 - Intermediate rollout timing summary: env_steps=4581 infer_calls=1146 feedback_calls=1145 infer_wait=24.818s infer_obs_pack=0.057s env_step=34.736s feedback_total=0.234s feedback_obs_pack=0.078s feedback_info_pack=0.004s effective_fps=76.55
2026-09-27 12:32:21.323 | INFO     | plugrl_env_client.runner.rollout:log_timing_summary:98 - Intermediate rollout timing summary: env_steps=4581 infer_calls=1146 feedback_calls=1145 infer_wait=24.932s infer_obs_pack=0.056s env_step=34.644s feedback_total=0.224s feedback_obs_pack=0.075s feedback_info_pack=0.004s effective_fps=76.53
2026-09-27 12:32:51.221 | INFO     | plugrl_env_client.runner.rollout:log_timing_summary:98 - Intermediate rollout timing summary: env_steps=6872 infer_calls=1718 feedback_calls=1718 infer_wait=36.220s infer_obs_pack=0.081s env_step=53.119s feedback_total=0.349s feedback_obs_pack=0.113s feedback_info_pack=0.006s effective_fps=76.55
2026-09-27 12:32:51.325 | INFO     | plugrl_env_client.runner.rollout:log_timing_summary:98 - Intermediate rollout timing summary: env_steps=6866 infer_calls=1717 feedback_calls=1716 infer_wait=37.438s infer_obs_pack=0.083s env_step=51.902s feedback_total=0.339s feedback_obs_pack=0.113s feedback_info_pack=0.006s effective_fps=76.49
2026-09-27 12:32:51.328 | INFO     | plugrl_env_client.runner.rollout:log_timing_summary:98 - Intermediate rollout timing summary: env_steps=6867 infer_calls=1717 feedback_calls=1716 infer_wait=36.759s infer_obs_pack=0.087s env_step=52.555s feedback_total=0.351s feedback_obs_pack=0.118s feedback_info_pack=0.006s effective_fps=76.51
2026-09-27 12:33:21.227 | INFO     | plugrl_env_client.runner.rollout:log_timing_summary:98 - Intermediate rollout timing summary: env_steps=9135 infer_calls=2284 feedback_calls=2283 infer_wait=48.298s infer_obs_pack=0.109s env_step=70.816s feedback_total=0.459s feedback_obs_pack=0.150s feedback_info_pack=0.008s effective_fps=76.33
2026-09-27 12:33:21.329 | INFO     | plugrl_env_client.runner.rollout:log_timing_summary:98 - Intermediate rollout timing summary: env_steps=9130 infer_calls=2283 feedback_calls=2282 infer_wait=49.796s infer_obs_pack=0.109s env_step=69.313s feedback_total=0.451s feedback_obs_pack=0.150s feedback_info_pack=0.008s effective_fps=76.29
2026-09-27 12:33:21.334 | INFO     | plugrl_env_client.runner.rollout:log_timing_summary:98 - Intermediate rollout timing summary: env_steps=9131 infer_calls=2283 feedback_calls=2282 infer_wait=49.246s infer_obs_pack=0.118s env_step=69.830s feedback_total=0.472s feedback_obs_pack=0.161s feedback_info_pack=0.008s effective_fps=76.30
2026-09-27 12:33:51.236 | INFO     | plugrl_env_client.runner.rollout:log_timing_summary:98 - Intermediate rollout timing summary: env_steps=11409 infer_calls=2853 feedback_calls=2852 infer_wait=60.469s infer_obs_pack=0.135s env_step=88.409s feedback_total=0.578s feedback_obs_pack=0.189s feedback_info_pack=0.010s effective_fps=76.27
2026-09-27 12:33:51.334 | INFO     | plugrl_env_client.runner.rollout:log_timing_summary:98 - Intermediate rollout timing summary: env_steps=11405 infer_calls=2852 feedback_calls=2851 infer_wait=61.828s infer_obs_pack=0.137s env_step=87.046s feedback_total=0.567s feedback_obs_pack=0.189s feedback_info_pack=0.010s effective_fps=76.25
2026-09-27 12:33:51.337 | INFO     | plugrl_env_client.runner.rollout:log_timing_summary:98 - Intermediate rollout timing summary: env_steps=11406 infer_calls=2852 feedback_calls=2851 infer_wait=61.986s infer_obs_pack=0.148s env_step=86.853s feedback_total=0.590s feedback_obs_pack=0.198s feedback_info_pack=0.009s effective_fps=76.26
2026-09-27 12:34:21.242 | INFO     | plugrl_env_client.runner.rollout:log_timing_summary:98 - Intermediate rollout timing summary: env_steps=13859 infer_calls=3465 feedback_calls=3464 infer_wait=72.254s infer_obs_pack=0.163s env_step=106.368s feedback_total=0.709s feedback_obs_pack=0.233s feedback_info_pack=0.012s effective_fps=77.21
2026-09-27 12:34:21.346 | INFO     | plugrl_env_client.runner.rollout:log_timing_summary:98 - Intermediate rollout timing summary: env_steps=13853 infer_calls=3464 feedback_calls=3463 infer_wait=73.857s infer_obs_pack=0.180s env_step=104.728s feedback_total=0.719s feedback_obs_pack=0.238s feedback_info_pack=0.011s effective_fps=77.18
2026-09-27 12:34:21.346 | INFO     | plugrl_env_client.runner.rollout:log_timing_summary:98 - Intermediate rollout timing summary: env_steps=13853 infer_calls=3464 feedback_calls=3463 infer_wait=73.293s infer_obs_pack=0.166s env_step=105.331s feedback_total=0.700s feedback_obs_pack=0.231s feedback_info_pack=0.012s effective_fps=77.18
2026-09-27 12:34:51.251 | INFO     | plugrl_env_client.runner.rollout:log_timing_summary:98 - Intermediate rollout timing summary: env_steps=16329 infer_calls=4083 feedback_calls=4082 infer_wait=84.029s infer_obs_pack=0.190s env_step=124.332s feedback_total=0.848s feedback_obs_pack=0.275s feedback_info_pack=0.014s effective_fps=77.98
2026-09-27 12:34:51.347 | INFO     | plugrl_env_client.runner.rollout:log_timing_summary:98 - Intermediate rollout timing summary: env_steps=16326 infer_calls=4082 feedback_calls=4081 infer_wait=85.530s infer_obs_pack=0.208s env_step=122.789s feedback_total=0.848s feedback_obs_pack=0.278s feedback_info_pack=0.013s effective_fps=77.98
2026-09-27 12:34:51.350 | INFO     | plugrl_env_client.runner.rollout:log_timing_summary:98 - Intermediate rollout timing summary: env_steps=16326 infer_calls=4082 feedback_calls=4081 infer_wait=84.815s infer_obs_pack=0.195s env_step=123.558s feedback_total=0.827s feedback_obs_pack=0.271s feedback_info_pack=0.014s effective_fps=77.97
2026-09-27 12:35:21.253 | INFO     | plugrl_env_client.runner.rollout:log_timing_summary:98 - Intermediate rollout timing summary: env_steps=18809 infer_calls=4703 feedback_calls=4702 infer_wait=95.644s infer_obs_pack=0.217s env_step=142.462s feedback_total=0.977s feedback_obs_pack=0.315s feedback_info_pack=0.016s effective_fps=78.60
2026-09-27 12:35:21.350 | INFO     | plugrl_env_client.runner.rollout:log_timing_summary:98 - Intermediate rollout timing summary: env_steps=18807 infer_calls=4702 feedback_calls=4701 infer_wait=97.199s infer_obs_pack=0.236s env_step=140.853s feedback_total=0.987s feedback_obs_pack=0.320s feedback_info_pack=0.015s effective_fps=78.60
2026-09-27 12:35:21.353 | INFO     | plugrl_env_client.runner.rollout:log_timing_summary:98 - Intermediate rollout timing summary: env_steps=18807 infer_calls=4702 feedback_calls=4701 infer_wait=96.628s infer_obs_pack=0.224s env_step=141.478s feedback_total=0.963s feedback_obs_pack=0.312s feedback_info_pack=0.016s effective_fps=78.59
2026-09-27 12:35:51.258 | INFO     | plugrl_env_client.runner.rollout:log_timing_summary:98 - Intermediate rollout timing summary: env_steps=21252 infer_calls=5313 feedback_calls=5313 infer_wait=107.609s infer_obs_pack=0.244s env_step=160.244s feedback_total=1.110s feedback_obs_pack=0.354s feedback_info_pack=0.018s effective_fps=78.94
2026-09-27 12:35:51.363 | INFO     | plugrl_env_client.runner.rollout:log_timing_summary:98 - Intermediate rollout timing summary: env_steps=21249 infer_calls=5313 feedback_calls=5312 infer_wait=107.909s infer_obs_pack=0.251s env_step=159.951s feedback_total=1.091s feedback_obs_pack=0.351s feedback_info_pack=0.018s effective_fps=78.93
2026-09-27 12:35:51.363 | INFO     | plugrl_env_client.runner.rollout:log_timing_summary:98 - Intermediate rollout timing summary: env_steps=21249 infer_calls=5313 feedback_calls=5312 infer_wait=108.572s infer_obs_pack=0.264s env_step=159.234s feedback_total=1.123s feedback_obs_pack=0.360s feedback_info_pack=0.018s effective_fps=78.94
2026-09-27 12:36:21.259 | INFO     | plugrl_env_client.runner.rollout:log_timing_summary:98 - Intermediate rollout timing summary: env_steps=23572 infer_calls=5893 feedback_calls=5893 infer_wait=119.145s infer_obs_pack=0.271s env_step=178.465s feedback_total=1.230s feedback_obs_pack=0.392s feedback_info_pack=0.020s effective_fps=78.81
2026-09-27 12:36:21.363 | INFO     | plugrl_env_client.runner.rollout:log_timing_summary:98 - Intermediate rollout timing summary: env_steps=23565 infer_calls=5892 feedback_calls=5891 infer_wait=120.771s infer_obs_pack=0.291s env_step=176.791s feedback_total=1.247s feedback_obs_pack=0.401s feedback_info_pack=0.020s effective_fps=78.79
2026-09-27 12:36:21.367 | INFO     | plugrl_env_client.runner.rollout:log_timing_summary:98 - Intermediate rollout timing summary: env_steps=23567 infer_calls=5892 feedback_calls=5891 infer_wait=119.840s infer_obs_pack=0.279s env_step=177.781s feedback_total=1.217s feedback_obs_pack=0.393s feedback_info_pack=0.020s effective_fps=78.79
2026-09-27 12:36:51.264 | INFO     | plugrl_env_client.runner.rollout:log_timing_summary:98 - Intermediate rollout timing summary: env_steps=25900 infer_calls=6475 feedback_calls=6475 infer_wait=131.306s infer_obs_pack=0.298s env_step=196.069s feedback_total=1.347s feedback_obs_pack=0.430s feedback_info_pack=0.022s effective_fps=78.72
2026-09-27 12:36:51.386 | INFO     | plugrl_env_client.runner.rollout:log_timing_summary:98 - Intermediate rollout timing summary: env_steps=25897 infer_calls=6475 feedback_calls=6474 infer_wait=131.959s infer_obs_pack=0.305s env_step=195.447s feedback_total=1.332s feedback_obs_pack=0.431s feedback_info_pack=0.022s effective_fps=78.70
2026-09-27 12:36:51.389 | INFO     | plugrl_env_client.runner.rollout:log_timing_summary:98 - Intermediate rollout timing summary: env_steps=25897 infer_calls=6475 feedback_calls=6474 infer_wait=133.167s infer_obs_pack=0.318s env_step=194.172s feedback_total=1.370s feedback_obs_pack=0.443s feedback_info_pack=0.021s effective_fps=78.71
2026-09-27 12:46:08.321 | INFO     | plugrl_env_client.runner.rollout:log_timing_summary:98 - Intermediate rollout timing summary: env_steps=26665 infer_calls=6667 feedback_calls=6666 infer_wait=682.970s infer_obs_pack=0.314s env_step=201.288s feedback_total=1.370s feedback_obs_pack=0.443s feedback_info_pack=0.022s effective_fps=30.10
2026-09-27 12:46:08.325 | INFO     | plugrl_env_client.runner.rollout:log_timing_summary:98 - Intermediate rollout timing summary: env_steps=26677 infer_calls=6670 feedback_calls=6669 infer_wait=682.329s infer_obs_pack=0.307s env_step=202.023s feedback_total=1.390s feedback_obs_pack=0.443s feedback_info_pack=0.023s effective_fps=30.11
2026-09-27 12:46:08.326 | INFO     | plugrl_env_client.runner.rollout:log_timing_summary:98 - Intermediate rollout timing summary: env_steps=26665 infer_calls=6667 feedback_calls=6666 infer_wait=684.281s infer_obs_pack=0.327s env_step=199.915s feedback_total=1.407s feedback_obs_pack=0.456s feedback_info_pack=0.022s effective_fps=30.10
2026-09-27 12:46:38.327 | INFO     | plugrl_env_client.runner.rollout:log_timing_summary:98 - Intermediate rollout timing summary: env_steps=28992 infer_calls=7248 feedback_calls=7248 infer_wait=694.952s infer_obs_pack=0.346s env_step=219.064s feedback_total=1.494s feedback_obs_pack=0.486s feedback_info_pack=0.024s effective_fps=31.66
2026-09-27 12:46:38.328 | INFO     | plugrl_env_client.runner.rollout:log_timing_summary:98 - Intermediate rollout timing summary: env_steps=28992 infer_calls=7248 feedback_calls=7248 infer_wait=696.547s infer_obs_pack=0.356s env_step=217.396s feedback_total=1.534s feedback_obs_pack=0.494s feedback_info_pack=0.024s effective_fps=31.66
2026-09-27 12:46:38.349 | INFO     | plugrl_env_client.runner.rollout:log_timing_summary:98 - Intermediate rollout timing summary: env_steps=29005 infer_calls=7252 feedback_calls=7251 infer_wait=694.209s infer_obs_pack=0.336s env_step=219.919s feedback_total=1.511s feedback_obs_pack=0.484s feedback_info_pack=0.025s effective_fps=31.67
2026-09-27 12:47:08.329 | INFO     | plugrl_env_client.runner.rollout:log_timing_summary:98 - Intermediate rollout timing summary: env_steps=31261 infer_calls=7816 feedback_calls=7815 infer_wait=707.171s infer_obs_pack=0.372s env_step=236.619s feedback_total=1.605s feedback_obs_pack=0.524s feedback_info_pack=0.026s effective_fps=33.05
2026-09-27 12:47:08.334 | INFO     | plugrl_env_client.runner.rollout:log_timing_summary:98 - Intermediate rollout timing summary: env_steps=31262 infer_calls=7816 feedback_calls=7815 infer_wait=708.584s infer_obs_pack=0.385s env_step=235.124s feedback_total=1.651s feedback_obs_pack=0.534s feedback_info_pack=0.026s effective_fps=33.06
2026-09-27 12:47:08.351 | INFO     | plugrl_env_client.runner.rollout:log_timing_summary:98 - Intermediate rollout timing summary: env_steps=31276 infer_calls=7819 feedback_calls=7819 infer_wait=706.448s infer_obs_pack=0.363s env_step=237.443s feedback_total=1.627s feedback_obs_pack=0.523s feedback_info_pack=0.027s effective_fps=33.07
2026-09-27 12:47:38.348 | INFO     | plugrl_env_client.runner.rollout:log_timing_summary:98 - Intermediate rollout timing summary: env_steps=33513 infer_calls=8379 feedback_calls=8378 infer_wait=719.329s infer_obs_pack=0.401s env_step=254.241s feedback_total=1.719s feedback_obs_pack=0.564s feedback_info_pack=0.028s effective_fps=34.35
2026-09-27 12:47:38.349 | INFO     | plugrl_env_client.runner.rollout:log_timing_summary:98 - Intermediate rollout timing summary: env_steps=33513 infer_calls=8379 feedback_calls=8378 infer_wait=721.399s infer_obs_pack=0.413s env_step=252.091s feedback_total=1.768s feedback_obs_pack=0.572s feedback_info_pack=0.028s effective_fps=34.35
2026-09-27 12:47:38.351 | INFO     | plugrl_env_client.runner.rollout:log_timing_summary:98 - Intermediate rollout timing summary: env_steps=33526 infer_calls=8382 feedback_calls=8381 infer_wait=718.881s infer_obs_pack=0.390s env_step=254.781s feedback_total=1.735s feedback_obs_pack=0.560s feedback_info_pack=0.029s effective_fps=34.36
2026-09-27 12:48:08.349 | INFO     | plugrl_env_client.runner.rollout:log_timing_summary:98 - Intermediate rollout timing summary: env_steps=35782 infer_calls=8946 feedback_calls=8945 infer_wait=731.710s infer_obs_pack=0.431s env_step=271.620s feedback_total=1.836s feedback_obs_pack=0.602s feedback_info_pack=0.030s effective_fps=35.58
2026-09-27 12:48:08.356 | INFO     | plugrl_env_client.runner.rollout:log_timing_summary:98 - Intermediate rollout timing summary: env_steps=35782 infer_calls=8946 feedback_calls=8945 infer_wait=734.193s infer_obs_pack=0.439s env_step=269.074s feedback_total=1.881s feedback_obs_pack=0.610s feedback_info_pack=0.030s effective_fps=35.58
2026-09-27 12:48:08.357 | INFO     | plugrl_env_client.runner.rollout:log_timing_summary:98 - Intermediate rollout timing summary: env_steps=35795 infer_calls=8949 feedback_calls=8948 infer_wait=730.719s infer_obs_pack=0.419s env_step=272.712s feedback_total=1.846s feedback_obs_pack=0.598s feedback_info_pack=0.031s effective_fps=35.59
2026-09-27 12:48:38.370 | INFO     | plugrl_env_client.runner.rollout:log_timing_summary:98 - Intermediate rollout timing summary: env_steps=38089 infer_calls=9523 feedback_calls=9522 infer_wait=746.320s infer_obs_pack=0.474s env_step=286.707s feedback_total=2.001s feedback_obs_pack=0.656s feedback_info_pack=0.031s effective_fps=36.78
2026-09-27 12:48:38.373 | INFO     | plugrl_env_client.runner.rollout:log_timing_summary:98 - Intermediate rollout timing summary: env_steps=38089 infer_calls=9523 feedback_calls=9522 infer_wait=744.267s infer_obs_pack=0.458s env_step=288.854s feedback_total=1.951s feedback_obs_pack=0.641s feedback_info_pack=0.032s effective_fps=36.78
2026-09-27 12:48:38.379 | INFO     | plugrl_env_client.runner.rollout:log_timing_summary:98 - Intermediate rollout timing summary: env_steps=38101 infer_calls=9526 feedback_calls=9525 infer_wait=743.177s infer_obs_pack=0.446s env_step=290.038s feedback_total=1.960s feedback_obs_pack=0.636s feedback_info_pack=0.033s effective_fps=36.79
2026-09-27 12:49:08.376 | INFO     | plugrl_env_client.runner.rollout:log_timing_summary:98 - Intermediate rollout timing summary: env_steps=40538 infer_calls=10135 feedback_calls=10134 infer_wait=757.779s infer_obs_pack=0.502s env_step=304.998s feedback_total=2.130s feedback_obs_pack=0.697s feedback_info_pack=0.034s effective_fps=38.05
2026-09-27 12:49:08.380 | INFO     | plugrl_env_client.runner.rollout:log_timing_summary:98 - Intermediate rollout timing summary: env_steps=40538 infer_calls=10135 feedback_calls=10134 infer_wait=756.186s infer_obs_pack=0.485s env_step=306.687s feedback_total=2.079s feedback_obs_pack=0.680s feedback_info_pack=0.034s effective_fps=38.05
2026-09-27 12:49:08.381 | INFO     | plugrl_env_client.runner.rollout:log_timing_summary:98 - Intermediate rollout timing summary: env_steps=40550 infer_calls=10138 feedback_calls=10137 infer_wait=754.980s infer_obs_pack=0.474s env_step=307.978s feedback_total=2.091s feedback_obs_pack=0.676s feedback_info_pack=0.035s effective_fps=38.06
2026-09-27 12:49:38.387 | INFO     | plugrl_env_client.runner.rollout:log_timing_summary:98 - Intermediate rollout timing summary: env_steps=42997 infer_calls=10750 feedback_calls=10749 infer_wait=767.317s infer_obs_pack=0.513s env_step=325.305s feedback_total=2.212s feedback_obs_pack=0.719s feedback_info_pack=0.036s effective_fps=39.25
2026-09-27 12:49:38.389 | INFO     | plugrl_env_client.runner.rollout:log_timing_summary:98 - Intermediate rollout timing summary: env_steps=42997 infer_calls=10750 feedback_calls=10749 infer_wait=769.511s infer_obs_pack=0.529s env_step=323.015s feedback_total=2.263s feedback_obs_pack=0.737s feedback_info_pack=0.036s effective_fps=39.26
2026-09-27 12:49:38.392 | INFO     | plugrl_env_client.runner.rollout:log_timing_summary:98 - Intermediate rollout timing summary: env_steps=43009 infer_calls=10753 feedback_calls=10752 infer_wait=766.786s infer_obs_pack=0.501s env_step=325.918s feedback_total=2.226s feedback_obs_pack=0.716s feedback_info_pack=0.037s effective_fps=39.26
2026-09-27 12:50:08.403 | INFO     | plugrl_env_client.runner.rollout:log_timing_summary:98 - Intermediate rollout timing summary: env_steps=45409 infer_calls=11353 feedback_calls=11352 infer_wait=780.576s infer_obs_pack=0.560s env_step=341.708s feedback_total=2.393s feedback_obs_pack=0.781s feedback_info_pack=0.038s effective_fps=40.36
2026-09-27 12:50:08.403 | INFO     | plugrl_env_client.runner.rollout:log_timing_summary:98 - Intermediate rollout timing summary: env_steps=45421 infer_calls=11356 feedback_calls=11355 infer_wait=778.483s infer_obs_pack=0.531s env_step=343.961s feedback_total=2.364s feedback_obs_pack=0.757s feedback_info_pack=0.040s effective_fps=40.36
2026-09-27 12:50:08.406 | INFO     | plugrl_env_client.runner.rollout:log_timing_summary:98 - Intermediate rollout timing summary: env_steps=45409 infer_calls=11353 feedback_calls=11352 infer_wait=779.479s infer_obs_pack=0.540s env_step=342.909s feedback_total=2.339s feedback_obs_pack=0.759s feedback_info_pack=0.038s effective_fps=40.35
2026-09-27 12:50:38.404 | INFO     | plugrl_env_client.runner.rollout:log_timing_summary:98 - Intermediate rollout timing summary: env_steps=47892 infer_calls=11973 feedback_calls=11973 infer_wait=790.000s infer_obs_pack=0.559s env_step=362.181s feedback_total=2.498s feedback_obs_pack=0.797s feedback_info_pack=0.042s effective_fps=41.46
2026-09-27 12:50:38.408 | INFO     | plugrl_env_client.runner.rollout:log_timing_summary:98 - Intermediate rollout timing summary: env_steps=47879 infer_calls=11970 feedback_calls=11969 infer_wait=791.428s infer_obs_pack=0.567s env_step=360.699s feedback_total=2.471s feedback_obs_pack=0.802s feedback_info_pack=0.040s effective_fps=41.45
2026-09-27 12:50:38.440 | INFO     | plugrl_env_client.runner.rollout:log_timing_summary:98 - Intermediate rollout timing summary: env_steps=47881 infer_calls=11971 feedback_calls=11970 infer_wait=792.350s infer_obs_pack=0.587s env_step=359.714s feedback_total=2.524s feedback_obs_pack=0.821s feedback_info_pack=0.040s effective_fps=41.45
2026-09-27 12:51:08.407 | INFO     | plugrl_env_client.runner.rollout:log_timing_summary:98 - Intermediate rollout timing summary: env_steps=50268 infer_calls=12567 feedback_calls=12567 infer_wait=802.066s infer_obs_pack=0.586s env_step=379.864s feedback_total=2.621s feedback_obs_pack=0.835s feedback_info_pack=0.044s effective_fps=42.42
2026-09-27 12:51:08.426 | INFO     | plugrl_env_client.runner.rollout:log_timing_summary:98 - Intermediate rollout timing summary: env_steps=50257 infer_calls=12565 feedback_calls=12564 infer_wait=803.297s infer_obs_pack=0.596s env_step=378.597s feedback_total=2.597s feedback_obs_pack=0.842s feedback_info_pack=0.042s effective_fps=42.41
2026-09-27 12:51:08.447 | INFO     | plugrl_env_client.runner.rollout:log_timing_summary:98 - Intermediate rollout timing summary: env_steps=50259 infer_calls=12565 feedback_calls=12564 infer_wait=804.379s infer_obs_pack=0.615s env_step=377.446s feedback_total=2.647s feedback_obs_pack=0.862s feedback_info_pack=0.042s effective_fps=42.41
2026-09-27 12:51:38.415 | INFO     | plugrl_env_client.runner.rollout:log_timing_summary:98 - Intermediate rollout timing summary: env_steps=52569 infer_calls=13143 feedback_calls=13142 infer_wait=814.103s infer_obs_pack=0.613s env_step=397.581s feedback_total=2.744s feedback_obs_pack=0.877s feedback_info_pack=0.046s effective_fps=43.27
2026-09-27 12:51:38.432 | INFO     | plugrl_env_client.runner.rollout:log_timing_summary:98 - Intermediate rollout timing summary: env_steps=52559 infer_calls=13140 feedback_calls=13139 infer_wait=815.840s infer_obs_pack=0.624s env_step=395.812s feedback_total=2.716s feedback_obs_pack=0.883s feedback_info_pack=0.044s effective_fps=43.26
2026-09-27 12:51:38.463 | INFO     | plugrl_env_client.runner.rollout:log_timing_summary:98 - Intermediate rollout timing summary: env_steps=52561 infer_calls=13141 feedback_calls=13140 infer_wait=816.701s infer_obs_pack=0.643s env_step=394.898s feedback_total=2.768s feedback_obs_pack=0.901s feedback_info_pack=0.044s effective_fps=43.26
2026-09-27 13:00:29.454 | INFO     | plugrl_env_client.runner.rollout:log_timing_summary:98 - Intermediate rollout timing summary: env_steps=53333 infer_calls=13334 feedback_calls=13333 infer_wait=1341.007s infer_obs_pack=0.633s env_step=401.587s feedback_total=2.754s feedback_obs_pack=0.896s feedback_info_pack=0.045s effective_fps=30.55
2026-09-27 13:00:29.457 | INFO     | plugrl_env_client.runner.rollout:log_timing_summary:98 - Intermediate rollout timing summary: env_steps=53345 infer_calls=13337 feedback_calls=13336 infer_wait=1339.070s infer_obs_pack=0.623s env_step=403.576s feedback_total=2.784s feedback_obs_pack=0.890s feedback_info_pack=0.046s effective_fps=30.55
2026-09-27 13:00:29.458 | INFO     | plugrl_env_client.runner.rollout:log_timing_summary:98 - Intermediate rollout timing summary: env_steps=53333 infer_calls=13334 feedback_calls=13333 infer_wait=1341.141s infer_obs_pack=0.652s env_step=401.369s feedback_total=2.811s feedback_obs_pack=0.913s feedback_info_pack=0.044s effective_fps=30.55
2026-09-27 13:00:59.457 | INFO     | plugrl_env_client.runner.rollout:log_timing_summary:98 - Intermediate rollout timing summary: env_steps=55703 infer_calls=13926 feedback_calls=13925 infer_wait=1350.879s infer_obs_pack=0.650s env_step=421.515s feedback_total=2.907s feedback_obs_pack=0.928s feedback_info_pack=0.048s effective_fps=31.37
2026-09-27 13:00:59.459 | INFO     | plugrl_env_client.runner.rollout:log_timing_summary:98 - Intermediate rollout timing summary: env_steps=55691 infer_calls=13923 feedback_calls=13922 infer_wait=1353.012s infer_obs_pack=0.660s env_step=419.336s feedback_total=2.883s feedback_obs_pack=0.934s feedback_info_pack=0.047s effective_fps=31.36
2026-09-27 13:00:59.464 | INFO     | plugrl_env_client.runner.rollout:log_timing_summary:98 - Intermediate rollout timing summary: env_steps=55692 infer_calls=13923 feedback_calls=13923 infer_wait=1353.123s infer_obs_pack=0.681s env_step=419.135s feedback_total=2.939s feedback_obs_pack=0.952s feedback_info_pack=0.047s effective_fps=31.36
2026-09-27 13:01:29.462 | INFO     | plugrl_env_client.runner.rollout:log_timing_summary:98 - Intermediate rollout timing summary: env_steps=57995 infer_calls=14499 feedback_calls=14498 infer_wait=1362.950s infer_obs_pack=0.678s env_step=439.205s feedback_total=3.021s feedback_obs_pack=0.967s feedback_info_pack=0.050s effective_fps=32.11
2026-09-27 13:01:29.463 | INFO     | plugrl_env_client.runner.rollout:log_timing_summary:98 - Intermediate rollout timing summary: env_steps=57983 infer_calls=14496 feedback_calls=14495 infer_wait=1364.805s infer_obs_pack=0.689s env_step=437.309s feedback_total=2.998s feedback_obs_pack=0.973s feedback_info_pack=0.049s effective_fps=32.11
2026-09-27 13:01:29.467 | INFO     | plugrl_env_client.runner.rollout:log_timing_summary:98 - Intermediate rollout timing summary: env_steps=57984 infer_calls=14496 feedback_calls=14496 infer_wait=1365.738s infer_obs_pack=0.711s env_step=436.280s feedback_total=3.053s feedback_obs_pack=0.991s feedback_info_pack=0.049s effective_fps=32.11
2026-09-27 13:01:59.466 | INFO     | plugrl_env_client.runner.rollout:log_timing_summary:98 - Intermediate rollout timing summary: env_steps=60257 infer_calls=15065 feedback_calls=15064 infer_wait=1375.556s infer_obs_pack=0.705s env_step=456.366s feedback_total=3.136s feedback_obs_pack=1.008s feedback_info_pack=0.052s effective_fps=32.82
2026-09-27 13:01:59.467 | INFO     | plugrl_env_client.runner.rollout:log_timing_summary:98 - Intermediate rollout timing summary: env_steps=60245 infer_calls=15062 feedback_calls=15061 infer_wait=1376.800s infer_obs_pack=0.717s env_step=455.080s feedback_total=3.109s feedback_obs_pack=1.011s feedback_info_pack=0.051s effective_fps=32.82
2026-09-27 13:01:59.468 | INFO     | plugrl_env_client.runner.rollout:log_timing_summary:98 - Intermediate rollout timing summary: env_steps=60245 infer_calls=15062 feedback_calls=15061 infer_wait=1377.960s infer_obs_pack=0.743s env_step=453.807s feedback_total=3.177s feedback_obs_pack=1.033s feedback_info_pack=0.050s effective_fps=32.82
2026-09-27 13:02:29.474 | INFO     | plugrl_env_client.runner.rollout:log_timing_summary:98 - Intermediate rollout timing summary: env_steps=62561 infer_calls=15641 feedback_calls=15640 infer_wait=1387.757s infer_obs_pack=0.732s env_step=473.931s feedback_total=3.251s feedback_obs_pack=1.046s feedback_info_pack=0.054s effective_fps=33.53
2026-09-27 13:02:29.478 | INFO     | plugrl_env_client.runner.rollout:log_timing_summary:98 - Intermediate rollout timing summary: env_steps=62549 infer_calls=15638 feedback_calls=15637 infer_wait=1388.987s infer_obs_pack=0.744s env_step=472.670s feedback_total=3.222s feedback_obs_pack=1.049s feedback_info_pack=0.053s effective_fps=33.53
2026-09-27 13:02:29.478 | INFO     | plugrl_env_client.runner.rollout:log_timing_summary:98 - Intermediate rollout timing summary: env_steps=62549 infer_calls=15638 feedback_calls=15637 infer_wait=1390.025s infer_obs_pack=0.770s env_step=471.509s feedback_total=3.301s feedback_obs_pack=1.072s feedback_info_pack=0.052s effective_fps=33.53
2026-09-27 13:02:59.479 | INFO     | plugrl_env_client.runner.rollout:log_timing_summary:98 - Intermediate rollout timing summary: env_steps=64812 infer_calls=16203 feedback_calls=16203 infer_wait=1401.333s infer_obs_pack=0.771s env_step=490.089s feedback_total=3.340s feedback_obs_pack=1.087s feedback_info_pack=0.055s effective_fps=34.19
2026-09-27 13:02:59.498 | INFO     | plugrl_env_client.runner.rollout:log_timing_summary:98 - Intermediate rollout timing summary: env_steps=64813 infer_calls=16204 feedback_calls=16203 infer_wait=1402.660s infer_obs_pack=0.796s env_step=488.662s feedback_total=3.414s feedback_obs_pack=1.110s feedback_info_pack=0.054s effective_fps=34.19
2026-09-27 13:02:59.499 | INFO     | plugrl_env_client.runner.rollout:log_timing_summary:98 - Intermediate rollout timing summary: env_steps=64825 infer_calls=16207 feedback_calls=16206 infer_wait=1399.760s infer_obs_pack=0.760s env_step=491.714s feedback_total=3.366s feedback_obs_pack=1.084s feedback_info_pack=0.056s effective_fps=34.20
2026-09-27 13:03:29.484 | INFO     | plugrl_env_client.runner.rollout:log_timing_summary:98 - Intermediate rollout timing summary: env_steps=67110 infer_calls=16778 feedback_calls=16777 infer_wait=1413.779s infer_obs_pack=0.799s env_step=507.406s feedback_total=3.462s feedback_obs_pack=1.131s feedback_info_pack=0.057s effective_fps=34.85
2026-09-27 13:03:29.505 | INFO     | plugrl_env_client.runner.rollout:log_timing_summary:98 - Intermediate rollout timing summary: env_steps=67124 infer_calls=16781 feedback_calls=16781 infer_wait=1411.517s infer_obs_pack=0.791s env_step=509.707s feedback_total=3.490s feedback_obs_pack=1.125s feedback_info_pack=0.058s effective_fps=34.86
2026-09-27 13:03:29.533 | INFO     | plugrl_env_client.runner.rollout:log_timing_summary:98 - Intermediate rollout timing summary: env_steps=67113 infer_calls=16779 feedback_calls=16778 infer_wait=1415.233s infer_obs_pack=0.823s env_step=505.890s feedback_total=3.532s feedback_obs_pack=1.148s feedback_info_pack=0.056s effective_fps=34.86
2026-09-27 13:03:59.489 | INFO     | plugrl_env_client.runner.rollout:log_timing_summary:98 - Intermediate rollout timing summary: env_steps=69539 infer_calls=17385 feedback_calls=17384 infer_wait=1425.726s infer_obs_pack=0.826s env_step=525.207s feedback_total=3.593s feedback_obs_pack=1.170s feedback_info_pack=0.059s effective_fps=35.56
2026-09-27 13:03:59.527 | INFO     | plugrl_env_client.runner.rollout:log_timing_summary:98 - Intermediate rollout timing summary: env_steps=69553 infer_calls=17389 feedback_calls=17388 infer_wait=1423.110s infer_obs_pack=0.819s env_step=527.881s feedback_total=3.615s feedback_obs_pack=1.165s feedback_info_pack=0.060s effective_fps=35.57
2026-09-27 13:03:59.533 | INFO     | plugrl_env_client.runner.rollout:log_timing_summary:98 - Intermediate rollout timing summary: env_steps=69543 infer_calls=17386 feedback_calls=17385 infer_wait=1426.721s infer_obs_pack=0.850s env_step=524.153s feedback_total=3.658s feedback_obs_pack=1.188s feedback_info_pack=0.058s effective_fps=35.56
2026-09-27 13:04:29.494 | INFO     | plugrl_env_client.runner.rollout:log_timing_summary:98 - Intermediate rollout timing summary: env_steps=71979 infer_calls=17995 feedback_calls=17994 infer_wait=1437.448s infer_obs_pack=0.854s env_step=543.230s feedback_total=3.724s feedback_obs_pack=1.210s feedback_info_pack=0.061s effective_fps=36.26
2026-09-27 13:04:29.528 | INFO     | plugrl_env_client.runner.rollout:log_timing_summary:98 - Intermediate rollout timing summary: env_steps=71994 infer_calls=17999 feedback_calls=17998 infer_wait=1434.628s infer_obs_pack=0.849s env_step=546.100s feedback_total=3.742s feedback_obs_pack=1.206s feedback_info_pack=0.063s effective_fps=36.26
2026-09-27 13:04:29.534 | INFO     | plugrl_env_client.runner.rollout:log_timing_summary:98 - Intermediate rollout timing summary: env_steps=71982 infer_calls=17996 feedback_calls=17995 infer_wait=1438.629s infer_obs_pack=0.878s env_step=541.993s feedback_total=3.788s feedback_obs_pack=1.228s feedback_info_pack=0.060s effective_fps=36.26
2026-09-27 13:04:59.496 | INFO     | plugrl_env_client.runner.rollout:log_timing_summary:98 - Intermediate rollout timing summary: env_steps=74414 infer_calls=18604 feedback_calls=18603 infer_wait=1448.861s infer_obs_pack=0.881s env_step=561.559s feedback_total=3.855s feedback_obs_pack=1.249s feedback_info_pack=0.063s effective_fps=36.93
2026-09-27 13:04:59.531 | INFO     | plugrl_env_client.runner.rollout:log_timing_summary:98 - Intermediate rollout timing summary: env_steps=74430 infer_calls=18608 feedback_calls=18607 infer_wait=1446.581s infer_obs_pack=0.877s env_step=563.880s feedback_total=3.872s feedback_obs_pack=1.246s feedback_info_pack=0.065s effective_fps=36.93
2026-09-27 13:04:59.536 | INFO     | plugrl_env_client.runner.rollout:log_timing_summary:98 - Intermediate rollout timing summary: env_steps=74419 infer_calls=18605 feedback_calls=18604 infer_wait=1450.028s infer_obs_pack=0.905s env_step=560.335s feedback_total=3.921s feedback_obs_pack=1.270s feedback_info_pack=0.062s effective_fps=36.93
2026-09-27 13:05:29.501 | INFO     | plugrl_env_client.runner.rollout:log_timing_summary:98 - Intermediate rollout timing summary: env_steps=76873 infer_calls=19219 feedback_calls=19218 infer_wait=1460.580s infer_obs_pack=0.909s env_step=579.585s feedback_total=3.990s feedback_obs_pack=1.290s feedback_info_pack=0.065s effective_fps=37.59
2026-09-27 13:05:29.544 | INFO     | plugrl_env_client.runner.rollout:log_timing_summary:98 - Intermediate rollout timing summary: env_steps=76877 infer_calls=19220 feedback_calls=19219 infer_wait=1462.087s infer_obs_pack=0.932s env_step=578.030s feedback_total=4.051s feedback_obs_pack=1.309s feedback_info_pack=0.064s effective_fps=37.59
2026-09-27 13:05:29.551 | INFO     | plugrl_env_client.runner.rollout:log_timing_summary:98 - Intermediate rollout timing summary: env_steps=76889 infer_calls=19223 feedback_calls=19222 infer_wait=1457.994s infer_obs_pack=0.908s env_step=582.218s feedback_total=4.008s feedback_obs_pack=1.287s feedback_info_pack=0.067s effective_fps=37.60
2026-09-27 13:05:59.532 | INFO     | plugrl_env_client.runner.rollout:log_timing_summary:98 - Intermediate rollout timing summary: env_steps=79209 infer_calls=19803 feedback_calls=19802 infer_wait=1472.422s infer_obs_pack=0.937s env_step=597.524s feedback_total=4.115s feedback_obs_pack=1.331s feedback_info_pack=0.067s effective_fps=38.17
2026-09-27 13:05:59.548 | INFO     | plugrl_env_client.runner.rollout:log_timing_summary:98 - Intermediate rollout timing summary: env_steps=79211 infer_calls=19803 feedback_calls=19802 infer_wait=1474.155s infer_obs_pack=0.961s env_step=595.714s feedback_total=4.176s feedback_obs_pack=1.350s feedback_info_pack=0.066s effective_fps=38.17
2026-09-27 13:05:59.588 | INFO     | plugrl_env_client.runner.rollout:log_timing_summary:98 - Intermediate rollout timing summary: env_steps=79225 infer_calls=19807 feedback_calls=19806 infer_wait=1469.877s infer_obs_pack=0.935s env_step=600.126s feedback_total=4.128s feedback_obs_pack=1.326s feedback_info_pack=0.069s effective_fps=38.18
2026-09-27 13:14:40.094 | INFO     | plugrl_env_client.runner.rollout:log_timing_summary:98 - Intermediate rollout timing summary: env_steps=80013 infer_calls=20004 feedback_calls=20003 infer_wait=1984.143s infer_obs_pack=0.945s env_step=606.277s feedback_total=4.170s feedback_obs_pack=1.340s feedback_info_pack=0.069s effective_fps=30.83
2026-09-27 13:14:40.095 | INFO     | plugrl_env_client.runner.rollout:log_timing_summary:98 - Intermediate rollout timing summary: env_steps=80001 infer_calls=20001 feedback_calls=20000 infer_wait=1986.862s infer_obs_pack=0.947s env_step=603.564s feedback_total=4.155s feedback_obs_pack=1.345s feedback_info_pack=0.068s effective_fps=30.82
2026-09-27 13:14:40.096 | INFO     | plugrl_env_client.runner.rollout:log_timing_summary:98 - Intermediate rollout timing summary: env_steps=80001 infer_calls=20001 feedback_calls=20000 infer_wait=1988.812s infer_obs_pack=0.969s env_step=601.526s feedback_total=4.215s feedback_obs_pack=1.363s feedback_info_pack=0.067s effective_fps=30.82
2026-09-27 13:15:10.100 | INFO     | plugrl_env_client.runner.rollout:log_timing_summary:98 - Intermediate rollout timing summary: env_steps=82471 infer_calls=20618 feedback_calls=20617 infer_wait=1998.102s infer_obs_pack=0.975s env_step=622.061s feedback_total=4.290s feedback_obs_pack=1.386s feedback_info_pack=0.070s effective_fps=31.41
2026-09-27 13:15:10.100 | INFO     | plugrl_env_client.runner.rollout:log_timing_summary:98 - Intermediate rollout timing summary: env_steps=82482 infer_calls=20621 feedback_calls=20620 infer_wait=1995.266s infer_obs_pack=0.973s env_step=624.899s feedback_total=4.305s feedback_obs_pack=1.380s feedback_info_pack=0.072s effective_fps=31.42
2026-09-27 13:15:10.100 | INFO     | plugrl_env_client.runner.rollout:log_timing_summary:98 - Intermediate rollout timing summary: env_steps=82470 infer_calls=20618 feedback_calls=20617 infer_wait=2000.743s infer_obs_pack=0.999s env_step=619.330s feedback_total=4.355s feedback_obs_pack=1.403s feedback_info_pack=0.069s effective_fps=31.41
2026-09-27 13:15:40.101 | INFO     | plugrl_env_client.runner.rollout:log_timing_summary:98 - Intermediate rollout timing summary: env_steps=84831 infer_calls=21208 feedback_calls=21207 infer_wait=2012.112s infer_obs_pack=1.026s env_step=637.709s feedback_total=4.486s feedback_obs_pack=1.443s feedback_info_pack=0.071s effective_fps=31.95
2026-09-27 13:15:40.107 | INFO     | plugrl_env_client.runner.rollout:log_timing_summary:98 - Intermediate rollout timing summary: env_steps=84843 infer_calls=21211 feedback_calls=21210 infer_wait=2007.104s infer_obs_pack=1.004s env_step=642.807s feedback_total=4.429s feedback_obs_pack=1.418s feedback_info_pack=0.074s effective_fps=31.95
2026-09-27 13:15:40.108 | INFO     | plugrl_env_client.runner.rollout:log_timing_summary:98 - Intermediate rollout timing summary: env_steps=84831 infer_calls=21208 feedback_calls=21207 infer_wait=2010.215s infer_obs_pack=1.003s env_step=639.707s feedback_total=4.416s feedback_obs_pack=1.425s feedback_info_pack=0.072s effective_fps=31.95
2026-09-27 13:16:10.102 | INFO     | plugrl_env_client.runner.rollout:log_timing_summary:98 - Intermediate rollout timing summary: env_steps=87140 infer_calls=21785 feedback_calls=21785 infer_wait=2024.236s infer_obs_pack=1.058s env_step=655.340s feedback_total=4.607s feedback_obs_pack=1.484s feedback_info_pack=0.073s effective_fps=32.45
2026-09-27 13:16:10.120 | INFO     | plugrl_env_client.runner.rollout:log_timing_summary:98 - Intermediate rollout timing summary: env_steps=87141 infer_calls=21786 feedback_calls=21785 infer_wait=2022.684s infer_obs_pack=1.030s env_step=657.006s feedback_total=4.540s feedback_obs_pack=1.462s feedback_info_pack=0.074s effective_fps=32.45
2026-09-27 13:16:10.124 | INFO     | plugrl_env_client.runner.rollout:log_timing_summary:98 - Intermediate rollout timing summary: env_steps=87153 infer_calls=21789 feedback_calls=21788 infer_wait=2018.712s infer_obs_pack=1.031s env_step=660.980s feedback_total=4.541s feedback_obs_pack=1.456s feedback_info_pack=0.076s effective_fps=32.46
2026-09-27 13:16:40.114 | INFO     | plugrl_env_client.runner.rollout:log_timing_summary:98 - Intermediate rollout timing summary: env_steps=89433 infer_calls=22359 feedback_calls=22358 infer_wait=2036.996s infer_obs_pack=1.084s env_step=672.348s feedback_total=4.728s feedback_obs_pack=1.523s feedback_info_pack=0.075s effective_fps=32.94
2026-09-27 13:16:40.125 | INFO     | plugrl_env_client.runner.rollout:log_timing_summary:98 - Intermediate rollout timing summary: env_steps=89435 infer_calls=22359 feedback_calls=22358 infer_wait=2034.411s infer_obs_pack=1.058s env_step=675.045s feedback_total=4.660s feedback_obs_pack=1.503s feedback_info_pack=0.076s effective_fps=32.94
2026-09-27 13:16:40.128 | INFO     | plugrl_env_client.runner.rollout:log_timing_summary:98 - Intermediate rollout timing summary: env_steps=89447 infer_calls=22362 feedback_calls=22361 infer_wait=2030.559s infer_obs_pack=1.060s env_step=678.889s feedback_total=4.661s feedback_obs_pack=1.494s feedback_info_pack=0.078s effective_fps=32.94
2026-09-27 13:17:10.117 | INFO     | plugrl_env_client.runner.rollout:log_timing_summary:98 - Intermediate rollout timing summary: env_steps=91697 infer_calls=22925 feedback_calls=22924 infer_wait=2049.346s infer_obs_pack=1.112s env_step=689.765s feedback_total=4.843s feedback_obs_pack=1.563s feedback_info_pack=0.077s effective_fps=33.40
2026-09-27 13:17:10.126 | INFO     | plugrl_env_client.runner.rollout:log_timing_summary:98 - Intermediate rollout timing summary: env_steps=91698 infer_calls=22925 feedback_calls=22924 infer_wait=2046.740s infer_obs_pack=1.085s env_step=692.475s feedback_total=4.776s feedback_obs_pack=1.541s feedback_info_pack=0.078s effective_fps=33.40
2026-09-27 13:17:10.134 | INFO     | plugrl_env_client.runner.rollout:log_timing_summary:98 - Intermediate rollout timing summary: env_steps=91711 infer_calls=22928 feedback_calls=22927 infer_wait=2042.456s infer_obs_pack=1.090s env_step=696.760s feedback_total=4.773s feedback_obs_pack=1.531s feedback_info_pack=0.080s effective_fps=33.41
2026-09-27 13:17:40.119 | INFO     | plugrl_env_client.runner.rollout:log_timing_summary:98 - Intermediate rollout timing summary: env_steps=93953 infer_calls=23489 feedback_calls=23488 infer_wait=2061.787s infer_obs_pack=1.139s env_step=707.098s feedback_total=4.956s feedback_obs_pack=1.603s feedback_info_pack=0.079s effective_fps=33.86
2026-09-27 13:17:40.131 | INFO     | plugrl_env_client.runner.rollout:log_timing_summary:98 - Intermediate rollout timing summary: env_steps=93955 infer_calls=23489 feedback_calls=23488 infer_wait=2058.849s infer_obs_pack=1.113s env_step=710.144s feedback_total=4.886s feedback_obs_pack=1.578s feedback_info_pack=0.079s effective_fps=33.86
2026-09-27 13:17:40.140 | INFO     | plugrl_env_client.runner.rollout:log_timing_summary:98 - Intermediate rollout timing summary: env_steps=93967 infer_calls=23492 feedback_calls=23491 infer_wait=2054.205s infer_obs_pack=1.116s env_step=714.772s feedback_total=4.893s feedback_obs_pack=1.572s feedback_info_pack=0.082s effective_fps=33.86
2026-09-27 13:18:10.133 | INFO     | plugrl_env_client.runner.rollout:log_timing_summary:98 - Intermediate rollout timing summary: env_steps=96261 infer_calls=24066 feedback_calls=24065 infer_wait=2073.929s infer_obs_pack=1.167s env_step=724.728s feedback_total=5.076s feedback_obs_pack=1.643s feedback_info_pack=0.080s effective_fps=34.32
2026-09-27 13:18:10.136 | INFO     | plugrl_env_client.runner.rollout:log_timing_summary:98 - Intermediate rollout timing summary: env_steps=96262 infer_calls=24066 feedback_calls=24065 infer_wait=2070.962s infer_obs_pack=1.140s env_step=727.793s feedback_total=5.004s feedback_obs_pack=1.617s feedback_info_pack=0.081s effective_fps=34.32
2026-09-27 13:18:10.146 | INFO     | plugrl_env_client.runner.rollout:log_timing_summary:98 - Intermediate rollout timing summary: env_steps=96275 infer_calls=24069 feedback_calls=24068 infer_wait=2066.086s infer_obs_pack=1.144s env_step=732.654s feedback_total=5.010s feedback_obs_pack=1.610s feedback_info_pack=0.084s effective_fps=34.32
2026-09-27 13:18:40.133 | INFO     | plugrl_env_client.runner.rollout:log_timing_summary:98 - Intermediate rollout timing summary: env_steps=98636 infer_calls=24659 feedback_calls=24659 infer_wait=2085.640s infer_obs_pack=1.195s env_step=742.765s feedback_total=5.205s feedback_obs_pack=1.687s feedback_info_pack=0.082s effective_fps=34.79
2026-09-27 13:18:40.154 | INFO     | plugrl_env_client.runner.rollout:log_timing_summary:98 - Intermediate rollout timing summary: env_steps=98649 infer_calls=24663 feedback_calls=24662 infer_wait=2077.752s infer_obs_pack=1.171s env_step=750.739s feedback_total=5.140s feedback_obs_pack=1.652s feedback_info_pack=0.086s effective_fps=34.80
2026-09-27 13:18:40.159 | INFO     | plugrl_env_client.runner.rollout:log_timing_summary:98 - Intermediate rollout timing summary: env_steps=98637 infer_calls=24660 feedback_calls=24659 infer_wait=2083.234s infer_obs_pack=1.168s env_step=745.290s feedback_total=5.132s feedback_obs_pack=1.661s feedback_info_pack=0.083s effective_fps=34.79
2026-09-27 13:19:10.143 | INFO     | plugrl_env_client.runner.rollout:log_timing_summary:98 - Intermediate rollout timing summary: env_steps=101093 infer_calls=25274 feedback_calls=25273 infer_wait=2097.345s infer_obs_pack=1.222s env_step=760.814s feedback_total=5.335s feedback_obs_pack=1.728s feedback_info_pack=0.084s effective_fps=35.29
2026-09-27 13:19:10.154 | INFO     | plugrl_env_client.runner.rollout:log_timing_summary:98 - Intermediate rollout timing summary: env_steps=101106 infer_calls=25277 feedback_calls=25276 infer_wait=2089.197s infer_obs_pack=1.198s env_step=769.036s feedback_total=5.272s feedback_obs_pack=1.692s feedback_info_pack=0.088s effective_fps=35.29
2026-09-27 13:19:10.161 | INFO     | plugrl_env_client.runner.rollout:log_timing_summary:98 - Intermediate rollout timing summary: env_steps=101096 infer_calls=25274 feedback_calls=25274 infer_wait=2094.957s infer_obs_pack=1.198s env_step=763.309s feedback_total=5.264s feedback_obs_pack=1.704s feedback_info_pack=0.086s effective_fps=35.29
2026-09-27 13:19:40.146 | INFO     | plugrl_env_client.runner.rollout:log_timing_summary:98 - Intermediate rollout timing summary: env_steps=103519 infer_calls=25880 feedback_calls=25879 infer_wait=2108.589s infer_obs_pack=1.249s env_step=779.320s feedback_total=5.463s feedback_obs_pack=1.769s feedback_info_pack=0.086s effective_fps=35.76
2026-09-27 13:19:40.156 | INFO     | plugrl_env_client.runner.rollout:log_timing_summary:98 - Intermediate rollout timing summary: env_steps=103532 infer_calls=25883 feedback_calls=25883 infer_wait=2101.092s infer_obs_pack=1.225s env_step=786.881s feedback_total=5.407s feedback_obs_pack=1.734s feedback_info_pack=0.090s effective_fps=35.77
2026-09-27 13:19:40.174 | INFO     | plugrl_env_client.runner.rollout:log_timing_summary:98 - Intermediate rollout timing summary: env_steps=103521 infer_calls=25881 feedback_calls=25880 infer_wait=2106.871s infer_obs_pack=1.226s env_step=781.153s feedback_total=5.393s feedback_obs_pack=1.744s feedback_info_pack=0.088s effective_fps=35.76
2026-09-27 13:20:10.151 | INFO     | plugrl_env_client.runner.rollout:log_timing_summary:98 - Intermediate rollout timing summary: env_steps=105976 infer_calls=26494 feedback_calls=26494 infer_wait=2120.359s infer_obs_pack=1.276s env_step=797.297s feedback_total=5.594s feedback_obs_pack=1.809s feedback_info_pack=0.088s effective_fps=36.24
2026-09-27 13:20:10.174 | INFO     | plugrl_env_client.runner.rollout:log_timing_summary:98 - Intermediate rollout timing summary: env_steps=105976 infer_calls=26494 feedback_calls=26494 infer_wait=2118.469s infer_obs_pack=1.253s env_step=799.298s feedback_total=5.524s feedback_obs_pack=1.783s feedback_info_pack=0.090s effective_fps=36.24
2026-09-27 13:20:10.193 | INFO     | plugrl_env_client.runner.rollout:log_timing_summary:98 - Intermediate rollout timing summary: env_steps=105989 infer_calls=26498 feedback_calls=26497 infer_wait=2112.602s infer_obs_pack=1.253s env_step=805.147s feedback_total=5.537s feedback_obs_pack=1.774s feedback_info_pack=0.092s effective_fps=36.24
2026-09-27 13:28:49.946 | INFO     | plugrl_env_client.runner.rollout:log_timing_summary:98 - Intermediate rollout timing summary: env_steps=106665 infer_calls=26667 feedback_calls=26666 infer_wait=2632.882s infer_obs_pack=1.260s env_step=804.586s feedback_total=5.562s feedback_obs_pack=1.794s feedback_info_pack=0.090s effective_fps=30.97
2026-09-27 13:28:49.956 | INFO     | plugrl_env_client.runner.rollout:log_timing_summary:98 - Intermediate rollout timing summary: env_steps=106677 infer_calls=26670 feedback_calls=26669 infer_wait=2627.116s infer_obs_pack=1.261s env_step=810.323s feedback_total=5.572s feedback_obs_pack=1.786s feedback_info_pack=0.092s effective_fps=30.97
2026-09-27 13:28:49.957 | INFO     | plugrl_env_client.runner.rollout:log_timing_summary:98 - Intermediate rollout timing summary: env_steps=106665 infer_calls=26667 feedback_calls=26666 infer_wait=2635.009s infer_obs_pack=1.287s env_step=802.374s feedback_total=5.634s feedback_obs_pack=1.820s feedback_info_pack=0.089s effective_fps=30.97
2026-09-27 13:29:19.949 | INFO     | plugrl_env_client.runner.rollout:log_timing_summary:98 - Intermediate rollout timing summary: env_steps=109101 infer_calls=27276 feedback_calls=27275 infer_wait=2644.441s infer_obs_pack=1.288s env_step=822.762s feedback_total=5.696s feedback_obs_pack=1.834s feedback_info_pack=0.092s effective_fps=31.40
2026-09-27 13:29:19.959 | INFO     | plugrl_env_client.runner.rollout:log_timing_summary:98 - Intermediate rollout timing summary: env_steps=109103 infer_calls=27276 feedback_calls=27275 infer_wait=2646.615s infer_obs_pack=1.314s env_step=820.506s feedback_total=5.768s feedback_obs_pack=1.861s feedback_info_pack=0.091s effective_fps=31.40
2026-09-27 13:29:19.965 | INFO     | plugrl_env_client.runner.rollout:log_timing_summary:98 - Intermediate rollout timing summary: env_steps=109115 infer_calls=27279 feedback_calls=27278 infer_wait=2638.564s infer_obs_pack=1.288s env_step=828.615s feedback_total=5.709s feedback_obs_pack=1.830s feedback_info_pack=0.094s effective_fps=31.41
2026-09-27 13:29:49.950 | INFO     | plugrl_env_client.runner.rollout:log_timing_summary:98 - Intermediate rollout timing summary: env_steps=111547 infer_calls=27887 feedback_calls=27886 infer_wait=2655.749s infer_obs_pack=1.316s env_step=841.194s feedback_total=5.831s feedback_obs_pack=1.875s feedback_info_pack=0.095s effective_fps=31.83
2026-09-27 13:29:49.977 | INFO     | plugrl_env_client.runner.rollout:log_timing_summary:98 - Intermediate rollout timing summary: env_steps=111549 infer_calls=27888 feedback_calls=27887 infer_wait=2658.406s infer_obs_pack=1.342s env_step=838.475s feedback_total=5.898s feedback_obs_pack=1.903s feedback_info_pack=0.093s effective_fps=31.83
2026-09-27 13:29:49.979 | INFO     | plugrl_env_client.runner.rollout:log_timing_summary:98 - Intermediate rollout timing summary: env_steps=111561 infer_calls=27891 feedback_calls=27890 infer_wait=2650.071s infer_obs_pack=1.318s env_step=846.849s feedback_total=5.841s feedback_obs_pack=1.870s feedback_info_pack=0.097s effective_fps=31.84
2026-09-27 13:30:19.952 | INFO     | plugrl_env_client.runner.rollout:log_timing_summary:98 - Intermediate rollout timing summary: env_steps=113998 infer_calls=28500 feedback_calls=28499 infer_wait=2667.252s infer_obs_pack=1.344s env_step=859.436s feedback_total=5.962s feedback_obs_pack=1.915s feedback_info_pack=0.097s effective_fps=32.26
2026-09-27 13:30:19.993 | INFO     | plugrl_env_client.runner.rollout:log_timing_summary:98 - Intermediate rollout timing summary: env_steps=114001 infer_calls=28501 feedback_calls=28500 infer_wait=2670.459s infer_obs_pack=1.369s env_step=856.179s feedback_total=6.031s feedback_obs_pack=1.943s feedback_info_pack=0.095s effective_fps=32.26
2026-09-27 13:30:19.997 | INFO     | plugrl_env_client.runner.rollout:log_timing_summary:98 - Intermediate rollout timing summary: env_steps=114013 infer_calls=28504 feedback_calls=28503 infer_wait=2661.411s infer_obs_pack=1.347s env_step=865.260s feedback_total=5.971s feedback_obs_pack=1.911s feedback_info_pack=0.099s effective_fps=32.26
2026-09-27 13:30:49.957 | INFO     | plugrl_env_client.runner.rollout:log_timing_summary:98 - Intermediate rollout timing summary: env_steps=116294 infer_calls=29074 feedback_calls=29073 infer_wait=2679.619s infer_obs_pack=1.371s env_step=876.829s feedback_total=6.085s feedback_obs_pack=1.954s feedback_info_pack=0.102s effective_fps=32.63
2026-09-27 13:30:50.005 | INFO     | plugrl_env_client.runner.rollout:log_timing_summary:98 - Intermediate rollout timing summary: env_steps=116297 infer_calls=29075 feedback_calls=29074 infer_wait=2682.441s infer_obs_pack=1.400s env_step=873.967s feedback_total=6.148s feedback_obs_pack=1.981s feedback_info_pack=0.097s effective_fps=32.63
2026-09-27 13:30:50.008 | INFO     | plugrl_env_client.runner.rollout:log_timing_summary:98 - Intermediate rollout timing summary: env_steps=116309 infer_calls=29078 feedback_calls=29077 infer_wait=2673.481s infer_obs_pack=1.374s env_step=882.964s feedback_total=6.085s feedback_obs_pack=1.949s feedback_info_pack=0.101s effective_fps=32.64
2026-09-27 13:31:20.000 | INFO     | plugrl_env_client.runner.rollout:log_timing_summary:98 - Intermediate rollout timing summary: env_steps=118613 infer_calls=29654 feedback_calls=29653 infer_wait=2692.154s infer_obs_pack=1.400s env_step=894.087s feedback_total=6.204s feedback_obs_pack=1.993s feedback_info_pack=0.104s effective_fps=33.00
2026-09-27 13:31:20.007 | INFO     | plugrl_env_client.runner.rollout:log_timing_summary:98 - Intermediate rollout timing summary: env_steps=118615 infer_calls=29654 feedback_calls=29653 infer_wait=2694.396s infer_obs_pack=1.428s env_step=891.777s feedback_total=6.266s feedback_obs_pack=2.020s feedback_info_pack=0.099s effective_fps=33.00
2026-09-27 13:31:20.014 | INFO     | plugrl_env_client.runner.rollout:log_timing_summary:98 - Intermediate rollout timing summary: env_steps=118627 infer_calls=29657 feedback_calls=29656 infer_wait=2685.386s infer_obs_pack=1.402s env_step=900.815s feedback_total=6.205s feedback_obs_pack=1.991s feedback_info_pack=0.103s effective_fps=33.01
2026-09-27 13:31:50.011 | INFO     | plugrl_env_client.runner.rollout:log_timing_summary:98 - Intermediate rollout timing summary: env_steps=120901 infer_calls=30226 feedback_calls=30225 infer_wait=2703.726s infer_obs_pack=1.429s env_step=912.290s feedback_total=6.320s feedback_obs_pack=2.033s feedback_info_pack=0.106s effective_fps=33.36
2026-09-27 13:31:50.013 | INFO     | plugrl_env_client.runner.rollout:log_timing_summary:98 - Intermediate rollout timing summary: env_steps=120901 infer_calls=30226 feedback_calls=30225 infer_wait=2706.741s infer_obs_pack=1.455s env_step=909.197s feedback_total=6.382s feedback_obs_pack=2.059s feedback_info_pack=0.101s effective_fps=33.36
2026-09-27 13:31:50.017 | INFO     | plugrl_env_client.runner.rollout:log_timing_summary:98 - Intermediate rollout timing summary: env_steps=120914 infer_calls=30229 feedback_calls=30228 infer_wait=2697.873s infer_obs_pack=1.431s env_step=918.085s feedback_total=6.324s feedback_obs_pack=2.032s feedback_info_pack=0.105s effective_fps=33.37
2026-09-27 13:32:20.012 | INFO     | plugrl_env_client.runner.rollout:log_timing_summary:98 - Intermediate rollout timing summary: env_steps=123180 infer_calls=30795 feedback_calls=30795 infer_wait=2716.144s infer_obs_pack=1.455s env_step=929.646s feedback_total=6.433s feedback_obs_pack=2.070s feedback_info_pack=0.107s effective_fps=33.71
2026-09-27 13:32:20.016 | INFO     | plugrl_env_client.runner.rollout:log_timing_summary:98 - Intermediate rollout timing summary: env_steps=123180 infer_calls=30795 feedback_calls=30795 infer_wait=2719.067s infer_obs_pack=1.484s env_step=926.635s feedback_total=6.503s feedback_obs_pack=2.102s feedback_info_pack=0.103s effective_fps=33.71
2026-09-27 13:32:20.034 | INFO     | plugrl_env_client.runner.rollout:log_timing_summary:98 - Intermediate rollout timing summary: env_steps=123193 infer_calls=30799 feedback_calls=30798 infer_wait=2709.808s infer_obs_pack=1.458s env_step=935.934s feedback_total=6.435s feedback_obs_pack=2.071s feedback_info_pack=0.107s effective_fps=33.72
2026-09-27 13:32:50.020 | INFO     | plugrl_env_client.runner.rollout:log_timing_summary:98 - Intermediate rollout timing summary: env_steps=125469 infer_calls=31368 feedback_calls=31367 infer_wait=2728.416s infer_obs_pack=1.482s env_step=947.146s feedback_total=6.551s feedback_obs_pack=2.112s feedback_info_pack=0.109s effective_fps=34.06
2026-09-27 13:32:50.020 | INFO     | plugrl_env_client.runner.rollout:log_timing_summary:98 - Intermediate rollout timing summary: env_steps=125469 infer_calls=31368 feedback_calls=31367 infer_wait=2731.977s infer_obs_pack=1.513s env_step=943.489s feedback_total=6.622s feedback_obs_pack=2.139s feedback_info_pack=0.105s effective_fps=34.06
2026-09-27 13:32:50.043 | INFO     | plugrl_env_client.runner.rollout:log_timing_summary:98 - Intermediate rollout timing summary: env_steps=125483 infer_calls=31371 feedback_calls=31370 infer_wait=2721.371s infer_obs_pack=1.486s env_step=954.140s feedback_total=6.547s feedback_obs_pack=2.109s feedback_info_pack=0.109s effective_fps=34.07
2026-09-27 13:33:20.021 | INFO     | plugrl_env_client.runner.rollout:log_timing_summary:98 - Intermediate rollout timing summary: env_steps=127775 infer_calls=31944 feedback_calls=31943 infer_wait=2740.899s infer_obs_pack=1.509s env_step=964.421s feedback_total=6.663s feedback_obs_pack=2.149s feedback_info_pack=0.112s effective_fps=34.41
2026-09-27 13:33:20.023 | INFO     | plugrl_env_client.runner.rollout:log_timing_summary:98 - Intermediate rollout timing summary: env_steps=127775 infer_calls=31944 feedback_calls=31943 infer_wait=2743.988s infer_obs_pack=1.541s env_step=961.234s feedback_total=6.743s feedback_obs_pack=2.178s feedback_info_pack=0.107s effective_fps=34.41
2026-09-27 13:33:20.054 | INFO     | plugrl_env_client.runner.rollout:log_timing_summary:98 - Intermediate rollout timing summary: env_steps=127789 infer_calls=31948 feedback_calls=31947 infer_wait=2733.789s infer_obs_pack=1.513s env_step=971.493s feedback_total=6.663s feedback_obs_pack=2.147s feedback_info_pack=0.111s effective_fps=34.41
2026-09-27 13:33:50.024 | INFO     | plugrl_env_client.runner.rollout:log_timing_summary:98 - Intermediate rollout timing summary: env_steps=130261 infer_calls=32566 feedback_calls=32565 infer_wait=2752.518s infer_obs_pack=1.540s env_step=982.545s feedback_total=6.791s feedback_obs_pack=2.190s feedback_info_pack=0.114s effective_fps=34.80
2026-09-27 13:33:50.029 | INFO     | plugrl_env_client.runner.rollout:log_timing_summary:98 - Intermediate rollout timing summary: env_steps=130262 infer_calls=32566 feedback_calls=32565 infer_wait=2755.805s infer_obs_pack=1.571s env_step=979.165s feedback_total=6.873s feedback_obs_pack=2.219s feedback_info_pack=0.109s effective_fps=34.80
2026-09-27 13:33:50.079 | INFO     | plugrl_env_client.runner.rollout:log_timing_summary:98 - Intermediate rollout timing summary: env_steps=130277 infer_calls=32570 feedback_calls=32569 infer_wait=2745.291s infer_obs_pack=1.541s env_step=989.751s feedback_total=6.795s feedback_obs_pack=2.187s feedback_info_pack=0.113s effective_fps=34.80
2026-09-27 13:34:20.040 | INFO     | plugrl_env_client.runner.rollout:log_timing_summary:98 - Intermediate rollout timing summary: env_steps=132693 infer_calls=33174 feedback_calls=33173 infer_wait=2767.734s infer_obs_pack=1.599s env_step=996.988s feedback_total=7.008s feedback_obs_pack=2.259s feedback_info_pack=0.111s effective_fps=35.17
2026-09-27 13:34:20.045 | INFO     | plugrl_env_client.runner.rollout:log_timing_summary:98 - Intermediate rollout timing summary: env_steps=132693 infer_calls=33174 feedback_calls=33173 infer_wait=2764.003s infer_obs_pack=1.568s env_step=1000.821s feedback_total=6.926s feedback_obs_pack=2.230s feedback_info_pack=0.116s effective_fps=35.17
2026-09-27 13:34:20.087 | INFO     | plugrl_env_client.runner.rollout:log_timing_summary:98 - Intermediate rollout timing summary: env_steps=132709 infer_calls=33178 feedback_calls=33177 infer_wait=2757.229s infer_obs_pack=1.567s env_step=1007.566s feedback_total=6.920s feedback_obs_pack=2.228s feedback_info_pack=0.115s effective_fps=35.17
2026-09-27 13:42:52.349 | INFO     | plugrl_env_client.runner.rollout:log_timing_summary:98 - Intermediate rollout timing summary: env_steps=133345 infer_calls=33337 feedback_calls=33336 infer_wait=3264.774s infer_obs_pack=1.574s env_step=1012.212s feedback_total=6.956s feedback_obs_pack=2.238s feedback_info_pack=0.115s effective_fps=31.12
2026-09-27 13:42:52.349 | INFO     | plugrl_env_client.runner.rollout:log_timing_summary:98 - Intermediate rollout timing summary: env_steps=133333 infer_calls=33334 feedback_calls=33333 infer_wait=3271.479s infer_obs_pack=1.576s env_step=1005.576s feedback_total=6.964s feedback_obs_pack=2.243s feedback_info_pack=0.116s effective_fps=31.11
2026-09-27 13:42:52.351 | INFO     | plugrl_env_client.runner.rollout:log_timing_summary:98 - Intermediate rollout timing summary: env_steps=133333 infer_calls=33334 feedback_calls=33333 infer_wait=3275.240s infer_obs_pack=1.606s env_step=1001.726s feedback_total=7.042s feedback_obs_pack=2.269s feedback_info_pack=0.111s effective_fps=31.11
2026-09-27 13:43:22.354 | INFO     | plugrl_env_client.runner.rollout:log_timing_summary:98 - Intermediate rollout timing summary: env_steps=135736 infer_calls=33934 feedback_calls=33934 infer_wait=3287.312s infer_obs_pack=1.634s env_step=1019.402s feedback_total=7.171s feedback_obs_pack=2.310s feedback_info_pack=0.113s effective_fps=31.45
2026-09-27 13:43:22.356 | INFO     | plugrl_env_client.runner.rollout:log_timing_summary:98 - Intermediate rollout timing summary: env_steps=135748 infer_calls=33937 feedback_calls=33937 infer_wait=3276.360s infer_obs_pack=1.602s env_step=1030.382s feedback_total=7.081s feedback_obs_pack=2.277s feedback_info_pack=0.117s effective_fps=31.46
2026-09-27 13:43:22.356 | INFO     | plugrl_env_client.runner.rollout:log_timing_summary:98 - Intermediate rollout timing summary: env_steps=135736 infer_calls=33934 feedback_calls=33934 infer_wait=3283.190s infer_obs_pack=1.604s env_step=1023.620s feedback_total=7.089s feedback_obs_pack=2.283s feedback_info_pack=0.118s effective_fps=31.45
2026-09-27 13:43:52.355 | INFO     | plugrl_env_client.runner.rollout:log_timing_summary:98 - Intermediate rollout timing summary: env_steps=138179 infer_calls=34545 feedback_calls=34544 infer_wait=3299.082s infer_obs_pack=1.661s env_step=1037.371s feedback_total=7.305s feedback_obs_pack=2.350s feedback_info_pack=0.115s effective_fps=31.80
2026-09-27 13:43:52.361 | INFO     | plugrl_env_client.runner.rollout:log_timing_summary:98 - Intermediate rollout timing summary: env_steps=138192 infer_calls=34548 feedback_calls=34548 infer_wait=3288.268s infer_obs_pack=1.632s env_step=1048.216s feedback_total=7.210s feedback_obs_pack=2.316s feedback_info_pack=0.120s effective_fps=31.80
2026-09-27 13:43:52.385 | INFO     | plugrl_env_client.runner.rollout:log_timing_summary:98 - Intermediate rollout timing summary: env_steps=138181 infer_calls=34546 feedback_calls=34545 infer_wait=3294.844s infer_obs_pack=1.637s env_step=1041.737s feedback_total=7.217s feedback_obs_pack=2.324s feedback_info_pack=0.121s effective_fps=31.80
2026-09-27 13:44:22.366 | INFO     | plugrl_env_client.runner.rollout:log_timing_summary:98 - Intermediate rollout timing summary: env_steps=140653 infer_calls=35164 feedback_calls=35163 infer_wait=3311.006s infer_obs_pack=1.689s env_step=1055.195s feedback_total=7.439s feedback_obs_pack=2.390s feedback_info_pack=0.117s effective_fps=32.15
2026-09-27 13:44:22.367 | INFO     | plugrl_env_client.runner.rollout:log_timing_summary:98 - Intermediate rollout timing summary: env_steps=140665 infer_calls=35167 feedback_calls=35166 infer_wait=3300.101s infer_obs_pack=1.660s env_step=1066.116s feedback_total=7.348s feedback_obs_pack=2.359s feedback_info_pack=0.122s effective_fps=32.15
2026-09-27 13:44:22.392 | INFO     | plugrl_env_client.runner.rollout:log_timing_summary:98 - Intermediate rollout timing summary: env_steps=140656 infer_calls=35164 feedback_calls=35164 infer_wait=3306.469s infer_obs_pack=1.665s env_step=1059.857s feedback_total=7.348s feedback_obs_pack=2.365s feedback_info_pack=0.123s effective_fps=32.15
2026-09-27 13:44:52.373 | INFO     | plugrl_env_client.runner.rollout:log_timing_summary:98 - Intermediate rollout timing summary: env_steps=143117 infer_calls=35780 feedback_calls=35779 infer_wait=3322.722s infer_obs_pack=1.717s env_step=1073.224s feedback_total=7.576s feedback_obs_pack=2.430s feedback_info_pack=0.119s effective_fps=32.49
2026-09-27 13:44:52.376 | INFO     | plugrl_env_client.runner.rollout:log_timing_summary:98 - Intermediate rollout timing summary: env_steps=143129 infer_calls=35783 feedback_calls=35782 infer_wait=3311.661s infer_obs_pack=1.688s env_step=1084.303s feedback_total=7.477s feedback_obs_pack=2.400s feedback_info_pack=0.124s effective_fps=32.49
2026-09-27 13:44:52.394 | INFO     | plugrl_env_client.runner.rollout:log_timing_summary:98 - Intermediate rollout timing summary: env_steps=143120 infer_calls=35780 feedback_calls=35780 infer_wait=3318.187s infer_obs_pack=1.693s env_step=1077.877s feedback_total=7.486s feedback_obs_pack=2.411s feedback_info_pack=0.125s effective_fps=32.49
2026-09-27 13:45:22.377 | INFO     | plugrl_env_client.runner.rollout:log_timing_summary:98 - Intermediate rollout timing summary: env_steps=145584 infer_calls=36396 feedback_calls=36396 infer_wait=3334.263s infer_obs_pack=1.745s env_step=1091.422s feedback_total=7.708s feedback_obs_pack=2.471s feedback_info_pack=0.121s effective_fps=32.83
2026-09-27 13:45:22.379 | INFO     | plugrl_env_client.runner.rollout:log_timing_summary:98 - Intermediate rollout timing summary: env_steps=145596 infer_calls=36399 feedback_calls=36399 infer_wait=3323.518s infer_obs_pack=1.716s env_step=1102.187s feedback_total=7.610s feedback_obs_pack=2.440s feedback_info_pack=0.126s effective_fps=32.83
2026-09-27 13:45:22.424 | INFO     | plugrl_env_client.runner.rollout:log_timing_summary:98 - Intermediate rollout timing summary: env_steps=145585 infer_calls=36397 feedback_calls=36396 infer_wait=3329.809s infer_obs_pack=1.724s env_step=1096.025s feedback_total=7.620s feedback_obs_pack=2.451s feedback_info_pack=0.127s effective_fps=32.83
2026-09-27 13:45:52.379 | INFO     | plugrl_env_client.runner.rollout:log_timing_summary:98 - Intermediate rollout timing summary: env_steps=147822 infer_calls=36956 feedback_calls=36955 infer_wait=3346.520s infer_obs_pack=1.772s env_step=1108.934s feedback_total=7.821s feedback_obs_pack=2.509s feedback_info_pack=0.123s effective_fps=33.11
2026-09-27 13:45:52.384 | INFO     | plugrl_env_client.runner.rollout:log_timing_summary:98 - Intermediate rollout timing summary: env_steps=147834 infer_calls=36959 feedback_calls=36958 infer_wait=3335.769s infer_obs_pack=1.742s env_step=1119.702s feedback_total=7.726s feedback_obs_pack=2.477s feedback_info_pack=0.128s effective_fps=33.11
2026-09-27 13:45:52.432 | INFO     | plugrl_env_client.runner.rollout:log_timing_summary:98 - Intermediate rollout timing summary: env_steps=147825 infer_calls=36957 feedback_calls=36956 infer_wait=3342.113s infer_obs_pack=1.751s env_step=1113.494s feedback_total=7.735s feedback_obs_pack=2.489s feedback_info_pack=0.129s effective_fps=33.11
2026-09-27 13:46:22.405 | INFO     | plugrl_env_client.runner.rollout:log_timing_summary:98 - Intermediate rollout timing summary: env_steps=150153 infer_calls=37539 feedback_calls=37538 infer_wait=3348.021s infer_obs_pack=1.775s env_step=1137.223s feedback_total=7.846s feedback_obs_pack=2.518s feedback_info_pack=0.130s effective_fps=33.41
2026-09-27 13:46:22.406 | INFO     | plugrl_env_client.runner.rollout:log_timing_summary:98 - Intermediate rollout timing summary: env_steps=150141 infer_calls=37536 feedback_calls=37535 infer_wait=3359.069s infer_obs_pack=1.799s env_step=1126.160s feedback_total=7.956s feedback_obs_pack=2.547s feedback_info_pack=0.125s effective_fps=33.40
2026-09-27 13:46:22.461 | INFO     | plugrl_env_client.runner.rollout:log_timing_summary:98 - Intermediate rollout timing summary: env_steps=150145 infer_calls=37537 feedback_calls=37536 infer_wait=3354.003s infer_obs_pack=1.779s env_step=1131.388s feedback_total=7.860s feedback_obs_pack=2.527s feedback_info_pack=0.131s effective_fps=33.40
2026-09-27 13:46:52.406 | INFO     | plugrl_env_client.runner.rollout:log_timing_summary:98 - Intermediate rollout timing summary: env_steps=152491 infer_calls=38123 feedback_calls=38122 infer_wait=3371.156s infer_obs_pack=1.827s env_step=1143.826s feedback_total=8.078s feedback_obs_pack=2.588s feedback_info_pack=0.127s effective_fps=33.70
2026-09-27 13:46:52.408 | INFO     | plugrl_env_client.runner.rollout:log_timing_summary:98 - Intermediate rollout timing summary: env_steps=152504 infer_calls=38126 feedback_calls=38126 infer_wait=3359.924s infer_obs_pack=1.803s env_step=1155.079s feedback_total=7.965s feedback_obs_pack=2.558s feedback_info_pack=0.132s effective_fps=33.70
2026-09-27 13:46:52.481 | INFO     | plugrl_env_client.runner.rollout:log_timing_summary:98 - Intermediate rollout timing summary: env_steps=152497 infer_calls=38125 feedback_calls=38124 infer_wait=3366.064s infer_obs_pack=1.810s env_step=1149.092s feedback_total=7.987s feedback_obs_pack=2.567s feedback_info_pack=0.133s effective_fps=33.70
2026-09-27 13:47:22.412 | INFO     | plugrl_env_client.runner.rollout:log_timing_summary:98 - Intermediate rollout timing summary: env_steps=154813 infer_calls=38704 feedback_calls=38703 infer_wait=3371.818s infer_obs_pack=1.830s env_step=1172.945s feedback_total=8.077s feedback_obs_pack=2.596s feedback_info_pack=0.134s effective_fps=33.99
2026-09-27 13:47:22.412 | INFO     | plugrl_env_client.runner.rollout:log_timing_summary:98 - Intermediate rollout timing summary: env_steps=154801 infer_calls=38701 feedback_calls=38700 infer_wait=3383.111s infer_obs_pack=1.854s env_step=1161.642s feedback_total=8.194s feedback_obs_pack=2.627s feedback_info_pack=0.129s effective_fps=33.99
2026-09-27 13:47:22.497 | INFO     | plugrl_env_client.runner.rollout:log_timing_summary:98 - Intermediate rollout timing summary: env_steps=154809 infer_calls=38703 feedback_calls=38702 infer_wait=3378.777s infer_obs_pack=1.837s env_step=1166.158s feedback_total=8.107s feedback_obs_pack=2.609s feedback_info_pack=0.135s effective_fps=33.99
2026-09-27 13:47:52.419 | INFO     | plugrl_env_client.runner.rollout:log_timing_summary:98 - Intermediate rollout timing summary: env_steps=157095 infer_calls=39274 feedback_calls=39273 infer_wait=3384.158s infer_obs_pack=1.860s env_step=1190.369s feedback_total=8.194s feedback_obs_pack=2.637s feedback_info_pack=0.136s effective_fps=34.27
2026-09-27 13:47:52.420 | INFO     | plugrl_env_client.runner.rollout:log_timing_summary:98 - Intermediate rollout timing summary: env_steps=157083 infer_calls=39271 feedback_calls=39270 infer_wait=3395.461s infer_obs_pack=1.881s env_step=1179.067s feedback_total=8.311s feedback_obs_pack=2.665s feedback_info_pack=0.131s effective_fps=34.26
2026-09-27 13:47:52.502 | INFO     | plugrl_env_client.runner.rollout:log_timing_summary:98 - Intermediate rollout timing summary: env_steps=157090 infer_calls=39273 feedback_calls=39272 infer_wait=3391.225s infer_obs_pack=1.867s env_step=1183.472s feedback_total=8.226s feedback_obs_pack=2.647s feedback_info_pack=0.137s effective_fps=34.26
2026-09-27 13:48:22.420 | INFO     | plugrl_env_client.runner.rollout:log_timing_summary:98 - Intermediate rollout timing summary: env_steps=159454 infer_calls=39864 feedback_calls=39863 infer_wait=3396.052s infer_obs_pack=1.887s env_step=1208.229s feedback_total=8.315s feedback_obs_pack=2.676s feedback_info_pack=0.138s effective_fps=34.56
2026-09-27 13:48:22.423 | INFO     | plugrl_env_client.runner.rollout:log_timing_summary:98 - Intermediate rollout timing summary: env_steps=159443 infer_calls=39861 feedback_calls=39860 infer_wait=3407.608s infer_obs_pack=1.908s env_step=1196.669s feedback_total=8.440s feedback_obs_pack=2.704s feedback_info_pack=0.133s effective_fps=34.55
2026-09-27 13:48:22.522 | INFO     | plugrl_env_client.runner.rollout:log_timing_summary:98 - Intermediate rollout timing summary: env_steps=159449 infer_calls=39863 feedback_calls=39862 infer_wait=3403.289s infer_obs_pack=1.894s env_step=1201.164s feedback_total=8.355s feedback_obs_pack=2.688s feedback_info_pack=0.139s effective_fps=34.55
2026-09-27 13:56:56.989 | INFO     | plugrl_env_client.runner.rollout:log_timing_summary:98 - Intermediate rollout timing summary: env_steps=160001 infer_calls=40001 feedback_calls=40000 infer_wait=3913.604s infer_obs_pack=1.903s env_step=1205.253s feedback_total=8.387s feedback_obs_pack=2.697s feedback_info_pack=0.139s effective_fps=31.19
2026-09-27 13:56:56.989 | INFO     | plugrl_env_client.runner.rollout:log_timing_summary:98 - Intermediate rollout timing summary: env_steps=160001 infer_calls=40001 feedback_calls=40000 infer_wait=3917.894s infer_obs_pack=1.914s env_step=1200.889s feedback_total=8.472s feedback_obs_pack=2.714s feedback_info_pack=0.133s effective_fps=31.19
2026-09-27 13:56:56.990 | INFO     | plugrl_env_client.runner.rollout:log_timing_summary:98 - Intermediate rollout timing summary: env_steps=160013 infer_calls=40004 feedback_calls=40003 infer_wait=3906.422s infer_obs_pack=1.893s env_step=1212.365s feedback_total=8.348s feedback_obs_pack=2.685s feedback_info_pack=0.138s effective_fps=31.20
2026-09-27 13:57:26.990 | INFO     | plugrl_env_client.runner.rollout:log_timing_summary:98 - Intermediate rollout timing summary: env_steps=162287 infer_calls=40572 feedback_calls=40571 infer_wait=3925.589s infer_obs_pack=1.931s env_step=1223.031s feedback_total=8.509s feedback_obs_pack=2.735s feedback_info_pack=0.141s effective_fps=31.46
2026-09-27 13:57:26.993 | INFO     | plugrl_env_client.runner.rollout:log_timing_summary:98 - Intermediate rollout timing summary: env_steps=162288 infer_calls=40572 feedback_calls=40572 infer_wait=3930.356s infer_obs_pack=1.944s env_step=1218.189s feedback_total=8.593s feedback_obs_pack=2.757s feedback_info_pack=0.135s effective_fps=31.46
2026-09-27 13:57:26.994 | INFO     | plugrl_env_client.runner.rollout:log_timing_summary:98 - Intermediate rollout timing summary: env_steps=162299 infer_calls=40575 feedback_calls=40574 infer_wait=3918.417s infer_obs_pack=1.921s env_step=1230.133s feedback_total=8.467s feedback_obs_pack=2.723s feedback_info_pack=0.140s effective_fps=31.46
2026-09-27 13:57:56.992 | INFO     | plugrl_env_client.runner.rollout:log_timing_summary:98 - Intermediate rollout timing summary: env_steps=164584 infer_calls=41146 feedback_calls=41146 infer_wait=3937.807s infer_obs_pack=1.958s env_step=1240.576s feedback_total=8.629s feedback_obs_pack=2.778s feedback_info_pack=0.143s effective_fps=31.72
2026-09-27 13:57:57.011 | INFO     | plugrl_env_client.runner.rollout:log_timing_summary:98 - Intermediate rollout timing summary: env_steps=164585 infer_calls=41147 feedback_calls=41146 infer_wait=3942.414s infer_obs_pack=1.971s env_step=1235.907s feedback_total=8.709s feedback_obs_pack=2.794s feedback_info_pack=0.137s effective_fps=31.72
2026-09-27 13:57:57.013 | INFO     | plugrl_env_client.runner.rollout:log_timing_summary:98 - Intermediate rollout timing summary: env_steps=164597 infer_calls=41150 feedback_calls=41149 infer_wait=3930.728s infer_obs_pack=1.947s env_step=1247.607s feedback_total=8.580s feedback_obs_pack=2.760s feedback_info_pack=0.142s effective_fps=31.72
2026-09-27 13:58:26.995 | INFO     | plugrl_env_client.runner.rollout:log_timing_summary:98 - Intermediate rollout timing summary: env_steps=166970 infer_calls=41743 feedback_calls=41742 infer_wait=3949.449s infer_obs_pack=1.986s env_step=1258.685s feedback_total=8.755s feedback_obs_pack=2.817s feedback_info_pack=0.145s effective_fps=31.99
2026-09-27 13:58:27.012 | INFO     | plugrl_env_client.runner.rollout:log_timing_summary:98 - Intermediate rollout timing summary: env_steps=166971 infer_calls=41743 feedback_calls=41742 infer_wait=3954.177s infer_obs_pack=1.998s env_step=1253.900s feedback_total=8.835s feedback_obs_pack=2.834s feedback_info_pack=0.139s effective_fps=31.99
2026-09-27 13:58:27.041 | INFO     | plugrl_env_client.runner.rollout:log_timing_summary:98 - Intermediate rollout timing summary: env_steps=166985 infer_calls=41747 feedback_calls=41746 infer_wait=3942.497s infer_obs_pack=1.974s env_step=1265.620s feedback_total=8.699s feedback_obs_pack=2.799s feedback_info_pack=0.144s effective_fps=32.00
2026-09-27 13:58:57.022 | INFO     | plugrl_env_client.runner.rollout:log_timing_summary:98 - Intermediate rollout timing summary: env_steps=169429 infer_calls=42358 feedback_calls=42357 infer_wait=3965.906s infer_obs_pack=2.026s env_step=1271.919s feedback_total=8.971s feedback_obs_pack=2.873s feedback_info_pack=0.141s effective_fps=32.28
2026-09-27 13:58:57.026 | INFO     | plugrl_env_client.runner.rollout:log_timing_summary:98 - Intermediate rollout timing summary: env_steps=169429 infer_calls=42358 feedback_calls=42357 infer_wait=3960.915s infer_obs_pack=2.014s env_step=1276.991s feedback_total=8.887s feedback_obs_pack=2.857s feedback_info_pack=0.147s effective_fps=32.28
2026-09-27 13:58:57.052 | INFO     | plugrl_env_client.runner.rollout:log_timing_summary:98 - Intermediate rollout timing summary: env_steps=169444 infer_calls=42361 feedback_calls=42361 infer_wait=3954.174s infer_obs_pack=2.001s env_step=1283.699s feedback_total=8.827s feedback_obs_pack=2.838s feedback_info_pack=0.147s effective_fps=32.28
2026-09-27 13:59:27.034 | INFO     | plugrl_env_client.runner.rollout:log_timing_summary:98 - Intermediate rollout timing summary: env_steps=171857 infer_calls=42965 feedback_calls=42964 infer_wait=3972.812s infer_obs_pack=2.042s env_step=1294.832s feedback_total=9.027s feedback_obs_pack=2.896s feedback_info_pack=0.149s effective_fps=32.56
2026-09-27 13:59:27.034 | INFO     | plugrl_env_client.runner.rollout:log_timing_summary:98 - Intermediate rollout timing summary: env_steps=171857 infer_calls=42965 feedback_calls=42964 infer_wait=3977.475s infer_obs_pack=2.053s env_step=1290.110s feedback_total=9.101s feedback_obs_pack=2.912s feedback_info_pack=0.143s effective_fps=32.56
2026-09-27 13:59:27.057 | INFO     | plugrl_env_client.runner.rollout:log_timing_summary:98 - Intermediate rollout timing summary: env_steps=171871 infer_calls=42968 feedback_calls=42967 infer_wait=3965.429s infer_obs_pack=2.028s env_step=1302.178s feedback_total=8.963s feedback_obs_pack=2.880s feedback_info_pack=0.149s effective_fps=32.56
2026-09-27 13:59:57.055 | INFO     | plugrl_env_client.runner.rollout:log_timing_summary:98 - Intermediate rollout timing summary: env_steps=174317 infer_calls=43580 feedback_calls=43579 infer_wait=3984.422s infer_obs_pack=2.071s env_step=1312.981s feedback_total=9.161s feedback_obs_pack=2.935s feedback_info_pack=0.151s effective_fps=32.84
2026-09-27 13:59:57.057 | INFO     | plugrl_env_client.runner.rollout:log_timing_summary:98 - Intermediate rollout timing summary: env_steps=174317 infer_calls=43580 feedback_calls=43579 infer_wait=3989.263s infer_obs_pack=2.082s env_step=1308.083s feedback_total=9.234s feedback_obs_pack=2.952s feedback_info_pack=0.145s effective_fps=32.84
2026-09-27 13:59:57.062 | INFO     | plugrl_env_client.runner.rollout:log_timing_summary:98 - Intermediate rollout timing summary: env_steps=174330 infer_calls=43583 feedback_calls=43582 infer_wait=3977.077s infer_obs_pack=2.056s env_step=1320.263s feedback_total=9.105s feedback_obs_pack=2.925s feedback_info_pack=0.151s effective_fps=32.84
2026-09-27 14:00:27.057 | INFO     | plugrl_env_client.runner.rollout:log_timing_summary:98 - Intermediate rollout timing summary: env_steps=176699 infer_calls=44175 feedback_calls=44174 infer_wait=3996.604s infer_obs_pack=2.098s env_step=1330.551s feedback_total=9.284s feedback_obs_pack=2.974s feedback_info_pack=0.153s effective_fps=33.10
2026-09-27 14:00:27.062 | INFO     | plugrl_env_client.runner.rollout:log_timing_summary:98 - Intermediate rollout timing summary: env_steps=176699 infer_calls=44175 feedback_calls=44174 infer_wait=4000.671s infer_obs_pack=2.112s env_step=1326.423s feedback_total=9.361s feedback_obs_pack=2.992s feedback_info_pack=0.147s effective_fps=33.10
2026-09-27 14:00:27.069 | INFO     | plugrl_env_client.runner.rollout:log_timing_summary:98 - Intermediate rollout timing summary: env_steps=176711 infer_calls=44178 feedback_calls=44177 infer_wait=3988.631s infer_obs_pack=2.086s env_step=1338.457s feedback_total=9.233s feedback_obs_pack=2.965s feedback_info_pack=0.153s effective_fps=33.10
2026-09-27 14:00:57.064 | INFO     | plugrl_env_client.runner.rollout:log_timing_summary:98 - Intermediate rollout timing summary: env_steps=178985 infer_calls=44747 feedback_calls=44746 infer_wait=4012.739s infer_obs_pack=2.140s env_step=1344.122s feedback_total=9.477s feedback_obs_pack=3.031s feedback_info_pack=0.149s effective_fps=33.34
2026-09-27 14:00:57.065 | INFO     | plugrl_env_client.runner.rollout:log_timing_summary:98 - Intermediate rollout timing summary: env_steps=178985 infer_calls=44747 feedback_calls=44746 infer_wait=4009.184s infer_obs_pack=2.129s env_step=1347.737s feedback_total=9.404s feedback_obs_pack=3.016s feedback_info_pack=0.155s effective_fps=33.34
2026-09-27 14:00:57.074 | INFO     | plugrl_env_client.runner.rollout:log_timing_summary:98 - Intermediate rollout timing summary: env_steps=178998 infer_calls=44750 feedback_calls=44749 infer_wait=4000.558s infer_obs_pack=2.117s env_step=1356.290s feedback_total=9.352s feedback_obs_pack=3.004s feedback_info_pack=0.155s effective_fps=33.34
2026-09-27 14:01:27.068 | INFO     | plugrl_env_client.runner.rollout:log_timing_summary:98 - Intermediate rollout timing summary: env_steps=181296 infer_calls=45324 feedback_calls=45324 infer_wait=4021.392s infer_obs_pack=2.156s env_step=1365.290s feedback_total=9.522s feedback_obs_pack=3.057s feedback_info_pack=0.157s effective_fps=33.58
2026-09-27 14:01:27.076 | INFO     | plugrl_env_client.runner.rollout:log_timing_summary:98 - Intermediate rollout timing summary: env_steps=181295 infer_calls=45324 feedback_calls=45323 infer_wait=4025.005s infer_obs_pack=2.167s env_step=1361.622s feedback_total=9.599s feedback_obs_pack=3.069s feedback_info_pack=0.152s effective_fps=33.58
2026-09-27 14:01:27.111 | INFO     | plugrl_env_client.runner.rollout:log_timing_summary:98 - Intermediate rollout timing summary: env_steps=181309 infer_calls=45328 feedback_calls=45327 infer_wait=4012.315s infer_obs_pack=2.145s env_step=1374.324s feedback_total=9.473s feedback_obs_pack=3.045s feedback_info_pack=0.157s effective_fps=33.59
2026-09-27 14:01:57.097 | INFO     | plugrl_env_client.runner.rollout:log_timing_summary:98 - Intermediate rollout timing summary: env_steps=183541 infer_calls=45886 feedback_calls=45885 infer_wait=4034.017s infer_obs_pack=2.184s env_step=1382.457s feedback_total=9.641s feedback_obs_pack=3.099s feedback_info_pack=0.159s effective_fps=33.81
2026-09-27 14:01:57.103 | INFO     | plugrl_env_client.runner.rollout:log_timing_summary:98 - Intermediate rollout timing summary: env_steps=183541 infer_calls=45886 feedback_calls=45885 infer_wait=4037.543s infer_obs_pack=2.193s env_step=1378.889s feedback_total=9.708s feedback_obs_pack=3.107s feedback_info_pack=0.154s effective_fps=33.81
2026-09-27 14:01:57.113 | INFO     | plugrl_env_client.runner.rollout:log_timing_summary:98 - Intermediate rollout timing summary: env_steps=183556 infer_calls=45889 feedback_calls=45889 infer_wait=4024.520s infer_obs_pack=2.171s env_step=1391.892s feedback_total=9.585s feedback_obs_pack=3.082s feedback_info_pack=0.159s effective_fps=33.82
2026-09-27 14:02:27.118 | INFO     | plugrl_env_client.runner.rollout:log_timing_summary:98 - Intermediate rollout timing summary: env_steps=185821 infer_calls=46456 feedback_calls=46455 infer_wait=4037.120s infer_obs_pack=2.201s env_step=1409.057s feedback_total=9.696s feedback_obs_pack=3.122s feedback_info_pack=0.161s effective_fps=34.05
2026-09-27 14:02:27.118 | INFO     | plugrl_env_client.runner.rollout:log_timing_summary:98 - Intermediate rollout timing summary: env_steps=185809 infer_calls=46453 feedback_calls=46452 infer_wait=4046.387s infer_obs_pack=2.210s env_step=1399.880s feedback_total=9.750s feedback_obs_pack=3.136s feedback_info_pack=0.161s effective_fps=34.04
2026-09-27 14:02:27.120 | INFO     | plugrl_env_client.runner.rollout:log_timing_summary:98 - Intermediate rollout timing summary: env_steps=185809 infer_calls=46453 feedback_calls=46452 infer_wait=4050.229s infer_obs_pack=2.219s env_step=1395.992s feedback_total=9.815s feedback_obs_pack=3.143s feedback_info_pack=0.156s effective_fps=34.04
2026-09-27 14:11:01.195 | INFO     | plugrl_env_client.runner.rollout:log_timing_summary:98 - Intermediate rollout timing summary: env_steps=186665 infer_calls=46667 feedback_calls=46666 infer_wait=4557.810s infer_obs_pack=2.229s env_step=1402.399s feedback_total=9.858s feedback_obs_pack=3.157s feedback_info_pack=0.156s effective_fps=31.26
2026-09-27 14:11:01.197 | INFO     | plugrl_env_client.runner.rollout:log_timing_summary:98 - Intermediate rollout timing summary: env_steps=186665 infer_calls=46667 feedback_calls=46666 infer_wait=4554.052s infer_obs_pack=2.221s env_step=1406.209s feedback_total=9.791s feedback_obs_pack=3.150s feedback_info_pack=0.162s effective_fps=31.26
2026-09-27 14:11:01.204 | INFO     | plugrl_env_client.runner.rollout:log_timing_summary:98 - Intermediate rollout timing summary: env_steps=186677 infer_calls=46670 feedback_calls=46669 infer_wait=4544.533s infer_obs_pack=2.211s env_step=1415.638s feedback_total=9.741s feedback_obs_pack=3.139s feedback_info_pack=0.161s effective_fps=31.26
2026-09-27 14:11:31.206 | INFO     | plugrl_env_client.runner.rollout:log_timing_summary:98 - Intermediate rollout timing summary: env_steps=188969 infer_calls=47243 feedback_calls=47242 infer_wait=4570.041s infer_obs_pack=2.255s env_step=1419.943s feedback_total=9.975s feedback_obs_pack=3.196s feedback_info_pack=0.158s effective_fps=31.48
2026-09-27 14:11:31.207 | INFO     | plugrl_env_client.runner.rollout:log_timing_summary:98 - Intermediate rollout timing summary: env_steps=188969 infer_calls=47243 feedback_calls=47242 infer_wait=4566.594s infer_obs_pack=2.248s env_step=1423.442s feedback_total=9.907s feedback_obs_pack=3.190s feedback_info_pack=0.164s effective_fps=31.48
2026-09-27 14:11:31.208 | INFO     | plugrl_env_client.runner.rollout:log_timing_summary:98 - Intermediate rollout timing summary: env_steps=188981 infer_calls=47246 feedback_calls=47245 infer_wait=4556.064s infer_obs_pack=2.239s env_step=1433.871s feedback_total=9.858s feedback_obs_pack=3.178s feedback_info_pack=0.163s effective_fps=31.49
2026-09-27 14:12:01.208 | INFO     | plugrl_env_client.runner.rollout:log_timing_summary:98 - Intermediate rollout timing summary: env_steps=191243 infer_calls=47811 feedback_calls=47810 infer_wait=4582.745s infer_obs_pack=2.282s env_step=1437.003s feedback_total=10.092s feedback_obs_pack=3.236s feedback_info_pack=0.160s effective_fps=31.70
2026-09-27 14:12:01.210 | INFO     | plugrl_env_client.runner.rollout:log_timing_summary:98 - Intermediate rollout timing summary: env_steps=191243 infer_calls=47811 feedback_calls=47810 infer_wait=4578.916s infer_obs_pack=2.275s env_step=1440.887s feedback_total=10.026s feedback_obs_pack=3.231s feedback_info_pack=0.165s effective_fps=31.70
2026-09-27 14:12:01.212 | INFO     | plugrl_env_client.runner.rollout:log_timing_summary:98 - Intermediate rollout timing summary: env_steps=191255 infer_calls=47814 feedback_calls=47813 infer_wait=4568.154s infer_obs_pack=2.266s env_step=1451.546s feedback_total=9.972s feedback_obs_pack=3.216s feedback_info_pack=0.165s effective_fps=31.71
2026-09-27 14:12:31.214 | INFO     | plugrl_env_client.runner.rollout:log_timing_summary:98 - Intermediate rollout timing summary: env_steps=193546 infer_calls=48387 feedback_calls=48386 infer_wait=4594.835s infer_obs_pack=2.308s env_step=1454.688s feedback_total=10.208s feedback_obs_pack=3.274s feedback_info_pack=0.162s effective_fps=31.93
2026-09-27 14:12:31.216 | INFO     | plugrl_env_client.runner.rollout:log_timing_summary:98 - Intermediate rollout timing summary: env_steps=193559 infer_calls=48390 feedback_calls=48389 infer_wait=4579.998s infer_obs_pack=2.293s env_step=1469.464s feedback_total=10.087s feedback_obs_pack=3.255s feedback_info_pack=0.167s effective_fps=31.93
2026-09-27 14:12:31.217 | INFO     | plugrl_env_client.runner.rollout:log_timing_summary:98 - Intermediate rollout timing summary: env_steps=193546 infer_calls=48387 feedback_calls=48386 infer_wait=4591.131s infer_obs_pack=2.303s env_step=1458.447s feedback_total=10.141s feedback_obs_pack=3.270s feedback_info_pack=0.167s effective_fps=31.93
2026-09-27 14:13:01.217 | INFO     | plugrl_env_client.runner.rollout:log_timing_summary:98 - Intermediate rollout timing summary: env_steps=195905 infer_calls=48977 feedback_calls=48976 infer_wait=4591.993s infer_obs_pack=2.321s env_step=1487.221s feedback_total=10.210s feedback_obs_pack=3.294s feedback_info_pack=0.169s effective_fps=32.16
2026-09-27 14:13:01.217 | INFO     | plugrl_env_client.runner.rollout:log_timing_summary:98 - Intermediate rollout timing summary: env_steps=195893 infer_calls=48974 feedback_calls=48973 infer_wait=4603.117s infer_obs_pack=2.332s env_step=1476.222s feedback_total=10.257s feedback_obs_pack=3.310s feedback_info_pack=0.169s effective_fps=32.16
2026-09-27 14:13:01.217 | INFO     | plugrl_env_client.runner.rollout:log_timing_summary:98 - Intermediate rollout timing summary: env_steps=195893 infer_calls=48974 feedback_calls=48973 infer_wait=4606.824s infer_obs_pack=2.335s env_step=1472.456s feedback_total=10.333s feedback_obs_pack=3.315s feedback_info_pack=0.164s effective_fps=32.16
2026-09-27 14:13:31.218 | INFO     | plugrl_env_client.runner.rollout:log_timing_summary:98 - Intermediate rollout timing summary: env_steps=198314 infer_calls=49579 feedback_calls=49578 infer_wait=4602.882s infer_obs_pack=2.349s env_step=1506.080s feedback_total=10.337s feedback_obs_pack=3.333s feedback_info_pack=0.171s effective_fps=32.40
2026-09-27 14:13:31.222 | INFO     | plugrl_env_client.runner.rollout:log_timing_summary:98 - Intermediate rollout timing summary: env_steps=198302 infer_calls=49576 feedback_calls=49575 infer_wait=4618.459s infer_obs_pack=2.364s env_step=1490.573s feedback_total=10.462s feedback_obs_pack=3.354s feedback_info_pack=0.166s effective_fps=32.39
2026-09-27 14:13:31.225 | INFO     | plugrl_env_client.runner.rollout:log_timing_summary:98 - Intermediate rollout timing summary: env_steps=198303 infer_calls=49576 feedback_calls=49575 infer_wait=4615.391s infer_obs_pack=2.362s env_step=1493.691s feedback_total=10.392s feedback_obs_pack=3.350s feedback_info_pack=0.171s effective_fps=32.39
2026-09-27 14:14:01.231 | INFO     | plugrl_env_client.runner.rollout:log_timing_summary:98 - Intermediate rollout timing summary: env_steps=200793 infer_calls=50199 feedback_calls=50198 infer_wait=4614.504s infer_obs_pack=2.377s env_step=1524.204s feedback_total=10.474s feedback_obs_pack=3.376s feedback_info_pack=0.174s effective_fps=32.64
2026-09-27 14:14:01.235 | INFO     | plugrl_env_client.runner.rollout:log_timing_summary:98 - Intermediate rollout timing summary: env_steps=200781 infer_calls=50196 feedback_calls=50195 infer_wait=4630.318s infer_obs_pack=2.395s env_step=1508.463s feedback_total=10.599s feedback_obs_pack=3.394s feedback_info_pack=0.168s effective_fps=32.64
2026-09-27 14:14:01.235 | INFO     | plugrl_env_client.runner.rollout:log_timing_summary:98 - Intermediate rollout timing summary: env_steps=200781 infer_calls=50196 feedback_calls=50195 infer_wait=4626.720s infer_obs_pack=2.390s env_step=1512.111s feedback_total=10.526s feedback_obs_pack=3.390s feedback_info_pack=0.173s effective_fps=32.64
2026-09-27 14:14:31.233 | INFO     | plugrl_env_client.runner.rollout:log_timing_summary:98 - Intermediate rollout timing summary: env_steps=203207 infer_calls=50802 feedback_calls=50801 infer_wait=4625.996s infer_obs_pack=2.403s env_step=1542.456s feedback_total=10.604s feedback_obs_pack=3.415s feedback_info_pack=0.176s effective_fps=32.87
2026-09-27 14:14:31.239 | INFO     | plugrl_env_client.runner.rollout:log_timing_summary:98 - Intermediate rollout timing summary: env_steps=203195 infer_calls=50799 feedback_calls=50798 infer_wait=4642.051s infer_obs_pack=2.422s env_step=1526.480s feedback_total=10.728s feedback_obs_pack=3.433s feedback_info_pack=0.170s effective_fps=32.87
2026-09-27 14:14:31.241 | INFO     | plugrl_env_client.runner.rollout:log_timing_summary:98 - Intermediate rollout timing summary: env_steps=203195 infer_calls=50799 feedback_calls=50798 infer_wait=4638.215s infer_obs_pack=2.417s env_step=1530.368s feedback_total=10.656s feedback_obs_pack=3.431s feedback_info_pack=0.175s effective_fps=32.87
2026-09-27 14:15:01.236 | INFO     | plugrl_env_client.runner.rollout:log_timing_summary:98 - Intermediate rollout timing summary: env_steps=205616 infer_calls=51404 feedback_calls=51404 infer_wait=4637.976s infer_obs_pack=2.430s env_step=1560.209s feedback_total=10.743s feedback_obs_pack=3.457s feedback_info_pack=0.178s effective_fps=33.10
2026-09-27 14:15:01.255 | INFO     | plugrl_env_client.runner.rollout:log_timing_summary:98 - Intermediate rollout timing summary: env_steps=205605 infer_calls=51402 feedback_calls=51401 infer_wait=4650.134s infer_obs_pack=2.444s env_step=1548.206s feedback_total=10.787s feedback_obs_pack=3.470s feedback_info_pack=0.177s effective_fps=33.10
2026-09-27 14:15:01.257 | INFO     | plugrl_env_client.runner.rollout:log_timing_summary:98 - Intermediate rollout timing summary: env_steps=205605 infer_calls=51402 feedback_calls=51401 infer_wait=4653.635s infer_obs_pack=2.450s env_step=1544.655s feedback_total=10.861s feedback_obs_pack=3.473s feedback_info_pack=0.172s effective_fps=33.10
2026-09-27 14:15:31.246 | INFO     | plugrl_env_client.runner.rollout:log_timing_summary:98 - Intermediate rollout timing summary: env_steps=207909 infer_calls=51978 feedback_calls=51977 infer_wait=4649.774s infer_obs_pack=2.458s env_step=1578.186s feedback_total=10.858s feedback_obs_pack=3.496s feedback_info_pack=0.180s effective_fps=33.31
2026-09-27 14:15:31.260 | INFO     | plugrl_env_client.runner.rollout:log_timing_summary:98 - Intermediate rollout timing summary: env_steps=207900 infer_calls=51975 feedback_calls=51975 infer_wait=4662.568s infer_obs_pack=2.471s env_step=1565.540s feedback_total=10.905s feedback_obs_pack=3.511s feedback_info_pack=0.179s effective_fps=33.31
2026-09-27 14:15:31.260 | INFO     | plugrl_env_client.runner.rollout:log_timing_summary:98 - Intermediate rollout timing summary: env_steps=207900 infer_calls=51975 feedback_calls=51975 infer_wait=4666.021s infer_obs_pack=2.477s env_step=1562.037s feedback_total=10.980s feedback_obs_pack=3.515s feedback_info_pack=0.174s effective_fps=33.31
2026-09-27 14:16:01.251 | INFO     | plugrl_env_client.runner.rollout:log_timing_summary:98 - Intermediate rollout timing summary: env_steps=210227 infer_calls=52557 feedback_calls=52556 infer_wait=4661.726s infer_obs_pack=2.485s env_step=1595.994s feedback_total=10.974s feedback_obs_pack=3.533s feedback_info_pack=0.182s effective_fps=33.52
2026-09-27 14:16:01.277 | INFO     | plugrl_env_client.runner.rollout:log_timing_summary:98 - Intermediate rollout timing summary: env_steps=210217 infer_calls=52555 feedback_calls=52554 infer_wait=4678.380s infer_obs_pack=2.505s env_step=1579.449s feedback_total=11.102s feedback_obs_pack=3.553s feedback_info_pack=0.176s effective_fps=33.52
2026-09-27 14:16:01.277 | INFO     | plugrl_env_client.runner.rollout:log_timing_summary:98 - Intermediate rollout timing summary: env_steps=210217 infer_calls=52555 feedback_calls=52554 infer_wait=4674.148s infer_obs_pack=2.499s env_step=1583.734s feedback_total=11.027s feedback_obs_pack=3.555s feedback_info_pack=0.181s effective_fps=33.52
2026-09-27 14:16:31.271 | INFO     | plugrl_env_client.runner.rollout:log_timing_summary:98 - Intermediate rollout timing summary: env_steps=212529 infer_calls=53133 feedback_calls=53132 infer_wait=4673.844s infer_obs_pack=2.512s env_step=1613.655s feedback_total=11.092s feedback_obs_pack=3.573s feedback_info_pack=0.185s effective_fps=33.73
2026-09-27 14:16:31.283 | INFO     | plugrl_env_client.runner.rollout:log_timing_summary:98 - Intermediate rollout timing summary: env_steps=212518 infer_calls=53130 feedback_calls=53129 infer_wait=4690.364s infer_obs_pack=2.536s env_step=1597.226s feedback_total=11.225s feedback_obs_pack=3.592s feedback_info_pack=0.178s effective_fps=33.73
2026-09-27 14:16:31.284 | INFO     | plugrl_env_client.runner.rollout:log_timing_summary:98 - Intermediate rollout timing summary: env_steps=212518 infer_calls=53130 feedback_calls=53129 infer_wait=4686.251s infer_obs_pack=2.527s env_step=1601.400s feedback_total=11.144s feedback_obs_pack=3.593s feedback_info_pack=0.183s effective_fps=33.73
2026-09-27 14:25:12.201 | INFO     | plugrl_env_client.runner.rollout:log_timing_summary:98 - Intermediate rollout timing summary: env_steps=213345 infer_calls=53337 feedback_calls=53336 infer_wait=5188.344s infer_obs_pack=2.521s env_step=1619.997s feedback_total=11.132s feedback_obs_pack=3.586s feedback_info_pack=0.186s effective_fps=31.27
2026-09-27 14:25:12.201 | INFO     | plugrl_env_client.runner.rollout:log_timing_summary:98 - Intermediate rollout timing summary: env_steps=213333 infer_calls=53334 feedback_calls=53333 infer_wait=5200.623s infer_obs_pack=2.537s env_step=1607.859s feedback_total=11.185s feedback_obs_pack=3.606s feedback_info_pack=0.184s effective_fps=31.27
2026-09-27 14:25:12.202 | INFO     | plugrl_env_client.runner.rollout:log_timing_summary:98 - Intermediate rollout timing summary: env_steps=213333 infer_calls=53334 feedback_calls=53333 infer_wait=5205.068s infer_obs_pack=2.545s env_step=1603.357s feedback_total=11.268s feedback_obs_pack=3.607s feedback_info_pack=0.178s effective_fps=31.27
2026-09-27 14:25:42.203 | INFO     | plugrl_env_client.runner.rollout:log_timing_summary:98 - Intermediate rollout timing summary: env_steps=215689 infer_calls=53923 feedback_calls=53922 infer_wait=5213.115s infer_obs_pack=2.564s env_step=1625.120s feedback_total=11.305s feedback_obs_pack=3.645s feedback_info_pack=0.186s effective_fps=31.48
2026-09-27 14:25:42.204 | INFO     | plugrl_env_client.runner.rollout:log_timing_summary:98 - Intermediate rollout timing summary: env_steps=215701 infer_calls=53926 feedback_calls=53925 infer_wait=5200.054s infer_obs_pack=2.550s env_step=1638.036s feedback_total=11.253s feedback_obs_pack=3.626s feedback_info_pack=0.188s effective_fps=31.48
2026-09-27 14:25:42.206 | INFO     | plugrl_env_client.runner.rollout:log_timing_summary:98 - Intermediate rollout timing summary: env_steps=215690 infer_calls=53923 feedback_calls=53922 infer_wait=5216.768s infer_obs_pack=2.574s env_step=1621.413s feedback_total=11.388s feedback_obs_pack=3.646s feedback_info_pack=0.180s effective_fps=31.48
2026-09-27 14:26:12.205 | INFO     | plugrl_env_client.runner.rollout:log_timing_summary:98 - Intermediate rollout timing summary: env_steps=217918 infer_calls=54480 feedback_calls=54479 infer_wait=5212.596s infer_obs_pack=2.576s env_step=1655.260s feedback_total=11.370s feedback_obs_pack=3.666s feedback_info_pack=0.190s effective_fps=31.67
2026-09-27 14:26:12.208 | INFO     | plugrl_env_client.runner.rollout:log_timing_summary:98 - Intermediate rollout timing summary: env_steps=217907 infer_calls=54477 feedback_calls=54476 infer_wait=5225.135s infer_obs_pack=2.591s env_step=1642.873s feedback_total=11.420s feedback_obs_pack=3.682s feedback_info_pack=0.188s effective_fps=31.66
2026-09-27 14:26:12.211 | INFO     | plugrl_env_client.runner.rollout:log_timing_summary:98 - Intermediate rollout timing summary: env_steps=217906 infer_calls=54477 feedback_calls=54476 infer_wait=5229.038s infer_obs_pack=2.602s env_step=1638.917s feedback_total=11.501s feedback_obs_pack=3.684s feedback_info_pack=0.182s effective_fps=31.66
2026-09-27 14:26:42.229 | INFO     | plugrl_env_client.runner.rollout:log_timing_summary:98 - Intermediate rollout timing summary: env_steps=220161 infer_calls=55041 feedback_calls=55040 infer_wait=5224.569s infer_obs_pack=2.603s env_step=1673.075s feedback_total=11.485s feedback_obs_pack=3.705s feedback_info_pack=0.192s effective_fps=31.85
2026-09-27 14:26:42.230 | INFO     | plugrl_env_client.runner.rollout:log_timing_summary:98 - Intermediate rollout timing summary: env_steps=220149 infer_calls=55038 feedback_calls=55037 infer_wait=5237.992s infer_obs_pack=2.618s env_step=1659.806s feedback_total=11.532s feedback_obs_pack=3.719s feedback_info_pack=0.190s effective_fps=31.85
2026-09-27 14:26:42.230 | INFO     | plugrl_env_client.runner.rollout:log_timing_summary:98 - Intermediate rollout timing summary: env_steps=220149 infer_calls=55038 feedback_calls=55037 infer_wait=5241.453s infer_obs_pack=2.631s env_step=1656.284s feedback_total=11.617s feedback_obs_pack=3.726s feedback_info_pack=0.184s effective_fps=31.85
2026-09-27 14:27:12.231 | INFO     | plugrl_env_client.runner.rollout:log_timing_summary:98 - Intermediate rollout timing summary: env_steps=222404 infer_calls=55601 feedback_calls=55601 infer_wait=5250.528s infer_obs_pack=2.645s env_step=1677.035s feedback_total=11.648s feedback_obs_pack=3.759s feedback_info_pack=0.192s effective_fps=32.04
2026-09-27 14:27:12.234 | INFO     | plugrl_env_client.runner.rollout:log_timing_summary:98 - Intermediate rollout timing summary: env_steps=222416 infer_calls=55604 feedback_calls=55604 infer_wait=5236.374s infer_obs_pack=2.629s env_step=1691.042s feedback_total=11.596s feedback_obs_pack=3.742s feedback_info_pack=0.194s effective_fps=32.04
2026-09-27 14:27:12.267 | INFO     | plugrl_env_client.runner.rollout:log_timing_summary:98 - Intermediate rollout timing summary: env_steps=222405 infer_calls=55602 feedback_calls=55601 infer_wait=5254.489s infer_obs_pack=2.658s env_step=1673.044s feedback_total=11.739s feedback_obs_pack=3.763s feedback_info_pack=0.186s effective_fps=32.04
2026-09-27 14:27:42.233 | INFO     | plugrl_env_client.runner.rollout:log_timing_summary:98 - Intermediate rollout timing summary: env_steps=224692 infer_calls=56173 feedback_calls=56173 infer_wait=5263.051s infer_obs_pack=2.672s env_step=1694.281s feedback_total=11.763s feedback_obs_pack=3.798s feedback_info_pack=0.194s effective_fps=32.23
2026-09-27 14:27:42.252 | INFO     | plugrl_env_client.runner.rollout:log_timing_summary:98 - Intermediate rollout timing summary: env_steps=224705 infer_calls=56177 feedback_calls=56176 infer_wait=5248.535s infer_obs_pack=2.657s env_step=1708.658s feedback_total=11.716s feedback_obs_pack=3.784s feedback_info_pack=0.196s effective_fps=32.23
2026-09-27 14:27:42.271 | INFO     | plugrl_env_client.runner.rollout:log_timing_summary:98 - Intermediate rollout timing summary: env_steps=224695 infer_calls=56174 feedback_calls=56173 infer_wait=5267.015s infer_obs_pack=2.687s env_step=1690.288s feedback_total=11.854s feedback_obs_pack=3.801s feedback_info_pack=0.188s effective_fps=32.23
2026-09-27 14:28:12.253 | INFO     | plugrl_env_client.runner.rollout:log_timing_summary:98 - Intermediate rollout timing summary: env_steps=227081 infer_calls=56771 feedback_calls=56770 infer_wait=5259.857s infer_obs_pack=2.686s env_step=1727.076s feedback_total=11.847s feedback_obs_pack=3.823s feedback_info_pack=0.198s effective_fps=32.43
2026-09-27 14:28:12.256 | INFO     | plugrl_env_client.runner.rollout:log_timing_summary:98 - Intermediate rollout timing summary: env_steps=227069 infer_calls=56768 feedback_calls=56767 infer_wait=5274.847s infer_obs_pack=2.700s env_step=1712.255s feedback_total=11.892s feedback_obs_pack=3.841s feedback_info_pack=0.196s effective_fps=32.43
2026-09-27 14:28:12.275 | INFO     | plugrl_env_client.runner.rollout:log_timing_summary:98 - Intermediate rollout timing summary: env_steps=227072 infer_calls=56768 feedback_calls=56768 infer_wait=5278.914s infer_obs_pack=2.715s env_step=1708.144s feedback_total=11.978s feedback_obs_pack=3.840s feedback_info_pack=0.190s effective_fps=32.43
2026-09-27 14:28:42.260 | INFO     | plugrl_env_client.runner.rollout:log_timing_summary:98 - Intermediate rollout timing summary: env_steps=229545 infer_calls=57387 feedback_calls=57386 infer_wait=5271.737s infer_obs_pack=2.714s env_step=1744.939s feedback_total=11.978s feedback_obs_pack=3.862s feedback_info_pack=0.200s effective_fps=32.65
2026-09-27 14:28:42.260 | INFO     | plugrl_env_client.runner.rollout:log_timing_summary:98 - Intermediate rollout timing summary: env_steps=229533 infer_calls=57384 feedback_calls=57383 infer_wait=5286.170s infer_obs_pack=2.727s env_step=1730.677s feedback_total=12.027s feedback_obs_pack=3.882s feedback_info_pack=0.198s effective_fps=32.64
2026-09-27 14:28:42.281 | INFO     | plugrl_env_client.runner.rollout:log_timing_summary:98 - Intermediate rollout timing summary: env_steps=229535 infer_calls=57384 feedback_calls=57383 infer_wait=5290.853s infer_obs_pack=2.743s env_step=1725.946s feedback_total=12.119s feedback_obs_pack=3.884s feedback_info_pack=0.192s effective_fps=32.64
2026-09-27 14:29:12.270 | INFO     | plugrl_env_client.runner.rollout:log_timing_summary:98 - Intermediate rollout timing summary: env_steps=232013 infer_calls=58004 feedback_calls=58003 infer_wait=5297.838s infer_obs_pack=2.759s env_step=1748.746s feedback_total=12.165s feedback_obs_pack=3.923s feedback_info_pack=0.200s effective_fps=32.86
2026-09-27 14:29:12.272 | INFO     | plugrl_env_client.runner.rollout:log_timing_summary:98 - Intermediate rollout timing summary: env_steps=232025 infer_calls=58007 feedback_calls=58006 infer_wait=5283.301s infer_obs_pack=2.742s env_step=1763.114s feedback_total=12.111s feedback_obs_pack=3.903s feedback_info_pack=0.202s effective_fps=32.86
2026-09-27 14:29:12.286 | INFO     | plugrl_env_client.runner.rollout:log_timing_summary:98 - Intermediate rollout timing summary: env_steps=232016 infer_calls=58004 feedback_calls=58004 infer_wait=5302.600s infer_obs_pack=2.771s env_step=1743.943s feedback_total=12.250s feedback_obs_pack=3.924s feedback_info_pack=0.194s effective_fps=32.86
2026-09-27 14:29:42.274 | INFO     | plugrl_env_client.runner.rollout:log_timing_summary:98 - Intermediate rollout timing summary: env_steps=234499 infer_calls=58625 feedback_calls=58624 infer_wait=5309.714s infer_obs_pack=2.787s env_step=1766.608s feedback_total=12.303s feedback_obs_pack=3.963s feedback_info_pack=0.202s effective_fps=33.07
2026-09-27 14:29:42.280 | INFO     | plugrl_env_client.runner.rollout:log_timing_summary:98 - Intermediate rollout timing summary: env_steps=234511 infer_calls=58628 feedback_calls=58627 infer_wait=5294.404s infer_obs_pack=2.770s env_step=1781.749s feedback_total=12.247s feedback_obs_pack=3.943s feedback_info_pack=0.204s effective_fps=33.07
2026-09-27 14:29:42.305 | INFO     | plugrl_env_client.runner.rollout:log_timing_summary:98 - Intermediate rollout timing summary: env_steps=234501 infer_calls=58626 feedback_calls=58625 infer_wait=5314.403s infer_obs_pack=2.802s env_step=1761.886s feedback_total=12.396s feedback_obs_pack=3.967s feedback_info_pack=0.196s effective_fps=33.07
2026-09-27 14:30:12.290 | INFO     | plugrl_env_client.runner.rollout:log_timing_summary:98 - Intermediate rollout timing summary: env_steps=236917 infer_calls=59230 feedback_calls=59229 infer_wait=5306.187s infer_obs_pack=2.798s env_step=1799.722s feedback_total=12.377s feedback_obs_pack=3.988s feedback_info_pack=0.207s effective_fps=33.27
2026-09-27 14:30:12.298 | INFO     | plugrl_env_client.runner.rollout:log_timing_summary:98 - Intermediate rollout timing summary: env_steps=236905 infer_calls=59227 feedback_calls=59226 infer_wait=5321.611s infer_obs_pack=2.816s env_step=1784.480s feedback_total=12.432s feedback_obs_pack=4.009s feedback_info_pack=0.204s effective_fps=33.27
2026-09-27 14:30:12.312 | INFO     | plugrl_env_client.runner.rollout:log_timing_summary:98 - Intermediate rollout timing summary: env_steps=236908 infer_calls=59227 feedback_calls=59227 infer_wait=5326.502s infer_obs_pack=2.829s env_step=1779.547s feedback_total=12.521s feedback_obs_pack=4.007s feedback_info_pack=0.198s effective_fps=33.27
2026-09-27 14:30:42.306 | INFO     | plugrl_env_client.runner.rollout:log_timing_summary:98 - Intermediate rollout timing summary: env_steps=239201 infer_calls=59801 feedback_calls=59800 infer_wait=5333.604s infer_obs_pack=2.845s env_step=1802.250s feedback_total=12.553s feedback_obs_pack=4.047s feedback_info_pack=0.206s effective_fps=33.45
2026-09-27 14:30:42.314 | INFO     | plugrl_env_client.runner.rollout:log_timing_summary:98 - Intermediate rollout timing summary: env_steps=239203 infer_calls=59801 feedback_calls=59800 infer_wait=5338.357s infer_obs_pack=2.856s env_step=1797.454s feedback_total=12.641s feedback_obs_pack=4.045s feedback_info_pack=0.200s effective_fps=33.45
2026-09-27 14:30:42.315 | INFO     | plugrl_env_client.runner.rollout:log_timing_summary:98 - Intermediate rollout timing summary: env_steps=239213 infer_calls=59804 feedback_calls=59803 infer_wait=5318.587s infer_obs_pack=2.824s env_step=1817.096s feedback_total=12.496s feedback_obs_pack=4.026s feedback_info_pack=0.209s effective_fps=33.45
2026-09-27 14:39:31.505 | INFO     | plugrl_env_client.runner.rollout:log_timing_summary:98 - Intermediate rollout timing summary: env_steps=240001 infer_calls=60001 feedback_calls=60000 infer_wait=5861.928s infer_obs_pack=2.865s env_step=1802.994s feedback_total=12.682s feedback_obs_pack=4.057s feedback_info_pack=0.201s effective_fps=31.25
2026-09-27 14:39:31.506 | INFO     | plugrl_env_client.runner.rollout:log_timing_summary:98 - Intermediate rollout timing summary: env_steps=240001 infer_calls=60001 feedback_calls=60000 infer_wait=5856.926s infer_obs_pack=2.854s env_step=1808.047s feedback_total=12.594s feedback_obs_pack=4.062s feedback_info_pack=0.207s effective_fps=31.25
2026-09-27 14:39:31.507 | INFO     | plugrl_env_client.runner.rollout:log_timing_summary:98 - Intermediate rollout timing summary: env_steps=240013 infer_calls=60004 feedback_calls=60003 infer_wait=5841.757s infer_obs_pack=2.833s env_step=1823.035s feedback_total=12.536s feedback_obs_pack=4.039s feedback_info_pack=0.209s effective_fps=31.25
2026-09-27 14:40:01.515 | INFO     | plugrl_env_client.runner.rollout:log_timing_summary:98 - Intermediate rollout timing summary: env_steps=242401 infer_calls=60601 feedback_calls=60600 infer_wait=5869.084s infer_obs_pack=2.881s env_step=1825.653s feedback_total=12.717s feedback_obs_pack=4.101s feedback_info_pack=0.209s effective_fps=31.44
2026-09-27 14:40:01.516 | INFO     | plugrl_env_client.runner.rollout:log_timing_summary:98 - Intermediate rollout timing summary: env_steps=242413 infer_calls=60604 feedback_calls=60603 infer_wait=5853.645s infer_obs_pack=2.861s env_step=1840.896s feedback_total=12.666s feedback_obs_pack=4.082s feedback_info_pack=0.212s effective_fps=31.44
2026-09-27 14:40:01.518 | INFO     | plugrl_env_client.runner.rollout:log_timing_summary:98 - Intermediate rollout timing summary: env_steps=242401 infer_calls=60601 feedback_calls=60600 infer_wait=5873.859s infer_obs_pack=2.893s env_step=1820.815s feedback_total=12.817s feedback_obs_pack=4.098s feedback_info_pack=0.203s effective_fps=31.44
2026-09-27 14:40:31.518 | INFO     | plugrl_env_client.runner.rollout:log_timing_summary:98 - Intermediate rollout timing summary: env_steps=244703 infer_calls=61176 feedback_calls=61175 infer_wait=5881.614s infer_obs_pack=2.908s env_step=1842.888s feedback_total=12.836s feedback_obs_pack=4.142s feedback_info_pack=0.211s effective_fps=31.61
2026-09-27 14:40:31.519 | INFO     | plugrl_env_client.runner.rollout:log_timing_summary:98 - Intermediate rollout timing summary: env_steps=244715 infer_calls=61179 feedback_calls=61178 infer_wait=5865.438s infer_obs_pack=2.888s env_step=1858.867s feedback_total=12.783s feedback_obs_pack=4.120s feedback_info_pack=0.214s effective_fps=31.62
2026-09-27 14:40:31.526 | INFO     | plugrl_env_client.runner.rollout:log_timing_summary:98 - Intermediate rollout timing summary: env_steps=244703 infer_calls=61176 feedback_calls=61175 infer_wait=5885.913s infer_obs_pack=2.923s env_step=1838.531s feedback_total=12.933s feedback_obs_pack=4.140s feedback_info_pack=0.205s effective_fps=31.61
2026-09-27 14:41:01.523 | INFO     | plugrl_env_client.runner.rollout:log_timing_summary:98 - Intermediate rollout timing summary: env_steps=247049 infer_calls=61763 feedback_calls=61762 infer_wait=5877.211s infer_obs_pack=2.916s env_step=1876.855s feedback_total=12.901s feedback_obs_pack=4.159s feedback_info_pack=0.216s effective_fps=31.80
2026-09-27 14:41:01.524 | INFO     | plugrl_env_client.runner.rollout:log_timing_summary:98 - Intermediate rollout timing summary: env_steps=247037 infer_calls=61760 feedback_calls=61759 infer_wait=5894.043s infer_obs_pack=2.936s env_step=1860.223s feedback_total=12.950s feedback_obs_pack=4.180s feedback_info_pack=0.213s effective_fps=31.79
2026-09-27 14:41:01.533 | INFO     | plugrl_env_client.runner.rollout:log_timing_summary:98 - Intermediate rollout timing summary: env_steps=247038 infer_calls=61760 feedback_calls=61759 infer_wait=5898.306s infer_obs_pack=2.950s env_step=1855.899s feedback_total=13.055s feedback_obs_pack=4.180s feedback_info_pack=0.207s effective_fps=31.79
2026-09-27 14:41:31.536 | INFO     | plugrl_env_client.runner.rollout:log_timing_summary:98 - Intermediate rollout timing summary: env_steps=249337 infer_calls=62335 feedback_calls=62334 infer_wait=5906.632s infer_obs_pack=2.962s env_step=1877.413s feedback_total=13.064s feedback_obs_pack=4.218s feedback_info_pack=0.215s effective_fps=31.97
2026-09-27 14:41:31.536 | INFO     | plugrl_env_client.runner.rollout:log_timing_summary:98 - Intermediate rollout timing summary: env_steps=249349 infer_calls=62338 feedback_calls=62337 infer_wait=5889.393s infer_obs_pack=2.943s env_step=1894.444s feedback_total=13.016s feedback_obs_pack=4.197s feedback_info_pack=0.218s effective_fps=31.97
2026-09-27 14:41:31.538 | INFO     | plugrl_env_client.runner.rollout:log_timing_summary:98 - Intermediate rollout timing summary: env_steps=249337 infer_calls=62335 feedback_calls=62334 infer_wait=5910.653s infer_obs_pack=2.977s env_step=1873.321s feedback_total=13.168s feedback_obs_pack=4.218s feedback_info_pack=0.209s effective_fps=31.97
2026-09-27 14:42:01.543 | INFO     | plugrl_env_client.runner.rollout:log_timing_summary:98 - Intermediate rollout timing summary: env_steps=251652 infer_calls=62913 feedback_calls=62913 infer_wait=5901.502s infer_obs_pack=2.973s env_step=1912.103s feedback_total=13.128s feedback_obs_pack=4.234s feedback_info_pack=0.220s effective_fps=32.14
2026-09-27 14:42:01.573 | INFO     | plugrl_env_client.runner.rollout:log_timing_summary:98 - Intermediate rollout timing summary: env_steps=251641 infer_calls=62911 feedback_calls=62910 infer_wait=5923.070s infer_obs_pack=3.004s env_step=1890.702s feedback_total=13.283s feedback_obs_pack=4.256s feedback_info_pack=0.211s effective_fps=32.14
2026-09-27 14:42:01.574 | INFO     | plugrl_env_client.runner.rollout:log_timing_summary:98 - Intermediate rollout timing summary: env_steps=251641 infer_calls=62911 feedback_calls=62910 infer_wait=5919.017s infer_obs_pack=2.990s env_step=1894.832s feedback_total=13.178s feedback_obs_pack=4.257s feedback_info_pack=0.217s effective_fps=32.14
2026-09-27 14:42:31.550 | INFO     | plugrl_env_client.runner.rollout:log_timing_summary:98 - Intermediate rollout timing summary: env_steps=253965 infer_calls=63492 feedback_calls=63491 infer_wait=5913.846s infer_obs_pack=3.000s env_step=1929.523s feedback_total=13.249s feedback_obs_pack=4.272s feedback_info_pack=0.222s effective_fps=32.31
2026-09-27 14:42:31.593 | INFO     | plugrl_env_client.runner.rollout:log_timing_summary:98 - Intermediate rollout timing summary: env_steps=253957 infer_calls=63490 feedback_calls=63489 infer_wait=5931.204s infer_obs_pack=3.018s env_step=1912.431s feedback_total=13.293s feedback_obs_pack=4.295s feedback_info_pack=0.219s effective_fps=32.31
2026-09-27 14:42:31.599 | INFO     | plugrl_env_client.runner.rollout:log_timing_summary:98 - Intermediate rollout timing summary: env_steps=253957 infer_calls=63490 feedback_calls=63489 infer_wait=5935.257s infer_obs_pack=3.031s env_step=1908.304s feedback_total=13.403s feedback_obs_pack=4.294s feedback_info_pack=0.213s effective_fps=32.31
2026-09-27 14:43:01.557 | INFO     | plugrl_env_client.runner.rollout:log_timing_summary:98 - Intermediate rollout timing summary: env_steps=256376 infer_calls=64094 feedback_calls=64094 infer_wait=5925.969s infer_obs_pack=3.028s env_step=1947.150s feedback_total=13.375s feedback_obs_pack=4.312s feedback_info_pack=0.224s effective_fps=32.50
2026-09-27 14:43:01.595 | INFO     | plugrl_env_client.runner.rollout:log_timing_summary:98 - Intermediate rollout timing summary: env_steps=256368 infer_calls=64092 feedback_calls=64092 infer_wait=5942.839s infer_obs_pack=3.049s env_step=1930.536s feedback_total=13.423s feedback_obs_pack=4.335s feedback_info_pack=0.223s effective_fps=32.49
2026-09-27 14:43:01.617 | INFO     | plugrl_env_client.runner.rollout:log_timing_summary:98 - Intermediate rollout timing summary: env_steps=256369 infer_calls=64093 feedback_calls=64092 infer_wait=5947.125s infer_obs_pack=3.062s env_step=1926.201s feedback_total=13.526s feedback_obs_pack=4.333s feedback_info_pack=0.215s effective_fps=32.49
2026-09-27 14:43:31.574 | INFO     | plugrl_env_client.runner.rollout:log_timing_summary:98 - Intermediate rollout timing summary: env_steps=258893 infer_calls=64724 feedback_calls=64723 infer_wait=5937.361s infer_obs_pack=3.057s env_step=1965.496s feedback_total=13.514s feedback_obs_pack=4.354s feedback_info_pack=0.226s effective_fps=32.69
2026-09-27 14:43:31.626 | INFO     | plugrl_env_client.runner.rollout:log_timing_summary:98 - Intermediate rollout timing summary: env_steps=258885 infer_calls=64722 feedback_calls=64721 infer_wait=5954.575s infer_obs_pack=3.078s env_step=1948.563s feedback_total=13.562s feedback_obs_pack=4.379s feedback_info_pack=0.225s effective_fps=32.69
2026-09-27 14:43:31.640 | INFO     | plugrl_env_client.runner.rollout:log_timing_summary:98 - Intermediate rollout timing summary: env_steps=258885 infer_calls=64722 feedback_calls=64721 infer_wait=5958.684s infer_obs_pack=3.090s env_step=1944.400s feedback_total=13.663s feedback_obs_pack=4.374s feedback_info_pack=0.217s effective_fps=32.69
2026-09-27 14:44:01.584 | INFO     | plugrl_env_client.runner.rollout:log_timing_summary:98 - Intermediate rollout timing summary: env_steps=261377 infer_calls=65345 feedback_calls=65344 infer_wait=5948.811s infer_obs_pack=3.088s env_step=1983.784s feedback_total=13.651s feedback_obs_pack=4.398s feedback_info_pack=0.228s effective_fps=32.88
2026-09-27 14:44:01.644 | INFO     | plugrl_env_client.runner.rollout:log_timing_summary:98 - Intermediate rollout timing summary: env_steps=261369 infer_calls=65343 feedback_calls=65342 infer_wait=5970.413s infer_obs_pack=3.117s env_step=1962.414s feedback_total=13.798s feedback_obs_pack=4.414s feedback_info_pack=0.219s effective_fps=32.88
2026-09-27 14:44:01.645 | INFO     | plugrl_env_client.runner.rollout:log_timing_summary:98 - Intermediate rollout timing summary: env_steps=261369 infer_calls=65343 feedback_calls=65342 infer_wait=5966.431s infer_obs_pack=3.109s env_step=1966.464s feedback_total=13.696s feedback_obs_pack=4.422s feedback_info_pack=0.227s effective_fps=32.88
2026-09-27 14:44:31.587 | INFO     | plugrl_env_client.runner.rollout:log_timing_summary:98 - Intermediate rollout timing summary: env_steps=263863 infer_calls=65966 feedback_calls=65965 infer_wait=5959.838s infer_obs_pack=3.116s env_step=2002.492s feedback_total=13.791s feedback_obs_pack=4.437s feedback_info_pack=0.230s effective_fps=33.07
2026-09-27 14:44:31.647 | INFO     | plugrl_env_client.runner.rollout:log_timing_summary:98 - Intermediate rollout timing summary: env_steps=263856 infer_calls=65964 feedback_calls=65964 infer_wait=5982.104s infer_obs_pack=3.146s env_step=1980.461s feedback_total=13.938s feedback_obs_pack=4.454s feedback_info_pack=0.221s effective_fps=33.07
2026-09-27 14:44:31.672 | INFO     | plugrl_env_client.runner.rollout:log_timing_summary:98 - Intermediate rollout timing summary: env_steps=263857 infer_calls=65965 feedback_calls=65964 infer_wait=5978.210s infer_obs_pack=3.140s env_step=1984.445s feedback_total=13.833s feedback_obs_pack=4.465s feedback_info_pack=0.229s effective_fps=33.07
2026-09-27 14:45:01.591 | INFO     | plugrl_env_client.runner.rollout:log_timing_summary:98 - Intermediate rollout timing summary: env_steps=266287 infer_calls=66572 feedback_calls=66571 infer_wait=5971.272s infer_obs_pack=3.144s env_step=2020.796s feedback_total=13.926s feedback_obs_pack=4.476s feedback_info_pack=0.232s effective_fps=33.25
2026-09-27 14:45:01.684 | INFO     | plugrl_env_client.runner.rollout:log_timing_summary:98 - Intermediate rollout timing summary: env_steps=266281 infer_calls=66571 feedback_calls=66570 infer_wait=5993.627s infer_obs_pack=3.174s env_step=1998.713s feedback_total=14.074s feedback_obs_pack=4.494s feedback_info_pack=0.223s effective_fps=33.25
2026-09-27 14:45:01.688 | INFO     | plugrl_env_client.runner.rollout:log_timing_summary:98 - Intermediate rollout timing summary: env_steps=266281 infer_calls=66571 feedback_calls=66570 infer_wait=5990.118s infer_obs_pack=3.167s env_step=2002.293s feedback_total=13.969s feedback_obs_pack=4.505s feedback_info_pack=0.231s effective_fps=33.25
2026-09-27 14:53:35.241 | INFO     | plugrl_env_client.runner.rollout:log_timing_summary:98 - Intermediate rollout timing summary: env_steps=266665 infer_calls=66667 feedback_calls=66666 infer_wait=6504.237s infer_obs_pack=3.179s env_step=2001.619s feedback_total=14.095s feedback_obs_pack=4.501s feedback_info_pack=0.223s effective_fps=31.29
2026-09-27 14:53:35.241 | INFO     | plugrl_env_client.runner.rollout:log_timing_summary:98 - Intermediate rollout timing summary: env_steps=266677 infer_calls=66670 feedback_calls=66669 infer_wait=6481.754s infer_obs_pack=3.149s env_step=2023.920s feedback_total=13.949s feedback_obs_pack=4.483s feedback_info_pack=0.232s effective_fps=31.29
2026-09-27 14:53:35.243 | INFO     | plugrl_env_client.runner.rollout:log_timing_summary:98 - Intermediate rollout timing summary: env_steps=266665 infer_calls=66667 feedback_calls=66666 infer_wait=6500.854s infer_obs_pack=3.171s env_step=2005.073s feedback_total=13.988s feedback_obs_pack=4.511s feedback_info_pack=0.232s effective_fps=31.29
2026-09-27 14:54:05.257 | INFO     | plugrl_env_client.runner.rollout:log_timing_summary:98 - Intermediate rollout timing summary: env_steps=269077 infer_calls=67270 feedback_calls=67269 infer_wait=6512.941s infer_obs_pack=3.199s env_step=2022.745s feedback_total=14.109s feedback_obs_pack=4.551s feedback_info_pack=0.234s effective_fps=31.46
2026-09-27 14:54:05.258 | INFO     | plugrl_env_client.runner.rollout:log_timing_summary:98 - Intermediate rollout timing summary: env_steps=269077 infer_calls=67270 feedback_calls=67269 infer_wait=6516.209s infer_obs_pack=3.206s env_step=2019.408s feedback_total=14.224s feedback_obs_pack=4.542s feedback_info_pack=0.225s effective_fps=31.46
2026-09-27 14:54:05.261 | INFO     | plugrl_env_client.runner.rollout:log_timing_summary:98 - Intermediate rollout timing summary: env_steps=269089 infer_calls=67273 feedback_calls=67272 infer_wait=6493.026s infer_obs_pack=3.176s env_step=2042.403s feedback_total=14.077s feedback_obs_pack=4.523s feedback_info_pack=0.235s effective_fps=31.46
2026-09-27 14:54:35.259 | INFO     | plugrl_env_client.runner.rollout:log_timing_summary:98 - Intermediate rollout timing summary: env_steps=271577 infer_calls=67895 feedback_calls=67894 infer_wait=6524.741s infer_obs_pack=3.227s env_step=2040.676s feedback_total=14.249s feedback_obs_pack=4.592s feedback_info_pack=0.236s effective_fps=31.64
2026-09-27 14:54:35.260 | INFO     | plugrl_env_client.runner.rollout:log_timing_summary:98 - Intermediate rollout timing summary: env_steps=271578 infer_calls=67895 feedback_calls=67894 infer_wait=6527.730s infer_obs_pack=3.234s env_step=2037.622s feedback_total=14.362s feedback_obs_pack=4.583s feedback_info_pack=0.227s effective_fps=31.64
2026-09-27 14:54:35.263 | INFO     | plugrl_env_client.runner.rollout:log_timing_summary:98 - Intermediate rollout timing summary: env_steps=271590 infer_calls=67898 feedback_calls=67897 infer_wait=6504.469s infer_obs_pack=3.204s env_step=2060.697s feedback_total=14.211s feedback_obs_pack=4.565s feedback_info_pack=0.237s effective_fps=31.64
2026-09-27 14:55:05.266 | INFO     | plugrl_env_client.runner.rollout:log_timing_summary:98 - Intermediate rollout timing summary: env_steps=273921 infer_calls=68481 feedback_calls=68480 infer_wait=6539.965s infer_obs_pack=3.262s env_step=2055.137s feedback_total=14.494s feedback_obs_pack=4.626s feedback_info_pack=0.229s effective_fps=31.80
2026-09-27 14:55:05.266 | INFO     | plugrl_env_client.runner.rollout:log_timing_summary:98 - Intermediate rollout timing summary: env_steps=273921 infer_calls=68481 feedback_calls=68480 infer_wait=6536.923s infer_obs_pack=3.255s env_step=2058.265s feedback_total=14.367s feedback_obs_pack=4.631s feedback_info_pack=0.238s effective_fps=31.80
2026-09-27 14:55:05.267 | INFO     | plugrl_env_client.runner.rollout:log_timing_summary:98 - Intermediate rollout timing summary: env_steps=273933 infer_calls=68484 feedback_calls=68483 infer_wait=6516.504s infer_obs_pack=3.232s env_step=2078.424s feedback_total=14.327s feedback_obs_pack=4.603s feedback_info_pack=0.239s effective_fps=31.81
2026-09-27 14:55:35.288 | INFO     | plugrl_env_client.runner.rollout:log_timing_summary:98 - Intermediate rollout timing summary: env_steps=276229 infer_calls=69058 feedback_calls=69057 infer_wait=6549.057s infer_obs_pack=3.285s env_step=2075.903s feedback_total=14.491s feedback_obs_pack=4.670s feedback_info_pack=0.240s effective_fps=31.96
2026-09-27 14:55:35.292 | INFO     | plugrl_env_client.runner.rollout:log_timing_summary:98 - Intermediate rollout timing summary: env_steps=276229 infer_calls=69058 feedback_calls=69057 infer_wait=6552.330s infer_obs_pack=3.289s env_step=2072.558s feedback_total=14.608s feedback_obs_pack=4.665s feedback_info_pack=0.231s effective_fps=31.96
2026-09-27 14:55:35.292 | INFO     | plugrl_env_client.runner.rollout:log_timing_summary:98 - Intermediate rollout timing summary: env_steps=276241 infer_calls=69061 feedback_calls=69060 infer_wait=6528.249s infer_obs_pack=3.259s env_step=2096.459s feedback_total=14.445s feedback_obs_pack=4.642s feedback_info_pack=0.241s effective_fps=31.96
2026-09-27 14:56:05.289 | INFO     | plugrl_env_client.runner.rollout:log_timing_summary:98 - Intermediate rollout timing summary: env_steps=278523 infer_calls=69631 feedback_calls=69630 infer_wait=6561.697s infer_obs_pack=3.312s env_step=2093.021s feedback_total=14.612s feedback_obs_pack=4.711s feedback_info_pack=0.242s effective_fps=32.12
2026-09-27 14:56:05.294 | INFO     | plugrl_env_client.runner.rollout:log_timing_summary:98 - Intermediate rollout timing summary: env_steps=278536 infer_calls=69634 feedback_calls=69634 infer_wait=6540.162s infer_obs_pack=3.286s env_step=2114.303s feedback_total=14.560s feedback_obs_pack=4.679s feedback_info_pack=0.243s effective_fps=32.12
2026-09-27 14:56:05.322 | INFO     | plugrl_env_client.runner.rollout:log_timing_summary:98 - Intermediate rollout timing summary: env_steps=278525 infer_calls=69632 feedback_calls=69631 infer_wait=6564.913s infer_obs_pack=3.318s env_step=2089.765s feedback_total=14.725s feedback_obs_pack=4.706s feedback_info_pack=0.233s effective_fps=32.12
2026-09-27 14:56:35.300 | INFO     | plugrl_env_client.runner.rollout:log_timing_summary:98 - Intermediate rollout timing summary: env_steps=280805 infer_calls=70202 feedback_calls=70201 infer_wait=6574.316s infer_obs_pack=3.339s env_step=2110.184s feedback_total=14.724s feedback_obs_pack=4.749s feedback_info_pack=0.244s effective_fps=32.27
2026-09-27 14:56:35.301 | INFO     | plugrl_env_client.runner.rollout:log_timing_summary:98 - Intermediate rollout timing summary: env_steps=280817 infer_calls=70205 feedback_calls=70204 infer_wait=6552.181s infer_obs_pack=3.316s env_step=2132.051s feedback_total=14.675s feedback_obs_pack=4.720s feedback_info_pack=0.245s effective_fps=32.27
2026-09-27 14:56:35.323 | INFO     | plugrl_env_client.runner.rollout:log_timing_summary:98 - Intermediate rollout timing summary: env_steps=280808 infer_calls=70202 feedback_calls=70202 infer_wait=6577.055s infer_obs_pack=3.345s env_step=2107.392s feedback_total=14.839s feedback_obs_pack=4.745s feedback_info_pack=0.235s effective_fps=32.27
2026-09-27 14:57:05.316 | INFO     | plugrl_env_client.runner.rollout:log_timing_summary:98 - Intermediate rollout timing summary: env_steps=283109 infer_calls=70778 feedback_calls=70777 infer_wait=6586.552s infer_obs_pack=3.366s env_step=2127.732s feedback_total=14.839s feedback_obs_pack=4.787s feedback_info_pack=0.246s effective_fps=32.42
2026-09-27 14:57:05.320 | INFO     | plugrl_env_client.runner.rollout:log_timing_summary:98 - Intermediate rollout timing summary: env_steps=283121 infer_calls=70781 feedback_calls=70780 infer_wait=6564.374s infer_obs_pack=3.343s env_step=2149.638s feedback_total=14.790s feedback_obs_pack=4.759s feedback_info_pack=0.247s effective_fps=32.42
2026-09-27 14:57:05.326 | INFO     | plugrl_env_client.runner.rollout:log_timing_summary:98 - Intermediate rollout timing summary: env_steps=283110 infer_calls=70778 feedback_calls=70777 infer_wait=6590.070s infer_obs_pack=3.371s env_step=2124.144s feedback_total=14.959s feedback_obs_pack=4.782s feedback_info_pack=0.237s effective_fps=32.42
2026-09-27 14:57:35.317 | INFO     | plugrl_env_client.runner.rollout:log_timing_summary:98 - Intermediate rollout timing summary: env_steps=285413 infer_calls=71354 feedback_calls=71353 infer_wait=6598.933s infer_obs_pack=3.393s env_step=2145.113s feedback_total=14.954s feedback_obs_pack=4.826s feedback_info_pack=0.248s effective_fps=32.57
2026-09-27 14:57:35.326 | INFO     | plugrl_env_client.runner.rollout:log_timing_summary:98 - Intermediate rollout timing summary: env_steps=285426 infer_calls=71357 feedback_calls=71356 infer_wait=6576.326s infer_obs_pack=3.371s env_step=2167.438s feedback_total=14.916s feedback_obs_pack=4.803s feedback_info_pack=0.249s effective_fps=32.58
2026-09-27 14:57:35.332 | INFO     | plugrl_env_client.runner.rollout:log_timing_summary:98 - Intermediate rollout timing summary: env_steps=285414 infer_calls=71354 feedback_calls=71353 infer_wait=6602.676s infer_obs_pack=3.401s env_step=2141.311s feedback_total=15.073s feedback_obs_pack=4.820s feedback_info_pack=0.239s effective_fps=32.57
2026-09-27 14:58:05.336 | INFO     | plugrl_env_client.runner.rollout:log_timing_summary:98 - Intermediate rollout timing summary: env_steps=287889 infer_calls=71973 feedback_calls=71972 infer_wait=6614.406s infer_obs_pack=3.428s env_step=2159.325s feedback_total=15.205s feedback_obs_pack=4.862s feedback_info_pack=0.241s effective_fps=32.74
2026-09-27 14:58:05.336 | INFO     | plugrl_env_client.runner.rollout:log_timing_summary:98 - Intermediate rollout timing summary: env_steps=287889 infer_calls=71973 feedback_calls=71972 infer_wait=6610.452s infer_obs_pack=3.423s env_step=2163.349s feedback_total=15.086s feedback_obs_pack=4.866s feedback_info_pack=0.250s effective_fps=32.74
2026-09-27 14:58:05.338 | INFO     | plugrl_env_client.runner.rollout:log_timing_summary:98 - Intermediate rollout timing summary: env_steps=287901 infer_calls=71976 feedback_calls=71975 infer_wait=6588.333s infer_obs_pack=3.399s env_step=2185.173s feedback_total=15.055s feedback_obs_pack=4.846s feedback_info_pack=0.251s effective_fps=32.75
2026-09-27 14:58:35.337 | INFO     | plugrl_env_client.runner.rollout:log_timing_summary:98 - Intermediate rollout timing summary: env_steps=290460 infer_calls=72615 feedback_calls=72615 infer_wait=6621.688s infer_obs_pack=3.451s env_step=2181.839s feedback_total=15.228s feedback_obs_pack=4.909s feedback_info_pack=0.252s effective_fps=32.92
2026-09-27 14:58:35.363 | INFO     | plugrl_env_client.runner.rollout:log_timing_summary:98 - Intermediate rollout timing summary: env_steps=290461 infer_calls=72616 feedback_calls=72615 infer_wait=6625.609s infer_obs_pack=3.456s env_step=2177.870s feedback_total=15.352s feedback_obs_pack=4.903s feedback_info_pack=0.243s effective_fps=32.92
2026-09-27 14:58:35.364 | INFO     | plugrl_env_client.runner.rollout:log_timing_summary:98 - Intermediate rollout timing summary: env_steps=290473 infer_calls=72619 feedback_calls=72618 infer_wait=6599.699s infer_obs_pack=3.427s env_step=2203.554s feedback_total=15.197s feedback_obs_pack=4.886s feedback_info_pack=0.253s effective_fps=32.93
2026-09-27 14:59:05.344 | INFO     | plugrl_env_client.runner.rollout:log_timing_summary:98 - Intermediate rollout timing summary: env_steps=293017 infer_calls=73255 feedback_calls=73254 infer_wait=6633.020s infer_obs_pack=3.480s env_step=2200.228s feedback_total=15.379s feedback_obs_pack=4.950s feedback_info_pack=0.254s effective_fps=33.10
2026-09-27 14:59:05.367 | INFO     | plugrl_env_client.runner.rollout:log_timing_summary:98 - Intermediate rollout timing summary: env_steps=293020 infer_calls=73255 feedback_calls=73255 infer_wait=6637.093s infer_obs_pack=3.488s env_step=2196.112s feedback_total=15.497s feedback_obs_pack=4.945s feedback_info_pack=0.245s effective_fps=33.10
2026-09-27 14:59:05.390 | INFO     | plugrl_env_client.runner.rollout:log_timing_summary:98 - Intermediate rollout timing summary: env_steps=293033 infer_calls=73259 feedback_calls=73258 infer_wait=6611.100s infer_obs_pack=3.457s env_step=2221.893s feedback_total=15.349s feedback_obs_pack=4.927s feedback_info_pack=0.255s effective_fps=33.10
2026-09-27 15:07:42.079 | INFO     | plugrl_env_client.runner.rollout:log_timing_summary:98 - Intermediate rollout timing summary: env_steps=293345 infer_calls=73337 feedback_calls=73336 infer_wait=7125.462s infer_obs_pack=3.460s env_step=2224.186s feedback_total=15.366s feedback_obs_pack=4.932s feedback_info_pack=0.255s effective_fps=31.31
2026-09-27 15:07:42.083 | INFO     | plugrl_env_client.runner.rollout:log_timing_summary:98 - Intermediate rollout timing summary: env_steps=293333 infer_calls=73334 feedback_calls=73333 infer_wait=7151.513s infer_obs_pack=3.491s env_step=2198.375s feedback_total=15.513s feedback_obs_pack=4.950s feedback_info_pack=0.245s effective_fps=31.31
2026-09-27 15:07:42.083 | INFO     | plugrl_env_client.runner.rollout:log_timing_summary:98 - Intermediate rollout timing summary: env_steps=293333 infer_calls=73334 feedback_calls=73333 infer_wait=7147.511s infer_obs_pack=3.483s env_step=2202.440s feedback_total=15.397s feedback_obs_pack=4.955s feedback_info_pack=0.255s effective_fps=31.31
2026-09-27 15:08:12.108 | INFO     | plugrl_env_client.runner.rollout:log_timing_summary:98 - Intermediate rollout timing summary: env_steps=295805 infer_calls=73952 feedback_calls=73951 infer_wait=7163.230s infer_obs_pack=3.519s env_step=2216.420s feedback_total=15.649s feedback_obs_pack=4.993s feedback_info_pack=0.247s effective_fps=31.47
2026-09-27 15:08:12.110 | INFO     | plugrl_env_client.runner.rollout:log_timing_summary:98 - Intermediate rollout timing summary: env_steps=295805 infer_calls=73952 feedback_calls=73951 infer_wait=7159.371s infer_obs_pack=3.514s env_step=2220.347s feedback_total=15.527s feedback_obs_pack=4.995s feedback_info_pack=0.257s effective_fps=31.47
2026-09-27 15:08:12.113 | INFO     | plugrl_env_client.runner.rollout:log_timing_summary:98 - Intermediate rollout timing summary: env_steps=295817 infer_calls=73955 feedback_calls=73954 infer_wait=7137.027s infer_obs_pack=3.488s env_step=2242.394s feedback_total=15.500s feedback_obs_pack=4.972s feedback_info_pack=0.257s effective_fps=31.48
2026-09-27 15:08:42.128 | INFO     | plugrl_env_client.runner.rollout:log_timing_summary:98 - Intermediate rollout timing summary: env_steps=298245 infer_calls=74562 feedback_calls=74561 infer_wait=7171.528s infer_obs_pack=3.541s env_step=2237.945s feedback_total=15.659s feedback_obs_pack=5.037s feedback_info_pack=0.259s effective_fps=31.63
2026-09-27 15:08:42.129 | INFO     | plugrl_env_client.runner.rollout:log_timing_summary:98 - Intermediate rollout timing summary: env_steps=298245 infer_calls=74562 feedback_calls=74561 infer_wait=7175.199s infer_obs_pack=3.547s env_step=2234.219s feedback_total=15.773s feedback_obs_pack=5.033s feedback_info_pack=0.249s effective_fps=31.63
2026-09-27 15:08:42.130 | INFO     | plugrl_env_client.runner.rollout:log_timing_summary:98 - Intermediate rollout timing summary: env_steps=298257 infer_calls=74565 feedback_calls=74564 infer_wait=7149.116s infer_obs_pack=3.515s env_step=2260.055s feedback_total=15.639s feedback_obs_pack=5.016s feedback_info_pack=0.260s effective_fps=31.63
2026-09-27 15:09:12.133 | INFO     | plugrl_env_client.runner.rollout:log_timing_summary:98 - Intermediate rollout timing summary: env_steps=300635 infer_calls=75159 feedback_calls=75158 infer_wait=7161.409s infer_obs_pack=3.542s env_step=2277.517s feedback_total=15.758s feedback_obs_pack=5.055s feedback_info_pack=0.262s effective_fps=31.79
2026-09-27 15:09:12.135 | INFO     | plugrl_env_client.runner.rollout:log_timing_summary:98 - Intermediate rollout timing summary: env_steps=300623 infer_calls=75156 feedback_calls=75155 infer_wait=7187.485s infer_obs_pack=3.576s env_step=2251.688s feedback_total=15.898s feedback_obs_pack=5.073s feedback_info_pack=0.251s effective_fps=31.78
2026-09-27 15:09:12.136 | INFO     | plugrl_env_client.runner.rollout:log_timing_summary:98 - Intermediate rollout timing summary: env_steps=300623 infer_calls=75156 feedback_calls=75155 infer_wait=7183.827s infer_obs_pack=3.569s env_step=2255.404s feedback_total=15.779s feedback_obs_pack=5.076s feedback_info_pack=0.261s effective_fps=31.78
2026-09-27 15:09:42.135 | INFO     | plugrl_env_client.runner.rollout:log_timing_summary:98 - Intermediate rollout timing summary: env_steps=302978 infer_calls=75745 feedback_calls=75744 infer_wait=7173.775s infer_obs_pack=3.569s env_step=2294.905s feedback_total=15.879s feedback_obs_pack=5.094s feedback_info_pack=0.264s effective_fps=31.93
2026-09-27 15:09:42.140 | INFO     | plugrl_env_client.runner.rollout:log_timing_summary:98 - Intermediate rollout timing summary: env_steps=302967 infer_calls=75742 feedback_calls=75741 infer_wait=7196.243s infer_obs_pack=3.596s env_step=2272.747s feedback_total=15.901s feedback_obs_pack=5.118s feedback_info_pack=0.263s effective_fps=31.93
2026-09-27 15:09:42.140 | INFO     | plugrl_env_client.runner.rollout:log_timing_summary:98 - Intermediate rollout timing summary: env_steps=302967 infer_calls=75742 feedback_calls=75741 infer_wait=7199.850s infer_obs_pack=3.604s env_step=2269.079s feedback_total=16.021s feedback_obs_pack=5.113s feedback_info_pack=0.253s effective_fps=31.93
2026-09-27 15:10:12.136 | INFO     | plugrl_env_client.runner.rollout:log_timing_summary:98 - Intermediate rollout timing summary: env_steps=305289 infer_calls=76323 feedback_calls=76322 infer_wait=7185.830s infer_obs_pack=3.598s env_step=2312.604s feedback_total=15.994s feedback_obs_pack=5.132s feedback_info_pack=0.266s effective_fps=32.07
2026-09-27 15:10:12.145 | INFO     | plugrl_env_client.runner.rollout:log_timing_summary:98 - Intermediate rollout timing summary: env_steps=305278 infer_calls=76320 feedback_calls=76319 infer_wait=7208.573s infer_obs_pack=3.626s env_step=2290.181s feedback_total=16.017s feedback_obs_pack=5.159s feedback_info_pack=0.265s effective_fps=32.07
2026-09-27 15:10:12.145 | INFO     | plugrl_env_client.runner.rollout:log_timing_summary:98 - Intermediate rollout timing summary: env_steps=305278 infer_calls=76320 feedback_calls=76319 infer_wait=7212.279s infer_obs_pack=3.634s env_step=2286.406s feedback_total=16.142s feedback_obs_pack=5.156s feedback_info_pack=0.256s effective_fps=32.07
2026-09-27 15:10:42.146 | INFO     | plugrl_env_client.runner.rollout:log_timing_summary:98 - Intermediate rollout timing summary: env_steps=307600 infer_calls=76900 feedback_calls=76900 infer_wait=7220.977s infer_obs_pack=3.655s env_step=2307.541s feedback_total=16.131s feedback_obs_pack=5.199s feedback_info_pack=0.267s effective_fps=32.22
2026-09-27 15:10:42.148 | INFO     | plugrl_env_client.runner.rollout:log_timing_summary:98 - Intermediate rollout timing summary: env_steps=307600 infer_calls=76900 feedback_calls=76900 infer_wait=7224.787s infer_obs_pack=3.661s env_step=2303.659s feedback_total=16.262s feedback_obs_pack=5.196s feedback_info_pack=0.258s effective_fps=32.21
2026-09-27 15:10:42.167 | INFO     | plugrl_env_client.runner.rollout:log_timing_summary:98 - Intermediate rollout timing summary: env_steps=307613 infer_calls=76904 feedback_calls=76903 infer_wait=7197.564s infer_obs_pack=3.626s env_step=2330.641s feedback_total=16.123s feedback_obs_pack=5.180s feedback_info_pack=0.268s effective_fps=32.22
2026-09-27 15:11:12.164 | INFO     | plugrl_env_client.runner.rollout:log_timing_summary:98 - Intermediate rollout timing summary: env_steps=309909 infer_calls=77478 feedback_calls=77477 infer_wait=7237.851s infer_obs_pack=3.687s env_step=2320.380s feedback_total=16.374s feedback_obs_pack=5.233s feedback_info_pack=0.260s effective_fps=32.36
2026-09-27 15:11:12.168 | INFO     | plugrl_env_client.runner.rollout:log_timing_summary:98 - Intermediate rollout timing summary: env_steps=309921 infer_calls=77481 feedback_calls=77480 infer_wait=7209.612s infer_obs_pack=3.654s env_step=2348.352s feedback_total=16.241s feedback_obs_pack=5.220s feedback_info_pack=0.270s effective_fps=32.36
2026-09-27 15:11:12.168 | INFO     | plugrl_env_client.runner.rollout:log_timing_summary:98 - Intermediate rollout timing summary: env_steps=309909 infer_calls=77478 feedback_calls=77477 infer_wait=7233.045s infer_obs_pack=3.686s env_step=2325.246s feedback_total=16.254s feedback_obs_pack=5.242s feedback_info_pack=0.269s effective_fps=32.36
2026-09-27 15:11:42.169 | INFO     | plugrl_env_client.runner.rollout:log_timing_summary:98 - Intermediate rollout timing summary: env_steps=312214 infer_calls=78054 feedback_calls=78053 infer_wait=7245.640s infer_obs_pack=3.714s env_step=2342.414s feedback_total=16.373s feedback_obs_pack=5.287s feedback_info_pack=0.271s effective_fps=32.49
2026-09-27 15:11:42.170 | INFO     | plugrl_env_client.runner.rollout:log_timing_summary:98 - Intermediate rollout timing summary: env_steps=312226 infer_calls=78057 feedback_calls=78056 infer_wait=7221.357s infer_obs_pack=3.682s env_step=2366.366s feedback_total=16.358s feedback_obs_pack=5.258s feedback_info_pack=0.272s effective_fps=32.50
2026-09-27 15:11:42.171 | INFO     | plugrl_env_client.runner.rollout:log_timing_summary:98 - Intermediate rollout timing summary: env_steps=312214 infer_calls=78054 feedback_calls=78053 infer_wait=7250.202s infer_obs_pack=3.715s env_step=2337.792s feedback_total=16.491s feedback_obs_pack=5.275s feedback_info_pack=0.262s effective_fps=32.49
2026-09-27 15:12:12.172 | INFO     | plugrl_env_client.runner.rollout:log_timing_summary:98 - Intermediate rollout timing summary: env_steps=314599 infer_calls=78650 feedback_calls=78649 infer_wait=7233.257s infer_obs_pack=3.710s env_step=2384.217s feedback_total=16.479s feedback_obs_pack=5.299s feedback_info_pack=0.274s effective_fps=32.64
2026-09-27 15:12:12.172 | INFO     | plugrl_env_client.runner.rollout:log_timing_summary:98 - Intermediate rollout timing summary: env_steps=314587 infer_calls=78647 feedback_calls=78646 infer_wait=7261.882s infer_obs_pack=3.744s env_step=2355.860s feedback_total=16.614s feedback_obs_pack=5.318s feedback_info_pack=0.264s effective_fps=32.64
2026-09-27 15:12:12.175 | INFO     | plugrl_env_client.runner.rollout:log_timing_summary:98 - Intermediate rollout timing summary: env_steps=314587 infer_calls=78647 feedback_calls=78646 infer_wait=7257.776s infer_obs_pack=3.742s env_step=2360.035s feedback_total=16.492s feedback_obs_pack=5.325s feedback_info_pack=0.273s effective_fps=32.64
2026-09-27 15:12:42.174 | INFO     | plugrl_env_client.runner.rollout:log_timing_summary:98 - Intermediate rollout timing summary: env_steps=317030 infer_calls=79258 feedback_calls=79257 infer_wait=7273.587s infer_obs_pack=3.773s env_step=2373.898s feedback_total=16.744s feedback_obs_pack=5.359s feedback_info_pack=0.266s effective_fps=32.79
2026-09-27 15:12:42.178 | INFO     | plugrl_env_client.runner.rollout:log_timing_summary:98 - Intermediate rollout timing summary: env_steps=317043 infer_calls=79261 feedback_calls=79260 infer_wait=7245.016s infer_obs_pack=3.738s env_step=2402.211s feedback_total=16.607s feedback_obs_pack=5.339s feedback_info_pack=0.276s effective_fps=32.79
2026-09-27 15:12:42.182 | INFO     | plugrl_env_client.runner.rollout:log_timing_summary:98 - Intermediate rollout timing summary: env_steps=317031 infer_calls=79258 feedback_calls=79257 infer_wait=7269.702s infer_obs_pack=3.770s env_step=2377.859s feedback_total=16.624s feedback_obs_pack=5.369s feedback_info_pack=0.275s effective_fps=32.79
2026-09-27 15:13:12.179 | INFO     | plugrl_env_client.runner.rollout:log_timing_summary:98 - Intermediate rollout timing summary: env_steps=319564 infer_calls=79891 feedback_calls=79891 infer_wait=7284.882s infer_obs_pack=3.800s env_step=2392.334s feedback_total=16.889s feedback_obs_pack=5.399s feedback_info_pack=0.268s effective_fps=32.95
2026-09-27 15:13:12.199 | INFO     | plugrl_env_client.runner.rollout:log_timing_summary:98 - Intermediate rollout timing summary: env_steps=319565 infer_calls=79892 feedback_calls=79891 infer_wait=7281.318s infer_obs_pack=3.798s env_step=2395.981s feedback_total=16.772s feedback_obs_pack=5.409s feedback_info_pack=0.277s effective_fps=32.95
2026-09-27 15:13:12.199 | INFO     | plugrl_env_client.runner.rollout:log_timing_summary:98 - Intermediate rollout timing summary: env_steps=319577 infer_calls=79895 feedback_calls=79894 infer_wait=7255.905s infer_obs_pack=3.766s env_step=2421.056s feedback_total=16.758s feedback_obs_pack=5.384s feedback_info_pack=0.278s effective_fps=32.95
2026-09-27 15:21:38.207 | INFO     | plugrl_env_client.runner.rollout:log_timing_summary:98 - Intermediate rollout timing summary: env_steps=320001 infer_calls=80001 feedback_calls=80000 infer_wait=7784.192s infer_obs_pack=3.803s env_step=2399.065s feedback_total=16.797s feedback_obs_pack=5.416s feedback_info_pack=0.277s effective_fps=31.36
2026-09-27 15:21:38.211 | INFO     | plugrl_env_client.runner.rollout:log_timing_summary:98 - Intermediate rollout timing summary: env_steps=320013 infer_calls=80004 feedback_calls=80003 infer_wait=7758.671s infer_obs_pack=3.771s env_step=2424.253s feedback_total=16.781s feedback_obs_pack=5.391s feedback_info_pack=0.278s effective_fps=31.36
2026-09-27 15:21:38.212 | INFO     | plugrl_env_client.runner.rollout:log_timing_summary:98 - Intermediate rollout timing summary: env_steps=320001 infer_calls=80001 feedback_calls=80000 infer_wait=7787.644s infer_obs_pack=3.805s env_step=2395.557s feedback_total=16.913s feedback_obs_pack=5.406s feedback_info_pack=0.268s effective_fps=31.36
2026-09-27 15:22:08.210 | INFO     | plugrl_env_client.runner.rollout:log_timing_summary:98 - Intermediate rollout timing summary: env_steps=322353 infer_calls=80589 feedback_calls=80588 infer_wait=7796.189s infer_obs_pack=3.834s env_step=2416.828s feedback_total=16.914s feedback_obs_pack=5.454s feedback_info_pack=0.279s effective_fps=31.50
2026-09-27 15:22:08.212 | INFO     | plugrl_env_client.runner.rollout:log_timing_summary:98 - Intermediate rollout timing summary: env_steps=322366 infer_calls=80592 feedback_calls=80591 infer_wait=7770.954s infer_obs_pack=3.798s env_step=2441.718s feedback_total=16.902s feedback_obs_pack=5.430s feedback_info_pack=0.280s effective_fps=31.50
2026-09-27 15:22:08.220 | INFO     | plugrl_env_client.runner.rollout:log_timing_summary:98 - Intermediate rollout timing summary: env_steps=322354 infer_calls=80589 feedback_calls=80588 infer_wait=7799.885s infer_obs_pack=3.833s env_step=2413.079s feedback_total=17.037s feedback_obs_pack=5.447s feedback_info_pack=0.270s effective_fps=31.50
2026-09-27 15:22:38.222 | INFO     | plugrl_env_client.runner.rollout:log_timing_summary:98 - Intermediate rollout timing summary: env_steps=324773 infer_calls=81194 feedback_calls=81193 infer_wait=7811.609s infer_obs_pack=3.861s env_step=2431.096s feedback_total=17.171s feedback_obs_pack=5.487s feedback_info_pack=0.272s effective_fps=31.64
2026-09-27 15:22:38.223 | INFO     | plugrl_env_client.runner.rollout:log_timing_summary:98 - Intermediate rollout timing summary: env_steps=324785 infer_calls=81197 feedback_calls=81196 infer_wait=7782.772s infer_obs_pack=3.826s env_step=2459.652s feedback_total=17.030s feedback_obs_pack=5.470s feedback_info_pack=0.283s effective_fps=31.65
2026-09-27 15:22:38.227 | INFO     | plugrl_env_client.runner.rollout:log_timing_summary:98 - Intermediate rollout timing summary: env_steps=324773 infer_calls=81194 feedback_calls=81193 infer_wait=7808.160s infer_obs_pack=3.865s env_step=2434.620s feedback_total=17.040s feedback_obs_pack=5.494s feedback_info_pack=0.281s effective_fps=31.64
2026-09-27 15:23:08.224 | INFO     | plugrl_env_client.runner.rollout:log_timing_summary:98 - Intermediate rollout timing summary: env_steps=327282 infer_calls=81821 feedback_calls=81820 infer_wait=7823.500s infer_obs_pack=3.890s env_step=2448.938s feedback_total=17.308s feedback_obs_pack=5.528s feedback_info_pack=0.274s effective_fps=31.79
2026-09-27 15:23:08.225 | INFO     | plugrl_env_client.runner.rollout:log_timing_summary:98 - Intermediate rollout timing summary: env_steps=327294 infer_calls=81824 feedback_calls=81823 infer_wait=7794.112s infer_obs_pack=3.855s env_step=2478.044s feedback_total=17.164s feedback_obs_pack=5.511s feedback_info_pack=0.285s effective_fps=31.80
2026-09-27 15:23:08.232 | INFO     | plugrl_env_client.runner.rollout:log_timing_summary:98 - Intermediate rollout timing summary: env_steps=327283 infer_calls=81821 feedback_calls=81820 infer_wait=7819.950s infer_obs_pack=3.893s env_step=2452.558s feedback_total=17.179s feedback_obs_pack=5.537s feedback_info_pack=0.283s effective_fps=31.79
2026-09-27 15:23:38.227 | INFO     | plugrl_env_client.runner.rollout:log_timing_summary:98 - Intermediate rollout timing summary: env_steps=329779 infer_calls=82445 feedback_calls=82444 infer_wait=7805.698s infer_obs_pack=3.882s env_step=2496.196s feedback_total=17.298s feedback_obs_pack=5.551s feedback_info_pack=0.287s effective_fps=31.95
2026-09-27 15:23:38.231 | INFO     | plugrl_env_client.runner.rollout:log_timing_summary:98 - Intermediate rollout timing summary: env_steps=329767 infer_calls=82442 feedback_calls=82441 infer_wait=7835.102s infer_obs_pack=3.919s env_step=2467.083s feedback_total=17.441s feedback_obs_pack=5.569s feedback_info_pack=0.276s effective_fps=31.94
2026-09-27 15:23:38.268 | INFO     | plugrl_env_client.runner.rollout:log_timing_summary:98 - Intermediate rollout timing summary: env_steps=329769 infer_calls=82443 feedback_calls=82442 infer_wait=7831.778s infer_obs_pack=3.921s env_step=2470.503s feedback_total=17.313s feedback_obs_pack=5.577s feedback_info_pack=0.286s effective_fps=31.94
2026-09-27 15:24:08.232 | INFO     | plugrl_env_client.runner.rollout:log_timing_summary:98 - Intermediate rollout timing summary: env_steps=332264 infer_calls=83066 feedback_calls=83066 infer_wait=7846.599s infer_obs_pack=3.947s env_step=2485.330s feedback_total=17.572s feedback_obs_pack=5.611s feedback_info_pack=0.278s effective_fps=32.09
2026-09-27 15:24:08.232 | INFO     | plugrl_env_client.runner.rollout:log_timing_summary:98 - Intermediate rollout timing summary: env_steps=332276 infer_calls=83069 feedback_calls=83069 infer_wait=7817.231s infer_obs_pack=3.912s env_step=2514.388s feedback_total=17.442s feedback_obs_pack=5.592s feedback_info_pack=0.289s effective_fps=32.09
2026-09-27 15:24:08.269 | INFO     | plugrl_env_client.runner.rollout:log_timing_summary:98 - Intermediate rollout timing summary: env_steps=332268 infer_calls=83067 feedback_calls=83067 infer_wait=7843.389s infer_obs_pack=3.949s env_step=2488.630s feedback_total=17.447s feedback_obs_pack=5.619s feedback_info_pack=0.288s effective_fps=32.09
2026-09-27 15:24:38.234 | INFO     | plugrl_env_client.runner.rollout:log_timing_summary:98 - Intermediate rollout timing summary: env_steps=334649 infer_calls=83663 feedback_calls=83662 infer_wait=7858.461s infer_obs_pack=3.975s env_step=2503.213s feedback_total=17.706s feedback_obs_pack=5.652s feedback_info_pack=0.283s effective_fps=32.23
2026-09-27 15:24:38.237 | INFO     | plugrl_env_client.runner.rollout:log_timing_summary:98 - Intermediate rollout timing summary: env_steps=334661 infer_calls=83666 feedback_calls=83665 infer_wait=7828.640s infer_obs_pack=3.940s env_step=2532.733s feedback_total=17.565s feedback_obs_pack=5.631s feedback_info_pack=0.291s effective_fps=32.23
2026-09-27 15:24:38.284 | INFO     | plugrl_env_client.runner.rollout:log_timing_summary:98 - Intermediate rollout timing summary: env_steps=334653 infer_calls=83664 feedback_calls=83663 infer_wait=7855.762s infer_obs_pack=3.976s env_step=2506.025s feedback_total=17.571s feedback_obs_pack=5.658s feedback_info_pack=0.290s effective_fps=32.23
2026-09-27 15:25:08.240 | INFO     | plugrl_env_client.runner.rollout:log_timing_summary:98 - Intermediate rollout timing summary: env_steps=336992 infer_calls=84248 feedback_calls=84248 infer_wait=7870.883s infer_obs_pack=4.004s env_step=2520.551s feedback_total=17.828s feedback_obs_pack=5.693s feedback_info_pack=0.285s effective_fps=32.36
2026-09-27 15:25:08.244 | INFO     | plugrl_env_client.runner.rollout:log_timing_summary:98 - Intermediate rollout timing summary: env_steps=337004 infer_calls=84251 feedback_calls=84251 infer_wait=7840.303s infer_obs_pack=3.967s env_step=2550.836s feedback_total=17.681s feedback_obs_pack=5.670s feedback_info_pack=0.293s effective_fps=32.36
2026-09-27 15:25:08.287 | INFO     | plugrl_env_client.runner.rollout:log_timing_summary:98 - Intermediate rollout timing summary: env_steps=336994 infer_calls=84249 feedback_calls=84248 infer_wait=7868.169s infer_obs_pack=4.004s env_step=2523.383s feedback_total=17.687s feedback_obs_pack=5.697s feedback_info_pack=0.292s effective_fps=32.36
2026-09-27 15:25:38.268 | INFO     | plugrl_env_client.runner.rollout:log_timing_summary:98 - Intermediate rollout timing summary: env_steps=339333 infer_calls=84834 feedback_calls=84833 infer_wait=7852.107s infer_obs_pack=3.995s env_step=2568.807s feedback_total=17.801s feedback_obs_pack=5.710s feedback_info_pack=0.295s effective_fps=32.49
2026-09-27 15:25:38.270 | INFO     | plugrl_env_client.runner.rollout:log_timing_summary:98 - Intermediate rollout timing summary: env_steps=339321 infer_calls=84831 feedback_calls=84830 infer_wait=7883.031s infer_obs_pack=4.033s env_step=2538.189s feedback_total=17.944s feedback_obs_pack=5.731s feedback_info_pack=0.287s effective_fps=32.49
2026-09-27 15:25:38.291 | INFO     | plugrl_env_client.runner.rollout:log_timing_summary:98 - Intermediate rollout timing summary: env_steps=339323 infer_calls=84831 feedback_calls=84830 infer_wait=7880.517s infer_obs_pack=4.032s env_step=2540.796s feedback_total=17.806s feedback_obs_pack=5.736s feedback_info_pack=0.294s effective_fps=32.49
2026-09-27 15:26:08.305 | INFO     | plugrl_env_client.runner.rollout:log_timing_summary:98 - Intermediate rollout timing summary: env_steps=341645 infer_calls=85412 feedback_calls=85411 infer_wait=7892.985s infer_obs_pack=4.059s env_step=2558.101s feedback_total=17.929s feedback_obs_pack=5.777s feedback_info_pack=0.296s effective_fps=32.62
2026-09-27 15:26:08.306 | INFO     | plugrl_env_client.runner.rollout:log_timing_summary:98 - Intermediate rollout timing summary: env_steps=341657 infer_calls=85415 feedback_calls=85414 infer_wait=7863.500s infer_obs_pack=4.026s env_step=2587.204s feedback_total=17.919s feedback_obs_pack=5.748s feedback_info_pack=0.297s effective_fps=32.62
2026-09-27 15:26:08.311 | INFO     | plugrl_env_client.runner.rollout:log_timing_summary:98 - Intermediate rollout timing summary: env_steps=341645 infer_calls=85412 feedback_calls=85411 infer_wait=7895.338s infer_obs_pack=4.060s env_step=2555.680s feedback_total=18.063s feedback_obs_pack=5.773s feedback_info_pack=0.289s effective_fps=32.62
2026-09-27 15:26:38.309 | INFO     | plugrl_env_client.runner.rollout:log_timing_summary:98 - Intermediate rollout timing summary: env_steps=343992 infer_calls=85998 feedback_calls=85998 infer_wait=7904.806s infer_obs_pack=4.087s env_step=2576.043s feedback_total=18.049s feedback_obs_pack=5.817s feedback_info_pack=0.298s effective_fps=32.75
2026-09-27 15:26:38.326 | INFO     | plugrl_env_client.runner.rollout:log_timing_summary:98 - Intermediate rollout timing summary: env_steps=344005 infer_calls=86002 feedback_calls=86001 infer_wait=7875.674s infer_obs_pack=4.053s env_step=2604.802s feedback_total=18.043s feedback_obs_pack=5.788s feedback_info_pack=0.299s effective_fps=32.75
2026-09-27 15:26:38.327 | INFO     | plugrl_env_client.runner.rollout:log_timing_summary:98 - Intermediate rollout timing summary: env_steps=343993 infer_calls=85999 feedback_calls=85998 infer_wait=7907.491s infer_obs_pack=4.088s env_step=2573.299s feedback_total=18.180s feedback_obs_pack=5.814s feedback_info_pack=0.291s effective_fps=32.75
2026-09-27 15:27:08.322 | INFO     | plugrl_env_client.runner.rollout:log_timing_summary:98 - Intermediate rollout timing summary: env_steps=346337 infer_calls=86585 feedback_calls=86584 infer_wait=7916.885s infer_obs_pack=4.114s env_step=2593.739s feedback_total=18.166s feedback_obs_pack=5.856s feedback_info_pack=0.300s effective_fps=32.88
2026-09-27 15:27:08.327 | INFO     | plugrl_env_client.runner.rollout:log_timing_summary:98 - Intermediate rollout timing summary: env_steps=346351 infer_calls=86588 feedback_calls=86587 infer_wait=7887.566s infer_obs_pack=4.085s env_step=2622.660s feedback_total=18.164s feedback_obs_pack=5.826s feedback_info_pack=0.301s effective_fps=32.88
2026-09-27 15:27:08.329 | INFO     | plugrl_env_client.runner.rollout:log_timing_summary:98 - Intermediate rollout timing summary: env_steps=346338 infer_calls=86585 feedback_calls=86584 infer_wait=7919.392s infer_obs_pack=4.116s env_step=2591.158s feedback_total=18.301s feedback_obs_pack=5.856s feedback_info_pack=0.293s effective_fps=32.88
2026-09-27 15:35:33.862 | INFO     | plugrl_env_client.runner.rollout:log_timing_summary:98 - Intermediate rollout timing summary: env_steps=346665 infer_calls=86667 feedback_calls=86666 infer_wait=8420.053s infer_obs_pack=4.118s env_step=2596.077s feedback_total=18.184s feedback_obs_pack=5.861s feedback_info_pack=0.300s effective_fps=31.41
2026-09-27 15:35:33.863 | INFO     | plugrl_env_client.runner.rollout:log_timing_summary:98 - Intermediate rollout timing summary: env_steps=346665 infer_calls=86667 feedback_calls=86666 infer_wait=8422.448s infer_obs_pack=4.120s env_step=2593.602s feedback_total=18.318s feedback_obs_pack=5.861s feedback_info_pack=0.293s effective_fps=31.41
2026-09-27 15:35:33.867 | INFO     | plugrl_env_client.runner.rollout:log_timing_summary:98 - Intermediate rollout timing summary: env_steps=346677 infer_calls=86670 feedback_calls=86669 infer_wait=8390.575s infer_obs_pack=4.092s env_step=2625.155s feedback_total=18.179s feedback_obs_pack=5.831s feedback_info_pack=0.301s effective_fps=31.41
2026-09-27 15:36:03.864 | INFO     | plugrl_env_client.runner.rollout:log_timing_summary:98 - Intermediate rollout timing summary: env_steps=348977 infer_calls=87245 feedback_calls=87244 infer_wait=8432.802s infer_obs_pack=4.145s env_step=2613.095s feedback_total=18.299s feedback_obs_pack=5.900s feedback_info_pack=0.302s effective_fps=31.53
2026-09-27 15:36:03.867 | INFO     | plugrl_env_client.runner.rollout:log_timing_summary:98 - Intermediate rollout timing summary: env_steps=348990 infer_calls=87248 feedback_calls=87247 infer_wait=8402.570s infer_obs_pack=4.119s env_step=2642.923s feedback_total=18.292s feedback_obs_pack=5.870s feedback_info_pack=0.303s effective_fps=31.53
2026-09-27 15:36:03.868 | INFO     | plugrl_env_client.runner.rollout:log_timing_summary:98 - Intermediate rollout timing summary: env_steps=348978 infer_calls=87245 feedback_calls=87244 infer_wait=8434.691s infer_obs_pack=4.146s env_step=2611.122s feedback_total=18.441s feedback_obs_pack=5.900s feedback_info_pack=0.295s effective_fps=31.53
2026-09-27 15:36:33.875 | INFO     | plugrl_env_client.runner.rollout:log_timing_summary:98 - Intermediate rollout timing summary: env_steps=351260 infer_calls=87815 feedback_calls=87815 infer_wait=8415.076s infer_obs_pack=4.146s env_step=2660.181s feedback_total=18.410s feedback_obs_pack=5.907s feedback_info_pack=0.305s effective_fps=31.65
2026-09-27 15:36:33.903 | INFO     | plugrl_env_client.runner.rollout:log_timing_summary:98 - Intermediate rollout timing summary: env_steps=351249 infer_calls=87813 feedback_calls=87812 infer_wait=8447.336s infer_obs_pack=4.173s env_step=2628.277s feedback_total=18.556s feedback_obs_pack=5.940s feedback_info_pack=0.297s effective_fps=31.65
2026-09-27 15:36:33.903 | INFO     | plugrl_env_client.runner.rollout:log_timing_summary:98 - Intermediate rollout timing summary: env_steps=351249 infer_calls=87813 feedback_calls=87812 infer_wait=8445.216s infer_obs_pack=4.172s env_step=2630.486s feedback_total=18.413s feedback_obs_pack=5.939s feedback_info_pack=0.304s effective_fps=31.65
2026-09-27 15:37:03.878 | INFO     | plugrl_env_client.runner.rollout:log_timing_summary:98 - Intermediate rollout timing summary: env_steps=353539 infer_calls=88385 feedback_calls=88384 infer_wait=8427.205s infer_obs_pack=4.175s env_step=2677.813s feedback_total=18.526s feedback_obs_pack=5.947s feedback_info_pack=0.307s effective_fps=31.77
2026-09-27 15:37:03.906 | INFO     | plugrl_env_client.runner.rollout:log_timing_summary:98 - Intermediate rollout timing summary: env_steps=353529 infer_calls=88383 feedback_calls=88382 infer_wait=8457.686s infer_obs_pack=4.200s env_step=2647.779s feedback_total=18.532s feedback_obs_pack=5.976s feedback_info_pack=0.306s effective_fps=31.77
2026-09-27 15:37:03.910 | INFO     | plugrl_env_client.runner.rollout:log_timing_summary:98 - Intermediate rollout timing summary: env_steps=353529 infer_calls=88383 feedback_calls=88382 infer_wait=8459.552s infer_obs_pack=4.200s env_step=2645.836s feedback_total=18.672s feedback_obs_pack=5.977s feedback_info_pack=0.299s effective_fps=31.77
2026-09-27 15:37:33.883 | INFO     | plugrl_env_client.runner.rollout:log_timing_summary:98 - Intermediate rollout timing summary: env_steps=355961 infer_calls=88991 feedback_calls=88990 infer_wait=8438.813s infer_obs_pack=4.203s env_step=2695.952s feedback_total=18.654s feedback_obs_pack=5.991s feedback_info_pack=0.310s effective_fps=31.90
2026-09-27 15:37:33.927 | INFO     | plugrl_env_client.runner.rollout:log_timing_summary:98 - Intermediate rollout timing summary: env_steps=355953 infer_calls=88989 feedback_calls=88988 infer_wait=8469.188s infer_obs_pack=4.233s env_step=2666.041s feedback_total=18.659s feedback_obs_pack=6.017s feedback_info_pack=0.308s effective_fps=31.90
2026-09-27 15:37:33.927 | INFO     | plugrl_env_client.runner.rollout:log_timing_summary:98 - Intermediate rollout timing summary: env_steps=355953 infer_calls=88989 feedback_calls=88988 infer_wait=8471.323s infer_obs_pack=4.229s env_step=2663.831s feedback_total=18.798s feedback_obs_pack=6.018s feedback_info_pack=0.301s effective_fps=31.90
2026-09-27 15:38:03.894 | INFO     | plugrl_env_client.runner.rollout:log_timing_summary:98 - Intermediate rollout timing summary: env_steps=358445 infer_calls=89612 feedback_calls=89611 infer_wait=8450.494s infer_obs_pack=4.233s env_step=2714.014s feedback_total=18.789s feedback_obs_pack=6.031s feedback_info_pack=0.312s effective_fps=32.04
2026-09-27 15:38:03.931 | INFO     | plugrl_env_client.runner.rollout:log_timing_summary:98 - Intermediate rollout timing summary: env_steps=358437 infer_calls=89610 feedback_calls=89609 infer_wait=8482.951s infer_obs_pack=4.258s env_step=2681.932s feedback_total=18.940s feedback_obs_pack=6.059s feedback_info_pack=0.303s effective_fps=32.04
2026-09-27 15:38:03.934 | INFO     | plugrl_env_client.runner.rollout:log_timing_summary:98 - Intermediate rollout timing summary: env_steps=358437 infer_calls=89610 feedback_calls=89609 infer_wait=8480.625s infer_obs_pack=4.261s env_step=2684.337s feedback_total=18.796s feedback_obs_pack=6.056s feedback_info_pack=0.310s effective_fps=32.04
2026-09-27 15:38:33.906 | INFO     | plugrl_env_client.runner.rollout:log_timing_summary:98 - Intermediate rollout timing summary: env_steps=360933 infer_calls=90234 feedback_calls=90233 infer_wait=8462.055s infer_obs_pack=4.261s env_step=2732.198s feedback_total=18.923s feedback_obs_pack=6.073s feedback_info_pack=0.314s effective_fps=32.18
2026-09-27 15:38:33.955 | INFO     | plugrl_env_client.runner.rollout:log_timing_summary:98 - Intermediate rollout timing summary: env_steps=360925 infer_calls=90232 feedback_calls=90231 infer_wait=8492.119s infer_obs_pack=4.290s env_step=2702.600s feedback_total=18.932s feedback_obs_pack=6.101s feedback_info_pack=0.312s effective_fps=32.17
2026-09-27 15:38:33.959 | INFO     | plugrl_env_client.runner.rollout:log_timing_summary:98 - Intermediate rollout timing summary: env_steps=360925 infer_calls=90232 feedback_calls=90231 infer_wait=8494.516s infer_obs_pack=4.286s env_step=2700.129s feedback_total=19.075s feedback_obs_pack=6.100s feedback_info_pack=0.305s effective_fps=32.17
2026-09-27 15:39:03.918 | INFO     | plugrl_env_client.runner.rollout:log_timing_summary:98 - Intermediate rollout timing summary: env_steps=363445 infer_calls=90862 feedback_calls=90861 infer_wait=8473.781s infer_obs_pack=4.293s env_step=2750.221s feedback_total=19.053s feedback_obs_pack=6.113s feedback_info_pack=0.316s effective_fps=32.31
2026-09-27 15:39:03.971 | INFO     | plugrl_env_client.runner.rollout:log_timing_summary:98 - Intermediate rollout timing summary: env_steps=363437 infer_calls=90860 feedback_calls=90859 infer_wait=8505.858s infer_obs_pack=4.314s env_step=2718.538s feedback_total=19.211s feedback_obs_pack=6.140s feedback_info_pack=0.307s effective_fps=32.31
2026-09-27 15:39:03.973 | INFO     | plugrl_env_client.runner.rollout:log_timing_summary:98 - Intermediate rollout timing summary: env_steps=363437 infer_calls=90860 feedback_calls=90859 infer_wait=8503.827s infer_obs_pack=4.318s env_step=2720.643s feedback_total=19.071s feedback_obs_pack=6.141s feedback_info_pack=0.314s effective_fps=32.31
2026-09-27 15:39:33.925 | INFO     | plugrl_env_client.runner.rollout:log_timing_summary:98 - Intermediate rollout timing summary: env_steps=365820 infer_calls=91455 feedback_calls=91455 infer_wait=8485.925s infer_obs_pack=4.319s env_step=2767.832s feedback_total=19.177s feedback_obs_pack=6.153s feedback_info_pack=0.318s effective_fps=32.44
2026-09-27 15:39:33.977 | INFO     | plugrl_env_client.runner.rollout:log_timing_summary:98 - Intermediate rollout timing summary: env_steps=365810 infer_calls=91453 feedback_calls=91452 infer_wait=8517.983s infer_obs_pack=4.342s env_step=2736.172s feedback_total=19.337s feedback_obs_pack=6.180s feedback_info_pack=0.309s effective_fps=32.44
2026-09-27 15:39:33.980 | INFO     | plugrl_env_client.runner.rollout:log_timing_summary:98 - Intermediate rollout timing summary: env_steps=365811 infer_calls=91453 feedback_calls=91452 infer_wait=8515.435s infer_obs_pack=4.346s env_step=2738.794s feedback_total=19.195s feedback_obs_pack=6.181s feedback_info_pack=0.316s effective_fps=32.44
2026-09-27 15:40:03.968 | INFO     | plugrl_env_client.runner.rollout:log_timing_summary:98 - Intermediate rollout timing summary: env_steps=368137 infer_calls=92035 feedback_calls=92034 infer_wait=8498.218s infer_obs_pack=4.348s env_step=2785.341s feedback_total=19.292s feedback_obs_pack=6.191s feedback_info_pack=0.320s effective_fps=32.56
2026-09-27 15:40:03.981 | INFO     | plugrl_env_client.runner.rollout:log_timing_summary:98 - Intermediate rollout timing summary: env_steps=368126 infer_calls=92032 feedback_calls=92031 infer_wait=8530.322s infer_obs_pack=4.370s env_step=2753.595s feedback_total=19.455s feedback_obs_pack=6.218s feedback_info_pack=0.311s effective_fps=32.56
2026-09-27 15:40:03.985 | INFO     | plugrl_env_client.runner.rollout:log_timing_summary:98 - Intermediate rollout timing summary: env_steps=368126 infer_calls=92032 feedback_calls=92031 infer_wait=8527.230s infer_obs_pack=4.373s env_step=2756.760s feedback_total=19.313s feedback_obs_pack=6.219s feedback_info_pack=0.318s effective_fps=32.56
2026-09-27 15:40:33.969 | INFO     | plugrl_env_client.runner.rollout:log_timing_summary:98 - Intermediate rollout timing summary: env_steps=370479 infer_calls=92620 feedback_calls=92619 infer_wait=8510.256s infer_obs_pack=4.376s env_step=2803.056s feedback_total=19.415s feedback_obs_pack=6.231s feedback_info_pack=0.322s effective_fps=32.68
2026-09-27 15:40:33.998 | INFO     | plugrl_env_client.runner.rollout:log_timing_summary:98 - Intermediate rollout timing summary: env_steps=370469 infer_calls=92618 feedback_calls=92617 infer_wait=8539.597s infer_obs_pack=4.402s env_step=2774.156s feedback_total=19.439s feedback_obs_pack=6.261s feedback_info_pack=0.320s effective_fps=32.68
2026-09-27 15:40:33.998 | INFO     | plugrl_env_client.runner.rollout:log_timing_summary:98 - Intermediate rollout timing summary: env_steps=370469 infer_calls=92618 feedback_calls=92617 infer_wait=8542.689s infer_obs_pack=4.397s env_step=2771.000s feedback_total=19.575s feedback_obs_pack=6.256s feedback_info_pack=0.313s effective_fps=32.68
2026-09-27 15:41:03.978 | INFO     | plugrl_env_client.runner.rollout:log_timing_summary:98 - Intermediate rollout timing summary: env_steps=372805 infer_calls=93202 feedback_calls=93201 infer_wait=8522.408s infer_obs_pack=4.402s env_step=2820.667s feedback_total=19.539s feedback_obs_pack=6.272s feedback_info_pack=0.324s effective_fps=32.80
2026-09-27 15:41:04.002 | INFO     | plugrl_env_client.runner.rollout:log_timing_summary:98 - Intermediate rollout timing summary: env_steps=372795 infer_calls=93199 feedback_calls=93198 infer_wait=8552.015s infer_obs_pack=4.429s env_step=2791.503s feedback_total=19.560s feedback_obs_pack=6.303s feedback_info_pack=0.322s effective_fps=32.79
2026-09-27 15:41:04.004 | INFO     | plugrl_env_client.runner.rollout:log_timing_summary:98 - Intermediate rollout timing summary: env_steps=372796 infer_calls=93199 feedback_calls=93199 infer_wait=8554.759s infer_obs_pack=4.424s env_step=2788.696s feedback_total=19.694s feedback_obs_pack=6.295s feedback_info_pack=0.315s effective_fps=32.79
2026-09-27 15:49:17.059 | INFO     | plugrl_env_client.runner.rollout:log_timing_summary:98 - Intermediate rollout timing summary: env_steps=373333 infer_calls=93334 feedback_calls=93333 infer_wait=9043.879s infer_obs_pack=4.431s env_step=2792.565s feedback_total=19.728s feedback_obs_pack=6.305s feedback_info_pack=0.317s effective_fps=31.48
2026-09-27 15:49:17.059 | INFO     | plugrl_env_client.runner.rollout:log_timing_summary:98 - Intermediate rollout timing summary: env_steps=373333 infer_calls=93334 feedback_calls=93333 infer_wait=9041.101s infer_obs_pack=4.435s env_step=2795.418s feedback_total=19.587s feedback_obs_pack=6.311s feedback_info_pack=0.323s effective_fps=31.48
2026-09-27 15:49:17.065 | INFO     | plugrl_env_client.runner.rollout:log_timing_summary:98 - Intermediate rollout timing summary: env_steps=373345 infer_calls=93337 feedback_calls=93336 infer_wait=9011.390s infer_obs_pack=4.409s env_step=2824.713s feedback_total=19.569s feedback_obs_pack=6.281s feedback_info_pack=0.325s effective_fps=31.48
2026-09-27 15:49:47.074 | INFO     | plugrl_env_client.runner.rollout:log_timing_summary:98 - Intermediate rollout timing summary: env_steps=375717 infer_calls=93930 feedback_calls=93929 infer_wait=9053.021s infer_obs_pack=4.464s env_step=2813.266s feedback_total=19.706s feedback_obs_pack=6.350s feedback_info_pack=0.325s effective_fps=31.60
2026-09-27 15:49:47.075 | INFO     | plugrl_env_client.runner.rollout:log_timing_summary:98 - Intermediate rollout timing summary: env_steps=375717 infer_calls=93930 feedback_calls=93929 infer_wait=9055.811s infer_obs_pack=4.460s env_step=2810.395s feedback_total=19.854s feedback_obs_pack=6.345s feedback_info_pack=0.322s effective_fps=31.60
2026-09-27 15:49:47.079 | INFO     | plugrl_env_client.runner.rollout:log_timing_summary:98 - Intermediate rollout timing summary: env_steps=375729 infer_calls=93933 feedback_calls=93932 infer_wait=9023.416s infer_obs_pack=4.436s env_step=2842.446s feedback_total=19.694s feedback_obs_pack=6.323s feedback_info_pack=0.327s effective_fps=31.60
2026-09-27 15:50:17.082 | INFO     | plugrl_env_client.runner.rollout:log_timing_summary:98 - Intermediate rollout timing summary: env_steps=377985 infer_calls=94497 feedback_calls=94496 infer_wait=9065.321s infer_obs_pack=4.491s env_step=2830.731s feedback_total=19.830s feedback_obs_pack=6.391s feedback_info_pack=0.327s effective_fps=31.71
2026-09-27 15:50:17.085 | INFO     | plugrl_env_client.runner.rollout:log_timing_summary:98 - Intermediate rollout timing summary: env_steps=377985 infer_calls=94497 feedback_calls=94496 infer_wait=9068.233s infer_obs_pack=4.487s env_step=2827.750s feedback_total=19.973s feedback_obs_pack=6.387s feedback_info_pack=0.324s effective_fps=31.71
2026-09-27 15:50:17.085 | INFO     | plugrl_env_client.runner.rollout:log_timing_summary:98 - Intermediate rollout timing summary: env_steps=377997 infer_calls=94500 feedback_calls=94499 infer_wait=9035.290s infer_obs_pack=4.464s env_step=2860.337s feedback_total=19.814s feedback_obs_pack=6.361s feedback_info_pack=0.329s effective_fps=31.71
2026-09-27 15:50:47.084 | INFO     | plugrl_env_client.runner.rollout:log_timing_summary:98 - Intermediate rollout timing summary: env_steps=380330 infer_calls=95083 feedback_calls=95082 infer_wait=9076.943s infer_obs_pack=4.520s env_step=2848.863s feedback_total=19.949s feedback_obs_pack=6.430s feedback_info_pack=0.329s effective_fps=31.83
2026-09-27 15:50:47.089 | INFO     | plugrl_env_client.runner.rollout:log_timing_summary:98 - Intermediate rollout timing summary: env_steps=380331 infer_calls=95083 feedback_calls=95082 infer_wait=9080.583s infer_obs_pack=4.515s env_step=2845.153s feedback_total=20.094s feedback_obs_pack=6.428s feedback_info_pack=0.326s effective_fps=31.83
2026-09-27 15:50:47.093 | INFO     | plugrl_env_client.runner.rollout:log_timing_summary:98 - Intermediate rollout timing summary: env_steps=380344 infer_calls=95086 feedback_calls=95086 infer_wait=9047.194s infer_obs_pack=4.493s env_step=2878.194s feedback_total=19.935s feedback_obs_pack=6.400s feedback_info_pack=0.331s effective_fps=31.83
2026-09-27 15:51:17.097 | INFO     | plugrl_env_client.runner.rollout:log_timing_summary:98 - Intermediate rollout timing summary: env_steps=382661 infer_calls=95666 feedback_calls=95665 infer_wait=9092.409s infer_obs_pack=4.545s env_step=2863.091s feedback_total=20.212s feedback_obs_pack=6.467s feedback_info_pack=0.328s effective_fps=31.94
2026-09-27 15:51:17.101 | INFO     | plugrl_env_client.runner.rollout:log_timing_summary:98 - Intermediate rollout timing summary: env_steps=382673 infer_calls=95669 feedback_calls=95668 infer_wait=9059.254s infer_obs_pack=4.520s env_step=2895.898s feedback_total=20.051s feedback_obs_pack=6.438s feedback_info_pack=0.333s effective_fps=31.94
2026-09-27 15:51:17.108 | INFO     | plugrl_env_client.runner.rollout:log_timing_summary:98 - Intermediate rollout timing summary: env_steps=382661 infer_calls=95666 feedback_calls=95665 infer_wait=9088.847s infer_obs_pack=4.547s env_step=2866.749s feedback_total=20.065s feedback_obs_pack=6.471s feedback_info_pack=0.331s effective_fps=31.94
2026-09-27 15:51:47.099 | INFO     | plugrl_env_client.runner.rollout:log_timing_summary:98 - Intermediate rollout timing summary: env_steps=384969 infer_calls=96243 feedback_calls=96242 infer_wait=9104.334s infer_obs_pack=4.572s env_step=2880.929s feedback_total=20.328s feedback_obs_pack=6.506s feedback_info_pack=0.330s effective_fps=32.05
2026-09-27 15:51:47.104 | INFO     | plugrl_env_client.runner.rollout:log_timing_summary:98 - Intermediate rollout timing summary: env_steps=384982 infer_calls=96246 feedback_calls=96245 infer_wait=9071.694s infer_obs_pack=4.550s env_step=2913.207s feedback_total=20.175s feedback_obs_pack=6.482s feedback_info_pack=0.335s effective_fps=32.06
2026-09-27 15:51:47.110 | INFO     | plugrl_env_client.runner.rollout:log_timing_summary:98 - Intermediate rollout timing summary: env_steps=384971 infer_calls=96243 feedback_calls=96242 infer_wait=9101.008s infer_obs_pack=4.575s env_step=2884.348s feedback_total=20.183s feedback_obs_pack=6.509s feedback_info_pack=0.333s effective_fps=32.05
2026-09-27 15:52:17.106 | INFO     | plugrl_env_client.runner.rollout:log_timing_summary:98 - Intermediate rollout timing summary: env_steps=387360 infer_calls=96840 feedback_calls=96840 infer_wait=9083.918s infer_obs_pack=4.577s env_step=2930.741s feedback_total=20.293s feedback_obs_pack=6.521s feedback_info_pack=0.337s effective_fps=32.17
2026-09-27 15:52:17.137 | INFO     | plugrl_env_client.runner.rollout:log_timing_summary:98 - Intermediate rollout timing summary: env_steps=387349 infer_calls=96838 feedback_calls=96837 infer_wait=9116.441s infer_obs_pack=4.602s env_step=2898.612s feedback_total=20.451s feedback_obs_pack=6.548s feedback_info_pack=0.331s effective_fps=32.17
2026-09-27 15:52:17.138 | INFO     | plugrl_env_client.runner.rollout:log_timing_summary:98 - Intermediate rollout timing summary: env_steps=387349 infer_calls=96838 feedback_calls=96837 infer_wait=9112.726s infer_obs_pack=4.604s env_step=2902.409s feedback_total=20.307s feedback_obs_pack=6.549s feedback_info_pack=0.335s effective_fps=32.17
2026-09-27 15:52:47.136 | INFO     | plugrl_env_client.runner.rollout:log_timing_summary:98 - Intermediate rollout timing summary: env_steps=389857 infer_calls=97465 feedback_calls=97464 infer_wait=9095.480s infer_obs_pack=4.606s env_step=2948.945s feedback_total=20.429s feedback_obs_pack=6.562s feedback_info_pack=0.339s effective_fps=32.30
2026-09-27 15:52:47.138 | INFO     | plugrl_env_client.runner.rollout:log_timing_summary:98 - Intermediate rollout timing summary: env_steps=389845 infer_calls=97462 feedback_calls=97461 infer_wait=9124.596s infer_obs_pack=4.634s env_step=2920.274s feedback_total=20.445s feedback_obs_pack=6.589s feedback_info_pack=0.337s effective_fps=32.30
2026-09-27 15:52:47.141 | INFO     | plugrl_env_client.runner.rollout:log_timing_summary:98 - Intermediate rollout timing summary: env_steps=389845 infer_calls=97462 feedback_calls=97461 infer_wait=9127.564s infer_obs_pack=4.630s env_step=2917.229s feedback_total=20.587s feedback_obs_pack=6.588s feedback_info_pack=0.334s effective_fps=32.30
2026-09-27 15:53:17.141 | INFO     | plugrl_env_client.runner.rollout:log_timing_summary:98 - Intermediate rollout timing summary: env_steps=392392 infer_calls=98098 feedback_calls=98098 infer_wait=9135.888s infer_obs_pack=4.662s env_step=2938.710s feedback_total=20.590s feedback_obs_pack=6.630s feedback_info_pack=0.339s effective_fps=32.43
2026-09-27 15:53:17.145 | INFO     | plugrl_env_client.runner.rollout:log_timing_summary:98 - Intermediate rollout timing summary: env_steps=392392 infer_calls=98098 feedback_calls=98098 infer_wait=9138.699s infer_obs_pack=4.657s env_step=2935.822s feedback_total=20.733s feedback_obs_pack=6.629s feedback_info_pack=0.336s effective_fps=32.43
2026-09-27 15:53:17.162 | INFO     | plugrl_env_client.runner.rollout:log_timing_summary:98 - Intermediate rollout timing summary: env_steps=392405 infer_calls=98102 feedback_calls=98101 infer_wait=9106.720s infer_obs_pack=4.634s env_step=2967.448s feedback_total=20.580s feedback_obs_pack=6.602s feedback_info_pack=0.341s effective_fps=32.43
2026-09-27 15:53:47.143 | INFO     | plugrl_env_client.runner.rollout:log_timing_summary:98 - Intermediate rollout timing summary: env_steps=394911 infer_calls=98728 feedback_calls=98727 infer_wait=9147.903s infer_obs_pack=4.690s env_step=2956.420s feedback_total=20.740s feedback_obs_pack=6.670s feedback_info_pack=0.341s effective_fps=32.56
2026-09-27 15:53:47.149 | INFO     | plugrl_env_client.runner.rollout:log_timing_summary:98 - Intermediate rollout timing summary: env_steps=394912 infer_calls=98728 feedback_calls=98728 infer_wait=9149.859s infer_obs_pack=4.685s env_step=2954.385s feedback_total=20.880s feedback_obs_pack=6.670s feedback_info_pack=0.338s effective_fps=32.56
2026-09-27 15:53:47.179 | INFO     | plugrl_env_client.runner.rollout:log_timing_summary:98 - Intermediate rollout timing summary: env_steps=394925 infer_calls=98732 feedback_calls=98731 infer_wait=9117.610s infer_obs_pack=4.661s env_step=2986.287s feedback_total=20.730s feedback_obs_pack=6.643s feedback_info_pack=0.343s effective_fps=32.56
2026-09-27 15:54:17.158 | INFO     | plugrl_env_client.runner.rollout:log_timing_summary:98 - Intermediate rollout timing summary: env_steps=397421 infer_calls=99356 feedback_calls=99355 infer_wait=9161.102s infer_obs_pack=4.714s env_step=2972.878s feedback_total=21.023s feedback_obs_pack=6.710s feedback_info_pack=0.340s effective_fps=32.68
2026-09-27 15:54:17.159 | INFO     | plugrl_env_client.runner.rollout:log_timing_summary:98 - Intermediate rollout timing summary: env_steps=397421 infer_calls=99356 feedback_calls=99355 infer_wait=9159.339s infer_obs_pack=4.718s env_step=2974.723s feedback_total=20.889s feedback_obs_pack=6.711s feedback_info_pack=0.343s effective_fps=32.68
2026-09-27 15:54:17.187 | INFO     | plugrl_env_client.runner.rollout:log_timing_summary:98 - Intermediate rollout timing summary: env_steps=397436 infer_calls=99359 feedback_calls=99359 infer_wait=9128.738s infer_obs_pack=4.690s env_step=3004.878s feedback_total=20.884s feedback_obs_pack=6.689s feedback_info_pack=0.346s effective_fps=32.69
2026-09-27 15:54:47.175 | INFO     | plugrl_env_client.runner.rollout:log_timing_summary:98 - Intermediate rollout timing summary: env_steps=399773 infer_calls=99944 feedback_calls=99943 infer_wait=9173.276s infer_obs_pack=4.741s env_step=2990.474s feedback_total=21.145s feedback_obs_pack=6.751s feedback_info_pack=0.342s effective_fps=32.80
2026-09-27 15:54:47.175 | INFO     | plugrl_env_client.runner.rollout:log_timing_summary:98 - Intermediate rollout timing summary: env_steps=399773 infer_calls=99944 feedback_calls=99943 infer_wait=9171.511s infer_obs_pack=4.746s env_step=2992.329s feedback_total=21.008s feedback_obs_pack=6.750s feedback_info_pack=0.345s effective_fps=32.80
2026-09-27 15:54:47.191 | INFO     | plugrl_env_client.runner.rollout:log_timing_summary:98 - Intermediate rollout timing summary: env_steps=399786 infer_calls=99947 feedback_calls=99946 infer_wait=9140.696s infer_obs_pack=4.717s env_step=3022.680s feedback_total=21.003s feedback_obs_pack=6.727s feedback_info_pack=0.348s effective_fps=32.80
2026-09-27 16:02:48.353 | INFO     | plugrl_env_client.runner.rollout:log_timing_summary:98 - Intermediate rollout timing summary: env_steps=400001 infer_calls=100001 feedback_calls=100000 infer_wait=9652.686s infer_obs_pack=4.744s env_step=2992.215s feedback_total=21.156s feedback_obs_pack=6.755s feedback_info_pack=0.342s effective_fps=31.57
2026-09-27 16:02:48.358 | INFO     | plugrl_env_client.runner.rollout:log_timing_summary:98 - Intermediate rollout timing summary: env_steps=400001 infer_calls=100001 feedback_calls=100000 infer_wait=9650.910s infer_obs_pack=4.748s env_step=2994.089s feedback_total=21.018s feedback_obs_pack=6.753s feedback_info_pack=0.345s effective_fps=31.57
2026-09-27 16:02:48.359 | INFO     | plugrl_env_client.runner.rollout:log_timing_summary:98 - Intermediate rollout timing summary: env_steps=400013 infer_calls=100004 feedback_calls=100003 infer_wait=9620.112s infer_obs_pack=4.720s env_step=3024.406s feedback_total=21.016s feedback_obs_pack=6.733s feedback_info_pack=0.348s effective_fps=31.57
2026-09-27 16:03:18.354 | INFO     | plugrl_env_client.runner.rollout:log_timing_summary:98 - Intermediate rollout timing summary: env_steps=402376 infer_calls=100594 feedback_calls=100594 infer_wait=9664.710s infer_obs_pack=4.771s env_step=3009.932s feedback_total=21.293s feedback_obs_pack=6.797s feedback_info_pack=0.344s effective_fps=31.68
2026-09-27 16:03:18.359 | INFO     | plugrl_env_client.runner.rollout:log_timing_summary:98 - Intermediate rollout timing summary: env_steps=402388 infer_calls=100597 feedback_calls=100597 infer_wait=9631.623s infer_obs_pack=4.747s env_step=3042.625s feedback_total=21.157s feedback_obs_pack=6.773s feedback_info_pack=0.350s effective_fps=31.68
2026-09-27 16:03:18.378 | INFO     | plugrl_env_client.runner.rollout:log_timing_summary:98 - Intermediate rollout timing summary: env_steps=402377 infer_calls=100595 feedback_calls=100594 infer_wait=9662.180s infer_obs_pack=4.775s env_step=3012.575s feedback_total=21.159s feedback_obs_pack=6.793s feedback_info_pack=0.348s effective_fps=31.68
2026-09-27 16:03:48.359 | INFO     | plugrl_env_client.runner.rollout:log_timing_summary:98 - Intermediate rollout timing summary: env_steps=404799 infer_calls=101200 feedback_calls=101199 infer_wait=9676.363s infer_obs_pack=4.798s env_step=3028.020s feedback_total=21.430s feedback_obs_pack=6.839s feedback_info_pack=0.346s effective_fps=31.80
2026-09-27 16:03:48.396 | INFO     | plugrl_env_client.runner.rollout:log_timing_summary:98 - Intermediate rollout timing summary: env_steps=404813 infer_calls=101204 feedback_calls=101203 infer_wait=9643.134s infer_obs_pack=4.776s env_step=3060.884s feedback_total=21.293s feedback_obs_pack=6.813s feedback_info_pack=0.352s effective_fps=31.80
2026-09-27 16:03:48.397 | INFO     | plugrl_env_client.runner.rollout:log_timing_summary:98 - Intermediate rollout timing summary: env_steps=404801 infer_calls=101201 feedback_calls=101200 infer_wait=9673.781s infer_obs_pack=4.803s env_step=3030.728s feedback_total=21.291s feedback_obs_pack=6.834s feedback_info_pack=0.350s effective_fps=31.80
2026-09-27 16:04:18.381 | INFO     | plugrl_env_client.runner.rollout:log_timing_summary:98 - Intermediate rollout timing summary: env_steps=407133 infer_calls=101784 feedback_calls=101783 infer_wait=9688.227s infer_obs_pack=4.826s env_step=3045.923s feedback_total=21.563s feedback_obs_pack=6.881s feedback_info_pack=0.348s effective_fps=31.91
2026-09-27 16:04:18.398 | INFO     | plugrl_env_client.runner.rollout:log_timing_summary:98 - Intermediate rollout timing summary: env_steps=407147 infer_calls=101787 feedback_calls=101786 infer_wait=9654.846s infer_obs_pack=4.804s env_step=3078.919s feedback_total=21.419s feedback_obs_pack=6.852s feedback_info_pack=0.354s effective_fps=31.91
2026-09-27 16:04:18.400 | INFO     | plugrl_env_client.runner.rollout:log_timing_summary:98 - Intermediate rollout timing summary: env_steps=407135 infer_calls=101784 feedback_calls=101783 infer_wait=9685.683s infer_obs_pack=4.836s env_step=3048.573s feedback_total=21.422s feedback_obs_pack=6.873s feedback_info_pack=0.353s effective_fps=31.91
2026-09-27 16:04:48.387 | INFO     | plugrl_env_client.runner.rollout:log_timing_summary:98 - Intermediate rollout timing summary: env_steps=409403 infer_calls=102351 feedback_calls=102350 infer_wait=9700.449s infer_obs_pack=4.853s env_step=3063.472s feedback_total=21.677s feedback_obs_pack=6.920s feedback_info_pack=0.350s effective_fps=32.01
2026-09-27 16:04:48.429 | INFO     | plugrl_env_client.runner.rollout:log_timing_summary:98 - Intermediate rollout timing summary: env_steps=409417 infer_calls=102355 feedback_calls=102354 infer_wait=9667.173s infer_obs_pack=4.832s env_step=3096.380s feedback_total=21.536s feedback_obs_pack=6.891s feedback_info_pack=0.356s effective_fps=32.01
2026-09-27 16:04:48.430 | INFO     | plugrl_env_client.runner.rollout:log_timing_summary:98 - Intermediate rollout timing summary: env_steps=409405 infer_calls=102352 feedback_calls=102351 infer_wait=9698.144s infer_obs_pack=4.864s env_step=3065.903s feedback_total=21.538s feedback_obs_pack=6.911s feedback_info_pack=0.355s effective_fps=32.01
2026-09-27 16:05:18.387 | INFO     | plugrl_env_client.runner.rollout:log_timing_summary:98 - Intermediate rollout timing summary: env_steps=411690 infer_calls=102923 feedback_calls=102922 infer_wait=9712.859s infer_obs_pack=4.880s env_step=3080.813s feedback_total=21.802s feedback_obs_pack=6.961s feedback_info_pack=0.352s effective_fps=32.11
2026-09-27 16:05:18.432 | INFO     | plugrl_env_client.runner.rollout:log_timing_summary:98 - Intermediate rollout timing summary: env_steps=411693 infer_calls=102924 feedback_calls=102923 infer_wait=9710.617s infer_obs_pack=4.892s env_step=3083.196s feedback_total=21.654s feedback_obs_pack=6.951s feedback_info_pack=0.357s effective_fps=32.11
2026-09-27 16:05:18.434 | INFO     | plugrl_env_client.runner.rollout:log_timing_summary:98 - Intermediate rollout timing summary: env_steps=411706 infer_calls=102927 feedback_calls=102926 infer_wait=9679.538s infer_obs_pack=4.859s env_step=3113.786s feedback_total=21.648s feedback_obs_pack=6.929s feedback_info_pack=0.358s effective_fps=32.11
2026-09-27 16:05:48.395 | INFO     | plugrl_env_client.runner.rollout:log_timing_summary:98 - Intermediate rollout timing summary: env_steps=413996 infer_calls=103499 feedback_calls=103499 infer_wait=9725.259s infer_obs_pack=4.910s env_step=3098.178s feedback_total=21.924s feedback_obs_pack=7.002s feedback_info_pack=0.354s effective_fps=32.22
2026-09-27 16:05:48.436 | INFO     | plugrl_env_client.runner.rollout:log_timing_summary:98 - Intermediate rollout timing summary: env_steps=414011 infer_calls=103503 feedback_calls=103502 infer_wait=9691.506s infer_obs_pack=4.891s env_step=3131.564s feedback_total=21.771s feedback_obs_pack=6.975s feedback_info_pack=0.360s effective_fps=32.22
2026-09-27 16:05:48.437 | INFO     | plugrl_env_client.runner.rollout:log_timing_summary:98 - Intermediate rollout timing summary: env_steps=413999 infer_calls=103500 feedback_calls=103499 infer_wait=9723.107s infer_obs_pack=4.920s env_step=3100.470s feedback_total=21.774s feedback_obs_pack=6.995s feedback_info_pack=0.359s effective_fps=32.22
2026-09-27 16:06:18.396 | INFO     | plugrl_env_client.runner.rollout:log_timing_summary:98 - Intermediate rollout timing summary: env_steps=416320 infer_calls=104080 feedback_calls=104080 infer_wait=9737.783s infer_obs_pack=4.937s env_step=3115.411s feedback_total=22.039s feedback_obs_pack=7.042s feedback_info_pack=0.356s effective_fps=32.32
2026-09-27 16:06:18.439 | INFO     | plugrl_env_client.runner.rollout:log_timing_summary:98 - Intermediate rollout timing summary: env_steps=416336 infer_calls=104084 feedback_calls=104084 infer_wait=9703.626s infer_obs_pack=4.918s env_step=3149.211s feedback_total=21.884s feedback_obs_pack=7.013s feedback_info_pack=0.362s effective_fps=32.33
2026-09-27 16:06:18.440 | INFO     | plugrl_env_client.runner.rollout:log_timing_summary:98 - Intermediate rollout timing summary: env_steps=416324 infer_calls=104081 feedback_calls=104081 infer_wait=9735.917s infer_obs_pack=4.946s env_step=3117.426s feedback_total=21.889s feedback_obs_pack=7.032s feedback_info_pack=0.361s effective_fps=32.32
2026-09-27 16:06:48.431 | INFO     | plugrl_env_client.runner.rollout:log_timing_summary:98 - Intermediate rollout timing summary: env_steps=418637 infer_calls=104660 feedback_calls=104659 infer_wait=9750.342s infer_obs_pack=4.967s env_step=3132.642s feedback_total=22.160s feedback_obs_pack=7.081s feedback_info_pack=0.358s effective_fps=32.43
2026-09-27 16:06:48.440 | INFO     | plugrl_env_client.runner.rollout:log_timing_summary:98 - Intermediate rollout timing summary: env_steps=418638 infer_calls=104660 feedback_calls=104659 infer_wait=9748.101s infer_obs_pack=4.977s env_step=3134.991s feedback_total=22.012s feedback_obs_pack=7.075s feedback_info_pack=0.363s effective_fps=32.43
2026-09-27 16:06:48.441 | INFO     | plugrl_env_client.runner.rollout:log_timing_summary:98 - Intermediate rollout timing summary: env_steps=418650 infer_calls=104663 feedback_calls=104662 infer_wait=9715.227s infer_obs_pack=4.946s env_step=3167.366s feedback_total=22.002s feedback_obs_pack=7.053s feedback_info_pack=0.364s effective_fps=32.43
2026-09-27 16:07:18.436 | INFO     | plugrl_env_client.runner.rollout:log_timing_summary:98 - Intermediate rollout timing summary: env_steps=420998 infer_calls=105250 feedback_calls=105249 infer_wait=9762.454s infer_obs_pack=4.995s env_step=3150.289s feedback_total=22.283s feedback_obs_pack=7.120s feedback_info_pack=0.360s effective_fps=32.53
2026-09-27 16:07:18.443 | INFO     | plugrl_env_client.runner.rollout:log_timing_summary:98 - Intermediate rollout timing summary: env_steps=420998 infer_calls=105250 feedback_calls=105249 infer_wait=9760.203s infer_obs_pack=5.005s env_step=3152.633s feedback_total=22.145s feedback_obs_pack=7.114s feedback_info_pack=0.365s effective_fps=32.53
2026-09-27 16:07:18.449 | INFO     | plugrl_env_client.runner.rollout:log_timing_summary:98 - Intermediate rollout timing summary: env_steps=421011 infer_calls=105253 feedback_calls=105252 infer_wait=9727.004s infer_obs_pack=4.974s env_step=3185.335s feedback_total=22.132s feedback_obs_pack=7.095s feedback_info_pack=0.366s effective_fps=32.54
2026-09-27 16:07:48.440 | INFO     | plugrl_env_client.runner.rollout:log_timing_summary:98 - Intermediate rollout timing summary: env_steps=423377 infer_calls=105845 feedback_calls=105844 infer_wait=9774.213s infer_obs_pack=5.022s env_step=3168.271s feedback_total=22.421s feedback_obs_pack=7.160s feedback_info_pack=0.362s effective_fps=32.64
2026-09-27 16:07:48.443 | INFO     | plugrl_env_client.runner.rollout:log_timing_summary:98 - Intermediate rollout timing summary: env_steps=423378 infer_calls=105845 feedback_calls=105844 infer_wait=9771.951s infer_obs_pack=5.033s env_step=3170.619s feedback_total=22.287s feedback_obs_pack=7.154s feedback_info_pack=0.368s effective_fps=32.64
2026-09-27 16:07:48.450 | INFO     | plugrl_env_client.runner.rollout:log_timing_summary:98 - Intermediate rollout timing summary: env_steps=423391 infer_calls=105848 feedback_calls=105847 infer_wait=9738.319s infer_obs_pack=5.002s env_step=3203.753s feedback_total=22.271s feedback_obs_pack=7.135s feedback_info_pack=0.368s effective_fps=32.65
2026-09-27 16:08:18.445 | INFO     | plugrl_env_client.runner.rollout:log_timing_summary:98 - Intermediate rollout timing summary: env_steps=425713 infer_calls=106429 feedback_calls=106428 infer_wait=9785.797s infer_obs_pack=5.049s env_step=3186.422s feedback_total=22.565s feedback_obs_pack=7.203s feedback_info_pack=0.364s effective_fps=32.75
2026-09-27 16:08:18.449 | INFO     | plugrl_env_client.runner.rollout:log_timing_summary:98 - Intermediate rollout timing summary: env_steps=425714 infer_calls=106429 feedback_calls=106428 infer_wait=9784.282s infer_obs_pack=5.059s env_step=3188.029s feedback_total=22.424s feedback_obs_pack=7.195s feedback_info_pack=0.370s effective_fps=32.75
2026-09-27 16:08:18.456 | INFO     | plugrl_env_client.runner.rollout:log_timing_summary:98 - Intermediate rollout timing summary: env_steps=425726 infer_calls=106432 feedback_calls=106431 infer_wait=9749.511s infer_obs_pack=5.032s env_step=3222.300s feedback_total=22.409s feedback_obs_pack=7.174s feedback_info_pack=0.372s effective_fps=32.75
2026-09-27 16:16:36.295 | INFO     | plugrl_env_client.runner.rollout:log_timing_summary:98 - Intermediate rollout timing summary: env_steps=426677 infer_calls=106670 feedback_calls=106669 infer_wait=10239.803s infer_obs_pack=5.043s env_step=3229.737s feedback_total=22.467s feedback_obs_pack=7.191s feedback_info_pack=0.372s effective_fps=31.61
2026-09-27 16:16:36.296 | INFO     | plugrl_env_client.runner.rollout:log_timing_summary:98 - Intermediate rollout timing summary: env_steps=426665 infer_calls=106667 feedback_calls=106666 infer_wait=10276.268s infer_obs_pack=5.060s env_step=3193.698s feedback_total=22.619s feedback_obs_pack=7.219s feedback_info_pack=0.364s effective_fps=31.61
2026-09-27 16:16:36.297 | INFO     | plugrl_env_client.runner.rollout:log_timing_summary:98 - Intermediate rollout timing summary: env_steps=426665 infer_calls=106667 feedback_calls=106666 infer_wait=10274.902s infer_obs_pack=5.070s env_step=3195.150s feedback_total=22.480s feedback_obs_pack=7.211s feedback_info_pack=0.370s effective_fps=31.61
2026-09-27 16:17:06.296 | INFO     | plugrl_env_client.runner.rollout:log_timing_summary:98 - Intermediate rollout timing summary: env_steps=429029 infer_calls=107258 feedback_calls=107257 infer_wait=10251.754s infer_obs_pack=5.071s env_step=3247.532s feedback_total=22.593s feedback_obs_pack=7.230s feedback_info_pack=0.375s effective_fps=31.72
2026-09-27 16:17:06.306 | INFO     | plugrl_env_client.runner.rollout:log_timing_summary:98 - Intermediate rollout timing summary: env_steps=429017 infer_calls=107255 feedback_calls=107254 infer_wait=10288.554s infer_obs_pack=5.087s env_step=3211.173s feedback_total=22.747s feedback_obs_pack=7.258s feedback_info_pack=0.366s effective_fps=31.71
2026-09-27 16:17:06.309 | INFO     | plugrl_env_client.runner.rollout:log_timing_summary:98 - Intermediate rollout timing summary: env_steps=429017 infer_calls=107255 feedback_calls=107254 infer_wait=10286.990s infer_obs_pack=5.099s env_step=3212.832s feedback_total=22.599s feedback_obs_pack=7.250s feedback_info_pack=0.372s effective_fps=31.71
2026-09-27 16:17:36.299 | INFO     | plugrl_env_client.runner.rollout:log_timing_summary:98 - Intermediate rollout timing summary: env_steps=431455 infer_calls=107864 feedback_calls=107863 infer_wait=10263.357s infer_obs_pack=5.098s env_step=3265.671s feedback_total=22.723s feedback_obs_pack=7.269s feedback_info_pack=0.377s effective_fps=31.83
2026-09-27 16:17:36.335 | INFO     | plugrl_env_client.runner.rollout:log_timing_summary:98 - Intermediate rollout timing summary: env_steps=431445 infer_calls=107862 feedback_calls=107861 infer_wait=10300.583s infer_obs_pack=5.115s env_step=3228.911s feedback_total=22.883s feedback_obs_pack=7.298s feedback_info_pack=0.369s effective_fps=31.82
2026-09-27 16:17:36.335 | INFO     | plugrl_env_client.runner.rollout:log_timing_summary:98 - Intermediate rollout timing summary: env_steps=431445 infer_calls=107862 feedback_calls=107861 infer_wait=10298.874s infer_obs_pack=5.128s env_step=3230.708s feedback_total=22.735s feedback_obs_pack=7.290s feedback_info_pack=0.375s effective_fps=31.82
2026-09-27 16:18:06.305 | INFO     | plugrl_env_client.runner.rollout:log_timing_summary:98 - Intermediate rollout timing summary: env_steps=433907 infer_calls=108477 feedback_calls=108476 infer_wait=10275.073s infer_obs_pack=5.126s env_step=3283.697s feedback_total=22.856s feedback_obs_pack=7.310s feedback_info_pack=0.379s effective_fps=31.94
2026-09-27 16:18:06.340 | INFO     | plugrl_env_client.runner.rollout:log_timing_summary:98 - Intermediate rollout timing summary: env_steps=433897 infer_calls=108475 feedback_calls=108474 infer_wait=10311.326s infer_obs_pack=5.159s env_step=3247.988s feedback_total=22.874s feedback_obs_pack=7.332s feedback_info_pack=0.377s effective_fps=31.93
2026-09-27 16:18:06.344 | INFO     | plugrl_env_client.runner.rollout:log_timing_summary:98 - Intermediate rollout timing summary: env_steps=433897 infer_calls=108475 feedback_calls=108474 infer_wait=10312.213s infer_obs_pack=5.144s env_step=3247.026s feedback_total=23.015s feedback_obs_pack=7.340s feedback_info_pack=0.371s effective_fps=31.93
2026-09-27 16:18:36.319 | INFO     | plugrl_env_client.runner.rollout:log_timing_summary:98 - Intermediate rollout timing summary: env_steps=436337 infer_calls=109085 feedback_calls=109084 infer_wait=10286.997s infer_obs_pack=5.154s env_step=3301.529s feedback_total=22.982s feedback_obs_pack=7.350s feedback_info_pack=0.381s effective_fps=32.04
2026-09-27 16:18:36.368 | INFO     | plugrl_env_client.runner.rollout:log_timing_summary:98 - Intermediate rollout timing summary: env_steps=436329 infer_calls=109083 feedback_calls=109082 infer_wait=10324.279s infer_obs_pack=5.172s env_step=3264.720s feedback_total=23.152s feedback_obs_pack=7.380s feedback_info_pack=0.373s effective_fps=32.04
2026-09-27 16:18:36.372 | INFO     | plugrl_env_client.runner.rollout:log_timing_summary:98 - Intermediate rollout timing summary: env_steps=436329 infer_calls=109083 feedback_calls=109082 infer_wait=10323.253s infer_obs_pack=5.186s env_step=3265.841s feedback_total=23.002s feedback_obs_pack=7.371s feedback_info_pack=0.379s effective_fps=32.04
2026-09-27 16:19:06.327 | INFO     | plugrl_env_client.runner.rollout:log_timing_summary:98 - Intermediate rollout timing summary: env_steps=438736 infer_calls=109684 feedback_calls=109684 infer_wait=10298.815s infer_obs_pack=5.181s env_step=3319.463s feedback_total=23.111s feedback_obs_pack=7.390s feedback_info_pack=0.383s effective_fps=32.15
2026-09-27 16:19:06.374 | INFO     | plugrl_env_client.runner.rollout:log_timing_summary:98 - Intermediate rollout timing summary: env_steps=438728 infer_calls=109682 feedback_calls=109682 infer_wait=10335.419s infer_obs_pack=5.214s env_step=3283.409s feedback_total=23.133s feedback_obs_pack=7.415s feedback_info_pack=0.381s effective_fps=32.15
2026-09-27 16:19:06.376 | INFO     | plugrl_env_client.runner.rollout:log_timing_summary:98 - Intermediate rollout timing summary: env_steps=438728 infer_calls=109682 feedback_calls=109682 infer_wait=10336.146s infer_obs_pack=5.202s env_step=3282.600s feedback_total=23.281s feedback_obs_pack=7.421s feedback_info_pack=0.375s effective_fps=32.15
2026-09-27 16:19:36.335 | INFO     | plugrl_env_client.runner.rollout:log_timing_summary:98 - Intermediate rollout timing summary: env_steps=441069 infer_calls=110268 feedback_calls=110267 infer_wait=10311.020s infer_obs_pack=5.208s env_step=3337.025s feedback_total=23.226s feedback_obs_pack=7.429s feedback_info_pack=0.385s effective_fps=32.25
2026-09-27 16:19:36.390 | INFO     | plugrl_env_client.runner.rollout:log_timing_summary:98 - Intermediate rollout timing summary: env_steps=441061 infer_calls=110266 feedback_calls=110265 infer_wait=10347.393s infer_obs_pack=5.245s env_step=3301.194s feedback_total=23.258s feedback_obs_pack=7.457s feedback_info_pack=0.383s effective_fps=32.25
2026-09-27 16:19:36.393 | INFO     | plugrl_env_client.runner.rollout:log_timing_summary:98 - Intermediate rollout timing summary: env_steps=441061 infer_calls=110266 feedback_calls=110265 infer_wait=10348.844s infer_obs_pack=5.229s env_step=3299.669s feedback_total=23.405s feedback_obs_pack=7.465s feedback_info_pack=0.377s effective_fps=32.25
2026-09-27 16:20:06.337 | INFO     | plugrl_env_client.runner.rollout:log_timing_summary:98 - Intermediate rollout timing summary: env_steps=443331 infer_calls=110833 feedback_calls=110832 infer_wait=10323.508s infer_obs_pack=5.238s env_step=3354.294s feedback_total=23.339s feedback_obs_pack=7.469s feedback_info_pack=0.387s effective_fps=32.34
2026-09-27 16:20:06.390 | INFO     | plugrl_env_client.runner.rollout:log_timing_summary:98 - Intermediate rollout timing summary: env_steps=443324 infer_calls=110831 feedback_calls=110831 infer_wait=10359.947s infer_obs_pack=5.272s env_step=3318.403s feedback_total=23.374s feedback_obs_pack=7.496s feedback_info_pack=0.385s effective_fps=32.34
2026-09-27 16:20:06.394 | INFO     | plugrl_env_client.runner.rollout:log_timing_summary:98 - Intermediate rollout timing summary: env_steps=443324 infer_calls=110831 feedback_calls=110831 infer_wait=10361.579s infer_obs_pack=5.255s env_step=3316.703s feedback_total=23.519s feedback_obs_pack=7.506s feedback_info_pack=0.379s effective_fps=32.34
2026-09-27 16:20:36.380 | INFO     | plugrl_env_client.runner.rollout:log_timing_summary:98 - Intermediate rollout timing summary: env_steps=445613 infer_calls=111404 feedback_calls=111403 infer_wait=10335.551s infer_obs_pack=5.266s env_step=3372.058s feedback_total=23.453s feedback_obs_pack=7.507s feedback_info_pack=0.389s effective_fps=32.44
2026-09-27 16:20:36.395 | INFO     | plugrl_env_client.runner.rollout:log_timing_summary:98 - Intermediate rollout timing summary: env_steps=445604 infer_calls=111401 feedback_calls=111401 infer_wait=10372.234s infer_obs_pack=5.301s env_step=3335.879s feedback_total=23.495s feedback_obs_pack=7.538s feedback_info_pack=0.387s effective_fps=32.44
2026-09-27 16:20:36.397 | INFO     | plugrl_env_client.runner.rollout:log_timing_summary:98 - Intermediate rollout timing summary: env_steps=445604 infer_calls=111401 feedback_calls=111401 infer_wait=10373.695s infer_obs_pack=5.285s env_step=3334.347s feedback_total=23.635s feedback_obs_pack=7.545s feedback_info_pack=0.381s effective_fps=32.44
2026-09-27 16:21:06.381 | INFO     | plugrl_env_client.runner.rollout:log_timing_summary:98 - Intermediate rollout timing summary: env_steps=447931 infer_calls=111983 feedback_calls=111982 infer_wait=10347.680s infer_obs_pack=5.294s env_step=3389.687s feedback_total=23.570s feedback_obs_pack=7.545s feedback_info_pack=0.391s effective_fps=32.54
2026-09-27 16:21:06.424 | INFO     | plugrl_env_client.runner.rollout:log_timing_summary:98 - Intermediate rollout timing summary: env_steps=447921 infer_calls=111981 feedback_calls=111980 infer_wait=10384.400s infer_obs_pack=5.328s env_step=3353.507s feedback_total=23.610s feedback_obs_pack=7.577s feedback_info_pack=0.389s effective_fps=32.54
2026-09-27 16:21:06.424 | INFO     | plugrl_env_client.runner.rollout:log_timing_summary:98 - Intermediate rollout timing summary: env_steps=447921 infer_calls=111981 feedback_calls=111980 infer_wait=10385.535s infer_obs_pack=5.314s env_step=3352.298s feedback_total=23.752s feedback_obs_pack=7.585s feedback_info_pack=0.383s effective_fps=32.54
2026-09-27 16:21:36.387 | INFO     | plugrl_env_client.runner.rollout:log_timing_summary:98 - Intermediate rollout timing summary: env_steps=450259 infer_calls=112565 feedback_calls=112564 infer_wait=10359.942s infer_obs_pack=5.324s env_step=3407.170s feedback_total=23.694s feedback_obs_pack=7.588s feedback_info_pack=0.393s effective_fps=32.64
2026-09-27 16:21:36.425 | INFO     | plugrl_env_client.runner.rollout:log_timing_summary:98 - Intermediate rollout timing summary: env_steps=450250 infer_calls=112563 feedback_calls=112562 infer_wait=10398.051s infer_obs_pack=5.342s env_step=3369.534s feedback_total=23.879s feedback_obs_pack=7.627s feedback_info_pack=0.384s effective_fps=32.63
2026-09-27 16:21:36.426 | INFO     | plugrl_env_client.runner.rollout:log_timing_summary:98 - Intermediate rollout timing summary: env_steps=450249 infer_calls=112563 feedback_calls=112562 infer_wait=10396.954s infer_obs_pack=5.356s env_step=3370.705s feedback_total=23.735s feedback_obs_pack=7.618s feedback_info_pack=0.393s effective_fps=32.63
2026-09-27 16:22:06.392 | INFO     | plugrl_env_client.runner.rollout:log_timing_summary:98 - Intermediate rollout timing summary: env_steps=452610 infer_calls=113153 feedback_calls=113152 infer_wait=10371.897s infer_obs_pack=5.352s env_step=3424.970s feedback_total=23.818s feedback_obs_pack=7.628s feedback_info_pack=0.395s effective_fps=32.74
2026-09-27 16:22:06.434 | INFO     | plugrl_env_client.runner.rollout:log_timing_summary:98 - Intermediate rollout timing summary: env_steps=452601 infer_calls=113151 feedback_calls=113150 infer_wait=10409.030s infer_obs_pack=5.387s env_step=3388.382s feedback_total=23.864s feedback_obs_pack=7.662s feedback_info_pack=0.395s effective_fps=32.73
2026-09-27 16:22:06.434 | INFO     | plugrl_env_client.runner.rollout:log_timing_summary:98 - Intermediate rollout timing summary: env_steps=452601 infer_calls=113151 feedback_calls=113150 infer_wait=10410.254s infer_obs_pack=5.370s env_step=3387.088s feedback_total=24.008s feedback_obs_pack=7.667s feedback_info_pack=0.387s effective_fps=32.73
2026-09-27 16:30:20.671 | INFO     | plugrl_env_client.runner.rollout:log_timing_summary:98 - Intermediate rollout timing summary: env_steps=453345 infer_calls=113337 feedback_calls=113336 infer_wait=10860.750s infer_obs_pack=5.360s env_step=3430.316s feedback_total=23.858s feedback_obs_pack=7.640s feedback_info_pack=0.396s effective_fps=31.66
2026-09-27 16:30:20.671 | INFO     | plugrl_env_client.runner.rollout:log_timing_summary:98 - Intermediate rollout timing summary: env_steps=453333 infer_calls=113334 feedback_calls=113333 infer_wait=10898.858s infer_obs_pack=5.378s env_step=3392.644s feedback_total=24.046s feedback_obs_pack=7.679s feedback_info_pack=0.387s effective_fps=31.66
2026-09-27 16:30:20.673 | INFO     | plugrl_env_client.runner.rollout:log_timing_summary:98 - Intermediate rollout timing summary: env_steps=453333 infer_calls=113334 feedback_calls=113333 infer_wait=10897.510s infer_obs_pack=5.397s env_step=3394.057s feedback_total=23.903s feedback_obs_pack=7.674s feedback_info_pack=0.395s effective_fps=31.66
2026-09-27 16:30:50.673 | INFO     | plugrl_env_client.runner.rollout:log_timing_summary:98 - Intermediate rollout timing summary: env_steps=455682 infer_calls=113921 feedback_calls=113920 infer_wait=10911.047s infer_obs_pack=5.405s env_step=3410.213s feedback_total=24.167s feedback_obs_pack=7.718s feedback_info_pack=0.389s effective_fps=31.75
2026-09-27 16:30:50.674 | INFO     | plugrl_env_client.runner.rollout:log_timing_summary:98 - Intermediate rollout timing summary: env_steps=455682 infer_calls=113921 feedback_calls=113920 infer_wait=10909.698s infer_obs_pack=5.425s env_step=3411.629s feedback_total=24.024s feedback_obs_pack=7.713s feedback_info_pack=0.397s effective_fps=31.75
2026-09-27 16:30:50.680 | INFO     | plugrl_env_client.runner.rollout:log_timing_summary:98 - Intermediate rollout timing summary: env_steps=455695 infer_calls=113924 feedback_calls=113923 infer_wait=10872.229s infer_obs_pack=5.388s env_step=3448.596s feedback_total=23.982s feedback_obs_pack=7.678s feedback_info_pack=0.398s effective_fps=31.76
2026-09-27 16:31:20.674 | INFO     | plugrl_env_client.runner.rollout:log_timing_summary:98 - Intermediate rollout timing summary: env_steps=458012 infer_calls=114503 feedback_calls=114503 infer_wait=10923.315s infer_obs_pack=5.432s env_step=3427.711s feedback_total=24.285s feedback_obs_pack=7.756s feedback_info_pack=0.391s effective_fps=31.85
2026-09-27 16:31:20.680 | INFO     | plugrl_env_client.runner.rollout:log_timing_summary:98 - Intermediate rollout timing summary: env_steps=458012 infer_calls=114503 feedback_calls=114503 infer_wait=10921.945s infer_obs_pack=5.452s env_step=3429.143s feedback_total=24.143s feedback_obs_pack=7.751s feedback_info_pack=0.399s effective_fps=31.85
2026-09-27 16:31:20.701 | INFO     | plugrl_env_client.runner.rollout:log_timing_summary:98 - Intermediate rollout timing summary: env_steps=458025 infer_calls=114507 feedback_calls=114506 infer_wait=10884.327s infer_obs_pack=5.416s env_step=3466.272s feedback_total=24.103s feedback_obs_pack=7.720s feedback_info_pack=0.400s effective_fps=31.85
2026-09-27 16:31:50.682 | INFO     | plugrl_env_client.runner.rollout:log_timing_summary:98 - Intermediate rollout timing summary: env_steps=460333 infer_calls=115084 feedback_calls=115083 infer_wait=10934.495s infer_obs_pack=5.479s env_step=3446.358s feedback_total=24.263s feedback_obs_pack=7.791s feedback_info_pack=0.401s effective_fps=31.94
2026-09-27 16:31:50.685 | INFO     | plugrl_env_client.runner.rollout:log_timing_summary:98 - Intermediate rollout timing summary: env_steps=460333 infer_calls=115084 feedback_calls=115083 infer_wait=10935.008s infer_obs_pack=5.459s env_step=3445.788s feedback_total=24.404s feedback_obs_pack=7.795s feedback_info_pack=0.393s effective_fps=31.94
2026-09-27 16:31:50.701 | INFO     | plugrl_env_client.runner.rollout:log_timing_summary:98 - Intermediate rollout timing summary: env_steps=460348 infer_calls=115087 feedback_calls=115087 infer_wait=10896.425s infer_obs_pack=5.443s env_step=3483.930s feedback_total=24.228s feedback_obs_pack=7.762s feedback_info_pack=0.402s effective_fps=31.95
2026-09-27 16:32:20.690 | INFO     | plugrl_env_client.runner.rollout:log_timing_summary:98 - Intermediate rollout timing summary: env_steps=462796 infer_calls=115699 feedback_calls=115699 infer_wait=10946.646s infer_obs_pack=5.488s env_step=3463.896s feedback_total=24.537s feedback_obs_pack=7.835s feedback_info_pack=0.395s effective_fps=32.05
2026-09-27 16:32:20.708 | INFO     | plugrl_env_client.runner.rollout:log_timing_summary:98 - Intermediate rollout timing summary: env_steps=462797 infer_calls=115700 feedback_calls=115699 infer_wait=10946.472s infer_obs_pack=5.506s env_step=3464.148s feedback_total=24.395s feedback_obs_pack=7.832s feedback_info_pack=0.403s effective_fps=32.05
2026-09-27 16:32:20.712 | INFO     | plugrl_env_client.runner.rollout:log_timing_summary:98 - Intermediate rollout timing summary: env_steps=462809 infer_calls=115703 feedback_calls=115702 infer_wait=10907.910s infer_obs_pack=5.471s env_step=3502.189s feedback_total=24.358s feedback_obs_pack=7.802s feedback_info_pack=0.405s effective_fps=32.05
2026-09-27 16:32:50.712 | INFO     | plugrl_env_client.runner.rollout:log_timing_summary:98 - Intermediate rollout timing summary: env_steps=465297 infer_calls=116325 feedback_calls=116324 infer_wait=10958.415s infer_obs_pack=5.534s env_step=3481.937s feedback_total=24.534s feedback_obs_pack=7.874s feedback_info_pack=0.406s effective_fps=32.16
2026-09-27 16:32:50.715 | INFO     | plugrl_env_client.runner.rollout:log_timing_summary:98 - Intermediate rollout timing summary: env_steps=465297 infer_calls=116325 feedback_calls=116324 infer_wait=10958.163s infer_obs_pack=5.518s env_step=3482.130s feedback_total=24.674s feedback_obs_pack=7.876s feedback_info_pack=0.397s effective_fps=32.15
2026-09-27 16:32:50.721 | INFO     | plugrl_env_client.runner.rollout:log_timing_summary:98 - Intermediate rollout timing summary: env_steps=465309 infer_calls=116328 feedback_calls=116327 infer_wait=10919.347s infer_obs_pack=5.499s env_step=3520.494s feedback_total=24.497s feedback_obs_pack=7.845s feedback_info_pack=0.407s effective_fps=32.16
2026-09-27 16:33:20.713 | INFO     | plugrl_env_client.runner.rollout:log_timing_summary:98 - Intermediate rollout timing summary: env_steps=467797 infer_calls=116950 feedback_calls=116949 infer_wait=10970.352s infer_obs_pack=5.562s env_step=3499.741s feedback_total=24.668s feedback_obs_pack=7.918s feedback_info_pack=0.408s effective_fps=32.26
2026-09-27 16:33:20.721 | INFO     | plugrl_env_client.runner.rollout:log_timing_summary:98 - Intermediate rollout timing summary: env_steps=467799 infer_calls=116950 feedback_calls=116949 infer_wait=10969.773s infer_obs_pack=5.548s env_step=3500.260s feedback_total=24.810s feedback_obs_pack=7.916s feedback_info_pack=0.399s effective_fps=32.26
2026-09-27 16:33:20.721 | INFO     | plugrl_env_client.runner.rollout:log_timing_summary:98 - Intermediate rollout timing summary: env_steps=467810 infer_calls=116953 feedback_calls=116952 infer_wait=10931.183s infer_obs_pack=5.527s env_step=3538.394s feedback_total=24.631s feedback_obs_pack=7.888s feedback_info_pack=0.409s effective_fps=32.26
2026-09-27 16:33:50.716 | INFO     | plugrl_env_client.runner.rollout:log_timing_summary:98 - Intermediate rollout timing summary: env_steps=470321 infer_calls=117581 feedback_calls=117580 infer_wait=10982.281s infer_obs_pack=5.591s env_step=3517.548s feedback_total=24.805s feedback_obs_pack=7.958s feedback_info_pack=0.410s effective_fps=32.37
2026-09-27 16:33:50.725 | INFO     | plugrl_env_client.runner.rollout:log_timing_summary:98 - Intermediate rollout timing summary: env_steps=470322 infer_calls=117581 feedback_calls=117580 infer_wait=10980.950s infer_obs_pack=5.577s env_step=3518.820s feedback_total=24.946s feedback_obs_pack=7.957s feedback_info_pack=0.401s effective_fps=32.37
2026-09-27 16:33:50.725 | INFO     | plugrl_env_client.runner.rollout:log_timing_summary:98 - Intermediate rollout timing summary: env_steps=470334 infer_calls=117584 feedback_calls=117583 infer_wait=10942.586s infer_obs_pack=5.556s env_step=3556.718s feedback_total=24.775s feedback_obs_pack=7.930s feedback_info_pack=0.411s effective_fps=32.37
2026-09-27 16:34:20.718 | INFO     | plugrl_env_client.runner.rollout:log_timing_summary:98 - Intermediate rollout timing summary: env_steps=472695 infer_calls=118174 feedback_calls=118173 infer_wait=10994.250s infer_obs_pack=5.619s env_step=3535.334s feedback_total=24.930s feedback_obs_pack=7.998s feedback_info_pack=0.412s effective_fps=32.47
2026-09-27 16:34:20.747 | INFO     | plugrl_env_client.runner.rollout:log_timing_summary:98 - Intermediate rollout timing summary: env_steps=472697 infer_calls=118175 feedback_calls=118174 infer_wait=10992.966s infer_obs_pack=5.604s env_step=3536.581s feedback_total=25.068s feedback_obs_pack=7.996s feedback_info_pack=0.403s effective_fps=32.46
2026-09-27 16:34:20.747 | INFO     | plugrl_env_client.runner.rollout:log_timing_summary:98 - Intermediate rollout timing summary: env_steps=472709 infer_calls=118178 feedback_calls=118177 infer_wait=10954.192s infer_obs_pack=5.582s env_step=3574.883s feedback_total=24.898s feedback_obs_pack=7.969s feedback_info_pack=0.413s effective_fps=32.47
2026-09-27 16:34:50.738 | INFO     | plugrl_env_client.runner.rollout:log_timing_summary:98 - Intermediate rollout timing summary: env_steps=475069 infer_calls=118768 feedback_calls=118767 infer_wait=11006.202s infer_obs_pack=5.647s env_step=3553.150s feedback_total=25.057s feedback_obs_pack=8.039s feedback_info_pack=0.414s effective_fps=32.56
2026-09-27 16:34:50.752 | INFO     | plugrl_env_client.runner.rollout:log_timing_summary:98 - Intermediate rollout timing summary: env_steps=475072 infer_calls=118768 feedback_calls=118768 infer_wait=11004.950s infer_obs_pack=5.632s env_step=3554.360s feedback_total=25.188s feedback_obs_pack=8.035s feedback_info_pack=0.405s effective_fps=32.56
2026-09-27 16:34:50.759 | INFO     | plugrl_env_client.runner.rollout:log_timing_summary:98 - Intermediate rollout timing summary: env_steps=475083 infer_calls=118771 feedback_calls=118770 infer_wait=10965.996s infer_obs_pack=5.610s env_step=3592.833s feedback_total=25.027s feedback_obs_pack=8.011s feedback_info_pack=0.416s effective_fps=32.56
2026-09-27 16:35:20.743 | INFO     | plugrl_env_client.runner.rollout:log_timing_summary:98 - Intermediate rollout timing summary: env_steps=477420 infer_calls=119355 feedback_calls=119355 infer_wait=11018.179s infer_obs_pack=5.674s env_step=3570.930s feedback_total=25.183s feedback_obs_pack=8.080s feedback_info_pack=0.416s effective_fps=32.66
2026-09-27 16:35:20.764 | INFO     | plugrl_env_client.runner.rollout:log_timing_summary:98 - Intermediate rollout timing summary: env_steps=477433 infer_calls=119359 feedback_calls=119358 infer_wait=10977.825s infer_obs_pack=5.640s env_step=3610.760s feedback_total=25.147s feedback_obs_pack=8.051s feedback_info_pack=0.418s effective_fps=32.66
2026-09-27 16:35:20.772 | INFO     | plugrl_env_client.runner.rollout:log_timing_summary:98 - Intermediate rollout timing summary: env_steps=477421 infer_calls=119356 feedback_calls=119355 infer_wait=11017.236s infer_obs_pack=5.659s env_step=3571.844s feedback_total=25.314s feedback_obs_pack=8.079s feedback_info_pack=0.407s effective_fps=32.66
2026-09-27 16:35:50.752 | INFO     | plugrl_env_client.runner.rollout:log_timing_summary:98 - Intermediate rollout timing summary: env_steps=479751 infer_calls=119938 feedback_calls=119937 infer_wait=11029.935s infer_obs_pack=5.703s env_step=3588.939s feedback_total=25.303s feedback_obs_pack=8.120s feedback_info_pack=0.418s effective_fps=32.75
2026-09-27 16:35:50.787 | INFO     | plugrl_env_client.runner.rollout:log_timing_summary:98 - Intermediate rollout timing summary: env_steps=479765 infer_calls=119942 feedback_calls=119941 infer_wait=10990.010s infer_obs_pack=5.667s env_step=3628.362s feedback_total=25.262s feedback_obs_pack=8.089s feedback_info_pack=0.420s effective_fps=32.75
2026-09-27 16:35:50.787 | INFO     | plugrl_env_client.runner.rollout:log_timing_summary:98 - Intermediate rollout timing summary: env_steps=479753 infer_calls=119939 feedback_calls=119938 infer_wait=11029.469s infer_obs_pack=5.687s env_step=3589.384s feedback_total=25.430s feedback_obs_pack=8.117s feedback_info_pack=0.409s effective_fps=32.75
2026-09-27 16:43:57.876 | INFO     | plugrl_env_client.runner.rollout:log_timing_summary:98 - Intermediate rollout timing summary: env_steps=480001 infer_calls=120001 feedback_calls=120000 infer_wait=11514.788s infer_obs_pack=5.689s env_step=3591.126s feedback_total=25.442s feedback_obs_pack=8.121s feedback_info_pack=0.409s effective_fps=31.71
2026-09-27 16:43:57.877 | INFO     | plugrl_env_client.runner.rollout:log_timing_summary:98 - Intermediate rollout timing summary: env_steps=480013 infer_calls=120004 feedback_calls=120003 infer_wait=11475.238s infer_obs_pack=5.670s env_step=3630.197s feedback_total=25.274s feedback_obs_pack=8.093s feedback_info_pack=0.420s effective_fps=31.71
2026-09-27 16:43:57.880 | INFO     | plugrl_env_client.runner.rollout:log_timing_summary:98 - Intermediate rollout timing summary: env_steps=480001 infer_calls=120001 feedback_calls=120000 infer_wait=11515.124s infer_obs_pack=5.706s env_step=3590.849s feedback_total=25.319s feedback_obs_pack=8.124s feedback_info_pack=0.418s effective_fps=31.71
2026-09-27 16:44:27.885 | INFO     | plugrl_env_client.runner.rollout:log_timing_summary:98 - Intermediate rollout timing summary: env_steps=482386 infer_calls=120597 feedback_calls=120596 infer_wait=11526.953s infer_obs_pack=5.734s env_step=3608.780s feedback_total=25.441s feedback_obs_pack=8.163s feedback_info_pack=0.420s effective_fps=31.81
2026-09-27 16:44:27.886 | INFO     | plugrl_env_client.runner.rollout:log_timing_summary:98 - Intermediate rollout timing summary: env_steps=482397 infer_calls=120600 feedback_calls=120599 infer_wait=11486.854s infer_obs_pack=5.701s env_step=3648.344s feedback_total=25.393s feedback_obs_pack=8.132s feedback_info_pack=0.422s effective_fps=31.81
2026-09-27 16:44:27.886 | INFO     | plugrl_env_client.runner.rollout:log_timing_summary:98 - Intermediate rollout timing summary: env_steps=482385 infer_calls=120597 feedback_calls=120596 infer_wait=11526.948s infer_obs_pack=5.718s env_step=3608.731s feedback_total=25.565s feedback_obs_pack=8.161s feedback_info_pack=0.411s effective_fps=31.80
2026-09-27 16:44:57.886 | INFO     | plugrl_env_client.runner.rollout:log_timing_summary:98 - Intermediate rollout timing summary: env_steps=484747 infer_calls=121187 feedback_calls=121186 infer_wait=11498.781s infer_obs_pack=5.731s env_step=3666.166s feedback_total=25.516s feedback_obs_pack=8.171s feedback_info_pack=0.424s effective_fps=31.90
2026-09-27 16:44:57.916 | INFO     | plugrl_env_client.runner.rollout:log_timing_summary:98 - Intermediate rollout timing summary: env_steps=484737 infer_calls=121185 feedback_calls=121184 infer_wait=11538.879s infer_obs_pack=5.762s env_step=3626.641s feedback_total=25.563s feedback_obs_pack=8.202s feedback_info_pack=0.422s effective_fps=31.90
2026-09-27 16:44:57.917 | INFO     | plugrl_env_client.runner.rollout:log_timing_summary:98 - Intermediate rollout timing summary: env_steps=484737 infer_calls=121185 feedback_calls=121184 infer_wait=11539.012s infer_obs_pack=5.745s env_step=3626.456s feedback_total=25.686s feedback_obs_pack=8.200s feedback_info_pack=0.413s effective_fps=31.90
2026-09-27 16:45:27.893 | INFO     | plugrl_env_client.runner.rollout:log_timing_summary:98 - Intermediate rollout timing summary: env_steps=487085 infer_calls=121772 feedback_calls=121771 infer_wait=11510.855s infer_obs_pack=5.759s env_step=3683.854s feedback_total=25.636s feedback_obs_pack=8.209s feedback_info_pack=0.426s effective_fps=31.99
2026-09-27 16:45:27.924 | INFO     | plugrl_env_client.runner.rollout:log_timing_summary:98 - Intermediate rollout timing summary: env_steps=487076 infer_calls=121769 feedback_calls=121769 infer_wait=11550.783s infer_obs_pack=5.792s env_step=3644.507s feedback_total=25.679s feedback_obs_pack=8.240s feedback_info_pack=0.424s effective_fps=31.99
2026-09-27 16:45:27.951 | INFO     | plugrl_env_client.runner.rollout:log_timing_summary:98 - Intermediate rollout timing summary: env_steps=487077 infer_calls=121770 feedback_calls=121769 infer_wait=11551.297s infer_obs_pack=5.773s env_step=3643.960s feedback_total=25.811s feedback_obs_pack=8.244s feedback_info_pack=0.415s effective_fps=31.99
2026-09-27 16:45:57.897 | INFO     | plugrl_env_client.runner.rollout:log_timing_summary:98 - Intermediate rollout timing summary: env_steps=489420 infer_calls=122355 feedback_calls=122355 infer_wait=11522.948s infer_obs_pack=5.789s env_step=3701.511s feedback_total=25.760s feedback_obs_pack=8.247s feedback_info_pack=0.428s effective_fps=32.08
2026-09-27 16:45:57.931 | INFO     | plugrl_env_client.runner.rollout:log_timing_summary:98 - Intermediate rollout timing summary: env_steps=489409 infer_calls=122353 feedback_calls=122352 infer_wait=11563.115s infer_obs_pack=5.819s env_step=3661.944s feedback_total=25.794s feedback_obs_pack=8.278s feedback_info_pack=0.426s effective_fps=32.08
2026-09-27 16:45:57.954 | INFO     | plugrl_env_client.runner.rollout:log_timing_summary:98 - Intermediate rollout timing summary: env_steps=489412 infer_calls=122353 feedback_calls=122353 infer_wait=11563.247s infer_obs_pack=5.801s env_step=3661.771s feedback_total=25.931s feedback_obs_pack=8.288s feedback_info_pack=0.417s effective_fps=32.08
2026-09-27 16:46:27.919 | INFO     | plugrl_env_client.runner.rollout:log_timing_summary:98 - Intermediate rollout timing summary: env_steps=491713 infer_calls=122929 feedback_calls=122928 infer_wait=11534.589s infer_obs_pack=5.820s env_step=3719.644s feedback_total=25.876s feedback_obs_pack=8.286s feedback_info_pack=0.430s effective_fps=32.17
2026-09-27 16:46:27.936 | INFO     | plugrl_env_client.runner.rollout:log_timing_summary:98 - Intermediate rollout timing summary: env_steps=491704 infer_calls=122926 feedback_calls=122926 infer_wait=11575.755s infer_obs_pack=5.847s env_step=3679.072s feedback_total=25.913s feedback_obs_pack=8.319s feedback_info_pack=0.428s effective_fps=32.17
2026-09-27 16:46:27.963 | INFO     | plugrl_env_client.runner.rollout:log_timing_summary:98 - Intermediate rollout timing summary: env_steps=491705 infer_calls=122927 feedback_calls=122926 infer_wait=11575.811s infer_obs_pack=5.828s env_step=3678.974s feedback_total=26.051s feedback_obs_pack=8.326s feedback_info_pack=0.419s effective_fps=32.17
2026-09-27 16:46:57.921 | INFO     | plugrl_env_client.runner.rollout:log_timing_summary:98 - Intermediate rollout timing summary: env_steps=494139 infer_calls=123535 feedback_calls=123534 infer_wait=11546.263s infer_obs_pack=5.848s env_step=3737.723s feedback_total=26.000s feedback_obs_pack=8.325s feedback_info_pack=0.432s effective_fps=32.26
2026-09-27 16:46:57.965 | INFO     | plugrl_env_client.runner.rollout:log_timing_summary:98 - Intermediate rollout timing summary: env_steps=494129 infer_calls=123533 feedback_calls=123532 infer_wait=11587.748s infer_obs_pack=5.875s env_step=3696.854s feedback_total=26.042s feedback_obs_pack=8.360s feedback_info_pack=0.430s effective_fps=32.26
2026-09-27 16:46:57.965 | INFO     | plugrl_env_client.runner.rollout:log_timing_summary:98 - Intermediate rollout timing summary: env_steps=494129 infer_calls=123533 feedback_calls=123532 infer_wait=11587.763s infer_obs_pack=5.857s env_step=3696.767s feedback_total=26.184s feedback_obs_pack=8.367s feedback_info_pack=0.421s effective_fps=32.26
2026-09-27 16:47:27.933 | INFO     | plugrl_env_client.runner.rollout:log_timing_summary:98 - Intermediate rollout timing summary: env_steps=496653 infer_calls=124164 feedback_calls=124163 infer_wait=11557.683s infer_obs_pack=5.875s env_step=3756.042s feedback_total=26.142s feedback_obs_pack=8.365s feedback_info_pack=0.434s effective_fps=32.36
2026-09-27 16:47:27.987 | INFO     | plugrl_env_client.runner.rollout:log_timing_summary:98 - Intermediate rollout timing summary: env_steps=496645 infer_calls=124162 feedback_calls=124161 infer_wait=11598.857s infer_obs_pack=5.903s env_step=3715.490s feedback_total=26.186s feedback_obs_pack=8.400s feedback_info_pack=0.433s effective_fps=32.36
2026-09-27 16:47:27.988 | INFO     | plugrl_env_client.runner.rollout:log_timing_summary:98 - Intermediate rollout timing summary: env_steps=496645 infer_calls=124162 feedback_calls=124161 infer_wait=11599.418s infer_obs_pack=5.886s env_step=3714.855s feedback_total=26.331s feedback_obs_pack=8.408s feedback_info_pack=0.423s effective_fps=32.36
2026-09-27 16:47:57.948 | INFO     | plugrl_env_client.runner.rollout:log_timing_summary:98 - Intermediate rollout timing summary: env_steps=499201 infer_calls=124801 feedback_calls=124800 infer_wait=11569.290s infer_obs_pack=5.903s env_step=3774.171s feedback_total=26.289s feedback_obs_pack=8.405s feedback_info_pack=0.436s effective_fps=32.47
2026-09-27 16:47:57.993 | INFO     | plugrl_env_client.runner.rollout:log_timing_summary:98 - Intermediate rollout timing summary: env_steps=499193 infer_calls=124799 feedback_calls=124798 infer_wait=11610.751s infer_obs_pack=5.914s env_step=3733.245s feedback_total=26.484s feedback_obs_pack=8.449s feedback_info_pack=0.425s effective_fps=32.46
2026-09-27 16:47:57.995 | INFO     | plugrl_env_client.runner.rollout:log_timing_summary:98 - Intermediate rollout timing summary: env_steps=499193 infer_calls=124799 feedback_calls=124798 infer_wait=11610.238s infer_obs_pack=5.931s env_step=3733.834s feedback_total=26.338s feedback_obs_pack=8.445s feedback_info_pack=0.435s effective_fps=32.47
2026-09-27 16:48:27.950 | INFO     | plugrl_env_client.runner.rollout:log_timing_summary:98 - Intermediate rollout timing summary: env_steps=501774 infer_calls=125444 feedback_calls=125443 infer_wait=11580.606s infer_obs_pack=5.932s env_step=3792.568s feedback_total=26.441s feedback_obs_pack=8.450s feedback_info_pack=0.438s effective_fps=32.57
2026-09-27 16:48:27.997 | INFO     | plugrl_env_client.runner.rollout:log_timing_summary:98 - Intermediate rollout timing summary: env_steps=501766 infer_calls=125442 feedback_calls=125441 infer_wait=11622.108s infer_obs_pack=5.943s env_step=3751.604s feedback_total=26.636s feedback_obs_pack=8.494s feedback_info_pack=0.427s effective_fps=32.57
2026-09-27 16:48:28.002 | INFO     | plugrl_env_client.runner.rollout:log_timing_summary:98 - Intermediate rollout timing summary: env_steps=501767 infer_calls=125442 feedback_calls=125441 infer_wait=11621.411s infer_obs_pack=5.961s env_step=3752.390s feedback_total=26.483s feedback_obs_pack=8.486s feedback_info_pack=0.437s effective_fps=32.57
2026-09-27 16:48:57.976 | INFO     | plugrl_env_client.runner.rollout:log_timing_summary:98 - Intermediate rollout timing summary: env_steps=504225 infer_calls=126057 feedback_calls=126056 infer_wait=11592.274s infer_obs_pack=5.960s env_step=3810.656s feedback_total=26.582s feedback_obs_pack=8.499s feedback_info_pack=0.440s effective_fps=32.67
2026-09-27 16:48:58.023 | INFO     | plugrl_env_client.runner.rollout:log_timing_summary:98 - Intermediate rollout timing summary: env_steps=504217 infer_calls=126055 feedback_calls=126054 infer_wait=11634.008s infer_obs_pack=5.971s env_step=3769.473s feedback_total=26.767s feedback_obs_pack=8.534s feedback_info_pack=0.429s effective_fps=32.66
2026-09-27 16:48:58.025 | INFO     | plugrl_env_client.runner.rollout:log_timing_summary:98 - Intermediate rollout timing summary: env_steps=504217 infer_calls=126055 feedback_calls=126054 infer_wait=11633.182s infer_obs_pack=5.993s env_step=3770.383s feedback_total=26.611s feedback_obs_pack=8.526s feedback_info_pack=0.439s effective_fps=32.66
2026-09-27 16:49:27.984 | INFO     | plugrl_env_client.runner.rollout:log_timing_summary:98 - Intermediate rollout timing summary: env_steps=506585 infer_calls=126647 feedback_calls=126646 infer_wait=11603.873s infer_obs_pack=5.991s env_step=3828.819s feedback_total=26.700s feedback_obs_pack=8.537s feedback_info_pack=0.442s effective_fps=32.76
2026-09-27 16:49:28.039 | INFO     | plugrl_env_client.runner.rollout:log_timing_summary:98 - Intermediate rollout timing summary: env_steps=506577 infer_calls=126645 feedback_calls=126644 infer_wait=11645.272s infer_obs_pack=6.020s env_step=3788.052s feedback_total=26.736s feedback_obs_pack=8.566s feedback_info_pack=0.441s effective_fps=32.75
2026-09-27 16:49:28.041 | INFO     | plugrl_env_client.runner.rollout:log_timing_summary:98 - Intermediate rollout timing summary: env_steps=506577 infer_calls=126645 feedback_calls=126644 infer_wait=11645.929s infer_obs_pack=5.999s env_step=3787.321s feedback_total=26.886s feedback_obs_pack=8.573s feedback_info_pack=0.431s effective_fps=32.75
2026-09-27 16:57:34.777 | INFO     | plugrl_env_client.runner.rollout:log_timing_summary:98 - Intermediate rollout timing summary: env_steps=506665 infer_calls=126667 feedback_calls=126666 infer_wait=12131.905s infer_obs_pack=6.000s env_step=3788.071s feedback_total=26.891s feedback_obs_pack=8.575s feedback_info_pack=0.431s effective_fps=31.76
2026-09-27 16:57:34.777 | INFO     | plugrl_env_client.runner.rollout:log_timing_summary:98 - Intermediate rollout timing summary: env_steps=506677 infer_calls=126670 feedback_calls=126669 infer_wait=12089.953s infer_obs_pack=5.992s env_step=3829.522s feedback_total=26.705s feedback_obs_pack=8.539s feedback_info_pack=0.442s effective_fps=31.76
2026-09-27 16:57:34.781 | INFO     | plugrl_env_client.runner.rollout:log_timing_summary:98 - Intermediate rollout timing summary: env_steps=506665 infer_calls=126667 feedback_calls=126666 infer_wait=12131.318s infer_obs_pack=6.022s env_step=3788.739s feedback_total=26.741s feedback_obs_pack=8.568s feedback_info_pack=0.441s effective_fps=31.76
2026-09-27 16:58:04.782 | INFO     | plugrl_env_client.runner.rollout:log_timing_summary:98 - Intermediate rollout timing summary: env_steps=509205 infer_calls=127302 feedback_calls=127301 infer_wait=12101.293s infer_obs_pack=6.023s env_step=3847.892s feedback_total=26.863s feedback_obs_pack=8.584s feedback_info_pack=0.445s effective_fps=31.86
2026-09-27 16:58:04.783 | INFO     | plugrl_env_client.runner.rollout:log_timing_summary:98 - Intermediate rollout timing summary: env_steps=509193 infer_calls=127299 feedback_calls=127298 infer_wait=12143.094s infer_obs_pack=6.029s env_step=3806.601s feedback_total=27.047s feedback_obs_pack=8.616s feedback_info_pack=0.434s effective_fps=31.86
2026-09-27 16:58:04.786 | INFO     | plugrl_env_client.runner.rollout:log_timing_summary:98 - Intermediate rollout timing summary: env_steps=509193 infer_calls=127299 feedback_calls=127298 infer_wait=12142.535s infer_obs_pack=6.050s env_step=3807.250s feedback_total=26.883s feedback_obs_pack=8.609s feedback_info_pack=0.443s effective_fps=31.86
2026-09-27 16:58:34.785 | INFO     | plugrl_env_client.runner.rollout:log_timing_summary:98 - Intermediate rollout timing summary: env_steps=511617 infer_calls=127905 feedback_calls=127904 infer_wait=12112.517s infer_obs_pack=6.050s env_step=3866.416s feedback_total=26.992s feedback_obs_pack=8.623s feedback_info_pack=0.447s effective_fps=31.95
2026-09-27 16:58:34.785 | INFO     | plugrl_env_client.runner.rollout:log_timing_summary:98 - Intermediate rollout timing summary: env_steps=511605 infer_calls=127902 feedback_calls=127901 infer_wait=12155.262s infer_obs_pack=6.057s env_step=3824.168s feedback_total=27.184s feedback_obs_pack=8.658s feedback_info_pack=0.436s effective_fps=31.95
2026-09-27 16:58:34.789 | INFO     | plugrl_env_client.runner.rollout:log_timing_summary:98 - Intermediate rollout timing summary: env_steps=511606 infer_calls=127902 feedback_calls=127901 infer_wait=12154.591s infer_obs_pack=6.078s env_step=3824.937s feedback_total=27.015s feedback_obs_pack=8.649s feedback_info_pack=0.445s effective_fps=31.95
2026-09-27 16:59:04.790 | INFO     | plugrl_env_client.runner.rollout:log_timing_summary:98 - Intermediate rollout timing summary: env_steps=513976 infer_calls=128494 feedback_calls=128494 infer_wait=12124.578s infer_obs_pack=6.077s env_step=3884.111s feedback_total=27.118s feedback_obs_pack=8.666s feedback_info_pack=0.449s effective_fps=32.04
2026-09-27 16:59:04.812 | INFO     | plugrl_env_client.runner.rollout:log_timing_summary:98 - Intermediate rollout timing summary: env_steps=513965 infer_calls=128492 feedback_calls=128491 infer_wait=12167.229s infer_obs_pack=6.087s env_step=3841.972s feedback_total=27.313s feedback_obs_pack=8.697s feedback_info_pack=0.438s effective_fps=32.04
2026-09-27 16:59:04.813 | INFO     | plugrl_env_client.runner.rollout:log_timing_summary:98 - Intermediate rollout timing summary: env_steps=513965 infer_calls=128492 feedback_calls=128491 infer_wait=12166.655s infer_obs_pack=6.106s env_step=3842.657s feedback_total=27.134s feedback_obs_pack=8.688s feedback_info_pack=0.447s effective_fps=32.04
2026-09-27 16:59:34.796 | INFO     | plugrl_env_client.runner.rollout:log_timing_summary:98 - Intermediate rollout timing summary: env_steps=516291 infer_calls=129073 feedback_calls=129072 infer_wait=12136.636s infer_obs_pack=6.105s env_step=3901.810s feedback_total=27.244s feedback_obs_pack=8.709s feedback_info_pack=0.451s effective_fps=32.12
2026-09-27 16:59:34.826 | INFO     | plugrl_env_client.runner.rollout:log_timing_summary:98 - Intermediate rollout timing summary: env_steps=516281 infer_calls=129071 feedback_calls=129070 infer_wait=12179.106s infer_obs_pack=6.134s env_step=3859.977s feedback_total=27.256s feedback_obs_pack=8.728s feedback_info_pack=0.449s effective_fps=32.12
2026-09-27 16:59:34.827 | INFO     | plugrl_env_client.runner.rollout:log_timing_summary:98 - Intermediate rollout timing summary: env_steps=516281 infer_calls=129071 feedback_calls=129070 infer_wait=12179.285s infer_obs_pack=6.118s env_step=3859.690s feedback_total=27.430s feedback_obs_pack=8.736s feedback_info_pack=0.439s effective_fps=32.12
2026-09-27 17:00:04.804 | INFO     | plugrl_env_client.runner.rollout:log_timing_summary:98 - Intermediate rollout timing summary: env_steps=518615 infer_calls=129654 feedback_calls=129653 infer_wait=12148.615s infer_obs_pack=6.133s env_step=3919.594s feedback_total=27.357s feedback_obs_pack=8.748s feedback_info_pack=0.453s effective_fps=32.21
2026-09-27 17:00:04.851 | INFO     | plugrl_env_client.runner.rollout:log_timing_summary:98 - Intermediate rollout timing summary: env_steps=518605 infer_calls=129652 feedback_calls=129651 infer_wait=12191.840s infer_obs_pack=6.147s env_step=3876.905s feedback_total=27.561s feedback_obs_pack=8.785s feedback_info_pack=0.441s effective_fps=32.21
2026-09-27 17:00:04.852 | INFO     | plugrl_env_client.runner.rollout:log_timing_summary:98 - Intermediate rollout timing summary: env_steps=518605 infer_calls=129652 feedback_calls=129651 infer_wait=12191.610s infer_obs_pack=6.162s env_step=3877.254s feedback_total=27.382s feedback_obs_pack=8.766s feedback_info_pack=0.451s effective_fps=32.21
2026-09-27 17:00:34.837 | INFO     | plugrl_env_client.runner.rollout:log_timing_summary:98 - Intermediate rollout timing summary: env_steps=520945 infer_calls=130237 feedback_calls=130236 infer_wait=12160.981s infer_obs_pack=6.160s env_step=3937.013s feedback_total=27.479s feedback_obs_pack=8.786s feedback_info_pack=0.455s effective_fps=32.29
2026-09-27 17:00:34.854 | INFO     | plugrl_env_client.runner.rollout:log_timing_summary:98 - Intermediate rollout timing summary: env_steps=520935 infer_calls=130234 feedback_calls=130233 infer_wait=12204.003s infer_obs_pack=6.177s env_step=3894.498s feedback_total=27.685s feedback_obs_pack=8.824s feedback_info_pack=0.443s effective_fps=32.29
2026-09-27 17:00:34.855 | INFO     | plugrl_env_client.runner.rollout:log_timing_summary:98 - Intermediate rollout timing summary: env_steps=520935 infer_calls=130234 feedback_calls=130233 infer_wait=12203.471s infer_obs_pack=6.190s env_step=3895.155s feedback_total=27.501s feedback_obs_pack=8.809s feedback_info_pack=0.453s effective_fps=32.29
2026-09-27 17:01:04.840 | INFO     | plugrl_env_client.runner.rollout:log_timing_summary:98 - Intermediate rollout timing summary: env_steps=523286 infer_calls=130822 feedback_calls=130821 infer_wait=12172.702s infer_obs_pack=6.189s env_step=3955.041s feedback_total=27.601s feedback_obs_pack=8.826s feedback_info_pack=0.457s effective_fps=32.38
2026-09-27 17:01:04.879 | INFO     | plugrl_env_client.runner.rollout:log_timing_summary:98 - Intermediate rollout timing summary: env_steps=523277 infer_calls=130820 feedback_calls=130819 infer_wait=12215.880s infer_obs_pack=6.217s env_step=3912.526s feedback_total=27.623s feedback_obs_pack=8.847s feedback_info_pack=0.455s effective_fps=32.38
2026-09-27 17:01:04.881 | INFO     | plugrl_env_client.runner.rollout:log_timing_summary:98 - Intermediate rollout timing summary: env_steps=523277 infer_calls=130820 feedback_calls=130819 infer_wait=12216.255s infer_obs_pack=6.205s env_step=3912.028s feedback_total=27.809s feedback_obs_pack=8.864s feedback_info_pack=0.445s effective_fps=32.38
2026-09-27 17:01:34.847 | INFO     | plugrl_env_client.runner.rollout:log_timing_summary:98 - Intermediate rollout timing summary: env_steps=525751 infer_calls=131438 feedback_calls=131437 infer_wait=12184.419s infer_obs_pack=6.217s env_step=3973.074s feedback_total=27.729s feedback_obs_pack=8.866s feedback_info_pack=0.459s effective_fps=32.47
2026-09-27 17:01:34.883 | INFO     | plugrl_env_client.runner.rollout:log_timing_summary:98 - Intermediate rollout timing summary: env_steps=525742 infer_calls=131436 feedback_calls=131435 infer_wait=12227.974s infer_obs_pack=6.233s env_step=3930.060s feedback_total=27.934s feedback_obs_pack=8.905s feedback_info_pack=0.447s effective_fps=32.47
2026-09-27 17:01:34.883 | INFO     | plugrl_env_client.runner.rollout:log_timing_summary:98 - Intermediate rollout timing summary: env_steps=525743 infer_calls=131436 feedback_calls=131435 infer_wait=12227.621s infer_obs_pack=6.247s env_step=3930.527s feedback_total=27.758s feedback_obs_pack=8.890s feedback_info_pack=0.457s effective_fps=32.47
2026-09-27 17:02:04.852 | INFO     | plugrl_env_client.runner.rollout:log_timing_summary:98 - Intermediate rollout timing summary: env_steps=528320 infer_calls=132080 feedback_calls=132080 infer_wait=12195.914s infer_obs_pack=6.245s env_step=3991.299s feedback_total=27.880s feedback_obs_pack=8.906s feedback_info_pack=0.461s effective_fps=32.57
2026-09-27 17:02:04.885 | INFO     | plugrl_env_client.runner.rollout:log_timing_summary:98 - Intermediate rollout timing summary: env_steps=528310 infer_calls=132078 feedback_calls=132077 infer_wait=12239.285s infer_obs_pack=6.261s env_step=3948.474s feedback_total=28.080s feedback_obs_pack=8.945s feedback_info_pack=0.449s effective_fps=32.57
2026-09-27 17:02:04.889 | INFO     | plugrl_env_client.runner.rollout:log_timing_summary:98 - Intermediate rollout timing summary: env_steps=528311 infer_calls=132078 feedback_calls=132077 infer_wait=12238.706s infer_obs_pack=6.275s env_step=3949.166s feedback_total=27.906s feedback_obs_pack=8.931s feedback_info_pack=0.459s effective_fps=32.57
2026-09-27 17:02:34.856 | INFO     | plugrl_env_client.runner.rollout:log_timing_summary:98 - Intermediate rollout timing summary: env_steps=530846 infer_calls=132712 feedback_calls=132711 infer_wait=12207.394s infer_obs_pack=6.273s env_step=4009.542s feedback_total=28.028s feedback_obs_pack=8.949s feedback_info_pack=0.463s effective_fps=32.66
2026-09-27 17:02:34.895 | INFO     | plugrl_env_client.runner.rollout:log_timing_summary:98 - Intermediate rollout timing summary: env_steps=530837 infer_calls=132710 feedback_calls=132709 infer_wait=12249.742s infer_obs_pack=6.303s env_step=3967.856s feedback_total=28.051s feedback_obs_pack=8.972s feedback_info_pack=0.461s effective_fps=32.66
2026-09-27 17:02:34.902 | INFO     | plugrl_env_client.runner.rollout:log_timing_summary:98 - Intermediate rollout timing summary: env_steps=530837 infer_calls=132710 feedback_calls=132709 infer_wait=12250.888s infer_obs_pack=6.288s env_step=3966.608s feedback_total=28.227s feedback_obs_pack=8.986s feedback_info_pack=0.451s effective_fps=32.66
2026-09-27 17:11:03.948 | INFO     | plugrl_env_client.runner.rollout:log_timing_summary:98 - Intermediate rollout timing summary: env_steps=533333 infer_calls=133334 feedback_calls=133333 infer_wait=12740.554s infer_obs_pack=6.331s env_step=3985.831s feedback_total=28.187s feedback_obs_pack=9.011s feedback_info_pack=0.464s effective_fps=31.82
2026-09-27 17:11:03.949 | INFO     | plugrl_env_client.runner.rollout:log_timing_summary:98 - Intermediate rollout timing summary: env_steps=533333 infer_calls=133334 feedback_calls=133333 infer_wait=12741.797s infer_obs_pack=6.316s env_step=3984.467s feedback_total=28.380s feedback_obs_pack=9.028s feedback_info_pack=0.453s effective_fps=31.82
2026-09-27 17:11:03.953 | INFO     | plugrl_env_client.runner.rollout:log_timing_summary:98 - Intermediate rollout timing summary: env_steps=533345 infer_calls=133337 feedback_calls=133336 infer_wait=12698.297s infer_obs_pack=6.301s env_step=4027.449s feedback_total=28.181s feedback_obs_pack=8.989s feedback_info_pack=0.465s effective_fps=31.82
2026-09-27 17:11:33.950 | INFO     | plugrl_env_client.runner.rollout:log_timing_summary:98 - Intermediate rollout timing summary: env_steps=535845 infer_calls=133962 feedback_calls=133961 infer_wait=12752.164s infer_obs_pack=6.359s env_step=4003.950s feedback_total=28.327s feedback_obs_pack=9.052s feedback_info_pack=0.466s effective_fps=31.91
2026-09-27 17:11:33.953 | INFO     | plugrl_env_client.runner.rollout:log_timing_summary:98 - Intermediate rollout timing summary: env_steps=535846 infer_calls=133962 feedback_calls=133961 infer_wait=12753.225s infer_obs_pack=6.344s env_step=4002.767s feedback_total=28.522s feedback_obs_pack=9.071s feedback_info_pack=0.455s effective_fps=31.91
2026-09-27 17:11:33.954 | INFO     | plugrl_env_client.runner.rollout:log_timing_summary:98 - Intermediate rollout timing summary: env_steps=535858 infer_calls=133965 feedback_calls=133964 infer_wait=12709.871s infer_obs_pack=6.329s env_step=4045.605s feedback_total=28.321s feedback_obs_pack=9.031s feedback_info_pack=0.467s effective_fps=31.92
2026-09-27 17:12:03.954 | INFO     | plugrl_env_client.runner.rollout:log_timing_summary:98 - Intermediate rollout timing summary: env_steps=538378 infer_calls=134595 feedback_calls=134594 infer_wait=12721.135s infer_obs_pack=6.359s env_step=4064.052s feedback_total=28.470s feedback_obs_pack=9.073s feedback_info_pack=0.469s effective_fps=32.01
2026-09-27 17:12:03.955 | INFO     | plugrl_env_client.runner.rollout:log_timing_summary:98 - Intermediate rollout timing summary: env_steps=538366 infer_calls=134592 feedback_calls=134591 infer_wait=12763.469s infer_obs_pack=6.387s env_step=4022.364s feedback_total=28.476s feedback_obs_pack=9.094s feedback_info_pack=0.468s effective_fps=32.01
2026-09-27 17:12:03.958 | INFO     | plugrl_env_client.runner.rollout:log_timing_summary:98 - Intermediate rollout timing summary: env_steps=538366 infer_calls=134592 feedback_calls=134591 infer_wait=12764.735s infer_obs_pack=6.372s env_step=4020.990s feedback_total=28.663s feedback_obs_pack=9.110s feedback_info_pack=0.458s effective_fps=32.01
2026-09-27 17:12:33.957 | INFO     | plugrl_env_client.runner.rollout:log_timing_summary:98 - Intermediate rollout timing summary: env_steps=540921 infer_calls=135231 feedback_calls=135230 infer_wait=12732.500s infer_obs_pack=6.387s env_step=4082.410s feedback_total=28.616s feedback_obs_pack=9.113s feedback_info_pack=0.472s effective_fps=32.10
2026-09-27 17:12:33.959 | INFO     | plugrl_env_client.runner.rollout:log_timing_summary:98 - Intermediate rollout timing summary: env_steps=540910 infer_calls=135228 feedback_calls=135227 infer_wait=12775.054s infer_obs_pack=6.415s env_step=4040.506s feedback_total=28.620s feedback_obs_pack=9.136s feedback_info_pack=0.470s effective_fps=32.10
2026-09-27 17:12:33.961 | INFO     | plugrl_env_client.runner.rollout:log_timing_summary:98 - Intermediate rollout timing summary: env_steps=540909 infer_calls=135228 feedback_calls=135227 infer_wait=12776.097s infer_obs_pack=6.400s env_step=4039.352s feedback_total=28.806s feedback_obs_pack=9.152s feedback_info_pack=0.461s effective_fps=32.10
2026-09-27 17:13:03.959 | INFO     | plugrl_env_client.runner.rollout:log_timing_summary:98 - Intermediate rollout timing summary: env_steps=543370 infer_calls=135843 feedback_calls=135842 infer_wait=12744.128s infer_obs_pack=6.415s env_step=4100.526s feedback_total=28.745s feedback_obs_pack=9.154s feedback_info_pack=0.474s effective_fps=32.19
2026-09-27 17:13:03.962 | INFO     | plugrl_env_client.runner.rollout:log_timing_summary:98 - Intermediate rollout timing summary: env_steps=543358 infer_calls=135840 feedback_calls=135839 infer_wait=12786.716s infer_obs_pack=6.445s env_step=4058.589s feedback_total=28.748s feedback_obs_pack=9.178s feedback_info_pack=0.472s effective_fps=32.19
2026-09-27 17:13:03.963 | INFO     | plugrl_env_client.runner.rollout:log_timing_summary:98 - Intermediate rollout timing summary: env_steps=543358 infer_calls=135840 feedback_calls=135839 infer_wait=12788.025s infer_obs_pack=6.428s env_step=4057.171s feedback_total=28.934s feedback_obs_pack=9.193s feedback_info_pack=0.463s effective_fps=32.19
2026-09-27 17:13:33.985 | INFO     | plugrl_env_client.runner.rollout:log_timing_summary:98 - Intermediate rollout timing summary: env_steps=545769 infer_calls=136443 feedback_calls=136442 infer_wait=12798.898s infer_obs_pack=6.472s env_step=4076.185s feedback_total=28.870s feedback_obs_pack=9.217s feedback_info_pack=0.474s effective_fps=32.27
2026-09-27 17:13:33.985 | INFO     | plugrl_env_client.runner.rollout:log_timing_summary:98 - Intermediate rollout timing summary: env_steps=545781 infer_calls=136446 feedback_calls=136445 infer_wait=12756.395s infer_obs_pack=6.442s env_step=4118.035s feedback_total=28.866s feedback_obs_pack=9.193s feedback_info_pack=0.476s effective_fps=32.28
2026-09-27 17:13:33.987 | INFO     | plugrl_env_client.runner.rollout:log_timing_summary:98 - Intermediate rollout timing summary: env_steps=545769 infer_calls=136443 feedback_calls=136442 infer_wait=12800.179s infer_obs_pack=6.456s env_step=4074.788s feedback_total=29.061s feedback_obs_pack=9.233s feedback_info_pack=0.465s effective_fps=32.27
2026-09-27 17:14:03.988 | INFO     | plugrl_env_client.runner.rollout:log_timing_summary:98 - Intermediate rollout timing summary: env_steps=548129 infer_calls=137033 feedback_calls=137032 infer_wait=12811.255s infer_obs_pack=6.500s env_step=4093.591s feedback_total=28.987s feedback_obs_pack=9.256s feedback_info_pack=0.476s effective_fps=32.36
2026-09-27 17:14:03.991 | INFO     | plugrl_env_client.runner.rollout:log_timing_summary:98 - Intermediate rollout timing summary: env_steps=548129 infer_calls=137033 feedback_calls=137032 infer_wait=12812.258s infer_obs_pack=6.484s env_step=4092.471s feedback_total=29.180s feedback_obs_pack=9.272s feedback_info_pack=0.467s effective_fps=32.36
2026-09-27 17:14:03.994 | INFO     | plugrl_env_client.runner.rollout:log_timing_summary:98 - Intermediate rollout timing summary: env_steps=548141 infer_calls=137036 feedback_calls=137035 infer_wait=12768.644s infer_obs_pack=6.471s env_step=4135.546s feedback_total=28.988s feedback_obs_pack=9.235s feedback_info_pack=0.478s effective_fps=32.36
2026-09-27 17:14:33.990 | INFO     | plugrl_env_client.runner.rollout:log_timing_summary:98 - Intermediate rollout timing summary: env_steps=550518 infer_calls=137630 feedback_calls=137629 infer_wait=12823.524s infer_obs_pack=6.528s env_step=4111.086s feedback_total=29.103s feedback_obs_pack=9.295s feedback_info_pack=0.478s effective_fps=32.44
2026-09-27 17:14:33.997 | INFO     | plugrl_env_client.runner.rollout:log_timing_summary:98 - Intermediate rollout timing summary: env_steps=550531 infer_calls=137633 feedback_calls=137632 infer_wait=12780.676s infer_obs_pack=6.501s env_step=4153.269s feedback_total=29.106s feedback_obs_pack=9.274s feedback_info_pack=0.480s effective_fps=32.44
2026-09-27 17:14:33.997 | INFO     | plugrl_env_client.runner.rollout:log_timing_summary:98 - Intermediate rollout timing summary: env_steps=550519 infer_calls=137630 feedback_calls=137629 infer_wait=12824.160s infer_obs_pack=6.517s env_step=4110.326s feedback_total=29.303s feedback_obs_pack=9.310s feedback_info_pack=0.469s effective_fps=32.44
2026-09-27 17:15:04.017 | INFO     | plugrl_env_client.runner.rollout:log_timing_summary:98 - Intermediate rollout timing summary: env_steps=552869 infer_calls=138218 feedback_calls=138217 infer_wait=12835.176s infer_obs_pack=6.557s env_step=4129.213s feedback_total=29.223s feedback_obs_pack=9.334s feedback_info_pack=0.481s effective_fps=32.52
2026-09-27 17:15:04.017 | INFO     | plugrl_env_client.runner.rollout:log_timing_summary:98 - Intermediate rollout timing summary: env_steps=552881 infer_calls=138221 feedback_calls=138220 infer_wait=12792.201s infer_obs_pack=6.532s env_step=4171.516s feedback_total=29.228s feedback_obs_pack=9.313s feedback_info_pack=0.482s effective_fps=32.52
2026-09-27 17:15:04.020 | INFO     | plugrl_env_client.runner.rollout:log_timing_summary:98 - Intermediate rollout timing summary: env_steps=552869 infer_calls=138218 feedback_calls=138217 infer_wait=12836.410s infer_obs_pack=6.545s env_step=4127.850s feedback_total=29.427s feedback_obs_pack=9.350s feedback_info_pack=0.471s effective_fps=32.52
2026-09-27 17:15:34.030 | INFO     | plugrl_env_client.runner.rollout:log_timing_summary:98 - Intermediate rollout timing summary: env_steps=555225 infer_calls=138807 feedback_calls=138806 infer_wait=12848.585s infer_obs_pack=6.572s env_step=4145.441s feedback_total=29.550s feedback_obs_pack=9.388s feedback_info_pack=0.473s effective_fps=32.60
2026-09-27 17:15:34.037 | INFO     | plugrl_env_client.runner.rollout:log_timing_summary:98 - Intermediate rollout timing summary: env_steps=555237 infer_calls=138810 feedback_calls=138809 infer_wait=12804.170s infer_obs_pack=6.560s env_step=4189.316s feedback_total=29.350s feedback_obs_pack=9.355s feedback_info_pack=0.484s effective_fps=32.60
2026-09-27 17:15:34.040 | INFO     | plugrl_env_client.runner.rollout:log_timing_summary:98 - Intermediate rollout timing summary: env_steps=555225 infer_calls=138807 feedback_calls=138806 infer_wait=12847.522s infer_obs_pack=6.586s env_step=4146.647s feedback_total=29.344s feedback_obs_pack=9.376s feedback_info_pack=0.483s effective_fps=32.60
2026-09-27 17:16:04.033 | INFO     | plugrl_env_client.runner.rollout:log_timing_summary:98 - Intermediate rollout timing summary: env_steps=557620 infer_calls=139405 feedback_calls=139405 infer_wait=12860.440s infer_obs_pack=6.603s env_step=4163.335s feedback_total=29.678s feedback_obs_pack=9.432s feedback_info_pack=0.475s effective_fps=32.69
2026-09-27 17:16:04.055 | INFO     | plugrl_env_client.runner.rollout:log_timing_summary:98 - Intermediate rollout timing summary: env_steps=557633 infer_calls=139409 feedback_calls=139408 infer_wait=12816.082s infer_obs_pack=6.591s env_step=4207.166s feedback_total=29.477s feedback_obs_pack=9.395s feedback_info_pack=0.486s effective_fps=32.69
2026-09-27 17:16:04.057 | INFO     | plugrl_env_client.runner.rollout:log_timing_summary:98 - Intermediate rollout timing summary: env_steps=557621 infer_calls=139406 feedback_calls=139405 infer_wait=12859.393s infer_obs_pack=6.615s env_step=4164.545s feedback_total=29.468s feedback_obs_pack=9.416s feedback_info_pack=0.485s effective_fps=32.69
2026-09-27 17:24:28.885 | INFO     | plugrl_env_client.runner.rollout:log_timing_summary:98 - Intermediate rollout timing summary: env_steps=560001 infer_calls=140001 feedback_calls=140000 infer_wait=13347.995s infer_obs_pack=6.629s env_step=4180.375s feedback_total=29.812s feedback_obs_pack=9.472s feedback_info_pack=0.476s effective_fps=31.88
2026-09-27 17:24:28.885 | INFO     | plugrl_env_client.runner.rollout:log_timing_summary:98 - Intermediate rollout timing summary: env_steps=560001 infer_calls=140001 feedback_calls=140000 infer_wait=13346.778s infer_obs_pack=6.644s env_step=4181.720s feedback_total=29.610s feedback_obs_pack=9.457s feedback_info_pack=0.487s effective_fps=31.88
2026-09-27 17:24:28.891 | INFO     | plugrl_env_client.runner.rollout:log_timing_summary:98 - Intermediate rollout timing summary: env_steps=560013 infer_calls=140004 feedback_calls=140003 infer_wait=13302.680s infer_obs_pack=6.618s env_step=4225.143s feedback_total=29.607s feedback_obs_pack=9.433s feedback_info_pack=0.488s effective_fps=31.88
2026-09-27 17:24:58.885 | INFO     | plugrl_env_client.runner.rollout:log_timing_summary:98 - Intermediate rollout timing summary: env_steps=562387 infer_calls=140597 feedback_calls=140596 infer_wait=13360.283s infer_obs_pack=6.657s env_step=4197.841s feedback_total=29.936s feedback_obs_pack=9.511s feedback_info_pack=0.478s effective_fps=31.96
2026-09-27 17:24:58.888 | INFO     | plugrl_env_client.runner.rollout:log_timing_summary:98 - Intermediate rollout timing summary: env_steps=562388 infer_calls=140597 feedback_calls=140597 infer_wait=13358.869s infer_obs_pack=6.671s env_step=4199.388s feedback_total=29.731s feedback_obs_pack=9.495s feedback_info_pack=0.489s effective_fps=31.96
2026-09-27 17:24:58.908 | INFO     | plugrl_env_client.runner.rollout:log_timing_summary:98 - Intermediate rollout timing summary: env_steps=562401 infer_calls=140601 feedback_calls=140600 infer_wait=13314.384s infer_obs_pack=6.649s env_step=4243.200s feedback_total=29.730s feedback_obs_pack=9.476s feedback_info_pack=0.490s effective_fps=31.97
2026-09-27 17:25:28.887 | INFO     | plugrl_env_client.runner.rollout:log_timing_summary:98 - Intermediate rollout timing summary: env_steps=564766 infer_calls=141192 feedback_calls=141191 infer_wait=13372.250s infer_obs_pack=6.685s env_step=4215.627s feedback_total=30.060s feedback_obs_pack=9.550s feedback_info_pack=0.480s effective_fps=32.04
2026-09-27 17:25:28.895 | INFO     | plugrl_env_client.runner.rollout:log_timing_summary:98 - Intermediate rollout timing summary: env_steps=564766 infer_calls=141192 feedback_calls=141191 infer_wait=13370.342s infer_obs_pack=6.700s env_step=4217.670s feedback_total=29.859s feedback_obs_pack=9.535s feedback_info_pack=0.491s effective_fps=32.04
2026-09-27 17:25:28.932 | INFO     | plugrl_env_client.runner.rollout:log_timing_summary:98 - Intermediate rollout timing summary: env_steps=564781 infer_calls=141196 feedback_calls=141195 infer_wait=13326.125s infer_obs_pack=6.677s env_step=4261.229s feedback_total=29.858s feedback_obs_pack=9.516s feedback_info_pack=0.492s effective_fps=32.05
2026-09-27 17:25:58.893 | INFO     | plugrl_env_client.runner.rollout:log_timing_summary:98 - Intermediate rollout timing summary: env_steps=567225 infer_calls=141807 feedback_calls=141806 infer_wait=13383.672s infer_obs_pack=6.713s env_step=4233.949s feedback_total=30.190s feedback_obs_pack=9.591s feedback_info_pack=0.482s effective_fps=32.13
2026-09-27 17:25:58.896 | INFO     | plugrl_env_client.runner.rollout:log_timing_summary:98 - Intermediate rollout timing summary: env_steps=567226 infer_calls=141807 feedback_calls=141806 infer_wait=13382.363s infer_obs_pack=6.728s env_step=4235.386s feedback_total=29.996s feedback_obs_pack=9.577s feedback_info_pack=0.493s effective_fps=32.13
2026-09-27 17:25:58.937 | INFO     | plugrl_env_client.runner.rollout:log_timing_summary:98 - Intermediate rollout timing summary: env_steps=567242 infer_calls=141811 feedback_calls=141810 infer_wait=13337.828s infer_obs_pack=6.707s env_step=4279.267s feedback_total=29.986s feedback_obs_pack=9.555s feedback_info_pack=0.494s effective_fps=32.13
2026-09-27 17:26:28.896 | INFO     | plugrl_env_client.runner.rollout:log_timing_summary:98 - Intermediate rollout timing summary: env_steps=569726 infer_calls=142432 feedback_calls=142431 infer_wait=13395.356s infer_obs_pack=6.745s env_step=4251.999s feedback_total=30.324s feedback_obs_pack=9.632s feedback_info_pack=0.484s effective_fps=32.22
2026-09-27 17:26:28.897 | INFO     | plugrl_env_client.runner.rollout:log_timing_summary:98 - Intermediate rollout timing summary: env_steps=569726 infer_calls=142432 feedback_calls=142431 infer_wait=13393.782s infer_obs_pack=6.756s env_step=4253.703s feedback_total=30.128s feedback_obs_pack=9.618s feedback_info_pack=0.495s effective_fps=32.22
2026-09-27 17:26:28.939 | INFO     | plugrl_env_client.runner.rollout:log_timing_summary:98 - Intermediate rollout timing summary: env_steps=569742 infer_calls=142436 feedback_calls=142435 infer_wait=13349.642s infer_obs_pack=6.737s env_step=4297.173s feedback_total=30.126s feedback_obs_pack=9.595s feedback_info_pack=0.496s effective_fps=32.22
2026-09-27 17:26:58.910 | INFO     | plugrl_env_client.runner.rollout:log_timing_summary:98 - Intermediate rollout timing summary: env_steps=572233 infer_calls=143059 feedback_calls=143058 infer_wait=13407.207s infer_obs_pack=6.773s env_step=4269.890s feedback_total=30.468s feedback_obs_pack=9.675s feedback_info_pack=0.486s effective_fps=32.30
2026-09-27 17:26:58.917 | INFO     | plugrl_env_client.runner.rollout:log_timing_summary:98 - Intermediate rollout timing summary: env_steps=572233 infer_calls=143059 feedback_calls=143058 infer_wait=13405.412s infer_obs_pack=6.784s env_step=4271.832s feedback_total=30.261s feedback_obs_pack=9.658s feedback_info_pack=0.497s effective_fps=32.30
2026-09-27 17:26:58.964 | INFO     | plugrl_env_client.runner.rollout:log_timing_summary:98 - Intermediate rollout timing summary: env_steps=572249 infer_calls=143063 feedback_calls=143062 infer_wait=13361.469s infer_obs_pack=6.765s env_step=4315.107s feedback_total=30.258s feedback_obs_pack=9.635s feedback_info_pack=0.498s effective_fps=32.31
2026-09-27 17:27:28.922 | INFO     | plugrl_env_client.runner.rollout:log_timing_summary:98 - Intermediate rollout timing summary: env_steps=574858 infer_calls=143715 feedback_calls=143714 infer_wait=13417.011s infer_obs_pack=6.813s env_step=4289.958s feedback_total=30.408s feedback_obs_pack=9.703s feedback_info_pack=0.499s effective_fps=32.40
2026-09-27 17:27:28.923 | INFO     | plugrl_env_client.runner.rollout:log_timing_summary:98 - Intermediate rollout timing summary: env_steps=574857 infer_calls=143715 feedback_calls=143714 infer_wait=13418.472s infer_obs_pack=6.804s env_step=4288.369s feedback_total=30.603s feedback_obs_pack=9.717s feedback_info_pack=0.489s effective_fps=32.40
2026-09-27 17:27:28.974 | INFO     | plugrl_env_client.runner.rollout:log_timing_summary:98 - Intermediate rollout timing summary: env_steps=574873 infer_calls=143719 feedback_calls=143718 infer_wait=13372.937s infer_obs_pack=6.793s env_step=4333.370s feedback_total=30.404s feedback_obs_pack=9.680s feedback_info_pack=0.501s effective_fps=32.40
2026-09-27 17:27:58.923 | INFO     | plugrl_env_client.runner.rollout:log_timing_summary:98 - Intermediate rollout timing summary: env_steps=577599 infer_calls=144400 feedback_calls=144399 infer_wait=13428.359s infer_obs_pack=6.843s env_step=4308.334s feedback_total=30.551s feedback_obs_pack=9.746s feedback_info_pack=0.502s effective_fps=32.50
2026-09-27 17:27:58.924 | INFO     | plugrl_env_client.runner.rollout:log_timing_summary:98 - Intermediate rollout timing summary: env_steps=577598 infer_calls=144400 feedback_calls=144399 infer_wait=13429.759s infer_obs_pack=6.833s env_step=4306.803s feedback_total=30.752s feedback_obs_pack=9.759s feedback_info_pack=0.491s effective_fps=32.50
2026-09-27 17:27:58.990 | INFO     | plugrl_env_client.runner.rollout:log_timing_summary:98 - Intermediate rollout timing summary: env_steps=577617 infer_calls=144405 feedback_calls=144404 infer_wait=13384.133s infer_obs_pack=6.822s env_step=4351.914s feedback_total=30.545s feedback_obs_pack=9.721s feedback_info_pack=0.503s effective_fps=32.50
2026-09-27 17:28:28.943 | INFO     | plugrl_env_client.runner.rollout:log_timing_summary:98 - Intermediate rollout timing summary: env_steps=580545 infer_calls=145137 feedback_calls=145136 infer_wait=13439.260s infer_obs_pack=6.873s env_step=4327.184s feedback_total=30.685s feedback_obs_pack=9.789s feedback_info_pack=0.504s effective_fps=32.61
2026-09-27 17:28:28.943 | INFO     | plugrl_env_client.runner.rollout:log_timing_summary:98 - Intermediate rollout timing summary: env_steps=580545 infer_calls=145137 feedback_calls=145136 infer_wait=13440.423s infer_obs_pack=6.863s env_step=4325.880s feedback_total=30.895s feedback_obs_pack=9.805s feedback_info_pack=0.494s effective_fps=32.61
2026-09-27 17:28:28.992 | INFO     | plugrl_env_client.runner.rollout:log_timing_summary:98 - Intermediate rollout timing summary: env_steps=580562 infer_calls=145141 feedback_calls=145140 infer_wait=13395.264s infer_obs_pack=6.852s env_step=4370.514s feedback_total=30.681s feedback_obs_pack=9.764s feedback_info_pack=0.505s effective_fps=32.61
2026-09-27 17:28:58.951 | INFO     | plugrl_env_client.runner.rollout:log_timing_summary:98 - Intermediate rollout timing summary: env_steps=583505 infer_calls=145877 feedback_calls=145876 infer_wait=13450.017s infer_obs_pack=6.905s env_step=4346.158s feedback_total=30.824s feedback_obs_pack=9.832s feedback_info_pack=0.506s effective_fps=32.72
2026-09-27 17:28:58.958 | INFO     | plugrl_env_client.runner.rollout:log_timing_summary:98 - Intermediate rollout timing summary: env_steps=583505 infer_calls=145877 feedback_calls=145876 infer_wait=13451.171s infer_obs_pack=6.894s env_step=4344.864s feedback_total=31.039s feedback_obs_pack=9.848s feedback_info_pack=0.497s effective_fps=32.72
2026-09-27 17:28:58.996 | INFO     | plugrl_env_client.runner.rollout:log_timing_summary:98 - Intermediate rollout timing summary: env_steps=583521 infer_calls=145881 feedback_calls=145880 infer_wait=13405.783s infer_obs_pack=6.883s env_step=4389.724s feedback_total=30.817s feedback_obs_pack=9.806s feedback_info_pack=0.507s effective_fps=32.72
2026-09-27 17:29:28.961 | INFO     | plugrl_env_client.runner.rollout:log_timing_summary:98 - Intermediate rollout timing summary: env_steps=586417 infer_calls=146605 feedback_calls=146604 infer_wait=13461.932s infer_obs_pack=6.924s env_step=4363.831s feedback_total=31.175s feedback_obs_pack=9.891s feedback_info_pack=0.499s effective_fps=32.83
2026-09-27 17:29:28.962 | INFO     | plugrl_env_client.runner.rollout:log_timing_summary:98 - Intermediate rollout timing summary: env_steps=586417 infer_calls=146605 feedback_calls=146604 infer_wait=13461.330s infer_obs_pack=6.935s env_step=4364.573s feedback_total=30.964s feedback_obs_pack=9.874s feedback_info_pack=0.509s effective_fps=32.83
2026-09-27 17:29:28.997 | INFO     | plugrl_env_client.runner.rollout:log_timing_summary:98 - Intermediate rollout timing summary: env_steps=586433 infer_calls=146609 feedback_calls=146608 infer_wait=13416.692s infer_obs_pack=6.913s env_step=4408.541s feedback_total=30.954s feedback_obs_pack=9.849s feedback_info_pack=0.510s effective_fps=32.83
2026-09-27 17:37:18.739 | INFO     | plugrl_env_client.runner.rollout:log_timing_summary:98 - Intermediate rollout timing summary: env_steps=586665 infer_calls=146667 feedback_calls=146666 infer_wait=13929.469s infer_obs_pack=6.938s env_step=4366.190s feedback_total=30.975s feedback_obs_pack=9.877s feedback_info_pack=0.509s effective_fps=32.00
2026-09-27 17:37:18.740 | INFO     | plugrl_env_client.runner.rollout:log_timing_summary:98 - Intermediate rollout timing summary: env_steps=586665 infer_calls=146667 feedback_calls=146666 infer_wait=13930.080s infer_obs_pack=6.927s env_step=4365.439s feedback_total=31.187s feedback_obs_pack=9.895s feedback_info_pack=0.499s effective_fps=32.00
2026-09-27 17:37:18.743 | INFO     | plugrl_env_client.runner.rollout:log_timing_summary:98 - Intermediate rollout timing summary: env_steps=586677 infer_calls=146670 feedback_calls=146669 infer_wait=13884.813s infer_obs_pack=6.916s env_step=4410.144s feedback_total=30.966s feedback_obs_pack=9.852s feedback_info_pack=0.510s effective_fps=32.00
2026-09-27 17:37:48.765 | INFO     | plugrl_env_client.runner.rollout:log_timing_summary:98 - Intermediate rollout timing summary: env_steps=589525 infer_calls=147382 feedback_calls=147381 infer_wait=13940.535s infer_obs_pack=6.968s env_step=4384.888s feedback_total=31.104s feedback_obs_pack=9.919s feedback_info_pack=0.511s effective_fps=32.10
2026-09-27 17:37:48.766 | INFO     | plugrl_env_client.runner.rollout:log_timing_summary:98 - Intermediate rollout timing summary: env_steps=589537 infer_calls=147385 feedback_calls=147384 infer_wait=13895.678s infer_obs_pack=6.947s env_step=4429.029s feedback_total=31.102s feedback_obs_pack=9.898s feedback_info_pack=0.512s effective_fps=32.11
2026-09-27 17:37:48.770 | INFO     | plugrl_env_client.runner.rollout:log_timing_summary:98 - Intermediate rollout timing summary: env_steps=589525 infer_calls=147382 feedback_calls=147381 infer_wait=13940.835s infer_obs_pack=6.958s env_step=4384.437s feedback_total=31.327s feedback_obs_pack=9.941s feedback_info_pack=0.501s effective_fps=32.10
2026-09-27 17:38:18.767 | INFO     | plugrl_env_client.runner.rollout:log_timing_summary:98 - Intermediate rollout timing summary: env_steps=592443 infer_calls=148111 feedback_calls=148110 infer_wait=13951.556s infer_obs_pack=6.999s env_step=4403.588s feedback_total=31.239s feedback_obs_pack=9.962s feedback_info_pack=0.513s effective_fps=32.21
2026-09-27 17:38:18.769 | INFO     | plugrl_env_client.runner.rollout:log_timing_summary:98 - Intermediate rollout timing summary: env_steps=592456 infer_calls=148114 feedback_calls=148114 infer_wait=13906.524s infer_obs_pack=6.978s env_step=4447.902s feedback_total=31.243s feedback_obs_pack=9.944s feedback_info_pack=0.515s effective_fps=32.21
2026-09-27 17:38:18.791 | INFO     | plugrl_env_client.runner.rollout:log_timing_summary:98 - Intermediate rollout timing summary: env_steps=592445 infer_calls=148112 feedback_calls=148111 infer_wait=13952.110s infer_obs_pack=6.988s env_step=4402.899s feedback_total=31.470s feedback_obs_pack=9.985s feedback_info_pack=0.503s effective_fps=32.21
2026-09-27 17:38:48.774 | INFO     | plugrl_env_client.runner.rollout:log_timing_summary:98 - Intermediate rollout timing summary: env_steps=595253 infer_calls=148814 feedback_calls=148813 infer_wait=13963.046s infer_obs_pack=7.029s env_step=4421.844s feedback_total=31.367s feedback_obs_pack=10.004s feedback_info_pack=0.516s effective_fps=32.31
2026-09-27 17:38:48.775 | INFO     | plugrl_env_client.runner.rollout:log_timing_summary:98 - Intermediate rollout timing summary: env_steps=595265 infer_calls=148817 feedback_calls=148816 infer_wait=13917.508s infer_obs_pack=7.008s env_step=4466.662s feedback_total=31.372s feedback_obs_pack=9.986s feedback_info_pack=0.517s effective_fps=32.31
2026-09-27 17:38:48.792 | INFO     | plugrl_env_client.runner.rollout:log_timing_summary:98 - Intermediate rollout timing summary: env_steps=595256 infer_calls=148814 feedback_calls=148814 infer_wait=13963.309s infer_obs_pack=7.018s env_step=4421.432s feedback_total=31.603s feedback_obs_pack=10.027s feedback_info_pack=0.506s effective_fps=32.31
2026-09-27 17:39:18.776 | INFO     | plugrl_env_client.runner.rollout:log_timing_summary:98 - Intermediate rollout timing summary: env_steps=598079 infer_calls=149520 feedback_calls=149519 infer_wait=13928.753s infer_obs_pack=7.037s env_step=4485.159s feedback_total=31.497s feedback_obs_pack=10.027s feedback_info_pack=0.519s effective_fps=32.41
2026-09-27 17:39:18.777 | INFO     | plugrl_env_client.runner.rollout:log_timing_summary:98 - Intermediate rollout timing summary: env_steps=598067 infer_calls=149517 feedback_calls=149516 infer_wait=13974.340s infer_obs_pack=7.059s env_step=4440.292s feedback_total=31.493s feedback_obs_pack=10.045s feedback_info_pack=0.518s effective_fps=32.41
2026-09-27 17:39:18.801 | INFO     | plugrl_env_client.runner.rollout:log_timing_summary:98 - Intermediate rollout timing summary: env_steps=598069 infer_calls=149518 feedback_calls=149517 infer_wait=13974.751s infer_obs_pack=7.047s env_step=4439.741s feedback_total=31.729s feedback_obs_pack=10.069s feedback_info_pack=0.508s effective_fps=32.41
2026-09-27 17:39:48.777 | INFO     | plugrl_env_client.runner.rollout:log_timing_summary:98 - Intermediate rollout timing summary: env_steps=600960 infer_calls=150240 feedback_calls=150240 infer_wait=13939.731s infer_obs_pack=7.068s env_step=4503.912s feedback_total=31.629s feedback_obs_pack=10.070s feedback_info_pack=0.521s effective_fps=32.52
2026-09-27 17:39:48.779 | INFO     | plugrl_env_client.runner.rollout:log_timing_summary:98 - Intermediate rollout timing summary: env_steps=600948 infer_calls=150237 feedback_calls=150237 infer_wait=13985.397s infer_obs_pack=7.089s env_step=4458.971s feedback_total=31.624s feedback_obs_pack=10.087s feedback_info_pack=0.520s effective_fps=32.51
2026-09-27 17:39:48.803 | INFO     | plugrl_env_client.runner.rollout:log_timing_summary:98 - Intermediate rollout timing summary: env_steps=600950 infer_calls=150238 feedback_calls=150237 infer_wait=13985.970s infer_obs_pack=7.080s env_step=4458.255s feedback_total=31.858s feedback_obs_pack=10.111s feedback_info_pack=0.510s effective_fps=32.51
2026-09-27 17:40:18.781 | INFO     | plugrl_env_client.runner.rollout:log_timing_summary:98 - Intermediate rollout timing summary: env_steps=603841 infer_calls=150961 feedback_calls=150960 infer_wait=13996.401s infer_obs_pack=7.120s env_step=4477.696s feedback_total=31.764s feedback_obs_pack=10.130s feedback_info_pack=0.522s effective_fps=32.62
2026-09-27 17:40:18.782 | INFO     | plugrl_env_client.runner.rollout:log_timing_summary:98 - Intermediate rollout timing summary: env_steps=603853 infer_calls=150964 feedback_calls=150963 infer_wait=13950.910s infer_obs_pack=7.098s env_step=4522.465s feedback_total=31.764s feedback_obs_pack=10.113s feedback_info_pack=0.524s effective_fps=32.62
2026-09-27 17:40:18.819 | INFO     | plugrl_env_client.runner.rollout:log_timing_summary:98 - Intermediate rollout timing summary: env_steps=603845 infer_calls=150962 feedback_calls=150961 infer_wait=13996.875s infer_obs_pack=7.110s env_step=4477.100s feedback_total=31.988s feedback_obs_pack=10.154s feedback_info_pack=0.512s effective_fps=32.62
2026-09-27 17:40:48.796 | INFO     | plugrl_env_client.runner.rollout:log_timing_summary:98 - Intermediate rollout timing summary: env_steps=606761 infer_calls=151691 feedback_calls=151690 infer_wait=14007.138s infer_obs_pack=7.151s env_step=4496.697s feedback_total=31.901s feedback_obs_pack=10.173s feedback_info_pack=0.525s effective_fps=32.72
2026-09-27 17:40:48.797 | INFO     | plugrl_env_client.runner.rollout:log_timing_summary:98 - Intermediate rollout timing summary: env_steps=606773 infer_calls=151694 feedback_calls=151693 infer_wait=13961.628s infer_obs_pack=7.129s env_step=4541.490s feedback_total=31.898s feedback_obs_pack=10.159s feedback_info_pack=0.526s effective_fps=32.72
2026-09-27 17:40:48.837 | INFO     | plugrl_env_client.runner.rollout:log_timing_summary:98 - Intermediate rollout timing summary: env_steps=606765 infer_calls=151692 feedback_calls=151691 infer_wait=14007.836s infer_obs_pack=7.141s env_step=4495.887s feedback_total=32.120s feedback_obs_pack=10.197s feedback_info_pack=0.514s effective_fps=32.72
2026-09-27 17:41:18.822 | INFO     | plugrl_env_client.runner.rollout:log_timing_summary:98 - Intermediate rollout timing summary: env_steps=609685 infer_calls=152422 feedback_calls=152421 infer_wait=13972.167s infer_obs_pack=7.159s env_step=4560.702s feedback_total=32.029s feedback_obs_pack=10.202s feedback_info_pack=0.528s effective_fps=32.83
2026-09-27 17:41:18.826 | INFO     | plugrl_env_client.runner.rollout:log_timing_summary:98 - Intermediate rollout timing summary: env_steps=609673 infer_calls=152419 feedback_calls=152418 infer_wait=14018.405s infer_obs_pack=7.181s env_step=4515.172s feedback_total=32.044s feedback_obs_pack=10.217s feedback_info_pack=0.527s effective_fps=32.83
2026-09-27 17:41:18.840 | INFO     | plugrl_env_client.runner.rollout:log_timing_summary:98 - Intermediate rollout timing summary: env_steps=609676 infer_calls=152419 feedback_calls=152419 infer_wait=14018.907s infer_obs_pack=7.172s env_step=4514.541s feedback_total=32.254s feedback_obs_pack=10.241s feedback_info_pack=0.517s effective_fps=32.83
2026-09-27 17:41:48.824 | INFO     | plugrl_env_client.runner.rollout:log_timing_summary:98 - Intermediate rollout timing summary: env_steps=612572 infer_calls=153143 feedback_calls=153143 infer_wait=13982.865s infer_obs_pack=7.192s env_step=4579.732s feedback_total=32.164s feedback_obs_pack=10.244s feedback_info_pack=0.531s effective_fps=32.93
2026-09-27 17:41:48.843 | INFO     | plugrl_env_client.runner.rollout:log_timing_summary:98 - Intermediate rollout timing summary: env_steps=612561 infer_calls=153141 feedback_calls=153140 infer_wait=14029.577s infer_obs_pack=7.212s env_step=4533.748s feedback_total=32.179s feedback_obs_pack=10.259s feedback_info_pack=0.529s effective_fps=32.93
2026-09-27 17:41:48.843 | INFO     | plugrl_env_client.runner.rollout:log_timing_summary:98 - Intermediate rollout timing summary: env_steps=612561 infer_calls=153141 feedback_calls=153140 infer_wait=14029.667s infer_obs_pack=7.202s env_step=4533.510s feedback_total=32.395s feedback_obs_pack=10.286s feedback_info_pack=0.519s effective_fps=32.93
2026-09-27 17:49:42.862 | INFO     | plugrl_env_client.runner.rollout:log_timing_summary:98 - Intermediate rollout timing summary: env_steps=613345 infer_calls=153337 feedback_calls=153336 infer_wait=14451.726s infer_obs_pack=7.200s env_step=4584.832s feedback_total=32.205s feedback_obs_pack=10.256s feedback_info_pack=0.531s effective_fps=32.15
2026-09-27 17:49:42.865 | INFO     | plugrl_env_client.runner.rollout:log_timing_summary:98 - Intermediate rollout timing summary: env_steps=613333 infer_calls=153334 feedback_calls=153333 infer_wait=14498.652s infer_obs_pack=7.210s env_step=4538.473s feedback_total=32.431s feedback_obs_pack=10.297s feedback_info_pack=0.519s effective_fps=32.15
2026-09-27 17:49:42.867 | INFO     | plugrl_env_client.runner.rollout:log_timing_summary:98 - Intermediate rollout timing summary: env_steps=613333 infer_calls=153334 feedback_calls=153333 infer_wait=14498.524s infer_obs_pack=7.221s env_step=4538.750s feedback_total=32.217s feedback_obs_pack=10.271s feedback_info_pack=0.530s effective_fps=32.15
2026-09-27 17:50:12.864 | INFO     | plugrl_env_client.runner.rollout:log_timing_summary:98 - Intermediate rollout timing summary: env_steps=616245 infer_calls=154062 feedback_calls=154061 infer_wait=14462.317s infer_obs_pack=7.230s env_step=4603.975s feedback_total=32.337s feedback_obs_pack=10.297s feedback_info_pack=0.533s effective_fps=32.25
2026-09-27 17:50:12.870 | INFO     | plugrl_env_client.runner.rollout:log_timing_summary:98 - Intermediate rollout timing summary: env_steps=616234 infer_calls=154059 feedback_calls=154058 infer_wait=14509.429s infer_obs_pack=7.251s env_step=4557.576s feedback_total=32.358s feedback_obs_pack=10.315s feedback_info_pack=0.532s effective_fps=32.25
2026-09-27 17:50:12.870 | INFO     | plugrl_env_client.runner.rollout:log_timing_summary:98 - Intermediate rollout timing summary: env_steps=616234 infer_calls=154059 feedback_calls=154058 infer_wait=14509.721s infer_obs_pack=7.241s env_step=4557.136s feedback_total=32.573s feedback_obs_pack=10.339s feedback_info_pack=0.522s effective_fps=32.25
2026-09-27 17:50:42.866 | INFO     | plugrl_env_client.runner.rollout:log_timing_summary:98 - Intermediate rollout timing summary: env_steps=619107 infer_calls=154777 feedback_calls=154776 infer_wait=14473.358s infer_obs_pack=7.260s env_step=4622.667s feedback_total=32.472s feedback_obs_pack=10.340s feedback_info_pack=0.536s effective_fps=32.35
2026-09-27 17:50:42.872 | INFO     | plugrl_env_client.runner.rollout:log_timing_summary:98 - Intermediate rollout timing summary: env_steps=619096 infer_calls=154774 feedback_calls=154774 infer_wait=14520.573s infer_obs_pack=7.280s env_step=4576.167s feedback_total=32.489s feedback_obs_pack=10.357s feedback_info_pack=0.534s effective_fps=32.35
2026-09-27 17:50:42.874 | INFO     | plugrl_env_client.runner.rollout:log_timing_summary:98 - Intermediate rollout timing summary: env_steps=619096 infer_calls=154774 feedback_calls=154774 infer_wait=14520.355s infer_obs_pack=7.270s env_step=4576.242s feedback_total=32.706s feedback_obs_pack=10.381s feedback_info_pack=0.524s effective_fps=32.35
2026-09-27 17:51:12.870 | INFO     | plugrl_env_client.runner.rollout:log_timing_summary:98 - Intermediate rollout timing summary: env_steps=622014 infer_calls=155504 feedback_calls=155503 infer_wait=14484.322s infer_obs_pack=7.293s env_step=4641.425s feedback_total=32.609s feedback_obs_pack=10.384s feedback_info_pack=0.538s effective_fps=32.45
2026-09-27 17:51:12.874 | INFO     | plugrl_env_client.runner.rollout:log_timing_summary:98 - Intermediate rollout timing summary: env_steps=622003 infer_calls=155501 feedback_calls=155500 infer_wait=14531.633s infer_obs_pack=7.311s env_step=4594.839s feedback_total=32.623s feedback_obs_pack=10.399s feedback_info_pack=0.537s effective_fps=32.45
2026-09-27 17:51:12.877 | INFO     | plugrl_env_client.runner.rollout:log_timing_summary:98 - Intermediate rollout timing summary: env_steps=622003 infer_calls=155501 feedback_calls=155500 infer_wait=14531.483s infer_obs_pack=7.300s env_step=4594.847s feedback_total=32.842s feedback_obs_pack=10.423s feedback_info_pack=0.526s effective_fps=32.45
2026-09-27 17:51:42.875 | INFO     | plugrl_env_client.runner.rollout:log_timing_summary:98 - Intermediate rollout timing summary: env_steps=624864 infer_calls=156216 feedback_calls=156216 infer_wait=14495.484s infer_obs_pack=7.323s env_step=4659.999s feedback_total=32.745s feedback_obs_pack=10.430s feedback_info_pack=0.540s effective_fps=32.55
2026-09-27 17:51:42.878 | INFO     | plugrl_env_client.runner.rollout:log_timing_summary:98 - Intermediate rollout timing summary: env_steps=624852 infer_calls=156213 feedback_calls=156213 infer_wait=14542.993s infer_obs_pack=7.341s env_step=4613.222s feedback_total=32.754s feedback_obs_pack=10.440s feedback_info_pack=0.539s effective_fps=32.55
2026-09-27 17:51:42.882 | INFO     | plugrl_env_client.runner.rollout:log_timing_summary:98 - Intermediate rollout timing summary: env_steps=624852 infer_calls=156213 feedback_calls=156213 infer_wait=14542.603s infer_obs_pack=7.330s env_step=4613.461s feedback_total=32.972s feedback_obs_pack=10.465s feedback_info_pack=0.528s effective_fps=32.55
2026-09-27 17:52:12.880 | INFO     | plugrl_env_client.runner.rollout:log_timing_summary:98 - Intermediate rollout timing summary: env_steps=627657 infer_calls=156915 feedback_calls=156914 infer_wait=14506.815s infer_obs_pack=7.353s env_step=4678.407s feedback_total=32.877s feedback_obs_pack=10.471s feedback_info_pack=0.542s effective_fps=32.65
2026-09-27 17:52:12.883 | INFO     | plugrl_env_client.runner.rollout:log_timing_summary:98 - Intermediate rollout timing summary: env_steps=627646 infer_calls=156912 feedback_calls=156911 infer_wait=14554.323s infer_obs_pack=7.371s env_step=4631.631s feedback_total=32.883s feedback_obs_pack=10.483s feedback_info_pack=0.541s effective_fps=32.65
2026-09-27 17:52:12.884 | INFO     | plugrl_env_client.runner.rollout:log_timing_summary:98 - Intermediate rollout timing summary: env_steps=627646 infer_calls=156912 feedback_calls=156911 infer_wait=14553.909s infer_obs_pack=7.359s env_step=4631.898s feedback_total=33.101s feedback_obs_pack=10.507s feedback_info_pack=0.530s effective_fps=32.65
2026-09-27 17:52:42.883 | INFO     | plugrl_env_client.runner.rollout:log_timing_summary:98 - Intermediate rollout timing summary: env_steps=630540 infer_calls=157635 feedback_calls=157635 infer_wait=14517.348s infer_obs_pack=7.383s env_step=4697.605s feedback_total=33.010s feedback_obs_pack=10.514s feedback_info_pack=0.545s effective_fps=32.75
2026-09-27 17:52:42.885 | INFO     | plugrl_env_client.runner.rollout:log_timing_summary:98 - Intermediate rollout timing summary: env_steps=630528 infer_calls=157632 feedback_calls=157632 infer_wait=14564.980s infer_obs_pack=7.389s env_step=4650.549s feedback_total=33.245s feedback_obs_pack=10.551s feedback_info_pack=0.533s effective_fps=32.74
2026-09-27 17:52:42.903 | INFO     | plugrl_env_client.runner.rollout:log_timing_summary:98 - Intermediate rollout timing summary: env_steps=630529 infer_calls=157633 feedback_calls=157632 infer_wait=14565.193s infer_obs_pack=7.401s env_step=4650.505s feedback_total=33.022s feedback_obs_pack=10.525s feedback_info_pack=0.544s effective_fps=32.74
2026-09-27 17:53:12.888 | INFO     | plugrl_env_client.runner.rollout:log_timing_summary:98 - Intermediate rollout timing summary: env_steps=633437 infer_calls=158360 feedback_calls=158359 infer_wait=14528.042s infer_obs_pack=7.414s env_step=4716.635s feedback_total=33.153s feedback_obs_pack=10.557s feedback_info_pack=0.547s effective_fps=32.85
2026-09-27 17:53:12.889 | INFO     | plugrl_env_client.runner.rollout:log_timing_summary:98 - Intermediate rollout timing summary: env_steps=633425 infer_calls=158357 feedback_calls=158356 infer_wait=14575.752s infer_obs_pack=7.421s env_step=4669.497s feedback_total=33.392s feedback_obs_pack=10.595s feedback_info_pack=0.536s effective_fps=32.84
2026-09-27 17:53:12.910 | INFO     | plugrl_env_client.runner.rollout:log_timing_summary:98 - Intermediate rollout timing summary: env_steps=633428 infer_calls=158357 feedback_calls=158357 infer_wait=14576.084s infer_obs_pack=7.432s env_step=4669.341s feedback_total=33.166s feedback_obs_pack=10.568s feedback_info_pack=0.546s effective_fps=32.84
2026-09-27 17:53:42.892 | INFO     | plugrl_env_client.runner.rollout:log_timing_summary:98 - Intermediate rollout timing summary: env_steps=636346 infer_calls=159087 feedback_calls=159086 infer_wait=14586.419s infer_obs_pack=7.451s env_step=4688.561s feedback_total=33.530s feedback_obs_pack=10.638s feedback_info_pack=0.538s effective_fps=32.94
2026-09-27 17:53:42.892 | INFO     | plugrl_env_client.runner.rollout:log_timing_summary:98 - Intermediate rollout timing summary: env_steps=636357 infer_calls=159090 feedback_calls=159089 infer_wait=14539.141s infer_obs_pack=7.445s env_step=4735.260s feedback_total=33.295s feedback_obs_pack=10.600s feedback_info_pack=0.549s effective_fps=32.95
2026-09-27 17:53:42.934 | INFO     | plugrl_env_client.runner.rollout:log_timing_summary:98 - Intermediate rollout timing summary: env_steps=636349 infer_calls=159088 feedback_calls=159087 infer_wait=14586.749s infer_obs_pack=7.464s env_step=4688.418s feedback_total=33.310s feedback_obs_pack=10.611s feedback_info_pack=0.548s effective_fps=32.94
2026-09-27 17:54:12.903 | INFO     | plugrl_env_client.runner.rollout:log_timing_summary:98 - Intermediate rollout timing summary: env_steps=639245 infer_calls=159812 feedback_calls=159811 infer_wait=14549.992s infer_obs_pack=7.478s env_step=4754.135s feedback_total=33.436s feedback_obs_pack=10.644s feedback_info_pack=0.551s effective_fps=33.04
2026-09-27 17:54:12.906 | INFO     | plugrl_env_client.runner.rollout:log_timing_summary:98 - Intermediate rollout timing summary: env_steps=639233 infer_calls=159809 feedback_calls=159808 infer_wait=14597.289s infer_obs_pack=7.481s env_step=4707.423s feedback_total=33.674s feedback_obs_pack=10.686s feedback_info_pack=0.540s effective_fps=33.04
2026-09-27 17:54:12.938 | INFO     | plugrl_env_client.runner.rollout:log_timing_summary:98 - Intermediate rollout timing summary: env_steps=639237 infer_calls=159810 feedback_calls=159809 infer_wait=14597.624s infer_obs_pack=7.495s env_step=4707.265s feedback_total=33.452s feedback_obs_pack=10.656s feedback_info_pack=0.551s effective_fps=33.04
2026-09-27 18:02:13.807 | INFO     | plugrl_env_client.runner.rollout:log_timing_summary:98 - Intermediate rollout timing summary: env_steps=640001 infer_calls=160001 feedback_calls=160000 infer_wait=15073.278s infer_obs_pack=7.503s env_step=4712.409s feedback_total=33.487s feedback_obs_pack=10.667s feedback_info_pack=0.551s effective_fps=32.28
2026-09-27 18:02:13.808 | INFO     | plugrl_env_client.runner.rollout:log_timing_summary:98 - Intermediate rollout timing summary: env_steps=640013 infer_calls=160004 feedback_calls=160003 infer_wait=15025.851s infer_obs_pack=7.487s env_step=4759.105s feedback_total=33.474s feedback_obs_pack=10.656s feedback_info_pack=0.552s effective_fps=32.28
2026-09-27 18:02:13.808 | INFO     | plugrl_env_client.runner.rollout:log_timing_summary:98 - Intermediate rollout timing summary: env_steps=640001 infer_calls=160001 feedback_calls=160000 infer_wait=15073.095s infer_obs_pack=7.489s env_step=4712.438s feedback_total=33.718s feedback_obs_pack=10.698s feedback_info_pack=0.541s effective_fps=32.28
2026-09-27 18:02:43.817 | INFO     | plugrl_env_client.runner.rollout:log_timing_summary:98 - Intermediate rollout timing summary: env_steps=642705 infer_calls=160677 feedback_calls=160676 infer_wait=15084.381s infer_obs_pack=7.531s env_step=4731.068s feedback_total=33.608s feedback_obs_pack=10.709s feedback_info_pack=0.554s effective_fps=32.37
2026-09-27 18:02:43.819 | INFO     | plugrl_env_client.runner.rollout:log_timing_summary:98 - Intermediate rollout timing summary: env_steps=642705 infer_calls=160677 feedback_calls=160676 infer_wait=15084.170s infer_obs_pack=7.518s env_step=4731.121s feedback_total=33.843s feedback_obs_pack=10.740s feedback_info_pack=0.543s effective_fps=32.37
2026-09-27 18:02:43.821 | INFO     | plugrl_env_client.runner.rollout:log_timing_summary:98 - Intermediate rollout timing summary: env_steps=642717 infer_calls=160680 feedback_calls=160679 infer_wait=15037.213s infer_obs_pack=7.516s env_step=4777.497s feedback_total=33.601s feedback_obs_pack=10.697s feedback_info_pack=0.554s effective_fps=32.37
2026-09-27 18:03:13.822 | INFO     | plugrl_env_client.runner.rollout:log_timing_summary:98 - Intermediate rollout timing summary: env_steps=645571 infer_calls=161393 feedback_calls=161392 infer_wait=15048.142s infer_obs_pack=7.546s env_step=4796.306s feedback_total=33.729s feedback_obs_pack=10.739s feedback_info_pack=0.557s effective_fps=32.46
2026-09-27 18:03:13.822 | INFO     | plugrl_env_client.runner.rollout:log_timing_summary:98 - Intermediate rollout timing summary: env_steps=645559 infer_calls=161390 feedback_calls=161389 infer_wait=15094.913s infer_obs_pack=7.548s env_step=4750.119s feedback_total=33.973s feedback_obs_pack=10.782s feedback_info_pack=0.545s effective_fps=32.46
2026-09-27 18:03:13.826 | INFO     | plugrl_env_client.runner.rollout:log_timing_summary:98 - Intermediate rollout timing summary: env_steps=645558 infer_calls=161390 feedback_calls=161389 infer_wait=15095.403s infer_obs_pack=7.561s env_step=4749.792s feedback_total=33.736s feedback_obs_pack=10.750s feedback_info_pack=0.556s effective_fps=32.46
2026-09-27 18:03:43.827 | INFO     | plugrl_env_client.runner.rollout:log_timing_summary:98 - Intermediate rollout timing summary: env_steps=648522 infer_calls=162131 feedback_calls=162130 infer_wait=15058.959s infer_obs_pack=7.577s env_step=4815.210s feedback_total=33.869s feedback_obs_pack=10.783s feedback_info_pack=0.559s effective_fps=32.56
2026-09-27 18:03:43.827 | INFO     | plugrl_env_client.runner.rollout:log_timing_summary:98 - Intermediate rollout timing summary: env_steps=648510 infer_calls=162128 feedback_calls=162127 infer_wait=15105.843s infer_obs_pack=7.578s env_step=4768.919s feedback_total=34.110s feedback_obs_pack=10.825s feedback_info_pack=0.548s effective_fps=32.56
2026-09-27 18:03:43.830 | INFO     | plugrl_env_client.runner.rollout:log_timing_summary:98 - Intermediate rollout timing summary: env_steps=648510 infer_calls=162128 feedback_calls=162127 infer_wait=15106.215s infer_obs_pack=7.599s env_step=4768.701s feedback_total=33.872s feedback_obs_pack=10.795s feedback_info_pack=0.558s effective_fps=32.56
2026-09-27 18:04:13.842 | INFO     | plugrl_env_client.runner.rollout:log_timing_summary:98 - Intermediate rollout timing summary: env_steps=651357 infer_calls=162840 feedback_calls=162839 infer_wait=15069.965s infer_obs_pack=7.608s env_step=4833.953s feedback_total=34.001s feedback_obs_pack=10.823s feedback_info_pack=0.561s effective_fps=32.66
2026-09-27 18:04:13.844 | INFO     | plugrl_env_client.runner.rollout:log_timing_summary:98 - Intermediate rollout timing summary: env_steps=651345 infer_calls=162837 feedback_calls=162836 infer_wait=15117.101s infer_obs_pack=7.608s env_step=4787.407s feedback_total=34.245s feedback_obs_pack=10.869s feedback_info_pack=0.550s effective_fps=32.65
2026-09-27 18:04:13.845 | INFO     | plugrl_env_client.runner.rollout:log_timing_summary:98 - Intermediate rollout timing summary: env_steps=651345 infer_calls=162837 feedback_calls=162836 infer_wait=15117.293s infer_obs_pack=7.629s env_step=4787.379s feedback_total=34.002s feedback_obs_pack=10.835s feedback_info_pack=0.560s effective_fps=32.65
2026-09-27 18:04:43.843 | INFO     | plugrl_env_client.runner.rollout:log_timing_summary:98 - Intermediate rollout timing summary: env_steps=654203 infer_calls=163551 feedback_calls=163550 infer_wait=15081.458s infer_obs_pack=7.638s env_step=4852.199s feedback_total=34.131s feedback_obs_pack=10.865s feedback_info_pack=0.563s effective_fps=32.75
2026-09-27 18:04:43.849 | INFO     | plugrl_env_client.runner.rollout:log_timing_summary:98 - Intermediate rollout timing summary: env_steps=654191 infer_calls=163548 feedback_calls=163547 infer_wait=15128.397s infer_obs_pack=7.637s env_step=4805.853s feedback_total=34.376s feedback_obs_pack=10.910s feedback_info_pack=0.552s effective_fps=32.75
2026-09-27 18:04:43.852 | INFO     | plugrl_env_client.runner.rollout:log_timing_summary:98 - Intermediate rollout timing summary: env_steps=654192 infer_calls=163548 feedback_calls=163548 infer_wait=15128.107s infer_obs_pack=7.658s env_step=4806.310s feedback_total=34.129s feedback_obs_pack=10.876s feedback_info_pack=0.562s effective_fps=32.75
2026-09-27 18:05:13.868 | INFO     | plugrl_env_client.runner.rollout:log_timing_summary:98 - Intermediate rollout timing summary: env_steps=657073 infer_calls=164269 feedback_calls=164268 infer_wait=15139.192s infer_obs_pack=7.669s env_step=4824.805s feedback_total=34.510s feedback_obs_pack=10.953s feedback_info_pack=0.554s effective_fps=32.84
2026-09-27 18:05:13.869 | INFO     | plugrl_env_client.runner.rollout:log_timing_summary:98 - Intermediate rollout timing summary: env_steps=657073 infer_calls=164269 feedback_calls=164268 infer_wait=15139.073s infer_obs_pack=7.689s env_step=4825.092s feedback_total=34.262s feedback_obs_pack=10.919s feedback_info_pack=0.565s effective_fps=32.84
2026-09-27 18:05:13.870 | INFO     | plugrl_env_client.runner.rollout:log_timing_summary:98 - Intermediate rollout timing summary: env_steps=657085 infer_calls=164272 feedback_calls=164271 infer_wait=15092.388s infer_obs_pack=7.668s env_step=4871.025s feedback_total=34.266s feedback_obs_pack=10.908s feedback_info_pack=0.565s effective_fps=32.85
2026-09-27 18:05:43.879 | INFO     | plugrl_env_client.runner.rollout:log_timing_summary:98 - Intermediate rollout timing summary: env_steps=659833 infer_calls=164959 feedback_calls=164958 infer_wait=15103.515s infer_obs_pack=7.697s env_step=4889.642s feedback_total=34.395s feedback_obs_pack=10.950s feedback_info_pack=0.568s effective_fps=32.93
2026-09-27 18:05:43.881 | INFO     | plugrl_env_client.runner.rollout:log_timing_summary:98 - Intermediate rollout timing summary: env_steps=659821 infer_calls=164956 feedback_calls=164955 infer_wait=15150.173s infer_obs_pack=7.718s env_step=4843.745s feedback_total=34.387s feedback_obs_pack=10.960s feedback_info_pack=0.567s effective_fps=32.93
2026-09-27 18:05:43.882 | INFO     | plugrl_env_client.runner.rollout:log_timing_summary:98 - Intermediate rollout timing summary: env_steps=659821 infer_calls=164956 feedback_calls=164955 infer_wait=15150.341s infer_obs_pack=7.698s env_step=4843.411s feedback_total=34.638s feedback_obs_pack=10.995s feedback_info_pack=0.556s effective_fps=32.93
2026-09-27 18:06:13.888 | INFO     | plugrl_env_client.runner.rollout:log_timing_summary:98 - Intermediate rollout timing summary: env_steps=662429 infer_calls=165608 feedback_calls=165607 infer_wait=15115.225s infer_obs_pack=7.725s env_step=4907.686s feedback_total=34.517s feedback_obs_pack=10.991s feedback_info_pack=0.570s effective_fps=33.01
2026-09-27 18:06:13.891 | INFO     | plugrl_env_client.runner.rollout:log_timing_summary:98 - Intermediate rollout timing summary: env_steps=662417 infer_calls=165605 feedback_calls=165604 infer_wait=15162.162s infer_obs_pack=7.727s env_step=4861.344s feedback_total=34.761s feedback_obs_pack=11.036s feedback_info_pack=0.558s effective_fps=33.01
2026-09-27 18:06:13.891 | INFO     | plugrl_env_client.runner.rollout:log_timing_summary:98 - Intermediate rollout timing summary: env_steps=662417 infer_calls=165605 feedback_calls=165604 infer_wait=15162.056s infer_obs_pack=7.746s env_step=4861.625s feedback_total=34.506s feedback_obs_pack=11.001s feedback_info_pack=0.569s effective_fps=33.01
2026-09-27 18:06:43.891 | INFO     | plugrl_env_client.runner.rollout:log_timing_summary:98 - Intermediate rollout timing summary: env_steps=664972 infer_calls=166243 feedback_calls=166243 infer_wait=15126.923s infer_obs_pack=7.752s env_step=4925.745s feedback_total=34.634s feedback_obs_pack=11.031s feedback_info_pack=0.572s effective_fps=33.09
2026-09-27 18:06:43.899 | INFO     | plugrl_env_client.runner.rollout:log_timing_summary:98 - Intermediate rollout timing summary: env_steps=664960 infer_calls=166240 feedback_calls=166240 infer_wait=15173.842s infer_obs_pack=7.773s env_step=4879.606s feedback_total=34.625s feedback_obs_pack=11.040s feedback_info_pack=0.571s effective_fps=33.09
2026-09-27 18:06:43.919 | INFO     | plugrl_env_client.runner.rollout:log_timing_summary:98 - Intermediate rollout timing summary: env_steps=664961 infer_calls=166241 feedback_calls=166240 infer_wait=15173.774s infer_obs_pack=7.755s env_step=4879.510s feedback_total=34.884s feedback_obs_pack=11.079s feedback_info_pack=0.560s effective_fps=33.09
2026-09-27 18:14:57.737 | INFO     | plugrl_env_client.runner.rollout:log_timing_summary:98 - Intermediate rollout timing summary: env_steps=666669 infer_calls=166668 feedback_calls=166667 infer_wait=15655.709s infer_obs_pack=7.773s env_step=4891.229s feedback_total=34.965s feedback_obs_pack=11.107s feedback_info_pack=0.562s effective_fps=32.38
2026-09-27 18:14:57.739 | INFO     | plugrl_env_client.runner.rollout:log_timing_summary:98 - Intermediate rollout timing summary: env_steps=666669 infer_calls=166668 feedback_calls=166667 infer_wait=15655.860s infer_obs_pack=7.791s env_step=4891.265s feedback_total=34.703s feedback_obs_pack=11.066s feedback_info_pack=0.573s effective_fps=32.38
2026-09-27 18:14:57.740 | INFO     | plugrl_env_client.runner.rollout:log_timing_summary:98 - Intermediate rollout timing summary: env_steps=666681 infer_calls=166671 feedback_calls=166670 infer_wait=15608.746s infer_obs_pack=7.771s env_step=4937.604s feedback_total=34.713s feedback_obs_pack=11.058s feedback_info_pack=0.573s effective_fps=32.38
2026-09-27 18:15:27.755 | INFO     | plugrl_env_client.runner.rollout:log_timing_summary:98 - Intermediate rollout timing summary: env_steps=669253 infer_calls=167314 feedback_calls=167313 infer_wait=15667.748s infer_obs_pack=7.801s env_step=4908.953s feedback_total=35.090s feedback_obs_pack=11.146s feedback_info_pack=0.564s effective_fps=32.46
2026-09-27 18:15:27.755 | INFO     | plugrl_env_client.runner.rollout:log_timing_summary:98 - Intermediate rollout timing summary: env_steps=669265 infer_calls=167317 feedback_calls=167316 infer_wait=15620.406s infer_obs_pack=7.799s env_step=4955.707s feedback_total=34.832s feedback_obs_pack=11.098s feedback_info_pack=0.576s effective_fps=32.46
2026-09-27 18:15:27.757 | INFO     | plugrl_env_client.runner.rollout:log_timing_summary:98 - Intermediate rollout timing summary: env_steps=669253 infer_calls=167314 feedback_calls=167313 infer_wait=15667.575s infer_obs_pack=7.819s env_step=4909.315s feedback_total=34.822s feedback_obs_pack=11.107s feedback_info_pack=0.575s effective_fps=32.46
2026-09-27 18:15:57.755 | INFO     | plugrl_env_client.runner.rollout:log_timing_summary:98 - Intermediate rollout timing summary: env_steps=671793 infer_calls=167949 feedback_calls=167948 infer_wait=15679.628s infer_obs_pack=7.828s env_step=4926.830s feedback_total=35.208s feedback_obs_pack=11.187s feedback_info_pack=0.566s effective_fps=32.53
2026-09-27 18:15:57.759 | INFO     | plugrl_env_client.runner.rollout:log_timing_summary:98 - Intermediate rollout timing summary: env_steps=671794 infer_calls=167949 feedback_calls=167948 infer_wait=15679.457s infer_obs_pack=7.847s env_step=4927.185s feedback_total=34.945s feedback_obs_pack=11.150s feedback_info_pack=0.577s effective_fps=32.53
2026-09-27 18:15:57.759 | INFO     | plugrl_env_client.runner.rollout:log_timing_summary:98 - Intermediate rollout timing summary: env_steps=671806 infer_calls=167952 feedback_calls=167951 infer_wait=15632.260s infer_obs_pack=7.827s env_step=4973.611s feedback_total=34.951s feedback_obs_pack=11.138s feedback_info_pack=0.578s effective_fps=32.54
2026-09-27 18:16:27.755 | INFO     | plugrl_env_client.runner.rollout:log_timing_summary:98 - Intermediate rollout timing summary: env_steps=674347 infer_calls=168587 feedback_calls=168586 infer_wait=15691.153s infer_obs_pack=7.856s env_step=4945.053s feedback_total=35.328s feedback_obs_pack=11.228s feedback_info_pack=0.568s effective_fps=32.61
2026-09-27 18:16:27.761 | INFO     | plugrl_env_client.runner.rollout:log_timing_summary:98 - Intermediate rollout timing summary: env_steps=674348 infer_calls=168587 feedback_calls=168587 infer_wait=15691.476s infer_obs_pack=7.875s env_step=4944.922s feedback_total=35.064s feedback_obs_pack=11.191s feedback_info_pack=0.579s effective_fps=32.61
2026-09-27 18:16:27.763 | INFO     | plugrl_env_client.runner.rollout:log_timing_summary:98 - Intermediate rollout timing summary: env_steps=674360 infer_calls=168590 feedback_calls=168590 infer_wait=15644.207s infer_obs_pack=7.855s env_step=4991.416s feedback_total=35.071s feedback_obs_pack=11.178s feedback_info_pack=0.580s effective_fps=32.61
2026-09-27 18:16:57.762 | INFO     | plugrl_env_client.runner.rollout:log_timing_summary:98 - Intermediate rollout timing summary: env_steps=676855 infer_calls=169214 feedback_calls=169213 infer_wait=15703.188s infer_obs_pack=7.884s env_step=4962.780s feedback_total=35.445s feedback_obs_pack=11.267s feedback_info_pack=0.570s effective_fps=32.68
2026-09-27 18:16:57.763 | INFO     | plugrl_env_client.runner.rollout:log_timing_summary:98 - Intermediate rollout timing summary: env_steps=676856 infer_calls=169214 feedback_calls=169214 infer_wait=15703.657s infer_obs_pack=7.903s env_step=4962.501s feedback_total=35.181s feedback_obs_pack=11.231s feedback_info_pack=0.581s effective_fps=32.68
2026-09-27 18:16:57.792 | INFO     | plugrl_env_client.runner.rollout:log_timing_summary:98 - Intermediate rollout timing summary: env_steps=676869 infer_calls=169218 feedback_calls=169217 infer_wait=15656.709s infer_obs_pack=7.883s env_step=5008.693s feedback_total=35.191s feedback_obs_pack=11.217s feedback_info_pack=0.582s effective_fps=32.69
2026-09-27 18:17:27.768 | INFO     | plugrl_env_client.runner.rollout:log_timing_summary:98 - Intermediate rollout timing summary: env_steps=679297 infer_calls=169825 feedback_calls=169824 infer_wait=15716.007s infer_obs_pack=7.931s env_step=4979.916s feedback_total=35.296s feedback_obs_pack=11.270s feedback_info_pack=0.583s effective_fps=32.75
2026-09-27 18:17:27.770 | INFO     | plugrl_env_client.runner.rollout:log_timing_summary:98 - Intermediate rollout timing summary: env_steps=679297 infer_calls=169825 feedback_calls=169824 infer_wait=15715.848s infer_obs_pack=7.912s env_step=4979.891s feedback_total=35.561s feedback_obs_pack=11.306s feedback_info_pack=0.572s effective_fps=32.75
2026-09-27 18:17:27.807 | INFO     | plugrl_env_client.runner.rollout:log_timing_summary:98 - Intermediate rollout timing summary: env_steps=679313 infer_calls=169829 feedback_calls=169828 infer_wait=15669.130s infer_obs_pack=7.910s env_step=5026.046s feedback_total=35.307s feedback_obs_pack=11.258s feedback_info_pack=0.584s effective_fps=32.76
2026-09-27 18:17:57.778 | INFO     | plugrl_env_client.runner.rollout:log_timing_summary:98 - Intermediate rollout timing summary: env_steps=681769 infer_calls=170443 feedback_calls=170442 infer_wait=15728.168s infer_obs_pack=7.940s env_step=4997.338s feedback_total=35.680s feedback_obs_pack=11.348s feedback_info_pack=0.574s effective_fps=32.83
2026-09-27 18:17:57.779 | INFO     | plugrl_env_client.runner.rollout:log_timing_summary:98 - Intermediate rollout timing summary: env_steps=681769 infer_calls=170443 feedback_calls=170442 infer_wait=15728.319s infer_obs_pack=7.959s env_step=4997.373s feedback_total=35.415s feedback_obs_pack=11.311s feedback_info_pack=0.585s effective_fps=32.83
2026-09-27 18:17:57.846 | INFO     | plugrl_env_client.runner.rollout:log_timing_summary:98 - Intermediate rollout timing summary: env_steps=681785 infer_calls=170447 feedback_calls=170446 infer_wait=15681.187s infer_obs_pack=7.938s env_step=5043.786s feedback_total=35.422s feedback_obs_pack=11.298s feedback_info_pack=0.586s effective_fps=32.83
2026-09-27 18:18:27.791 | INFO     | plugrl_env_client.runner.rollout:log_timing_summary:98 - Intermediate rollout timing summary: env_steps=684293 infer_calls=171074 feedback_calls=171073 infer_wait=15740.503s infer_obs_pack=7.986s env_step=5014.961s feedback_total=35.530s feedback_obs_pack=11.350s feedback_info_pack=0.588s effective_fps=32.90
2026-09-27 18:18:27.794 | INFO     | plugrl_env_client.runner.rollout:log_timing_summary:98 - Intermediate rollout timing summary: env_steps=684293 infer_calls=171074 feedback_calls=171073 infer_wait=15740.309s infer_obs_pack=7.968s env_step=5014.968s feedback_total=35.796s feedback_obs_pack=11.387s feedback_info_pack=0.576s effective_fps=32.90
2026-09-27 18:18:27.858 | INFO     | plugrl_env_client.runner.rollout:log_timing_summary:98 - Intermediate rollout timing summary: env_steps=684309 infer_calls=171078 feedback_calls=171077 infer_wait=15693.005s infer_obs_pack=7.965s env_step=5061.728s feedback_total=35.543s feedback_obs_pack=11.337s feedback_info_pack=0.588s effective_fps=32.90
2026-09-27 18:18:57.835 | INFO     | plugrl_env_client.runner.rollout:log_timing_summary:98 - Intermediate rollout timing summary: env_steps=686869 infer_calls=171718 feedback_calls=171717 infer_wait=15752.198s infer_obs_pack=8.014s env_step=5033.058s feedback_total=35.651s feedback_obs_pack=11.390s feedback_info_pack=0.590s effective_fps=32.98
2026-09-27 18:18:57.838 | INFO     | plugrl_env_client.runner.rollout:log_timing_summary:98 - Intermediate rollout timing summary: env_steps=686869 infer_calls=171718 feedback_calls=171717 infer_wait=15752.034s infer_obs_pack=7.996s env_step=5033.037s feedback_total=35.917s feedback_obs_pack=11.429s feedback_info_pack=0.578s effective_fps=32.98
2026-09-27 18:18:57.858 | INFO     | plugrl_env_client.runner.rollout:log_timing_summary:98 - Intermediate rollout timing summary: env_steps=686884 infer_calls=171721 feedback_calls=171721 infer_wait=15704.844s infer_obs_pack=7.992s env_step=5079.639s feedback_total=35.663s feedback_obs_pack=11.378s feedback_info_pack=0.590s effective_fps=32.98
2026-09-27 18:19:27.838 | INFO     | plugrl_env_client.runner.rollout:log_timing_summary:98 - Intermediate rollout timing summary: env_steps=689439 infer_calls=172360 feedback_calls=172359 infer_wait=15763.840s infer_obs_pack=8.042s env_step=5051.169s feedback_total=35.773s feedback_obs_pack=11.433s feedback_info_pack=0.592s effective_fps=33.05
2026-09-27 18:19:27.842 | INFO     | plugrl_env_client.runner.rollout:log_timing_summary:98 - Intermediate rollout timing summary: env_steps=689439 infer_calls=172360 feedback_calls=172359 infer_wait=15763.952s infer_obs_pack=8.025s env_step=5050.867s feedback_total=36.041s feedback_obs_pack=11.470s feedback_info_pack=0.580s effective_fps=33.05
2026-09-27 18:19:27.872 | INFO     | plugrl_env_client.runner.rollout:log_timing_summary:98 - Intermediate rollout timing summary: env_steps=689453 infer_calls=172364 feedback_calls=172363 infer_wait=15716.152s infer_obs_pack=8.020s env_step=5098.095s feedback_total=35.783s feedback_obs_pack=11.419s feedback_info_pack=0.593s effective_fps=33.05
2026-09-27 18:19:57.849 | INFO     | plugrl_env_client.runner.rollout:log_timing_summary:98 - Intermediate rollout timing summary: env_steps=691973 infer_calls=172994 feedback_calls=172993 infer_wait=15775.792s infer_obs_pack=8.069s env_step=5068.982s feedback_total=35.894s feedback_obs_pack=11.474s feedback_info_pack=0.594s effective_fps=33.13
2026-09-27 18:19:57.850 | INFO     | plugrl_env_client.runner.rollout:log_timing_summary:98 - Intermediate rollout timing summary: env_steps=691973 infer_calls=172994 feedback_calls=172993 infer_wait=15775.192s infer_obs_pack=8.053s env_step=5069.385s feedback_total=36.161s feedback_obs_pack=11.510s feedback_info_pack=0.582s effective_fps=33.13
2026-09-27 18:19:57.887 | INFO     | plugrl_env_client.runner.rollout:log_timing_summary:98 - Intermediate rollout timing summary: env_steps=691989 infer_calls=172998 feedback_calls=172997 infer_wait=15728.201s infer_obs_pack=8.048s env_step=5115.812s feedback_total=35.899s feedback_obs_pack=11.459s feedback_info_pack=0.595s effective_fps=33.13
2026-09-27 18:28:05.592 | INFO     | plugrl_env_client.runner.rollout:log_timing_summary:98 - Intermediate rollout timing summary: env_steps=693345 infer_calls=173337 feedback_calls=173336 infer_wait=16206.291s infer_obs_pack=8.063s env_step=5125.292s feedback_total=35.963s feedback_obs_pack=11.481s feedback_info_pack=0.596s effective_fps=32.44
2026-09-27 18:28:05.594 | INFO     | plugrl_env_client.runner.rollout:log_timing_summary:98 - Intermediate rollout timing summary: env_steps=693333 infer_calls=173334 feedback_calls=173333 infer_wait=16253.273s infer_obs_pack=8.068s env_step=5078.916s feedback_total=36.224s feedback_obs_pack=11.531s feedback_info_pack=0.583s effective_fps=32.43
2026-09-27 18:28:05.595 | INFO     | plugrl_env_client.runner.rollout:log_timing_summary:98 - Intermediate rollout timing summary: env_steps=693333 infer_calls=173334 feedback_calls=173333 infer_wait=16253.732s infer_obs_pack=8.084s env_step=5078.655s feedback_total=35.958s feedback_obs_pack=11.495s feedback_info_pack=0.595s effective_fps=32.43
2026-09-27 18:28:35.610 | INFO     | plugrl_env_client.runner.rollout:log_timing_summary:98 - Intermediate rollout timing summary: env_steps=695889 infer_calls=173973 feedback_calls=173972 infer_wait=16217.975s infer_obs_pack=8.090s env_step=5143.374s feedback_total=36.083s feedback_obs_pack=11.520s feedback_info_pack=0.598s effective_fps=32.51
2026-09-27 18:28:35.612 | INFO     | plugrl_env_client.runner.rollout:log_timing_summary:98 - Intermediate rollout timing summary: env_steps=695877 infer_calls=173970 feedback_calls=173969 infer_wait=16265.564s infer_obs_pack=8.112s env_step=5096.592s feedback_total=36.077s feedback_obs_pack=11.537s feedback_info_pack=0.597s effective_fps=32.51
2026-09-27 18:28:35.614 | INFO     | plugrl_env_client.runner.rollout:log_timing_summary:98 - Intermediate rollout timing summary: env_steps=695877 infer_calls=173970 feedback_calls=173969 infer_wait=16265.293s infer_obs_pack=8.095s env_step=5096.668s feedback_total=36.346s feedback_obs_pack=11.571s feedback_info_pack=0.585s effective_fps=32.51
2026-09-27 18:29:05.613 | INFO     | plugrl_env_client.runner.rollout:log_timing_summary:98 - Intermediate rollout timing summary: env_steps=698466 infer_calls=174617 feedback_calls=174616 infer_wait=16229.817s infer_obs_pack=8.118s env_step=5161.287s feedback_total=36.200s feedback_obs_pack=11.561s feedback_info_pack=0.600s effective_fps=32.58
2026-09-27 18:29:05.614 | INFO     | plugrl_env_client.runner.rollout:log_timing_summary:98 - Intermediate rollout timing summary: env_steps=698454 infer_calls=174614 feedback_calls=174613 infer_wait=16277.035s infer_obs_pack=8.123s env_step=5114.677s feedback_total=36.467s feedback_obs_pack=11.612s feedback_info_pack=0.587s effective_fps=32.58
2026-09-27 18:29:05.616 | INFO     | plugrl_env_client.runner.rollout:log_timing_summary:98 - Intermediate rollout timing summary: env_steps=698455 infer_calls=174614 feedback_calls=174613 infer_wait=16277.248s infer_obs_pack=8.140s env_step=5114.659s feedback_total=36.200s feedback_obs_pack=11.577s feedback_info_pack=0.599s effective_fps=32.58
2026-09-27 18:29:35.615 | INFO     | plugrl_env_client.runner.rollout:log_timing_summary:98 - Intermediate rollout timing summary: env_steps=701010 infer_calls=175253 feedback_calls=175252 infer_wait=16241.313s infer_obs_pack=8.146s env_step=5179.545s feedback_total=36.317s feedback_obs_pack=11.601s feedback_info_pack=0.602s effective_fps=32.66
2026-09-27 18:29:35.618 | INFO     | plugrl_env_client.runner.rollout:log_timing_summary:98 - Intermediate rollout timing summary: env_steps=700998 infer_calls=175250 feedback_calls=175249 infer_wait=16289.009s infer_obs_pack=8.150s env_step=5132.462s feedback_total=36.586s feedback_obs_pack=11.651s feedback_info_pack=0.589s effective_fps=32.66
2026-09-27 18:29:35.622 | INFO     | plugrl_env_client.runner.rollout:log_timing_summary:98 - Intermediate rollout timing summary: env_steps=700999 infer_calls=175250 feedback_calls=175249 infer_wait=16289.290s infer_obs_pack=8.168s env_step=5132.374s feedback_total=36.323s feedback_obs_pack=11.617s feedback_info_pack=0.602s effective_fps=32.66
2026-09-27 18:30:05.617 | INFO     | plugrl_env_client.runner.rollout:log_timing_summary:98 - Intermediate rollout timing summary: env_steps=703532 infer_calls=175883 feedback_calls=175883 infer_wait=16253.139s infer_obs_pack=8.174s env_step=5197.474s feedback_total=36.438s feedback_obs_pack=11.640s feedback_info_pack=0.604s effective_fps=32.73
2026-09-27 18:30:05.651 | INFO     | plugrl_env_client.runner.rollout:log_timing_summary:98 - Intermediate rollout timing summary: env_steps=703521 infer_calls=175881 feedback_calls=175880 infer_wait=16301.396s infer_obs_pack=8.178s env_step=5149.861s feedback_total=36.710s feedback_obs_pack=11.690s feedback_info_pack=0.591s effective_fps=32.73
2026-09-27 18:30:05.655 | INFO     | plugrl_env_client.runner.rollout:log_timing_summary:98 - Intermediate rollout timing summary: env_steps=703521 infer_calls=175881 feedback_calls=175880 infer_wait=16301.379s infer_obs_pack=8.197s env_step=5150.071s feedback_total=36.443s feedback_obs_pack=11.657s feedback_info_pack=0.604s effective_fps=32.73
2026-09-27 18:30:35.626 | INFO     | plugrl_env_client.runner.rollout:log_timing_summary:98 - Intermediate rollout timing summary: env_steps=705953 infer_calls=176489 feedback_calls=176488 infer_wait=16265.620s infer_obs_pack=8.201s env_step=5214.762s feedback_total=36.548s feedback_obs_pack=11.679s feedback_info_pack=0.606s effective_fps=32.80
2026-09-27 18:30:35.671 | INFO     | plugrl_env_client.runner.rollout:log_timing_summary:98 - Intermediate rollout timing summary: env_steps=705945 infer_calls=176487 feedback_calls=176486 infer_wait=16314.233s infer_obs_pack=8.205s env_step=5166.807s feedback_total=36.825s feedback_obs_pack=11.731s feedback_info_pack=0.593s effective_fps=32.79
2026-09-27 18:30:35.675 | INFO     | plugrl_env_client.runner.rollout:log_timing_summary:98 - Intermediate rollout timing summary: env_steps=705945 infer_calls=176487 feedback_calls=176486 infer_wait=16314.046s infer_obs_pack=8.224s env_step=5167.186s feedback_total=36.558s feedback_obs_pack=11.696s feedback_info_pack=0.606s effective_fps=32.79
2026-09-27 18:31:05.631 | INFO     | plugrl_env_client.runner.rollout:log_timing_summary:98 - Intermediate rollout timing summary: env_steps=708398 infer_calls=177100 feedback_calls=177099 infer_wait=16278.077s infer_obs_pack=8.228s env_step=5232.072s feedback_total=36.663s feedback_obs_pack=11.717s feedback_info_pack=0.608s effective_fps=32.86
2026-09-27 18:31:05.676 | INFO     | plugrl_env_client.runner.rollout:log_timing_summary:98 - Intermediate rollout timing summary: env_steps=708389 infer_calls=177098 feedback_calls=177097 infer_wait=16326.383s infer_obs_pack=8.232s env_step=5184.427s feedback_total=36.938s feedback_obs_pack=11.769s feedback_info_pack=0.595s effective_fps=32.86
2026-09-27 18:31:05.676 | INFO     | plugrl_env_client.runner.rollout:log_timing_summary:98 - Intermediate rollout timing summary: env_steps=708389 infer_calls=177098 feedback_calls=177097 infer_wait=16326.189s infer_obs_pack=8.251s env_step=5184.806s feedback_total=36.671s feedback_obs_pack=11.735s feedback_info_pack=0.608s effective_fps=32.86
2026-09-27 18:31:35.650 | INFO     | plugrl_env_client.runner.rollout:log_timing_summary:98 - Intermediate rollout timing summary: env_steps=710953 infer_calls=177739 feedback_calls=177738 infer_wait=16289.784s infer_obs_pack=8.256s env_step=5250.129s feedback_total=36.783s feedback_obs_pack=11.758s feedback_info_pack=0.611s effective_fps=32.94
2026-09-27 18:31:35.710 | INFO     | plugrl_env_client.runner.rollout:log_timing_summary:98 - Intermediate rollout timing summary: env_steps=710945 infer_calls=177737 feedback_calls=177736 infer_wait=16338.122s infer_obs_pack=8.280s env_step=5202.655s feedback_total=36.793s feedback_obs_pack=11.778s feedback_info_pack=0.610s effective_fps=32.94
2026-09-27 18:31:35.711 | INFO     | plugrl_env_client.runner.rollout:log_timing_summary:98 - Intermediate rollout timing summary: env_steps=710945 infer_calls=177737 feedback_calls=177736 infer_wait=16338.103s infer_obs_pack=8.260s env_step=5202.492s feedback_total=37.058s feedback_obs_pack=11.809s feedback_info_pack=0.597s effective_fps=32.94
2026-09-27 18:32:05.656 | INFO     | plugrl_env_client.runner.rollout:log_timing_summary:98 - Intermediate rollout timing summary: env_steps=713492 infer_calls=178373 feedback_calls=178373 infer_wait=16301.700s infer_obs_pack=8.285s env_step=5267.968s feedback_total=36.903s feedback_obs_pack=11.797s feedback_info_pack=0.613s effective_fps=33.01
2026-09-27 18:32:05.730 | INFO     | plugrl_env_client.runner.rollout:log_timing_summary:98 - Intermediate rollout timing summary: env_steps=713485 infer_calls=178372 feedback_calls=178371 infer_wait=16349.851s infer_obs_pack=8.308s env_step=5220.704s feedback_total=36.910s feedback_obs_pack=11.819s feedback_info_pack=0.612s effective_fps=33.01
2026-09-27 18:32:05.733 | INFO     | plugrl_env_client.runner.rollout:log_timing_summary:98 - Intermediate rollout timing summary: env_steps=713485 infer_calls=178372 feedback_calls=178371 infer_wait=16350.091s infer_obs_pack=8.287s env_step=5220.279s feedback_total=37.176s feedback_obs_pack=11.849s feedback_info_pack=0.599s effective_fps=33.01
2026-09-27 18:32:35.671 | INFO     | plugrl_env_client.runner.rollout:log_timing_summary:98 - Intermediate rollout timing summary: env_steps=716065 infer_calls=179017 feedback_calls=179016 infer_wait=16313.244s infer_obs_pack=8.313s env_step=5286.185s feedback_total=37.024s feedback_obs_pack=11.837s feedback_info_pack=0.615s effective_fps=33.08
2026-09-27 18:32:35.735 | INFO     | plugrl_env_client.runner.rollout:log_timing_summary:98 - Intermediate rollout timing summary: env_steps=716059 infer_calls=179015 feedback_calls=179014 infer_wait=16361.788s infer_obs_pack=8.338s env_step=5238.518s feedback_total=37.032s feedback_obs_pack=11.859s feedback_info_pack=0.614s effective_fps=33.08
2026-09-27 18:32:35.739 | INFO     | plugrl_env_client.runner.rollout:log_timing_summary:98 - Intermediate rollout timing summary: env_steps=716060 infer_calls=179015 feedback_calls=179015 infer_wait=16361.821s infer_obs_pack=8.315s env_step=5238.302s feedback_total=37.301s feedback_obs_pack=11.890s feedback_info_pack=0.601s effective_fps=33.08
2026-09-27 18:33:05.673 | INFO     | plugrl_env_client.runner.rollout:log_timing_summary:98 - Intermediate rollout timing summary: env_steps=718655 infer_calls=179664 feedback_calls=179663 infer_wait=16324.690s infer_obs_pack=8.341s env_step=5304.492s feedback_total=37.143s feedback_obs_pack=11.877s feedback_info_pack=0.617s effective_fps=33.16
2026-09-27 18:33:05.747 | INFO     | plugrl_env_client.runner.rollout:log_timing_summary:98 - Intermediate rollout timing summary: env_steps=718649 infer_calls=179663 feedback_calls=179662 infer_wait=16373.738s infer_obs_pack=8.346s env_step=5256.142s feedback_total=37.421s feedback_obs_pack=11.930s feedback_info_pack=0.603s effective_fps=33.15
2026-09-27 18:33:05.747 | INFO     | plugrl_env_client.runner.rollout:log_timing_summary:98 - Intermediate rollout timing summary: env_steps=718649 infer_calls=179663 feedback_calls=179662 infer_wait=16373.568s infer_obs_pack=8.366s env_step=5256.499s feedback_total=37.152s feedback_obs_pack=11.899s feedback_info_pack=0.616s effective_fps=33.15
2026-09-27 18:41:05.162 | INFO     | plugrl_env_client.runner.rollout:log_timing_summary:98 - Intermediate rollout timing summary: env_steps=720001 infer_calls=180001 feedback_calls=180000 infer_wait=16843.602s infer_obs_pack=8.361s env_step=5265.568s feedback_total=37.482s feedback_obs_pack=11.950s feedback_info_pack=0.604s effective_fps=32.50
2026-09-27 18:41:05.164 | INFO     | plugrl_env_client.runner.rollout:log_timing_summary:98 - Intermediate rollout timing summary: env_steps=720013 infer_calls=180004 feedback_calls=180003 infer_wait=16794.594s infer_obs_pack=8.355s env_step=5313.946s feedback_total=37.208s feedback_obs_pack=11.898s feedback_info_pack=0.618s effective_fps=32.50
2026-09-27 18:41:05.168 | INFO     | plugrl_env_client.runner.rollout:log_timing_summary:98 - Intermediate rollout timing summary: env_steps=720001 infer_calls=180001 feedback_calls=180000 infer_wait=16843.575s infer_obs_pack=8.380s env_step=5265.783s feedback_total=37.214s feedback_obs_pack=11.920s feedback_info_pack=0.617s effective_fps=32.50
2026-09-27 18:41:35.170 | INFO     | plugrl_env_client.runner.rollout:log_timing_summary:98 - Intermediate rollout timing summary: env_steps=722805 infer_calls=180702 feedback_calls=180701 infer_wait=16854.797s infer_obs_pack=8.410s env_step=5284.287s feedback_total=37.352s feedback_obs_pack=11.965s feedback_info_pack=0.620s effective_fps=32.58
2026-09-27 18:41:35.170 | INFO     | plugrl_env_client.runner.rollout:log_timing_summary:98 - Intermediate rollout timing summary: env_steps=722817 infer_calls=180705 feedback_calls=180704 infer_wait=16805.796s infer_obs_pack=8.385s env_step=5332.465s feedback_total=37.351s feedback_obs_pack=11.944s feedback_info_pack=0.620s effective_fps=32.58
2026-09-27 18:41:35.172 | INFO     | plugrl_env_client.runner.rollout:log_timing_summary:98 - Intermediate rollout timing summary: env_steps=722805 infer_calls=180702 feedback_calls=180701 infer_wait=16855.147s infer_obs_pack=8.390s env_step=5283.761s feedback_total=37.616s feedback_obs_pack=11.993s feedback_info_pack=0.607s effective_fps=32.58
2026-09-27 18:42:05.171 | INFO     | plugrl_env_client.runner.rollout:log_timing_summary:98 - Intermediate rollout timing summary: env_steps=725641 infer_calls=181411 feedback_calls=181410 infer_wait=16816.851s infer_obs_pack=8.415s env_step=5351.138s feedback_total=37.483s feedback_obs_pack=11.987s feedback_info_pack=0.623s effective_fps=32.67
2026-09-27 18:42:05.172 | INFO     | plugrl_env_client.runner.rollout:log_timing_summary:98 - Intermediate rollout timing summary: env_steps=725629 infer_calls=181408 feedback_calls=181407 infer_wait=16866.355s infer_obs_pack=8.441s env_step=5302.461s feedback_total=37.485s feedback_obs_pack=12.007s feedback_info_pack=0.622s effective_fps=32.66
2026-09-27 18:42:05.176 | INFO     | plugrl_env_client.runner.rollout:log_timing_summary:98 - Intermediate rollout timing summary: env_steps=725630 infer_calls=181408 feedback_calls=181407 infer_wait=16866.700s infer_obs_pack=8.420s env_step=5301.945s feedback_total=37.748s feedback_obs_pack=12.036s feedback_info_pack=0.609s effective_fps=32.66
2026-09-27 18:42:35.173 | INFO     | plugrl_env_client.runner.rollout:log_timing_summary:98 - Intermediate rollout timing summary: env_steps=728567 infer_calls=182142 feedback_calls=182141 infer_wait=16828.106s infer_obs_pack=8.446s env_step=5369.607s feedback_total=37.625s feedback_obs_pack=12.030s feedback_info_pack=0.625s effective_fps=32.75
2026-09-27 18:42:35.174 | INFO     | plugrl_env_client.runner.rollout:log_timing_summary:98 - Intermediate rollout timing summary: env_steps=728555 infer_calls=182139 feedback_calls=182138 infer_wait=16877.510s infer_obs_pack=8.471s env_step=5321.039s feedback_total=37.619s feedback_obs_pack=12.049s feedback_info_pack=0.624s effective_fps=32.75
2026-09-27 18:42:35.179 | INFO     | plugrl_env_client.runner.rollout:log_timing_summary:98 - Intermediate rollout timing summary: env_steps=728556 infer_calls=182139 feedback_calls=182139 infer_wait=16877.453s infer_obs_pack=8.450s env_step=5320.920s feedback_total=37.887s feedback_obs_pack=12.079s feedback_info_pack=0.611s effective_fps=32.75
2026-09-27 18:43:05.174 | INFO     | plugrl_env_client.runner.rollout:log_timing_summary:98 - Intermediate rollout timing summary: env_steps=731447 infer_calls=182862 feedback_calls=182861 infer_wait=16888.635s infer_obs_pack=8.502s env_step=5339.649s feedback_total=37.749s feedback_obs_pack=12.091s feedback_info_pack=0.626s effective_fps=32.84
2026-09-27 18:43:05.175 | INFO     | plugrl_env_client.runner.rollout:log_timing_summary:98 - Intermediate rollout timing summary: env_steps=731459 infer_calls=182865 feedback_calls=182864 infer_wait=16839.096s infer_obs_pack=8.476s env_step=5388.351s feedback_total=37.760s feedback_obs_pack=12.071s feedback_info_pack=0.627s effective_fps=32.84
2026-09-27 18:43:05.181 | INFO     | plugrl_env_client.runner.rollout:log_timing_summary:98 - Intermediate rollout timing summary: env_steps=731448 infer_calls=182862 feedback_calls=182862 infer_wait=16888.745s infer_obs_pack=8.480s env_step=5339.367s feedback_total=38.017s feedback_obs_pack=12.121s feedback_info_pack=0.613s effective_fps=32.84
2026-09-27 18:43:35.180 | INFO     | plugrl_env_client.runner.rollout:log_timing_summary:98 - Intermediate rollout timing summary: env_steps=734409 infer_calls=183603 feedback_calls=183602 infer_wait=16899.462s infer_obs_pack=8.533s env_step=5358.549s feedback_total=37.891s feedback_obs_pack=12.134s feedback_info_pack=0.629s effective_fps=32.93
2026-09-27 18:43:35.180 | INFO     | plugrl_env_client.runner.rollout:log_timing_summary:98 - Intermediate rollout timing summary: env_steps=734421 infer_calls=183606 feedback_calls=183605 infer_wait=16850.146s infer_obs_pack=8.507s env_step=5407.025s feedback_total=37.897s feedback_obs_pack=12.114s feedback_info_pack=0.630s effective_fps=32.93
2026-09-27 18:43:35.185 | INFO     | plugrl_env_client.runner.rollout:log_timing_summary:98 - Intermediate rollout timing summary: env_steps=734410 infer_calls=183603 feedback_calls=183602 infer_wait=16899.656s infer_obs_pack=8.511s env_step=5358.187s feedback_total=38.154s feedback_obs_pack=12.164s feedback_info_pack=0.616s effective_fps=32.93
2026-09-27 18:44:05.183 | INFO     | plugrl_env_client.runner.rollout:log_timing_summary:98 - Intermediate rollout timing summary: env_steps=737402 infer_calls=184351 feedback_calls=184350 infer_wait=16910.192s infer_obs_pack=8.566s env_step=5377.547s feedback_total=38.031s feedback_obs_pack=12.177s feedback_info_pack=0.631s effective_fps=33.02
2026-09-27 18:44:05.184 | INFO     | plugrl_env_client.runner.rollout:log_timing_summary:98 - Intermediate rollout timing summary: env_steps=737414 infer_calls=184354 feedback_calls=184353 infer_wait=16861.045s infer_obs_pack=8.538s env_step=5425.855s feedback_total=38.033s feedback_obs_pack=12.157s feedback_info_pack=0.632s effective_fps=33.02
2026-09-27 18:44:05.190 | INFO     | plugrl_env_client.runner.rollout:log_timing_summary:98 - Intermediate rollout timing summary: env_steps=737403 infer_calls=184351 feedback_calls=184350 infer_wait=16910.311s infer_obs_pack=8.545s env_step=5377.251s feedback_total=38.299s feedback_obs_pack=12.215s feedback_info_pack=0.618s effective_fps=33.02
2026-09-27 18:44:35.186 | INFO     | plugrl_env_client.runner.rollout:log_timing_summary:98 - Intermediate rollout timing summary: env_steps=740355 infer_calls=185089 feedback_calls=185088 infer_wait=16921.065s infer_obs_pack=8.597s env_step=5396.403s feedback_total=38.171s feedback_obs_pack=12.222s feedback_info_pack=0.633s effective_fps=33.10
2026-09-27 18:44:35.187 | INFO     | plugrl_env_client.runner.rollout:log_timing_summary:98 - Intermediate rollout timing summary: env_steps=740367 infer_calls=185092 feedback_calls=185091 infer_wait=16871.887s infer_obs_pack=8.569s env_step=5444.739s feedback_total=38.172s feedback_obs_pack=12.200s feedback_info_pack=0.634s effective_fps=33.11
2026-09-27 18:44:35.192 | INFO     | plugrl_env_client.runner.rollout:log_timing_summary:98 - Intermediate rollout timing summary: env_steps=740356 infer_calls=185089 feedback_calls=185089 infer_wait=16921.441s infer_obs_pack=8.575s env_step=5395.846s feedback_total=38.440s feedback_obs_pack=12.258s feedback_info_pack=0.620s effective_fps=33.10
2026-09-27 18:45:05.189 | INFO     | plugrl_env_client.runner.rollout:log_timing_summary:98 - Intermediate rollout timing summary: env_steps=743305 infer_calls=185827 feedback_calls=185826 infer_wait=16882.944s infer_obs_pack=8.600s env_step=5463.406s feedback_total=38.310s feedback_obs_pack=12.243s feedback_info_pack=0.637s effective_fps=33.19
2026-09-27 18:45:05.189 | INFO     | plugrl_env_client.runner.rollout:log_timing_summary:98 - Intermediate rollout timing summary: env_steps=743293 infer_calls=185824 feedback_calls=185823 infer_wait=16932.123s infer_obs_pack=8.628s env_step=5415.065s feedback_total=38.314s feedback_obs_pack=12.266s feedback_info_pack=0.636s effective_fps=33.19
2026-09-27 18:45:05.192 | INFO     | plugrl_env_client.runner.rollout:log_timing_summary:98 - Intermediate rollout timing summary: env_steps=743294 infer_calls=185824 feedback_calls=185823 infer_wait=16932.159s infer_obs_pack=8.606s env_step=5414.851s feedback_total=38.579s feedback_obs_pack=12.301s feedback_info_pack=0.622s effective_fps=33.19
2026-09-27 18:45:35.194 | INFO     | plugrl_env_client.runner.rollout:log_timing_summary:98 - Intermediate rollout timing summary: env_steps=746215 infer_calls=186554 feedback_calls=186553 infer_wait=16893.920s infer_obs_pack=8.630s env_step=5482.160s feedback_total=38.445s feedback_obs_pack=12.285s feedback_info_pack=0.639s effective_fps=33.28
2026-09-27 18:45:35.194 | INFO     | plugrl_env_client.runner.rollout:log_timing_summary:98 - Intermediate rollout timing summary: env_steps=746203 infer_calls=186551 feedback_calls=186550 infer_wait=16942.994s infer_obs_pack=8.637s env_step=5433.745s feedback_total=38.717s feedback_obs_pack=12.343s feedback_info_pack=0.625s effective_fps=33.28
2026-09-27 18:45:35.194 | INFO     | plugrl_env_client.runner.rollout:log_timing_summary:98 - Intermediate rollout timing summary: env_steps=746203 infer_calls=186551 feedback_calls=186550 infer_wait=16943.212s infer_obs_pack=8.659s env_step=5433.708s feedback_total=38.453s feedback_obs_pack=12.309s feedback_info_pack=0.638s effective_fps=33.28
2026-09-27 18:53:22.994 | INFO     | plugrl_env_client.runner.rollout:log_timing_summary:98 - Intermediate rollout timing summary: env_steps=746669 infer_calls=186668 feedback_calls=186667 infer_wait=17407.562s infer_obs_pack=8.642s env_step=5436.934s feedback_total=38.739s feedback_obs_pack=12.350s feedback_info_pack=0.625s effective_fps=32.62
2026-09-27 18:53:22.996 | INFO     | plugrl_env_client.runner.rollout:log_timing_summary:98 - Intermediate rollout timing summary: env_steps=746669 infer_calls=186668 feedback_calls=186667 infer_wait=17407.943s infer_obs_pack=8.664s env_step=5436.736s feedback_total=38.474s feedback_obs_pack=12.316s feedback_info_pack=0.638s effective_fps=32.62
2026-09-27 18:53:22.996 | INFO     | plugrl_env_client.runner.rollout:log_timing_summary:98 - Intermediate rollout timing summary: env_steps=746681 infer_calls=186671 feedback_calls=186670 infer_wait=17358.516s infer_obs_pack=8.635s env_step=5485.322s feedback_total=38.466s feedback_obs_pack=12.292s feedback_info_pack=0.639s effective_fps=32.62
2026-09-27 18:53:53.008 | INFO     | plugrl_env_client.runner.rollout:log_timing_summary:98 - Intermediate rollout timing summary: env_steps=749509 infer_calls=187378 feedback_calls=187377 infer_wait=17369.469s infer_obs_pack=8.668s env_step=5504.104s feedback_total=38.602s feedback_obs_pack=12.334s feedback_info_pack=0.642s effective_fps=32.70
2026-09-27 18:53:53.009 | INFO     | plugrl_env_client.runner.rollout:log_timing_summary:98 - Intermediate rollout timing summary: env_steps=749497 infer_calls=187375 feedback_calls=187374 infer_wait=17418.851s infer_obs_pack=8.693s env_step=5455.575s feedback_total=38.607s feedback_obs_pack=12.359s feedback_info_pack=0.641s effective_fps=32.70
2026-09-27 18:53:53.009 | INFO     | plugrl_env_client.runner.rollout:log_timing_summary:98 - Intermediate rollout timing summary: env_steps=749497 infer_calls=187375 feedback_calls=187374 infer_wait=17418.616s infer_obs_pack=8.671s env_step=5455.618s feedback_total=38.877s feedback_obs_pack=12.396s feedback_info_pack=0.627s effective_fps=32.70
2026-09-27 18:54:23.010 | INFO     | plugrl_env_client.runner.rollout:log_timing_summary:98 - Intermediate rollout timing summary: env_steps=752355 infer_calls=188089 feedback_calls=188088 infer_wait=17380.624s infer_obs_pack=8.697s env_step=5522.686s feedback_total=38.731s feedback_obs_pack=12.375s feedback_info_pack=0.644s effective_fps=32.78
2026-09-27 18:54:23.011 | INFO     | plugrl_env_client.runner.rollout:log_timing_summary:98 - Intermediate rollout timing summary: env_steps=752343 infer_calls=188086 feedback_calls=188085 infer_wait=17429.480s infer_obs_pack=8.700s env_step=5474.489s feedback_total=39.012s feedback_obs_pack=12.438s feedback_info_pack=0.629s effective_fps=32.78
2026-09-27 18:54:23.012 | INFO     | plugrl_env_client.runner.rollout:log_timing_summary:98 - Intermediate rollout timing summary: env_steps=752343 infer_calls=188086 feedback_calls=188085 infer_wait=17429.643s infer_obs_pack=8.723s env_step=5474.516s feedback_total=38.746s feedback_obs_pack=12.403s feedback_info_pack=0.643s effective_fps=32.78
2026-09-27 18:54:53.022 | INFO     | plugrl_env_client.runner.rollout:log_timing_summary:98 - Intermediate rollout timing summary: env_steps=755237 infer_calls=188810 feedback_calls=188809 infer_wait=17391.380s infer_obs_pack=8.727s env_step=5541.664s feedback_total=38.866s feedback_obs_pack=12.417s feedback_info_pack=0.646s effective_fps=32.86
2026-09-27 18:54:53.022 | INFO     | plugrl_env_client.runner.rollout:log_timing_summary:98 - Intermediate rollout timing summary: env_steps=755225 infer_calls=188807 feedback_calls=188806 infer_wait=17440.473s infer_obs_pack=8.754s env_step=5493.419s feedback_total=38.882s feedback_obs_pack=12.447s feedback_info_pack=0.645s effective_fps=32.86
2026-09-27 18:54:53.022 | INFO     | plugrl_env_client.runner.rollout:log_timing_summary:98 - Intermediate rollout timing summary: env_steps=755225 infer_calls=188807 feedback_calls=188806 infer_wait=17440.502s infer_obs_pack=8.730s env_step=5493.202s feedback_total=39.154s feedback_obs_pack=12.480s feedback_info_pack=0.632s effective_fps=32.86
2026-09-27 18:55:23.024 | INFO     | plugrl_env_client.runner.rollout:log_timing_summary:98 - Intermediate rollout timing summary: env_steps=758090 infer_calls=189523 feedback_calls=189522 infer_wait=17451.600s infer_obs_pack=8.761s env_step=5511.832s feedback_total=39.290s feedback_obs_pack=12.522s feedback_info_pack=0.634s effective_fps=32.94
2026-09-27 18:55:23.024 | INFO     | plugrl_env_client.runner.rollout:log_timing_summary:98 - Intermediate rollout timing summary: env_steps=758090 infer_calls=189523 feedback_calls=189522 infer_wait=17451.558s infer_obs_pack=8.784s env_step=5512.069s feedback_total=39.011s feedback_obs_pack=12.489s feedback_info_pack=0.647s effective_fps=32.94
2026-09-27 18:55:23.025 | INFO     | plugrl_env_client.runner.rollout:log_timing_summary:98 - Intermediate rollout timing summary: env_steps=758102 infer_calls=189526 feedback_calls=189525 infer_wait=17402.361s infer_obs_pack=8.757s env_step=5560.419s feedback_total=38.997s feedback_obs_pack=12.459s feedback_info_pack=0.649s effective_fps=32.95
2026-09-27 18:55:53.025 | INFO     | plugrl_env_client.runner.rollout:log_timing_summary:98 - Intermediate rollout timing summary: env_steps=760959 infer_calls=190240 feedback_calls=190239 infer_wait=17462.509s infer_obs_pack=8.814s env_step=5530.851s feedback_total=39.145s feedback_obs_pack=12.530s feedback_info_pack=0.650s effective_fps=33.03
2026-09-27 18:55:53.029 | INFO     | plugrl_env_client.runner.rollout:log_timing_summary:98 - Intermediate rollout timing summary: env_steps=760971 infer_calls=190243 feedback_calls=190242 infer_wait=17413.295s infer_obs_pack=8.787s env_step=5579.222s feedback_total=39.129s feedback_obs_pack=12.501s feedback_info_pack=0.651s effective_fps=33.03
2026-09-27 18:55:53.031 | INFO     | plugrl_env_client.runner.rollout:log_timing_summary:98 - Intermediate rollout timing summary: env_steps=760960 infer_calls=190240 feedback_calls=190240 infer_wait=17462.408s infer_obs_pack=8.791s env_step=5530.755s feedback_total=39.428s feedback_obs_pack=12.567s feedback_info_pack=0.636s effective_fps=33.03
2026-09-27 18:56:23.032 | INFO     | plugrl_env_client.runner.rollout:log_timing_summary:98 - Intermediate rollout timing summary: env_steps=763872 infer_calls=190968 feedback_calls=190968 infer_wait=17472.838s infer_obs_pack=8.822s env_step=5550.053s feedback_total=39.567s feedback_obs_pack=12.611s feedback_info_pack=0.639s effective_fps=33.11
2026-09-27 18:56:23.051 | INFO     | plugrl_env_client.runner.rollout:log_timing_summary:98 - Intermediate rollout timing summary: env_steps=763885 infer_calls=190972 feedback_calls=190971 infer_wait=17424.028s infer_obs_pack=8.817s env_step=5598.228s feedback_total=39.274s feedback_obs_pack=12.543s feedback_info_pack=0.654s effective_fps=33.11
2026-09-27 18:56:23.054 | INFO     | plugrl_env_client.runner.rollout:log_timing_summary:98 - Intermediate rollout timing summary: env_steps=763873 infer_calls=190969 feedback_calls=190968 infer_wait=17473.784s infer_obs_pack=8.846s env_step=5549.330s feedback_total=39.283s feedback_obs_pack=12.574s feedback_info_pack=0.652s effective_fps=33.11
2026-09-27 18:56:53.034 | INFO     | plugrl_env_client.runner.rollout:log_timing_summary:98 - Intermediate rollout timing summary: env_steps=766758 infer_calls=191690 feedback_calls=191689 infer_wait=17483.498s infer_obs_pack=8.852s env_step=5569.121s feedback_total=39.703s feedback_obs_pack=12.656s feedback_info_pack=0.641s effective_fps=33.19
2026-09-27 18:56:53.068 | INFO     | plugrl_env_client.runner.rollout:log_timing_summary:98 - Intermediate rollout timing summary: env_steps=766761 infer_calls=191691 feedback_calls=191690 infer_wait=17484.780s infer_obs_pack=8.876s env_step=5568.074s feedback_total=39.425s feedback_obs_pack=12.620s feedback_info_pack=0.654s effective_fps=33.19
2026-09-27 18:56:53.074 | INFO     | plugrl_env_client.runner.rollout:log_timing_summary:98 - Intermediate rollout timing summary: env_steps=766773 infer_calls=191694 feedback_calls=191693 infer_wait=17434.977s infer_obs_pack=8.847s env_step=5617.037s feedback_total=39.402s feedback_obs_pack=12.584s feedback_info_pack=0.656s effective_fps=33.19
2026-09-27 18:57:23.052 | INFO     | plugrl_env_client.runner.rollout:log_timing_summary:98 - Intermediate rollout timing summary: env_steps=769649 infer_calls=192413 feedback_calls=192412 infer_wait=17494.099s infer_obs_pack=8.882s env_step=5588.273s feedback_total=39.833s feedback_obs_pack=12.698s feedback_info_pack=0.644s effective_fps=33.27
2026-09-27 18:57:23.072 | INFO     | plugrl_env_client.runner.rollout:log_timing_summary:98 - Intermediate rollout timing summary: env_steps=769652 infer_calls=192413 feedback_calls=192413 infer_wait=17495.755s infer_obs_pack=8.906s env_step=5586.835s feedback_total=39.555s feedback_obs_pack=12.663s feedback_info_pack=0.657s effective_fps=33.27
2026-09-27 18:57:23.091 | INFO     | plugrl_env_client.runner.rollout:log_timing_summary:98 - Intermediate rollout timing summary: env_steps=769665 infer_calls=192417 feedback_calls=192416 infer_wait=17445.727s infer_obs_pack=8.877s env_step=5636.021s feedback_total=39.541s feedback_obs_pack=12.630s feedback_info_pack=0.658s effective_fps=33.28
2026-09-27 18:57:53.053 | INFO     | plugrl_env_client.runner.rollout:log_timing_summary:98 - Intermediate rollout timing summary: env_steps=772583 infer_calls=193146 feedback_calls=193145 infer_wait=17505.096s infer_obs_pack=8.912s env_step=5607.005s feedback_total=39.969s feedback_obs_pack=12.744s feedback_info_pack=0.646s effective_fps=33.36
2026-09-27 18:57:53.083 | INFO     | plugrl_env_client.runner.rollout:log_timing_summary:98 - Intermediate rollout timing summary: env_steps=772585 infer_calls=193147 feedback_calls=193146 infer_wait=17506.538s infer_obs_pack=8.938s env_step=5605.793s feedback_total=39.690s feedback_obs_pack=12.705s feedback_info_pack=0.659s effective_fps=33.36
2026-09-27 18:57:53.095 | INFO     | plugrl_env_client.runner.rollout:log_timing_summary:98 - Intermediate rollout timing summary: env_steps=772599 infer_calls=193150 feedback_calls=193149 infer_wait=17456.183s infer_obs_pack=8.909s env_step=5655.291s feedback_total=39.679s feedback_obs_pack=12.676s feedback_info_pack=0.660s effective_fps=33.36
2026-09-27 19:05:43.076 | INFO     | plugrl_env_client.runner.rollout:log_timing_summary:98 - Intermediate rollout timing summary: env_steps=773333 infer_calls=193334 feedback_calls=193333 infer_wait=17971.477s infer_obs_pack=8.946s env_step=5610.777s feedback_total=39.725s feedback_obs_pack=12.716s feedback_info_pack=0.659s effective_fps=32.73
2026-09-27 19:05:43.077 | INFO     | plugrl_env_client.runner.rollout:log_timing_summary:98 - Intermediate rollout timing summary: env_steps=773345 infer_calls=193337 feedback_calls=193336 infer_wait=17921.364s infer_obs_pack=8.916s env_step=5660.021s feedback_total=39.713s feedback_obs_pack=12.687s feedback_info_pack=0.661s effective_fps=32.73
2026-09-27 19:05:43.083 | INFO     | plugrl_env_client.runner.rollout:log_timing_summary:98 - Intermediate rollout timing summary: env_steps=773333 infer_calls=193334 feedback_calls=193333 infer_wait=17970.198s infer_obs_pack=8.920s env_step=5611.858s feedback_total=40.008s feedback_obs_pack=12.755s feedback_info_pack=0.646s effective_fps=32.73
2026-09-27 19:06:13.086 | INFO     | plugrl_env_client.runner.rollout:log_timing_summary:98 - Intermediate rollout timing summary: env_steps=776245 infer_calls=194062 feedback_calls=194061 infer_wait=17982.284s infer_obs_pack=8.976s env_step=5629.701s feedback_total=39.864s feedback_obs_pack=12.759s feedback_info_pack=0.662s effective_fps=32.81
2026-09-27 19:06:13.087 | INFO     | plugrl_env_client.runner.rollout:log_timing_summary:98 - Intermediate rollout timing summary: env_steps=776245 infer_calls=194062 feedback_calls=194061 infer_wait=17980.866s infer_obs_pack=8.950s env_step=5630.915s feedback_total=40.152s feedback_obs_pack=12.798s feedback_info_pack=0.649s effective_fps=32.81
2026-09-27 19:06:13.089 | INFO     | plugrl_env_client.runner.rollout:log_timing_summary:98 - Intermediate rollout timing summary: env_steps=776257 infer_calls=194065 feedback_calls=194064 infer_wait=17932.095s infer_obs_pack=8.947s env_step=5679.030s feedback_total=39.850s feedback_obs_pack=12.731s feedback_info_pack=0.663s effective_fps=32.81
2026-09-27 19:06:43.097 | INFO     | plugrl_env_client.runner.rollout:log_timing_summary:98 - Intermediate rollout timing summary: env_steps=779149 infer_calls=194788 feedback_calls=194787 infer_wait=17942.794s infer_obs_pack=8.977s env_step=5698.068s feedback_total=39.986s feedback_obs_pack=12.773s feedback_info_pack=0.666s effective_fps=32.89
2026-09-27 19:06:43.097 | INFO     | plugrl_env_client.runner.rollout:log_timing_summary:98 - Intermediate rollout timing summary: env_steps=779137 infer_calls=194785 feedback_calls=194784 infer_wait=17993.415s infer_obs_pack=9.007s env_step=5648.309s feedback_total=39.997s feedback_obs_pack=12.801s feedback_info_pack=0.664s effective_fps=32.89
2026-09-27 19:06:43.098 | INFO     | plugrl_env_client.runner.rollout:log_timing_summary:98 - Intermediate rollout timing summary: env_steps=779137 infer_calls=194785 feedback_calls=194784 infer_wait=17991.695s infer_obs_pack=8.981s env_step=5649.830s feedback_total=40.285s feedback_obs_pack=12.842s feedback_info_pack=0.651s effective_fps=32.89
2026-09-27 19:07:13.101 | INFO     | plugrl_env_client.runner.rollout:log_timing_summary:98 - Intermediate rollout timing summary: env_steps=782080 infer_calls=195520 feedback_calls=195520 infer_wait=18004.324s infer_obs_pack=9.038s env_step=5667.126s feedback_total=40.136s feedback_obs_pack=12.845s feedback_info_pack=0.666s effective_fps=32.97
2026-09-27 19:07:13.120 | INFO     | plugrl_env_client.runner.rollout:log_timing_summary:98 - Intermediate rollout timing summary: env_steps=782093 infer_calls=195524 feedback_calls=195523 infer_wait=17953.284s infer_obs_pack=9.007s env_step=5717.325s feedback_total=40.120s feedback_obs_pack=12.816s feedback_info_pack=0.668s effective_fps=32.97
2026-09-27 19:07:13.120 | INFO     | plugrl_env_client.runner.rollout:log_timing_summary:98 - Intermediate rollout timing summary: env_steps=782081 infer_calls=195521 feedback_calls=195520 infer_wait=18002.585s infer_obs_pack=9.012s env_step=5668.688s feedback_total=40.421s feedback_obs_pack=12.886s feedback_info_pack=0.653s effective_fps=32.97
2026-09-27 19:07:43.101 | INFO     | plugrl_env_client.runner.rollout:log_timing_summary:98 - Intermediate rollout timing summary: env_steps=784966 infer_calls=196242 feedback_calls=196241 infer_wait=18015.422s infer_obs_pack=9.068s env_step=5685.757s feedback_total=40.272s feedback_obs_pack=12.888s feedback_info_pack=0.669s effective_fps=33.05
2026-09-27 19:07:43.122 | INFO     | plugrl_env_client.runner.rollout:log_timing_summary:98 - Intermediate rollout timing summary: env_steps=784968 infer_calls=196242 feedback_calls=196242 infer_wait=18013.402s infer_obs_pack=9.045s env_step=5687.599s feedback_total=40.560s feedback_obs_pack=12.928s feedback_info_pack=0.655s effective_fps=33.05
2026-09-27 19:07:43.142 | INFO     | plugrl_env_client.runner.rollout:log_timing_summary:98 - Intermediate rollout timing summary: env_steps=784981 infer_calls=196246 feedback_calls=196245 infer_wait=17963.995s infer_obs_pack=9.038s env_step=5736.364s feedback_total=40.254s feedback_obs_pack=12.860s feedback_info_pack=0.670s effective_fps=33.05
2026-09-27 19:08:13.115 | INFO     | plugrl_env_client.runner.rollout:log_timing_summary:98 - Intermediate rollout timing summary: env_steps=787837 infer_calls=196960 feedback_calls=196959 infer_wait=18026.363s infer_obs_pack=9.099s env_step=5704.552s feedback_total=40.414s feedback_obs_pack=12.931s feedback_info_pack=0.671s effective_fps=33.13
2026-09-27 19:08:13.126 | INFO     | plugrl_env_client.runner.rollout:log_timing_summary:98 - Intermediate rollout timing summary: env_steps=787839 infer_calls=196960 feedback_calls=196959 infer_wait=18024.291s infer_obs_pack=9.078s env_step=5706.430s feedback_total=40.704s feedback_obs_pack=12.979s feedback_info_pack=0.658s effective_fps=33.13
2026-09-27 19:08:13.151 | INFO     | plugrl_env_client.runner.rollout:log_timing_summary:98 - Intermediate rollout timing summary: env_steps=787853 infer_calls=196964 feedback_calls=196963 infer_wait=17974.800s infer_obs_pack=9.068s env_step=5755.291s feedback_total=40.389s feedback_obs_pack=12.904s feedback_info_pack=0.673s effective_fps=33.13
2026-09-27 19:08:43.127 | INFO     | plugrl_env_client.runner.rollout:log_timing_summary:98 - Intermediate rollout timing summary: env_steps=790741 infer_calls=197686 feedback_calls=197685 infer_wait=18037.311s infer_obs_pack=9.131s env_step=5723.341s feedback_total=40.554s feedback_obs_pack=12.974s feedback_info_pack=0.673s effective_fps=33.21
2026-09-27 19:08:43.127 | INFO     | plugrl_env_client.runner.rollout:log_timing_summary:98 - Intermediate rollout timing summary: env_steps=790741 infer_calls=197686 feedback_calls=197685 infer_wait=18035.320s infer_obs_pack=9.109s env_step=5725.124s feedback_total=40.849s feedback_obs_pack=13.021s feedback_info_pack=0.660s effective_fps=33.21
2026-09-27 19:08:43.165 | INFO     | plugrl_env_client.runner.rollout:log_timing_summary:98 - Intermediate rollout timing summary: env_steps=790757 infer_calls=197690 feedback_calls=197689 infer_wait=17985.480s infer_obs_pack=9.099s env_step=5774.349s feedback_total=40.529s feedback_obs_pack=12.947s feedback_info_pack=0.675s effective_fps=33.21
2026-09-27 19:09:13.127 | INFO     | plugrl_env_client.runner.rollout:log_timing_summary:98 - Intermediate rollout timing summary: env_steps=793699 infer_calls=198425 feedback_calls=198424 infer_wait=18048.001s infer_obs_pack=9.163s env_step=5742.371s feedback_total=40.695s feedback_obs_pack=13.019s feedback_info_pack=0.678s effective_fps=33.29
2026-09-27 19:09:13.128 | INFO     | plugrl_env_client.runner.rollout:log_timing_summary:98 - Intermediate rollout timing summary: env_steps=793699 infer_calls=198425 feedback_calls=198424 infer_wait=18046.102s infer_obs_pack=9.139s env_step=5744.069s feedback_total=40.986s feedback_obs_pack=13.066s feedback_info_pack=0.663s effective_fps=33.29
2026-09-27 19:09:13.169 | INFO     | plugrl_env_client.runner.rollout:log_timing_summary:98 - Intermediate rollout timing summary: env_steps=793715 infer_calls=198429 feedback_calls=198428 infer_wait=17996.234s infer_obs_pack=9.130s env_step=5793.318s feedback_total=40.669s feedback_obs_pack=12.992s feedback_info_pack=0.677s effective_fps=33.29
2026-09-27 19:09:43.146 | INFO     | plugrl_env_client.runner.rollout:log_timing_summary:98 - Intermediate rollout timing summary: env_steps=796557 infer_calls=199140 feedback_calls=199139 infer_wait=18057.162s infer_obs_pack=9.169s env_step=5762.763s feedback_total=41.119s feedback_obs_pack=13.108s feedback_info_pack=0.665s effective_fps=33.37
2026-09-27 19:09:43.148 | INFO     | plugrl_env_client.runner.rollout:log_timing_summary:98 - Intermediate rollout timing summary: env_steps=796557 infer_calls=199140 feedback_calls=199139 infer_wait=18059.108s infer_obs_pack=9.195s env_step=5761.013s feedback_total=40.831s feedback_obs_pack=13.064s feedback_info_pack=0.680s effective_fps=33.37
2026-09-27 19:09:43.170 | INFO     | plugrl_env_client.runner.rollout:log_timing_summary:98 - Intermediate rollout timing summary: env_steps=796572 infer_calls=199143 feedback_calls=199143 infer_wait=18006.833s infer_obs_pack=9.159s env_step=5812.450s feedback_total=40.801s feedback_obs_pack=13.035s feedback_info_pack=0.679s effective_fps=33.37
2026-09-27 19:10:13.151 | INFO     | plugrl_env_client.runner.rollout:log_timing_summary:98 - Intermediate rollout timing summary: env_steps=799389 infer_calls=199848 feedback_calls=199847 infer_wait=18068.636s infer_obs_pack=9.199s env_step=5781.028s feedback_total=41.249s feedback_obs_pack=13.150s feedback_info_pack=0.667s effective_fps=33.45
2026-09-27 19:10:13.153 | INFO     | plugrl_env_client.runner.rollout:log_timing_summary:98 - Intermediate rollout timing summary: env_steps=799389 infer_calls=199848 feedback_calls=199847 infer_wait=18070.027s infer_obs_pack=9.226s env_step=5779.825s feedback_total=40.967s feedback_obs_pack=13.107s feedback_info_pack=0.683s effective_fps=33.45
2026-09-27 19:10:13.194 | INFO     | plugrl_env_client.runner.rollout:log_timing_summary:98 - Intermediate rollout timing summary: env_steps=799405 infer_calls=199852 feedback_calls=199851 infer_wait=18017.639s infer_obs_pack=9.189s env_step=5831.396s feedback_total=40.935s feedback_obs_pack=13.076s feedback_info_pack=0.682s effective_fps=33.45
2026-09-27 19:18:01.825 | INFO     | plugrl_env_client.runner.rollout:log_timing_summary:98 - Intermediate rollout timing summary: env_steps=800001 infer_calls=200001 feedback_calls=200000 infer_wait=18534.671s infer_obs_pack=9.232s env_step=5783.795s feedback_total=40.995s feedback_obs_pack=13.116s feedback_info_pack=0.683s effective_fps=32.83
2026-09-27 19:18:01.828 | INFO     | plugrl_env_client.runner.rollout:log_timing_summary:98 - Intermediate rollout timing summary: env_steps=800013 infer_calls=200004 feedback_calls=200003 infer_wait=18482.247s infer_obs_pack=9.195s env_step=5835.364s feedback_total=40.963s feedback_obs_pack=13.085s feedback_info_pack=0.682s effective_fps=32.83
2026-09-27 19:18:01.828 | INFO     | plugrl_env_client.runner.rollout:log_timing_summary:98 - Intermediate rollout timing summary: env_steps=800001 infer_calls=200001 feedback_calls=200000 infer_wait=18533.155s infer_obs_pack=9.205s env_step=5785.129s feedback_total=41.278s feedback_obs_pack=13.159s feedback_info_pack=0.668s effective_fps=32.83
2026-09-27 19:18:31.839 | INFO     | plugrl_env_client.runner.rollout:log_timing_summary:98 - Intermediate rollout timing summary: env_steps=802877 infer_calls=200720 feedback_calls=200719 infer_wait=18545.705s infer_obs_pack=9.263s env_step=5802.487s feedback_total=41.146s feedback_obs_pack=13.165s feedback_info_pack=0.686s effective_fps=32.91
2026-09-27 19:18:31.841 | INFO     | plugrl_env_client.runner.rollout:log_timing_summary:98 - Intermediate rollout timing summary: env_steps=802877 infer_calls=200720 feedback_calls=200719 infer_wait=18544.112s infer_obs_pack=9.235s env_step=5803.912s feedback_total=41.414s feedback_obs_pack=13.203s feedback_info_pack=0.670s effective_fps=32.91
2026-09-27 19:18:31.844 | INFO     | plugrl_env_client.runner.rollout:log_timing_summary:98 - Intermediate rollout timing summary: env_steps=802889 infer_calls=200723 feedback_calls=200722 infer_wait=18492.956s infer_obs_pack=9.225s env_step=5854.387s feedback_total=41.103s feedback_obs_pack=13.127s feedback_info_pack=0.684s effective_fps=32.91
2026-09-27 19:19:01.843 | INFO     | plugrl_env_client.runner.rollout:log_timing_summary:98 - Intermediate rollout timing summary: env_steps=805774 infer_calls=201444 feedback_calls=201443 infer_wait=18556.573s infer_obs_pack=9.294s env_step=5821.349s feedback_total=41.283s feedback_obs_pack=13.209s feedback_info_pack=0.689s effective_fps=32.98
2026-09-27 19:19:01.846 | INFO     | plugrl_env_client.runner.rollout:log_timing_summary:98 - Intermediate rollout timing summary: env_steps=805786 infer_calls=201447 feedback_calls=201446 infer_wait=18503.746s infer_obs_pack=9.257s env_step=5873.323s feedback_total=41.239s feedback_obs_pack=13.170s feedback_info_pack=0.687s effective_fps=32.99
2026-09-27 19:19:01.848 | INFO     | plugrl_env_client.runner.rollout:log_timing_summary:98 - Intermediate rollout timing summary: env_steps=805774 infer_calls=201444 feedback_calls=201443 infer_wait=18555.032s infer_obs_pack=9.265s env_step=5822.732s feedback_total=41.547s feedback_obs_pack=13.246s feedback_info_pack=0.673s effective_fps=32.98
2026-09-27 19:19:31.845 | INFO     | plugrl_env_client.runner.rollout:log_timing_summary:98 - Intermediate rollout timing summary: env_steps=808668 infer_calls=202167 feedback_calls=202167 infer_wait=18567.144s infer_obs_pack=9.325s env_step=5840.500s feedback_total=41.420s feedback_obs_pack=13.251s feedback_info_pack=0.691s effective_fps=33.06
2026-09-27 19:19:31.864 | INFO     | plugrl_env_client.runner.rollout:log_timing_summary:98 - Intermediate rollout timing summary: env_steps=808681 infer_calls=202171 feedback_calls=202170 infer_wait=18514.747s infer_obs_pack=9.287s env_step=5892.065s feedback_total=41.373s feedback_obs_pack=13.213s feedback_info_pack=0.689s effective_fps=33.06
2026-09-27 19:19:31.864 | INFO     | plugrl_env_client.runner.rollout:log_timing_summary:98 - Intermediate rollout timing summary: env_steps=808669 infer_calls=202168 feedback_calls=202167 infer_wait=18566.220s infer_obs_pack=9.295s env_step=5841.283s feedback_total=41.687s feedback_obs_pack=13.289s feedback_info_pack=0.675s effective_fps=33.06
2026-09-27 19:20:01.848 | INFO     | plugrl_env_client.runner.rollout:log_timing_summary:98 - Intermediate rollout timing summary: env_steps=811594 infer_calls=202899 feedback_calls=202898 infer_wait=18577.894s infer_obs_pack=9.357s env_step=5859.472s feedback_total=41.554s feedback_obs_pack=13.297s feedback_info_pack=0.694s effective_fps=33.14
2026-09-27 19:20:01.878 | INFO     | plugrl_env_client.runner.rollout:log_timing_summary:98 - Intermediate rollout timing summary: env_steps=811597 infer_calls=202900 feedback_calls=202899 infer_wait=18577.216s infer_obs_pack=9.326s env_step=5860.023s feedback_total=41.825s feedback_obs_pack=13.333s feedback_info_pack=0.678s effective_fps=33.14
2026-09-27 19:20:01.878 | INFO     | plugrl_env_client.runner.rollout:log_timing_summary:98 - Intermediate rollout timing summary: env_steps=811609 infer_calls=202903 feedback_calls=202902 infer_wait=18525.549s infer_obs_pack=9.318s env_step=5910.994s feedback_total=41.511s feedback_obs_pack=13.259s feedback_info_pack=0.691s effective_fps=33.14
2026-09-27 19:20:31.852 | INFO     | plugrl_env_client.runner.rollout:log_timing_summary:98 - Intermediate rollout timing summary: env_steps=814510 infer_calls=203628 feedback_calls=203627 infer_wait=18589.026s infer_obs_pack=9.388s env_step=5878.069s feedback_total=41.692s feedback_obs_pack=13.340s feedback_info_pack=0.696s effective_fps=33.22
2026-09-27 19:20:31.883 | INFO     | plugrl_env_client.runner.rollout:log_timing_summary:98 - Intermediate rollout timing summary: env_steps=814525 infer_calls=203632 feedback_calls=203631 infer_wait=18536.417s infer_obs_pack=9.349s env_step=5929.852s feedback_total=41.649s feedback_obs_pack=13.302s feedback_info_pack=0.694s effective_fps=33.22
2026-09-27 19:20:31.884 | INFO     | plugrl_env_client.runner.rollout:log_timing_summary:98 - Intermediate rollout timing summary: env_steps=814513 infer_calls=203629 feedback_calls=203628 infer_wait=18588.106s infer_obs_pack=9.356s env_step=5878.865s feedback_total=41.964s feedback_obs_pack=13.377s feedback_info_pack=0.680s effective_fps=33.22
2026-09-27 19:21:01.858 | INFO     | plugrl_env_client.runner.rollout:log_timing_summary:98 - Intermediate rollout timing summary: env_steps=817404 infer_calls=204351 feedback_calls=204351 infer_wait=18599.929s infer_obs_pack=9.419s env_step=5896.898s feedback_total=41.829s feedback_obs_pack=13.382s feedback_info_pack=0.698s effective_fps=33.30
2026-09-27 19:21:01.884 | INFO     | plugrl_env_client.runner.rollout:log_timing_summary:98 - Intermediate rollout timing summary: env_steps=817418 infer_calls=204355 feedback_calls=204354 infer_wait=18547.201s infer_obs_pack=9.379s env_step=5948.790s feedback_total=41.787s feedback_obs_pack=13.345s feedback_info_pack=0.696s effective_fps=33.30
2026-09-27 19:21:01.889 | INFO     | plugrl_env_client.runner.rollout:log_timing_summary:98 - Intermediate rollout timing summary: env_steps=817406 infer_calls=204352 feedback_calls=204351 infer_wait=18598.922s infer_obs_pack=9.390s env_step=5897.778s feedback_total=42.102s feedback_obs_pack=13.420s feedback_info_pack=0.682s effective_fps=33.30
2026-09-27 19:21:31.863 | INFO     | plugrl_env_client.runner.rollout:log_timing_summary:98 - Intermediate rollout timing summary: env_steps=820300 infer_calls=205075 feedback_calls=205075 infer_wait=18610.789s infer_obs_pack=9.451s env_step=5915.759s feedback_total=41.971s feedback_obs_pack=13.425s feedback_info_pack=0.701s effective_fps=33.38
2026-09-27 19:21:31.892 | INFO     | plugrl_env_client.runner.rollout:log_timing_summary:98 - Intermediate rollout timing summary: env_steps=820314 infer_calls=205079 feedback_calls=205078 infer_wait=18557.826s infer_obs_pack=9.410s env_step=5967.888s feedback_total=41.930s feedback_obs_pack=13.388s feedback_info_pack=0.698s effective_fps=33.38
2026-09-27 19:21:31.894 | INFO     | plugrl_env_client.runner.rollout:log_timing_summary:98 - Intermediate rollout timing summary: env_steps=820303 infer_calls=205076 feedback_calls=205075 infer_wait=18609.750s infer_obs_pack=9.421s env_step=5916.669s feedback_total=42.246s feedback_obs_pack=13.464s feedback_info_pack=0.684s effective_fps=33.38
2026-09-27 19:22:01.879 | INFO     | plugrl_env_client.runner.rollout:log_timing_summary:98 - Intermediate rollout timing summary: env_steps=823185 infer_calls=205797 feedback_calls=205796 infer_wait=18621.826s infer_obs_pack=9.482s env_step=5934.463s feedback_total=42.106s feedback_obs_pack=13.468s feedback_info_pack=0.703s effective_fps=33.45
2026-09-27 19:22:01.897 | INFO     | plugrl_env_client.runner.rollout:log_timing_summary:98 - Intermediate rollout timing summary: env_steps=823188 infer_calls=205797 feedback_calls=205797 infer_wait=18620.412s infer_obs_pack=9.452s env_step=5935.731s feedback_total=42.389s feedback_obs_pack=13.509s feedback_info_pack=0.687s effective_fps=33.45
2026-09-27 19:22:01.899 | INFO     | plugrl_env_client.runner.rollout:log_timing_summary:98 - Intermediate rollout timing summary: env_steps=823200 infer_calls=205800 feedback_calls=205800 infer_wait=18568.666s infer_obs_pack=9.445s env_step=5986.768s feedback_total=42.072s feedback_obs_pack=13.430s feedback_info_pack=0.701s effective_fps=33.45
2026-09-27 19:22:31.888 | INFO     | plugrl_env_client.runner.rollout:log_timing_summary:98 - Intermediate rollout timing summary: env_steps=826093 infer_calls=206524 feedback_calls=206523 infer_wait=18632.566s infer_obs_pack=9.514s env_step=5953.448s feedback_total=42.246s feedback_obs_pack=13.512s feedback_info_pack=0.705s effective_fps=33.53
2026-09-27 19:22:31.901 | INFO     | plugrl_env_client.runner.rollout:log_timing_summary:98 - Intermediate rollout timing summary: env_steps=826095 infer_calls=206524 feedback_calls=206523 infer_wait=18631.202s infer_obs_pack=9.481s env_step=5954.671s feedback_total=42.526s feedback_obs_pack=13.552s feedback_info_pack=0.689s effective_fps=33.53
2026-09-27 19:22:31.901 | INFO     | plugrl_env_client.runner.rollout:log_timing_summary:98 - Intermediate rollout timing summary: env_steps=826107 infer_calls=206527 feedback_calls=206526 infer_wait=18579.417s infer_obs_pack=9.475s env_step=6005.741s feedback_total=42.210s feedback_obs_pack=13.475s feedback_info_pack=0.703s effective_fps=33.53
2026-09-27 19:30:30.222 | INFO     | plugrl_env_client.runner.rollout:log_timing_summary:98 - Intermediate rollout timing summary: env_steps=826665 infer_calls=206667 feedback_calls=206666 infer_wait=19105.777s infer_obs_pack=9.487s env_step=5958.366s feedback_total=42.551s feedback_obs_pack=13.561s feedback_info_pack=0.689s effective_fps=32.91
2026-09-27 19:30:30.222 | INFO     | plugrl_env_client.runner.rollout:log_timing_summary:98 - Intermediate rollout timing summary: env_steps=826677 infer_calls=206670 feedback_calls=206669 infer_wait=19054.005s infer_obs_pack=9.481s env_step=6009.420s feedback_total=42.238s feedback_obs_pack=13.483s feedback_info_pack=0.703s effective_fps=32.92
2026-09-27 19:30:30.222 | INFO     | plugrl_env_client.runner.rollout:log_timing_summary:98 - Intermediate rollout timing summary: env_steps=826665 infer_calls=206667 feedback_calls=206666 infer_wait=19107.145s infer_obs_pack=9.520s env_step=5957.148s feedback_total=42.275s feedback_obs_pack=13.520s feedback_info_pack=0.706s effective_fps=32.91
2026-09-27 19:31:00.227 | INFO     | plugrl_env_client.runner.rollout:log_timing_summary:98 - Intermediate rollout timing summary: env_steps=829425 infer_calls=207357 feedback_calls=207356 infer_wait=19117.024s infer_obs_pack=9.516s env_step=5976.850s feedback_total=42.690s feedback_obs_pack=13.603s feedback_info_pack=0.692s effective_fps=32.98
2026-09-27 19:31:00.229 | INFO     | plugrl_env_client.runner.rollout:log_timing_summary:98 - Intermediate rollout timing summary: env_steps=829437 infer_calls=207360 feedback_calls=207359 infer_wait=19065.000s infer_obs_pack=9.514s env_step=6028.149s feedback_total=42.380s feedback_obs_pack=13.527s feedback_info_pack=0.706s effective_fps=32.99
2026-09-27 19:31:00.232 | INFO     | plugrl_env_client.runner.rollout:log_timing_summary:98 - Intermediate rollout timing summary: env_steps=829425 infer_calls=207357 feedback_calls=207356 infer_wait=19118.089s infer_obs_pack=9.550s env_step=5975.945s feedback_total=42.410s feedback_obs_pack=13.562s feedback_info_pack=0.708s effective_fps=32.98
2026-09-27 19:31:30.232 | INFO     | plugrl_env_client.runner.rollout:log_timing_summary:98 - Intermediate rollout timing summary: env_steps=831897 infer_calls=207975 feedback_calls=207974 infer_wait=19128.741s infer_obs_pack=9.546s env_step=5994.861s feedback_total=42.825s feedback_obs_pack=13.643s feedback_info_pack=0.694s effective_fps=33.04
2026-09-27 19:31:30.233 | INFO     | plugrl_env_client.runner.rollout:log_timing_summary:98 - Intermediate rollout timing summary: env_steps=831897 infer_calls=207975 feedback_calls=207974 infer_wait=19129.812s infer_obs_pack=9.579s env_step=5993.961s feedback_total=42.543s feedback_obs_pack=13.603s feedback_info_pack=0.710s effective_fps=33.04
2026-09-27 19:31:30.234 | INFO     | plugrl_env_client.runner.rollout:log_timing_summary:98 - Intermediate rollout timing summary: env_steps=831909 infer_calls=207978 feedback_calls=207977 infer_wait=19076.560s infer_obs_pack=9.541s env_step=6046.326s feedback_total=42.513s feedback_obs_pack=13.567s feedback_info_pack=0.708s effective_fps=33.05
2026-09-27 19:32:00.234 | INFO     | plugrl_env_client.runner.rollout:log_timing_summary:98 - Intermediate rollout timing summary: env_steps=834341 infer_calls=208586 feedback_calls=208585 infer_wait=19088.039s infer_obs_pack=9.569s env_step=6064.580s feedback_total=42.645s feedback_obs_pack=13.607s feedback_info_pack=0.710s effective_fps=33.10
2026-09-27 19:32:00.236 | INFO     | plugrl_env_client.runner.rollout:log_timing_summary:98 - Intermediate rollout timing summary: env_steps=834330 infer_calls=208583 feedback_calls=208582 infer_wait=19141.756s infer_obs_pack=9.606s env_step=6011.756s feedback_total=42.680s feedback_obs_pack=13.643s feedback_info_pack=0.712s effective_fps=33.10
2026-09-27 19:32:00.240 | INFO     | plugrl_env_client.runner.rollout:log_timing_summary:98 - Intermediate rollout timing summary: env_steps=834330 infer_calls=208583 feedback_calls=208582 infer_wait=19140.583s infer_obs_pack=9.574s env_step=6012.768s feedback_total=42.960s feedback_obs_pack=13.687s feedback_info_pack=0.696s effective_fps=33.10
2026-09-27 19:32:30.242 | INFO     | plugrl_env_client.runner.rollout:log_timing_summary:98 - Intermediate rollout timing summary: env_steps=836781 infer_calls=209196 feedback_calls=209195 infer_wait=19153.579s infer_obs_pack=9.634s env_step=6029.677s feedback_total=42.812s feedback_obs_pack=13.683s feedback_info_pack=0.714s effective_fps=33.16
2026-09-27 19:32:30.244 | INFO     | plugrl_env_client.runner.rollout:log_timing_summary:98 - Intermediate rollout timing summary: env_steps=836781 infer_calls=209196 feedback_calls=209195 infer_wait=19152.664s infer_obs_pack=9.604s env_step=6030.426s feedback_total=43.092s feedback_obs_pack=13.728s feedback_info_pack=0.698s effective_fps=33.16
2026-09-27 19:32:30.248 | INFO     | plugrl_env_client.runner.rollout:log_timing_summary:98 - Intermediate rollout timing summary: env_steps=836793 infer_calls=209199 feedback_calls=209198 infer_wait=19099.496s infer_obs_pack=9.600s env_step=6082.872s feedback_total=42.778s feedback_obs_pack=13.648s feedback_info_pack=0.712s effective_fps=33.16
2026-09-27 19:33:00.246 | INFO     | plugrl_env_client.runner.rollout:log_timing_summary:98 - Intermediate rollout timing summary: env_steps=839348 infer_calls=209837 feedback_calls=209837 infer_wait=19164.339s infer_obs_pack=9.634s env_step=6048.486s feedback_total=43.227s feedback_obs_pack=13.769s feedback_info_pack=0.700s effective_fps=33.22
2026-09-27 19:33:00.249 | INFO     | plugrl_env_client.runner.rollout:log_timing_summary:98 - Intermediate rollout timing summary: env_steps=839348 infer_calls=209837 feedback_calls=209837 infer_wait=19165.193s infer_obs_pack=9.662s env_step=6047.804s feedback_total=42.947s feedback_obs_pack=13.724s feedback_info_pack=0.717s effective_fps=33.22
2026-09-27 19:33:00.252 | INFO     | plugrl_env_client.runner.rollout:log_timing_summary:98 - Intermediate rollout timing summary: env_steps=839360 infer_calls=209840 feedback_calls=209840 infer_wait=19110.895s infer_obs_pack=9.628s env_step=6101.210s feedback_total=42.913s feedback_obs_pack=13.689s feedback_info_pack=0.714s effective_fps=33.22
2026-09-27 19:33:30.271 | INFO     | plugrl_env_client.runner.rollout:log_timing_summary:98 - Intermediate rollout timing summary: env_steps=841781 infer_calls=210446 feedback_calls=210445 infer_wait=19176.705s infer_obs_pack=9.693s env_step=6066.047s feedback_total=43.077s feedback_obs_pack=13.765s feedback_info_pack=0.719s effective_fps=33.28
2026-09-27 19:33:30.273 | INFO     | plugrl_env_client.runner.rollout:log_timing_summary:98 - Intermediate rollout timing summary: env_steps=841781 infer_calls=210446 feedback_calls=210445 infer_wait=19176.631s infer_obs_pack=9.661s env_step=6065.948s feedback_total=43.368s feedback_obs_pack=13.809s feedback_info_pack=0.702s effective_fps=33.28
2026-09-27 19:33:30.273 | INFO     | plugrl_env_client.runner.rollout:log_timing_summary:98 - Intermediate rollout timing summary: env_steps=841793 infer_calls=210449 feedback_calls=210448 infer_wait=19122.207s infer_obs_pack=9.656s env_step=6119.653s feedback_total=43.046s feedback_obs_pack=13.732s feedback_info_pack=0.717s effective_fps=33.28
2026-09-27 19:34:00.287 | INFO     | plugrl_env_client.runner.rollout:log_timing_summary:98 - Intermediate rollout timing summary: env_steps=844229 infer_calls=211058 feedback_calls=211057 infer_wait=19188.506s infer_obs_pack=9.689s env_step=6083.828s feedback_total=43.501s feedback_obs_pack=13.849s feedback_info_pack=0.704s effective_fps=33.34
2026-09-27 19:34:00.289 | INFO     | plugrl_env_client.runner.rollout:log_timing_summary:98 - Intermediate rollout timing summary: env_steps=844241 infer_calls=211061 feedback_calls=211060 infer_wait=19133.815s infer_obs_pack=9.685s env_step=6137.796s feedback_total=43.181s feedback_obs_pack=13.771s feedback_info_pack=0.719s effective_fps=33.34
2026-09-27 19:34:00.291 | INFO     | plugrl_env_client.runner.rollout:log_timing_summary:98 - Intermediate rollout timing summary: env_steps=844229 infer_calls=211058 feedback_calls=211057 infer_wait=19188.170s infer_obs_pack=9.721s env_step=6084.345s feedback_total=43.207s feedback_obs_pack=13.805s feedback_info_pack=0.721s effective_fps=33.34
2026-09-27 19:34:30.294 | INFO     | plugrl_env_client.runner.rollout:log_timing_summary:98 - Intermediate rollout timing summary: env_steps=846713 infer_calls=211679 feedback_calls=211678 infer_wait=19145.390s infer_obs_pack=9.714s env_step=6155.960s feedback_total=43.312s feedback_obs_pack=13.811s feedback_info_pack=0.721s effective_fps=33.40
2026-09-27 19:34:30.294 | INFO     | plugrl_env_client.runner.rollout:log_timing_summary:98 - Intermediate rollout timing summary: env_steps=846701 infer_calls=211676 feedback_calls=211675 infer_wait=19200.321s infer_obs_pack=9.750s env_step=6101.926s feedback_total=43.346s feedback_obs_pack=13.845s feedback_info_pack=0.723s effective_fps=33.39
2026-09-27 19:34:30.296 | INFO     | plugrl_env_client.runner.rollout:log_timing_summary:98 - Intermediate rollout timing summary: env_steps=846701 infer_calls=211676 feedback_calls=211675 infer_wait=19199.913s infer_obs_pack=9.717s env_step=6102.169s feedback_total=43.634s feedback_obs_pack=13.890s feedback_info_pack=0.706s effective_fps=33.39
2026-09-27 19:35:00.296 | INFO     | plugrl_env_client.runner.rollout:log_timing_summary:98 - Intermediate rollout timing summary: env_steps=849218 infer_calls=212305 feedback_calls=212304 infer_wait=19212.103s infer_obs_pack=9.777s env_step=6119.883s feedback_total=43.477s feedback_obs_pack=13.884s feedback_info_pack=0.725s effective_fps=33.45
2026-09-27 19:35:00.298 | INFO     | plugrl_env_client.runner.rollout:log_timing_summary:98 - Intermediate rollout timing summary: env_steps=849232 infer_calls=212308 feedback_calls=212308 infer_wait=19156.848s infer_obs_pack=9.742s env_step=6174.235s feedback_total=43.446s feedback_obs_pack=13.854s feedback_info_pack=0.723s effective_fps=33.46
2026-09-27 19:35:00.298 | INFO     | plugrl_env_client.runner.rollout:log_timing_summary:98 - Intermediate rollout timing summary: env_steps=849220 infer_calls=212305 feedback_calls=212305 infer_wait=19211.303s infer_obs_pack=9.746s env_step=6120.513s feedback_total=43.770s feedback_obs_pack=13.931s feedback_info_pack=0.708s effective_fps=33.45
2026-09-27 19:35:30.302 | INFO     | plugrl_env_client.runner.rollout:log_timing_summary:98 - Intermediate rollout timing summary: env_steps=851688 infer_calls=212922 feedback_calls=212922 infer_wait=19168.595s infer_obs_pack=9.769s env_step=6192.230s feedback_total=43.577s feedback_obs_pack=13.896s feedback_info_pack=0.725s effective_fps=33.51
2026-09-27 19:35:30.302 | INFO     | plugrl_env_client.runner.rollout:log_timing_summary:98 - Intermediate rollout timing summary: env_steps=851676 infer_calls=212919 feedback_calls=212919 infer_wait=19223.440s infer_obs_pack=9.808s env_step=6138.279s feedback_total=43.619s feedback_obs_pack=13.928s feedback_info_pack=0.727s effective_fps=33.51
2026-09-27 19:35:30.303 | INFO     | plugrl_env_client.runner.rollout:log_timing_summary:98 - Intermediate rollout timing summary: env_steps=851675 infer_calls=212919 feedback_calls=212918 infer_wait=19223.167s infer_obs_pack=9.775s env_step=6138.386s feedback_total=43.907s feedback_obs_pack=13.971s feedback_info_pack=0.710s effective_fps=33.51
2026-09-27 19:43:35.262 | INFO     | plugrl_env_client.runner.rollout:log_timing_summary:98 - Intermediate rollout timing summary: env_steps=853333 infer_calls=213334 feedback_calls=213333 infer_wait=19696.025s infer_obs_pack=9.827s env_step=6150.472s feedback_total=43.713s feedback_obs_pack=13.955s feedback_info_pack=0.728s effective_fps=32.95
2026-09-27 19:43:35.263 | INFO     | plugrl_env_client.runner.rollout:log_timing_summary:98 - Intermediate rollout timing summary: env_steps=853345 infer_calls=213337 feedback_calls=213336 infer_wait=19641.328s infer_obs_pack=9.788s env_step=6204.278s feedback_total=43.667s feedback_obs_pack=13.923s feedback_info_pack=0.726s effective_fps=32.95
2026-09-27 19:43:35.268 | INFO     | plugrl_env_client.runner.rollout:log_timing_summary:98 - Intermediate rollout timing summary: env_steps=853333 infer_calls=213334 feedback_calls=213333 infer_wait=19696.048s infer_obs_pack=9.793s env_step=6150.295s feedback_total=43.997s feedback_obs_pack=13.998s feedback_info_pack=0.711s effective_fps=32.95
2026-09-27 19:44:05.264 | INFO     | plugrl_env_client.runner.rollout:log_timing_summary:98 - Intermediate rollout timing summary: env_steps=856242 infer_calls=214061 feedback_calls=214060 infer_wait=19651.944s infer_obs_pack=9.818s env_step=6223.386s feedback_total=43.807s feedback_obs_pack=13.966s feedback_info_pack=0.729s effective_fps=33.02
2026-09-27 19:44:05.265 | INFO     | plugrl_env_client.runner.rollout:log_timing_summary:98 - Intermediate rollout timing summary: env_steps=856230 infer_calls=214058 feedback_calls=214057 infer_wait=19706.755s infer_obs_pack=9.858s env_step=6169.474s feedback_total=43.847s feedback_obs_pack=13.998s feedback_info_pack=0.731s effective_fps=33.02
2026-09-27 19:44:05.272 | INFO     | plugrl_env_client.runner.rollout:log_timing_summary:98 - Intermediate rollout timing summary: env_steps=856231 infer_calls=214058 feedback_calls=214057 infer_wait=19707.176s infer_obs_pack=9.824s env_step=6168.890s feedback_total=44.135s feedback_obs_pack=14.043s feedback_info_pack=0.714s effective_fps=33.02
2026-09-27 19:44:35.266 | INFO     | plugrl_env_client.runner.rollout:log_timing_summary:98 - Intermediate rollout timing summary: env_steps=859148 infer_calls=214787 feedback_calls=214787 infer_wait=19717.508s infer_obs_pack=9.889s env_step=6188.442s feedback_total=43.990s feedback_obs_pack=14.042s feedback_info_pack=0.733s effective_fps=33.10
2026-09-27 19:44:35.266 | INFO     | plugrl_env_client.runner.rollout:log_timing_summary:98 - Intermediate rollout timing summary: env_steps=859160 infer_calls=214790 feedback_calls=214790 infer_wait=19662.739s infer_obs_pack=9.848s env_step=6242.310s feedback_total=43.943s feedback_obs_pack=14.009s feedback_info_pack=0.731s effective_fps=33.10
2026-09-27 19:44:35.286 | INFO     | plugrl_env_client.runner.rollout:log_timing_summary:98 - Intermediate rollout timing summary: env_steps=859149 infer_calls=214788 feedback_calls=214787 infer_wait=19717.927s infer_obs_pack=9.855s env_step=6187.885s feedback_total=44.268s feedback_obs_pack=14.086s feedback_info_pack=0.716s effective_fps=33.10
2026-09-27 19:45:05.273 | INFO     | plugrl_env_client.runner.rollout:log_timing_summary:98 - Intermediate rollout timing summary: env_steps=862213 infer_calls=215554 feedback_calls=215553 infer_wait=19673.159s infer_obs_pack=9.880s env_step=6261.612s feedback_total=44.080s feedback_obs_pack=14.053s feedback_info_pack=0.733s effective_fps=33.18
2026-09-27 19:45:05.273 | INFO     | plugrl_env_client.runner.rollout:log_timing_summary:98 - Intermediate rollout timing summary: env_steps=862201 infer_calls=215551 feedback_calls=215550 infer_wait=19727.920s infer_obs_pack=9.921s env_step=6207.743s feedback_total=44.135s feedback_obs_pack=14.090s feedback_info_pack=0.735s effective_fps=33.17
2026-09-27 19:45:05.292 | INFO     | plugrl_env_client.runner.rollout:log_timing_summary:98 - Intermediate rollout timing summary: env_steps=862204 infer_calls=215551 feedback_calls=215551 infer_wait=19728.413s infer_obs_pack=9.886s env_step=6207.120s feedback_total=44.407s feedback_obs_pack=14.131s feedback_info_pack=0.718s effective_fps=33.17
2026-09-27 19:45:35.277 | INFO     | plugrl_env_client.runner.rollout:log_timing_summary:98 - Intermediate rollout timing summary: env_steps=865248 infer_calls=216312 feedback_calls=216312 infer_wait=19738.208s infer_obs_pack=9.953s env_step=6227.173s feedback_total=44.274s feedback_obs_pack=14.137s feedback_info_pack=0.738s effective_fps=33.25
2026-09-27 19:45:35.281 | INFO     | plugrl_env_client.runner.rollout:log_timing_summary:98 - Intermediate rollout timing summary: env_steps=865259 infer_calls=216315 feedback_calls=216314 infer_wait=19683.820s infer_obs_pack=9.912s env_step=6280.670s feedback_total=44.218s feedback_obs_pack=14.098s feedback_info_pack=0.736s effective_fps=33.26
2026-09-27 19:45:35.306 | INFO     | plugrl_env_client.runner.rollout:log_timing_summary:98 - Intermediate rollout timing summary: env_steps=865249 infer_calls=216313 feedback_calls=216312 infer_wait=19738.902s infer_obs_pack=9.917s env_step=6226.364s feedback_total=44.545s feedback_obs_pack=14.176s feedback_info_pack=0.721s effective_fps=33.25
2026-09-27 19:46:05.278 | INFO     | plugrl_env_client.runner.rollout:log_timing_summary:98 - Intermediate rollout timing summary: env_steps=868124 infer_calls=217031 feedback_calls=217031 infer_wait=19749.293s infer_obs_pack=9.984s env_step=6245.815s feedback_total=44.414s feedback_obs_pack=14.179s feedback_info_pack=0.740s effective_fps=33.33
2026-09-27 19:46:05.284 | INFO     | plugrl_env_client.runner.rollout:log_timing_summary:98 - Intermediate rollout timing summary: env_steps=868136 infer_calls=217034 feedback_calls=217034 infer_wait=19694.515s infer_obs_pack=9.942s env_step=6299.705s feedback_total=44.355s feedback_obs_pack=14.141s feedback_info_pack=0.738s effective_fps=33.33
2026-09-27 19:46:05.312 | INFO     | plugrl_env_client.runner.rollout:log_timing_summary:98 - Intermediate rollout timing summary: env_steps=868126 infer_calls=217032 feedback_calls=217031 infer_wait=19749.519s infer_obs_pack=9.948s env_step=6245.483s feedback_total=44.680s feedback_obs_pack=14.219s feedback_info_pack=0.723s effective_fps=33.33
2026-09-27 19:46:35.279 | INFO     | plugrl_env_client.runner.rollout:log_timing_summary:98 - Intermediate rollout timing summary: env_steps=871014 infer_calls=217754 feedback_calls=217753 infer_wait=19760.228s infer_obs_pack=10.015s env_step=6264.611s feedback_total=44.546s feedback_obs_pack=14.221s feedback_info_pack=0.742s effective_fps=33.40
2026-09-27 19:46:35.287 | INFO     | plugrl_env_client.runner.rollout:log_timing_summary:98 - Intermediate rollout timing summary: env_steps=871027 infer_calls=217757 feedback_calls=217756 infer_wait=19705.152s infer_obs_pack=9.974s env_step=6318.791s feedback_total=44.495s feedback_obs_pack=14.185s feedback_info_pack=0.740s effective_fps=33.40
2026-09-27 19:46:35.318 | INFO     | plugrl_env_client.runner.rollout:log_timing_summary:98 - Intermediate rollout timing summary: env_steps=871018 infer_calls=217755 feedback_calls=217754 infer_wait=19760.333s infer_obs_pack=9.978s env_step=6264.400s feedback_total=44.819s feedback_obs_pack=14.262s feedback_info_pack=0.725s effective_fps=33.40
2026-09-27 19:47:05.282 | INFO     | plugrl_env_client.runner.rollout:log_timing_summary:98 - Intermediate rollout timing summary: env_steps=873911 infer_calls=218478 feedback_calls=218477 infer_wait=19771.132s infer_obs_pack=10.045s env_step=6283.435s feedback_total=44.684s feedback_obs_pack=14.266s feedback_info_pack=0.745s effective_fps=33.47
2026-09-27 19:47:05.307 | INFO     | plugrl_env_client.runner.rollout:log_timing_summary:98 - Intermediate rollout timing summary: env_steps=873925 infer_calls=218482 feedback_calls=218481 infer_wait=19715.871s infer_obs_pack=10.006s env_step=6337.822s feedback_total=44.626s feedback_obs_pack=14.227s feedback_info_pack=0.743s effective_fps=33.47
2026-09-27 19:47:05.319 | INFO     | plugrl_env_client.runner.rollout:log_timing_summary:98 - Intermediate rollout timing summary: env_steps=873915 infer_calls=218479 feedback_calls=218478 infer_wait=19771.045s infer_obs_pack=10.009s env_step=6283.417s feedback_total=44.955s feedback_obs_pack=14.304s feedback_info_pack=0.727s effective_fps=33.47
2026-09-27 19:47:35.284 | INFO     | plugrl_env_client.runner.rollout:log_timing_summary:98 - Intermediate rollout timing summary: env_steps=876768 infer_calls=219192 feedback_calls=219192 infer_wait=19782.097s infer_obs_pack=10.075s env_step=6302.204s feedback_total=44.820s feedback_obs_pack=14.308s feedback_info_pack=0.747s effective_fps=33.54
2026-09-27 19:47:35.312 | INFO     | plugrl_env_client.runner.rollout:log_timing_summary:98 - Intermediate rollout timing summary: env_steps=876782 infer_calls=219196 feedback_calls=219195 infer_wait=19726.777s infer_obs_pack=10.041s env_step=6356.640s feedback_total=44.759s feedback_obs_pack=14.269s feedback_info_pack=0.745s effective_fps=33.54
2026-09-27 19:47:35.320 | INFO     | plugrl_env_client.runner.rollout:log_timing_summary:98 - Intermediate rollout timing summary: env_steps=876771 infer_calls=219193 feedback_calls=219192 infer_wait=19781.735s infer_obs_pack=10.039s env_step=6302.457s feedback_total=45.093s feedback_obs_pack=14.348s feedback_info_pack=0.729s effective_fps=33.54
2026-09-27 19:48:05.285 | INFO     | plugrl_env_client.runner.rollout:log_timing_summary:98 - Intermediate rollout timing summary: env_steps=879654 infer_calls=219914 feedback_calls=219913 infer_wait=19792.774s infer_obs_pack=10.106s env_step=6321.260s feedback_total=44.949s feedback_obs_pack=14.351s feedback_info_pack=0.749s effective_fps=33.61
2026-09-27 19:48:05.326 | INFO     | plugrl_env_client.runner.rollout:log_timing_summary:98 - Intermediate rollout timing summary: env_steps=879657 infer_calls=219915 feedback_calls=219914 infer_wait=19792.668s infer_obs_pack=10.069s env_step=6321.251s feedback_total=45.233s feedback_obs_pack=14.392s feedback_info_pack=0.732s effective_fps=33.61
2026-09-27 19:48:05.334 | INFO     | plugrl_env_client.runner.rollout:log_timing_summary:98 - Intermediate rollout timing summary: env_steps=879669 infer_calls=219918 feedback_calls=219917 infer_wait=19737.738s infer_obs_pack=10.072s env_step=6375.426s feedback_total=44.893s feedback_obs_pack=14.312s feedback_info_pack=0.747s effective_fps=33.62
2026-09-27 19:55:51.991 | INFO     | plugrl_env_client.runner.rollout:log_timing_summary:98 - Intermediate rollout timing summary: env_steps=880013 infer_calls=220004 feedback_calls=220003 infer_wait=20202.137s infer_obs_pack=10.076s env_step=6377.647s feedback_total=44.910s feedback_obs_pack=14.317s feedback_info_pack=0.747s effective_fps=33.04
2026-09-27 19:55:51.991 | INFO     | plugrl_env_client.runner.rollout:log_timing_summary:98 - Intermediate rollout timing summary: env_steps=880001 infer_calls=220001 feedback_calls=220000 infer_wait=20256.946s infer_obs_pack=10.072s env_step=6323.606s feedback_total=45.249s feedback_obs_pack=14.397s feedback_info_pack=0.732s effective_fps=33.04
2026-09-27 19:55:51.996 | INFO     | plugrl_env_client.runner.rollout:log_timing_summary:98 - Intermediate rollout timing summary: env_steps=880001 infer_calls=220001 feedback_calls=220000 infer_wait=20257.127s infer_obs_pack=10.109s env_step=6323.583s feedback_total=44.966s feedback_obs_pack=14.356s feedback_info_pack=0.750s effective_fps=33.04
2026-09-27 19:56:22.008 | INFO     | plugrl_env_client.runner.rollout:log_timing_summary:98 - Intermediate rollout timing summary: env_steps=882869 infer_calls=220718 feedback_calls=220717 infer_wait=20267.784s infer_obs_pack=10.103s env_step=6342.514s feedback_total=45.382s feedback_obs_pack=14.440s feedback_info_pack=0.734s effective_fps=33.11
2026-09-27 19:56:22.008 | INFO     | plugrl_env_client.runner.rollout:log_timing_summary:98 - Intermediate rollout timing summary: env_steps=882881 infer_calls=220721 feedback_calls=220720 infer_wait=20213.054s infer_obs_pack=10.106s env_step=6396.467s feedback_total=45.050s feedback_obs_pack=14.360s feedback_info_pack=0.750s effective_fps=33.11
2026-09-27 19:56:22.009 | INFO     | plugrl_env_client.runner.rollout:log_timing_summary:98 - Intermediate rollout timing summary: env_steps=882869 infer_calls=220718 feedback_calls=220717 infer_wait=20268.036s infer_obs_pack=10.139s env_step=6342.410s feedback_total=45.106s feedback_obs_pack=14.398s feedback_info_pack=0.752s effective_fps=33.11
2026-09-27 19:56:52.009 | INFO     | plugrl_env_client.runner.rollout:log_timing_summary:98 - Intermediate rollout timing summary: env_steps=885883 infer_calls=221471 feedback_calls=221470 infer_wait=20278.407s infer_obs_pack=10.171s env_step=6361.761s feedback_total=45.242s feedback_obs_pack=14.442s feedback_info_pack=0.754s effective_fps=33.18
2026-09-27 19:56:52.009 | INFO     | plugrl_env_client.runner.rollout:log_timing_summary:98 - Intermediate rollout timing summary: env_steps=885883 infer_calls=221471 feedback_calls=221470 infer_wait=20278.187s infer_obs_pack=10.134s env_step=6361.837s feedback_total=45.518s feedback_obs_pack=14.485s feedback_info_pack=0.736s effective_fps=33.18
2026-09-27 19:56:52.014 | INFO     | plugrl_env_client.runner.rollout:log_timing_summary:98 - Intermediate rollout timing summary: env_steps=885896 infer_calls=221474 feedback_calls=221474 infer_wait=20223.972s infer_obs_pack=10.137s env_step=6415.277s feedback_total=45.186s feedback_obs_pack=14.405s feedback_info_pack=0.752s effective_fps=33.19
2026-09-27 19:57:22.014 | INFO     | plugrl_env_client.runner.rollout:log_timing_summary:98 - Intermediate rollout timing summary: env_steps=889061 infer_calls=222266 feedback_calls=222265 infer_wait=20288.777s infer_obs_pack=10.204s env_step=6381.108s feedback_total=45.380s feedback_obs_pack=14.488s feedback_info_pack=0.757s effective_fps=33.27
2026-09-27 19:57:22.015 | INFO     | plugrl_env_client.runner.rollout:log_timing_summary:98 - Intermediate rollout timing summary: env_steps=889073 infer_calls=222269 feedback_calls=222268 infer_wait=20233.991s infer_obs_pack=10.170s env_step=6434.968s feedback_total=45.324s feedback_obs_pack=14.451s feedback_info_pack=0.755s effective_fps=33.27
2026-09-27 19:57:22.015 | INFO     | plugrl_env_client.runner.rollout:log_timing_summary:98 - Intermediate rollout timing summary: env_steps=889061 infer_calls=222266 feedback_calls=222265 infer_wait=20288.401s infer_obs_pack=10.166s env_step=6381.339s feedback_total=45.657s feedback_obs_pack=14.532s feedback_info_pack=0.739s effective_fps=33.27
2026-09-27 19:57:52.015 | INFO     | plugrl_env_client.runner.rollout:log_timing_summary:98 - Intermediate rollout timing summary: env_steps=892189 infer_calls=223048 feedback_calls=223047 infer_wait=20298.847s infer_obs_pack=10.237s env_step=6400.750s feedback_total=45.519s feedback_obs_pack=14.534s feedback_info_pack=0.759s effective_fps=33.35
2026-09-27 19:57:52.016 | INFO     | plugrl_env_client.runner.rollout:log_timing_summary:98 - Intermediate rollout timing summary: env_steps=892201 infer_calls=223051 feedback_calls=223050 infer_wait=20244.245s infer_obs_pack=10.202s env_step=6454.426s feedback_total=45.463s feedback_obs_pack=14.497s feedback_info_pack=0.757s effective_fps=33.35
2026-09-27 19:57:52.017 | INFO     | plugrl_env_client.runner.rollout:log_timing_summary:98 - Intermediate rollout timing summary: env_steps=892189 infer_calls=223048 feedback_calls=223047 infer_wait=20298.560s infer_obs_pack=10.199s env_step=6400.897s feedback_total=45.793s feedback_obs_pack=14.578s feedback_info_pack=0.741s effective_fps=33.35
2026-09-27 19:58:22.015 | INFO     | plugrl_env_client.runner.rollout:log_timing_summary:98 - Intermediate rollout timing summary: env_steps=895061 infer_calls=223766 feedback_calls=223765 infer_wait=20309.737s infer_obs_pack=10.267s env_step=6419.587s feedback_total=45.655s feedback_obs_pack=14.577s feedback_info_pack=0.762s effective_fps=33.42
2026-09-27 19:58:22.016 | INFO     | plugrl_env_client.runner.rollout:log_timing_summary:98 - Intermediate rollout timing summary: env_steps=895073 infer_calls=223769 feedback_calls=223768 infer_wait=20255.476s infer_obs_pack=10.232s env_step=6472.925s feedback_total=45.598s feedback_obs_pack=14.540s feedback_info_pack=0.759s effective_fps=33.42
2026-09-27 19:58:22.022 | INFO     | plugrl_env_client.runner.rollout:log_timing_summary:98 - Intermediate rollout timing summary: env_steps=895062 infer_calls=223766 feedback_calls=223765 infer_wait=20308.922s infer_obs_pack=10.229s env_step=6420.267s feedback_total=45.931s feedback_obs_pack=14.621s feedback_info_pack=0.743s effective_fps=33.42
2026-09-27 19:58:52.020 | INFO     | plugrl_env_client.runner.rollout:log_timing_summary:98 - Intermediate rollout timing summary: env_steps=897960 infer_calls=224490 feedback_calls=224490 infer_wait=20320.684s infer_obs_pack=10.298s env_step=6438.371s feedback_total=45.794s feedback_obs_pack=14.623s feedback_info_pack=0.764s effective_fps=33.49
2026-09-27 19:58:52.022 | INFO     | plugrl_env_client.runner.rollout:log_timing_summary:98 - Intermediate rollout timing summary: env_steps=897972 infer_calls=224493 feedback_calls=224493 infer_wait=20266.274s infer_obs_pack=10.262s env_step=6491.859s feedback_total=45.733s feedback_obs_pack=14.583s feedback_info_pack=0.762s effective_fps=33.49
2026-09-27 19:58:52.040 | INFO     | plugrl_env_client.runner.rollout:log_timing_summary:98 - Intermediate rollout timing summary: env_steps=897961 infer_calls=224491 feedback_calls=224490 infer_wait=20319.662s infer_obs_pack=10.260s env_step=6439.268s feedback_total=46.069s feedback_obs_pack=14.665s feedback_info_pack=0.746s effective_fps=33.49
2026-09-27 19:59:22.036 | INFO     | plugrl_env_client.runner.rollout:log_timing_summary:98 - Intermediate rollout timing summary: env_steps=900873 infer_calls=225219 feedback_calls=225218 infer_wait=20276.895s infer_obs_pack=10.293s env_step=6510.976s feedback_total=45.871s feedback_obs_pack=14.626s feedback_info_pack=0.764s effective_fps=33.56
2026-09-27 19:59:22.036 | INFO     | plugrl_env_client.runner.rollout:log_timing_summary:98 - Intermediate rollout timing summary: env_steps=900861 infer_calls=225216 feedback_calls=225215 infer_wait=20331.743s infer_obs_pack=10.329s env_step=6457.055s feedback_total=45.931s feedback_obs_pack=14.665s feedback_info_pack=0.766s effective_fps=33.56
2026-09-27 19:59:22.042 | INFO     | plugrl_env_client.runner.rollout:log_timing_summary:98 - Intermediate rollout timing summary: env_steps=900862 infer_calls=225216 feedback_calls=225215 infer_wait=20330.574s infer_obs_pack=10.290s env_step=6458.082s feedback_total=46.208s feedback_obs_pack=14.709s feedback_info_pack=0.748s effective_fps=33.56
2026-09-27 19:59:52.047 | INFO     | plugrl_env_client.runner.rollout:log_timing_summary:98 - Intermediate rollout timing summary: env_steps=903797 infer_calls=225950 feedback_calls=225949 infer_wait=20342.490s infer_obs_pack=10.360s env_step=6476.048s feedback_total=46.064s feedback_obs_pack=14.707s feedback_info_pack=0.769s effective_fps=33.63
2026-09-27 19:59:52.047 | INFO     | plugrl_env_client.runner.rollout:log_timing_summary:98 - Intermediate rollout timing summary: env_steps=903797 infer_calls=225950 feedback_calls=225949 infer_wait=20341.195s infer_obs_pack=10.321s env_step=6477.194s feedback_total=46.345s feedback_obs_pack=14.752s feedback_info_pack=0.750s effective_fps=33.63
2026-09-27 19:59:52.048 | INFO     | plugrl_env_client.runner.rollout:log_timing_summary:98 - Intermediate rollout timing summary: env_steps=903809 infer_calls=225953 feedback_calls=225952 infer_wait=20287.667s infer_obs_pack=10.324s env_step=6529.939s feedback_total=46.005s feedback_obs_pack=14.669s feedback_info_pack=0.766s effective_fps=33.63
2026-09-27 20:08:04.976 | INFO     | plugrl_env_client.runner.rollout:log_timing_summary:98 - Intermediate rollout timing summary: env_steps=906669 infer_calls=226668 feedback_calls=226667 infer_wait=20816.147s infer_obs_pack=10.390s env_step=6495.048s feedback_total=46.201s feedback_obs_pack=14.750s feedback_info_pack=0.771s effective_fps=33.13
2026-09-27 20:08:04.976 | INFO     | plugrl_env_client.runner.rollout:log_timing_summary:98 - Intermediate rollout timing summary: env_steps=906669 infer_calls=226668 feedback_calls=226667 infer_wait=20814.888s infer_obs_pack=10.351s env_step=6496.153s feedback_total=46.482s feedback_obs_pack=14.795s feedback_info_pack=0.753s effective_fps=33.13
2026-09-27 20:08:04.978 | INFO     | plugrl_env_client.runner.rollout:log_timing_summary:98 - Intermediate rollout timing summary: env_steps=906681 infer_calls=226671 feedback_calls=226670 infer_wait=20761.577s infer_obs_pack=10.353s env_step=6548.683s feedback_total=46.145s feedback_obs_pack=14.718s feedback_info_pack=0.769s effective_fps=33.13
2026-09-27 20:08:34.977 | INFO     | plugrl_env_client.runner.rollout:log_timing_summary:98 - Intermediate rollout timing summary: env_steps=909588 infer_calls=227397 feedback_calls=227397 infer_wait=20826.889s infer_obs_pack=10.422s env_step=6514.035s feedback_total=46.335s feedback_obs_pack=14.793s feedback_info_pack=0.773s effective_fps=33.20
2026-09-27 20:08:34.980 | INFO     | plugrl_env_client.runner.rollout:log_timing_summary:98 - Intermediate rollout timing summary: env_steps=909588 infer_calls=227397 feedback_calls=227397 infer_wait=20825.568s infer_obs_pack=10.382s env_step=6515.203s feedback_total=46.619s feedback_obs_pack=14.838s feedback_info_pack=0.755s effective_fps=33.20
2026-09-27 20:08:34.999 | INFO     | plugrl_env_client.runner.rollout:log_timing_summary:98 - Intermediate rollout timing summary: env_steps=909601 infer_calls=227401 feedback_calls=227400 infer_wait=20772.447s infer_obs_pack=10.383s env_step=6567.555s feedback_total=46.287s feedback_obs_pack=14.761s feedback_info_pack=0.771s effective_fps=33.20
2026-09-27 20:09:04.987 | INFO     | plugrl_env_client.runner.rollout:log_timing_summary:98 - Intermediate rollout timing summary: env_steps=912757 infer_calls=228190 feedback_calls=228189 infer_wait=20835.663s infer_obs_pack=10.414s env_step=6534.825s feedback_total=46.760s feedback_obs_pack=14.886s feedback_info_pack=0.758s effective_fps=33.28
2026-09-27 20:09:04.987 | INFO     | plugrl_env_client.runner.rollout:log_timing_summary:98 - Intermediate rollout timing summary: env_steps=912757 infer_calls=228190 feedback_calls=228189 infer_wait=20837.079s infer_obs_pack=10.455s env_step=6533.567s feedback_total=46.474s feedback_obs_pack=14.840s feedback_info_pack=0.776s effective_fps=33.28
2026-09-27 20:09:05.003 | INFO     | plugrl_env_client.runner.rollout:log_timing_summary:98 - Intermediate rollout timing summary: env_steps=912770 infer_calls=228193 feedback_calls=228192 infer_wait=20782.625s infer_obs_pack=10.416s env_step=6587.089s feedback_total=46.429s feedback_obs_pack=14.807s feedback_info_pack=0.773s effective_fps=33.28
2026-09-27 20:09:34.991 | INFO     | plugrl_env_client.runner.rollout:log_timing_summary:98 - Intermediate rollout timing summary: env_steps=915918 infer_calls=228980 feedback_calls=228979 infer_wait=20847.581s infer_obs_pack=10.488s env_step=6552.780s feedback_total=46.615s feedback_obs_pack=14.885s feedback_info_pack=0.778s effective_fps=33.36
2026-09-27 20:09:34.991 | INFO     | plugrl_env_client.runner.rollout:log_timing_summary:98 - Intermediate rollout timing summary: env_steps=915918 infer_calls=228980 feedback_calls=228979 infer_wait=20845.755s infer_obs_pack=10.447s env_step=6554.450s feedback_total=46.898s feedback_obs_pack=14.934s feedback_info_pack=0.760s effective_fps=33.36
2026-09-27 20:09:35.021 | INFO     | plugrl_env_client.runner.rollout:log_timing_summary:98 - Intermediate rollout timing summary: env_steps=915933 infer_calls=228984 feedback_calls=228983 infer_wait=20792.773s infer_obs_pack=10.448s env_step=6606.667s feedback_total=46.570s feedback_obs_pack=14.854s feedback_info_pack=0.776s effective_fps=33.36
2026-09-27 20:10:04.994 | INFO     | plugrl_env_client.runner.rollout:log_timing_summary:98 - Intermediate rollout timing summary: env_steps=919017 infer_calls=229755 feedback_calls=229754 infer_wait=20856.322s infer_obs_pack=10.479s env_step=6573.604s feedback_total=47.035s feedback_obs_pack=14.979s feedback_info_pack=0.763s effective_fps=33.43
2026-09-27 20:10:04.995 | INFO     | plugrl_env_client.runner.rollout:log_timing_summary:98 - Intermediate rollout timing summary: env_steps=919017 infer_calls=229755 feedback_calls=229754 infer_wait=20857.957s infer_obs_pack=10.519s env_step=6572.121s feedback_total=46.756s feedback_obs_pack=14.933s feedback_info_pack=0.781s effective_fps=33.43
2026-09-27 20:10:05.024 | INFO     | plugrl_env_client.runner.rollout:log_timing_summary:98 - Intermediate rollout timing summary: env_steps=919032 infer_calls=229758 feedback_calls=229758 infer_wait=20803.425s infer_obs_pack=10.482s env_step=6625.731s feedback_total=46.707s feedback_obs_pack=14.899s feedback_info_pack=0.778s effective_fps=33.44
2026-09-27 20:10:34.997 | INFO     | plugrl_env_client.runner.rollout:log_timing_summary:98 - Intermediate rollout timing summary: env_steps=921909 infer_calls=230478 feedback_calls=230477 infer_wait=20868.844s infer_obs_pack=10.551s env_step=6590.964s feedback_total=46.895s feedback_obs_pack=14.976s feedback_info_pack=0.783s effective_fps=33.50
2026-09-27 20:10:34.998 | INFO     | plugrl_env_client.runner.rollout:log_timing_summary:98 - Intermediate rollout timing summary: env_steps=921909 infer_calls=230478 feedback_calls=230477 infer_wait=20867.280s infer_obs_pack=10.509s env_step=6592.360s feedback_total=47.186s feedback_obs_pack=15.027s feedback_info_pack=0.765s effective_fps=33.50
2026-09-27 20:10:35.043 | INFO     | plugrl_env_client.runner.rollout:log_timing_summary:98 - Intermediate rollout timing summary: env_steps=921925 infer_calls=230482 feedback_calls=230481 infer_wait=20814.259s infer_obs_pack=10.513s env_step=6644.646s feedback_total=46.839s feedback_obs_pack=14.941s feedback_info_pack=0.781s effective_fps=33.50
2026-09-27 20:11:04.999 | INFO     | plugrl_env_client.runner.rollout:log_timing_summary:98 - Intermediate rollout timing summary: env_steps=924809 infer_calls=231203 feedback_calls=231202 infer_wait=20879.872s infer_obs_pack=10.583s env_step=6609.654s feedback_total=47.032s feedback_obs_pack=15.018s feedback_info_pack=0.785s effective_fps=33.57
2026-09-27 20:11:05.000 | INFO     | plugrl_env_client.runner.rollout:log_timing_summary:98 - Intermediate rollout timing summary: env_steps=924809 infer_calls=231203 feedback_calls=231202 infer_wait=20878.390s infer_obs_pack=10.540s env_step=6610.972s feedback_total=47.327s feedback_obs_pack=15.071s feedback_info_pack=0.767s effective_fps=33.57
2026-09-27 20:11:05.048 | INFO     | plugrl_env_client.runner.rollout:log_timing_summary:98 - Intermediate rollout timing summary: env_steps=924828 infer_calls=231207 feedback_calls=231207 infer_wait=20824.815s infer_obs_pack=10.543s env_step=6663.811s feedback_total=46.982s feedback_obs_pack=14.984s feedback_info_pack=0.783s effective_fps=33.57
2026-09-27 20:11:35.002 | INFO     | plugrl_env_client.runner.rollout:log_timing_summary:98 - Intermediate rollout timing summary: env_steps=927699 infer_calls=231925 feedback_calls=231924 infer_wait=20889.235s infer_obs_pack=10.571s env_step=6629.854s feedback_total=47.464s feedback_obs_pack=15.117s feedback_info_pack=0.769s effective_fps=33.64
2026-09-27 20:11:35.002 | INFO     | plugrl_env_client.runner.rollout:log_timing_summary:98 - Intermediate rollout timing summary: env_steps=927699 infer_calls=231925 feedback_calls=231924 infer_wait=20890.888s infer_obs_pack=10.614s env_step=6628.373s feedback_total=47.164s feedback_obs_pack=15.061s feedback_info_pack=0.787s effective_fps=33.64
2026-09-27 20:11:35.067 | INFO     | plugrl_env_client.runner.rollout:log_timing_summary:98 - Intermediate rollout timing summary: env_steps=927717 infer_calls=231930 feedback_calls=231929 infer_wait=20835.700s infer_obs_pack=10.577s env_step=6682.669s feedback_total=47.115s feedback_obs_pack=15.027s feedback_info_pack=0.786s effective_fps=33.64
2026-09-27 20:12:05.013 | INFO     | plugrl_env_client.runner.rollout:log_timing_summary:98 - Intermediate rollout timing summary: env_steps=930601 infer_calls=232651 feedback_calls=232650 infer_wait=20901.949s infer_obs_pack=10.645s env_step=6647.043s feedback_total=47.302s feedback_obs_pack=15.104s feedback_info_pack=0.790s effective_fps=33.71
2026-09-27 20:12:05.020 | INFO     | plugrl_env_client.runner.rollout:log_timing_summary:98 - Intermediate rollout timing summary: env_steps=930601 infer_calls=232651 feedback_calls=232650 infer_wait=20899.820s infer_obs_pack=10.601s env_step=6649.019s feedback_total=47.597s feedback_obs_pack=15.160s feedback_info_pack=0.772s effective_fps=33.71
2026-09-27 20:12:05.072 | INFO     | plugrl_env_client.runner.rollout:log_timing_summary:98 - Intermediate rollout timing summary: env_steps=930618 infer_calls=232655 feedback_calls=232654 infer_wait=20846.687s infer_obs_pack=10.607s env_step=6701.400s feedback_total=47.252s feedback_obs_pack=15.070s feedback_info_pack=0.788s effective_fps=33.71
2026-09-27 20:20:15.517 | INFO     | plugrl_env_client.runner.rollout:log_timing_summary:98 - Intermediate rollout timing summary: env_steps=933345 infer_calls=233337 feedback_calls=233336 infer_wait=21318.839s infer_obs_pack=10.636s env_step=6719.437s feedback_total=47.378s feedback_obs_pack=15.110s feedback_info_pack=0.790s effective_fps=33.22
2026-09-27 20:20:15.518 | INFO     | plugrl_env_client.runner.rollout:log_timing_summary:98 - Intermediate rollout timing summary: env_steps=933333 infer_calls=233334 feedback_calls=233333 infer_wait=21374.532s infer_obs_pack=10.675s env_step=6664.709s feedback_total=47.427s feedback_obs_pack=15.144s feedback_info_pack=0.792s effective_fps=33.22
2026-09-27 20:20:15.518 | INFO     | plugrl_env_client.runner.rollout:log_timing_summary:98 - Intermediate rollout timing summary: env_steps=933333 infer_calls=233334 feedback_calls=233333 infer_wait=21372.128s infer_obs_pack=10.630s env_step=6666.944s feedback_total=47.729s feedback_obs_pack=15.201s feedback_info_pack=0.774s effective_fps=33.22
2026-09-27 20:20:45.518 | INFO     | plugrl_env_client.runner.rollout:log_timing_summary:98 - Intermediate rollout timing summary: env_steps=936436 infer_calls=234109 feedback_calls=234109 infer_wait=21329.381s infer_obs_pack=10.668s env_step=6738.613s feedback_total=47.514s feedback_obs_pack=15.155s feedback_info_pack=0.792s effective_fps=33.29
2026-09-27 20:20:45.518 | INFO     | plugrl_env_client.runner.rollout:log_timing_summary:98 - Intermediate rollout timing summary: env_steps=936424 infer_calls=234106 feedback_calls=234106 infer_wait=21384.904s infer_obs_pack=10.707s env_step=6684.054s feedback_total=47.565s feedback_obs_pack=15.188s feedback_info_pack=0.795s effective_fps=33.29
2026-09-27 20:20:45.536 | INFO     | plugrl_env_client.runner.rollout:log_timing_summary:98 - Intermediate rollout timing summary: env_steps=936425 infer_calls=234107 feedback_calls=234106 infer_wait=21382.505s infer_obs_pack=10.662s env_step=6686.296s feedback_total=47.870s feedback_obs_pack=15.247s feedback_info_pack=0.776s effective_fps=33.29
2026-09-27 20:21:15.519 | INFO     | plugrl_env_client.runner.rollout:log_timing_summary:98 - Intermediate rollout timing summary: env_steps=939497 infer_calls=234875 feedback_calls=234874 infer_wait=21395.476s infer_obs_pack=10.739s env_step=6703.190s feedback_total=47.710s feedback_obs_pack=15.237s feedback_info_pack=0.797s effective_fps=33.37
2026-09-27 20:21:15.519 | INFO     | plugrl_env_client.runner.rollout:log_timing_summary:98 - Intermediate rollout timing summary: env_steps=939509 infer_calls=234878 feedback_calls=234877 infer_wait=21339.325s infer_obs_pack=10.701s env_step=6758.381s feedback_total=47.653s feedback_obs_pack=15.200s feedback_info_pack=0.795s effective_fps=33.37
2026-09-27 20:21:15.537 | INFO     | plugrl_env_client.runner.rollout:log_timing_summary:98 - Intermediate rollout timing summary: env_steps=939500 infer_calls=234875 feedback_calls=234875 infer_wait=21392.973s infer_obs_pack=10.693s env_step=6705.545s feedback_total=48.009s feedback_obs_pack=15.293s feedback_info_pack=0.778s effective_fps=33.37
2026-09-27 20:21:45.524 | INFO     | plugrl_env_client.runner.rollout:log_timing_summary:98 - Intermediate rollout timing summary: env_steps=942537 infer_calls=235635 feedback_calls=235634 infer_wait=21349.928s infer_obs_pack=10.733s env_step=6777.504s feedback_total=47.787s feedback_obs_pack=15.245s feedback_info_pack=0.797s effective_fps=33.44
2026-09-27 20:21:45.526 | INFO     | plugrl_env_client.runner.rollout:log_timing_summary:98 - Intermediate rollout timing summary: env_steps=942525 infer_calls=235632 feedback_calls=235631 infer_wait=21406.103s infer_obs_pack=10.770s env_step=6722.282s feedback_total=47.851s feedback_obs_pack=15.282s feedback_info_pack=0.800s effective_fps=33.44
2026-09-27 20:21:45.537 | INFO     | plugrl_env_client.runner.rollout:log_timing_summary:98 - Intermediate rollout timing summary: env_steps=942527 infer_calls=235632 feedback_calls=235631 infer_wait=21403.339s infer_obs_pack=10.726s env_step=6724.897s feedback_total=48.144s feedback_obs_pack=15.338s feedback_info_pack=0.781s effective_fps=33.44
2026-09-27 20:22:15.528 | INFO     | plugrl_env_client.runner.rollout:log_timing_summary:98 - Intermediate rollout timing summary: env_steps=945593 infer_calls=236399 feedback_calls=236398 infer_wait=21360.093s infer_obs_pack=10.765s env_step=6797.056s feedback_total=47.927s feedback_obs_pack=15.291s feedback_info_pack=0.800s effective_fps=33.51
2026-09-27 20:22:15.532 | INFO     | plugrl_env_client.runner.rollout:log_timing_summary:98 - Intermediate rollout timing summary: env_steps=945581 infer_calls=236396 feedback_calls=236395 infer_wait=21416.350s infer_obs_pack=10.803s env_step=6741.756s feedback_total=47.989s feedback_obs_pack=15.327s feedback_info_pack=0.802s effective_fps=33.51
2026-09-27 20:22:15.543 | INFO     | plugrl_env_client.runner.rollout:log_timing_summary:98 - Intermediate rollout timing summary: env_steps=945584 infer_calls=236396 feedback_calls=236396 infer_wait=21413.710s infer_obs_pack=10.757s env_step=6744.250s feedback_total=48.283s feedback_obs_pack=15.384s feedback_info_pack=0.783s effective_fps=33.51
2026-09-27 20:22:45.531 | INFO     | plugrl_env_client.runner.rollout:log_timing_summary:98 - Intermediate rollout timing summary: env_steps=948506 infer_calls=237127 feedback_calls=237126 infer_wait=21371.110s infer_obs_pack=10.795s env_step=6815.767s feedback_total=48.064s feedback_obs_pack=15.335s feedback_info_pack=0.802s effective_fps=33.58
2026-09-27 20:22:45.533 | INFO     | plugrl_env_client.runner.rollout:log_timing_summary:98 - Intermediate rollout timing summary: env_steps=948494 infer_calls=237124 feedback_calls=237123 infer_wait=21427.119s infer_obs_pack=10.834s env_step=6760.706s feedback_total=48.134s feedback_obs_pack=15.369s feedback_info_pack=0.805s effective_fps=33.58
2026-09-27 20:22:45.544 | INFO     | plugrl_env_client.runner.rollout:log_timing_summary:98 - Intermediate rollout timing summary: env_steps=948496 infer_calls=237124 feedback_calls=237124 infer_wait=21424.874s infer_obs_pack=10.788s env_step=6762.806s feedback_total=48.427s feedback_obs_pack=15.429s feedback_info_pack=0.787s effective_fps=33.58
2026-09-27 20:23:15.534 | INFO     | plugrl_env_client.runner.rollout:log_timing_summary:98 - Intermediate rollout timing summary: env_steps=951377 infer_calls=237845 feedback_calls=237844 infer_wait=21382.148s infer_obs_pack=10.826s env_step=6834.458s feedback_total=48.198s feedback_obs_pack=15.378s feedback_info_pack=0.804s effective_fps=33.65
2026-09-27 20:23:15.535 | INFO     | plugrl_env_client.runner.rollout:log_timing_summary:98 - Intermediate rollout timing summary: env_steps=951365 infer_calls=237842 feedback_calls=237841 infer_wait=21437.835s infer_obs_pack=10.866s env_step=6779.720s feedback_total=48.269s feedback_obs_pack=15.411s feedback_info_pack=0.807s effective_fps=33.64
2026-09-27 20:23:15.546 | INFO     | plugrl_env_client.runner.rollout:log_timing_summary:98 - Intermediate rollout timing summary: env_steps=951367 infer_calls=237842 feedback_calls=237841 infer_wait=21435.952s infer_obs_pack=10.818s env_step=6781.460s feedback_total=48.564s feedback_obs_pack=15.471s feedback_info_pack=0.789s effective_fps=33.64
2026-09-27 20:23:45.542 | INFO     | plugrl_env_client.runner.rollout:log_timing_summary:98 - Intermediate rollout timing summary: env_steps=954249 infer_calls=238563 feedback_calls=238562 infer_wait=21448.846s infer_obs_pack=10.897s env_step=6798.434s feedback_total=48.411s feedback_obs_pack=15.455s feedback_info_pack=0.809s effective_fps=33.71
2026-09-27 20:23:45.543 | INFO     | plugrl_env_client.runner.rollout:log_timing_summary:98 - Intermediate rollout timing summary: env_steps=954261 infer_calls=238566 feedback_calls=238565 infer_wait=21393.361s infer_obs_pack=10.856s env_step=6852.976s feedback_total=48.337s feedback_obs_pack=15.421s feedback_info_pack=0.807s effective_fps=33.71
2026-09-27 20:23:45.552 | INFO     | plugrl_env_client.runner.rollout:log_timing_summary:98 - Intermediate rollout timing summary: env_steps=954251 infer_calls=238563 feedback_calls=238562 infer_wait=21446.913s infer_obs_pack=10.850s env_step=6800.232s feedback_total=48.699s feedback_obs_pack=15.514s feedback_info_pack=0.791s effective_fps=33.71
2026-09-27 20:24:15.543 | INFO     | plugrl_env_client.runner.rollout:log_timing_summary:98 - Intermediate rollout timing summary: env_steps=957167 infer_calls=239292 feedback_calls=239291 infer_wait=21404.462s infer_obs_pack=10.887s env_step=6871.607s feedback_total=48.468s feedback_obs_pack=15.464s feedback_info_pack=0.809s effective_fps=33.78
2026-09-27 20:24:15.548 | INFO     | plugrl_env_client.runner.rollout:log_timing_summary:98 - Intermediate rollout timing summary: env_steps=957156 infer_calls=239289 feedback_calls=239289 infer_wait=21459.879s infer_obs_pack=10.927s env_step=6817.132s feedback_total=48.547s feedback_obs_pack=15.498s feedback_info_pack=0.811s effective_fps=33.78
2026-09-27 20:24:15.553 | INFO     | plugrl_env_client.runner.rollout:log_timing_summary:98 - Intermediate rollout timing summary: env_steps=957156 infer_calls=239289 feedback_calls=239289 infer_wait=21458.027s infer_obs_pack=10.880s env_step=6818.848s feedback_total=48.834s feedback_obs_pack=15.558s feedback_info_pack=0.793s effective_fps=33.78
2026-09-27 20:32:24.820 | INFO     | plugrl_env_client.runner.rollout:log_timing_summary:98 - Intermediate rollout timing summary: env_steps=960001 infer_calls=240001 feedback_calls=240000 infer_wait=21928.779s infer_obs_pack=10.910s env_step=6837.101s feedback_total=48.961s feedback_obs_pack=15.599s feedback_info_pack=0.796s effective_fps=33.30
2026-09-27 20:32:24.820 | INFO     | plugrl_env_client.runner.rollout:log_timing_summary:98 - Intermediate rollout timing summary: env_steps=960013 infer_calls=240004 feedback_calls=240003 infer_wait=21875.167s infer_obs_pack=10.921s env_step=6889.899s feedback_total=48.605s feedback_obs_pack=15.507s feedback_info_pack=0.812s effective_fps=33.31
2026-09-27 20:32:24.820 | INFO     | plugrl_env_client.runner.rollout:log_timing_summary:98 - Intermediate rollout timing summary: env_steps=960001 infer_calls=240001 feedback_calls=240000 infer_wait=21930.503s infer_obs_pack=10.958s env_step=6835.498s feedback_total=48.689s feedback_obs_pack=15.544s feedback_info_pack=0.814s effective_fps=33.30
2026-09-27 20:32:54.822 | INFO     | plugrl_env_client.runner.rollout:log_timing_summary:98 - Intermediate rollout timing summary: env_steps=963158 infer_calls=240790 feedback_calls=240789 infer_wait=21885.239s infer_obs_pack=10.957s env_step=6909.539s feedback_total=48.745s feedback_obs_pack=15.552s feedback_info_pack=0.814s effective_fps=33.38
2026-09-27 20:32:54.822 | INFO     | plugrl_env_client.runner.rollout:log_timing_summary:98 - Intermediate rollout timing summary: env_steps=963146 infer_calls=240787 feedback_calls=240786 infer_wait=21940.845s infer_obs_pack=10.992s env_step=6854.862s feedback_total=48.836s feedback_obs_pack=15.590s feedback_info_pack=0.816s effective_fps=33.38
2026-09-27 20:32:54.822 | INFO     | plugrl_env_client.runner.rollout:log_timing_summary:98 - Intermediate rollout timing summary: env_steps=963146 infer_calls=240787 feedback_calls=240786 infer_wait=21938.803s infer_obs_pack=10.942s env_step=6856.786s feedback_total=49.101s feedback_obs_pack=15.645s feedback_info_pack=0.798s effective_fps=33.38
2026-09-27 20:33:24.823 | INFO     | plugrl_env_client.runner.rollout:log_timing_summary:98 - Intermediate rollout timing summary: env_steps=966296 infer_calls=241574 feedback_calls=241574 infer_wait=21951.103s infer_obs_pack=11.025s env_step=6874.314s feedback_total=48.976s feedback_obs_pack=15.636s feedback_info_pack=0.819s effective_fps=33.45
2026-09-27 20:33:24.823 | INFO     | plugrl_env_client.runner.rollout:log_timing_summary:98 - Intermediate rollout timing summary: env_steps=966308 infer_calls=241577 feedback_calls=241577 infer_wait=21895.083s infer_obs_pack=10.990s env_step=6929.403s feedback_total=48.887s feedback_obs_pack=15.599s feedback_info_pack=0.817s effective_fps=33.45
2026-09-27 20:33:24.840 | INFO     | plugrl_env_client.runner.rollout:log_timing_summary:98 - Intermediate rollout timing summary: env_steps=966297 infer_calls=241575 feedback_calls=241574 infer_wait=21948.968s infer_obs_pack=10.974s env_step=6876.352s feedback_total=49.240s feedback_obs_pack=15.691s feedback_info_pack=0.800s effective_fps=33.45
2026-09-27 20:33:54.828 | INFO     | plugrl_env_client.runner.rollout:log_timing_summary:98 - Intermediate rollout timing summary: env_steps=969438 infer_calls=242360 feedback_calls=242359 infer_wait=21905.261s infer_obs_pack=11.022s env_step=6948.936s feedback_total=49.030s feedback_obs_pack=15.645s feedback_info_pack=0.819s effective_fps=33.53
2026-09-27 20:33:54.829 | INFO     | plugrl_env_client.runner.rollout:log_timing_summary:98 - Intermediate rollout timing summary: env_steps=969426 infer_calls=242357 feedback_calls=242356 infer_wait=21961.441s infer_obs_pack=11.057s env_step=6893.696s feedback_total=49.115s feedback_obs_pack=15.682s feedback_info_pack=0.821s effective_fps=33.53
2026-09-27 20:33:54.843 | INFO     | plugrl_env_client.runner.rollout:log_timing_summary:98 - Intermediate rollout timing summary: env_steps=969428 infer_calls=242357 feedback_calls=242357 infer_wait=21959.450s infer_obs_pack=11.007s env_step=6895.583s feedback_total=49.380s feedback_obs_pack=15.737s feedback_info_pack=0.803s effective_fps=33.53
2026-09-27 20:34:24.830 | INFO     | plugrl_env_client.runner.rollout:log_timing_summary:98 - Intermediate rollout timing summary: env_steps=972519 infer_calls=243130 feedback_calls=243129 infer_wait=21915.644s infer_obs_pack=11.054s env_step=6968.264s feedback_total=49.171s feedback_obs_pack=15.692s feedback_info_pack=0.821s effective_fps=33.60
2026-09-27 20:34:24.833 | INFO     | plugrl_env_client.runner.rollout:log_timing_summary:98 - Intermediate rollout timing summary: env_steps=972508 infer_calls=243127 feedback_calls=243127 infer_wait=21971.606s infer_obs_pack=11.089s env_step=6913.254s feedback_total=49.246s feedback_obs_pack=15.728s feedback_info_pack=0.824s effective_fps=33.60
2026-09-27 20:34:24.855 | INFO     | plugrl_env_client.runner.rollout:log_timing_summary:98 - Intermediate rollout timing summary: env_steps=972509 infer_calls=243128 feedback_calls=243127 infer_wait=21969.783s infer_obs_pack=11.039s env_step=6914.978s feedback_total=49.517s feedback_obs_pack=15.782s feedback_info_pack=0.805s effective_fps=33.60
2026-09-27 20:34:54.834 | INFO     | plugrl_env_client.runner.rollout:log_timing_summary:98 - Intermediate rollout timing summary: env_steps=975441 infer_calls=243861 feedback_calls=243860 infer_wait=21982.524s infer_obs_pack=11.120s env_step=6932.050s feedback_total=49.393s feedback_obs_pack=15.772s feedback_info_pack=0.826s effective_fps=33.66
2026-09-27 20:34:54.835 | INFO     | plugrl_env_client.runner.rollout:log_timing_summary:98 - Intermediate rollout timing summary: env_steps=975453 infer_calls=243864 feedback_calls=243863 infer_wait=21926.403s infer_obs_pack=11.084s env_step=6987.233s feedback_total=49.309s feedback_obs_pack=15.737s feedback_info_pack=0.824s effective_fps=33.67
2026-09-27 20:34:54.877 | INFO     | plugrl_env_client.runner.rollout:log_timing_summary:98 - Intermediate rollout timing summary: env_steps=975445 infer_calls=243862 feedback_calls=243861 infer_wait=21980.536s infer_obs_pack=11.069s env_step=6933.971s feedback_total=49.654s feedback_obs_pack=15.826s feedback_info_pack=0.808s effective_fps=33.66
2026-09-27 20:35:24.836 | INFO     | plugrl_env_client.runner.rollout:log_timing_summary:98 - Intermediate rollout timing summary: env_steps=978375 infer_calls=244594 feedback_calls=244593 infer_wait=21993.902s infer_obs_pack=11.153s env_step=6950.399s feedback_total=49.531s feedback_obs_pack=15.814s feedback_info_pack=0.828s effective_fps=33.73
2026-09-27 20:35:24.838 | INFO     | plugrl_env_client.runner.rollout:log_timing_summary:98 - Intermediate rollout timing summary: env_steps=978387 infer_calls=244597 feedback_calls=244596 infer_wait=21937.020s infer_obs_pack=11.115s env_step=7006.344s feedback_total=49.442s feedback_obs_pack=15.779s feedback_info_pack=0.826s effective_fps=33.73
2026-09-27 20:35:24.882 | INFO     | plugrl_env_client.runner.rollout:log_timing_summary:98 - Intermediate rollout timing summary: env_steps=978379 infer_calls=244595 feedback_calls=244594 infer_wait=21991.610s infer_obs_pack=11.099s env_step=6952.631s feedback_total=49.792s feedback_obs_pack=15.873s feedback_info_pack=0.810s effective_fps=33.73
2026-09-27 20:35:54.838 | INFO     | plugrl_env_client.runner.rollout:log_timing_summary:98 - Intermediate rollout timing summary: env_steps=981310 infer_calls=245328 feedback_calls=245327 infer_wait=22004.998s infer_obs_pack=11.184s env_step=6969.029s feedback_total=49.669s feedback_obs_pack=15.857s feedback_info_pack=0.831s effective_fps=33.80
2026-09-27 20:35:54.844 | INFO     | plugrl_env_client.runner.rollout:log_timing_summary:98 - Intermediate rollout timing summary: env_steps=981323 infer_calls=245331 feedback_calls=245330 infer_wait=21947.914s infer_obs_pack=11.146s env_step=7025.173s feedback_total=49.577s feedback_obs_pack=15.822s feedback_info_pack=0.828s effective_fps=33.80
2026-09-27 20:35:54.887 | INFO     | plugrl_env_client.runner.rollout:log_timing_summary:98 - Intermediate rollout timing summary: env_steps=981315 infer_calls=245329 feedback_calls=245328 infer_wait=22002.492s infer_obs_pack=11.130s env_step=6971.478s feedback_total=49.929s feedback_obs_pack=15.916s feedback_info_pack=0.812s effective_fps=33.80
2026-09-27 20:36:24.844 | INFO     | plugrl_env_client.runner.rollout:log_timing_summary:98 - Intermediate rollout timing summary: env_steps=984224 infer_calls=246056 feedback_calls=246056 infer_wait=21958.683s infer_obs_pack=11.177s env_step=7044.118s feedback_total=49.723s feedback_obs_pack=15.869s feedback_info_pack=0.831s effective_fps=33.86
2026-09-27 20:36:24.861 | INFO     | plugrl_env_client.runner.rollout:log_timing_summary:98 - Intermediate rollout timing summary: env_steps=984213 infer_calls=246054 feedback_calls=246053 infer_wait=22015.906s infer_obs_pack=11.215s env_step=6987.878s feedback_total=49.801s feedback_obs_pack=15.900s feedback_info_pack=0.833s effective_fps=33.86
2026-09-27 20:36:24.887 | INFO     | plugrl_env_client.runner.rollout:log_timing_summary:98 - Intermediate rollout timing summary: env_steps=984216 infer_calls=246054 feedback_calls=246054 infer_wait=22013.793s infer_obs_pack=11.161s env_step=6989.903s feedback_total=50.069s feedback_obs_pack=15.958s feedback_info_pack=0.815s effective_fps=33.86
2026-09-27 20:44:30.187 | INFO     | plugrl_env_client.runner.rollout:log_timing_summary:98 - Intermediate rollout timing summary: env_steps=986669 infer_calls=246668 feedback_calls=246667 infer_wait=22483.156s infer_obs_pack=11.187s env_step=7005.609s feedback_total=50.186s feedback_obs_pack=15.994s feedback_info_pack=0.817s effective_fps=33.39
2026-09-27 20:44:30.187 | INFO     | plugrl_env_client.runner.rollout:log_timing_summary:98 - Intermediate rollout timing summary: env_steps=986681 infer_calls=246671 feedback_calls=246670 infer_wait=22427.910s infer_obs_pack=11.203s env_step=7060.003s feedback_total=49.837s feedback_obs_pack=15.904s feedback_info_pack=0.833s effective_fps=33.39
2026-09-27 20:44:30.189 | INFO     | plugrl_env_client.runner.rollout:log_timing_summary:98 - Intermediate rollout timing summary: env_steps=986669 infer_calls=246668 feedback_calls=246667 infer_wait=22485.310s infer_obs_pack=11.241s env_step=7003.573s feedback_total=49.916s feedback_obs_pack=15.937s feedback_info_pack=0.835s effective_fps=33.39
2026-09-27 20:45:00.191 | INFO     | plugrl_env_client.runner.rollout:log_timing_summary:98 - Intermediate rollout timing summary: env_steps=989783 infer_calls=247446 feedback_calls=247445 infer_wait=22495.894s infer_obs_pack=11.273s env_step=7022.696s feedback_total=50.055s feedback_obs_pack=15.983s feedback_info_pack=0.837s effective_fps=33.46
2026-09-27 20:45:00.191 | INFO     | plugrl_env_client.runner.rollout:log_timing_summary:98 - Intermediate rollout timing summary: env_steps=989795 infer_calls=247449 feedback_calls=247448 infer_wait=22438.087s infer_obs_pack=11.235s env_step=7079.535s feedback_total=49.976s feedback_obs_pack=15.951s feedback_info_pack=0.835s effective_fps=33.46
2026-09-27 20:45:00.193 | INFO     | plugrl_env_client.runner.rollout:log_timing_summary:98 - Intermediate rollout timing summary: env_steps=989783 infer_calls=247446 feedback_calls=247445 infer_wait=22492.992s infer_obs_pack=11.219s env_step=7025.496s feedback_total=50.322s feedback_obs_pack=16.040s feedback_info_pack=0.819s effective_fps=33.46
2026-09-27 20:45:30.194 | INFO     | plugrl_env_client.runner.rollout:log_timing_summary:98 - Intermediate rollout timing summary: env_steps=992958 infer_calls=248240 feedback_calls=248239 infer_wait=22448.243s infer_obs_pack=11.267s env_step=7099.088s feedback_total=50.116s feedback_obs_pack=15.997s feedback_info_pack=0.838s effective_fps=33.54
2026-09-27 20:45:30.195 | INFO     | plugrl_env_client.runner.rollout:log_timing_summary:98 - Intermediate rollout timing summary: env_steps=992947 infer_calls=248237 feedback_calls=248236 infer_wait=22506.183s infer_obs_pack=11.307s env_step=7042.121s feedback_total=50.196s feedback_obs_pack=16.029s feedback_info_pack=0.840s effective_fps=33.53
2026-09-27 20:45:30.198 | INFO     | plugrl_env_client.runner.rollout:log_timing_summary:98 - Intermediate rollout timing summary: env_steps=992947 infer_calls=248237 feedback_calls=248236 infer_wait=22503.115s infer_obs_pack=11.251s env_step=7045.090s feedback_total=50.458s feedback_obs_pack=16.086s feedback_info_pack=0.821s effective_fps=33.53
2026-09-27 20:46:00.198 | INFO     | plugrl_env_client.runner.rollout:log_timing_summary:98 - Intermediate rollout timing summary: env_steps=996093 infer_calls=249024 feedback_calls=249023 infer_wait=22516.379s infer_obs_pack=11.340s env_step=7061.633s feedback_total=50.337s feedback_obs_pack=16.075s feedback_info_pack=0.842s effective_fps=33.61
2026-09-27 20:46:00.199 | INFO     | plugrl_env_client.runner.rollout:log_timing_summary:98 - Intermediate rollout timing summary: env_steps=996093 infer_calls=249024 feedback_calls=249023 infer_wait=22513.295s infer_obs_pack=11.284s env_step=7064.616s feedback_total=50.600s feedback_obs_pack=16.132s feedback_info_pack=0.824s effective_fps=33.61
2026-09-27 20:46:00.199 | INFO     | plugrl_env_client.runner.rollout:log_timing_summary:98 - Intermediate rollout timing summary: env_steps=996105 infer_calls=249027 feedback_calls=249026 infer_wait=22458.408s infer_obs_pack=11.300s env_step=7118.632s feedback_total=50.260s feedback_obs_pack=16.043s feedback_info_pack=0.840s effective_fps=33.61
2026-09-27 20:46:30.201 | INFO     | plugrl_env_client.runner.rollout:log_timing_summary:98 - Intermediate rollout timing summary: env_steps=999228 infer_calls=249807 feedback_calls=249807 infer_wait=22468.619s infer_obs_pack=11.332s env_step=7138.135s feedback_total=50.397s feedback_obs_pack=16.089s feedback_info_pack=0.843s effective_fps=33.68
2026-09-27 20:46:30.201 | INFO     | plugrl_env_client.runner.rollout:log_timing_summary:98 - Intermediate rollout timing summary: env_steps=999216 infer_calls=249804 feedback_calls=249804 infer_wait=22526.607s infer_obs_pack=11.374s env_step=7081.113s feedback_total=50.476s feedback_obs_pack=16.121s feedback_info_pack=0.845s effective_fps=33.68
2026-09-27 20:46:30.201 | INFO     | plugrl_env_client.runner.rollout:log_timing_summary:98 - Intermediate rollout timing summary: env_steps=999216 infer_calls=249804 feedback_calls=249804 infer_wait=22523.362s infer_obs_pack=11.315s env_step=7084.270s feedback_total=50.736s feedback_obs_pack=16.178s feedback_info_pack=0.826s effective_fps=33.68
2026-09-27 20:47:00.211 | INFO     | plugrl_env_client.runner.rollout:log_timing_summary:98 - Intermediate rollout timing summary: env_steps=1002221 infer_calls=250556 feedback_calls=250555 infer_wait=22537.267s infer_obs_pack=11.405s env_step=7100.182s feedback_total=50.615s feedback_obs_pack=16.165s feedback_info_pack=0.847s effective_fps=33.75
2026-09-27 20:47:00.211 | INFO     | plugrl_env_client.runner.rollout:log_timing_summary:98 - Intermediate rollout timing summary: env_steps=1002221 infer_calls=250556 feedback_calls=250555 infer_wait=22534.164s infer_obs_pack=11.346s env_step=7103.200s feedback_total=50.873s feedback_obs_pack=16.222s feedback_info_pack=0.829s effective_fps=33.75
2026-09-27 20:47:00.211 | INFO     | plugrl_env_client.runner.rollout:log_timing_summary:98 - Intermediate rollout timing summary: env_steps=1002233 infer_calls=250559 feedback_calls=250558 infer_wait=22478.872s infer_obs_pack=11.444s env_step=7157.536s feedback_total=50.530s feedback_obs_pack=16.132s feedback_info_pack=0.845s effective_fps=33.75
2026-09-27 20:47:30.220 | INFO     | plugrl_env_client.runner.rollout:log_timing_summary:98 - Intermediate rollout timing summary: env_steps=1005053 infer_calls=251264 feedback_calls=251263 infer_wait=22489.867s infer_obs_pack=11.474s env_step=7176.268s feedback_total=50.674s feedback_obs_pack=16.180s feedback_info_pack=0.847s effective_fps=33.81
2026-09-27 20:47:30.222 | INFO     | plugrl_env_client.runner.rollout:log_timing_summary:98 - Intermediate rollout timing summary: env_steps=1005041 infer_calls=251261 feedback_calls=251260 infer_wait=22548.521s infer_obs_pack=11.435s env_step=7118.672s feedback_total=50.750s feedback_obs_pack=16.208s feedback_info_pack=0.849s effective_fps=33.81
2026-09-27 20:47:30.225 | INFO     | plugrl_env_client.runner.rollout:log_timing_summary:98 - Intermediate rollout timing summary: env_steps=1005041 infer_calls=251261 feedback_calls=251260 infer_wait=22545.465s infer_obs_pack=11.376s env_step=7121.644s feedback_total=51.008s feedback_obs_pack=16.264s feedback_info_pack=0.831s effective_fps=33.81
2026-09-27 20:48:00.238 | INFO     | plugrl_env_client.runner.rollout:log_timing_summary:98 - Intermediate rollout timing summary: env_steps=1007917 infer_calls=251980 feedback_calls=251979 infer_wait=22559.817s infer_obs_pack=11.465s env_step=7137.118s feedback_total=50.885s feedback_obs_pack=16.253s feedback_info_pack=0.852s effective_fps=33.87
2026-09-27 20:48:00.240 | INFO     | plugrl_env_client.runner.rollout:log_timing_summary:98 - Intermediate rollout timing summary: env_steps=1007929 infer_calls=251983 feedback_calls=251982 infer_wait=22500.849s infer_obs_pack=11.504s env_step=7195.023s feedback_total=50.813s feedback_obs_pack=16.224s feedback_info_pack=0.850s effective_fps=33.87
2026-09-27 20:48:00.242 | INFO     | plugrl_env_client.runner.rollout:log_timing_summary:98 - Intermediate rollout timing summary: env_steps=1007917 infer_calls=251980 feedback_calls=251979 infer_wait=22556.605s infer_obs_pack=11.406s env_step=7140.243s feedback_total=51.149s feedback_obs_pack=16.308s feedback_info_pack=0.833s effective_fps=33.87
2026-09-27 20:48:30.241 | INFO     | plugrl_env_client.runner.rollout:log_timing_summary:98 - Intermediate rollout timing summary: env_steps=1010831 infer_calls=252708 feedback_calls=252707 infer_wait=22511.754s infer_obs_pack=11.535s env_step=7213.843s feedback_total=50.948s feedback_obs_pack=16.266s feedback_info_pack=0.852s effective_fps=33.93
2026-09-27 20:48:30.242 | INFO     | plugrl_env_client.runner.rollout:log_timing_summary:98 - Intermediate rollout timing summary: env_steps=1010819 infer_calls=252705 feedback_calls=252704 infer_wait=22570.612s infer_obs_pack=11.496s env_step=7156.050s feedback_total=51.023s feedback_obs_pack=16.295s feedback_info_pack=0.854s effective_fps=33.93
2026-09-27 20:48:30.246 | INFO     | plugrl_env_client.runner.rollout:log_timing_summary:98 - Intermediate rollout timing summary: env_steps=1010820 infer_calls=252705 feedback_calls=252705 infer_wait=22567.759s infer_obs_pack=11.436s env_step=7158.825s feedback_total=51.283s feedback_obs_pack=16.351s feedback_info_pack=0.835s effective_fps=33.93
2026-09-27 20:56:38.250 | INFO     | plugrl_env_client.runner.rollout:log_timing_summary:98 - Intermediate rollout timing summary: env_steps=1013333 infer_calls=253334 feedback_calls=253333 infer_wait=23042.471s infer_obs_pack=11.523s env_step=7171.960s feedback_total=51.146s feedback_obs_pack=16.332s feedback_info_pack=0.856s effective_fps=33.47
2026-09-27 20:56:38.255 | INFO     | plugrl_env_client.runner.rollout:log_timing_summary:98 - Intermediate rollout timing summary: env_steps=1013345 infer_calls=253337 feedback_calls=253336 infer_wait=22982.893s infer_obs_pack=11.561s env_step=7230.478s feedback_total=51.068s feedback_obs_pack=16.303s feedback_info_pack=0.854s effective_fps=33.47
2026-09-27 20:56:38.257 | INFO     | plugrl_env_client.runner.rollout:log_timing_summary:98 - Intermediate rollout timing summary: env_steps=1013333 infer_calls=253334 feedback_calls=253333 infer_wait=23039.253s infer_obs_pack=11.463s env_step=7175.108s feedback_total=51.399s feedback_obs_pack=16.389s feedback_info_pack=0.837s effective_fps=33.47
2026-09-27 20:57:08.255 | INFO     | plugrl_env_client.runner.rollout:log_timing_summary:98 - Intermediate rollout timing summary: env_steps=1016502 infer_calls=254126 feedback_calls=254125 infer_wait=22992.967s infer_obs_pack=11.595s env_step=7250.105s feedback_total=51.213s feedback_obs_pack=16.352s feedback_info_pack=0.857s effective_fps=33.54
2026-09-27 20:57:08.256 | INFO     | plugrl_env_client.runner.rollout:log_timing_summary:98 - Intermediate rollout timing summary: env_steps=1016490 infer_calls=254123 feedback_calls=254122 infer_wait=23052.688s infer_obs_pack=11.555s env_step=7191.449s feedback_total=51.290s feedback_obs_pack=16.379s feedback_info_pack=0.858s effective_fps=33.54
2026-09-27 20:57:08.261 | INFO     | plugrl_env_client.runner.rollout:log_timing_summary:98 - Intermediate rollout timing summary: env_steps=1016491 infer_calls=254123 feedback_calls=254122 infer_wait=23049.210s infer_obs_pack=11.497s env_step=7194.856s feedback_total=51.544s feedback_obs_pack=16.438s feedback_info_pack=0.839s effective_fps=33.54
2026-09-27 20:57:38.256 | INFO     | plugrl_env_client.runner.rollout:log_timing_summary:98 - Intermediate rollout timing summary: env_steps=1019605 infer_calls=254902 feedback_calls=254901 infer_wait=23003.150s infer_obs_pack=11.627s env_step=7269.623s feedback_total=51.356s feedback_obs_pack=16.399s feedback_info_pack=0.860s effective_fps=33.61
2026-09-27 20:57:38.257 | INFO     | plugrl_env_client.runner.rollout:log_timing_summary:98 - Intermediate rollout timing summary: env_steps=1019593 infer_calls=254899 feedback_calls=254898 infer_wait=23063.068s infer_obs_pack=11.588s env_step=7210.774s feedback_total=51.432s feedback_obs_pack=16.427s feedback_info_pack=0.861s effective_fps=33.61
2026-09-27 20:57:38.263 | INFO     | plugrl_env_client.runner.rollout:log_timing_summary:98 - Intermediate rollout timing summary: env_steps=1019594 infer_calls=254899 feedback_calls=254898 infer_wait=23059.467s infer_obs_pack=11.529s env_step=7214.305s feedback_total=51.690s feedback_obs_pack=16.486s feedback_info_pack=0.842s effective_fps=33.61
2026-09-27 20:58:08.262 | INFO     | plugrl_env_client.runner.rollout:log_timing_summary:98 - Intermediate rollout timing summary: env_steps=1022648 infer_calls=255662 feedback_calls=255662 infer_wait=23073.607s infer_obs_pack=11.620s env_step=7229.936s feedback_total=51.583s feedback_obs_pack=16.475s feedback_info_pack=0.864s effective_fps=33.68
2026-09-27 20:58:08.280 | INFO     | plugrl_env_client.runner.rollout:log_timing_summary:98 - Intermediate rollout timing summary: env_steps=1022649 infer_calls=255663 feedback_calls=255662 infer_wait=23069.812s infer_obs_pack=11.561s env_step=7233.671s feedback_total=51.841s feedback_obs_pack=16.533s feedback_info_pack=0.844s effective_fps=33.68
2026-09-27 20:58:08.280 | INFO     | plugrl_env_client.runner.rollout:log_timing_summary:98 - Intermediate rollout timing summary: env_steps=1022661 infer_calls=255666 feedback_calls=255665 infer_wait=23013.375s infer_obs_pack=11.660s env_step=7289.125s feedback_total=51.500s feedback_obs_pack=16.446s feedback_info_pack=0.862s effective_fps=33.68
2026-09-27 20:58:38.266 | INFO     | plugrl_env_client.runner.rollout:log_timing_summary:98 - Intermediate rollout timing summary: env_steps=1025751 infer_calls=256438 feedback_calls=256437 infer_wait=23083.936s infer_obs_pack=11.653s env_step=7249.305s feedback_total=51.732s feedback_obs_pack=16.525s feedback_info_pack=0.866s effective_fps=33.75
2026-09-27 20:58:38.294 | INFO     | plugrl_env_client.runner.rollout:log_timing_summary:98 - Intermediate rollout timing summary: env_steps=1025753 infer_calls=256439 feedback_calls=256438 infer_wait=23080.316s infer_obs_pack=11.593s env_step=7252.882s feedback_total=51.986s feedback_obs_pack=16.580s feedback_info_pack=0.847s effective_fps=33.75
2026-09-27 20:58:38.295 | INFO     | plugrl_env_client.runner.rollout:log_timing_summary:98 - Intermediate rollout timing summary: env_steps=1025765 infer_calls=256442 feedback_calls=256441 infer_wait=23023.395s infer_obs_pack=11.693s env_step=7308.813s feedback_total=51.647s feedback_obs_pack=16.493s feedback_info_pack=0.865s effective_fps=33.75
2026-09-27 20:59:08.268 | INFO     | plugrl_env_client.runner.rollout:log_timing_summary:98 - Intermediate rollout timing summary: env_steps=1028829 infer_calls=257208 feedback_calls=257207 infer_wait=23094.425s infer_obs_pack=11.685s env_step=7268.532s feedback_total=51.872s feedback_obs_pack=16.570s feedback_info_pack=0.869s effective_fps=33.81
2026-09-27 20:59:08.312 | INFO     | plugrl_env_client.runner.rollout:log_timing_summary:98 - Intermediate rollout timing summary: env_steps=1028833 infer_calls=257209 feedback_calls=257208 infer_wait=23090.696s infer_obs_pack=11.626s env_step=7272.233s feedback_total=52.124s feedback_obs_pack=16.625s feedback_info_pack=0.849s effective_fps=33.81
2026-09-27 20:59:08.318 | INFO     | plugrl_env_client.runner.rollout:log_timing_summary:98 - Intermediate rollout timing summary: env_steps=1028845 infer_calls=257212 feedback_calls=257211 infer_wait=23033.769s infer_obs_pack=11.725s env_step=7328.169s feedback_total=51.791s feedback_obs_pack=16.542s feedback_info_pack=0.867s effective_fps=33.82
2026-09-27 20:59:38.273 | INFO     | plugrl_env_client.runner.rollout:log_timing_summary:98 - Intermediate rollout timing summary: env_steps=1031721 infer_calls=257931 feedback_calls=257930 infer_wait=23105.176s infer_obs_pack=11.717s env_step=7287.507s feedback_total=52.013s feedback_obs_pack=16.615s feedback_info_pack=0.872s effective_fps=33.88
2026-09-27 20:59:38.315 | INFO     | plugrl_env_client.runner.rollout:log_timing_summary:98 - Intermediate rollout timing summary: env_steps=1031725 infer_calls=257932 feedback_calls=257931 infer_wait=23101.646s infer_obs_pack=11.656s env_step=7291.016s feedback_total=52.258s feedback_obs_pack=16.669s feedback_info_pack=0.851s effective_fps=33.88
2026-09-27 20:59:38.325 | INFO     | plugrl_env_client.runner.rollout:log_timing_summary:98 - Intermediate rollout timing summary: env_steps=1031738 infer_calls=257935 feedback_calls=257934 infer_wait=23044.601s infer_obs_pack=11.755s env_step=7347.068s feedback_total=51.930s feedback_obs_pack=16.585s feedback_info_pack=0.870s effective_fps=33.88
2026-09-27 21:00:08.275 | INFO     | plugrl_env_client.runner.rollout:log_timing_summary:98 - Intermediate rollout timing summary: env_steps=1034646 infer_calls=258662 feedback_calls=258661 infer_wait=23115.971s infer_obs_pack=11.827s env_step=7306.368s feedback_total=52.146s feedback_obs_pack=16.657s feedback_info_pack=0.874s effective_fps=33.94
2026-09-27 21:00:08.319 | INFO     | plugrl_env_client.runner.rollout:log_timing_summary:98 - Intermediate rollout timing summary: env_steps=1034651 infer_calls=258663 feedback_calls=258662 infer_wait=23112.208s infer_obs_pack=11.686s env_step=7310.178s feedback_total=52.402s feedback_obs_pack=16.712s feedback_info_pack=0.854s effective_fps=33.94
2026-09-27 21:00:08.329 | INFO     | plugrl_env_client.runner.rollout:log_timing_summary:98 - Intermediate rollout timing summary: env_steps=1034664 infer_calls=258666 feedback_calls=258666 infer_wait=23055.542s infer_obs_pack=11.786s env_step=7365.850s feedback_total=52.066s feedback_obs_pack=16.628s feedback_info_pack=0.872s effective_fps=33.94
2026-09-27 21:00:38.292 | INFO     | plugrl_env_client.runner.rollout:log_timing_summary:98 - Intermediate rollout timing summary: env_steps=1037565 infer_calls=259392 feedback_calls=259391 infer_wait=23126.833s infer_obs_pack=11.858s env_step=7325.246s feedback_total=52.287s feedback_obs_pack=16.702s feedback_info_pack=0.876s effective_fps=34.00
2026-09-27 21:00:38.332 | INFO     | plugrl_env_client.runner.rollout:log_timing_summary:98 - Intermediate rollout timing summary: env_steps=1037581 infer_calls=259396 feedback_calls=259395 infer_wait=23066.309s infer_obs_pack=11.816s env_step=7384.808s feedback_total=52.205s feedback_obs_pack=16.670s feedback_info_pack=0.874s effective_fps=34.00
2026-09-27 21:00:38.337 | INFO     | plugrl_env_client.runner.rollout:log_timing_summary:98 - Intermediate rollout timing summary: env_steps=1037569 infer_calls=259393 feedback_calls=259392 infer_wait=23123.117s infer_obs_pack=11.717s env_step=7329.016s feedback_total=52.537s feedback_obs_pack=16.756s feedback_info_pack=0.856s effective_fps=34.00
2026-09-27 21:08:45.193 | INFO     | plugrl_env_client.runner.rollout:log_timing_summary:98 - Intermediate rollout timing summary: env_steps=1040001 infer_calls=260001 feedback_calls=260000 infer_wait=23597.635s infer_obs_pack=11.883s env_step=7341.115s feedback_total=52.403s feedback_obs_pack=16.739s feedback_info_pack=0.878s effective_fps=33.55
2026-09-27 21:08:45.194 | INFO     | plugrl_env_client.runner.rollout:log_timing_summary:98 - Intermediate rollout timing summary: env_steps=1040001 infer_calls=260001 feedback_calls=260000 infer_wait=23593.818s infer_obs_pack=11.742s env_step=7344.940s feedback_total=52.652s feedback_obs_pack=16.792s feedback_info_pack=0.858s effective_fps=33.55
2026-09-27 21:08:45.194 | INFO     | plugrl_env_client.runner.rollout:log_timing_summary:98 - Intermediate rollout timing summary: env_steps=1040013 infer_calls=260004 feedback_calls=260003 infer_wait=23536.838s infer_obs_pack=11.841s env_step=7400.911s feedback_total=52.316s feedback_obs_pack=16.706s feedback_info_pack=0.876s effective_fps=33.55
2026-09-27 21:09:15.200 | INFO     | plugrl_env_client.runner.rollout:log_timing_summary:98 - Intermediate rollout timing summary: env_steps=1043137 infer_calls=260785 feedback_calls=260784 infer_wait=23608.055s infer_obs_pack=11.916s env_step=7360.414s feedback_total=52.542s feedback_obs_pack=16.785s feedback_info_pack=0.881s effective_fps=33.61
2026-09-27 21:09:15.200 | INFO     | plugrl_env_client.runner.rollout:log_timing_summary:98 - Intermediate rollout timing summary: env_steps=1043149 infer_calls=260788 feedback_calls=260787 infer_wait=23547.076s infer_obs_pack=11.874s env_step=7420.395s feedback_total=52.453s feedback_obs_pack=16.752s feedback_info_pack=0.879s effective_fps=33.62
2026-09-27 21:09:15.202 | INFO     | plugrl_env_client.runner.rollout:log_timing_summary:98 - Intermediate rollout timing summary: env_steps=1043137 infer_calls=260785 feedback_calls=260784 infer_wait=23604.060s infer_obs_pack=11.842s env_step=7364.356s feedback_total=52.790s feedback_obs_pack=16.838s feedback_info_pack=0.860s effective_fps=33.61
2026-09-27 21:09:45.203 | INFO     | plugrl_env_client.runner.rollout:log_timing_summary:98 - Intermediate rollout timing summary: env_steps=1046232 infer_calls=261558 feedback_calls=261558 infer_wait=23614.426s infer_obs_pack=11.873s env_step=7383.703s feedback_total=52.931s feedback_obs_pack=16.885s feedback_info_pack=0.863s effective_fps=33.68
2026-09-27 21:09:45.221 | INFO     | plugrl_env_client.runner.rollout:log_timing_summary:98 - Intermediate rollout timing summary: env_steps=1046245 infer_calls=261562 feedback_calls=261561 infer_wait=23557.450s infer_obs_pack=11.906s env_step=7439.751s feedback_total=52.594s feedback_obs_pack=16.799s feedback_info_pack=0.881s effective_fps=33.68
2026-09-27 21:09:45.222 | INFO     | plugrl_env_client.runner.rollout:log_timing_summary:98 - Intermediate rollout timing summary: env_steps=1046233 infer_calls=261559 feedback_calls=261558 infer_wait=23618.517s infer_obs_pack=11.949s env_step=7379.682s feedback_total=52.684s feedback_obs_pack=16.831s feedback_info_pack=0.883s effective_fps=33.68
2026-09-27 21:10:15.205 | INFO     | plugrl_env_client.runner.rollout:log_timing_summary:98 - Intermediate rollout timing summary: env_steps=1049265 infer_calls=262317 feedback_calls=262316 infer_wait=23625.016s infer_obs_pack=11.905s env_step=7402.821s feedback_total=53.072s feedback_obs_pack=16.932s feedback_info_pack=0.865s effective_fps=33.75
2026-09-27 21:10:15.223 | INFO     | plugrl_env_client.runner.rollout:log_timing_summary:98 - Intermediate rollout timing summary: env_steps=1049280 infer_calls=262320 feedback_calls=262320 infer_wait=23568.057s infer_obs_pack=11.938s env_step=7458.840s feedback_total=52.744s feedback_obs_pack=16.847s feedback_info_pack=0.884s effective_fps=33.75
2026-09-27 21:10:15.242 | INFO     | plugrl_env_client.runner.rollout:log_timing_summary:98 - Intermediate rollout timing summary: env_steps=1049269 infer_calls=262318 feedback_calls=262317 infer_wait=23628.787s infer_obs_pack=11.981s env_step=7399.139s feedback_total=52.827s feedback_obs_pack=16.878s feedback_info_pack=0.886s effective_fps=33.75
2026-09-27 21:10:45.222 | INFO     | plugrl_env_client.runner.rollout:log_timing_summary:98 - Intermediate rollout timing summary: env_steps=1052365 infer_calls=263092 feedback_calls=263091 infer_wait=23635.289s infer_obs_pack=11.937s env_step=7422.270s feedback_total=53.217s feedback_obs_pack=16.981s feedback_info_pack=0.868s effective_fps=33.81
2026-09-27 21:10:45.228 | INFO     | plugrl_env_client.runner.rollout:log_timing_summary:98 - Intermediate rollout timing summary: env_steps=1052378 infer_calls=263095 feedback_calls=263094 infer_wait=23578.409s infer_obs_pack=11.971s env_step=7478.190s feedback_total=52.891s feedback_obs_pack=16.895s feedback_info_pack=0.887s effective_fps=33.82
2026-09-27 21:10:45.259 | INFO     | plugrl_env_client.runner.rollout:log_timing_summary:98 - Intermediate rollout timing summary: env_steps=1052369 infer_calls=263093 feedback_calls=263092 infer_wait=23639.062s infer_obs_pack=12.014s env_step=7418.575s feedback_total=52.974s feedback_obs_pack=16.925s feedback_info_pack=0.889s effective_fps=33.81
2026-09-27 21:11:15.226 | INFO     | plugrl_env_client.runner.rollout:log_timing_summary:98 - Intermediate rollout timing summary: env_steps=1055291 infer_calls=263823 feedback_calls=263822 infer_wait=23646.012s infer_obs_pack=11.969s env_step=7441.266s feedback_total=53.356s feedback_obs_pack=17.027s feedback_info_pack=0.870s effective_fps=33.87
2026-09-27 21:11:15.253 | INFO     | plugrl_env_client.runner.rollout:log_timing_summary:98 - Intermediate rollout timing summary: env_steps=1055305 infer_calls=263827 feedback_calls=263826 infer_wait=23589.187s infer_obs_pack=12.001s env_step=7497.147s feedback_total=53.030s feedback_obs_pack=16.942s feedback_info_pack=0.889s effective_fps=33.88
2026-09-27 21:11:15.265 | INFO     | plugrl_env_client.runner.rollout:log_timing_summary:98 - Intermediate rollout timing summary: env_steps=1055295 infer_calls=263824 feedback_calls=263823 infer_wait=23649.897s infer_obs_pack=12.045s env_step=7437.451s feedback_total=53.118s feedback_obs_pack=16.970s feedback_info_pack=0.891s effective_fps=33.88
2026-09-27 21:11:45.228 | INFO     | plugrl_env_client.runner.rollout:log_timing_summary:98 - Intermediate rollout timing summary: env_steps=1058195 infer_calls=264549 feedback_calls=264548 infer_wait=23656.888s infer_obs_pack=11.999s env_step=7460.105s feedback_total=53.503s feedback_obs_pack=17.071s feedback_info_pack=0.873s effective_fps=33.94
2026-09-27 21:11:45.254 | INFO     | plugrl_env_client.runner.rollout:log_timing_summary:98 - Intermediate rollout timing summary: env_steps=1058209 infer_calls=264553 feedback_calls=264552 infer_wait=23600.142s infer_obs_pack=12.032s env_step=7515.910s feedback_total=53.174s feedback_obs_pack=16.985s feedback_info_pack=0.892s effective_fps=33.94
2026-09-27 21:11:45.269 | INFO     | plugrl_env_client.runner.rollout:log_timing_summary:98 - Intermediate rollout timing summary: env_steps=1058199 infer_calls=264550 feedback_calls=264549 infer_wait=23660.859s infer_obs_pack=12.076s env_step=7456.216s feedback_total=53.257s feedback_obs_pack=17.014s feedback_info_pack=0.893s effective_fps=33.94
2026-09-27 21:12:15.231 | INFO     | plugrl_env_client.runner.rollout:log_timing_summary:98 - Intermediate rollout timing summary: env_steps=1061088 infer_calls=265272 feedback_calls=265272 infer_wait=23667.930s infer_obs_pack=12.029s env_step=7478.795s feedback_total=53.639s feedback_obs_pack=17.115s feedback_info_pack=0.875s effective_fps=34.00
2026-09-27 21:12:15.258 | INFO     | plugrl_env_client.runner.rollout:log_timing_summary:98 - Intermediate rollout timing summary: env_steps=1061101 infer_calls=265276 feedback_calls=265275 infer_wait=23611.043s infer_obs_pack=12.063s env_step=7534.735s feedback_total=53.309s feedback_obs_pack=17.028s feedback_info_pack=0.894s effective_fps=34.00
2026-09-27 21:12:15.271 | INFO     | plugrl_env_client.runner.rollout:log_timing_summary:98 - Intermediate rollout timing summary: env_steps=1061091 infer_calls=265273 feedback_calls=265272 infer_wait=23671.845s infer_obs_pack=12.107s env_step=7474.955s feedback_total=53.396s feedback_obs_pack=17.056s feedback_info_pack=0.896s effective_fps=34.00
2026-09-27 21:12:45.231 | INFO     | plugrl_env_client.runner.rollout:log_timing_summary:98 - Intermediate rollout timing summary: env_steps=1063986 infer_calls=265997 feedback_calls=265996 infer_wait=23678.914s infer_obs_pack=12.062s env_step=7497.528s feedback_total=53.780s feedback_obs_pack=17.159s feedback_info_pack=0.877s effective_fps=34.06
2026-09-27 21:12:45.260 | INFO     | plugrl_env_client.runner.rollout:log_timing_summary:98 - Intermediate rollout timing summary: env_steps=1064001 infer_calls=266001 feedback_calls=266000 infer_wait=23621.696s infer_obs_pack=12.093s env_step=7553.803s feedback_total=53.448s feedback_obs_pack=17.071s feedback_info_pack=0.896s effective_fps=34.06
2026-09-27 21:12:45.272 | INFO     | plugrl_env_client.runner.rollout:log_timing_summary:98 - Intermediate rollout timing summary: env_steps=1063991 infer_calls=265998 feedback_calls=265997 infer_wait=23682.743s infer_obs_pack=12.138s env_step=7493.777s feedback_total=53.541s feedback_obs_pack=17.103s feedback_info_pack=0.899s effective_fps=34.06
2026-09-27 21:20:47.976 | INFO     | plugrl_env_client.runner.rollout:log_timing_summary:98 - Final rollout timing summary: env_steps=1066668 infer_calls=266667 feedback_calls=266667 infer_wait=23693.093s infer_obs_pack=12.169s env_step=7511.133s feedback_total=53.670s feedback_obs_pack=17.142s feedback_info_pack=0.901s effective_fps=34.11
2026-09-27 21:20:47.976 | INFO     | plugrl_env_client.runner.run:run:156 - Server signalled the end of the run; collection stopped after 2666/100000000 episodes.
Created environment with name NutAssemblySquare
Action size is 7
2026-09-27 21:20:47.976 | INFO     | plugrl_env_client.runner.rollout:log_timing_summary:98 - Final rollout timing summary: env_steps=1066680 infer_calls=266670 feedback_calls=266670 infer_wait=23631.880s infer_obs_pack=12.122s env_step=7571.336s feedback_total=53.586s feedback_obs_pack=17.113s feedback_info_pack=0.898s effective_fps=34.11
2026-09-27 21:20:47.976 | INFO     | plugrl_env_client.runner.run:run:156 - Server signalled the end of the run; collection stopped after 2666/100000000 episodes.
2026-09-27 21:20:47.976 | INFO     | plugrl_env_client.runner.rollout:log_timing_summary:98 - Final rollout timing summary: env_steps=1066668 infer_calls=266667 feedback_calls=266667 infer_wait=23689.402s infer_obs_pack=12.091s env_step=7514.784s feedback_total=53.909s feedback_obs_pack=17.199s feedback_info_pack=0.879s effective_fps=34.11
2026-09-27 21:20:47.977 | INFO     | plugrl_env_client.runner.run:run:156 - Server signalled the end of the run; collection stopped after 2666/100000000 episodes.
Created environment with name NutAssemblySquare
Action size is 7
Created environment with name NutAssemblySquare
Action size is 7
Exception ignored in: <function MjRenderContext.__del__ at 0x7b3ce2db1300>
Traceback (most recent call last):
  File "/home/guangzhao/zuogou/plugrl/plugrl-env-client/.venv-robomimic/lib/python3.11/site-packages/robosuite/utils/binding_utils.py", line 199, in __del__
    self.gl_ctx.free()
  File "/home/guangzhao/zuogou/plugrl/plugrl-env-client/.venv-robomimic/lib/python3.11/site-packages/robosuite/renderers/context/egl_context.py", line 149, in free
    EGL.eglMakeCurrent(EGL_DISPLAY, EGL.EGL_NO_SURFACE, EGL.EGL_NO_SURFACE, EGL.EGL_NO_CONTEXT)
  File "/home/guangzhao/zuogou/plugrl/plugrl-env-client/.venv-robomimic/lib/python3.11/site-packages/OpenGL/error.py", line 228, in glCheckError
    raise GLError(
Exception ignored in: <function MjRenderContext.__del__ at 0x76c1d3b91300>
Traceback (most recent call last):
  File "/home/guangzhao/zuogou/plugrl/plugrl-env-client/.venv-robomimic/lib/python3.11/site-packages/robosuite/utils/binding_utils.py", line 199, in __del__
    self.gl_ctx.free()
  File "/home/guangzhao/zuogou/plugrl/plugrl-env-client/.venv-robomimic/lib/python3.11/site-packages/robosuite/renderers/context/egl_context.py", line 149, in free
    EGL.eglMakeCurrent(EGL_DISPLAY, EGL.EGL_NO_SURFACE, EGL.EGL_NO_SURFACE, EGL.EGL_NO_CONTEXT)
  File "/home/guangzhao/zuogou/plugrl/plugrl-env-client/.venv-robomimic/lib/python3.11/site-packages/OpenGL/error.py", line 228, in glCheckError
    raise GLError(
OpenGL.error.GLError: GLError(
	err = 12289,
	baseOperation = eglMakeCurrent,
	cArguments = (
		<OpenGL._opaque.EGLDisplay_pointer object at 0x7b3cb959e4e0>,
		<OpenGL._opaque.EGLSurface_pointer object at 0x7b3ce776d6d0>,
		<OpenGL._opaque.EGLSurface_pointer object at 0x7b3ce776d6d0>,
		<OpenGL._opaque.EGLContext_pointer object at 0x7b3ce776d5b0>,
	),
	result = 0
)
Exception ignored in: <function EGLGLContext.__del__ at 0x7b3ce2db11c0>
Traceback (most recent call last):
  File "/home/guangzhao/zuogou/plugrl/plugrl-env-client/.venv-robomimic/lib/python3.11/site-packages/robosuite/renderers/context/egl_context.py", line 155, in __del__
    self.free()
  File "/home/guangzhao/zuogou/plugrl/plugrl-env-client/.venv-robomimic/lib/python3.11/site-packages/robosuite/renderers/context/egl_context.py", line 149, in free
    EGL.eglMakeCurrent(EGL_DISPLAY, EGL.EGL_NO_SURFACE, EGL.EGL_NO_SURFACE, EGL.EGL_NO_CONTEXT)
  File "/home/guangzhao/zuogou/plugrl/plugrl-env-client/.venv-robomimic/lib/python3.11/site-packages/OpenGL/error.py", line 228, in glCheckError
    raise GLError(
OpenGL.error.GLError: GLError(
	err = 12289,
	baseOperation = eglMakeCurrent,
	cArguments = (
		<OpenGL._opaque.EGLDisplay_pointer object at 0x7b3cb959e4e0>,
		<OpenGL._opaque.EGLSurface_pointer object at 0x7b3ce776d6d0>,
		<OpenGL._opaque.EGLSurface_pointer object at 0x7b3ce776d6d0>,
		<OpenGL._opaque.EGLContext_pointer object at 0x7b3ce776d5b0>,
	),
	result = 0
)
OpenGL.error.GLError: GLError(
	err = 12289,
	baseOperation = eglMakeCurrent,
	cArguments = (
		<OpenGL._opaque.EGLDisplay_pointer object at 0x76c1aa37a4e0>,
		<OpenGL._opaque.EGLSurface_pointer object at 0x76c1d85496d0>,
		<OpenGL._opaque.EGLSurface_pointer object at 0x76c1d85496d0>,
		<OpenGL._opaque.EGLContext_pointer object at 0x76c1d85495b0>,
	),
	result = 0
)
Exception ignored in: <function EGLGLContext.__del__ at 0x76c1d3b911c0>
Traceback (most recent call last):
  File "/home/guangzhao/zuogou/plugrl/plugrl-env-client/.venv-robomimic/lib/python3.11/site-packages/robosuite/renderers/context/egl_context.py", line 155, in __del__
    self.free()
  File "/home/guangzhao/zuogou/plugrl/plugrl-env-client/.venv-robomimic/lib/python3.11/site-packages/robosuite/renderers/context/egl_context.py", line 149, in free
    EGL.eglMakeCurrent(EGL_DISPLAY, EGL.EGL_NO_SURFACE, EGL.EGL_NO_SURFACE, EGL.EGL_NO_CONTEXT)
  File "/home/guangzhao/zuogou/plugrl/plugrl-env-client/.venv-robomimic/lib/python3.11/site-packages/OpenGL/error.py", line 228, in glCheckError
    raise GLError(
OpenGL.error.GLError: GLError(
	err = 12289,
	baseOperation = eglMakeCurrent,
	cArguments = (
		<OpenGL._opaque.EGLDisplay_pointer object at 0x76c1aa37a4e0>,
		<OpenGL._opaque.EGLSurface_pointer object at 0x76c1d85496d0>,
		<OpenGL._opaque.EGLSurface_pointer object at 0x76c1d85496d0>,
		<OpenGL._opaque.EGLContext_pointer object at 0x76c1d85495b0>,
	),
	result = 0
)
Exception ignored in: <function MjRenderContext.__del__ at 0x7153323ad300>
Traceback (most recent call last):
  File "/home/guangzhao/zuogou/plugrl/plugrl-env-client/.venv-robomimic/lib/python3.11/site-packages/robosuite/utils/binding_utils.py", line 199, in __del__
    self.gl_ctx.free()
  File "/home/guangzhao/zuogou/plugrl/plugrl-env-client/.venv-robomimic/lib/python3.11/site-packages/robosuite/renderers/context/egl_context.py", line 149, in free
    EGL.eglMakeCurrent(EGL_DISPLAY, EGL.EGL_NO_SURFACE, EGL.EGL_NO_SURFACE, EGL.EGL_NO_CONTEXT)
  File "/home/guangzhao/zuogou/plugrl/plugrl-env-client/.venv-robomimic/lib/python3.11/site-packages/OpenGL/error.py", line 228, in glCheckError
    raise GLError(
OpenGL.error.GLError: GLError(
	err = 12289,
	baseOperation = eglMakeCurrent,
	cArguments = (
		<OpenGL._opaque.EGLDisplay_pointer object at 0x715308b964e0>,
		<OpenGL._opaque.EGLSurface_pointer object at 0x715336d696d0>,
		<OpenGL._opaque.EGLSurface_pointer object at 0x715336d696d0>,
		<OpenGL._opaque.EGLContext_pointer object at 0x715336d695b0>,
	),
	result = 0
)
Exception ignored in: <function EGLGLContext.__del__ at 0x7153323ad1c0>
Traceback (most recent call last):
  File "/home/guangzhao/zuogou/plugrl/plugrl-env-client/.venv-robomimic/lib/python3.11/site-packages/robosuite/renderers/context/egl_context.py", line 155, in __del__
    self.free()
  File "/home/guangzhao/zuogou/plugrl/plugrl-env-client/.venv-robomimic/lib/python3.11/site-packages/robosuite/renderers/context/egl_context.py", line 149, in free
    EGL.eglMakeCurrent(EGL_DISPLAY, EGL.EGL_NO_SURFACE, EGL.EGL_NO_SURFACE, EGL.EGL_NO_CONTEXT)
  File "/home/guangzhao/zuogou/plugrl/plugrl-env-client/.venv-robomimic/lib/python3.11/site-packages/OpenGL/error.py", line 228, in glCheckError
    raise GLError(
OpenGL.error.GLError: GLError(
	err = 12289,
	baseOperation = eglMakeCurrent,
	cArguments = (
		<OpenGL._opaque.EGLDisplay_pointer object at 0x715308b964e0>,
		<OpenGL._opaque.EGLSurface_pointer object at 0x715336d696d0>,
		<OpenGL._opaque.EGLSurface_pointer object at 0x715336d696d0>,
		<OpenGL._opaque.EGLContext_pointer object at 0x715336d695b0>,
	),
	result = 0
)
